date,equity,cash,position_value,position,shares
2013-04-12,99850.0,100.14873504638672,99749.85126495361,SPY,781
2013-04-15,97538.37180328369,100.14873504638672,97438.2230682373,SPY,781
2013-04-16,98976.84495544434,100.14873504638672,98876.69622039795,SPY,781
2013-04-17,97532.1272354126,100.14873504638672,97431.97850036621,SPY,781
2013-04-18,96922.87072753906,100.14873504638672,96822.72199249268,SPY,781
2013-04-19,97764.54075622559,100.14873504638672,97664.3920211792,SPY,781
2013-04-22,98197.96620178223,100.14873504638672,98097.81746673584,SPY,781
2013-04-23,99209.2525177002,100.14873504638672,99109.10378265381,SPY,781
2013-04-24,99272.08550262451,100.14873504638672,99171.93676757812,SPY,781
2013-04-25,99674.07955932617,100.14873504638672,99573.93082427979,SPY,781
2013-04-26,99498.23657989502,100.14873504638672,99398.08784484863,SPY,781
2013-04-29,100164.06958770752,100.14873504638672,100063.92085266113,SPY,781
2013-04-30,100402.73363494873,100.14873504638672,100302.58489990234,SPY,781
2013-05-01,99523.35189819336,100.14873504638672,99423.20316314697,SPY,781
2013-05-02,100446.75545501709,100.14873504638672,100346.6067199707,SPY,781
2013-05-03,101464.34592437744,100.14873504638672,101364.19718933105,SPY,781
2013-05-06,101721.87476348877,100.14873504638672,101621.72602844238,SPY,781
2013-05-07,102236.94435882568,100.14873504638672,102136.7956237793,SPY,781
2013-05-08,102701.7594833374,100.14873504638672,102601.61074829102,SPY,781
2013-05-09,102412.86479949951,100.14873504638672,102312.71606445312,SPY,781
2013-05-10,102745.73363494873,100.14873504638672,102645.58489990234,SPY,781
2013-05-13,102827.38970184326,100.14873504638672,102727.24096679688,SPY,781
2013-05-14,103888.97815704346,100.14873504638672,103788.82942199707,SPY,781
2013-05-15,104448.00998687744,100.14873504638672,104347.86125183105,SPY,781
2013-05-16,103958.08550262451,100.14873504638672,103857.93676757812,SPY,781
2013-05-17,104963.11533355713,100.14873504638672,104862.96659851074,SPY,781
2013-05-20,104956.83501434326,100.14873504638672,104856.68627929688,SPY,781
2013-05-21,105107.59842681885,100.14873504638672,105007.44969177246,SPY,781
2013-05-22,104328.6720046997,100.14873504638672,104228.52326965332,SPY,781
2013-05-23,104027.16901397705,100.14873504638672,103927.02027893066,SPY,781
2013-05-24,103939.23262786865,100.14873504638672,103839.08389282227,SPY,781
2013-05-28,104561.10340118408,100.14873504638672,104460.9546661377,SPY,781
2013-05-29,103882.67400360107,100.14873504638672,103782.52526855469,SPY,781
2013-05-30,104265.80922698975,100.14873504638672,104165.66049194336,SPY,781
2013-05-31,102770.8549118042,100.14873504638672,102670.70617675781,SPY,781
2013-06-03,103336.21472930908,100.14873504638672,103236.0659942627,SPY,781
2013-06-04,102839.98609161377,100.14873504638672,102739.83735656738,SPY,781
2013-06-05,101401.53081512451,100.14873504638672,101301.38208007812,SPY,781
2013-06-06,102318.58850860596,100.14873504638672,102218.43977355957,SPY,781
2013-06-07,103618.84101104736,100.14873504638672,103518.69227600098,SPY,781
2013-06-10,103618.84101104736,100.14873504638672,103518.69227600098,SPY,781
2013-06-11,102551.00798797607,100.14873504638672,102450.85925292969,SPY,781
2013-06-12,101702.9980545044,100.14873504638672,101602.84931945801,SPY,781
2013-06-13,103248.26642608643,100.14873504638672,103148.11769104004,SPY,781
2013-06-14,102601.25054168701,100.14873504638672,102501.10180664062,SPY,781
2013-06-17,103392.77335357666,100.14873504638672,103292.62461853027,SPY,781
2013-06-18,104209.35785675049,100.14873504638672,104109.2091217041,SPY,781
2013-06-19,102770.8549118042,100.14873504638672,102670.70617675781,SPY,781
2013-06-20,100226.8966140747,100.14873504638672,100126.74787902832,SPY,781
2013-06-21,100548.30118560791,100.14873504638672,100448.15245056152,SPY,781
2013-06-24,99279.0510559082,100.14873504638672,99178.90232086182,SPY,781
2013-06-25,100232.54532623291,100.14873504638672,100132.39659118652,SPY,781
2013-06-26,101223.97772979736,100.14873504638672,101123.82899475098,SPY,781
2013-06-27,101817.49768829346,100.14873504638672,101717.34895324707,SPY,781
2013-06-28,101400.80387115479,100.14873504638672,101300.6551361084,SPY,781
2013-07-01,101994.32382965088,100.14873504638672,101894.17509460449,SPY,781
2013-07-02,101899.65427398682,100.14873504638672,101799.50553894043,SPY,781
2013-07-03,101943.85485076904,100.14873504638672,101843.70611572266,SPY,781
2013-07-05,103042.63661956787,100.14873504638672,102942.48788452148,SPY,781
2013-07-08,103629.85242462158,100.14873504638672,103529.7036895752,SPY,781
2013-07-09,104375.00574493408,100.14873504638672,104274.8570098877,SPY,781
2013-07-10,104412.86641693115,100.14873504638672,104312.71768188477,SPY,781
2013-07-11,105833.68436431885,100.14873504638672,105733.53562927246,SPY,781
2013-07-12,105877.90877532959,100.14873504638672,105777.7600402832,SPY,781
2013-07-15,106282.03003692627,100.14873504638672,106181.88130187988,SPY,781
2013-07-16,105884.24868011475,100.14873504638672,105784.09994506836,SPY,781
2013-07-17,106155.74437713623,100.14873504638672,106055.59564208984,SPY,781
2013-07-18,106736.7275314331,100.14873504638672,106636.57879638672,SPY,781
2013-07-19,106926.1619796753,100.14873504638672,106826.0132446289,SPY,781
2013-07-22,107134.58039093018,100.14873504638672,107034.43165588379,SPY,781
2013-07-23,106907.21376800537,100.14873504638672,106807.06503295898,SPY,781
2013-07-24,106515.6888961792,100.14873504638672,106415.54016113281,SPY,781
2013-07-25,106774.54053497314,100.14873504638672,106674.39179992676,SPY,781
2013-07-26,106888.26555633545,100.14873504638672,106788.11682128906,SPY,781
2013-07-29,106559.91330718994,100.14873504638672,106459.76457214355,SPY,781
2013-07-30,106559.91330718994,100.14873504638672,106459.76457214355,SPY,781
2013-07-31,106635.69423675537,100.14873504638672,106535.54550170898,SPY,781
2013-08-01,107867.01815032959,100.14873504638672,107766.8694152832,SPY,781
2013-08-02,108050.12461090088,100.14873504638672,107949.97587585449,SPY,781
2013-08-05,107892.28243255615,100.14873504638672,107792.13369750977,SPY,781
2013-08-06,107279.80234527588,100.14873504638672,107179.65361022949,SPY,781
2013-08-07,106932.46613311768,100.14873504638672,106832.31739807129,SPY,781
2013-08-08,107323.95525360107,100.14873504638672,107223.80651855469,SPY,781
2013-08-09,107014.55121612549,100.14873504638672,106914.4024810791,SPY,781
2013-08-12,106888.26555633545,100.14873504638672,106788.11682128906,SPY,781
2013-08-13,107203.98566436768,100.14873504638672,107103.83692932129,SPY,781
2013-08-14,106654.65436553955,100.14873504638672,106554.50563049316,SPY,781
2013-08-15,105164.35964202881,100.14873504638672,105064.21090698242,SPY,781
2013-08-16,104817.03534698486,100.14873504638672,104716.88661193848,SPY,781
2013-08-19,104147.68679046631,100.14873504638672,104047.53805541992,SPY,781
2013-08-20,104659.1455001831,100.14873504638672,104558.99676513672,SPY,781
2013-08-21,104015.07314300537,100.14873504638672,103914.92440795898,SPY,781
2013-08-22,104962.29305267334,100.14873504638672,104862.14431762695,SPY,781
2013-08-23,105315.89766693115,100.14873504638672,105215.74893188477,SPY,781
2013-08-26,104924.37279510498,100.14873504638672,104824.2240600586,SPY,781
2013-08-27,103238.36330413818,100.14873504638672,103138.2145690918,SPY,781
2013-08-28,103604.65964508057,100.14873504638672,103504.51091003418,SPY,781
2013-08-29,103768.79405975342,100.14873504638672,103668.64532470703,SPY,781
2013-08-30,103440.40605926514,100.14873504638672,103340.25732421875,SPY,781
2013-09-03,103907.73569488525,100.14873504638672,103807.58695983887,SPY,781
2013-09-04,104766.54253387451,100.14873504638672,104666.39379882812,SPY,781
2013-09-05,104899.14426422119,100.14873504638672,104798.9955291748,SPY,781
2013-09-06,104949.67282867432,100.14873504638672,104849.52409362793,SPY,781
2013-09-09,105953.74929046631,100.14873504638672,105853.60055541992,SPY,781
2013-09-10,106736.7275314331,100.14873504638672,106636.57879638672,SPY,781
2013-09-11,107071.37201690674,100.14873504638672,106971.22328186035,SPY,781
2013-09-12,106787.23226165771,100.14873504638672,106687.08352661133,SPY,781
2013-09-13,107027.19527435303,100.14873504638672,106927.04653930664,SPY,781
2013-09-16,107646.01526641846,100.14873504638672,107545.86653137207,SPY,781
2013-09-17,108125.97704315186,100.14873504638672,108025.82830810547,SPY,781
2013-09-18,109376.27300262451,100.14873504638672,109276.12426757812,SPY,781
2013-09-19,109193.10695648193,100.14873504638672,109092.95822143555,SPY,781
2013-09-20,108430.39972686768,100.14873504638672,108330.25099182129,SPY,781
2013-09-23,107929.14206695557,100.14873504638672,107828.99333190918,SPY,781
2013-09-24,107675.28369903564,100.14873504638672,107575.13496398926,SPY,781
2013-09-25,107364.40193939209,100.14873504638672,107264.2532043457,SPY,781
2013-09-26,107776.80559539795,100.14873504638672,107676.65686035156,SPY,781
2013-09-27,107281.84017181396,100.14873504638672,107181.69143676758,SPY,781
2013-09-30,106710.76013946533,100.14873504638672,106610.61140441895,SPY,781
2013-10-01,107554.75400543213,100.14873504638672,107454.60527038574,SPY,781
2013-10-02,107453.19635772705,100.14873504638672,107353.04762268066,SPY,781
2013-10-03,106463.30126190186,100.14873504638672,106363.15252685547,SPY,781
2013-10-04,107269.21994781494,100.14873504638672,107169.07121276855,SPY,781
2013-10-07,106342.73581695557,100.14873504638672,106242.58708190918,SPY,781
2013-10-08,105105.39376068115,100.14873504638672,105005.24502563477,SPY,781
2013-10-09,105181.52028656006,100.14873504638672,105081.37155151367,SPY,781
2013-10-10,107446.84453582764,100.14873504638672,107346.69580078125,SPY,781
2013-10-11,108138.53768157959,100.14873504638672,108038.3889465332,SPY,781
2013-10-14,108570.00872039795,100.14873504638672,108469.85998535156,SPY,781
2013-10-15,107783.16933441162,100.14873504638672,107683.02059936523,SPY,781
2013-10-16,109287.06148529053,100.14873504638672,109186.91275024414,SPY,781
2013-10-17,110016.79405975342,100.14873504638672,109916.64532470703,SPY,781
2013-10-18,110759.19452667236,100.14873504638672,110659.04579162598,SPY,781
2013-10-21,110765.55826568604,100.14873504638672,110665.40953063965,SPY,781
2013-10-22,111406.49642181396,100.14873504638672,111306.34768676758,SPY,781
2013-10-23,110873.40814971924,100.14873504638672,110773.25941467285,SPY,781
2013-10-24,111241.45630645752,100.14873504638672,111141.30757141113,SPY,781
2013-10-25,111749.08962249756,100.14873504638672,111648.94088745117,SPY,781
2013-10-28,111926.74996185303,100.14873504638672,111826.60122680664,SPY,781
2013-10-29,112523.26111602783,100.14873504638672,112423.11238098145,SPY,781
2013-10-30,111964.84897613525,100.14873504638672,111864.70024108887,SPY,781
2013-10-31,111647.56772613525,100.14873504638672,111547.41899108887,SPY,781
2013-11-01,111914.0463180542,100.14873504638672,111813.89758300781,SPY,781
2013-11-04,112307.46601104736,100.14873504638672,112207.31727600098,SPY,781
2013-11-05,111952.1810836792,100.14873504638672,111852.03234863281,SPY,781
2013-11-06,112523.26111602783,100.14873504638672,112423.11238098145,SPY,781
2013-11-07,111101.83539581299,100.14873504638672,111001.6866607666,SPY,781
2013-11-08,112599.399559021,100.14873504638672,112499.25082397461,SPY,781
2013-11-11,112618.43119049072,100.14873504638672,112518.28245544434,SPY,781
2013-11-12,112390.02777862549,100.14873504638672,112289.8790435791,SPY,781
2013-11-13,113291.05695343018,100.14873504638672,113190.90821838379,SPY,781
2013-11-14,113855.77324676514,100.14873504638672,113755.62451171875,SPY,781
2013-11-15,114350.72675323486,100.14873504638672,114250.57801818848,SPY,781
2013-11-18,113951.01482391357,100.14873504638672,113850.86608886719,SPY,781
2013-11-19,113703.53211212158,100.14873504638672,113603.3833770752,SPY,781
2013-11-20,113348.12801361084,100.14873504638672,113247.97927856445,SPY,781
2013-11-21,114261.92041778564,100.14873504638672,114161.77168273926,SPY,781
2013-11-22,114832.98853302002,100.14873504638672,114732.83979797363,SPY,781
2013-11-25,114718.7868270874,100.14873504638672,114618.63809204102,SPY,781
2013-11-26,114750.5101852417,100.14873504638672,114650.36145019531,SPY,781
2013-11-27,115029.71625518799,100.14873504638672,114929.5675201416,SPY,781
2013-11-29,114953.56589508057,100.14873504638672,114853.41716003418,SPY,781
2013-12-02,114655.32819366455,100.14873504638672,114555.17945861816,SPY,781
2013-12-03,114160.36277008057,100.14873504638672,114060.21403503418,SPY,781
2013-12-04,114147.7544631958,100.14873504638672,114047.60572814941,SPY,781
2013-12-05,113646.38954925537,100.14873504638672,113546.24081420898,SPY,781
2013-12-06,114915.51454925537,100.14873504638672,114815.36581420898,SPY,781
2013-12-09,115207.3646774292,100.14873504638672,115107.21594238281,SPY,781
2013-12-10,114794.91335296631,100.14873504638672,114694.76461791992,SPY,781
2013-12-11,113506.82822418213,100.14873504638672,113406.67948913574,SPY,781
2013-12-12,113132.42824554443,100.14873504638672,113032.27951049805,SPY,781
2013-12-13,113119.71268463135,100.14873504638672,113019.56394958496,SPY,781
2013-12-16,113824.10947418213,100.14873504638672,113723.96073913574,SPY,781
2013-12-17,113462.37738800049,100.14873504638672,113362.2286529541,SPY,781
2013-12-18,115397.74057769775,100.14873504638672,115297.59184265137,SPY,781
2013-12-19,115264.51915740967,100.14873504638672,115164.37042236328,SPY,781
2013-12-20,115934.39206695557,100.14873504638672,115834.24333190918,SPY,781
2013-12-23,116553.27164459229,100.14873504638672,116453.1229095459,SPY,781
2013-12-24,116808.45281219482,100.14873504638672,116708.30407714844,SPY,781
2013-12-26,117401.81784820557,100.14873504638672,117301.66911315918,SPY,781
2013-12-27,117395.38260650635,100.14873504638672,117295.23387145996,SPY,781
2013-12-30,117376.29138946533,100.14873504638672,117276.14265441895,SPY,781
2013-12-31,117931.33098602295,100.14873504638672,117831.18225097656,SPY,781
2014-01-02,116802.06523895264,100.14873504638672,116701.91650390625,SPY,781
2014-01-03,116782.97402191162,100.14873504638672,116682.82528686523,SPY,781
2014-01-06,116444.7663192749,100.14873504638672,116344.61758422852,SPY,781
2014-01-07,117159.3284072876,100.14873504638672,117059.17967224121,SPY,781
2014-01-08,117184.90253448486,100.14873504638672,117084.75379943848,SPY,781
2014-01-09,117261.46999359131,100.14873504638672,117161.32125854492,SPY,781
2014-01-10,117580.4196395874,100.14873504638672,117480.27090454102,SPY,781
2014-01-13,116017.37093353271,100.14873504638672,115917.22219848633,SPY,781
2014-01-14,117280.62079620361,100.14873504638672,117180.47206115723,SPY,781
2014-01-15,117912.1921005249,100.14873504638672,117812.04336547852,SPY,781
2014-01-16,117759.06909942627,100.14873504638672,117658.92036437988,SPY,781
2014-01-17,117261.46999359131,100.14873504638672,117161.32125854492,SPY,781
2014-01-21,117605.9580154419,100.14873504638672,117505.80928039551,SPY,781
2014-01-22,117682.51355743408,100.14873504638672,117582.3648223877,SPY,781
2014-01-23,116719.09828948975,100.14873504638672,116618.94955444336,SPY,781
2014-01-24,114230.95975494385,100.14873504638672,114130.81101989746,SPY,781
2014-01-27,113669.49683380127,100.14873504638672,113569.34809875488,SPY,781
2014-01-28,114345.78115081787,100.14873504638672,114245.63241577148,SPY,781
2014-01-29,113248.47710418701,100.14873504638672,113148.32836914062,SPY,781
2014-01-30,114447.89890289307,100.14873504638672,114347.75016784668,SPY,781
2014-01-31,113778.00215911865,100.14873504638672,113677.85342407227,SPY,781
2014-02-03,111219.63607025146,100.14873504638672,111119.48733520508,SPY,781
2014-02-04,111998.00238800049,100.14873504638672,111897.8536529541,SPY,781
2014-02-05,111857.59494781494,100.14873504638672,111757.44621276855,SPY,781
2014-02-06,113331.37255096436,100.14873504638672,113231.22381591797,SPY,781
2014-02-07,114734.97026824951,100.14873504638672,114634.82153320312,SPY,781
2014-02-10,114945.50992584229,100.14873504638672,114845.3611907959,SPY,781
2014-02-11,116202.38413238525,100.14873504638672,116102.23539733887,SPY,781
2014-02-12,116259.77695465088,100.14873504638672,116159.62821960449,SPY,781
2014-02-13,116859.45806121826,100.14873504638672,116759.30932617188,SPY,781
2014-02-14,117503.81642913818,100.14873504638672,117403.6676940918,SPY,781
2014-02-18,117644.21195220947,100.14873504638672,117544.06321716309,SPY,781
2014-02-19,116865.88138580322,100.14873504638672,116765.73265075684,SPY,781
2014-02-20,117554.91701507568,100.14873504638672,117454.7682800293,SPY,781
2014-02-21,117420.9328994751,100.14873504638672,117320.78416442871,SPY,781
2014-02-24,118071.71459197998,100.14873504638672,117971.5658569336,SPY,781
2014-02-25,118026.98966217041,100.14873504638672,117926.84092712402,SPY,781
2014-02-26,118033.43682098389,100.14873504638672,117933.2880859375,SPY,781
2014-02-27,118652.25681304932,100.14873504638672,118552.10807800293,SPY,781
2014-02-28,118952.07949066162,100.14873504638672,118851.93075561523,SPY,781
2014-03-03,118116.368019104,100.14873504638672,118016.21928405762,SPY,781
2014-03-04,119775.12306976318,100.14873504638672,119674.9743347168,SPY,781
2014-03-05,119883.5926437378,100.14873504638672,119783.4439086914,SPY,781
2014-03-06,120157.91269683838,100.14873504638672,120057.76396179199,SPY,781
2014-03-07,120208.95369720459,100.14873504638672,120108.8049621582,SPY,781
2014-03-10,120145.1971359253,100.14873504638672,120045.0484008789,SPY,781
2014-03-11,119551.8201828003,100.14873504638672,119451.6714477539,SPY,781
2014-03-12,119583.72229766846,100.14873504638672,119483.57356262207,SPY,781
2014-03-13,118243.91689300537,100.14873504638672,118143.76815795898,SPY,781
2014-03-14,117912.1921005249,100.14873504638672,117812.04336547852,SPY,781
2014-03-17,118977.62978363037,100.14873504638672,118877.48104858398,SPY,781
2014-03-18,119826.17598724365,100.14873504638672,119726.02725219727,SPY,781
2014-03-19,119188.1813583374,100.14873504638672,119088.03262329102,SPY,781
2014-03-20,119883.5926437378,100.14873504638672,119783.4439086914,SPY,781
2014-03-21,119419.00394439697,100.14873504638672,119318.85520935059,SPY,781
2014-03-24,118925.56391143799,100.14873504638672,118825.4151763916,SPY,781
2014-03-25,119489.50559234619,100.14873504638672,119389.3568572998,SPY,781
2014-03-26,118630.78217315674,100.14873504638672,118530.63343811035,SPY,781
2014-03-27,118380.91603851318,100.14873504638672,118280.7673034668,SPY,781
2014-03-28,118964.04427337646,100.14873504638672,118863.89553833008,SPY,781
2014-03-31,119938.053855896,100.14873504638672,119837.90512084961,SPY,781
2014-04-01,120732.69895172119,100.14873504638672,120632.5502166748,SPY,781
2014-04-02,121136.34352874756,100.14873504638672,121036.19479370117,SPY,781
2014-04-03,120976.17751312256,100.14873504638672,120876.02877807617,SPY,781
2014-04-04,119547.14867401123,100.14873504638672,119446.99993896484,SPY,781
2014-04-07,118227.12567901611,100.14873504638672,118126.97694396973,SPY,781
2014-04-08,118714.14238739014,100.14873504638672,118613.99365234375,SPY,781
2014-04-09,119989.28553009033,100.14873504638672,119889.13679504395,SPY,781
2014-04-10,117470.91327667236,100.14873504638672,117370.76454162598,SPY,781
2014-04-11,116413.5792312622,100.14873504638672,116313.43049621582,SPY,781
2014-04-14,117329.95764923096,100.14873504638672,117229.80891418457,SPY,781
2014-04-15,118137.38980865479,100.14873504638672,118037.2410736084,SPY,781
2014-04-16,119374.1121749878,100.14873504638672,119273.9634399414,SPY,781
2014-04-17,119540.72534942627,100.14873504638672,119440.57661437988,SPY,781
2014-04-21,119957.2880783081,100.14873504638672,119857.13934326172,SPY,781
2014-04-22,120501.95978546143,100.14873504638672,120401.81105041504,SPY,781
2014-04-23,120219.98894500732,100.14873504638672,120119.84020996094,SPY,781
2014-04-24,120463.52709197998,100.14873504638672,120363.3783569336,SPY,781
2014-04-25,119476.63510894775,100.14873504638672,119376.48637390137,SPY,781
2014-04-28,119854.74131011963,100.14873504638672,119754.59257507324,SPY,781
2014-04-29,120412.25966644287,100.14873504638672,120312.11093139648,SPY,781
2014-04-30,120771.15547943115,100.14873504638672,120671.00674438477,SPY,781
2014-05-01,120783.90679168701,100.14873504638672,120683.75805664062,SPY,781
2014-05-02,120610.89412689209,100.14873504638672,120510.7453918457,SPY,781
2014-05-05,120841.57370758057,100.14873504638672,120741.42497253418,SPY,781
2014-05-06,119790.66298675537,100.14873504638672,119690.51425170898,SPY,781
2014-05-07,120495.57221221924,100.14873504638672,120395.42347717285,SPY,781
2014-05-08,120367.34406280518,100.14873504638672,120267.19532775879,SPY,781
2014-05-09,120546.86347198486,100.14873504638672,120446.71473693848,SPY,781
2014-05-12,121719.50751495361,100.14873504638672,121619.35877990723,SPY,781
2014-05-13,121828.47760772705,100.14873504638672,121728.32887268066,SPY,781
2014-05-14,121251.71311187744,100.14873504638672,121151.56437683105,SPY,781
2014-05-15,120188.00341033936,100.14873504638672,120087.85467529297,SPY,781
2014-05-16,120604.48271942139,100.14873504638672,120504.333984375,SPY,781
2014-05-19,121046.65532684326,100.14873504638672,120946.50659179688,SPY,781
2014-05-20,120284.12685394287,100.14873504638672,120183.97811889648,SPY,781
2014-05-21,121296.55721282959,100.14873504638672,121196.4084777832,SPY,781
2014-05-22,121591.36278533936,100.14873504638672,121491.21405029297,SPY,781
2014-05-23,122078.36757659912,100.14873504638672,121978.21884155273,SPY,781
2014-05-27,122828.1328201294,100.14873504638672,122727.98408508301,SPY,781
2014-05-28,122738.39694976807,100.14873504638672,122638.24821472168,SPY,781
2014-05-29,123372.82836151123,100.14873504638672,123272.67962646484,SPY,781
2014-05-30,123571.43898773193,100.14873504638672,123471.29025268555,SPY,781
2014-06-02,123712.44228363037,100.14873504638672,123612.29354858398,SPY,781
2014-06-03,123648.35204315186,100.14873504638672,123548.20330810547,SPY,781
2014-06-04,123898.23009490967,100.14873504638672,123798.08135986328,SPY,781
2014-06-05,124705.70992279053,100.14873504638672,124605.56118774414,SPY,781
2014-06-06,125301.69672393799,100.14873504638672,125201.5479888916,SPY,781
2014-06-09,125429.80570220947,100.14873504638672,125329.65696716309,SPY,781
2014-06-10,125442.64043426514,100.14873504638672,125342.49169921875,SPY,781
2014-06-11,125006.85540008545,100.14873504638672,124906.70666503906,SPY,781
2014-06-12,124122.53401947021,100.14873504638672,124022.38528442383,SPY,781
2014-06-13,124500.62830352783,100.14873504638672,124400.47956848145,SPY,781
2014-06-16,124603.1512374878,100.14873504638672,124503.0025024414,SPY,781
2014-06-17,124949.20040130615,100.14873504638672,124849.05166625977,SPY,781
2014-06-18,125865.50731658936,100.14873504638672,125765.35858154297,SPY,781
2014-06-19,126006.52252960205,100.14873504638672,125906.37379455566,SPY,781
2014-06-20,126262.14463043213,100.14873504638672,126161.99589538574,SPY,781
2014-06-23,126223.54509735107,100.14873504638672,126123.39636230469,SPY,781
2014-06-24,125463.7218093872,100.14873504638672,125363.57307434082,SPY,781
2014-06-25,126030.36867523193,100.14873504638672,125930.21994018555,SPY,781
2014-06-26,125940.20378875732,100.14873504638672,125840.05505371094,SPY,781
2014-06-27,126184.88597869873,100.14873504638672,126084.73724365234,SPY,781
2014-06-30,126120.49781036377,100.14873504638672,126020.34907531738,SPY,781
2014-07-01,126963.95540618896,100.14873504638672,126863.80667114258,SPY,781
2014-07-02,127092.7555770874,100.14873504638672,126992.60684204102,SPY,781
2014-07-03,127717.3196182251,100.14873504638672,127617.17088317871,SPY,781
2014-07-07,127273.04959869385,100.14873504638672,127172.90086364746,SPY,781
2014-07-08,126455.2853012085,100.14873504638672,126355.13656616211,SPY,781
2014-07-09,127021.92024993896,100.14873504638672,126921.77151489258,SPY,781
2014-07-10,126519.73305511475,100.14873504638672,126419.58432006836,SPY,781
2014-07-11,126693.53224945068,100.14873504638672,126593.3835144043,SPY,781
2014-07-14,127330.96677398682,100.14873504638672,127230.81803894043,SPY,781
2014-07-15,127092.7555770874,100.14873504638672,126992.60684204102,SPY,781
2014-07-16,127562.81423187256,100.14873504638672,127462.66549682617,SPY,781
2014-07-17,126114.09832000732,100.14873504638672,126013.94958496094,SPY,781
2014-07-18,127401.790184021,100.14873504638672,127301.64144897461,SPY,781
2014-07-21,127163.56707000732,100.14873504638672,127063.41833496094,SPY,781
2014-07-22,127717.3196182251,100.14873504638672,127617.17088317871,SPY,781
2014-07-23,128000.57750701904,100.14873504638672,127900.42877197266,SPY,781
2014-07-24,128007.04850006104,100.14873504638672,127906.89976501465,SPY,781
2014-07-25,127408.24925994873,100.14873504638672,127308.10052490234,SPY,781
2014-07-28,127459.80269622803,100.14873504638672,127359.65396118164,SPY,781
2014-07-29,126912.46155548096,100.14873504638672,126812.31282043457,SPY,781
2014-07-30,126931.75536346436,100.14873504638672,126831.60662841797,SPY,781
2014-07-31,124427.09970855713,100.14873504638672,124326.95097351074,SPY,781
2014-08-01,124047.15827178955,100.14873504638672,123947.00953674316,SPY,781
2014-08-04,124942.20505523682,100.14873504638672,124842.05632019043,SPY,781
2014-08-05,123731.700340271,100.14873504638672,123631.55160522461,SPY,781
2014-08-06,123770.32370758057,100.14873504638672,123670.17497253418,SPY,781
2014-08-07,123100.71297454834,100.14873504638672,123000.56423950195,SPY,781
2014-08-08,124523.65216827393,100.14873504638672,124423.50343322754,SPY,781
2014-08-11,124884.22829437256,100.14873504638672,124784.07955932617,SPY,781
2014-08-12,124710.38143157959,100.14873504638672,124610.2326965332,SPY,781
2014-08-13,125553.88669586182,100.14873504638672,125453.73796081543,SPY,781
2014-08-14,126146.2506942749,100.14873504638672,126046.10195922852,SPY,781
2014-08-15,126120.49781036377,100.14873504638672,126020.34907531738,SPY,781
2014-08-18,127176.44947052002,100.14873504638672,127076.30073547363,SPY,781
2014-08-19,127839.6607131958,100.14873504638672,127739.51197814941,SPY,781
2014-08-20,128180.90727996826,100.14873504638672,128080.75854492188,SPY,781
2014-08-21,128554.37772369385,100.14873504638672,128454.22898864746,SPY,781
2014-08-22,128354.77797698975,100.14873504638672,128254.62924194336,SPY,781
2014-08-25,129005.03531646729,100.14873504638672,128904.8865814209,SPY,781
2014-08-26,129088.77687835693,100.14873504638672,128988.62814331055,SPY,781
2014-08-27,129037.25919342041,100.14873504638672,128937.11045837402,SPY,781
2014-08-28,128966.41194915771,100.14873504638672,128866.26321411133,SPY,781
2014-08-29,129333.44715118408,100.14873504638672,129233.2984161377,SPY,781
2014-09-02,129269.08281707764,100.14873504638672,129168.93408203125,SPY,781
2014-09-03,129198.27132415771,100.14873504638672,129098.12258911133,SPY,781
2014-09-04,129011.54206085205,100.14873504638672,128911.39332580566,SPY,781
2014-09-05,129590.99982452393,100.14873504638672,129490.85108947754,SPY,781
2014-09-08,129256.18849945068,100.14873504638672,129156.0397644043,SPY,781
2014-09-09,128438.47187042236,100.14873504638672,128338.32313537598,SPY,781
2014-09-10,128921.37717437744,100.14873504638672,128821.22843933105,SPY,781
2014-09-11,129069.44731903076,100.14873504638672,128969.29858398438,SPY,781
2014-09-12,128316.15460968018,100.14873504638672,128216.00587463379,SPY,781
2014-09-15,128219.54256439209,100.14873504638672,128119.3938293457,SPY,781
2014-09-16,129185.37700653076,100.14873504638672,129085.22827148438,SPY,781
2014-09-17,129359.18811798096,100.14873504638672,129259.03938293457,SPY,781
2014-09-18,130048.17607879639,100.14873504638672,129948.02734375,SPY,781
2014-09-19,129931.07851409912,100.14873504638672,129830.92977905273,SPY,781
2014-09-22,128928.42018890381,100.14873504638672,128828.27145385742,SPY,781
2014-09-23,128190.94149017334,100.14873504638672,128090.79275512695,SPY,781
2014-09-24,129193.61173248291,100.14873504638672,129093.46299743652,SPY,781
2014-09-25,127110.63124847412,100.14873504638672,127010.48251342773,SPY,781
2014-09-26,128119.77248382568,100.14873504638672,128019.6237487793,SPY,781
2014-09-29,127886.87631988525,100.14873504638672,127786.72758483887,SPY,781
2014-09-30,127550.50385284424,100.14873504638672,127450.35511779785,SPY,781
2014-10-01,125823.30881500244,100.14873504638672,125723.16007995605,SPY,781
2014-10-02,125842.75754547119,100.14873504638672,125742.6088104248,SPY,781
2014-10-03,127227.03762054443,100.14873504638672,127126.88888549805,SPY,781
2014-10-06,127078.2643661499,100.14873504638672,126978.11563110352,SPY,781
2014-10-07,125118.20891571045,100.14873504638672,125018.06018066406,SPY,781
2014-10-08,127304.66570281982,100.14873504638672,127204.51696777344,SPY,781
2014-10-09,124781.82453155518,100.14873504638672,124681.67579650879,SPY,781
2014-10-10,123358.6827468872,100.14873504638672,123258.53401184082,SPY,781
2014-10-13,121333.90544891357,100.14873504638672,121233.75671386719,SPY,781
2014-10-14,121521.50466156006,100.14873504638672,121421.35592651367,SPY,781
2014-10-15,120699.93880462646,100.14873504638672,120599.79006958008,SPY,781
2014-10-16,120596.45058441162,100.14873504638672,120496.30184936523,SPY,781
2014-10-17,122019.6162033081,100.14873504638672,121919.46746826172,SPY,781
2014-10-20,123203.40274810791,100.14873504638672,123103.25401306152,SPY,781
2014-10-21,125642.18059539795,100.14873504638672,125542.03186035156,SPY,781
2014-10-22,124749.50531768799,100.14873504638672,124649.3565826416,SPY,781
2014-10-23,126198.49532318115,100.14873504638672,126098.34658813477,SPY,781
2014-10-24,127168.7986831665,100.14873504638672,127068.64994812012,SPY,781
2014-10-27,126994.17720794678,100.14873504638672,126894.02847290039,SPY,781
2014-10-28,128449.733543396,100.14873504638672,128349.58480834961,SPY,781
2014-10-29,128255.62758636475,100.14873504638672,128155.47885131836,SPY,781
2014-10-30,129077.16960906982,100.14873504638672,128977.02087402344,SPY,781
2014-10-31,130552.10317230225,100.14873504638672,130451.95443725586,SPY,781
2014-11-03,130623.26026153564,100.14873504638672,130523.11152648926,SPY,781
2014-11-04,130170.44567108154,100.14873504638672,130070.29693603516,SPY,781
2014-11-05,130991.9638595581,100.14873504638672,130891.81512451172,SPY,781
2014-11-06,131515.9355392456,100.14873504638672,131415.78680419922,SPY,781
2014-11-07,131638.88440704346,100.14873504638672,131538.73567199707,SPY,781
2014-11-10,132052.8730392456,100.14873504638672,131952.72430419922,SPY,781
2014-11-11,132182.23331451416,100.14873504638672,132082.08457946777,SPY,781
2014-11-12,132039.9668045044,100.14873504638672,131939.818069458,SPY,781
2014-11-13,132188.75197601318,100.14873504638672,132088.6032409668,SPY,781
2014-11-14,132221.02352142334,100.14873504638672,132120.87478637695,SPY,781
2014-11-17,132305.13451385498,100.14873504638672,132204.9857788086,SPY,781
2014-11-18,133068.5329360962,100.14873504638672,132968.3842010498,SPY,781
2014-11-19,132855.02591705322,100.14873504638672,132754.87718200684,SPY,781
2014-11-20,133087.9339981079,100.14873504638672,132987.78526306152,SPY,781
2014-11-21,133799.49297332764,100.14873504638672,133699.34423828125,SPY,781
2014-11-24,134174.6913986206,100.14873504638672,134074.54266357422,SPY,781
2014-11-25,134077.63842010498,100.14873504638672,133977.4896850586,SPY,781
2014-11-26,134420.44612884521,100.14873504638672,134320.29739379883,SPY,781
2014-11-28,134135.82968902588,100.14873504638672,134035.6809539795,SPY,781
2014-12-01,133204.3165359497,100.14873504638672,133104.16780090332,SPY,781
2014-12-02,134064.7798538208,100.14873504638672,133964.6311187744,SPY,781
2014-12-03,134582.23287200928,100.14873504638672,134482.0841369629,SPY,781
2014-12-04,134433.4477005005,100.14873504638672,134333.2989654541,SPY,781
2014-12-05,134653.3542098999,100.14873504638672,134553.20547485352,SPY,781
2014-12-08,133754.2198562622,100.14873504638672,133654.07112121582,SPY,781
2014-12-09,133663.63787078857,100.14873504638672,133563.4891357422,SPY,781
2014-12-10,131522.44228363037,100.14873504638672,131422.29354858398,SPY,781
2014-12-11,132188.75197601318,100.14873504638672,132088.6032409668,SPY,781
2014-12-12,130053.9916305542,100.14873504638672,129953.84289550781,SPY,781
2014-12-15,129161.30443572998,100.14873504638672,129061.1557006836,SPY,781
2014-12-16,128126.24347686768,100.14873504638672,128026.09474182129,SPY,781
2014-12-17,130636.21416473389,100.14873504638672,130536.0654296875,SPY,781
2014-12-18,133864.20290374756,100.14873504638672,133764.05416870117,SPY,781
2014-12-19,134433.31661224365,100.14873504638672,134333.16787719727,SPY,781
2014-12-22,135051.24282073975,100.14873504638672,134951.09408569336,SPY,781
2014-12-23,135233.41974639893,100.14873504638672,135133.27101135254,SPY,781
2014-12-24,135246.4213180542,100.14873504638672,135146.2725830078,SPY,781
2014-12-26,135682.21826934814,100.14873504638672,135582.06953430176,SPY,781
2014-12-29,135864.3475265503,100.14873504638672,135764.1987915039,SPY,781
2014-12-30,135135.8304977417,100.14873504638672,135035.6817626953,SPY,781
2014-12-31,133795.87017059326,100.14873504638672,133695.72143554688,SPY,781
2015-01-02,133724.34365081787,100.14873504638672,133624.19491577148,SPY,781
2015-01-05,131311.10417938232,100.14873504638672,131210.95544433594,SPY,781
2015-01-06,130075.22792816162,100.14873504638672,129975.07919311523,SPY,781
2015-01-07,131694.89484405518,100.14873504638672,131594.7461090088,SPY,781
2015-01-08,134030.02954864502,100.14873504638672,133929.88081359863,SPY,781
2015-01-09,132956.76232147217,100.14873504638672,132856.61358642578,SPY,781
2015-01-12,131916.02881622314,100.14873504638672,131815.88008117676,SPY,781
2015-01-13,131545.27547454834,100.14873504638672,131445.12673950195,SPY,781
2015-01-14,130751.7148361206,100.14873504638672,130651.56610107422,SPY,781
2015-01-15,129554.86713409424,100.14873504638672,129454.71839904785,SPY,781
2015-01-16,131252.60306549072,100.14873504638672,131152.45433044434,SPY,781
2015-01-20,131532.33348846436,100.14873504638672,131432.18475341797,SPY,781
2015-01-21,132195.73540496826,100.14873504638672,132095.58666992188,SPY,781
2015-01-22,134160.14060211182,100.14873504638672,134059.99186706543,SPY,781
2015-01-23,133425.1049118042,100.14873504638672,133324.9561767578,SPY,781
2015-01-26,133737.32138824463,100.14873504638672,133637.17265319824,SPY,781
2015-01-27,131974.61334991455,100.14873504638672,131874.46461486816,SPY,781
2015-01-28,130283.38416290283,100.14873504638672,130183.23542785645,SPY,781
2015-01-29,131486.7028579712,100.14873504638672,131386.5541229248,SPY,781
2015-01-30,129834.5618057251,100.14873504638672,129734.41307067871,SPY,781
2015-02-02,131441.15564727783,100.14873504638672,131341.00691223145,SPY,781
2015-02-03,133340.55298614502,100.14873504638672,133240.40425109863,SPY,781
2015-02-04,132833.21759796143,100.14873504638672,132733.06886291504,SPY,781
2015-02-05,134173.11833953857,100.14873504638672,134072.9696044922,SPY,781
2015-02-06,133802.34116363525,100.14873504638672,133702.19242858887,SPY,781
2015-02-09,133203.9232711792,100.14873504638672,133103.7745361328,SPY,781
2015-02-10,134621.95261383057,100.14873504638672,134521.80387878418,SPY,781
2015-02-11,134699.97396087646,100.14873504638672,134599.82522583008,SPY,781
2015-02-12,135994.44666290283,100.14873504638672,135894.29792785645,SPY,781
2015-02-13,136553.83600616455,100.14873504638672,136453.68727111816,SPY,781
2015-02-17,136768.49898529053,100.14873504638672,136668.35025024414,SPY,781
2015-02-18,136781.47672271729,100.14873504638672,136681.3279876709,SPY,781
2015-02-19,136683.91130828857,100.14873504638672,136583.7625732422,SPY,781
2015-02-20,137503.49892425537,100.14873504638672,137403.35018920898,SPY,781
2015-02-23,137483.97869110107,100.14873504638672,137383.8299560547,SPY,781
2015-02-24,137874.26418304443,100.14873504638672,137774.11544799805,SPY,781
2015-02-25,137757.20236968994,100.14873504638672,137657.05363464355,SPY,781
2015-02-26,137594.58142852783,100.14873504638672,137494.43269348145,SPY,781
2015-02-27,137126.22692108154,100.14873504638672,137026.07818603516,SPY,781
2015-03-02,137991.37366485596,100.14873504638672,137891.22492980957,SPY,781
2015-03-03,137425.4418258667,100.14873504638672,137325.2930908203,SPY,781
2015-03-04,136846.54416656494,100.14873504638672,136746.39543151855,SPY,781
2015-03-05,136996.127784729,100.14873504638672,136895.97904968262,SPY,781
2015-03-06,135070.78688812256,100.14873504638672,134970.63815307617,SPY,781
2015-03-09,135630.17623138428,100.14873504638672,135530.0274963379,SPY,781
2015-03-10,133431.61165618896,100.14873504638672,133331.46292114258,SPY,781
2015-03-11,133119.38326263428,100.14873504638672,133019.2345275879,SPY,781
2015-03-12,134810.58861541748,100.14873504638672,134710.4398803711,SPY,781
2015-03-13,133984.51808929443,100.14873504638672,133884.36935424805,SPY,781
2015-03-16,135773.2769393921,100.14873504638672,135673.1282043457,SPY,781
2015-03-17,135369.9779586792,100.14873504638672,135269.8292236328,SPY,781
2015-03-18,136996.127784729,100.14873504638672,136895.97904968262,SPY,781
2015-03-19,136371.7067489624,100.14873504638672,136271.55801391602,SPY,781
2015-03-20,137574.52492523193,100.14873504638672,137474.37619018555,SPY,781
2015-03-23,137306.67586517334,100.14873504638672,137206.52713012695,SPY,781
2015-03-24,136535.71007537842,100.14873504638672,136435.56134033203,SPY,781
2015-03-25,134536.3519821167,100.14873504638672,134436.2032470703,SPY,781
2015-03-26,134216.25829315186,100.14873504638672,134116.10955810547,SPY,781
2015-03-27,134523.3027420044,100.14873504638672,134423.154006958,SPY,781
2015-03-30,136163.25258636475,100.14873504638672,136063.10385131836,SPY,781
2015-03-31,134974.16292572021,100.14873504638672,134874.01419067383,SPY,781
2015-04-01,134497.20426177979,100.14873504638672,134397.0555267334,SPY,781
2015-04-02,134980.6935043335,100.14873504638672,134880.5447692871,SPY,781
2015-04-06,135888.84911346436,100.14873504638672,135788.70037841797,SPY,781
2015-04-07,135529.50045013428,100.14873504638672,135429.3517150879,SPY,781
2015-04-08,135986.8554611206,100.14873504638672,135886.70672607422,SPY,781
2015-04-09,136587.93087005615,100.14873504638672,136487.78213500977,SPY,781
2015-04-10,137332.81009674072,100.14873504638672,137232.66136169434,SPY,781
2015-04-13,136712.08336639404,100.14873504638672,136611.93463134766,SPY,781
2015-04-14,136973.43759918213,100.14873504638672,136873.28886413574,SPY,781
2015-04-15,137587.63375091553,100.14873504638672,137487.48501586914,SPY,781
2015-04-16,137548.39069366455,100.14873504638672,137448.24195861816,SPY,781
2015-04-17,135967.27564239502,100.14873504638672,135867.12690734863,SPY,781
2015-04-20,137208.6695175171,100.14873504638672,137108.5207824707,SPY,781
2015-04-21,137045.309715271,100.14873504638672,136945.1609802246,SPY,781
2015-04-22,137718.30490875244,100.14873504638672,137618.15617370605,SPY,781
2015-04-23,138064.60433197021,100.14873504638672,137964.45559692383,SPY,781
2015-04-24,138384.7456893921,100.14873504638672,138284.5969543457,SPY,781
2015-04-27,137809.76876068115,100.14873504638672,137709.62002563477,SPY,781
2015-04-28,138247.49628448486,100.14873504638672,138147.34754943848,SPY,781
2015-04-29,137679.1095199585,100.14873504638672,137578.9607849121,SPY,781
2015-04-30,136300.49007415771,100.14873504638672,136200.34133911133,SPY,781
2015-05-01,137777.08011627197,100.14873504638672,137676.9313812256,SPY,781
2015-05-04,138169.10550689697,100.14873504638672,138068.9567718506,SPY,781
2015-05-05,136587.93087005615,100.14873504638672,136487.78213500977,SPY,781
2015-05-06,136026.05084991455,100.14873504638672,135925.90211486816,SPY,781
2015-05-07,136568.37488555908,100.14873504638672,136468.2261505127,SPY,781
2015-05-08,138365.10628509521,100.14873504638672,138264.95755004883,SPY,781
2015-05-11,137705.24375152588,100.14873504638672,137605.0950164795,SPY,781
2015-05-12,137293.578956604,100.14873504638672,137193.43022155762,SPY,781
2015-05-13,137319.74893951416,100.14873504638672,137219.60020446777,SPY,781
2015-05-14,138750.60109710693,100.14873504638672,138650.45236206055,SPY,781
2015-05-15,138900.85207366943,100.14873504638672,138800.70333862305,SPY,781
2015-05-18,139332.1205215454,100.14873504638672,139231.97178649902,SPY,781
2015-05-19,139286.3588027954,100.14873504638672,139186.21006774902,SPY,781
2015-05-20,139188.36437225342,100.14873504638672,139088.21563720703,SPY,781
2015-05-21,139593.42708587646,100.14873504638672,139493.27835083008,SPY,781
2015-05-22,139260.18881988525,100.14873504638672,139160.04008483887,SPY,781
2015-05-26,137764.0189590454,100.14873504638672,137663.87022399902,SPY,781
2015-05-27,139070.75437164307,100.14873504638672,138970.60563659668,SPY,781
2015-05-28,138913.9370651245,100.14873504638672,138813.78833007812,SPY,781
2015-05-29,138051.49550628662,100.14873504638672,137951.34677124023,SPY,781
2015-06-01,138332.48914337158,100.14873504638672,138232.3404083252,SPY,781
2015-06-02,138195.20398712158,100.14873504638672,138095.0552520752,SPY,781
2015-06-03,138561.13089752197,100.14873504638672,138460.9821624756,SPY,781
2015-06-04,137391.62105560303,100.14873504638672,137291.47232055664,SPY,781
2015-06-05,137156.4368057251,100.14873504638672,137056.2880706787,SPY,781
2015-06-08,136313.56314849854,100.14873504638672,136213.41441345215,SPY,781
2015-06-09,136293.93566131592,100.14873504638672,136193.78692626953,SPY,781
2015-06-10,137927.34300994873,100.14873504638672,137827.19427490234,SPY,781
2015-06-11,138371.64878082275,100.14873504638672,138271.50004577637,SPY,781
2015-06-12,137313.19452667236,100.14873504638672,137213.04579162598,SPY,781
2015-06-15,136725.16835784912,100.14873504638672,136625.01962280273,SPY,781
2015-06-16,137470.03566741943,100.14873504638672,137369.88693237305,SPY,781
2015-06-17,137692.1587600708,100.14873504638672,137592.0100250244,SPY,781
2015-06-18,139123.01091766357,100.14873504638672,139022.8621826172,SPY,781
2015-06-19,138505.83548736572,100.14873504638672,138405.68675231934,SPY,781
2015-06-22,139214.93953704834,100.14873504638672,139114.79080200195,SPY,781
2015-06-23,139313.3987350464,100.14873504638672,139213.25,SPY,781
2015-06-24,138302.33884429932,100.14873504638672,138202.19010925293,SPY,781
2015-06-25,137882.1533126831,100.14873504638672,137782.00457763672,SPY,781
2015-06-26,137855.9118270874,100.14873504638672,137755.76309204102,SPY,781
2015-06-29,134967.07224273682,100.14873504638672,134866.92350769043,SPY,781
2015-06-30,135249.40059661865,100.14873504638672,135149.25186157227,SPY,781
2015-07-01,136332.71395111084,100.14873504638672,136232.56521606445,SPY,781
2015-07-02,136207.96559906006,100.14873504638672,136107.81686401367,SPY,781
2015-07-06,135820.61171722412,100.14873504638672,135720.46298217773,SPY,781
2015-07-07,136674.1035232544,100.14873504638672,136573.954788208,SPY,781
2015-07-08,134382.79996490479,100.14873504638672,134282.6512298584,SPY,781
2015-07-09,134625.69458770752,100.14873504638672,134525.54585266113,SPY,781
2015-07-10,136319.56937408447,100.14873504638672,136219.4206390381,SPY,781
2015-07-13,137823.1159286499,100.14873504638672,137722.96719360352,SPY,781
2015-07-14,138420.49703216553,100.14873504638672,138320.34829711914,SPY,781
2015-07-15,138374.58039093018,100.14873504638672,138274.4316558838,SPY,781
2015-07-16,139484.11139678955,100.14873504638672,139383.96266174316,SPY,781
2015-07-17,139602.29341888428,100.14873504638672,139502.1446838379,SPY,781
2015-07-20,139674.4872970581,100.14873504638672,139574.33856201172,SPY,781
2015-07-21,139123.07050323486,100.14873504638672,139022.92176818848,SPY,781
2015-07-22,138873.54996490479,100.14873504638672,138773.4012298584,SPY,781
2015-07-23,138092.24011993408,100.14873504638672,137992.0913848877,SPY,781
2015-07-24,136660.9946975708,100.14873504638672,136560.8459625244,SPY,781
2015-07-27,135866.5760269165,100.14873504638672,135766.42729187012,SPY,781
2015-07-28,137534.18549346924,100.14873504638672,137434.03675842285,SPY,781
2015-07-29,138479.6297531128,100.14873504638672,138379.4810180664,SPY,781
2015-07-30,138512.4256515503,100.14873504638672,138412.2769165039,SPY,781
2015-07-31,138302.33884429932,100.14873504638672,138202.19010925293,SPY,781
2015-08-03,137836.18900299072,100.14873504638672,137736.04026794434,SPY,781
2015-08-04,137567.02906036377,100.14873504638672,137466.88032531738,SPY,781
2015-08-05,138020.01049041748,100.14873504638672,137919.8617553711,SPY,781
2015-08-06,136890.7328262329,100.14873504638672,136790.58409118652,SPY,781
2015-08-07,136628.15113067627,100.14873504638672,136528.00239562988,SPY,781
2015-08-10,138348.29123687744,100.14873504638672,138248.14250183105,SPY,781
2015-08-11,137100.86730194092,100.14873504638672,137000.71856689453,SPY,781
2015-08-12,137265.00171661377,100.14873504638672,137164.85298156738,SPY,781
2015-08-13,137094.36055755615,100.14873504638672,136994.21182250977,SPY,781
2015-08-14,137593.30629730225,100.14873504638672,137493.15756225586,SPY,781
2015-08-17,138361.4358139038,100.14873504638672,138261.28707885742,SPY,781
2015-08-18,137960.913520813,100.14873504638672,137860.7647857666,SPY,781
2015-08-19,136871.08150482178,100.14873504638672,136770.9327697754,SPY,781
2015-08-20,134015.08548736572,100.14873504638672,133914.93675231934,SPY,781
2015-08-21,129983.94283294678,100.14873504638672,129883.79409790039,SPY,781
2015-08-24,124514.96459197998,100.14873504638672,124414.8158569336,SPY,781
2015-08-25,123050.87560272217,100.14873504638672,122950.72686767578,SPY,781
2015-08-26,127771.39948272705,100.14873504638672,127671.25074768066,SPY,781
2015-08-27,130929.38709259033,100.14873504638672,130829.23835754395,SPY,781
2015-08-28,130935.94150543213,100.14873504638672,130835.79277038574,SPY,781
2015-08-31,129878.8815536499,100.14873504638672,129778.73281860352,SPY,781
2015-09-01,126005.2950668335,100.14873504638672,125905.14633178711,SPY,781
2015-09-02,128395.1293258667,100.14873504638672,128294.98059082031,SPY,781
2015-09-03,128487.0460281372,100.14873504638672,128386.89729309082,SPY,781
2015-09-04,126543.63878631592,100.14873504638672,126443.49005126953,SPY,781
2015-09-08,129721.32538604736,100.14873504638672,129621.17665100098,SPY,781
2015-09-09,127988.04070281982,100.14873504638672,127887.89196777344,SPY,781
2015-09-10,128684.01209259033,100.14873504638672,128583.86335754395,SPY,781
2015-09-11,129268.29628753662,100.14873504638672,129168.14755249023,SPY,781
2015-09-14,128789.03762054443,100.14873504638672,128688.88888549805,SPY,781
2015-09-15,130397.60970306396,100.14873504638672,130297.46096801758,SPY,781
2015-09-16,131526.815864563,100.14873504638672,131426.6671295166,SPY,781
2015-09-17,131231.34293365479,100.14873504638672,131131.1941986084,SPY,781
2015-09-18,129088.55045318604,100.14873504638672,128988.40171813965,SPY,781
2015-09-21,129755.05081939697,100.14873504638672,129654.90208435059,SPY,781
2015-09-22,128072.16361236572,100.14873504638672,127972.01487731934,SPY,781
2015-09-23,127867.59442901611,100.14873504638672,127767.44569396973,SPY,781
2015-09-24,127405.57982635498,100.14873504638672,127305.4310913086,SPY,781
2015-09-25,127372.62900543213,100.14873504638672,127272.48027038574,SPY,781
2015-09-28,124178.44911956787,100.14873504638672,124078.30038452148,SPY,781
2015-09-29,124251.01242828369,100.14873504638672,124150.8636932373,SPY,781
2015-09-30,126567.52068328857,100.14873504638672,126467.37194824219,SPY,781
2015-10-01,126897.39832305908,100.14873504638672,126797.2495880127,SPY,781
2015-10-02,128791.5044631958,100.14873504638672,128691.35572814941,SPY,781
2015-10-05,131081.54480743408,100.14873504638672,130981.3960723877,SPY,781
2015-10-06,130632.82970428467,100.14873504638672,130532.68096923828,SPY,781
2015-10-07,131701.8901901245,100.14873504638672,131601.74145507812,SPY,781
2015-10-08,132889.84772491455,100.14873504638672,132789.69898986816,SPY,781
2015-10-09,132968.98928070068,100.14873504638672,132868.8405456543,SPY,781
2015-10-12,133094.41690826416,100.14873504638672,132994.26817321777,SPY,781
2015-10-13,132256.2862625122,100.14873504638672,132156.13752746582,SPY,781
2015-10-14,131622.72480010986,100.14873504638672,131522.57606506348,SPY,781
2015-10-15,133642.19898223877,100.14873504638672,133542.05024719238,SPY,781
2015-10-16,134249.3521194458,100.14873504638672,134149.2033843994,SPY,781
2015-10-19,134315.34909820557,100.14873504638672,134215.20036315918,SPY,781
2015-10-20,134143.74265289307,100.14873504638672,134043.59391784668,SPY,781
2015-10-21,133312.19025421143,100.14873504638672,133212.04151916504,SPY,781
2015-10-22,135562.64194488525,100.14873504638672,135462.49320983887,SPY,781
2015-10-23,137047.52629852295,100.14873504638672,136947.37756347656,SPY,781
2015-10-26,136711.01082611084,100.14873504638672,136610.86209106445,SPY,781
2015-10-27,136446.97524261475,100.14873504638672,136346.82650756836,SPY,781
2015-10-28,137997.88040924072,100.14873504638672,137897.73167419434,SPY,781
2015-10-29,137918.71501922607,100.14873504638672,137818.5662841797,SPY,781
2015-10-30,137324.71837615967,100.14873504638672,137224.56964111328,SPY,781
2015-11-02,138948.258354187,100.14873504638672,138848.10961914062,SPY,781
2015-11-03,139350.7946395874,100.14873504638672,139250.64590454102,SPY,781
2015-11-04,138928.41635894775,100.14873504638672,138828.26762390137,SPY,781
2015-11-05,138789.83223724365,100.14873504638672,138689.68350219727,SPY,781
2015-11-06,138717.24509429932,100.14873504638672,138617.09635925293,SPY,781
2015-11-09,137423.7495956421,100.14873504638672,137323.6008605957,SPY,781
2015-11-10,137740.518409729,100.14873504638672,137640.36967468262,SPY,781
2015-11-11,137199.374168396,100.14873504638672,137099.2254333496,SPY,781
2015-11-12,135285.50945281982,100.14873504638672,135185.36071777344,SPY,781
2015-11-13,133767.60277557373,100.14873504638672,133667.45404052734,SPY,781
2015-11-16,135800.24536895752,100.14873504638672,135700.09663391113,SPY,781
2015-11-17,135701.26181793213,100.14873504638672,135601.11308288574,SPY,781
2015-11-18,137852.6942062378,100.14873504638672,137752.5454711914,SPY,781
2015-11-19,137733.89249420166,100.14873504638672,137633.74375915527,SPY,781
2015-11-20,138235.483833313,100.14873504638672,138135.3350982666,SPY,781
2015-11-23,138077.10538482666,100.14873504638672,137976.95664978027,SPY,781
2015-11-24,138261.88024139404,100.14873504638672,138161.73150634766,SPY,781
2015-11-25,138242.08591461182,100.14873504638672,138141.93717956543,SPY,781
2015-11-27,138400.46436309814,100.14873504638672,138300.31562805176,SPY,781
2015-11-30,137826.32163238525,100.14873504638672,137726.17289733887,SPY,781
2015-12-01,139139.6114578247,100.14873504638672,139039.46272277832,SPY,781
2015-12-02,137720.72408294678,100.14873504638672,137620.5753479004,SPY,781
2015-12-03,135793.63137054443,100.14873504638672,135693.48263549805,SPY,781
2015-12-04,138440.0768508911,100.14873504638672,138339.92811584473,SPY,781
2015-12-07,137601.89853668213,100.14873504638672,137501.74980163574,SPY,781
2015-12-08,136677.98850250244,100.14873504638672,136577.83976745605,SPY,781
2015-12-09,135615.47051239014,100.14873504638672,135515.32177734375,SPY,781
2015-12-10,135965.23781585693,100.14873504638672,135865.08908081055,SPY,781
2015-12-11,133332.00841522217,100.14873504638672,133231.85968017578,SPY,781
2015-12-14,134005.13469696045,100.14873504638672,133904.98596191406,SPY,781
2015-12-15,135410.88941192627,100.14873504638672,135310.74067687988,SPY,781
2015-12-16,137390.71535491943,100.14873504638672,137290.56661987305,SPY,781
2015-12-17,135298.6778640747,100.14873504638672,135198.52912902832,SPY,781
2015-12-18,132890.13373565674,100.14873504638672,132789.98500061035,SPY,781
2015-12-21,133985.53104400635,100.14873504638672,133885.38230895996,SPY,781
2015-12-22,135200.40933990479,100.14873504638672,135100.2606048584,SPY,781
2015-12-23,136873.4172592163,100.14873504638672,136773.26852416992,SPY,781
2015-12-24,136647.70711517334,100.14873504638672,136547.55838012695,SPY,781
2015-12-28,136335.68131256104,100.14873504638672,136235.53257751465,SPY,781
2015-12-29,137789.54541778564,100.14873504638672,137689.39668273926,SPY,781
2015-12-30,136813.66484832764,100.14873504638672,136713.51611328125,SPY,781
2015-12-31,135446.04489898682,100.14873504638672,135345.89616394043,SPY,781
2016-01-04,133554.0004196167,100.14873504638672,133453.8516845703,SPY,781
2016-01-05,133779.68672943115,100.14873504638672,133679.53799438477,SPY,781
2016-01-06,132093.48656463623,100.14873504638672,131993.33782958984,SPY,781
2016-01-07,128926.70412445068,100.14873504638672,128826.5553894043,SPY,781
2016-01-08,127512.64318084717,100.14873504638672,127412.49444580078,SPY,781
2016-01-11,127638.7620010376,100.14873504638672,127538.61326599121,SPY,781
2016-01-12,128667.81673431396,100.14873504638672,128567.66799926758,SPY,781
2016-01-13,125461.27880096436,100.14873504638672,125361.13006591797,SPY,781
2016-01-14,127519.29293060303,100.14873504638672,127419.14419555664,SPY,781
2016-01-15,124784.0768661499,100.14873504638672,124683.92813110352,SPY,781
2016-01-19,124950.07035064697,100.14873504638672,124849.92161560059,SPY,781
2016-01-20,123350.10242462158,100.14873504638672,123249.9536895752,SPY,781
2016-01-21,124040.52043914795,100.14873504638672,123940.37170410156,SPY,781
2016-01-22,126583.22743988037,100.14873504638672,126483.07870483398,SPY,781
2016-01-25,124671.22179412842,100.14873504638672,124571.07305908203,SPY,781
2016-01-26,126370.80487823486,100.14873504638672,126270.65614318848,SPY,781
2016-01-27,124996.5590133667,100.14873504638672,124896.41027832031,SPY,781
2016-01-28,125647.15003204346,100.14873504638672,125547.00129699707,SPY,781
2016-01-29,128707.61989593506,100.14873504638672,128607.47116088867,SPY,781
2016-02-01,128661.19081878662,100.14873504638672,128561.04208374023,SPY,781
2016-02-02,126344.19396209717,100.14873504638672,126244.04522705078,SPY,781
2016-02-03,127101.0618057251,100.14873504638672,127000.91307067871,SPY,781
2016-02-04,127300.2087020874,100.14873504638672,127200.05996704102,SPY,781
2016-02-05,124877.0422744751,100.14873504638672,124776.89353942871,SPY,781
2016-02-08,123197.40843963623,100.14873504638672,123097.25970458984,SPY,781
2016-02-09,123204.02243804932,100.14873504638672,123103.87370300293,SPY,781
2016-02-10,123097.86478424072,100.14873504638672,122997.71604919434,SPY,781
2016-02-11,121497.89685821533,100.14873504638672,121397.74812316895,SPY,781
2016-02-12,124000.74111175537,100.14873504638672,123900.59237670898,SPY,781
2016-02-16,126091.92057037354,100.14873504638672,125991.77183532715,SPY,781
2016-02-17,128149.98236846924,100.14873504638672,128049.83363342285,SPY,781
2016-02-18,127625.51016998291,100.14873504638672,127525.36143493652,SPY,781
2016-02-19,127565.7696762085,100.14873504638672,127465.62094116211,SPY,781
2016-02-22,129411.37316131592,100.14873504638672,129311.22442626953,SPY,781
2016-02-23,127778.22798919678,100.14873504638672,127678.07925415039,SPY,781
2016-02-24,128362.46451568604,100.14873504638672,128262.31578063965,SPY,781
2016-02-25,129915.93186187744,100.14873504638672,129815.78312683105,SPY,781
2016-02-26,129617.18172454834,100.14873504638672,129517.03298950195,SPY,781
2016-02-29,128601.42649078369,100.14873504638672,128501.2777557373,SPY,781
2016-03-01,131622.08127593994,100.14873504638672,131521.93254089355,SPY,781
2016-03-02,132212.90796661377,100.14873504638672,132112.75923156738,SPY,781
2016-03-03,132730.79000091553,100.14873504638672,132630.64126586914,SPY,781
2016-03-04,133162.2848739624,100.14873504638672,133062.13613891602,SPY,781
2016-03-07,133268.54978179932,100.14873504638672,133168.40104675293,SPY,781
2016-03-08,131814.62609100342,100.14873504638672,131714.47735595703,SPY,781
2016-03-09,132465.21710968018,100.14873504638672,132365.0683746338,SPY,781
2016-03-10,132571.41051483154,100.14873504638672,132471.26177978516,SPY,781
2016-03-11,134709.13822174072,100.14873504638672,134608.98948669434,SPY,781
2016-03-14,134536.54265594482,100.14873504638672,134436.39392089844,SPY,781
2016-03-15,134317.48226165771,100.14873504638672,134217.33352661133,SPY,781
2016-03-16,135094.1921005249,100.14873504638672,134994.04336547852,SPY,781
2016-03-17,135950.62743377686,100.14873504638672,135850.47869873047,SPY,781
2016-03-18,136484.49031829834,100.14873504638672,136384.34158325195,SPY,781
2016-03-21,136677.98850250244,100.14873504638672,136577.83976745605,SPY,781
2016-03-22,136604.57907867432,100.14873504638672,136504.43034362793,SPY,781
2016-03-23,135703.71674346924,100.14873504638672,135603.56800842285,SPY,781
2016-03-24,135643.65448760986,100.14873504638672,135543.50575256348,SPY,781
2016-03-28,135723.7255783081,100.14873504638672,135623.57684326172,SPY,781
2016-03-29,136978.25211334229,100.14873504638672,136878.1033782959,SPY,781
2016-03-30,137578.827003479,100.14873504638672,137478.67826843262,SPY,781
2016-03-31,137245.18355560303,100.14873504638672,137145.03482055664,SPY,781
2016-04-01,138179.42572784424,100.14873504638672,138079.27699279785,SPY,781
2016-04-04,137732.31943511963,100.14873504638672,137632.17070007324,SPY,781
2016-04-05,136357.65647125244,100.14873504638672,136257.50773620605,SPY,781
2016-04-06,137845.770362854,100.14873504638672,137745.62162780762,SPY,781
2016-04-07,136197.5023727417,100.14873504638672,136097.3536376953,SPY,781
2016-04-08,136564.5256576538,100.14873504638672,136464.37692260742,SPY,781
2016-04-11,136244.2770462036,100.14873504638672,136144.12831115723,SPY,781
2016-04-12,137512.11499786377,100.14873504638672,137411.96626281738,SPY,781
2016-04-13,138900.11321258545,100.14873504638672,138799.96447753906,SPY,781
2016-04-14,138906.7391281128,100.14873504638672,138806.5903930664,SPY,781
2016-04-15,138753.31819915771,100.14873504638672,138653.16946411133,SPY,781
2016-04-18,139727.60187530518,100.14873504638672,139627.4531402588,SPY,781
2016-04-19,140167.99883270264,100.14873504638672,140067.85009765625,SPY,781
2016-04-20,140301.3990097046,100.14873504638672,140201.2502746582,SPY,781
2016-04-21,139547.4031906128,100.14873504638672,139447.2544555664,SPY,781
2016-04-22,139547.4031906128,100.14873504638672,139447.2544555664,SPY,781
2016-04-25,139307.16608428955,100.14873504638672,139207.01734924316,SPY,781
2016-04-26,139514.05910491943,100.14873504638672,139413.91036987305,SPY,781
2016-04-27,139800.97554779053,100.14873504638672,139700.82681274414,SPY,781
2016-04-28,138533.07801055908,100.14873504638672,138432.9292755127,SPY,781
2016-04-29,137785.73194122314,100.14873504638672,137685.58320617676,SPY,781
2016-05-02,138880.09246063232,100.14873504638672,138779.94372558594,SPY,781
2016-05-03,137672.25717926025,100.14873504638672,137572.10844421387,SPY,781
2016-05-04,136904.86652374268,100.14873504638672,136804.7177886963,SPY,781
2016-05-05,136878.17218780518,100.14873504638672,136778.0234527588,SPY,781
2016-05-06,137378.64331817627,100.14873504638672,137278.49458312988,SPY,781
2016-05-09,137492.1061630249,100.14873504638672,137391.95742797852,SPY,781
2016-05-10,139200.41257476807,100.14873504638672,139100.26383972168,SPY,781
2016-05-11,137899.159034729,100.14873504638672,137799.01029968262,SPY,781
2016-05-12,137939.17670440674,100.14873504638672,137839.02796936035,SPY,781
2016-05-13,136738.03884124756,100.14873504638672,136637.89010620117,SPY,781
2016-05-16,138086.0193862915,100.14873504638672,137985.87065124512,SPY,781
2016-05-17,136798.1130142212,100.14873504638672,136697.9642791748,SPY,781
2016-05-18,136838.13068389893,100.14873504638672,136737.98194885254,SPY,781
2016-05-19,136364.29430389404,100.14873504638672,136264.14556884766,SPY,781
2016-05-20,137225.17472076416,100.14873504638672,137125.02598571777,SPY,781
2016-05-23,137038.37395477295,100.14873504638672,136938.22521972656,SPY,781
2016-05-24,138813.34470367432,100.14873504638672,138713.19596862793,SPY,781
2016-05-25,139754.2604598999,100.14873504638672,139654.11172485352,SPY,781
2016-05-26,139794.30196380615,100.14873504638672,139694.15322875977,SPY,781
2016-05-27,140394.85301971436,100.14873504638672,140294.70428466797,SPY,781
2016-05-31,140127.9573287964,100.14873504638672,140027.80859375,SPY,781
2016-06-01,140414.897605896,100.14873504638672,140314.7488708496,SPY,781
2016-06-02,140841.98314666748,100.14873504638672,140741.8344116211,SPY,781
2016-06-03,140421.57118988037,100.14873504638672,140321.42245483398,SPY,781
2016-06-06,141135.62084197998,100.14873504638672,141035.4721069336,SPY,781
2016-06-07,141355.81336212158,100.14873504638672,141255.6646270752,SPY,781
2016-06-08,141816.26682281494,100.14873504638672,141716.11808776855,SPY,781
2016-06-09,141622.70905303955,100.14873504638672,141522.56031799316,SPY,781
2016-06-10,140281.47359466553,100.14873504638672,140181.32485961914,SPY,781
2016-06-13,139200.41257476807,100.14873504638672,139100.26383972168,SPY,781
2016-06-14,138926.78371429443,100.14873504638672,138826.63497924805,SPY,781
2016-06-15,138733.26169586182,100.14873504638672,138633.11296081543,SPY,781
2016-06-16,139147.0119857788,100.14873504638672,139046.86325073242,SPY,781
2016-06-17,138629.1418685913,100.14873504638672,138528.99313354492,SPY,781
2016-06-20,139521.3285446167,100.14873504638672,139421.1798095703,SPY,781
2016-06-21,139917.04824066162,100.14873504638672,139816.89950561523,SPY,781
2016-06-22,139689.00234222412,100.14873504638672,139588.85360717773,SPY,781
2016-06-23,141506.7912826538,100.14873504638672,141406.64254760742,SPY,781
2016-06-24,136429.02806854248,100.14873504638672,136328.8793334961,SPY,781
2016-06-27,133987.40203094482,100.14873504638672,133887.25329589844,SPY,781
2016-06-28,136402.22647857666,100.14873504638672,136302.07774353027,SPY,781
2016-06-29,138723.08448028564,100.14873504638672,138622.93574523926,SPY,781
2016-06-30,140614.61652374268,100.14873504638672,140514.4677886963,SPY,781
2016-07-01,140909.83919525146,100.14873504638672,140809.69046020508,SPY,781
2016-07-05,139896.93215179443,100.14873504638672,139796.78341674805,SPY,781
2016-07-06,140735.3964767456,100.14873504638672,140635.24774169922,SPY,781
2016-07-07,140648.2227859497,100.14873504638672,140548.07405090332,SPY,781
2016-07-08,142741.07064056396,100.14873504638672,142640.92190551758,SPY,781
2016-07-11,143244.1039505005,100.14873504638672,143143.9552154541,SPY,781
2016-07-12,144283.83641815186,100.14873504638672,144183.68768310547,SPY,781
2016-07-13,144263.72032928467,100.14873504638672,144163.57159423828,SPY,781
2016-07-14,145068.6618118286,100.14873504638672,144968.51307678223,SPY,781
2016-07-15,144874.12683868408,100.14873504638672,144773.9781036377,SPY,781
2016-07-18,145263.13719940186,100.14873504638672,145162.98846435547,SPY,781
2016-07-19,145115.6152420044,100.14873504638672,145015.466506958,SPY,781
2016-07-20,145719.28858184814,100.14873504638672,145619.13984680176,SPY,781
2016-07-21,145169.24225616455,100.14873504638672,145069.09352111816,SPY,781
2016-07-22,145819.94052886963,100.14873504638672,145719.79179382324,SPY,781
2016-07-25,145424.18508148193,100.14873504638672,145324.03634643555,SPY,781
2016-07-26,145491.2546005249,100.14873504638672,145391.10586547852,SPY,781
2016-07-27,145336.95180511475,100.14873504638672,145236.80307006836,SPY,781
2016-07-28,145504.6732711792,100.14873504638672,145404.5245361328,SPY,781
2016-07-29,145739.4165878296,100.14873504638672,145639.2678527832,SPY,781
2016-08-01,145618.67238616943,100.14873504638672,145518.52365112305,SPY,781
2016-08-02,144686.28928375244,100.14873504638672,144586.14054870605,SPY,781
2016-08-03,145108.84632110596,100.14873504638672,145008.69758605957,SPY,781
2016-08-04,145263.13719940186,100.14873504638672,145162.98846435547,SPY,781
2016-08-05,146450.46312713623,100.14873504638672,146350.31439208984,SPY,781
2016-08-08,146363.22985076904,100.14873504638672,146263.08111572266,SPY,781
2016-08-09,146450.46312713623,100.14873504638672,146350.31439208984,SPY,781
2016-08-10,146088.24243927002,100.14873504638672,145988.09370422363,SPY,781
2016-08-11,146765.7184677124,100.14873504638672,146665.56973266602,SPY,781
2016-08-12,146638.21726226807,100.14873504638672,146538.06852722168,SPY,781
2016-08-15,147060.8219680786,100.14873504638672,146960.67323303223,SPY,781
2016-08-16,146302.905418396,100.14873504638672,146202.7566833496,SPY,781
2016-08-17,146577.88091278076,100.14873504638672,146477.73217773438,SPY,781
2016-08-18,146906.55492401123,100.14873504638672,146806.40618896484,SPY,781
2016-08-19,146691.91577911377,100.14873504638672,146591.76704406738,SPY,781
2016-08-22,146685.20644378662,100.14873504638672,146585.05770874023,SPY,781
2016-08-23,146980.35761260986,100.14873504638672,146880.20887756348,SPY,781
2016-08-24,146229.10272979736,100.14873504638672,146128.95399475098,SPY,781
2016-08-25,146128.4984512329,100.14873504638672,146028.34971618652,SPY,781
2016-08-26,145853.42761993408,100.14873504638672,145753.2788848877,SPY,781
2016-08-29,146571.19541168213,100.14873504638672,146471.04667663574,SPY,781
2016-08-30,146329.71892547607,100.14873504638672,146229.5701904297,SPY,781
2016-08-31,145913.8473892212,100.14873504638672,145813.6986541748,SPY,781
2016-09-01,145920.53289031982,100.14873504638672,145820.38415527344,SPY,781
2016-09-02,146577.88091278076,100.14873504638672,146477.73217773438,SPY,781
2016-09-06,147020.63745880127,100.14873504638672,146920.48872375488,SPY,781
2016-09-07,147007.17111968994,100.14873504638672,146907.02238464355,SPY,781
2016-09-08,146671.8235244751,100.14873504638672,146571.6747894287,SPY,781
2016-09-09,143163.66342926025,100.14873504638672,143063.51469421387,SPY,781
2016-09-12,145216.21952056885,100.14873504638672,145116.07078552246,SPY,781
2016-09-13,143130.08100128174,100.14873504638672,143029.93226623535,SPY,781
2016-09-14,143076.40631866455,100.14873504638672,142976.25758361816,SPY,781
2016-09-15,144505.18489837646,100.14873504638672,144405.03616333008,SPY,781
2016-09-16,143946.98726654053,100.14873504638672,143846.83853149414,SPY,781
2016-09-19,143973.9437789917,100.14873504638672,143873.7950439453,SPY,781
2016-09-20,143980.65311431885,100.14873504638672,143880.50437927246,SPY,781
2016-09-21,145598.67546844482,100.14873504638672,145498.52673339844,SPY,781
2016-09-22,146515.50673675537,100.14873504638672,146415.35800170898,SPY,781
2016-09-23,145713.31810760498,100.14873504638672,145613.1693725586,SPY,781
2016-09-26,144533.51187896729,100.14873504638672,144433.3631439209,SPY,781
2016-09-27,145430.1555557251,100.14873504638672,145330.0068206787,SPY,781
2016-09-28,146151.4984817505,100.14873504638672,146051.3497467041,SPY,781
2016-09-29,144830.1407699585,100.14873504638672,144729.9920349121,SPY,781
2016-09-30,145922.24895477295,100.14873504638672,145822.10021972656,SPY,781
2016-10-03,145571.71895599365,100.14873504638672,145471.57022094727,SPY,781
2016-10-04,144830.1407699585,100.14873504638672,144729.9920349121,SPY,781
2016-10-05,145470.59032440186,100.14873504638672,145370.44158935547,SPY,781
2016-10-06,145571.71895599365,100.14873504638672,145471.57022094727,SPY,781
2016-10-07,145072.79705047607,100.14873504638672,144972.6483154297,SPY,781
2016-10-10,145827.8892440796,100.14873504638672,145727.7405090332,SPY,781
2016-10-11,143987.42203521729,100.14873504638672,143887.2733001709,SPY,781
2016-10-12,144176.18912506104,100.14873504638672,144076.04039001465,SPY,781
2016-10-13,143704.28331756592,100.14873504638672,143604.13458251953,SPY,781
2016-10-14,143778.43160247803,100.14873504638672,143678.28286743164,SPY,781
2016-10-17,143279.53353118896,100.14873504638672,143179.38479614258,SPY,781
2016-10-18,144176.18912506104,100.14873504638672,144076.04039001465,SPY,781
2016-10-19,144560.46839141846,100.14873504638672,144460.31965637207,SPY,781
2016-10-20,144290.8317642212,100.14873504638672,144190.6830291748,SPY,781
2016-10-21,144358.21112823486,100.14873504638672,144258.06239318848,SPY,781
2016-10-24,144971.66841888428,100.14873504638672,144871.5196838379,SPY,781
2016-10-25,144486.28435516357,100.14873504638672,144386.1356201172,SPY,781
2016-10-26,144196.40055084229,100.14873504638672,144096.2518157959,SPY,781
2016-10-27,143812.12128448486,100.14873504638672,143711.97254943848,SPY,781
2016-10-28,143387.40724945068,100.14873504638672,143287.2585144043,SPY,781
2016-10-31,143394.1523361206,100.14873504638672,143294.00360107422,SPY,781
2016-11-01,142355.92142486572,100.14873504638672,142255.77268981934,SPY,781
2016-11-02,141499.73635101318,100.14873504638672,141399.5876159668,SPY,781
2016-11-03,140852.52979278564,100.14873504638672,140752.38105773926,SPY,781
2016-11-04,140697.51197052002,100.14873504638672,140597.36323547363,SPY,781
2016-11-07,143798.63111114502,100.14873504638672,143698.48237609863,SPY,781
2016-11-08,144445.86150360107,100.14873504638672,144345.7127685547,SPY,781
2016-11-09,145976.23348236084,100.14873504638672,145876.08474731445,SPY,781
2016-11-10,146340.25365447998,100.14873504638672,146240.1049194336,SPY,781
2016-11-11,146003.189994812,100.14873504638672,145903.04125976562,SPY,781
2016-11-14,146117.80879974365,100.14873504638672,146017.66006469727,SPY,781
2016-11-15,147257.16834259033,100.14873504638672,147157.01960754395,SPY,781
2016-11-16,146980.70320892334,100.14873504638672,146880.55447387695,SPY,781
2016-11-17,147735.79540252686,100.14873504638672,147635.64666748047,SPY,781
2016-11-18,147405.46491241455,100.14873504638672,147305.31617736816,SPY,781
2016-11-21,148517.82027435303,100.14873504638672,148417.67153930664,SPY,781
2016-11-22,148807.7398300171,100.14873504638672,148707.5910949707,SPY,781
2016-11-23,148888.62128448486,100.14873504638672,148788.47254943848,SPY,781
2016-11-25,149441.38471221924,100.14873504638672,149341.23597717285,SPY,781
2016-11-28,148740.30088043213,100.14873504638672,148640.15214538574,SPY,781
2016-11-29,149030.17276763916,100.14873504638672,148930.02403259277,SPY,781
2016-11-30,148672.89768218994,100.14873504638672,148572.74894714355,SPY,781
2016-12-01,148126.83167266846,100.14873504638672,148026.68293762207,SPY,781
2016-12-02,148200.95612335205,100.14873504638672,148100.80738830566,SPY,781
2016-12-05,149090.89046478271,100.14873504638672,148990.74172973633,SPY,781
2016-12-06,149562.76052093506,100.14873504638672,149462.61178588867,SPY,781
2016-12-07,151517.87036895752,100.14873504638672,151417.72163391113,SPY,781
2016-12-08,151888.6594619751,100.14873504638672,151788.5107269287,SPY,781
2016-12-09,152805.5026473999,100.14873504638672,152705.35391235352,SPY,781
2016-12-12,152630.2495651245,100.14873504638672,152530.10083007812,SPY,781
2016-12-13,153648.2213821411,100.14873504638672,153548.07264709473,SPY,781
2016-12-14,152380.80052947998,100.14873504638672,152280.6517944336,SPY,781
2016-12-15,153007.7599105835,100.14873504638672,152907.6111755371,SPY,781
2016-12-16,152708.7237625122,100.14873504638672,152608.57502746582,SPY,781
2016-12-19,153041.0086593628,100.14873504638672,152940.8599243164,SPY,781
2016-12-20,153630.97731781006,100.14873504638672,153530.82858276367,SPY,781
2016-12-21,153203.772605896,100.14873504638672,153103.6238708496,SPY,781
2016-12-22,152939.30800628662,100.14873504638672,152839.15927124023,SPY,781
2016-12-23,153163.08757781982,100.14873504638672,153062.93884277344,SPY,781
2016-12-27,153542.82642364502,100.14873504638672,153442.67768859863,SPY,781
2016-12-28,152274.7262954712,100.14873504638672,152174.5775604248,SPY,781
2016-12-29,152240.7982711792,100.14873504638672,152140.6495361328,SPY,781
2016-12-30,151684.72188568115,100.14873504638672,151584.57315063477,SPY,781
2017-01-03,152844.3405227661,100.14873504638672,152744.19178771973,SPY,781
2017-01-04,153753.04431915283,100.14873504638672,153652.89558410645,SPY,781
2017-01-05,153630.97731781006,100.14873504638672,153530.82858276367,SPY,781
2017-01-06,154180.29669952393,100.14873504638672,154080.14796447754,SPY,781
2017-01-09,153671.65042877197,100.14873504638672,153571.5016937256,SPY,781
2017-01-10,153671.65042877197,100.14873504638672,153571.5016937256,SPY,781
2017-01-11,154105.6717300415,100.14873504638672,154005.52299499512,SPY,781
2017-01-12,153719.16396331787,100.14873504638672,153619.01522827148,SPY,781
2017-01-13,154071.77945709229,100.14873504638672,153971.6307220459,SPY,781
2017-01-17,153529.26474761963,100.14873504638672,153429.11601257324,SPY,781
2017-01-18,153868.3304824829,100.14873504638672,153768.18174743652,SPY,781
2017-01-19,153298.716255188,100.14873504638672,153198.5675201416,SPY,781
2017-01-20,153861.57347869873,100.14873504638672,153761.42474365234,SPY,781
2017-01-23,153461.4206161499,100.14873504638672,153361.27188110352,SPY,781
2017-01-24,154444.77321624756,100.14873504638672,154344.62448120117,SPY,781
2017-01-25,155780.6936416626,100.14873504638672,155680.5449066162,SPY,781
2017-01-26,155617.94161224365,100.14873504638672,155517.79287719727,SPY,781
2017-01-27,155373.84336090088,100.14873504638672,155273.6946258545,SPY,781
2017-01-30,154410.88094329834,100.14873504638672,154310.73220825195,SPY,781
2017-01-31,154397.27159881592,100.14873504638672,154297.12286376953,SPY,781
2017-02-01,154458.31105804443,100.14873504638672,154358.16232299805,SPY,781
2017-02-02,154560.04746246338,100.14873504638672,154459.898727417,SPY,781
2017-02-03,155624.74628448486,100.14873504638672,155524.59754943848,SPY,781
2017-02-06,155346.70809173584,100.14873504638672,155246.55935668945,SPY,781
2017-02-07,155353.4412612915,100.14873504638672,155253.29252624512,SPY,781
2017-02-08,155556.89023590088,100.14873504638672,155456.7415008545,SPY,781
2017-02-09,156479.21529388428,100.14873504638672,156379.0665588379,SPY,781
2017-02-10,157096.2834701538,100.14873504638672,156996.13473510742,SPY,781
2017-02-13,157950.7286453247,100.14873504638672,157850.57991027832,SPY,781
2017-02-14,158581.3704147339,100.14873504638672,158481.2216796875,SPY,781
2017-02-15,159408.73990631104,100.14873504638672,159308.59117126465,SPY,781
2017-02-16,159273.11122894287,100.14873504638672,159172.96249389648,SPY,781
2017-02-17,159524.0260696411,100.14873504638672,159423.87733459473,SPY,781
2017-02-21,160473.42681121826,100.14873504638672,160373.27807617188,SPY,781
2017-02-22,160331.0172958374,100.14873504638672,160230.86856079102,SPY,781
2017-02-23,160439.52262115479,100.14873504638672,160339.3738861084,SPY,781
2017-02-24,160642.94776153564,100.14873504638672,160542.79902648926,SPY,781
2017-02-27,160893.8626022339,100.14873504638672,160793.7138671875,SPY,781
2017-02-28,160459.84130096436,100.14873504638672,160359.69256591797,SPY,781
2017-03-01,162704.53702545166,100.14873504638672,162604.38829040527,SPY,781
2017-03-02,161680.49939727783,100.14873504638672,161580.35066223145,SPY,781
2017-03-03,161782.23580169678,100.14873504638672,161682.0870666504,SPY,781
2017-03-06,161300.76055145264,100.14873504638672,161200.61181640625,SPY,781
2017-03-07,160819.2257156372,100.14873504638672,160719.07698059082,SPY,781
2017-03-08,160520.8688430786,100.14873504638672,160420.72010803223,SPY,781
2017-03-09,160724.317817688,100.14873504638672,160624.1690826416,SPY,781
2017-03-10,161287.19887542725,100.14873504638672,161187.05014038086,SPY,781
2017-03-13,161368.55701446533,100.14873504638672,161268.40827941895,SPY,781
2017-03-14,160751.44116973877,100.14873504638672,160651.29243469238,SPY,781
2017-03-15,162141.66788482666,100.14873504638672,162041.51914978027,SPY,781
2017-03-16,161822.9089126587,100.14873504638672,161722.7601776123,SPY,781
2017-03-17,161538.91216278076,100.14873504638672,161438.76342773438,SPY,781
2017-03-20,161361.8119277954,100.14873504638672,161261.66319274902,SPY,781
2017-03-21,159291.2967453003,100.14873504638672,159191.1480102539,SPY,781
2017-03-22,159665.8873977661,100.14873504638672,159565.73866271973,SPY,781
2017-03-23,159495.66333770752,100.14873504638672,159395.51460266113,SPY,781
2017-03-24,159379.84090423584,100.14873504638672,159279.69216918945,SPY,781
2017-03-27,159216.38576507568,100.14873504638672,159116.2370300293,SPY,781
2017-03-28,160374.2406692505,100.14873504638672,160274.0919342041,SPY,781
2017-03-29,160524.0626296997,100.14873504638672,160423.91389465332,SPY,781
2017-03-30,161034.86589813232,100.14873504638672,160934.71716308594,SPY,781
2017-03-31,160660.2752456665,100.14873504638672,160560.12651062012,SPY,781
2017-04-03,160381.05725860596,100.14873504638672,160280.90852355957,SPY,781
2017-04-04,160483.1869277954,100.14873504638672,160383.03819274902,SPY,781
2017-04-05,160006.44277191162,100.14873504638672,159906.29403686523,SPY,781
2017-04-06,160455.99207305908,100.14873504638672,160355.8433380127,SPY,781
2017-04-07,160292.50118255615,100.14873504638672,160192.35244750977,SPY,781
2017-04-10,160387.83809661865,100.14873504638672,160287.68936157227,SPY,781
2017-04-11,160197.12851715088,100.14873504638672,160096.9797821045,SPY,781
2017-04-12,159495.66333770752,100.14873504638672,159395.51460266113,SPY,781
2017-04-13,158460.3521194458,100.14873504638672,158360.2033843994,SPY,781
2017-04-17,159863.4016494751,100.14873504638672,159763.2529144287,SPY,781
2017-04-18,159386.6336593628,100.14873504638672,159286.4849243164,SPY,781
2017-04-19,159093.7824935913,100.14873504638672,158993.63375854492,SPY,781
2017-04-20,160387.83809661865,100.14873504638672,160287.68936157227,SPY,781
2017-04-21,159877.03482818604,100.14873504638672,159776.88609313965,SPY,781
2017-04-24,161634.20140838623,100.14873504638672,161534.05267333984,SPY,781
2017-04-25,162574.1637954712,100.14873504638672,162474.0150604248,SPY,781
2017-04-26,162471.97454071045,100.14873504638672,162371.82580566406,SPY,781
2017-04-27,162608.18715667725,100.14873504638672,162508.03842163086,SPY,781
2017-04-28,162254.01052093506,100.14873504638672,162153.86178588867,SPY,781
2017-05-01,162662.68412017822,100.14873504638672,162562.53538513184,SPY,781
2017-05-02,162724.00959014893,100.14873504638672,162623.86085510254,SPY,781
2017-05-03,162526.48342132568,100.14873504638672,162426.3346862793,SPY,781
2017-05-04,162717.15724945068,100.14873504638672,162617.0085144043,SPY,781
2017-05-05,163357.3922958374,100.14873504638672,163257.24356079102,SPY,781
2017-05-08,163330.18552398682,100.14873504638672,163230.03678894043,SPY,781
2017-05-09,163180.31589508057,100.14873504638672,163080.16716003418,SPY,781
2017-05-10,163473.1789779663,100.14873504638672,163373.03024291992,SPY,781
2017-05-11,163139.47594451904,100.14873504638672,163039.32720947266,SPY,781
2017-05-12,162867.00304412842,100.14873504638672,162766.85430908203,SPY,781
2017-05-15,163766.06589508057,100.14873504638672,163665.91716003418,SPY,781
2017-05-16,163616.24393463135,100.14873504638672,163516.09519958496,SPY,781
2017-05-17,160714.77220916748,100.14873504638672,160614.6234741211,SPY,781
2017-05-18,161361.8119277954,100.14873504638672,161261.66319274902,SPY,781
2017-05-19,162410.67290496826,100.14873504638672,162310.52416992188,SPY,781
2017-05-22,163234.80094146729,100.14873504638672,163134.6522064209,SPY,781
2017-05-23,163595.78224945068,100.14873504638672,163495.6335144043,SPY,781
2017-05-24,163977.16565704346,100.14873504638672,163877.01692199707,SPY,781
2017-05-25,164760.45374298096,100.14873504638672,164660.30500793457,SPY,781
2017-05-26,164726.41846466064,100.14873504638672,164626.26972961426,SPY,781
2017-05-30,164583.34159088135,100.14873504638672,164483.19285583496,SPY,781
2017-05-31,164542.52547454834,100.14873504638672,164442.37673950195,SPY,781
2017-06-01,165850.1665878296,100.14873504638672,165750.0178527832,SPY,781
2017-06-02,166401.86939239502,100.14873504638672,166301.72065734863,SPY,781
2017-06-05,166279.26612091064,100.14873504638672,166179.11738586426,SPY,781
2017-06-06,165748.03691864014,100.14873504638672,165647.88818359375,SPY,781
2017-06-07,166054.5093460083,100.14873504638672,165954.3606109619,SPY,781
2017-06-08,166136.2607498169,100.14873504638672,166036.1120147705,SPY,781
2017-06-09,165884.23761749268,100.14873504638672,165784.0888824463,SPY,781
2017-06-12,165850.1665878296,100.14873504638672,165750.0178527832,SPY,781
2017-06-13,166660.67336273193,100.14873504638672,166560.52462768555,SPY,781
2017-06-14,166449.53784942627,100.14873504638672,166349.38911437988,SPY,781
2017-06-15,166129.45607757568,100.14873504638672,166029.3073425293,SPY,781
2017-06-16,166165.70793914795,100.14873504638672,166065.55920410156,SPY,781
2017-06-19,167548.22428131104,100.14873504638672,167448.07554626465,SPY,781
2017-06-20,166418.95853424072,100.14873504638672,166318.80979919434,SPY,781
2017-06-21,166377.8921585083,100.14873504638672,166277.7434234619,SPY,781
2017-06-22,166302.59983062744,100.14873504638672,166202.45109558105,SPY,781
2017-06-23,166501.11511993408,100.14873504638672,166400.9663848877,SPY,781
2017-06-26,166610.58573150635,100.14873504638672,166510.43699645996,SPY,781
2017-06-27,165269.14768218994,100.14873504638672,165168.99894714355,SPY,781
2017-06-28,166747.45378875732,100.14873504638672,166647.30505371094,SPY,781
2017-06-29,165282.8285293579,100.14873504638672,165182.67979431152,SPY,781
2017-06-30,165590.7905960083,100.14873504638672,165490.6418609619,SPY,781
2017-07-03,165871.42671966553,100.14873504638672,165771.27798461914,SPY,781
2017-07-05,166254.7049484253,100.14873504638672,166154.5562133789,SPY,781
2017-07-06,164735.28479766846,100.14873504638672,164635.13606262207,SPY,781
2017-07-07,165802.97481536865,100.14873504638672,165702.82608032227,SPY,781
2017-07-10,165980.90924835205,100.14873504638672,165880.76051330566,SPY,781
2017-07-11,165857.68628692627,100.14873504638672,165757.53755187988,SPY,781
2017-07-12,167103.33457183838,100.14873504638672,167003.185836792,SPY,781
2017-07-13,167383.95877838135,100.14873504638672,167283.81004333496,SPY,781
2017-07-14,168164.1841659546,100.14873504638672,168064.0354309082,SPY,781
2017-07-17,168143.65097808838,100.14873504638672,168043.502243042,SPY,781
2017-07-18,168232.6241531372,100.14873504638672,168132.47541809082,SPY,781
2017-07-19,169142.91292572021,100.14873504638672,169042.76419067383,SPY,781
2017-07-20,169218.20525360107,100.14873504638672,169118.0565185547,SPY,781
2017-07-21,169067.6325149536,100.14873504638672,168967.48377990723,SPY,781
2017-07-24,169026.53038787842,100.14873504638672,168926.38165283203,SPY,781
2017-07-25,169437.2298965454,100.14873504638672,169337.08116149902,SPY,781
2017-07-26,169444.04648590088,100.14873504638672,169343.8977508545,SPY,781
2017-07-27,169286.63332366943,100.14873504638672,169186.48458862305,SPY,781
2017-07-28,169088.16570281982,100.14873504638672,168988.01696777344,SPY,781
2017-07-31,168992.34018707275,100.14873504638672,168892.19145202637,SPY,781
2017-08-01,169368.7899093628,100.14873504638672,169268.6411743164,SPY,781
2017-08-02,169450.89882659912,100.14873504638672,169350.75009155273,SPY,781
2017-08-03,169122.39165496826,100.14873504638672,169022.24291992188,SPY,781
2017-08-04,169430.38947296143,100.14873504638672,169330.24073791504,SPY,781
2017-08-07,169745.16812896729,100.14873504638672,169645.0193939209,SPY,781
2017-08-08,169327.66394805908,100.14873504638672,169227.5152130127,SPY,781
2017-08-09,169320.85927581787,100.14873504638672,169220.71054077148,SPY,781
2017-08-10,166932.25247955322,100.14873504638672,166832.10374450684,SPY,781
2017-08-11,167178.65073394775,100.14873504638672,167078.50199890137,SPY,781
2017-08-14,168834.91510772705,100.14873504638672,168734.76637268066,SPY,781
2017-08-15,168814.35808563232,100.14873504638672,168714.20935058594,SPY,781
2017-08-16,169108.67505645752,100.14873504638672,169008.52632141113,SPY,781
2017-08-17,166473.7415084839,100.14873504638672,166373.5927734375,SPY,781
2017-08-18,166213.61473846436,100.14873504638672,166113.46600341797,SPY,781
2017-08-21,166343.67812347412,100.14873504638672,166243.52938842773,SPY,781
2017-08-22,168082.0394973755,100.14873504638672,167981.8907623291,SPY,781
2017-08-23,167479.77237701416,100.14873504638672,167379.62364196777,SPY,781
2017-08-24,167089.67755889893,100.14873504638672,166989.52882385254,SPY,781
2017-08-25,167479.77237701416,100.14873504638672,167379.62364196777,SPY,781
2017-08-28,167486.63663482666,100.14873504638672,167386.48789978027,SPY,781
2017-08-29,167678.27574920654,100.14873504638672,167578.12701416016,SPY,781
2017-08-30,168472.20581817627,100.14873504638672,168372.05708312988,SPY,781
2017-08-31,169485.10094451904,100.14873504638672,169384.95220947266,SPY,781
2017-09-01,169724.63494110107,100.14873504638672,169624.4862060547,SPY,781
2017-09-05,168506.41985321045,100.14873504638672,168406.27111816406,SPY,781
2017-09-06,169081.31336212158,100.14873504638672,168981.1646270752,SPY,781
2017-09-07,169060.79209136963,100.14873504638672,168960.64335632324,SPY,781
2017-09-08,168862.28871917725,100.14873504638672,168762.13998413086,SPY,781
2017-09-11,170662.29732513428,100.14873504638672,170562.1485900879,SPY,781
2017-09-12,171237.21466827393,100.14873504638672,171137.06593322754,SPY,781
2017-09-13,171319.29975128174,100.14873504638672,171219.15101623535,SPY,781
2017-09-14,171264.57636260986,100.14873504638672,171164.42762756348,SPY,781
2017-09-15,171495.01760101318,100.14873504638672,171394.8688659668,SPY,781
2017-09-18,171859.53829193115,100.14873504638672,171759.38955688477,SPY,781
2017-09-19,172031.47841644287,100.14873504638672,171931.32968139648,SPY,781
2017-09-20,172093.3878250122,100.14873504638672,171993.23908996582,SPY,781
2017-09-21,171632.54109954834,100.14873504638672,171532.39236450195,SPY,781
2017-09-22,171666.9577255249,100.14873504638672,171566.80899047852,SPY,781
2017-09-25,171316.18938446045,100.14873504638672,171216.04064941406,SPY,781
2017-09-26,171419.34392547607,100.14873504638672,171319.1951904297,SPY,781
2017-09-27,172086.5235671997,100.14873504638672,171986.37483215332,SPY,781
2017-09-28,172292.83264923096,100.14873504638672,172192.68391418457,SPY,781
2017-09-29,172898.13863372803,100.14873504638672,172797.98989868164,SPY,781
2017-10-02,173647.85620880127,100.14873504638672,173547.70747375488,SPY,781
2017-10-03,174019.24115753174,100.14873504638672,173919.09242248535,SPY,781
2017-10-04,174225.5740737915,100.14873504638672,174125.42533874512,SPY,781
2017-10-05,175257.28632354736,100.14873504638672,175157.13758850098,SPY,781
2017-10-06,175057.8176651001,100.14873504638672,174957.6689300537,SPY,781
2017-10-09,174768.9825668335,100.14873504638672,174668.8338317871,SPY,781
2017-10-10,175229.80545806885,100.14873504638672,175129.65672302246,SPY,781
2017-10-11,175504.9239578247,100.14873504638672,175404.77522277832,SPY,781
2017-10-12,175243.5458908081,100.14873504638672,175143.39715576172,SPY,781
2017-10-13,175456.74306488037,100.14873504638672,175356.59432983398,SPY,781
2017-10-16,175690.61643218994,100.14873504638672,175590.46769714355,SPY,781
2017-10-17,175814.4710006714,100.14873504638672,175714.322265625,SPY,781
2017-10-18,175986.35153961182,100.14873504638672,175886.20280456543,SPY,781
2017-10-19,176034.56818389893,100.14873504638672,175934.41944885254,SPY,781
2017-10-20,176942.42586517334,100.14873504638672,176842.27713012695,SPY,781
2017-10-23,176254.61769866943,100.14873504638672,176154.46896362305,SPY,781
2017-10-24,176564.15282440186,100.14873504638672,176464.00408935547,SPY,781
2017-10-25,175690.61643218994,100.14873504638672,175590.46769714355,SPY,781
2017-10-26,175917.56595611572,100.14873504638672,175817.41722106934,SPY,781
2017-10-27,177355.10361480713,100.14873504638672,177254.95487976074,SPY,781
2017-10-30,176694.83589935303,100.14873504638672,176594.68716430664,SPY,781
2017-10-31,176969.93056488037,100.14873504638672,176869.78182983398,SPY,781
2017-11-01,177203.8158493042,100.14873504638672,177103.6671142578,SPY,781
2017-11-02,177272.58951568604,100.14873504638672,177172.44078063965,SPY,781
2017-11-03,177864.0835647583,100.14873504638672,177763.9348297119,SPY,781
2017-11-06,178139.2497329712,100.14873504638672,178039.1009979248,SPY,781
2017-11-07,178015.4666671753,100.14873504638672,177915.3179321289,SPY,781
2017-11-08,178318.00644683838,100.14873504638672,178217.857711792,SPY,781
2017-11-09,177671.52683258057,100.14873504638672,177571.37809753418,SPY,781
2017-11-10,177616.52935028076,100.14873504638672,177516.38061523438,SPY,781
2017-11-13,177781.58138275146,100.14873504638672,177681.43264770508,SPY,781
2017-11-14,177368.8678817749,100.14873504638672,177268.71914672852,SPY,781
2017-11-15,176481.61489105225,100.14873504638672,176381.46615600586,SPY,781
2017-11-16,177981.01428985596,100.14873504638672,177880.86555480957,SPY,781
2017-11-17,177458.25815582275,100.14873504638672,177358.10942077637,SPY,781
2017-11-20,177760.92902374268,100.14873504638672,177660.7802886963,SPY,781
2017-11-21,178923.34818267822,100.14873504638672,178823.19944763184,SPY,781
2017-11-22,178765.14849090576,100.14873504638672,178664.99975585938,SPY,781
2017-11-24,179177.76665496826,100.14873504638672,179077.61791992188,SPY,781
2017-11-27,179088.42404937744,100.14873504638672,178988.27531433105,SPY,781
2017-11-28,180904.23474884033,100.14873504638672,180804.08601379395,SPY,781
2017-11-29,180794.14444732666,100.14873504638672,180693.99571228027,SPY,781
2017-11-30,182376.14136505127,100.14873504638672,182275.99263000488,SPY,781
2017-12-01,181997.79682159424,100.14873504638672,181897.64808654785,SPY,781
2017-12-04,181777.77114105225,100.14873504638672,181677.62240600586,SPY,781
2017-12-05,181124.2961807251,100.14873504638672,181024.1474456787,SPY,781
2017-12-06,181158.66513824463,100.14873504638672,181058.51640319824,SPY,781
2017-12-07,181729.60216522217,100.14873504638672,181629.45343017578,SPY,781
2017-12-08,182719.98586273193,100.14873504638672,182619.83712768555,SPY,781
2017-12-11,183270.28244781494,100.14873504638672,183170.13371276855,SPY,781
2017-12-12,183593.56992340088,100.14873504638672,183493.4211883545,SPY,781
2017-12-13,183572.92948150635,100.14873504638672,183472.78074645996,SPY,781
2017-12-14,182823.2119064331,100.14873504638672,182723.06317138672,SPY,781
2017-12-15,184344.81288909912,100.14873504638672,184244.66415405273,SPY,781
2017-12-18,185513.17868804932,100.14873504638672,185413.02995300293,SPY,781
2017-12-19,184801.09535980225,100.14873504638672,184700.94662475586,SPY,781
2017-12-20,184704.25688934326,100.14873504638672,184604.10815429688,SPY,781
2017-12-21,185084.53200531006,100.14873504638672,184984.38327026367,SPY,781
2017-12-22,185036.12468719482,100.14873504638672,184935.97595214844,SPY,781
2017-12-26,184814.90729522705,100.14873504638672,184714.75856018066,SPY,781
2017-12-27,184904.7504196167,100.14873504638672,184804.6016845703,SPY,781
2017-12-28,185285.00170135498,100.14873504638672,185184.8529663086,SPY,781
2017-12-29,184586.7660598755,100.14873504638672,184486.6173248291,SPY,781
2018-01-02,185907.1823196411,100.14873504638672,185807.03358459473,SPY,781
2018-01-03,187082.3885421753,100.14873504638672,186982.2398071289,SPY,781
2018-01-04,187870.53881072998,100.14873504638672,187770.3900756836,SPY,781
2018-01-05,189121.89539337158,100.14873504638672,189021.7466583252,SPY,781
2018-01-08,189467.5632095337,100.14873504638672,189367.4144744873,SPY,781
2018-01-09,189896.1145553589,100.14873504638672,189795.9658203125,SPY,781
2018-01-10,189605.7779006958,100.14873504638672,189505.6291656494,SPY,781
2018-01-11,190988.41341400146,100.14873504638672,190888.26467895508,SPY,781
2018-01-12,192232.85807037354,100.14873504638672,192132.70933532715,SPY,781
2018-01-16,191575.97481536865,100.14873504638672,191475.82608032227,SPY,781
2018-01-17,193401.16428375244,100.14873504638672,193301.01554870605,SPY,781
2018-01-18,193076.24416351318,100.14873504638672,192976.0954284668,SPY,781
2018-01-19,193954.17797088623,100.14873504638672,193854.02923583984,SPY,781
2018-01-22,195530.49042510986,100.14873504638672,195430.34169006348,SPY,781
2018-01-23,195945.217918396,100.14873504638672,195845.0691833496,SPY,781
2018-01-24,195869.1986465454,100.14873504638672,195769.04991149902,SPY,781
2018-01-25,195952.106010437,100.14873504638672,195851.95727539062,SPY,781
2018-01-26,198219.67067718506,100.14873504638672,198119.52194213867,SPY,781
2018-01-29,196906.1305923462,100.14873504638672,196805.9818572998,SPY,781
2018-01-30,194887.49060821533,100.14873504638672,194787.34187316895,SPY,781
2018-01-31,194984.2456588745,100.14873504638672,194884.09692382812,SPY,781
2018-02-01,194763.040184021,100.14873504638672,194662.8914489746,SPY,781
2018-02-02,190525.2786026001,100.14873504638672,190425.1298675537,SPY,781
2018-02-05,182561.19031524658,100.14873504638672,182461.0415802002,SPY,781
2018-02-06,186156.03549957275,100.14873504638672,186055.88676452637,SPY,781
2018-02-07,185146.7750930786,100.14873504638672,185046.62635803223,SPY,781
2018-02-08,178205.87831878662,100.14873504638672,178105.72958374023,SPY,781
2018-02-09,180881.23471832275,100.14873504638672,180781.08598327637,SPY,781
2018-02-12,183535.9387588501,100.14873504638672,183435.7900238037,SPY,781
2018-02-13,183992.20931243896,100.14873504638672,183892.06057739258,SPY,781
2018-02-14,186474.04369354248,100.14873504638672,186373.8949584961,SPY,781
2018-02-15,188852.2349319458,100.14873504638672,188752.0861968994,SPY,781
2018-02-16,188907.56609344482,100.14873504638672,188807.41735839844,SPY,781
2018-02-20,187725.3406906128,100.14873504638672,187625.1919555664,SPY,781
2018-02-21,186792.12339019775,100.14873504638672,186691.97465515137,SPY,781
2018-02-22,187034.0527267456,100.14873504638672,186933.90399169922,SPY,781
2018-02-23,190013.62921905518,100.14873504638672,189913.4804840088,SPY,781
2018-02-26,192218.9388809204,100.14873504638672,192118.79014587402,SPY,781
2018-02-27,189820.08336639404,100.14873504638672,189719.93463134766,SPY,781
2018-02-28,187898.2461013794,100.14873504638672,187798.097366333,SPY,781
2018-03-01,185167.47512054443,100.14873504638672,185067.32638549805,SPY,781
2018-03-02,186121.46395111084,100.14873504638672,186021.31521606445,SPY,781
2018-03-05,188271.5377883911,100.14873504638672,188171.38905334473,SPY,781
2018-03-06,188748.54412078857,100.14873504638672,188648.3953857422,SPY,781
2018-03-07,188679.44869232178,100.14873504638672,188579.2999572754,SPY,781
2018-03-08,189591.94213104248,100.14873504638672,189491.7933959961,SPY,781
2018-03-09,192889.56256866455,100.14873504638672,192789.41383361816,SPY,781
2018-03-12,192647.58556365967,100.14873504638672,192547.43682861328,SPY,781
2018-03-13,191403.23624420166,100.14873504638672,191303.08750915527,SPY,781
2018-03-14,190421.54012298584,100.14873504638672,190321.39138793945,SPY,781
2018-03-15,190214.13466644287,100.14873504638672,190113.98593139648,SPY,781
2018-03-16,190420.32457733154,100.14873504638672,190320.17584228516,SPY,781
2018-03-19,187845.23877716064,100.14873504638672,187745.09004211426,SPY,781
2018-03-20,188164.53401947021,100.14873504638672,188064.38528442383,SPY,781
2018-03-21,187803.5288772583,100.14873504638672,187703.3801422119,SPY,781
2018-03-22,183111.5107345581,100.14873504638672,183011.36199951172,SPY,781
2018-03-23,179210.66980743408,100.14873504638672,179110.5210723877,SPY,781
2018-03-26,184110.99910736084,100.14873504638672,184010.85037231445,SPY,781
2018-03-27,180980.63536834717,100.14873504638672,180880.48663330078,SPY,781
2018-03-28,180446.16471099854,100.14873504638672,180346.01597595215,SPY,781
2018-03-29,182750.55326080322,100.14873504638672,182650.40452575684,SPY,781
2018-04-02,178808.1335220337,100.14873504638672,178707.9847869873,SPY,781
2018-04-03,181098.63863372803,100.14873504638672,180998.48989868164,SPY,781
2018-04-04,183035.1577835083,100.14873504638672,182935.0090484619,SPY,781
2018-04-05,184478.83275604248,100.14873504638672,184378.6840209961,SPY,781
2018-04-06,180369.81175994873,100.14873504638672,180269.66302490234,SPY,781
2018-04-09,181258.25646209717,100.14873504638672,181158.10772705078,SPY,781
2018-04-10,184138.7779006958,100.14873504638672,184038.6291656494,SPY,781
2018-04-11,183173.9683303833,100.14873504638672,183073.8195953369,SPY,781
2018-04-12,184680.1485671997,100.14873504638672,184579.99983215332,SPY,781
2018-04-13,184138.7779006958,100.14873504638672,184038.6291656494,SPY,781
2018-04-16,185651.87006378174,100.14873504638672,185551.72132873535,SPY,781
2018-04-17,187636.9752883911,100.14873504638672,187536.82655334473,SPY,781
2018-04-18,187775.75008392334,100.14873504638672,187675.60134887695,SPY,781
2018-04-19,186734.67098236084,100.14873504638672,186634.52224731445,SPY,781
2018-04-20,185152.12587738037,100.14873504638672,185051.97714233398,SPY,781
2018-04-23,185124.37091827393,100.14873504638672,185024.22218322754,SPY,781
2018-04-24,182632.6214981079,100.14873504638672,182532.47276306152,SPY,781
2018-04-25,183083.7438583374,100.14873504638672,182983.59512329102,SPY,781
2018-04-26,184943.94580841064,100.14873504638672,184843.79707336426,SPY,781
2018-04-27,185117.41132354736,100.14873504638672,185017.26258850098,SPY,781
2018-04-30,183694.54363250732,100.14873504638672,183594.39489746094,SPY,781
2018-05-01,184020.77463531494,100.14873504638672,183920.62590026855,SPY,781
2018-05-02,182785.29164886475,100.14873504638672,182685.14291381836,SPY,781
2018-05-03,182382.70769500732,100.14873504638672,182282.55895996094,SPY,781
2018-05-04,184742.57041168213,100.14873504638672,184642.42167663574,SPY,781
2018-05-07,185367.26554107666,100.14873504638672,185267.11680603027,SPY,781
2018-05-08,185367.26554107666,100.14873504638672,185267.11680603027,SPY,781
2018-05-09,187158.05030059814,100.14873504638672,187057.90156555176,SPY,781
2018-05-10,188907.16091156006,100.14873504638672,188807.01217651367,SPY,781
2018-05-11,189483.25804901123,100.14873504638672,189383.10931396484,SPY,781
2018-05-14,189573.47060394287,100.14873504638672,189473.32186889648,SPY,781
2018-05-15,188268.65384674072,100.14873504638672,188168.50511169434,SPY,781
2018-05-16,189059.84297943115,100.14873504638672,188959.69424438477,SPY,781
2018-05-17,188900.29665374756,100.14873504638672,188800.14791870117,SPY,781
2018-05-18,188428.2597579956,100.14873504638672,188328.11102294922,SPY,781
2018-05-21,189844.1916885376,100.14873504638672,189744.0429534912,SPY,781
2018-05-22,189316.66870880127,100.14873504638672,189216.51997375488,SPY,781
2018-05-23,189837.2440109253,100.14873504638672,189737.0952758789,SPY,781
2018-05-24,189448.56732940674,100.14873504638672,189348.41859436035,SPY,781
2018-05-25,188997.40921783447,100.14873504638672,188897.2604827881,SPY,781
2018-05-29,186824.94312286377,100.14873504638672,186724.79438781738,SPY,781
2018-05-30,189316.66870880127,100.14873504638672,189216.51997375488,SPY,781
2018-05-31,188157.5625076294,100.14873504638672,188057.413772583,SPY,781
2018-06-01,190003.8452682495,100.14873504638672,189903.69653320312,SPY,781
2018-06-04,190906.16149139404,100.14873504638672,190806.01275634766,SPY,781
2018-06-05,191045.00778961182,100.14873504638672,190944.85905456543,SPY,781
2018-06-06,192641.34099578857,100.14873504638672,192541.1922607422,SPY,781
2018-06-07,192620.58138275146,100.14873504638672,192520.43264770508,SPY,781
2018-06-08,193189.7665939331,100.14873504638672,193089.61785888672,SPY,781
2018-06-11,193446.55657196045,100.14873504638672,193346.40783691406,SPY,781
2018-06-12,193696.37503814697,100.14873504638672,193596.2263031006,SPY,781
2018-06-13,193078.66333770752,100.14873504638672,192978.51460266113,SPY,781
2018-06-14,193564.54792022705,100.14873504638672,193464.39918518066,SPY,781
2018-06-15,193317.70873260498,100.14873504638672,193217.5599975586,SPY,781
2018-06-18,192920.29680633545,100.14873504638672,192820.14807128906,SPY,781
2018-06-19,192181.2569656372,100.14873504638672,192081.10823059082,SPY,781
2018-06-20,192508.97760772705,100.14873504638672,192408.82887268066,SPY,781
2018-06-21,191302.76305389404,100.14873504638672,191202.61431884766,SPY,781
2018-06-22,191651.37439727783,100.14873504638672,191551.22566223145,SPY,781
2018-06-25,189043.77870941162,100.14873504638672,188943.62997436523,SPY,781
2018-06-26,189462.12900543213,100.14873504638672,189361.98027038574,SPY,781
2018-06-27,187893.467338562,100.14873504638672,187793.31860351562,SPY,781
2018-06-28,188967.13974761963,100.14873504638672,188866.99101257324,SPY,781
2018-06-29,189239.05254364014,100.14873504638672,189138.90380859375,SPY,781
2018-07-02,189643.44789886475,100.14873504638672,189543.29916381836,SPY,781
2018-07-03,188974.0397567749,100.14873504638672,188873.89102172852,SPY,781
2018-07-05,190514.92263031006,100.14873504638672,190414.77389526367,SPY,781
2018-07-06,192125.48487091064,100.14873504638672,192025.33613586426,SPY,781
2018-07-09,193854.53897857666,100.14873504638672,193754.39024353027,SPY,781
2018-07-10,194551.76166534424,100.14873504638672,194451.61293029785,SPY,781
2018-07-11,193129.47791290283,100.14873504638672,193029.32917785645,SPY,781
2018-07-12,194879.5061416626,100.14873504638672,194779.3574066162,SPY,781
2018-07-13,195032.85556793213,100.14873504638672,194932.70683288574,SPY,781
2018-07-16,194858.59160614014,100.14873504638672,194758.44287109375,SPY,781
2018-07-17,195646.36052703857,100.14873504638672,195546.2117919922,SPY,781
2018-07-18,196057.77506256104,100.14873504638672,195957.62632751465,SPY,781
2018-07-19,195318.6756362915,100.14873504638672,195218.52690124512,SPY,781
2018-07-20,195095.64684295654,100.14873504638672,194995.49810791016,SPY,781
2018-07-23,195458.20121002197,100.14873504638672,195358.0524749756,SPY,781
2018-07-24,196441.2201309204,100.14873504638672,196341.07139587402,SPY,781
2018-07-25,198114.50214385986,100.14873504638672,198014.35340881348,SPY,781
2018-07-26,197647.33934783936,100.14873504638672,197547.19061279297,SPY,781
2018-07-27,196308.74948883057,100.14873504638672,196208.60075378418,SPY,781
2018-07-30,195283.85382843018,100.14873504638672,195183.7050933838,SPY,781
2018-07-31,196246.01779937744,100.14873504638672,196145.86906433105,SPY,781
2018-08-01,195918.27332305908,100.14873504638672,195818.1245880127,SPY,781
2018-08-02,196985.06955718994,100.14873504638672,196884.92082214355,SPY,781
2018-08-03,197828.63440704346,100.14873504638672,197728.48567199707,SPY,781
2018-08-06,198553.75505828857,100.14873504638672,198453.6063232422,SPY,781
2018-08-07,199209.11292266846,100.14873504638672,199108.96418762207,SPY,781
2018-08-08,199125.47861480713,100.14873504638672,199025.32987976074,SPY,781
2018-08-09,198853.58965301514,100.14873504638672,198753.44091796875,SPY,781
2018-08-10,197521.89980316162,100.14873504638672,197421.75106811523,SPY,781
2018-08-13,196782.91954803467,100.14873504638672,196682.77081298828,SPY,781
2018-08-14,198037.79167938232,100.14873504638672,197937.64294433594,SPY,781
2018-08-15,196559.7239151001,100.14873504638672,196459.5751800537,SPY,781
2018-08-16,198149.33586883545,100.14873504638672,198049.18713378906,SPY,781
2018-08-17,198846.57047271729,100.14873504638672,198746.4217376709,SPY,781
2018-08-20,199271.8922805786,100.14873504638672,199171.74354553223,SPY,781
2018-08-21,199739.0074081421,100.14873504638672,199638.8586730957,SPY,781
2018-08-22,199620.53937530518,100.14873504638672,199520.3906402588,SPY,781
2018-08-23,199355.57425689697,100.14873504638672,199255.4255218506,SPY,781
2018-08-24,200554.75771331787,100.14873504638672,200454.60897827148,SPY,781
2018-08-27,202137.46965789795,100.14873504638672,202037.32092285156,SPY,781
2018-08-28,202235.0231552124,100.14873504638672,202134.87442016602,SPY,781
2018-08-29,203322.65050506592,100.14873504638672,203222.50177001953,SPY,781
2018-08-30,202500.05977630615,100.14873504638672,202399.91104125977,SPY,781
2018-08-31,202506.92403411865,100.14873504638672,202406.77529907227,SPY,781
2018-09-04,202158.3007736206,100.14873504638672,202058.15203857422,SPY,781
2018-09-05,201614.4990158081,100.14873504638672,201514.35028076172,SPY,781
2018-09-06,201007.94173431396,100.14873504638672,200907.79299926758,SPY,781
2018-09-07,200617.53707122803,100.14873504638672,200517.38833618164,SPY,781
2018-09-10,200966.11266326904,100.14873504638672,200865.96392822266,SPY,781
2018-09-11,201628.46587371826,100.14873504638672,201528.31713867188,SPY,781
2018-09-12,201677.25453948975,100.14873504638672,201577.10580444336,SPY,781
2018-09-13,202869.49031829834,100.14873504638672,202769.34158325195,SPY,781
2018-09-14,202904.3597946167,100.14873504638672,202804.2110595703,SPY,781
2018-09-17,201830.6277999878,100.14873504638672,201730.4790649414,SPY,781
2018-09-18,202925.2624130249,100.14873504638672,202825.11367797852,SPY,781
2018-09-19,203141.36736297607,100.14873504638672,203041.2186279297,SPY,781
2018-09-20,204786.78716278076,100.14873504638672,204686.63842773438,SPY,781
2018-09-21,204599.78380584717,100.14873504638672,204499.63507080078,SPY,781
2018-09-24,203920.4367904663,100.14873504638672,203820.28805541992,SPY,781
2018-09-25,203731.38368988037,100.14873504638672,203631.23495483398,SPY,781
2018-09-26,203122.06163787842,100.14873504638672,203021.91290283203,SPY,781
2018-09-27,203689.36394500732,100.14873504638672,203589.21520996094,SPY,781
2018-09-28,203710.3619003296,100.14873504638672,203610.2131652832,SPY,781
2018-10-01,204417.76180267334,100.14873504638672,204317.61306762695,SPY,781
2018-10-02,204298.63832855225,100.14873504638672,204198.48959350586,SPY,781
2018-10-03,204410.73070526123,100.14873504638672,204310.58197021484,SPY,781
2018-10-04,202813.86122894287,100.14873504638672,202713.71249389648,SPY,781
2018-10-05,201679.23278045654,100.14873504638672,201579.08404541016,SPY,781
2018-10-08,201679.23278045654,100.14873504638672,201579.08404541016,SPY,781
2018-10-09,201385.11840057373,100.14873504638672,201284.96966552734,SPY,781
2018-10-10,195011.7622756958,100.14873504638672,194911.6135406494,SPY,781
2018-10-11,190718.57419586182,100.14873504638672,190618.42546081543,SPY,781
2018-10-12,193365.90154266357,100.14873504638672,193265.7528076172,SPY,781
2018-10-15,192280.35968780518,100.14873504638672,192180.2109527588,SPY,781
2018-10-16,196482.59635162354,100.14873504638672,196382.44761657715,SPY,781
2018-10-17,196517.62075042725,100.14873504638672,196417.47201538086,SPY,781
2018-10-18,193681.09729766846,100.14873504638672,193580.94856262207,SPY,781
2018-10-19,193576.03601837158,100.14873504638672,193475.8872833252,SPY,781
2018-10-22,192707.64781951904,100.14873504638672,192607.49908447266,SPY,781
2018-10-23,191727.10765838623,100.14873504638672,191626.95892333984,SPY,781
2018-10-24,185921.0538406372,100.14873504638672,185820.90510559082,SPY,781
2018-10-25,189254.7712173462,100.14873504638672,189154.6224822998,SPY,781
2018-10-26,185928.04918670654,100.14873504638672,185827.90045166016,SPY,781
2018-10-29,184898.54160308838,100.14873504638672,184798.392868042,SPY,781
2018-10-30,187636.9514541626,100.14873504638672,187536.8027191162,SPY,781
2018-10-31,189639.96810150146,100.14873504638672,189539.81936645508,SPY,781
2018-11-01,191657.10652923584,100.14873504638672,191556.95779418945,SPY,781
2018-11-02,190522.454246521,100.14873504638672,190422.3055114746,SPY,781
2018-11-05,191573.06703948975,100.14873504638672,191472.91830444336,SPY,781
2018-11-06,192784.62046051025,100.14873504638672,192684.47172546387,SPY,781
2018-11-07,196909.8606491089,100.14873504638672,196809.7119140625,SPY,781
2018-11-08,196552.62131500244,100.14873504638672,196452.47257995605,SPY,781
2018-11-09,194633.59648895264,100.14873504638672,194533.44775390625,SPY,781
2018-11-12,190998.66213226318,100.14873504638672,190898.5133972168,SPY,781
2018-11-13,190641.5181350708,100.14873504638672,190541.3694000244,SPY,781
2018-11-14,189338.84645843506,100.14873504638672,189238.69772338867,SPY,781
2018-11-15,191313.89363861084,100.14873504638672,191213.74490356445,SPY,781
2018-11-16,191811.11139678955,100.14873504638672,191710.96266174316,SPY,781
2018-11-19,188568.4526901245,100.14873504638672,188468.30395507812,SPY,781
2018-11-20,185080.57552337646,100.14873504638672,184980.42678833008,SPY,781
2018-11-21,185710.99086761475,100.14873504638672,185610.84213256836,SPY,781
2018-11-23,184471.30113983154,100.14873504638672,184371.15240478516,SPY,781
2018-11-26,187447.8626022339,100.14873504638672,187347.7138671875,SPY,781
2018-11-27,188078.21836090088,100.14873504638672,187978.0696258545,SPY,781
2018-11-28,192406.40700531006,100.14873504638672,192306.25827026367,SPY,781
2018-11-29,191986.22147369385,100.14873504638672,191886.07273864746,SPY,781
2018-11-30,193155.86240386963,100.14873504638672,193055.71366882324,SPY,781
2018-12-03,195712.09532928467,100.14873504638672,195611.94659423828,SPY,781
2018-12-04,189373.87085723877,100.14873504638672,189273.72212219238,SPY,781
2018-12-06,189086.73990631104,100.14873504638672,188986.59117126465,SPY,781
2018-12-07,184695.42630767822,100.14873504638672,184595.27757263184,SPY,781
2018-12-10,185045.63454437256,100.14873504638672,184945.48580932617,SPY,781
2018-12-11,185087.60662078857,100.14873504638672,184987.4578857422,SPY,781
2018-12-12,186019.1078567505,100.14873504638672,185918.9591217041,SPY,781
2018-12-13,185956.09015655518,100.14873504638672,185855.9414215088,SPY,781
2018-12-14,182524.27109527588,100.14873504638672,182424.1223602295,SPY,781
2018-12-17,178945.43059539795,100.14873504638672,178845.28186035156,SPY,781
2018-12-18,178749.29872894287,100.14873504638672,178649.14999389648,SPY,781
2018-12-19,176073.94232940674,100.14873504638672,175973.79359436035,SPY,781
2018-12-20,173209.44940948486,100.14873504638672,173109.30067443848,SPY,781
2018-12-21,169662.5110244751,100.14873504638672,169562.3622894287,SPY,781
2018-12-24,165182.17658233643,100.14873504638672,165082.02784729004,SPY,781
2018-12-26,173522.94101715088,100.14873504638672,173422.7922821045,SPY,781
2018-12-27,174854.3448562622,100.14873504638672,174754.19612121582,SPY,781
2018-12-28,174628.8968887329,100.14873504638672,174528.74815368652,SPY,781
2018-12-31,176157.58855438232,100.14873504638672,176057.43981933594,SPY,781
2019-01-02,176340.70693206787,100.14873504638672,176240.55819702148,SPY,781
2019-01-03,172135.14539337158,100.14873504638672,172034.9966583252,SPY,781
2019-01-04,177897.57065582275,100.14873504638672,177797.42192077637,SPY,781
2019-01-07,179299.46422576904,100.14873504638672,179199.31549072266,SPY,781
2019-01-08,180983.07837677002,100.14873504638672,180882.92964172363,SPY,781
2019-01-09,181828.4307937622,100.14873504638672,181728.28205871582,SPY,781
2019-01-10,182469.48812103271,100.14873504638672,182369.33938598633,SPY,781
2019-01-11,182539.98976898193,100.14873504638672,182439.84103393555,SPY,781
2019-01-14,181426.90746307373,100.14873504638672,181326.75872802734,SPY,781
2019-01-15,183505.0615158081,100.14873504638672,183404.91278076172,SPY,781
2019-01-16,183948.87868499756,100.14873504638672,183848.72994995117,SPY,781
2019-01-17,185343.68157196045,100.14873504638672,185243.53283691406,SPY,781
2019-01-18,187809.2610092163,100.14873504638672,187709.11227416992,SPY,781
2019-01-22,185273.22759246826,100.14873504638672,185173.07885742188,SPY,781
2019-01-23,185660.70064544678,100.14873504638672,185560.5519104004,SPY,781
2019-01-24,185759.32668304443,100.14873504638672,185659.17794799805,SPY,781
2019-01-25,187330.24068450928,100.14873504638672,187230.0919494629,SPY,781
2019-01-28,185907.2419052124,100.14873504638672,185807.09317016602,SPY,781
2019-01-29,185660.70064544678,100.14873504638672,185560.5519104004,SPY,781
2019-01-30,188598.28122711182,100.14873504638672,188498.13249206543,SPY,781
2019-01-31,190253.72332000732,100.14873504638672,190153.57458496094,SPY,781
2019-02-01,190345.33017730713,100.14873504638672,190245.18144226074,SPY,781
2019-02-04,191683.78894805908,100.14873504638672,191583.6402130127,SPY,781
2019-02-05,192486.83560943604,100.14873504638672,192386.68687438965,SPY,781
2019-02-06,192233.29900360107,100.14873504638672,192133.1502685547,SPY,781
2019-02-07,190401.71004486084,100.14873504638672,190301.56130981445,SPY,781
2019-02-08,190634.1176071167,100.14873504638672,190533.9688720703,SPY,781
2019-02-11,190739.79857635498,100.14873504638672,190639.6498413086,SPY,781
2019-02-12,193191.30390167236,100.14873504638672,193091.15516662598,SPY,781
2019-02-13,193818.25136566162,100.14873504638672,193718.10263061523,SPY,781
2019-02-14,193388.56789398193,100.14873504638672,193288.41915893555,SPY,781
2019-02-15,195494.87017059326,100.14873504638672,195394.72143554688,SPY,781
2019-02-19,195833.08979034424,100.14873504638672,195732.94105529785,SPY,781
2019-02-20,196227.54627227783,100.14873504638672,196127.39753723145,SPY,781
2019-02-21,195530.18058013916,100.14873504638672,195430.03184509277,SPY,781
2019-02-22,196741.7816696167,100.14873504638672,196641.6329345703,SPY,781
2019-02-25,197009.4281387329,100.14873504638672,196909.27940368652,SPY,781
2019-02-26,196868.52017974854,100.14873504638672,196768.37144470215,SPY,781
2019-02-27,196784.02783966064,100.14873504638672,196683.87910461426,SPY,781
2019-02-28,196417.719581604,100.14873504638672,196317.57084655762,SPY,781
2019-03-01,197643.5139541626,100.14873504638672,197543.3652191162,SPY,781
2019-03-04,196924.888130188,100.14873504638672,196824.7393951416,SPY,781
2019-03-05,196657.19399261475,100.14873504638672,196557.04525756836,SPY,781
2019-03-06,195466.76961517334,100.14873504638672,195366.62088012695,SPY,781
2019-03-07,193832.4088973999,100.14873504638672,193732.26016235352,SPY,781
2019-03-08,193444.88817596436,100.14873504638672,193344.73944091797,SPY,781
2019-03-11,196248.59189605713,100.14873504638672,196148.44316101074,SPY,781
2019-03-12,196988.33484649658,100.14873504638672,196888.1861114502,SPY,781
2019-03-13,198291.55471038818,100.14873504638672,198191.4059753418,SPY,781
2019-03-14,198164.73278045654,100.14873504638672,198064.58404541016,SPY,781
2019-03-15,199143.33045196533,100.14873504638672,199043.18171691895,SPY,781
2019-03-18,199864.98322296143,100.14873504638672,199764.83448791504,SPY,781
2019-03-19,199914.5345840454,100.14873504638672,199814.38584899902,SPY,781
2019-03-20,199313.08974456787,100.14873504638672,199212.94100952148,SPY,781
2019-03-21,201563.18392181396,100.14873504638672,201463.03518676758,SPY,781
2019-03-22,197685.72437286377,100.14873504638672,197585.57563781738,SPY,781
2019-03-25,197537.23712921143,100.14873504638672,197437.08839416504,SPY,781
2019-03-26,199008.9054031372,100.14873504638672,198908.75666809082,SPY,781
2019-03-27,197968.75583648682,100.14873504638672,197868.60710144043,SPY,781
2019-03-28,198718.78325653076,100.14873504638672,198618.63452148438,SPY,781
2019-03-29,199971.15279388428,100.14873504638672,199871.0040588379,SPY,781
2019-04-01,202341.4906539917,100.14873504638672,202241.3419189453,SPY,781
2019-04-02,202440.56954193115,100.14873504638672,202340.42080688477,SPY,781
2019-04-03,202758.94716644287,100.14873504638672,202658.79843139648,SPY,781
2019-04-04,203296.64736175537,100.14873504638672,203196.49862670898,SPY,781
2019-04-05,204280.16680145264,100.14873504638672,204180.01806640625,SPY,781
2019-04-08,204435.82814788818,100.14873504638672,204335.6794128418,SPY,781
2019-04-09,203388.74282073975,100.14873504638672,203288.59408569336,SPY,781
2019-04-10,204082.1281967163,100.14873504638672,203981.97946166992,SPY,781
2019-04-11,204025.42656707764,100.14873504638672,203925.27783203125,SPY,781
2019-04-12,205405.26155853271,100.14873504638672,205305.11282348633,SPY,781
2019-04-15,205270.74117279053,100.14873504638672,205170.59243774414,SPY,781
2019-04-16,205405.26155853271,100.14873504638672,205305.11282348633,SPY,781
2019-04-17,204902.81218719482,100.14873504638672,204802.66345214844,SPY,781
2019-04-18,205306.13500213623,100.14873504638672,205205.98626708984,SPY,781
2019-04-22,205483.05648040771,100.14873504638672,205382.90774536133,SPY,781
2019-04-23,207329.73250579834,100.14873504638672,207229.58377075195,SPY,781
2019-04-24,206869.82723236084,100.14873504638672,206769.67849731445,SPY,781
2019-04-25,206742.50478363037,100.14873504638672,206642.35604858398,SPY,781
2019-04-26,207704.7640914917,100.14873504638672,207604.6153564453,SPY,781
2019-04-29,208030.2681503296,100.14873504638672,207930.1194152832,SPY,781
2019-04-30,208136.40196990967,100.14873504638672,208036.25323486328,SPY,781
2019-05-01,206572.66207122803,100.14873504638672,206472.51333618164,SPY,781
2019-05-02,206126.98583221436,100.14873504638672,206026.83709716797,SPY,781
2019-05-03,208143.43306732178,100.14873504638672,208043.2843322754,SPY,781
2019-05-06,207287.35524749756,100.14873504638672,207187.20651245117,SPY,781
2019-05-07,203827.3879623413,100.14873504638672,203727.23922729492,SPY,781
2019-05-08,203544.33266448975,100.14873504638672,203444.18392944336,SPY,781
2019-05-09,202928.78987884521,100.14873504638672,202828.64114379883,SPY,781
2019-05-10,203947.63164520264,100.14873504638672,203847.48291015625,SPY,781
2019-05-13,198824.91707611084,100.14873504638672,198724.76834106445,SPY,781
2019-05-14,200622.13707733154,100.14873504638672,200521.98834228516,SPY,781
2019-05-15,201796.6401901245,100.14873504638672,201696.49145507812,SPY,781
2019-05-16,203664.6240158081,100.14873504638672,203564.47528076172,SPY,781
2019-05-17,202348.59325408936,100.14873504638672,202248.44451904297,SPY,781
2019-05-20,201011.27852630615,100.14873504638672,200911.12979125977,SPY,781
2019-05-21,202822.63222503662,100.14873504638672,202722.48348999023,SPY,781
2019-05-22,202200.03450775146,100.14873504638672,202099.88577270508,SPY,781
2019-05-23,199730.59392547607,100.14873504638672,199630.4451904297,SPY,781
2019-05-24,200183.39659881592,100.14873504638672,200083.24786376953,SPY,781
2019-05-28,198322.5392074585,100.14873504638672,198222.3904724121,SPY,781
2019-05-29,196992.3985824585,100.14873504638672,196892.2498474121,SPY,781
2019-05-30,197530.14644622803,100.14873504638672,197429.99771118164,SPY,781
2019-05-31,194869.6506881714,100.14873504638672,194769.501953125,SPY,781
2019-06-03,194374.38733673096,100.14873504638672,194274.23860168457,SPY,781
2019-06-04,198591.44889068604,100.14873504638672,198491.30015563965,SPY,781
2019-06-05,200310.76671600342,100.14873504638672,200210.61798095703,SPY,781
2019-06-06,201612.71144866943,100.14873504638672,201512.56271362305,SPY,781
2019-06-07,203629.18251800537,100.14873504638672,203529.03378295898,SPY,781
2019-06-10,204563.19826507568,100.14873504638672,204463.0495300293,SPY,781
2019-06-11,204513.74224090576,100.14873504638672,204413.59350585938,SPY,781
2019-06-12,204152.84435272217,100.14873504638672,204052.69561767578,SPY,781
2019-06-13,204994.7646408081,100.14873504638672,204894.61590576172,SPY,781
2019-06-14,204768.45864105225,100.14873504638672,204668.30990600586,SPY,781
2019-06-17,204846.27739715576,100.14873504638672,204746.12866210938,SPY,781
2019-06-18,206990.14241790771,100.14873504638672,206889.99368286133,SPY,781
2019-06-19,207457.1741256714,100.14873504638672,207357.025390625,SPY,781
2019-06-20,209438.27519989014,100.14873504638672,209338.12646484375,SPY,781
2019-06-21,209134.03127288818,100.14873504638672,209033.8825378418,SPY,781
2019-06-24,208878.02782440186,100.14873504638672,208777.87908935547,SPY,781
2019-06-25,206830.35774993896,100.14873504638672,206730.20901489258,SPY,781
2019-06-26,206624.14400482178,100.14873504638672,206523.9952697754,SPY,781
2019-06-27,207356.47451019287,100.14873504638672,207256.32577514648,SPY,781
2019-06-28,208422.9370651245,100.14873504638672,208322.78833007812,SPY,781
2019-07-01,210314.20693206787,100.14873504638672,210214.05819702148,SPY,781
2019-07-02,210861.7029953003,100.14873504638672,210761.5542602539,SPY,781
2019-07-03,212546.830619812,100.14873504638672,212446.68188476562,SPY,781
2019-07-05,212305.00853729248,100.14873504638672,212204.8598022461,SPY,781
2019-07-08,211138.96657562256,100.14873504638672,211038.81784057617,SPY,781
2019-07-09,211402.04878997803,100.14873504638672,211301.90005493164,SPY,781
2019-07-10,212411.6428756714,100.14873504638672,212311.494140625,SPY,781
2019-07-11,212909.37306976318,100.14873504638672,212809.2243347168,SPY,781
2019-07-12,213862.19402313232,100.14873504638672,213762.04528808594,SPY,781
2019-07-15,213933.26769256592,100.14873504638672,213833.11895751953,SPY,781
2019-07-16,213243.6004562378,100.14873504638672,213143.4517211914,SPY,781
2019-07-17,211793.04930877686,100.14873504638672,211692.90057373047,SPY,781
2019-07-18,212568.11458587646,100.14873504638672,212467.96585083008,SPY,781
2019-07-19,211387.93892669678,100.14873504638672,211287.7901916504,SPY,781
2019-07-22,211906.88158416748,100.14873504638672,211806.7328491211,SPY,781
2019-07-23,213421.3084640503,100.14873504638672,213321.1597290039,SPY,781
2019-07-24,214423.8237838745,100.14873504638672,214323.67504882812,SPY,781
2019-07-25,213400.00066375732,100.14873504638672,213299.85192871094,SPY,781
2019-07-26,214829.12483978271,100.14873504638672,214728.97610473633,SPY,781
2019-07-29,214438.0051498413,100.14873504638672,214337.85641479492,SPY,781
2019-07-30,213911.91222381592,100.14873504638672,213811.76348876953,SPY,781
2019-07-31,211572.6780319214,100.14873504638672,211472.529296875,SPY,781
2019-08-01,209731.19786834717,100.14873504638672,209631.04913330078,SPY,781
2019-08-02,208152.7760848999,100.14873504638672,208052.62734985352,SPY,781
2019-08-05,201896.00508880615,100.14873504638672,201795.85635375977,SPY,781
2019-08-06,204725.79537200928,100.14873504638672,204625.6466369629,SPY,781
2019-08-07,204846.658744812,100.14873504638672,204746.51000976562,SPY,781
2019-08-08,208863.751121521,100.14873504638672,208763.6023864746,SPY,781
2019-08-09,207441.8010482788,100.14873504638672,207341.65231323242,SPY,781
2019-08-12,204917.75624847412,100.14873504638672,204817.60751342773,SPY,781
2019-08-13,208103.01021575928,100.14873504638672,208002.8614807129,SPY,781
2019-08-14,201952.89739227295,100.14873504638672,201852.74865722656,SPY,781
2019-08-15,202486.14058685303,100.14873504638672,202385.99185180664,SPY,781
2019-08-16,205472.3549118042,100.14873504638672,205372.2061767578,SPY,781
2019-08-19,207946.58617401123,100.14873504638672,207846.43743896484,SPY,781
2019-08-20,206353.95919036865,100.14873504638672,206253.81045532227,SPY,781
2019-08-21,208031.91271209717,100.14873504638672,207931.76397705078,SPY,781
2019-08-22,207967.87014007568,100.14873504638672,207867.7214050293,SPY,781
2019-08-23,202628.35942840576,100.14873504638672,202528.21069335938,SPY,781
2019-08-26,204867.9903793335,100.14873504638672,204767.8416442871,SPY,781
2019-08-27,204064.5623703003,100.14873504638672,203964.4136352539,SPY,781
2019-08-28,205500.83681488037,100.14873504638672,205400.68807983398,SPY,781
2019-08-29,208124.31801605225,100.14873504638672,208024.16928100586,SPY,781
2019-08-30,208031.91271209717,100.14873504638672,207931.76397705078,SPY,781
2019-09-03,206816.15254974365,100.14873504638672,206716.00381469727,SPY,781
2019-09-04,209162.4416732788,100.14873504638672,209062.29293823242,SPY,781
2019-09-05,211850.03694915771,100.14873504638672,211749.88821411133,SPY,781
2019-09-06,212013.5159225464,100.14873504638672,211913.3671875,SPY,781
2019-09-09,212120.1740951538,100.14873504638672,212020.02536010742,SPY,781
2019-09-10,212070.38439178467,100.14873504638672,211970.23565673828,SPY,781
2019-09-11,213577.78017425537,100.14873504638672,213477.63143920898,SPY,781
2019-09-12,214317.11794281006,100.14873504638672,214216.96920776367,SPY,781
2019-09-13,214174.94676971436,100.14873504638672,214074.79803466797,SPY,781
2019-09-16,213513.78527069092,100.14873504638672,213413.63653564453,SPY,781
2019-09-17,214054.15489959717,100.14873504638672,213954.00616455078,SPY,781
2019-09-18,214182.07320404053,100.14873504638672,214081.92446899414,SPY,781
2019-09-19,214167.8441696167,100.14873504638672,214067.6954345703,SPY,781
2019-09-20,213156.43868255615,100.14873504638672,213056.28994750977,SPY,781
2019-09-23,213106.4583053589,100.14873504638672,213006.3095703125,SPY,781
2019-09-24,211435.03536224365,100.14873504638672,211334.88662719727,SPY,781
2019-09-25,212684.97380828857,100.14873504638672,212584.8250732422,SPY,781
2019-09-26,212242.13384246826,100.14873504638672,212141.98510742188,SPY,781
2019-09-27,211099.33025360107,100.14873504638672,210999.1815185547,SPY,781
2019-09-30,212077.8921737671,100.14873504638672,211977.7434387207,SPY,781
2019-10-01,209556.4214706421,100.14873504638672,209456.2727355957,SPY,781
2019-10-02,205856.53884124756,100.14873504638672,205756.39010620117,SPY,781
2019-10-03,207542.21465301514,100.14873504638672,207442.06591796875,SPY,781
2019-10-04,210349.3385848999,100.14873504638672,210249.18984985352,SPY,781
2019-10-07,209442.16017913818,100.14873504638672,209342.0114440918,SPY,781
2019-10-08,206192.12477874756,100.14873504638672,206091.97604370117,SPY,781
2019-10-09,208149.32012176514,100.14873504638672,208049.17138671875,SPY,781
2019-10-10,209556.4214706421,100.14873504638672,209456.2727355957,SPY,781
2019-10-11,211727.88652801514,100.14873504638672,211627.73779296875,SPY,781
2019-10-14,211492.1660079956,100.14873504638672,211392.01727294922,SPY,781
2019-10-15,213584.9781112671,100.14873504638672,213484.8293762207,SPY,781
2019-10-16,213242.0988998413,100.14873504638672,213141.95016479492,SPY,781
2019-10-17,213870.65517425537,100.14873504638672,213770.50643920898,SPY,781
2019-10-18,212934.94719696045,100.14873504638672,212834.79846191406,SPY,781
2019-10-21,214377.84755706787,100.14873504638672,214277.69882202148,SPY,781
2019-10-22,213677.883934021,100.14873504638672,213577.7351989746,SPY,781
2019-10-23,214299.26610565186,100.14873504638672,214199.11737060547,SPY,781
2019-10-24,214649.22408294678,100.14873504638672,214549.0753479004,SPY,781
2019-10-25,215527.84908294678,100.14873504638672,215427.7003479004,SPY,781
2019-10-28,216742.0838546753,100.14873504638672,216641.9351196289,SPY,781
2019-10-29,216677.82677459717,100.14873504638672,216577.67803955078,SPY,781
2019-10-30,217342.11055755615,100.14873504638672,217241.96182250977,SPY,781
2019-10-31,216763.55849456787,100.14873504638672,216663.40975952148,SPY,781
2019-11-01,218770.68654632568,100.14873504638672,218670.5378112793,SPY,781
2019-11-04,219649.28771209717,100.14873504638672,219549.13897705078,SPY,781
2019-11-05,219406.41692352295,100.14873504638672,219306.26818847656,SPY,781
2019-11-06,219456.42113494873,100.14873504638672,219356.27239990234,SPY,781
2019-11-07,220227.83977508545,100.14873504638672,220127.69104003906,SPY,781
2019-11-08,220770.6404953003,100.14873504638672,220670.4917602539,SPY,781
2019-11-11,220349.25133514404,100.14873504638672,220249.10260009766,SPY,781
2019-11-12,220813.56594085693,100.14873504638672,220713.41720581055,SPY,781
2019-11-13,220884.97328948975,100.14873504638672,220784.82455444336,SPY,781
2019-11-14,221206.35402679443,100.14873504638672,221106.20529174805,SPY,781
2019-11-15,222806.4172897339,100.14873504638672,222706.2685546875,SPY,781
2019-11-18,222970.68279266357,100.14873504638672,222870.5340576172,SPY,781
2019-11-19,222906.40187835693,100.14873504638672,222806.25314331055,SPY,781
2019-11-20,222077.78108978271,100.14873504638672,221977.63235473633,SPY,781
2019-11-21,221720.6490097046,100.14873504638672,221620.5002746582,SPY,781
2019-11-22,222213.5170211792,100.14873504638672,222113.3682861328,SPY,781
2019-11-25,223934.94417572021,100.14873504638672,223834.79544067383,SPY,781
2019-11-26,224442.08889007568,100.14873504638672,224341.9401550293,SPY,781
2019-11-27,225442.10161590576,100.14873504638672,225341.95288085938,SPY,781
2019-11-29,224606.4020614624,100.14873504638672,224506.25332641602,SPY,781
2019-12-02,222699.2109298706,100.14873504638672,222599.06219482422,SPY,781
2019-12-03,221206.35402679443,100.14873504638672,221106.20529174805,SPY,781
2019-12-04,222570.64910125732,100.14873504638672,222470.50036621094,SPY,781
2019-12-05,222970.68279266357,100.14873504638672,222870.5340576172,SPY,781
2019-12-06,225006.3642501831,100.14873504638672,224906.21551513672,SPY,781
2019-12-09,224299.25035858154,100.14873504638672,224199.10162353516,SPY,781
2019-12-10,224049.22930145264,100.14873504638672,223949.08056640625,SPY,781
2019-12-11,224684.9596786499,100.14873504638672,224584.81094360352,SPY,781
2019-12-12,226620.6803817749,100.14873504638672,226520.53164672852,SPY,781
2019-12-13,226756.4163131714,100.14873504638672,226656.267578125,SPY,781
2019-12-16,228313.5541305542,100.14873504638672,228213.4053955078,SPY,781
2019-12-17,228363.51067352295,100.14873504638672,228263.36193847656,SPY,781
2019-12-18,228377.81121063232,100.14873504638672,228277.66247558594,SPY,781
2019-12-19,229313.49535369873,100.14873504638672,229213.34661865234,SPY,781
2019-12-20,230318.41793060303,100.14873504638672,230218.26919555664,SPY,781
2019-12-23,230670.1396408081,100.14873504638672,230569.99090576172,SPY,781
2019-12-24,230677.2899093628,100.14873504638672,230577.1411743164,SPY,781
2019-12-26,231904.75267791748,100.14873504638672,231804.6039428711,SPY,781
2019-12-27,231847.31218719482,100.14873504638672,231747.16345214844,SPY,781
2019-12-30,230569.6068649292,100.14873504638672,230469.4581298828,SPY,781
2019-12-31,231129.52056121826,100.14873504638672,231029.37182617188,SPY,781
2020-01-02,233290.04570770264,100.14873504638672,233189.89697265625,SPY,781
2020-01-03,231524.38222503662,100.14873504638672,231424.23348999023,SPY,781
2020-01-06,232407.20204925537,100.14873504638672,232307.05331420898,SPY,781
2020-01-07,231754.00118255615,100.14873504638672,231653.85244750977,SPY,781
2020-01-08,232988.590385437,100.14873504638672,232888.44165039062,SPY,781
2020-01-09,234567.70336151123,100.14873504638672,234467.55462646484,SPY,781
2020-01-10,233893.07552337646,100.14873504638672,233792.92678833008,SPY,781
2020-01-13,235500.8849105835,100.14873504638672,235400.7361755371,SPY,781
2020-01-14,235141.98909759521,100.14873504638672,235041.84036254883,SPY,781
2020-01-15,235673.18254852295,100.14873504638672,235573.03381347656,SPY,781
2020-01-16,237632.7851486206,100.14873504638672,237532.63641357422,SPY,781
2020-01-17,238372.05141448975,100.14873504638672,238271.90267944336,SPY,781
2020-01-21,237905.4963912964,100.14873504638672,237805.34765625,SPY,781
2020-01-22,237934.28813934326,100.14873504638672,237834.13940429688,SPY,781
2020-01-23,238206.951713562,100.14873504638672,238106.80297851562,SPY,781
2020-01-24,236089.44734954834,100.14873504638672,235989.29861450195,SPY,781
2020-01-27,232306.69310760498,100.14873504638672,232206.5443725586,SPY,781
2020-01-28,234740.0248336792,100.14873504638672,234639.8760986328,SPY,781
2020-01-29,234546.18105316162,100.14873504638672,234446.03231811523,SPY,781
2020-01-30,235307.08879852295,100.14873504638672,235206.94006347656,SPY,781
2020-01-31,231036.2333908081,100.14873504638672,230936.08465576172,SPY,781
2020-02-03,232751.77349090576,100.14873504638672,232651.62475585938,SPY,781
2020-02-04,236297.68700408936,100.14873504638672,236197.53826904297,SPY,781
2020-02-05,239025.299949646,100.14873504638672,238925.1512145996,SPY,781
2020-02-06,239829.180809021,100.14873504638672,239729.0320739746,SPY,781
2020-02-07,238551.5231552124,100.14873504638672,238451.37442016602,SPY,781
2020-02-10,240331.6540145874,100.14873504638672,240231.50527954102,SPY,781
2020-02-11,240747.96648406982,100.14873504638672,240647.81774902344,SPY,781
2020-02-12,242298.38304901123,100.14873504638672,242198.23431396484,SPY,781
2020-02-13,242039.9485092163,100.14873504638672,241939.79977416992,SPY,781
2020-02-14,242427.65990447998,100.14873504638672,242327.5111694336,SPY,781
2020-02-18,241803.15544891357,100.14873504638672,241703.0067138672,SPY,781
2020-02-19,242958.73418426514,100.14873504638672,242858.58544921875,SPY,781
2020-02-20,241961.03337860107,100.14873504638672,241860.8846435547,SPY,781
2020-02-21,239470.30883026123,100.14873504638672,239370.16009521484,SPY,781
2020-02-24,231531.58016204834,100.14873504638672,231431.43142700195,SPY,781
2020-02-25,224518.6682662964,100.14873504638672,224418.51953125,SPY,781
2020-02-26,223693.12209320068,100.14873504638672,223592.9733581543,SPY,781
2020-02-27,213651.213432312,100.14873504638672,213551.06469726562,SPY,781
2020-02-28,212753.9500656128,100.14873504638672,212653.8013305664,SPY,781
2020-03-02,221963.28145599365,100.14873504638672,221863.13272094727,SPY,781
2020-03-03,215610.76836395264,100.14873504638672,215510.61962890625,SPY,781
2020-03-04,224669.37209320068,100.14873504638672,224569.2233581543,SPY,781
2020-03-05,217204.22954559326,100.14873504638672,217104.08081054688,SPY,781
2020-03-06,213615.342918396,100.14873504638672,213515.1941833496,SPY,781
2020-03-09,196940.94048309326,100.14873504638672,196840.79174804688,SPY,781
2020-03-10,207126.45037078857,100.14873504638672,207026.3016357422,SPY,781
2020-03-11,197034.25148773193,100.14873504638672,196934.10275268555,SPY,781
2020-03-12,178192.17363739014,100.14873504638672,178092.02490234375,SPY,781
2020-03-13,193416.54927825928,100.14873504638672,193316.4005432129,SPY,781
2020-03-16,172263.19478607178,100.14873504638672,172163.0460510254,SPY,781
2020-03-17,181558.61540985107,100.14873504638672,181458.4666748047,SPY,781
2020-03-18,172370.8659133911,100.14873504638672,172270.71717834473,SPY,781
2020-03-19,172736.9596633911,100.14873504638672,172636.81092834473,SPY,781
2020-03-20,165297.27207183838,100.14873504638672,165197.123336792,SPY,781
2020-03-23,161073.4892654419,100.14873504638672,160973.3405303955,SPY,781
2020-03-24,175658.18996429443,100.14873504638672,175558.04122924805,SPY,781
2020-03-25,178286.3665084839,100.14873504638672,178186.2177734375,SPY,781
2020-03-26,188690.5435256958,100.14873504638672,188590.3947906494,SPY,781
2020-03-27,183073.32830047607,100.14873504638672,182973.1795654297,SPY,781
2020-03-30,189015.47556304932,100.14873504638672,188915.32682800293,SPY,781
2020-03-31,186199.6402206421,100.14873504638672,186099.4914855957,SPY,781
2020-04-01,177824.22081756592,100.14873504638672,177724.07208251953,SPY,781
2020-04-02,181925.30501556396,100.14873504638672,181825.15628051758,SPY,781
2020-04-03,179297.14038848877,100.14873504638672,179196.99165344238,SPY,781
2020-04-06,191333.16361236572,100.14873504638672,191233.01487731934,SPY,781
2020-04-07,191528.12760162354,100.14873504638672,191427.97886657715,SPY,781
2020-04-08,197954.03820037842,100.14873504638672,197853.88946533203,SPY,781
2020-04-09,200964.8256149292,100.14873504638672,200864.6768798828,SPY,781
2020-04-13,199130.96048736572,100.14873504638672,199030.81175231934,SPY,781
2020-04-14,205000.91387176514,100.14873504638672,204900.76513671875,SPY,781
2020-04-15,200647.13918304443,100.14873504638672,200546.99044799805,SPY,781
2020-04-16,201614.66585540771,100.14873504638672,201514.51712036133,SPY,781
2020-04-17,207058.66582489014,100.14873504638672,206958.51708984375,SPY,781
2020-04-20,203412.52938079834,100.14873504638672,203312.38064575195,SPY,781
2020-04-21,197239.27352142334,100.14873504638672,197139.12478637695,SPY,781
2020-04-22,201614.66585540771,100.14873504638672,201514.51712036133,SPY,781
2020-04-23,201600.22231292725,100.14873504638672,201500.07357788086,SPY,781
2020-04-24,204408.89546966553,100.14873504638672,204308.74673461914,SPY,781
2020-04-27,207354.66310882568,100.14873504638672,207254.5143737793,SPY,781
2020-04-28,206401.65148162842,100.14873504638672,206301.50274658203,SPY,781
2020-04-29,211802.29698944092,100.14873504638672,211702.14825439453,SPY,781
2020-04-30,209831.20629119873,100.14873504638672,209731.05755615234,SPY,781
2020-05-01,204278.85591888428,100.14873504638672,204178.7071838379,SPY,781
2020-05-04,204842.082572937,100.14873504638672,204741.93383789062,SPY,781
2020-05-05,206733.73378753662,100.14873504638672,206633.58505249023,SPY,781
2020-05-06,205333.04384613037,100.14873504638672,205232.89511108398,SPY,781
2020-05-07,207809.58702850342,100.14873504638672,207709.43829345703,SPY,781
2020-05-08,211246.33977508545,100.14873504638672,211146.19104003906,SPY,781
2020-05-11,211289.67040252686,100.14873504638672,211189.52166748047,SPY,781
2020-05-12,207080.33113861084,100.14873504638672,206980.18240356445,SPY,781
2020-05-13,203419.72731781006,100.14873504638672,203319.57858276367,SPY,781
2020-05-14,205852.91603851318,100.14873504638672,205752.7673034668,SPY,781
2020-05-15,206798.72972869873,100.14873504638672,206698.58099365234,SPY,781
2020-05-18,213094.70803070068,100.14873504638672,212994.5592956543,SPY,781
2020-05-19,210907.035697937,100.14873504638672,210806.88696289062,SPY,781
2020-05-20,214488.15236663818,100.14873504638672,214388.0036315918,SPY,781
2020-05-21,213008.04677581787,100.14873504638672,212907.89804077148,SPY,781
2020-05-22,213412.3229598999,100.14873504638672,213312.17422485352,SPY,781
2020-05-26,216040.49950408936,100.14873504638672,215940.35076904297,SPY,781
2020-05-27,219253.47267913818,100.14873504638672,219153.3239440918,SPY,781
2020-05-28,218849.19649505615,100.14873504638672,218749.04776000977,SPY,781
2020-05-29,219823.89727020264,100.14873504638672,219723.74853515625,SPY,781
2020-06-01,220711.98445892334,100.14873504638672,220611.83572387695,SPY,781
2020-06-02,222538.68740081787,100.14873504638672,222438.53866577148,SPY,781
2020-06-03,225498.94625091553,100.14873504638672,225398.79751586914,SPY,781
2020-06-04,224906.9040145874,100.14873504638672,224806.75527954102,SPY,781
2020-06-05,230668.51891326904,100.14873504638672,230568.37017822266,SPY,781
2020-06-08,233455.57442474365,100.14873504638672,233355.42568969727,SPY,781
2020-06-09,231715.50890350342,100.14873504638672,231615.36016845703,SPY,781
2020-06-10,230423.07402801514,100.14873504638672,230322.92529296875,SPY,781
2020-06-11,217145.19216156006,100.14873504638672,217045.04342651367,SPY,781
2020-06-12,219744.48162078857,100.14873504638672,219644.3328857422,SPY,781
2020-06-15,221795.01180267334,100.14873504638672,221694.86306762695,SPY,781
2020-06-16,226062.12523651123,100.14873504638672,225961.97650146484,SPY,781
2020-06-17,225123.46181488037,100.14873504638672,225023.31307983398,SPY,781
2020-06-18,225210.1469039917,100.14873504638672,225109.9981689453,SPY,781
2020-06-19,223923.6467514038,100.14873504638672,223823.49801635742,SPY,781
2020-06-22,225359.51601409912,100.14873504638672,225259.36727905273,SPY,781
2020-06-23,226396.51946258545,100.14873504638672,226296.37072753906,SPY,781
2020-06-24,220624.01232147217,100.14873504638672,220523.86358642578,SPY,781
2020-06-25,222988.08177947998,100.14873504638672,222887.9330444336,SPY,781
2020-06-26,217694.21361541748,100.14873504638672,217594.0648803711,SPY,781
2020-06-29,220892.29039764404,100.14873504638672,220792.14166259766,SPY,781
2020-06-30,223720.55529022217,100.14873504638672,223620.40655517578,SPY,781
2020-07-01,225287.0122909546,100.14873504638672,225186.8635559082,SPY,781
2020-07-02,226527.08336639404,100.14873504638672,226426.93463134766,SPY,781
2020-07-06,230022.4683151245,100.14873504638672,229922.31958007812,SPY,781
2020-07-07,227651.10558319092,100.14873504638672,227550.95684814453,SPY,781
2020-07-08,229391.5524520874,100.14873504638672,229291.40371704102,SPY,781
2020-07-09,228086.2709274292,100.14873504638672,227986.1221923828,SPY,781
2020-07-10,230414.13619232178,100.14873504638672,230313.9874572754,SPY,781
2020-07-13,228419.83095550537,100.14873504638672,228319.68222045898,SPY,781
2020-07-14,231378.58824920654,100.14873504638672,231278.43951416016,SPY,781
2020-07-15,233503.45738983154,100.14873504638672,233403.30865478516,SPY,781
2020-07-16,232734.70818328857,100.14873504638672,232634.5594482422,SPY,781
2020-07-17,233409.14534759521,100.14873504638672,233308.99661254883,SPY,781
2020-07-20,235294.6473312378,100.14873504638672,235194.4985961914,SPY,781
2020-07-21,235795.09462738037,100.14873504638672,235694.94589233398,SPY,781
2020-07-22,237136.60417938232,100.14873504638672,237036.45544433594,SPY,781
2020-07-23,234308.3392868042,100.14873504638672,234208.1905517578,SPY,781
2020-07-24,232799.94246673584,100.14873504638672,232699.79373168945,SPY,781
2020-07-27,234496.91570281982,100.14873504638672,234396.76696777344,SPY,781
2020-07-28,233010.27953338623,100.14873504638672,232910.13079833984,SPY,781
2020-07-29,235874.82012176514,100.14873504638672,235774.67138671875,SPY,781
2020-07-30,235033.59102630615,100.14873504638672,234933.44229125977,SPY,781
2020-07-31,236890.01525115967,100.14873504638672,236789.86651611328,SPY,781
2020-08-03,238536.22158050537,100.14873504638672,238436.07284545898,SPY,781
2020-08-04,239457.24767303467,100.14873504638672,239357.09893798828,SPY,781
2020-08-05,240943.88384246826,100.14873504638672,240843.73510742188,SPY,781
2020-08-06,242553.79064178467,100.14873504638672,242453.64190673828,SPY,781
2020-08-07,242727.92351531982,100.14873504638672,242627.77478027344,SPY,781
2020-08-10,243453.03224945068,100.14873504638672,243352.8835144043,SPY,781
2020-08-11,241444.23580169678,100.14873504638672,241344.0870666504,SPY,781
2020-08-12,244809.17601776123,100.14873504638672,244709.02728271484,SPY,781
2020-08-13,244366.86040496826,100.14873504638672,244266.71166992188,SPY,781
2020-08-14,244374.05834197998,100.14873504638672,244273.9096069336,SPY,781
2020-08-17,245150.02931976318,100.14873504638672,245049.8805847168,SPY,781
2020-08-18,245679.38753509521,100.14873504638672,245579.23880004883,SPY,781
2020-08-19,244656.8991317749,100.14873504638672,244556.75039672852,SPY,781
2020-08-20,245418.3788986206,100.14873504638672,245318.23016357422,SPY,781
2020-08-21,246288.56658172607,100.14873504638672,246188.4178466797,SPY,781
2020-08-24,248783.2476119995,100.14873504638672,248683.09887695312,SPY,781
2020-08-25,249653.4591293335,100.14873504638672,249553.3103942871,SPY,781
2020-08-26,252155.38576507568,100.14873504638672,252055.2370300293,SPY,781
2020-08-27,252706.528465271,100.14873504638672,252606.3797302246,SPY,781
2020-08-28,254338.19591522217,100.14873504638672,254238.04718017578,SPY,781
2020-08-31,253417.16982269287,100.14873504638672,253317.02108764648,SPY,781
2020-09-01,255803.071434021,100.14873504638672,255702.9226989746,SPY,781
2020-09-02,259501.57167816162,100.14873504638672,259401.42294311523,SPY,781
2020-09-03,250574.4852218628,100.14873504638672,250474.3364868164,SPY,781
2020-09-04,248529.3892440796,100.14873504638672,248429.2405090332,SPY,781
2020-09-08,241741.5678024292,100.14873504638672,241641.4190673828,SPY,781
2020-09-09,246513.49019622803,100.14873504638672,246413.34146118164,SPY,781
2020-09-10,242234.76949310303,100.14873504638672,242134.62075805664,SPY,781
2020-09-11,242358.04012298584,100.14873504638672,242257.89138793945,SPY,781
2020-09-14,245548.91896820068,100.14873504638672,245448.7702331543,SPY,781
2020-09-15,246788.99004364014,100.14873504638672,246688.84130859375,SPY,781
2020-09-16,245809.9276046753,100.14873504638672,245709.7788696289,SPY,781
2020-09-17,243648.9019393921,100.14873504638672,243548.7532043457,SPY,781
2020-09-18,240844.97179412842,100.14873504638672,240744.82305908203,SPY,781
2020-09-21,238165.5993270874,100.14873504638672,238065.45059204102,SPY,781
2020-09-22,240590.13622283936,100.14873504638672,240489.98748779297,SPY,781
2020-09-23,235012.9267501831,100.14873504638672,234912.77801513672,SPY,781
2020-09-24,235639.0757675171,100.14873504638672,235538.9270324707,SPY,781
2020-09-25,239447.0704574585,100.14873504638672,239346.9217224121,SPY,781
2020-09-28,243422.45293426514,100.14873504638672,243322.30419921875,SPY,781
2020-09-29,242097.2698287964,100.14873504638672,241997.12109375,SPY,781
2020-09-30,243932.10024261475,100.14873504638672,243831.95150756836,SPY,781
2020-10-01,245497.58003997803,100.14873504638672,245397.43130493164,SPY,781
2020-10-02,243167.6411972046,100.14873504638672,243067.4924621582,SPY,781
2020-10-05,247477.9422531128,100.14873504638672,247377.7935180664,SPY,781
2020-10-06,243961.22566986084,100.14873504638672,243861.07693481445,SPY,781
2020-10-07,248206.0064315796,100.14873504638672,248105.8576965332,SPY,781
2020-10-08,250404.83318328857,100.14873504638672,250304.6844482422,SPY,781
2020-10-09,252640.12630462646,100.14873504638672,252539.97756958008,SPY,781
2020-10-12,256702.86122894287,100.14873504638672,256602.71249389648,SPY,781
2020-10-13,255028.24449920654,100.14873504638672,254928.09576416016,SPY,781
2020-10-14,253426.48900604248,100.14873504638672,253326.3402709961,SPY,781
2020-10-15,253113.40258026123,100.14873504638672,253013.25384521484,SPY,781
2020-10-16,252960.529838562,100.14873504638672,252860.38110351562,SPY,781
2020-10-19,249116.14028167725,100.14873504638672,249015.99154663086,SPY,781
2020-10-20,250113.57891082764,100.14873504638672,250013.43017578125,SPY,781
2020-10-21,249640.3503036499,100.14873504638672,249540.20156860352,SPY,781
2020-10-22,251009.17388153076,100.14873504638672,250909.02514648438,SPY,781
2020-10-23,251861.05687713623,100.14873504638672,251760.90814208984,SPY,781
2020-10-26,247208.54396820068,100.14873504638672,247108.3952331543,SPY,781
2020-10-27,246356.6371383667,100.14873504638672,246256.4884033203,SPY,781
2020-10-28,237939.86534881592,100.14873504638672,237839.71661376953,SPY,781
2020-10-29,240357.1328048706,100.14873504638672,240256.98406982422,SPY,781
2020-10-30,237852.48906707764,100.14873504638672,237752.34033203125,SPY,781
2020-11-02,240517.34648895264,100.14873504638672,240417.19775390625,SPY,781
2020-11-03,244762.1272506714,100.14873504638672,244661.978515625,SPY,781
2020-11-04,250230.12828826904,100.14873504638672,250129.97955322266,SPY,781
2020-11-05,255108.279838562,100.14873504638672,255008.13110351562,SPY,781
2020-11-06,255050.10048675537,100.14873504638672,254949.95175170898,SPY,781
2020-11-09,258253.73064422607,100.14873504638672,258153.5819091797,SPY,781
2020-11-10,257875.10009002686,100.14873504638672,257774.95135498047,SPY,781
2020-11-11,259790.06118011475,100.14873504638672,259689.91244506836,SPY,781
2020-11-12,257270.78322601318,100.14873504638672,257170.6344909668,SPY,781
2020-11-13,260831.18795013428,100.14873504638672,260731.0392150879,SPY,781
2020-11-16,264085.8233566284,100.14873504638672,263985.67462158203,SPY,781
2020-11-17,262666.01836395264,100.14873504638672,262565.86962890625,SPY,781
2020-11-18,259506.1001815796,100.14873504638672,259405.9514465332,SPY,781
2020-11-19,260598.18453216553,100.14873504638672,260498.03579711914,SPY,781
2020-11-20,258814.3593673706,100.14873504638672,258714.21063232422,SPY,781
2020-11-23,260365.2287826538,100.14873504638672,260265.08004760742,SPY,781
2020-11-24,264559.0996322632,100.14873504638672,264458.9508972168,SPY,781
2020-11-25,264151.31981658936,100.14873504638672,264051.17108154297,SPY,781
2020-11-27,264886.70110321045,100.14873504638672,264786.55236816406,SPY,781
2020-11-30,263714.43840789795,100.14873504638672,263614.28967285156,SPY,781
2020-12-01,266597.71269989014,100.14873504638672,266497.56396484375,SPY,781
2020-12-02,267158.4129257202,100.14873504638672,267058.2641906738,SPY,781
2020-12-03,267085.52785491943,100.14873504638672,266985.37911987305,SPY,781
2020-12-04,269386.31743621826,100.14873504638672,269286.1687011719,SPY,781
2020-12-07,268832.9819869995,100.14873504638672,268732.8332519531,SPY,781
2020-12-08,269619.3446884155,100.14873504638672,269519.19595336914,SPY,781
2020-12-09,267202.0295639038,100.14873504638672,267101.8808288574,SPY,781
2020-12-10,267114.629447937,100.14873504638672,267014.4807128906,SPY,781
2020-12-11,266801.5906906128,100.14873504638672,266701.4419555664,SPY,781
2020-12-14,265607.49584198,100.14873504638672,265507.3471069336,SPY,781
2020-12-15,269196.9544906616,100.14873504638672,269096.80575561523,SPY,781
2020-12-16,269619.3446884155,100.14873504638672,269519.19595336914,SPY,781
2020-12-17,271126.5021286011,100.14873504638672,271026.3533935547,SPY,781
2020-12-18,270044.3089828491,100.14873504638672,269944.16024780273,SPY,781
2020-12-21,269079.1180648804,100.14873504638672,268978.969329834,SPY,781
2020-12-22,268625.76720428467,100.14873504638672,268525.6184692383,SPY,781
2020-12-23,268867.0887680054,100.14873504638672,268766.940032959,SPY,781
2020-12-24,269912.6725387573,100.14873504638672,269812.52380371094,SPY,781
2020-12-28,272230.55126190186,100.14873504638672,272130.40252685547,SPY,781
2020-12-29,271711.3940963745,100.14873504638672,271611.2453613281,SPY,781
2020-12-30,272098.9624862671,100.14873504638672,271998.8137512207,SPY,781
2020-12-31,273480.91872406006,100.14873504638672,273380.7699890137,SPY,781
2021-01-04,269759.13243865967,100.14873504638672,269658.9837036133,SPY,781
2021-01-05,271616.3431930542,100.14873504638672,271516.1944580078,SPY,781
2021-01-06,273239.6686630249,100.14873504638672,273139.5199279785,SPY,781
2021-01-07,277297.7797470093,100.14873504638672,277197.6310119629,SPY,781
2021-01-08,278877.15489959717,100.14873504638672,278777.0061645508,SPY,781
2021-01-11,276997.9451522827,100.14873504638672,276897.7964172363,SPY,781
2021-01-12,277056.4581832886,100.14873504638672,276956.3094482422,SPY,781
2021-01-13,277802.3741989136,100.14873504638672,277702.2254638672,SPY,781
2021-01-14,276829.77083587646,100.14873504638672,276729.6221008301,SPY,781
2021-01-15,274811.70287323,100.14873504638672,274711.5541381836,SPY,781
2021-01-19,276968.7720565796,100.14873504638672,276868.6233215332,SPY,781
2021-01-20,280800.2911300659,100.14873504638672,280700.14239501953,SPY,781
2021-01-21,281056.15157318115,100.14873504638672,280956.00283813477,SPY,781
2021-01-22,280061.71605682373,100.14873504638672,279961.56732177734,SPY,781
2021-01-25,281165.8605270386,100.14873504638672,281065.7117919922,SPY,781
2021-01-26,280727.14388275146,100.14873504638672,280626.9951477051,SPY,781
2021-01-27,273868.4394454956,100.14873504638672,273768.2907104492,SPY,781
2021-01-28,276222.95137786865,100.14873504638672,276122.80264282227,SPY,781
2021-01-29,270695.0310897827,100.14873504638672,270594.8823547363,SPY,781
2021-02-01,275199.27126312256,100.14873504638672,275099.1225280762,SPY,781
2021-02-02,279089.2080307007,100.14873504638672,278989.0592956543,SPY,781
2021-02-03,279308.5782699585,100.14873504638672,279208.4295349121,SPY,781
2021-02-04,282482.0342941284,100.14873504638672,282381.88555908203,SPY,781
2021-02-05,283593.424369812,100.14873504638672,283493.2756347656,SPY,781
2021-02-08,285640.7845993042,100.14873504638672,285540.6358642578,SPY,781
2021-02-09,285450.7066268921,100.14873504638672,285350.5578918457,SPY,781
2021-02-10,285326.3634567261,100.14873504638672,285226.2147216797,SPY,781
2021-02-11,285786.98375701904,100.14873504638672,285686.83502197266,SPY,781
2021-02-12,287198.27993011475,100.14873504638672,287098.13119506836,SPY,781
2021-02-16,286949.5935897827,100.14873504638672,286849.4448547363,SPY,781
2021-02-17,287015.4475631714,100.14873504638672,286915.298828125,SPY,781
2021-02-18,285794.30086517334,100.14873504638672,285694.15213012695,SPY,781
2021-02-19,285289.8017501831,100.14873504638672,285189.6530151367,SPY,781
2021-02-22,283096.2423629761,100.14873504638672,282996.0936279297,SPY,781
2021-02-23,283439.9081039429,100.14873504638672,283339.7593688965,SPY,781
2021-02-24,286562.1205368042,100.14873504638672,286461.9718017578,SPY,781
2021-02-25,279659.6087875366,100.14873504638672,279559.46005249023,SPY,781
2021-02-26,278219.09185028076,100.14873504638672,278118.9431152344,SPY,781
2021-03-01,284960.7463912964,100.14873504638672,284860.59765625,SPY,781
2021-03-02,282737.9662399292,100.14873504638672,282637.8175048828,SPY,781
2021-03-03,278994.1809616089,100.14873504638672,278894.0322265625,SPY,781
2021-03-04,275542.8655014038,100.14873504638672,275442.7167663574,SPY,781
2021-03-05,280610.1654891968,100.14873504638672,280510.0167541504,SPY,781
2021-03-08,279213.50353240967,100.14873504638672,279113.3547973633,SPY,781
2021-03-09,283198.56270599365,100.14873504638672,283098.41397094727,SPY,781
2021-03-10,284960.7463912964,100.14873504638672,284860.59765625,SPY,781
2021-03-11,287848.9782028198,100.14873504638672,287748.82946777344,SPY,781
2021-03-12,288236.4989242554,100.14873504638672,288136.350189209,SPY,781
2021-03-15,289954.8991317749,100.14873504638672,289854.7503967285,SPY,781
2021-03-16,289589.2343978882,100.14873504638672,289489.0856628418,SPY,781
2021-03-17,290576.42430877686,100.14873504638672,290476.27557373047,SPY,781
2021-03-18,286350.04357147217,100.14873504638672,286249.8948364258,SPY,781
2021-03-19,285820.42317962646,100.14873504638672,285720.2744445801,SPY,781
2021-03-22,288101.8593673706,100.14873504638672,288001.7106323242,SPY,781
2021-03-23,285835.05739593506,100.14873504638672,285734.9086608887,SPY,781
2021-03-24,284382.5041732788,100.14873504638672,284282.3554382324,SPY,781
2021-03-25,285981.80474090576,100.14873504638672,285881.6560058594,SPY,781
2021-03-26,290588.77043914795,100.14873504638672,290488.62170410156,SPY,781
2021-03-29,290442.0945968628,100.14873504638672,290341.9458618164,SPY,781
2021-03-30,289671.7484970093,100.14873504638672,289571.5997619629,SPY,781
2021-03-31,290845.48891448975,100.14873504638672,290745.34017944336,SPY,781
2021-04-01,293985.2433395386,100.14873504638672,293885.0946044922,SPY,781
2021-04-05,298203.37743377686,100.14873504638672,298103.22869873047,SPY,781
2021-04-06,298027.3854904175,100.14873504638672,297927.2367553711,SPY,781
2021-04-07,298372.1714401245,100.14873504638672,298272.0227050781,SPY,781
2021-04-08,299788.0199508667,100.14873504638672,299687.8712158203,SPY,781
2021-04-09,301966.7782821655,100.14873504638672,301866.62954711914,SPY,781
2021-04-12,302076.82091522217,100.14873504638672,301976.6721801758,SPY,781
2021-04-13,302971.74852752686,100.14873504638672,302871.59979248047,SPY,781
2021-04-14,301937.4145126343,100.14873504638672,301837.2657775879,SPY,781
2021-04-15,305179.91829681396,100.14873504638672,305079.7695617676,SPY,781
2021-04-16,306199.665763855,100.14873504638672,306099.5170288086,SPY,781
2021-04-19,304695.74977874756,100.14873504638672,304595.6010437012,SPY,781
2021-04-20,302465.6763534546,100.14873504638672,302365.5276184082,SPY,781
2021-04-21,305326.66564178467,100.14873504638672,305226.5169067383,SPY,781
2021-04-22,302539.0619430542,100.14873504638672,302438.9132080078,SPY,781
2021-04-23,305818.1512680054,100.14873504638672,305718.002532959,SPY,781
2021-04-26,306456.36040496826,100.14873504638672,306356.2116699219,SPY,781
2021-04-27,306390.33959198,100.14873504638672,306290.1908569336,SPY,781
2021-04-28,306302.3436203003,100.14873504638672,306202.1948852539,SPY,781
2021-04-29,308253.72341156006,100.14873504638672,308153.5746765137,SPY,781
2021-04-30,306228.9818649292,100.14873504638672,306128.8331298828,SPY,781
2021-05-03,306889.2138290405,100.14873504638672,306789.06509399414,SPY,781
2021-05-04,304996.4900741577,100.14873504638672,304896.3413391113,SPY,781
2021-05-05,305091.87465667725,100.14873504638672,304991.72592163086,SPY,781
2021-05-06,307527.49446868896,100.14873504638672,307427.3457336426,SPY,781
2021-05-07,309764.93267059326,100.14873504638672,309664.7839355469,SPY,781
2021-05-10,306698.46849823,100.14873504638672,306598.3197631836,SPY,781
2021-05-11,303962.15605926514,100.14873504638672,303862.00732421875,SPY,781
2021-05-12,297506.55992889404,100.14873504638672,297406.41119384766,SPY,781
2021-05-13,301079.1201095581,100.14873504638672,300978.9713745117,SPY,781
2021-05-14,305700.79152679443,100.14873504638672,305600.64279174805,SPY,781
2021-05-17,304923.17598724365,100.14873504638672,304823.02725219727,SPY,781
2021-05-18,302296.93001556396,100.14873504638672,302196.7812805176,SPY,781
2021-05-19,301504.63259124756,100.14873504638672,301404.4838562012,SPY,781
2021-05-20,304747.13637542725,100.14873504638672,304646.98764038086,SPY,781
2021-05-21,304497.71117401123,100.14873504638672,304397.56243896484,SPY,781
2021-05-24,307600.7847213745,100.14873504638672,307500.6359863281,SPY,781
2021-05-25,306918.5775985718,100.14873504638672,306818.4288635254,SPY,781
2021-05-26,307527.49446868896,100.14873504638672,307427.3457336426,SPY,781
2021-05-27,307688.85219573975,100.14873504638672,307588.70346069336,SPY,781
2021-05-28,308239.0176925659,100.14873504638672,308138.86895751953,SPY,781
2021-06-01,307967.56966400146,100.14873504638672,307867.4209289551,SPY,781
2021-06-02,308451.7381820679,100.14873504638672,308351.5894470215,SPY,781
2021-06-03,307307.38536834717,100.14873504638672,307207.2366333008,SPY,781
2021-06-04,310117.0595626831,100.14873504638672,310016.9108276367,SPY,781
2021-06-07,309816.2239303589,100.14873504638672,309716.0751953125,SPY,781
2021-06-08,309882.22090911865,100.14873504638672,309782.07217407227,SPY,781
2021-06-09,309420.0752182007,100.14873504638672,309319.9264831543,SPY,781
2021-06-10,310857.8988876343,100.14873504638672,310757.7501525879,SPY,781
2021-06-11,311371.45500946045,100.14873504638672,311271.30627441406,SPY,781
2021-06-14,312068.4393539429,100.14873504638672,311968.2906188965,SPY,781
2021-06-15,311496.20336151123,100.14873504638672,311396.05462646484,SPY,781
2021-06-16,309757.56789398193,100.14873504638672,309657.41915893555,SPY,781
2021-06-17,309654.8900375366,100.14873504638672,309554.74130249023,SPY,781
2021-06-18,305478.8233566284,100.14873504638672,305378.67462158203,SPY,781
2021-06-21,309850.64055633545,100.14873504638672,309750.49182128906,SPY,781
2021-06-22,311506.5712509155,100.14873504638672,311406.42251586914,SPY,781
2021-06-23,311131.25365448,100.14873504638672,311031.1049194336,SPY,781
2021-06-24,312971.2322616577,100.14873504638672,312871.0835266113,SPY,781
2021-06-25,314082.5746688843,100.14873504638672,313982.4259338379,SPY,781
2021-06-28,314715.54027557373,100.14873504638672,314615.39154052734,SPY,781
2021-06-29,314884.8348007202,100.14873504638672,314784.6860656738,SPY,781
2021-06-30,315149.7999191284,100.14873504638672,315049.65118408203,SPY,781
2021-07-01,316894.10793304443,100.14873504638672,316793.95919799805,SPY,781
2021-07-02,319315.54637908936,100.14873504638672,319215.39764404297,SPY,781
2021-07-06,318734.03887176514,100.14873504638672,318633.89013671875,SPY,781
2021-07-07,319860.1585006714,100.14873504638672,319760.009765625,SPY,781
2021-07-08,317254.74364471436,100.14873504638672,317154.59490966797,SPY,781
2021-07-09,320640.2766342163,100.14873504638672,320540.1278991699,SPY,781
2021-07-12,321788.4429244995,100.14873504638672,321688.2941894531,SPY,781
2021-07-13,320691.8300704956,100.14873504638672,320591.6813354492,SPY,781
2021-07-14,321170.23070526123,100.14873504638672,321070.08197021484,SPY,781
2021-07-15,320073.5940170288,100.14873504638672,319973.4452819824,SPY,781
2021-07-16,317563.873588562,100.14873504638672,317463.7248535156,SPY,781
2021-07-19,312875.5855026245,100.14873504638672,312775.4367675781,SPY,781
2021-07-20,317357.7551803589,100.14873504638672,317257.6064453125,SPY,781
2021-07-21,319926.3938217163,100.14873504638672,319826.2450866699,SPY,781
2021-07-22,320596.2071456909,100.14873504638672,320496.05841064453,SPY,781
2021-07-23,323893.38665008545,100.14873504638672,323793.23791503906,SPY,781
2021-07-26,324688.25817108154,100.14873504638672,324588.10943603516,SPY,781
2021-07-27,323208.93910980225,100.14873504638672,323108.79037475586,SPY,781
2021-07-28,323076.4446334839,100.14873504638672,322976.2958984375,SPY,781
2021-07-29,324415.97594451904,100.14873504638672,324315.82720947266,SPY,781
2021-07-30,322840.938621521,100.14873504638672,322740.7898864746,SPY,781
2021-08-02,322163.8320236206,100.14873504638672,322063.6832885742,SPY,781
2021-08-03,324784.0002670288,100.14873504638672,324683.8515319824,SPY,781
2021-08-04,323186.84477996826,100.14873504638672,323086.6960449219,SPY,781
2021-08-05,325232.84645843506,100.14873504638672,325132.6977233887,SPY,781
2021-08-06,325770.1891403198,100.14873504638672,325670.04040527344,SPY,781
2021-08-09,325505.2240219116,100.14873504638672,325405.07528686523,SPY,781
2021-08-10,325910.072227478,100.14873504638672,325809.92349243164,SPY,781
2021-08-11,326719.62563323975,100.14873504638672,326619.47689819336,SPY,781
2021-08-12,327698.47356414795,100.14873504638672,327598.32482910156,SPY,781
2021-08-13,328294.6867904663,100.14873504638672,328194.5380554199,SPY,781
2021-08-16,329067.4639816284,100.14873504638672,328967.31524658203,SPY,781
2021-08-17,326910.9668197632,100.14873504638672,326810.8180847168,SPY,781
2021-08-18,323333.9734725952,100.14873504638672,323233.8247375488,SPY,781
2021-08-19,323834.49227142334,100.14873504638672,323734.34353637695,SPY,781
2021-08-20,326410.4718551636,100.14873504638672,326310.3231201172,SPY,781
2021-08-23,329280.8756637573,100.14873504638672,329180.72692871094,SPY,781
2021-08-24,329803.4172897339,100.14873504638672,329703.2685546875,SPY,781
2021-08-25,330495.2057723999,100.14873504638672,330395.0570373535,SPY,781
2021-08-26,328544.89852142334,100.14873504638672,328444.74978637695,SPY,781
2021-08-27,331481.537651062,100.14873504638672,331381.3889160156,SPY,781
2021-08-30,332938.81005096436,100.14873504638672,332838.66131591797,SPY,781
2021-08-31,332445.63219451904,100.14873504638672,332345.48345947266,SPY,781
2021-09-01,332622.29149627686,100.14873504638672,332522.14276123047,SPY,781
2021-09-02,333645.3042526245,100.14873504638672,333545.1555175781,SPY,781
2021-09-03,333564.38704681396,100.14873504638672,333464.2383117676,SPY,781
2021-09-07,332372.0559310913,100.14873504638672,332271.9071960449,SPY,781
2021-09-08,331967.25539398193,100.14873504638672,331867.10665893555,SPY,781
2021-09-09,330546.7830429077,100.14873504638672,330446.6343078613,SPY,781
2021-09-10,327941.4158554077,100.14873504638672,327841.2671203613,SPY,781
2021-09-13,328780.3568649292,100.14873504638672,328680.2081298828,SPY,781
2021-09-14,327006.6374130249,100.14873504638672,326906.4886779785,SPY,781
2021-09-15,329737.18196868896,100.14873504638672,329637.0332336426,SPY,781
2021-09-16,329214.68801116943,100.14873504638672,329114.53927612305,SPY,781
2021-09-17,326008.7220993042,100.14873504638672,325908.5733642578,SPY,781
2021-09-20,320574.44649505615,100.14873504638672,320474.29776000977,SPY,781
2021-09-21,320271.7041244507,100.14873504638672,320171.5553894043,SPY,781
2021-09-22,323394.9414291382,100.14873504638672,323294.7926940918,SPY,781
2021-09-23,327322.9652938843,100.14873504638672,327222.8165588379,SPY,781
2021-09-24,327862.02404022217,100.14873504638672,327761.8753051758,SPY,781
2021-09-27,326924.2663192749,100.14873504638672,326824.1175842285,SPY,781
2021-09-28,320338.2016220093,100.14873504638672,320238.0528869629,SPY,781
2021-09-29,320877.1650314331,100.14873504638672,320777.0162963867,SPY,781
2021-09-30,316956.5774459839,100.14873504638672,316856.4287109375,SPY,781
2021-10-01,320722.0518722534,100.14873504638672,320621.90313720703,SPY,781
2021-10-04,316587.4090805054,100.14873504638672,316487.260345459,SPY,781
2021-10-05,319880.4414291382,100.14873504638672,319780.2926940918,SPY,781
2021-10-06,321209.4141769409,100.14873504638672,321109.26544189453,SPY,781
2021-10-07,323985.69661712646,100.14873504638672,323885.5478820801,SPY,781
2021-10-08,323394.9414291382,100.14873504638672,323294.7926940918,SPY,781
2021-10-11,321054.4440231323,100.14873504638672,320954.29528808594,SPY,781
2021-10-12,320264.31551361084,100.14873504638672,320164.16677856445,SPY,781
2021-10-13,321416.17610931396,100.14873504638672,321316.0273742676,SPY,781
2021-10-14,326820.94493865967,100.14873504638672,326720.7962036133,SPY,781
2021-10-15,329309.1668930054,100.14873504638672,329209.018157959,SPY,781
2021-10-18,330283.7723312378,100.14873504638672,330183.6235961914,SPY,781
2021-10-19,332831.12700653076,100.14873504638672,332730.9782714844,SPY,781
2021-10-20,334138.0054244995,100.14873504638672,334037.8566894531,SPY,781
2021-10-21,335009.24181365967,100.14873504638672,334909.0930786133,SPY,781
2021-10-22,334662.21544647217,100.14873504638672,334562.0667114258,SPY,781
2021-10-25,336456.4085006714,100.14873504638672,336356.259765625,SPY,781
2021-10-26,336759.12703704834,100.14873504638672,336658.97830200195,SPY,781
2021-10-27,335267.6763534546,100.14873504638672,335167.5276184082,SPY,781
2021-10-28,338501.6474838257,100.14873504638672,338401.4987487793,SPY,781
2021-10-29,339188.31160736084,100.14873504638672,339088.16287231445,SPY,781
2021-11-01,339771.63051605225,100.14873504638672,339671.48178100586,SPY,781
2021-11-02,341144.95876312256,100.14873504638672,341044.8100280762,SPY,781
2021-11-03,343227.0692977905,100.14873504638672,343126.92056274414,SPY,781
2021-11-04,344844.1263656616,100.14873504638672,344743.97763061523,SPY,781
2021-11-05,346040.24712371826,100.14873504638672,345940.0983886719,SPY,781
2021-11-08,346335.52938079834,100.14873504638672,346235.38064575195,SPY,781
2021-11-09,345191.1527328491,100.14873504638672,345091.00399780273,SPY,781
2021-11-10,342414.9179611206,100.14873504638672,342314.7692260742,SPY,781
2021-11-11,342525.72328948975,100.14873504638672,342425.57455444336,SPY,781
2021-11-12,345109.9495162964,100.14873504638672,345009.80078125,SPY,781
2021-11-15,345228.0481185913,100.14873504638672,345127.8993835449,SPY,781
2021-11-16,346593.94008636475,100.14873504638672,346493.79135131836,SPY,781
2021-11-17,345752.2819747925,100.14873504638672,345652.1332397461,SPY,781
2021-11-18,346926.2130661011,100.14873504638672,346826.0643310547,SPY,781
2021-11-19,346306.022605896,100.14873504638672,346205.8738708496,SPY,781
2021-11-22,345331.39333343506,100.14873504638672,345231.2445983887,SPY,781
2021-11-23,345789.2011947632,100.14873504638672,345689.0524597168,SPY,781
2021-11-24,346712.13402557373,100.14873504638672,346611.98529052734,SPY,781
2021-11-26,338981.5973434448,100.14873504638672,338881.44860839844,SPY,781
2021-11-29,343138.47747039795,100.14873504638672,343038.32873535156,SPY,781
2021-11-30,336463.7732772827,100.14873504638672,336363.6245422363,SPY,781
2021-12-01,332727.68645477295,100.14873504638672,332627.53771972656,SPY,781
2021-12-02,337822.3719711304,100.14873504638672,337722.223236084,SPY,781
2021-12-03,334883.7069320679,100.14873504638672,334783.5581970215,SPY,781
2021-12-06,338848.6976852417,100.14873504638672,338748.5489501953,SPY,781
2021-12-07,345855.6033554077,100.14873504638672,345755.4546203613,SPY,781
2021-12-08,346771.21907806396,100.14873504638672,346671.0703430176,SPY,781
2021-12-09,344430.578666687,100.14873504638672,344330.4299316406,SPY,781
2021-12-10,347672.0099105835,100.14873504638672,347571.8611755371,SPY,781
2021-12-13,344593.056602478,100.14873504638672,344492.90786743164,SPY,781
2021-12-14,342222.95708465576,100.14873504638672,342122.8083496094,SPY,781
2021-12-15,347568.6170272827,100.14873504638672,347468.4682922363,SPY,781
2021-12-16,344504.44094085693,100.14873504638672,344404.29220581055,SPY,781
2021-12-17,340839.022605896,100.14873504638672,340738.8738708496,SPY,781
2021-12-20,337215.7670211792,100.14873504638672,337115.6182861328,SPY,781
2021-12-21,343202.6153793335,100.14873504638672,343102.4666442871,SPY,781
2021-12-22,346633.2188949585,100.14873504638672,346533.0701599121,SPY,781
2021-12-23,348789.3347091675,100.14873504638672,348689.1859741211,SPY,781
2021-12-27,353724.06871795654,100.14873504638672,353623.91998291016,SPY,781
2021-12-28,353435.1025314331,100.14873504638672,353334.9537963867,SPY,781
2021-12-29,353887.0233383179,100.14873504638672,353786.8746032715,SPY,781
2021-12-30,352909.0096054077,100.14873504638672,352808.8608703613,SPY,781
2021-12-31,352019.89754486084,100.14873504638672,351919.74880981445,SPY,781
2022-01-03,354057.4380722046,100.14873504638672,353957.2893371582,SPY,781
2022-01-04,353938.9342880249,100.14873504638672,353838.7855529785,SPY,781
2022-01-05,347144.43926239014,100.14873504638672,347044.29052734375,SPY,781
2022-01-06,346818.4346847534,100.14873504638672,346718.28594970703,SPY,781
2022-01-07,345447.6805343628,100.14873504638672,345347.5317993164,SPY,781
2022-01-10,345017.9493942261,100.14873504638672,344917.8006591797,SPY,781
2022-01-11,348159.5152206421,100.14873504638672,348059.3664855957,SPY,781
2022-01-12,349100.538230896,100.14873504638672,349000.3894958496,SPY,781
2022-01-13,344291.81578826904,100.14873504638672,344191.66705322266,SPY,781
2022-01-14,344432.5569076538,100.14873504638672,344332.4081726074,SPY,781
2022-01-18,338334.6410446167,100.14873504638672,338234.4923095703,SPY,781
2022-01-19,334822.5483016968,100.14873504638672,334722.3995666504,SPY,781
2022-01-20,331117.77965545654,100.14873504638672,331017.63092041016,SPY,781
2022-01-21,324619.7347640991,100.14873504638672,324519.58602905273,SPY,781
2022-01-24,325997.82985687256,100.14873504638672,325897.6811218262,SPY,781
2022-01-25,322018.99141693115,100.14873504638672,321918.84268188477,SPY,781
2022-01-26,321211.3685836792,100.14873504638672,321111.2198486328,SPY,781
2022-01-27,319625.7011947632,100.14873504638672,319525.5524597168,SPY,781
2022-01-28,327561.2599105835,100.14873504638672,327461.1111755371,SPY,781
2022-01-31,333459.2065963745,100.14873504638672,333359.0578613281,SPY,781
2022-02-01,335711.63652801514,100.14873504638672,335611.48779296875,SPY,781
2022-02-02,338971.8253097534,100.14873504638672,338871.67657470703,SPY,781
2022-02-03,331006.6883163452,100.14873504638672,330906.5395812988,SPY,781
2022-02-04,332562.63442230225,100.14873504638672,332462.48568725586,SPY,781
2022-02-07,331495.64751434326,100.14873504638672,331395.4987792969,SPY,781
2022-02-08,334222.3309249878,100.14873504638672,334122.1821899414,SPY,781
2022-02-09,339112.6140975952,100.14873504638672,339012.4653625488,SPY,781
2022-02-10,333022.0391769409,100.14873504638672,332921.89044189453,SPY,781
2022-02-11,326457.23461151123,100.14873504638672,326357.08587646484,SPY,781
2022-02-14,325390.27153778076,100.14873504638672,325290.1228027344,SPY,781
2022-02-15,330636.1852340698,100.14873504638672,330536.03649902344,SPY,781
2022-02-16,331006.6883163452,100.14873504638672,330906.5395812988,SPY,781
2022-02-17,323938.0043258667,100.14873504638672,323837.8555908203,SPY,781
2022-02-18,321841.0927352905,100.14873504638672,321740.94400024414,SPY,781
2022-02-22,318388.3472213745,100.14873504638672,318288.1984863281,SPY,781
2022-02-23,312742.3759994507,100.14873504638672,312642.2272644043,SPY,781
2022-02-24,317447.3003768921,100.14873504638672,317347.1516418457,SPY,781
2022-02-25,324449.2723617554,100.14873504638672,324349.123626709,SPY,781
2022-02-28,323619.4598617554,100.14873504638672,323519.311126709,SPY,781
2022-03-01,318692.1621322632,100.14873504638672,318592.0133972168,SPY,781
2022-03-02,324553.0227584839,100.14873504638672,324452.8740234375,SPY,781
2022-03-03,322937.70558929443,100.14873504638672,322837.55685424805,SPY,781
2022-03-04,320314.82024383545,100.14873504638672,320214.67150878906,SPY,781
2022-03-07,310875.1548690796,100.14873504638672,310775.0061340332,SPY,781
2022-03-08,308518.9030380249,100.14873504638672,308418.7543029785,SPY,781
2022-03-09,316787.8787765503,100.14873504638672,316687.7300415039,SPY,781
2022-03-10,315357.8727340698,100.14873504638672,315257.72399902344,SPY,781
2022-03-11,311349.36067962646,100.14873504638672,311249.2119445801,SPY,781
2022-03-14,309074.64574432373,100.14873504638672,308974.49700927734,SPY,781
2022-03-15,315869.1407699585,100.14873504638672,315768.9920349121,SPY,781
2022-03-16,322871.0174179077,100.14873504638672,322770.8686828613,SPY,781
2022-03-17,326909.25075531006,100.14873504638672,326809.1020202637,SPY,781
2022-03-18,330488.69902801514,100.14873504638672,330388.55029296875,SPY,781
2022-03-21,330392.0750656128,100.14873504638672,330291.9263305664,SPY,781
2022-03-22,334256.962059021,100.14873504638672,334156.8133239746,SPY,781
2022-03-23,329953.5252609253,100.14873504638672,329853.3765258789,SPY,781
2022-03-24,334925.8458480835,100.14873504638672,334825.6971130371,SPY,781
2022-03-25,336561.040763855,100.14873504638672,336460.8920288086,SPY,781
2022-03-28,338954.2594833374,100.14873504638672,338854.110748291,SPY,781
2022-03-29,343146.199760437,100.14873504638672,343046.0510253906,SPY,781
2022-03-30,341027.93270111084,100.14873504638672,340927.78396606445,SPY,781
2022-03-31,335780.61278533936,100.14873504638672,335680.46405029297,SPY,781
2022-04-01,336731.97985076904,100.14873504638672,336631.83111572266,SPY,781
2022-04-04,339615.7784957886,100.14873504638672,339515.6297607422,SPY,781
2022-04-05,335327.23809051514,100.14873504638672,335227.08935546875,SPY,781
2022-04-06,331975.1206893921,100.14873504638672,331874.9719543457,SPY,781
2022-04-07,333647.49700164795,100.14873504638672,333547.34826660156,SPY,781
2022-04-08,332755.59633636475,100.14873504638672,332655.44760131836,SPY,781
2022-04-11,327069.7981185913,100.14873504638672,326969.6493835449,SPY,781
2022-04-12,325858.2804489136,100.14873504638672,325758.1317138672,SPY,781
2022-04-13,329589.314414978,100.14873504638672,329489.16567993164,SPY,781
2022-04-14,325486.5856552124,100.14873504638672,325386.436920166,SPY,781
2022-04-18,325620.3910140991,100.14873504638672,325520.24227905273,SPY,781
2022-04-19,330875.1948776245,100.14873504638672,330775.0461425781,SPY,781
2022-04-20,330629.8929977417,100.14873504638672,330529.7442626953,SPY,781
2022-04-21,325687.26985931396,100.14873504638672,325587.1211242676,SPY,781
2022-04-22,316753.4144821167,100.14873504638672,316653.2657470703,SPY,781
2022-04-25,318589.29360198975,100.14873504638672,318489.14486694336,SPY,781
2022-04-26,309365.59017181396,100.14873504638672,309265.4414367676,SPY,781
2022-04-27,310235.158164978,100.14873504638672,310135.00942993164,SPY,781
2022-04-28,318069.01622772217,100.14873504638672,317968.8674926758,SPY,781
2022-04-29,306318.26488494873,100.14873504638672,306218.11614990234,SPY,781
2022-05-02,308161.5087814331,100.14873504638672,308061.3600463867,SPY,781
2022-05-03,309573.6868209839,100.14873504638672,309473.5380859375,SPY,781
2022-05-04,318998.0267868042,100.14873504638672,318897.8780517578,SPY,781
2022-05-05,307663.5879135132,100.14873504638672,307563.4391784668,SPY,781
2022-05-06,305827.70879364014,100.14873504638672,305727.56005859375,SPY,781
2022-05-09,296039.15798187256,100.14873504638672,295939.0092468262,SPY,781
2022-05-10,296722.9381637573,100.14873504638672,296622.78942871094,SPY,781
2022-05-11,292010.72051239014,100.14873504638672,291910.57177734375,SPY,781
2022-05-12,291705.9999008179,100.14873504638672,291605.8511657715,SPY,781
2022-05-13,298677.6785812378,100.14873504638672,298577.5298461914,SPY,781
2022-05-16,297466.16091156006,100.14873504638672,297366.0121765137,SPY,781
2022-05-17,303583.09648895264,100.14873504638672,303482.94775390625,SPY,781
2022-05-18,291349.2730026245,100.14873504638672,291249.1242675781,SPY,781
2022-05-19,289565.40016937256,100.14873504638672,289465.2514343262,SPY,781
2022-05-20,289691.7930831909,100.14873504638672,289591.64434814453,SPY,781
2022-05-23,295110.123588562,100.14873504638672,295009.9748535156,SPY,781
2022-05-24,292858.0273361206,100.14873504638672,292757.8786010742,SPY,781
2022-05-25,295444.54164886475,100.14873504638672,295344.39291381836,SPY,781
2022-05-26,301345.9442977905,100.14873504638672,301245.79556274414,SPY,781
2022-05-27,308741.22872161865,100.14873504638672,308641.07998657227,SPY,781
2022-05-31,307009.5051803589,100.14873504638672,306909.3564453125,SPY,781
2022-06-01,304527.02727508545,100.14873504638672,304426.87854003906,SPY,781
2022-06-02,310324.369682312,100.14873504638672,310224.2209472656,SPY,781
2022-06-03,305233.14012908936,100.14873504638672,305132.99139404297,SPY,781
2022-06-06,306162.22219085693,100.14873504638672,306062.07345581055,SPY,781
2022-06-07,309097.9794540405,100.14873504638672,308997.83071899414,SPY,781
2022-06-08,305738.5449447632,100.14873504638672,305638.3962097168,SPY,781
2022-06-09,298469.55809783936,100.14873504638672,298369.40936279297,SPY,781
2022-06-10,289818.16216278076,100.14873504638672,289718.0134277344,SPY,781
2022-06-13,278818.09368133545,100.14873504638672,278717.94494628906,SPY,781
2022-06-14,277978.2469711304,100.14873504638672,277878.098236084,SPY,781
2022-06-15,281939.7579269409,100.14873504638672,281839.60919189453,SPY,781
2022-06-16,272611.9704208374,100.14873504638672,272511.821685791,SPY,781
2022-06-17,273199.46031951904,100.14873504638672,273099.31158447266,SPY,781
2022-06-21,280074.30052948,100.14873504638672,279974.1517944336,SPY,781
2022-06-22,279566.77446746826,100.14873504638672,279466.6257324219,SPY,781
2022-06-23,282306.20919036865,100.14873504638672,282206.06045532227,SPY,781
2022-06-24,291278.69985198975,100.14873504638672,291178.55111694336,SPY,781
2022-06-27,290166.4755783081,100.14873504638672,290066.3268432617,SPY,781
2022-06-28,284239.5941390991,100.14873504638672,284139.44540405273,SPY,781
2022-06-29,284008.1637802124,100.14873504638672,283908.015045166,SPY,781
2022-06-30,281701.6301498413,100.14873504638672,281601.4814147949,SPY,781
2022-07-01,284679.9791793823,100.14873504638672,284579.83044433594,SPY,781
2022-07-05,285217.44103240967,100.14873504638672,285117.2922973633,SPY,781
2022-07-06,286180.36769866943,100.14873504638672,286080.21896362305,SPY,781
2022-07-07,290464.9992904663,100.14873504638672,290364.8505554199,SPY,781
2022-07-08,290226.18032073975,100.14873504638672,290126.03158569336,SPY,781
2022-07-11,286911.9116744995,100.14873504638672,286811.7629394531,SPY,781
2022-07-12,284373.90001678467,100.14873504638672,284273.7512817383,SPY,781
2022-07-13,282880.97161102295,100.14873504638672,282780.82287597656,SPY,781
2022-07-14,282194.2836532593,100.14873504638672,282094.1349182129,SPY,781
2022-07-15,287583.72707366943,100.14873504638672,287483.57833862305,SPY,781
2022-07-18,285210.0047531128,100.14873504638672,285109.8560180664,SPY,781
2022-07-19,292913.4180831909,100.14873504638672,292813.26934814453,SPY,781
2022-07-20,294779.5428390503,100.14873504638672,294679.3941040039,SPY,781
2022-07-21,297780.343711853,100.14873504638672,297680.19497680664,SPY,781
2022-07-22,295018.4094772339,100.14873504638672,294918.2607421875,SPY,781
2022-07-25,295376.7332687378,100.14873504638672,295276.5845336914,SPY,781
2022-07-26,291883.3027267456,100.14873504638672,291783.1539916992,SPY,781
2022-07-27,299459.8702926636,100.14873504638672,299359.7215576172,SPY,781
2022-07-28,303214.57164764404,100.14873504638672,303114.42291259766,SPY,781
2022-07-29,307633.580619812,100.14873504638672,307533.4318847656,SPY,781
2022-08-01,306722.8985824585,100.14873504638672,306622.7498474121,SPY,781
2022-08-02,304700.01610565186,100.14873504638672,304599.86737060547,SPY,781
2022-08-03,309469.8410873413,100.14873504638672,309369.6923522949,SPY,781
2022-08-04,309260.8625717163,100.14873504638672,309160.7138366699,SPY,781
2022-08-05,308738.32094573975,100.14873504638672,308638.17221069336,SPY,781
2022-08-08,308379.99715423584,100.14873504638672,308279.84841918945,SPY,781
2022-08-09,307155.8235092163,100.14873504638672,307055.6747741699,SPY,781
2022-08-10,313605.22274017334,100.14873504638672,313505.07400512695,SPY,781
2022-08-11,313605.22274017334,100.14873504638672,313505.07400512695,SPY,781
2022-08-12,318912.5810775757,100.14873504638672,318812.4323425293,SPY,781
2022-08-15,320226.32375335693,100.14873504638672,320126.17501831055,SPY,781
2022-08-16,320853.3784713745,100.14873504638672,320753.2297363281,SPY,781
2022-08-17,318576.61379241943,100.14873504638672,318476.46505737305,SPY,781
2022-08-18,319502.2875595093,100.14873504638672,319402.1388244629,SPY,781
2022-08-19,315210.1720199585,100.14873504638672,315110.0232849121,SPY,781
2022-08-22,308648.751914978,100.14873504638672,308548.60317993164,SPY,781
2022-08-23,307902.3592147827,100.14873504638672,307802.2104797363,SPY,781
2022-08-24,308887.5947189331,100.14873504638672,308787.4459838867,SPY,781
2022-08-25,313246.9942855835,100.14873504638672,313146.8455505371,SPY,781
2022-08-26,302647.2455062866,100.14873504638672,302547.09677124023,SPY,781
2022-08-29,300646.74337005615,100.14873504638672,300546.59463500977,SPY,781
2022-08-30,297347.3949508667,100.14873504638672,297247.2462158203,SPY,781
2022-08-31,295085.62200164795,100.14873504638672,294985.47326660156,SPY,781
2022-09-01,296011.22426605225,100.14873504638672,295911.07553100586,SPY,781
2022-09-02,292890.9900741577,100.14873504638672,292790.8413391113,SPY,781
2022-09-06,291786.20207977295,100.14873504638672,291686.05334472656,SPY,781
2022-09-07,297026.39556121826,100.14873504638672,296926.2468261719,SPY,781
2022-09-08,298967.1691207886,100.14873504638672,298867.0203857422,SPY,781
2022-09-09,303610.1721725464,100.14873504638672,303510.0234375,SPY,781
2022-09-12,306872.17235565186,100.14873504638672,306772.02362060547,SPY,781
2022-09-13,293532.9888534546,100.14873504638672,293432.8401184082,SPY,781
2022-09-14,294652.6494064331,100.14873504638672,294552.5006713867,SPY,781
2022-09-15,291308.5403060913,100.14873504638672,291208.3915710449,SPY,781
2022-09-16,289086.9041976929,100.14873504638672,288986.7554626465,SPY,781
2022-09-19,291327.96520233154,100.14873504638672,291227.81646728516,SPY,781
2022-09-20,287985.1193161011,100.14873504638672,287884.9705810547,SPY,781
2022-09-21,282963.2950363159,100.14873504638672,282863.14630126953,SPY,781
2022-09-22,280587.3322982788,100.14873504638672,280487.1835632324,SPY,781
2022-09-23,275887.81829071045,100.14873504638672,275787.66955566406,SPY,781
2022-09-26,273159.5379867554,100.14873504638672,273059.389251709,SPY,781
2022-09-27,272462.4583053589,100.14873504638672,272362.3095703125,SPY,781
2022-09-28,277821.58458709717,100.14873504638672,277721.4358520508,SPY,781
2022-09-29,272020.2618637085,100.14873504638672,271920.1131286621,SPY,781
2022-09-30,267815.4034347534,100.14873504638672,267715.25469970703,SPY,781
2022-10-03,274883.49156951904,100.14873504638672,274783.34283447266,SPY,781
2022-10-04,283398.0313644409,100.14873504638672,283297.88262939453,SPY,781
2022-10-05,282738.4429244995,100.14873504638672,282638.2941894531,SPY,781
2022-10-06,279822.8255844116,100.14873504638672,279722.67684936523,SPY,781
2022-10-07,272020.2618637085,100.14873504638672,271920.1131286621,SPY,781
2022-10-10,269944.0145492554,100.14873504638672,269843.865814209,SPY,781
2022-10-11,268235.1480331421,100.14873504638672,268134.9992980957,SPY,781
2022-10-12,267350.7551498413,100.14873504638672,267250.6064147949,SPY,781
2022-10-13,274403.75621795654,100.14873504638672,274303.60748291016,SPY,781
2022-10-14,268152.681602478,100.14873504638672,268052.53286743164,SPY,781
2022-10-17,275040.79747772217,100.14873504638672,274940.6487426758,SPY,781
2022-10-18,278271.28881073,100.14873504638672,278171.1400756836,SPY,781
2022-10-19,276300.00743865967,100.14873504638672,276199.8587036133,SPY,781
2022-10-20,273984.0116195679,100.14873504638672,273883.8628845215,SPY,781
2022-10-21,280639.7914352417,100.14873504638672,280539.6427001953,SPY,781
2022-10-24,284072.61153411865,100.14873504638672,283972.46279907227,SPY,781
2022-10-25,288607.2403488159,100.14873504638672,288507.09161376953,SPY,781
2022-10-26,286433.60637664795,100.14873504638672,286333.45764160156,SPY,781
2022-10-27,284904.5929489136,100.14873504638672,284804.4442138672,SPY,781
2022-10-28,291680.2827682495,100.14873504638672,291580.1340332031,SPY,781
2022-10-31,289574.1234970093,100.14873504638672,289473.9747619629,SPY,781
2022-11-01,288307.4295883179,100.14873504638672,288207.2808532715,SPY,781
2022-11-02,281074.48009490967,100.14873504638672,280974.3313598633,SPY,781
2022-11-03,278181.338432312,100.14873504638672,278081.1896972656,SPY,781
2022-11-04,282183.8204269409,100.14873504638672,282083.67169189453,SPY,781
2022-11-07,284882.14110565186,100.14873504638672,284781.99237060547,SPY,781
2022-11-08,286418.5908126831,100.14873504638672,286318.4420776367,SPY,781
2022-11-09,280519.83376312256,100.14873504638672,280419.6850280762,SPY,781
2022-11-10,295930.06871795654,100.14873504638672,295829.91998291016,SPY,781
2022-11-11,298793.3222579956,100.14873504638672,298693.1735229492,SPY,781
2022-11-14,296252.40282440186,100.14873504638672,296152.25408935547,SPY,781
2022-11-15,298778.28285980225,100.14873504638672,298678.13412475586,SPY,781
2022-11-16,296499.7306137085,100.14873504638672,296399.5818786621,SPY,781
2022-11-17,295592.81438446045,100.14873504638672,295492.66564941406,SPY,781
2022-11-18,296934.490776062,100.14873504638672,296834.3420410156,SPY,781
2022-11-21,295855.18157196045,100.14873504638672,295755.03283691406,SPY,781
2022-11-22,299835.1163864136,100.14873504638672,299734.9676513672,SPY,781
2022-11-23,301723.9074935913,100.14873504638672,301623.7587585449,SPY,781
2022-11-25,301656.40895843506,100.14873504638672,301556.2602233887,SPY,781
2022-11-28,296844.5165634155,100.14873504638672,296744.36782836914,SPY,781
2022-11-29,296334.8215866089,100.14873504638672,296234.6728515625,SPY,781
2022-11-30,305666.3987350464,100.14873504638672,305566.25,SPY,781
2022-12-01,305441.54662323,100.14873504638672,305341.3978881836,SPY,781
2022-12-02,305089.30055999756,100.14873504638672,304989.1518249512,SPY,781
2022-12-05,299602.73265838623,100.14873504638672,299502.58392333984,SPY,781
2022-12-06,295285.47200775146,100.14873504638672,295185.3232727051,SPY,781
2022-12-07,294783.3324813843,100.14873504638672,294683.1837463379,SPY,781
2022-12-08,297091.82051849365,100.14873504638672,296991.67178344727,SPY,781
2022-12-09,294873.25902557373,100.14873504638672,294773.11029052734,SPY,781
2022-12-12,299123.0926437378,100.14873504638672,299022.9439086914,SPY,781
2022-12-13,301386.6531600952,100.14873504638672,301286.5044250488,SPY,781
2022-12-14,299460.3469772339,100.14873504638672,299360.1982421875,SPY,781
2022-12-15,292137.5424423218,100.14873504638672,292037.3937072754,SPY,781
2022-12-16,288689.68294525146,100.14873504638672,288589.5342102051,SPY,781
2022-12-19,286242.50353240967,100.14873504638672,286142.3547973633,SPY,781
2022-12-20,286634.0760726929,100.14873504638672,286533.9273376465,SPY,781
2022-12-21,290918.4693222046,100.14873504638672,290818.3205871582,SPY,781
2022-12-22,286769.5498275757,100.14873504638672,286669.4010925293,SPY,781
2022-12-23,288418.59243011475,100.14873504638672,288318.44369506836,SPY,781
2022-12-27,287281.6043930054,100.14873504638672,287181.455657959,SPY,781
2022-12-28,283712.5478439331,100.14873504638672,283612.3991088867,SPY,781
2022-12-29,288817.62508392334,100.14873504638672,288717.47634887695,SPY,781
2022-12-30,288057.21785736084,100.14873504638672,287957.06912231445,SPY,781
2023-01-03,286844.9136581421,100.14873504638672,286744.7649230957,SPY,781
2023-01-04,289058.5891342163,100.14873504638672,288958.4403991699,SPY,781
2023-01-05,285760.6469345093,100.14873504638672,285660.4981994629,SPY,781
2023-01-06,292311.41313934326,100.14873504638672,292211.2644042969,SPY,781
2023-01-09,292145.8129196167,100.14873504638672,292045.6641845703,SPY,781
2023-01-10,294193.88817596436,100.14873504638672,294093.73944091797,SPY,781
2023-01-11,297913.5055465698,100.14873504638672,297813.35681152344,SPY,781
2023-01-12,298997.77227020264,100.14873504638672,298897.62353515625,SPY,781
2023-01-13,300157.3551559448,100.14873504638672,300057.20642089844,SPY,781
2023-01-17,299607.66634368896,100.14873504638672,299507.5176086426,SPY,781
2023-01-18,294879.003074646,100.14873504638672,294778.8543395996,SPY,781
2023-01-19,292733.13597869873,100.14873504638672,292632.98724365234,SPY,781
2023-01-20,298184.572227478,100.14873504638672,298084.42349243164,SPY,781
2023-01-23,301761.20806121826,100.14873504638672,301661.0593261719,SPY,781
2023-01-24,301437.396232605,100.14873504638672,301337.2474975586,SPY,781
2023-01-25,301550.3466415405,100.14873504638672,301450.19790649414,SPY,781
2023-01-26,304863.37590789795,100.14873504638672,304763.22717285156,SPY,781
2023-01-27,305563.6493759155,100.14873504638672,305463.50064086914,SPY,781
2023-01-30,301731.057762146,100.14873504638672,301630.9090270996,SPY,781
2023-01-31,306166.05950164795,100.14873504638672,306065.91076660156,SPY,781
2023-02-01,309418.8358383179,100.14873504638672,309318.6871032715,SPY,781
2023-02-02,313921.5506210327,100.14873504638672,313821.4018859863,SPY,781
2023-02-03,310585.950340271,100.14873504638672,310485.8016052246,SPY,781
2023-02-06,308688.43590545654,100.14873504638672,308588.28717041016,SPY,781
2023-02-07,312724.3811569214,100.14873504638672,312624.232421875,SPY,781
2023-02-08,309305.90926361084,100.14873504638672,309205.76052856445,SPY,781
2023-02-09,306625.3212509155,100.14873504638672,306525.17251586914,SPY,781
2023-02-10,307340.657951355,100.14873504638672,307240.5092163086,SPY,781
2023-02-13,310947.3487472534,100.14873504638672,310847.20001220703,SPY,781
2023-02-14,310804.31954193115,100.14873504638672,310704.17080688477,SPY,781
2023-02-15,311813.2939376831,100.14873504638672,311713.1452026367,SPY,781
2023-02-16,307521.36907196045,100.14873504638672,307421.22033691406,SPY,781
2023-02-17,306753.33489227295,100.14873504638672,306653.18615722656,SPY,781
2023-02-21,300601.60134124756,100.14873504638672,300501.4526062012,SPY,781
2023-02-22,300187.5054550171,100.14873504638672,300087.3567199707,SPY,781
2023-02-23,301783.77907562256,100.14873504638672,301683.6303405762,SPY,781
2023-02-24,298561.05770111084,100.14873504638672,298460.90896606445,SPY,781
2023-02-27,299577.61138153076,100.14873504638672,299477.4626464844,SPY,781
2023-02-28,298470.6783065796,100.14873504638672,298370.5295715332,SPY,781
2023-03-01,297326.1586532593,100.14873504638672,297226.0099182129,SPY,781
2023-03-02,299637.81664276123,100.14873504638672,299537.66790771484,SPY,781
2023-03-03,304441.724571228,100.14873504638672,304341.57583618164,SPY,781
2023-03-06,304652.56215667725,100.14873504638672,304552.41342163086,SPY,781
2023-03-07,299984.10414886475,100.14873504638672,299883.95541381836,SPY,781
2023-03-08,300473.58769989014,100.14873504638672,300373.43896484375,SPY,781
2023-03-09,294931.7482223511,100.14873504638672,294831.5994873047,SPY,781
2023-03-10,290677.52910614014,100.14873504638672,290577.38037109375,SPY,781
2023-03-13,290263.3378829956,100.14873504638672,290163.1891479492,SPY,781
2023-03-14,295059.785697937,100.14873504638672,294959.6369628906,SPY,781
2023-03-15,293214.9925765991,100.14873504638672,293114.84384155273,SPY,781
2023-03-16,298357.75173187256,100.14873504638672,298257.6029968262,SPY,781
2023-03-17,294870.3035812378,100.14873504638672,294770.1548461914,SPY,781
2023-03-20,297704.74153900146,100.14873504638672,297604.5928039551,SPY,781
2023-03-21,301612.43480682373,100.14873504638672,301512.28607177734,SPY,781
2023-03-22,296472.67876434326,100.14873504638672,296372.5300292969,SPY,781
2023-03-23,297273.8901901245,100.14873504638672,297173.7414550781,SPY,781
2023-03-24,299223.9352645874,100.14873504638672,299123.786529541,SPY,781
2023-03-27,299783.2769393921,100.14873504638672,299683.1282043457,SPY,781
2023-03-28,299110.6273422241,100.14873504638672,299010.47860717773,SPY,781
2023-03-29,303456.65590667725,100.14873504638672,303356.50717163086,SPY,781
2023-03-30,305232.9017868042,100.14873504638672,305132.7530517578,SPY,781
2023-03-31,309533.6214828491,100.14873504638672,309433.47274780273,SPY,781
2023-04-03,310712.7484359741,100.14873504638672,310612.59970092773,SPY,781
2023-04-04,308989.4383773804,100.14873504638672,308889.289642334,SPY,781
2023-04-05,308180.64766693115,100.14873504638672,308080.49893188477,SPY,781
2023-04-06,309382.4409713745,100.14873504638672,309282.2922363281,SPY,781
2023-04-10,309699.91289520264,100.14873504638672,309599.76416015625,SPY,781
2023-04-11,309783.07051849365,100.14873504638672,309682.92178344727,SPY,781
2023-04-12,308520.78594207764,100.14873504638672,308420.63720703125,SPY,781
2023-04-13,312617.4369735718,100.14873504638672,312517.2882385254,SPY,781
2023-04-14,311854.0504684448,100.14873504638672,311753.90173339844,SPY,781
2023-04-17,312972.7099838257,100.14873504638672,312872.5612487793,SPY,781
2023-04-18,313176.802482605,100.14873504638672,313076.6537475586,SPY,781
2023-04-19,313123.8666610718,100.14873504638672,313023.7179260254,SPY,781
2023-04-20,311415.66750335693,100.14873504638672,311315.51876831055,SPY,781
2023-04-21,311657.5372543335,100.14873504638672,311557.3885192871,SPY,781
2023-04-24,311982.54079437256,100.14873504638672,311882.3920593262,SPY,781
2023-04-25,307031.8140182495,100.14873504638672,306931.6652832031,SPY,781
2023-04-26,305731.75218963623,100.14873504638672,305631.60345458984,SPY,781
2023-04-27,311816.27321624756,100.14873504638672,311716.1244812012,SPY,781
2023-04-28,314476.81664276123,100.14873504638672,314376.66790771484,SPY,781
2023-05-01,314159.3685531616,100.14873504638672,314059.21981811523,SPY,781
2023-05-02,310629.5669784546,100.14873504638672,310529.4182434082,SPY,781
2023-05-03,308498.1434249878,100.14873504638672,308397.9946899414,SPY,781
2023-05-04,306313.7602157593,100.14873504638672,306213.6114807129,SPY,781
2023-05-05,311982.54079437256,100.14873504638672,311882.3920593262,SPY,781
2023-05-08,312065.6984176636,100.14873504638672,311965.5496826172,SPY,781
2023-05-09,310697.6137008667,100.14873504638672,310597.4649658203,SPY,781
2023-05-10,312148.8560409546,100.14873504638672,312048.7073059082,SPY,781
2023-05-11,311604.6252670288,100.14873504638672,311504.4765319824,SPY,781
2023-05-12,311196.46410369873,100.14873504638672,311096.31536865234,SPY,781
2023-05-15,312269.74324798584,100.14873504638672,312169.59451293945,SPY,781
2023-05-16,310183.62856292725,100.14873504638672,310083.47982788086,SPY,781
2023-05-17,313947.7206039429,100.14873504638672,313847.5718688965,SPY,781
2023-05-18,316971.0924911499,100.14873504638672,316870.9437561035,SPY,781
2023-05-19,316509.9955062866,100.14873504638672,316409.84677124023,SPY,781
2023-05-22,316638.5335006714,100.14873504638672,316538.384765625,SPY,781
2023-05-23,313086.0417404175,100.14873504638672,312985.8930053711,SPY,781
2023-05-24,310818.548576355,100.14873504638672,310718.3998413086,SPY,781
2023-05-25,313509.3614730835,100.14873504638672,313409.2127380371,SPY,781
2023-05-26,317568.1637496948,100.14873504638672,317468.01501464844,SPY,781
2023-05-30,317689.17012786865,100.14873504638672,317589.02139282227,SPY,781
2023-05-31,315928.0113143921,100.14873504638672,315827.8625793457,SPY,781
2023-06-01,318928.7406845093,100.14873504638672,318828.5919494629,SPY,781
2023-06-02,323539.35301971436,100.14873504638672,323439.20428466797,SPY,781
2023-06-05,322919.5439071655,100.14873504638672,322819.39517211914,SPY,781
2023-06-06,323622.46297454834,100.14873504638672,323522.31423950195,SPY,781
2023-06-07,322503.827293396,100.14873504638672,322403.6785583496,SPY,781
2023-06-08,324453.94387054443,100.14873504638672,324353.79513549805,SPY,781
2023-06-09,325035.88039398193,100.14873504638672,324935.73165893555,SPY,781
2023-06-12,327983.6501083374,100.14873504638672,327883.501373291,SPY,781
2023-06-13,330145.4146347046,100.14873504638672,330045.2658996582,SPY,781
2023-06-14,330538.41722869873,100.14873504638672,330438.26849365234,SPY,781
2023-06-15,334635.1159286499,100.14873504638672,334534.9671936035,SPY,781
2023-06-16,333495.57762908936,100.14873504638672,333395.42889404297,SPY,781
2023-06-20,331765.8799972534,100.14873504638672,331665.73126220703,SPY,781
2023-06-21,330066.5233383179,100.14873504638672,329966.3746032715,SPY,781
2023-06-22,331257.5674057007,100.14873504638672,331157.4186706543,SPY,781
2023-06-23,328754.06771087646,100.14873504638672,328653.9189758301,SPY,781
2023-06-26,327411.27111053467,100.14873504638672,327311.1223754883,SPY,781
2023-06-27,330999.6095504761,100.14873504638672,330899.4608154297,SPY,781
2023-06-28,331166.5444869995,100.14873504638672,331066.3957519531,SPY,781
2023-06-29,332471.3731613159,100.14873504638672,332371.22442626953,SPY,781
2023-06-30,336393.62914276123,100.14873504638672,336293.48040771484,SPY,781
2023-07-03,336780.5301742554,100.14873504638672,336680.381439209,SPY,781
2023-07-05,336279.8207015991,100.14873504638672,336179.67196655273,SPY,781
2023-07-06,333647.33016204834,100.14873504638672,333547.18142700195,SPY,781
2023-07-07,332805.19536590576,100.14873504638672,332705.0466308594,SPY,781
2023-07-10,333647.33016204834,100.14873504638672,333547.18142700195,SPY,781
2023-07-11,335771.5081100464,100.14873504638672,335671.359375,SPY,781
2023-07-12,338472.33138275146,100.14873504638672,338372.1826477051,SPY,781
2023-07-13,341157.92458343506,100.14873504638672,341057.7758483887,SPY,781
2023-07-14,340945.5139389038,100.14873504638672,340845.3652038574,SPY,781
2023-07-17,342129.00255584717,100.14873504638672,342028.8538208008,SPY,781
2023-07-18,344670.4701766968,100.14873504638672,344570.3214416504,SPY,781
2023-07-19,345436.6929550171,100.14873504638672,345336.5442199707,SPY,781
2023-07-20,343145.5562362671,100.14873504638672,343045.4075012207,SPY,781
2023-07-21,343145.5562362671,100.14873504638672,343045.4075012207,SPY,781
2023-07-24,344678.07329559326,100.14873504638672,344577.9245605469,SPY,781
2023-07-25,345618.76262664795,100.14873504638672,345518.61389160156,SPY,781
2023-07-26,345671.9129562378,100.14873504638672,345571.7642211914,SPY,781
2023-07-27,343380.7762374878,100.14873504638672,343280.6275024414,SPY,781
2023-07-28,346741.59313201904,100.14873504638672,346641.44439697266,SPY,781
2023-07-31,347401.5867538452,100.14873504638672,347301.4380187988,SPY,781
2023-08-01,346407.7709274292,100.14873504638672,346307.6221923828,SPY,781
2023-08-02,341590.37282562256,100.14873504638672,341490.2240905762,SPY,781
2023-08-03,340611.69173431396,100.14873504638672,340511.5429992676,SPY,781
2023-08-04,339071.6668930054,100.14873504638672,338971.518157959,SPY,781
2023-08-07,342030.3765182495,100.14873504638672,341930.2277832031,SPY,781
2023-08-08,340543.4305038452,100.14873504638672,340443.2817687988,SPY,781
2023-08-09,338267.47618865967,100.14873504638672,338167.3274536133,SPY,781
2023-08-10,338388.86391448975,100.14873504638672,338288.71517944336,SPY,781
2023-08-11,338191.61183929443,100.14873504638672,338091.46310424805,SPY,781
2023-08-14,340057.92726898193,100.14873504638672,339957.77853393555,SPY,781
2023-08-15,336097.75102996826,100.14873504638672,335997.6022949219,SPY,781
2023-08-16,333632.1477584839,100.14873504638672,333531.9990234375,SPY,781
2023-08-17,331090.6801376343,100.14873504638672,330990.5314025879,SPY,781
2023-08-18,331249.9642868042,100.14873504638672,331149.8155517578,SPY,781
2023-08-21,333404.5547103882,100.14873504638672,333304.4059753418,SPY,781
2023-08-22,332501.76180267334,100.14873504638672,332401.61306762695,SPY,781
2023-08-23,336203.9801864624,100.14873504638672,336103.831451416,SPY,781
2023-08-24,331545.8900680542,100.14873504638672,331445.7413330078,SPY,781
2023-08-25,333882.502494812,100.14873504638672,333782.3537597656,SPY,781
2023-08-28,335999.1249923706,100.14873504638672,335898.9762573242,SPY,781
2023-08-29,340854.49102020264,100.14873504638672,340754.34228515625,SPY,781
2023-08-30,342257.9457321167,100.14873504638672,342157.7969970703,SPY,781
2023-08-31,341757.2839279175,100.14873504638672,341657.1351928711,SPY,781
2023-09-01,342394.51586151123,100.14873504638672,342294.36712646484,SPY,781
2023-09-05,340915.1491317749,100.14873504638672,340815.0003967285,SPY,781
2023-09-06,338624.06008148193,100.14873504638672,338523.91134643555,SPY,781
2023-09-07,337584.67321014404,100.14873504638672,337484.52447509766,SPY,781
2023-09-08,338092.9858016968,100.14873504638672,337992.8370666504,SPY,781
2023-09-11,340315.8374557495,100.14873504638672,340215.6887207031,SPY,781
2023-09-12,338449.5458602905,100.14873504638672,338349.39712524414,SPY,781
2023-09-13,338844.07384490967,100.14873504638672,338743.9251098633,SPY,781
2023-09-14,341764.83937835693,100.14873504638672,341664.69064331055,SPY,781
2023-09-15,337648.3344345093,100.14873504638672,337548.1856994629,SPY,781
2023-09-18,337846.30153656006,100.14873504638672,337746.1528015137,SPY,781
2023-09-19,337145.9088973999,100.14873504638672,337045.7601623535,SPY,781
2023-09-20,334047.3400192261,100.14873504638672,333947.1912841797,SPY,781
2023-09-21,328527.69020843506,100.14873504638672,328427.5414733887,SPY,781
2023-09-22,327789.21047210693,100.14873504638672,327689.06173706055,SPY,781
2023-09-25,329167.2102279663,100.14873504638672,329067.0614929199,SPY,781
2023-09-26,324332.84215545654,100.14873504638672,324232.69342041016,SPY,781
2023-09-27,324462.2381820679,100.14873504638672,324362.0894470215,SPY,781
2023-09-28,326342.68730926514,100.14873504638672,326242.53857421875,SPY,781
2023-09-29,325550.9142379761,100.14873504638672,325450.7655029297,SPY,781
2023-10-02,325421.51821136475,100.14873504638672,325321.36947631836,SPY,781
2023-10-03,321066.69481658936,100.14873504638672,320966.54608154297,SPY,781
2023-10-04,323404.02227020264,100.14873504638672,323303.87353515625,SPY,781
2023-10-05,323282.18169403076,100.14873504638672,323182.0329589844,SPY,781
2023-10-06,327119.25414276123,100.14873504638672,327019.10540771484,SPY,781
2023-10-09,329212.87660980225,100.14873504638672,329112.72787475586,SPY,781
2023-10-10,330925.86644744873,100.14873504638672,330825.71771240234,SPY,781
2023-10-11,332281.05684661865,100.14873504638672,332180.90811157227,SPY,781
2023-10-12,330255.910118103,100.14873504638672,330155.76138305664,SPY,781
2023-10-13,328611.44368743896,100.14873504638672,328511.2949523926,SPY,781
2023-10-16,332067.8596725464,100.14873504638672,331967.7109375,SPY,781
2023-10-17,332052.6057662964,100.14873504638672,331952.45703125,SPY,781
2023-10-18,327629.35430145264,100.14873504638672,327529.20556640625,SPY,781
2023-10-19,324751.56188201904,100.14873504638672,324651.41314697266,SPY,781
2023-10-20,320762.18871307373,100.14873504638672,320662.03997802734,SPY,781
2023-10-23,320206.4221725464,100.14873504638672,320106.2734375,SPY,781
2023-10-24,322619.82848358154,100.14873504638672,322519.67974853516,SPY,781
2023-10-25,317990.9591293335,100.14873504638672,317890.8103942871,SPY,781
2023-10-26,314184.394493103,100.14873504638672,314084.24575805664,SPY,781
2023-10-27,312760.6806869507,100.14873504638672,312660.5319519043,SPY,781
2023-10-30,316498.76958465576,100.14873504638672,316398.6208496094,SPY,781
2023-10-31,318485.85305023193,100.14873504638672,318385.70431518555,SPY,781
2023-11-01,321881.37258148193,100.14873504638672,321781.22384643555,SPY,781
2023-11-02,328048.12169647217,100.14873504638672,327947.9729614258,SPY,781
2023-11-03,331040.12773895264,100.14873504638672,330939.97900390625,SPY,781
2023-11-06,331801.4168319702,100.14873504638672,331701.2680969238,SPY,781
2023-11-07,332745.4191207886,100.14873504638672,332645.2703857422,SPY,781
2023-11-08,332989.0764389038,100.14873504638672,332888.9277038574,SPY,781
2023-11-09,330392.9569320679,100.14873504638672,330292.8081970215,SPY,781
2023-11-10,335547.1326828003,100.14873504638672,335446.9839477539,SPY,781
2023-11-13,335227.32500457764,100.14873504638672,335127.17626953125,SPY,781
2023-11-14,341729.064201355,100.14873504638672,341628.9154663086,SPY,781
2023-11-15,342452.2900314331,100.14873504638672,342352.1412963867,SPY,781
2023-11-16,342871.05742645264,100.14873504638672,342770.90869140625,SPY,781
2023-11-17,343297.3802719116,100.14873504638672,343197.23153686523,SPY,781
2023-11-20,345939.1661605835,100.14873504638672,345839.0174255371,SPY,781
2023-11-21,345185.4801864624,100.14873504638672,345085.331451416,SPY,781
2023-11-22,346517.81356048584,100.14873504638672,346417.66482543945,SPY,781
2023-11-24,346730.9630661011,100.14873504638672,346630.8143310547,SPY,781
2023-11-27,346106.6969528198,100.14873504638672,346006.54821777344,SPY,781
2023-11-28,346449.2663192749,100.14873504638672,346349.1175842285,SPY,781
2023-11-29,346205.6566696167,100.14873504638672,346105.5079345703,SPY,781
2023-11-30,347568.4025192261,100.14873504638672,347468.2537841797,SPY,781
2023-12-01,349624.00939178467,100.14873504638672,349523.8606567383,SPY,781
2023-12-04,347789.22664642334,100.14873504638672,347689.07791137695,SPY,781
2023-12-05,347720.6794052124,100.14873504638672,347620.530670166,SPY,781
2023-12-06,346319.82262420654,100.14873504638672,346219.67388916016,SPY,781
2023-12-07,348961.63234710693,100.14873504638672,348861.48361206055,SPY,781
2023-12-08,350461.44884490967,100.14873504638672,350361.3001098633,SPY,781
2023-12-11,351824.19469451904,100.14873504638672,351724.04595947266,SPY,781
2023-12-12,353430.62169647217,100.14873504638672,353330.4729614258,SPY,781
2023-12-13,358303.0768661499,100.14873504638672,358202.9281311035,SPY,781
2023-12-14,359452.69704437256,100.14873504638672,359352.5483093262,SPY,781
2023-12-15,358861.01232147217,100.14873504638672,358760.8635864258,SPY,781
2023-12-18,360879.10411834717,100.14873504638672,360778.9553833008,SPY,781
2023-12-19,363072.9256820679,100.14873504638672,362972.7769470215,SPY,781
2023-12-20,358043.11693573,100.14873504638672,357942.9682006836,SPY,781
2023-12-21,361437.1349105835,100.14873504638672,361336.9861755371,SPY,781
2023-12-22,362163.2685165405,100.14873504638672,362063.11978149414,SPY,781
2023-12-26,363692.0912704468,100.14873504638672,363591.9425354004,SPY,781
2023-12-27,364349.48696136475,100.14873504638672,364249.33822631836,SPY,781
2023-12-28,364487.08196258545,100.14873504638672,364386.93322753906,SPY,781
2023-12-29,363432.2028427124,100.14873504638672,363332.054107666,SPY,781
2024-01-02,361398.8571395874,100.14873504638672,361298.708404541,SPY,781
2024-01-03,358448.2511520386,100.14873504638672,358348.1024169922,SPY,781
2024-01-04,357294.0071334839,100.14873504638672,357193.8583984375,SPY,781
2024-01-05,357783.1808395386,100.14873504638672,357683.0321044922,SPY,781
2024-01-08,362889.4497909546,100.14873504638672,362789.3010559082,SPY,781
2024-01-09,362339.0936203003,100.14873504638672,362238.9448852539,SPY,781
2024-01-10,364387.7408981323,100.14873504638672,364287.59216308594,SPY,781
2024-01-11,364227.1935348511,100.14873504638672,364127.0447998047,SPY,781
2024-01-12,364479.45500946045,100.14873504638672,364379.30627441406,SPY,781
2024-01-16,363141.71126556396,100.14873504638672,363041.5625305176,SPY,781
2024-01-17,361123.6909713745,100.14873504638672,361023.5422363281,SPY,781
2024-01-18,364334.1615524292,100.14873504638672,364234.0128173828,SPY,781
2024-01-19,368874.7727584839,100.14873504638672,368774.6240234375,SPY,781
2024-01-22,369654.50954437256,100.14873504638672,369554.3608093262,SPY,781
2024-01-23,370732.31719207764,100.14873504638672,370632.16845703125,SPY,781
2024-01-24,371137.45140838623,100.14873504638672,371037.30267333984,SPY,781
2024-01-25,373155.5193710327,100.14873504638672,373055.3706359863,SPY,781
2024-01-26,372681.599571228,100.14873504638672,372581.45083618164,SPY,781
2024-01-29,375632.18172454834,100.14873504638672,375532.03298950195,SPY,781
2024-01-30,375341.73781585693,100.14873504638672,375241.58908081055,SPY,781
2024-01-31,369218.7960128784,100.14873504638672,369118.64727783203,SPY,781
2024-02-01,374049.874961853,100.14873504638672,373949.72622680664,SPY,781
2024-02-02,377986.5983200073,100.14873504638672,377886.44958496094,SPY,781
2024-02-05,376610.6483078003,100.14873504638672,376510.4995727539,SPY,781
2024-02-06,377703.7575302124,100.14873504638672,377603.608795166,SPY,781
2024-02-07,380853.117149353,100.14873504638672,380752.96841430664,SPY,781
2024-02-08,381021.2914657593,100.14873504638672,380921.1427307129,SPY,781
2024-02-09,383222.8114852905,100.14873504638672,383122.66275024414,SPY,781
2024-02-12,383054.6371688843,100.14873504638672,382954.4884338379,SPY,781
2024-02-13,377780.193901062,100.14873504638672,377680.0451660156,SPY,781
2024-02-14,381212.4181442261,100.14873504638672,381112.2694091797,SPY,781
2024-02-15,383841.97707366943,100.14873504638672,383741.82833862305,SPY,781
2024-02-16,381930.97246551514,100.14873504638672,381830.82373046875,SPY,781
2024-02-20,379828.8173446655,100.14873504638672,379728.66860961914,SPY,781
2024-02-21,380172.792930603,100.14873504638672,380072.64419555664,SPY,781
2024-02-22,388038.5650253296,100.14873504638672,387938.4162902832,SPY,781
2024-02-23,388306.128074646,100.14873504638672,388205.9793395996,SPY,781
2024-02-26,386884.3210067749,100.14873504638672,386784.1722717285,SPY,781
2024-02-27,387602.85149383545,100.14873504638672,387502.70275878906,SPY,781
2024-02-28,387090.7254257202,100.14873504638672,386990.5766906738,SPY,781
2024-02-29,388481.92934417725,100.14873504638672,388381.78060913086,SPY,781
2024-03-01,392128.1611251831,100.14873504638672,392028.0123901367,SPY,781
2024-03-04,391707.749168396,100.14873504638672,391607.6004333496,SPY,781
2024-03-05,387793.95433807373,100.14873504638672,387693.80560302734,SPY,781
2024-03-06,389758.4906234741,100.14873504638672,389658.34188842773,SPY,781
2024-03-07,393626.3807296753,100.14873504638672,393526.2319946289,SPY,781
2024-03-08,391264.38484954834,100.14873504638672,391164.23611450195,SPY,781
2024-03-11,390928.06005096436,100.14873504638672,390827.91131591797,SPY,781
2024-03-12,395132.298789978,100.14873504638672,395032.15005493164,SPY,781
2024-03-13,394513.1332015991,100.14873504638672,394412.98446655273,SPY,781
2024-03-14,393733.467918396,100.14873504638672,393633.3191833496,SPY,781
2024-03-15,391030.523399353,100.14873504638672,390930.37466430664,SPY,781
2024-03-18,393353.86016082764,100.14873504638672,393253.71142578125,SPY,781
2024-03-19,395539.29207611084,100.14873504638672,395439.14334106445,SPY,781
2024-03-20,399196.74977874756,100.14873504638672,399096.6010437012,SPY,781
2024-03-21,400515.6644821167,100.14873504638672,400415.5157470703,SPY,781
2024-03-22,399756.5204696655,100.14873504638672,399656.37173461914,SPY,781
2024-03-25,398652.3759994507,100.14873504638672,398552.2272644043,SPY,781
2024-03-26,397916.2558517456,100.14873504638672,397816.1071166992,SPY,781
2024-03-27,401259.4830856323,100.14873504638672,401159.33435058594,SPY,781
2024-03-28,401182.78453826904,100.14873504638672,401082.63580322266,SPY,781
2024-04-01,400484.9659957886,100.14873504638672,400384.8172607422,SPY,781
2024-04-02,397939.32738494873,100.14873504638672,397839.17864990234,SPY,781
2024-04-03,398376.2802963257,100.14873504638672,398276.1315612793,SPY,781
2024-04-04,393514.93187713623,100.14873504638672,393414.78314208984,SPY,781
2024-04-05,397624.8585739136,100.14873504638672,397524.7098388672,SPY,781
2024-04-08,397847.20809173584,100.14873504638672,397747.05935668945,SPY,781
2024-04-09,398307.375541687,100.14873504638672,398207.2268066406,SPY,781
2024-04-10,394320.0282821655,100.14873504638672,394219.87954711914,SPY,781
2024-04-11,397295.20735931396,100.14873504638672,397195.0586242676,SPY,781
2024-04-12,391812.64360809326,100.14873504638672,391712.4948730469,SPY,781
2024-04-15,386905.1997909546,100.14873504638672,386805.0510559082,SPY,781
2024-04-16,386199.77812957764,100.14873504638672,386099.62939453125,SPY,781
2024-04-17,383914.76680755615,100.14873504638672,383814.61807250977,SPY,781
2024-04-18,383124.9481430054,100.14873504638672,383024.799407959,SPY,781
2024-04-19,379781.7924118042,100.14873504638672,379681.6436767578,SPY,781
2024-04-22,383278.34523773193,100.14873504638672,383178.19650268555,SPY,781
2024-04-23,387825.3678512573,100.14873504638672,387725.21911621094,SPY,781
2024-04-24,387641.31993865967,100.14873504638672,387541.1712036133,SPY,781
2024-04-25,386169.0796432495,100.14873504638672,386068.9309082031,SPY,781
2024-04-26,389826.6803512573,100.14873504638672,389726.53161621094,SPY,781
2024-04-29,391206.89669036865,100.14873504638672,391106.74795532227,SPY,781
2024-04-30,385011.23665618896,100.14873504638672,384911.0879211426,SPY,781
2024-05-01,383761.4173812866,100.14873504638672,383661.26864624023,SPY,781
2024-05-02,387349.94649505615,100.14873504638672,387249.79776000977,SPY,781
2024-05-03,392150.01711273193,100.14873504638672,392049.86837768555,SPY,781
2024-05-06,396198.6660079956,100.14873504638672,396098.5172729492,SPY,781
2024-05-07,396635.76192474365,100.14873504638672,396535.61318969727,SPY,781
2024-05-08,396674.06352996826,100.14873504638672,396573.9147949219,SPY,781
2024-05-09,398959.05101776123,100.14873504638672,398858.90228271484,SPY,781
2024-05-10,399472.8693161011,100.14873504638672,399372.7205810547,SPY,781
2024-05-13,399526.52016448975,100.14873504638672,399426.37142944336,SPY,781
2024-05-14,401359.15782928467,100.14873504638672,401259.0090942383,SPY,781
2024-05-15,406327.9747848511,100.14873504638672,406227.8260498047,SPY,781
2024-05-16,405492.1083908081,100.14873504638672,405391.9596557617,SPY,781
2024-05-17,406074.85527801514,100.14873504638672,405974.70654296875,SPY,781
2024-05-20,406542.6258468628,100.14873504638672,406442.4771118164,SPY,781
2024-05-21,407539.42095184326,100.14873504638672,407439.2722167969,SPY,781
2024-05-22,406366.25255584717,100.14873504638672,406266.1038208008,SPY,781
2024-05-23,403398.7957687378,100.14873504638672,403298.6470336914,SPY,781
2024-05-24,406067.1806564331,100.14873504638672,405967.0319213867,SPY,781
2024-05-28,406350.9033126831,100.14873504638672,406250.7545776367,SPY,781
2024-05-29,403506.14513397217,100.14873504638672,403405.9963989258,SPY,781
2024-05-30,400830.0856246948,100.14873504638672,400729.93688964844,SPY,781
2024-05-31,404479.9640426636,100.14873504638672,404379.8153076172,SPY,781
2024-06-03,404809.73442840576,100.14873504638672,404709.5856933594,SPY,781
2024-06-04,405262.0604171753,100.14873504638672,405161.9116821289,SPY,781
2024-06-05,410077.48027801514,100.14873504638672,409977.33154296875,SPY,781
2024-06-06,410069.8056564331,100.14873504638672,409969.6569213867,SPY,781
2024-06-07,409571.4319381714,100.14873504638672,409471.283203125,SPY,781
2024-06-10,410836.6004562378,100.14873504638672,410736.4517211914,SPY,781
2024-06-11,411825.72093963623,100.14873504638672,411725.57220458984,SPY,781
2024-06-12,415207.2736129761,100.14873504638672,415107.1248779297,SPY,781
2024-06-13,416043.092338562,100.14873504638672,415942.9436035156,SPY,781
2024-06-14,416296.1641769409,100.14873504638672,416196.01544189453,SPY,781
2024-06-17,419608.5499191284,100.14873504638672,419508.40118408203,SPY,781
2024-06-18,420674.4642868042,100.14873504638672,420574.3155517578,SPY,781
2024-06-20,419531.9467086792,100.14873504638672,419431.7979736328,SPY,781
2024-06-21,418969.6495895386,100.14873504638672,418869.5008544922,SPY,781
2024-06-24,417608.04778289795,100.14873504638672,417507.89904785156,SPY,781
2024-06-25,419215.80950164795,100.14873504638672,419115.66076660156,SPY,781
2024-06-26,419738.9231491089,100.14873504638672,419638.7744140625,SPY,781
2024-06-27,420400.4659957886,100.14873504638672,420300.3172607422,SPY,781
2024-06-28,418746.5612106323,100.14873504638672,418646.41247558594,SPY,781
2024-07-01,419608.12090301514,100.14873504638672,419507.97216796875,SPY,781
2024-07-02,422431.380607605,100.14873504638672,422331.2318725586,SPY,781
2024-07-03,424316.0007247925,100.14873504638672,424215.8519897461,SPY,781
2024-07-05,426762.25060272217,100.14873504638672,426662.1018676758,SPY,781
2024-07-08,427254.5704269409,100.14873504638672,427154.42169189453,SPY,781
2024-07-09,427669.95336151123,100.14873504638672,427569.80462646484,SPY,781
2024-07-10,431900.8626022339,100.14873504638672,431800.7138671875,SPY,781
2024-07-11,428177.62242889404,100.14873504638672,428077.47369384766,SPY,781
2024-07-12,430877.75450897217,100.14873504638672,430777.6057739258,SPY,781
2024-07-15,432062.4586715698,100.14873504638672,431962.30993652344,SPY,781
2024-07-16,434624.0185470581,100.14873504638672,434523.8698120117,SPY,781
2024-07-17,428531.5607223511,100.14873504638672,428431.4119873047,SPY,781
2024-07-18,425239.10039520264,100.14873504638672,425138.95166015625,SPY,781
2024-07-19,422415.9836959839,100.14873504638672,422315.8349609375,SPY,781
2024-07-22,426769.97289276123,100.14873504638672,426669.82415771484,SPY,781
2024-07-23,426100.7077560425,100.14873504638672,426000.5590209961,SPY,781
2024-07-24,416446.46282196045,100.14873504638672,416346.31408691406,SPY,781
2024-07-25,414277.1190109253,100.14873504638672,414176.9702758789,SPY,781
2024-07-26,418915.8319015503,100.14873504638672,418815.6831665039,SPY,781
2024-07-29,419161.94414520264,100.14873504638672,419061.79541015625,SPY,781
2024-07-30,417038.79106903076,100.14873504638672,416938.6423339844,SPY,781
2024-07-31,423816.0062789917,100.14873504638672,423715.8575439453,SPY,781
2024-08-01,417815.78691864014,100.14873504638672,417715.63818359375,SPY,781
2024-08-02,410038.58281707764,100.14873504638672,409938.43408203125,SPY,781
2024-08-05,398099.66024017334,100.14873504638672,397999.51150512695,SPY,781
2024-08-06,401769.01122283936,100.14873504638672,401668.86248779297,SPY,781
2024-08-07,399084.2283859253,100.14873504638672,398984.0796508789,SPY,781
2024-08-08,408307.74114227295,100.14873504638672,408207.59240722656,SPY,781
2024-08-09,410107.797416687,100.14873504638672,410007.6486816406,SPY,781
2024-08-12,410323.21117401123,100.14873504638672,410223.06243896484,SPY,781
2024-08-13,417069.5372238159,100.14873504638672,416969.38848876953,SPY,781
2024-08-14,418384.9959640503,100.14873504638672,418284.8472290039,SPY,781
2024-08-15,425554.4749069214,100.14873504638672,425454.326171875,SPY,781
2024-08-16,426508.36840057373,100.14873504638672,426408.21966552734,SPY,781
2024-08-19,430585.45153045654,100.14873504638672,430485.30279541016,SPY,781
2024-08-20,429885.44023895264,100.14873504638672,429785.29150390625,SPY,781
2024-08-21,431362.3997116089,100.14873504638672,431262.2509765625,SPY,781
2024-08-22,427977.65325164795,100.14873504638672,427877.50451660156,SPY,781
2024-08-23,432523.93700408936,100.14873504638672,432423.78826904297,SPY,781
2024-08-26,431493.20195770264,100.14873504638672,431393.05322265625,SPY,781
2024-08-27,432085.4825363159,100.14873504638672,431985.33380126953,SPY,781
2024-08-28,429577.7403488159,100.14873504638672,429477.59161376953,SPY,781
2024-08-29,429616.1134567261,100.14873504638672,429515.9647216797,SPY,781
2024-08-30,433716.31578826904,100.14873504638672,433616.16705322266,SPY,781
2024-09-03,424793.0189743042,100.14873504638672,424692.8702392578,SPY,781
2024-09-04,423923.7369918823,100.14873504638672,423823.58825683594,SPY,781
2024-09-05,422892.8589401245,100.14873504638672,422792.7102050781,SPY,781
2024-09-06,415777.1976852417,100.14873504638672,415677.0489501953,SPY,781
2024-09-09,420431.1644821167,100.14873504638672,420331.0157470703,SPY,781
2024-09-10,422262.06224823,100.14873504638672,422161.9135131836,SPY,781
2024-09-11,426592.9799118042,100.14873504638672,426492.8311767578,SPY,781
2024-09-12,430185.4655075073,100.14873504638672,430085.31677246094,SPY,781
2024-09-13,432431.65087127686,100.14873504638672,432331.50213623047,SPY,781
2024-09-16,433070.16985321045,100.14873504638672,432970.02111816406,SPY,781
2024-09-17,433247.11516571045,100.14873504638672,433146.96643066406,SPY,781
2024-09-18,431962.45024871826,100.14873504638672,431862.3015136719,SPY,781
2024-09-19,439331.9460372925,100.14873504638672,439231.7973022461,SPY,781
2024-09-20,438572.68285369873,100.14873504638672,438472.53411865234,SPY,781
2024-09-23,439668.294670105,100.14873504638672,439568.1459350586,SPY,781
2024-09-24,440926.0269088745,100.14873504638672,440825.8781738281,SPY,781
2024-09-25,439953.8763961792,100.14873504638672,439853.7276611328,SPY,781
2024-09-26,441697.6838912964,100.14873504638672,441597.53515625,SPY,781
2024-09-27,441057.25817108154,100.14873504638672,440957.10943603516,SPY,781
2024-09-30,442824.28020477295,100.14873504638672,442724.13146972656,SPY,781
2024-10-01,438858.1692428589,100.14873504638672,438758.0205078125,SPY,781
2024-10-02,439043.3611984253,100.14873504638672,438943.2124633789,SPY,781
2024-10-03,438240.8627243042,100.14873504638672,438140.7139892578,SPY,781
2024-10-04,442222.4182662964,100.14873504638672,442122.26953125,SPY,781
2024-10-07,438225.4181442261,100.14873504638672,438125.2694091797,SPY,781
2024-10-08,442369.0464401245,100.14873504638672,442268.8977050781,SPY,781
2024-10-09,445432.36449432373,100.14873504638672,445332.21575927734,SPY,781
2024-10-10,444653.0328903198,100.14873504638672,444552.88415527344,SPY,781
2024-10-11,447315.125541687,100.14873504638672,447214.9768066406,SPY,781
2024-10-14,450972.58324432373,100.14873504638672,450872.43450927734,SPY,781
2024-10-15,447469.42833709717,100.14873504638672,447369.2796020508,SPY,781
2024-10-16,449413.9200363159,100.14873504638672,449313.77130126953,SPY,781
2024-10-17,449452.43614959717,100.14873504638672,449352.2874145508,SPY,781
2024-10-18,451180.9420700073,100.14873504638672,451080.79333496094,SPY,781
2024-10-21,450440.1742477417,100.14873504638672,450340.0255126953,SPY,781
2024-10-22,450200.9739303589,100.14873504638672,450100.8251953125,SPY,781
2024-10-23,446088.2347946167,100.14873504638672,445988.0860595703,SPY,781
2024-10-24,447052.71068573,100.14873504638672,446952.5619506836,SPY,781
2024-10-25,446898.4078903198,100.14873504638672,446798.25915527344,SPY,781
2024-10-28,448279.69676971436,100.14873504638672,448179.54803466797,SPY,781
2024-10-29,449004.9246749878,100.14873504638672,448904.7759399414,SPY,781
2024-10-30,447646.8980026245,100.14873504638672,447546.7492675781,SPY,781
2024-10-31,438873.66149139404,100.14873504638672,438773.51275634766,SPY,781
2024-11-01,440725.48571014404,100.14873504638672,440625.33697509766,SPY,781
2024-11-04,439776.3590621948,100.14873504638672,439676.21032714844,SPY,781
2024-11-05,445092.86974334717,100.14873504638672,444992.7210083008,SPY,781
2024-11-06,456157.86266326904,100.14873504638672,456057.71392822266,SPY,781
2024-11-07,459684.13677215576,100.14873504638672,459583.9880371094,SPY,781
2024-11-08,461674.9622116089,100.14873504638672,461574.8134765625,SPY,781
2024-11-11,462114.7513961792,100.14873504638672,462014.6026611328,SPY,781
2024-11-12,460679.59716033936,100.14873504638672,460579.44842529297,SPY,781
2024-11-13,460903.305229187,100.14873504638672,460803.1564941406,SPY,781
2024-11-14,457940.28160858154,100.14873504638672,457840.13287353516,SPY,781
2024-11-15,452076.0126876831,100.14873504638672,451975.8639526367,SPY,781
2024-11-18,453927.88457489014,100.14873504638672,453827.73583984375,SPY,781
2024-11-19,455586.8422164917,100.14873504638672,455486.6934814453,SPY,781
2024-11-20,455741.1926803589,100.14873504638672,455641.0439453125,SPY,781
2024-11-21,458187.2042160034,100.14873504638672,458087.05548095703,SPY,781
2024-11-22,459607.0092086792,100.14873504638672,459506.8604736328,SPY,781
2024-11-25,461165.72008514404,100.14873504638672,461065.57135009766,SPY,781
2024-11-26,463573.12017059326,100.14873504638672,463472.9714355469,SPY,781
2024-11-27,462168.7597579956,100.14873504638672,462068.6110229492,SPY,781
2024-11-29,465039.2112350464,100.14873504638672,464939.0625,SPY,781
2024-12-02,465872.5512008667,100.14873504638672,465772.4024658203,SPY,781
2024-12-03,466088.5369796753,100.14873504638672,465988.3882446289,SPY,781
2024-12-04,468982.15532684326,100.14873504638672,468882.0065917969,SPY,781
2024-12-05,468210.4983444214,100.14873504638672,468110.349609375,SPY,781
2024-12-06,469097.89434051514,100.14873504638672,468997.74560546875,SPY,781
2024-12-09,466682.6766281128,100.14873504638672,466582.5278930664,SPY,781
2024-12-10,465232.12548065186,100.14873504638672,465131.97674560547,SPY,781
2024-12-11,468827.8525314331,100.14873504638672,468727.7037963867,SPY,781
2024-12-12,466412.6824874878,100.14873504638672,466312.5337524414,SPY,781
2024-12-13,466320.1103439331,100.14873504638672,466219.9616088867,SPY,781
2024-12-16,468310.84044647217,100.14873504638672,468210.6917114258,SPY,781
2024-12-17,466381.79332733154,100.14873504638672,466281.64459228516,SPY,781
2024-12-18,452484.9603805542,100.14873504638672,452384.8116455078,SPY,781
2024-12-19,452346.0068283081,100.14873504638672,452245.8580932617,SPY,781
2024-12-20,457777.97051239014,100.14873504638672,457677.82177734375,SPY,781
2024-12-23,460518.7161178589,100.14873504638672,460418.5673828125,SPY,781
2024-12-24,465636.2586593628,100.14873504638672,465536.1099243164,SPY,781
2024-12-26,465667.2431564331,100.14873504638672,465567.0944213867,SPY,781
2024-12-27,460766.40142059326,100.14873504638672,460666.2526855469,SPY,781
2024-12-30,455509.47631073,100.14873504638672,455409.3275756836,SPY,781
