date,equity,cash,position_value,position,shares
2010-01-04,99850.0,73.34762573242188,99776.65237426758,SPY,1170
2010-01-05,100114.11407470703,73.34762573242188,100040.76644897461,SPY,1170
2010-01-06,100184.57008361816,73.34762573242188,100111.22245788574,SPY,1170
2010-01-07,100607.15438842773,73.34762573242188,100533.80676269531,SPY,1170
2010-01-08,100941.7155456543,73.34762573242188,100868.36791992188,SPY,1170
2010-01-11,101082.61863708496,73.34762573242188,101009.27101135254,SPY,1170
2010-01-12,100140.55404663086,73.34762573242188,100067.20642089844,SPY,1170
2010-01-13,100985.7315826416,73.34762573242188,100912.38395690918,SPY,1170
2010-01-14,101258.62922668457,73.34762573242188,101185.28160095215,SPY,1170
2010-01-15,100122.95120239258,73.34762573242188,100049.60357666016,SPY,1170
2010-01-19,101373.0834197998,73.34762573242188,101299.73579406738,SPY,1170
2010-01-20,100343.0135345459,73.34762573242188,100269.66590881348,SPY,1170
2010-01-21,98414.9397277832,73.34762573242188,98341.59210205078,SPY,1170
2010-01-22,96222.72506713867,73.34762573242188,96149.37744140625,SPY,1170
2010-01-25,96715.80108642578,73.34762573242188,96642.45346069336,SPY,1170
2010-01-26,96310.79284667969,73.34762573242188,96237.44522094727,SPY,1170
2010-01-27,96768.59176635742,73.34762573242188,96695.244140625,SPY,1170
2010-01-28,95659.26445007324,73.34762573242188,95585.91682434082,SPY,1170
2010-01-29,94620.419921875,73.34762573242188,94547.07229614258,SPY,1170
2010-02-01,96090.65017700195,73.34762573242188,96017.30255126953,SPY,1170
2010-02-02,97252.82173156738,73.34762573242188,97179.47410583496,SPY,1170
2010-02-03,96768.59176635742,73.34762573242188,96695.244140625,SPY,1170
2010-02-04,93784.0259552002,73.34762573242188,93710.67832946777,SPY,1170
2010-02-05,93977.7018737793,73.34762573242188,93904.35424804688,SPY,1170
2010-02-08,93299.76921081543,73.34762573242188,93226.42158508301,SPY,1170
2010-02-09,94470.7064819336,73.34762573242188,94397.35885620117,SPY,1170
2010-02-10,94285.85876464844,73.34762573242188,94212.51113891602,SPY,1170
2010-02-11,95271.86798095703,73.34762573242188,95198.52035522461,SPY,1170
2010-02-12,95192.66410827637,73.34762573242188,95119.31648254395,SPY,1170
2010-02-16,96689.36111450195,73.34762573242188,96616.01348876953,SPY,1170
2010-02-17,97147.17788696289,73.34762573242188,97073.83026123047,SPY,1170
2010-02-18,97719.41314697266,73.34762573242188,97646.06552124023,SPY,1170
2010-02-19,97921.8994140625,73.34762573242188,97848.55178833008,SPY,1170
2010-02-22,97939.52903747559,73.34762573242188,97866.18141174316,SPY,1170
2010-02-23,96750.94429016113,73.34762573242188,96677.59666442871,SPY,1170
2010-02-24,97640.20927429199,73.34762573242188,97566.86164855957,SPY,1170
2010-02-25,97508.09867858887,73.34762573242188,97434.75105285645,SPY,1170
2010-02-26,97569.76219177246,73.34762573242188,97496.41456604004,SPY,1170
2010-03-01,98582.22923278809,73.34762573242188,98508.88160705566,SPY,1170
2010-03-02,98855.12687683105,73.34762573242188,98781.77925109863,SPY,1170
2010-03-03,98943.18572998047,73.34762573242188,98869.83810424805,SPY,1170
2010-03-04,99242.51441955566,73.34762573242188,99169.16679382324,SPY,1170
2010-03-05,100660.00755310059,73.34762573242188,100586.65992736816,SPY,1170
2010-03-08,100677.61039733887,73.34762573242188,100604.26277160645,SPY,1170
2010-03-09,100844.93560791016,73.34762573242188,100771.58798217773,SPY,1170
2010-03-10,101293.87062072754,73.34762573242188,101220.52299499512,SPY,1170
2010-03-11,101716.46385192871,73.34762573242188,101643.11622619629,SPY,1170
2010-03-12,101725.25634765625,73.34762573242188,101651.90872192383,SPY,1170
2010-03-15,101751.69631958008,73.34762573242188,101678.34869384766,SPY,1170
2010-03-16,102561.66816711426,73.34762573242188,102488.32054138184,SPY,1170
2010-03-17,103169.12696838379,73.34762573242188,103095.77934265137,SPY,1170
2010-03-18,103116.31843566895,73.34762573242188,103042.97080993652,SPY,1170
2010-03-19,102594.74937438965,73.34762573242188,102521.40174865723,SPY,1170
2010-03-22,103142.85659790039,73.34762573242188,103069.50897216797,SPY,1170
2010-03-23,103867.74208068848,73.34762573242188,103794.39445495605,SPY,1170
2010-03-24,103363.85620117188,73.34762573242188,103290.50857543945,SPY,1170
2010-03-25,103195.88829040527,73.34762573242188,103122.54066467285,SPY,1170
2010-03-26,103133.97483825684,73.34762573242188,103060.62721252441,SPY,1170
2010-03-29,103788.20793151855,73.34762573242188,103714.86030578613,SPY,1170
2010-03-30,103858.93173217773,73.34762573242188,103785.58410644531,SPY,1170
2010-03-31,103505.29487609863,73.34762573242188,103431.94725036621,SPY,1170
2010-04-01,104212.55073547363,73.34762573242188,104139.20310974121,SPY,1170
2010-04-05,105061.23634338379,73.34762573242188,104987.88871765137,SPY,1170
2010-04-06,105308.72947692871,73.34762573242188,105235.38185119629,SPY,1170
2010-04-07,104707.62626647949,73.34762573242188,104634.27864074707,SPY,1170
2010-04-08,105070.03776550293,73.34762573242188,104996.69013977051,SPY,1170
2010-04-09,105759.60151672363,73.34762573242188,105686.25389099121,SPY,1170
2010-04-12,105927.52479553223,73.34762573242188,105854.1771697998,SPY,1170
2010-04-13,106007.10357666016,73.34762573242188,105933.75595092773,SPY,1170
2010-04-14,107209.39926147461,73.34762573242188,107136.05163574219,SPY,1170
2010-04-15,107297.80624389648,73.34762573242188,107224.45861816406,SPY,1170
2010-04-16,105591.61575317383,73.34762573242188,105518.2681274414,SPY,1170
2010-04-19,105989.43824768066,73.34762573242188,105916.09062194824,SPY,1170
2010-04-20,106935.36796569824,73.34762573242188,106862.02033996582,SPY,1170
2010-04-21,106740.8618927002,73.34762573242188,106667.51426696777,SPY,1170
2010-04-22,107059.14131164551,73.34762573242188,106985.79368591309,SPY,1170
2010-04-23,107757.49755859375,73.34762573242188,107684.14993286133,SPY,1170
2010-04-26,107350.90042114258,73.34762573242188,107277.55279541016,SPY,1170
2010-04-27,104813.69857788086,73.34762573242188,104740.35095214844,SPY,1170
2010-04-28,105609.33464050293,73.34762573242188,105535.98701477051,SPY,1170
2010-04-29,106917.70263671875,73.34762573242188,106844.35501098633,SPY,1170
2010-04-30,105105.39520263672,73.34762573242188,105032.0475769043,SPY,1170
2010-05-03,106466.81274414062,73.34762573242188,106393.4651184082,SPY,1170
2010-05-04,103965.0218963623,73.34762573242188,103891.67427062988,SPY,1170
2010-05-05,103346.15516662598,73.34762573242188,103272.80754089355,SPY,1170
2010-05-06,99916.11778259277,73.34762573242188,99842.77015686035,SPY,1170
2010-05-07,98430.91796875,73.34762573242188,98357.57034301758,SPY,1170
2010-05-10,102762.69943237305,73.34762573242188,102689.35180664062,SPY,1170
2010-05-11,102470.98495483398,73.34762573242188,102397.63732910156,SPY,1170
2010-05-12,103903.09951782227,73.34762573242188,103829.75189208984,SPY,1170
2010-05-13,102612.43255615234,73.34762573242188,102539.08493041992,SPY,1170
2010-05-14,100755.93055725098,73.34762573242188,100682.58293151855,SPY,1170
2010-05-17,100808.98902893066,73.34762573242188,100735.64140319824,SPY,1170
2010-05-18,99438.77006530762,73.34762573242188,99365.4224395752,SPY,1170
2010-05-19,98872.97966003418,73.34762573242188,98799.63203430176,SPY,1170
2010-05-20,95142.36389160156,73.34762573242188,95069.01626586914,SPY,1170
2010-05-21,96530.31066894531,73.34762573242188,96456.96304321289,SPY,1170
2010-05-24,95292.62184143066,73.34762573242188,95219.27421569824,SPY,1170
2010-05-25,95389.83024597168,73.34762573242188,95316.48262023926,SPY,1170
2010-05-26,94815.28305053711,73.34762573242188,94741.93542480469,SPY,1170
2010-05-27,97988.94554138184,73.34762573242188,97915.59791564941,SPY,1170
2010-05-28,96760.12062072754,73.34762573242188,96686.77299499512,SPY,1170
2010-06-01,95133.50891113281,73.34762573242188,95060.16128540039,SPY,1170
2010-06-02,97608.8330078125,73.34762573242188,97535.48538208008,SPY,1170
2010-06-03,97944.7599029541,73.34762573242188,97871.41227722168,SPY,1170
2010-06-04,94505.83183288574,73.34762573242188,94432.48420715332,SPY,1170
2010-06-07,93330.06538391113,73.34762573242188,93256.71775817871,SPY,1170
2010-06-08,94329.0535736084,73.34762573242188,94255.70594787598,SPY,1170
2010-06-09,93825.1498413086,73.34762573242188,93751.80221557617,SPY,1170
2010-06-10,96565.6859588623,73.34762573242188,96492.33833312988,SPY,1170
2010-06-11,97034.16084289551,73.34762573242188,96960.81321716309,SPY,1170
2010-06-14,96883.8939666748,73.34762573242188,96810.54634094238,SPY,1170
2010-06-15,99085.12428283691,73.34762573242188,99011.77665710449,SPY,1170
2010-06-16,99049.79362487793,73.34762573242188,98976.44599914551,SPY,1170
2010-06-17,99208.90655517578,73.34762573242188,99135.55892944336,SPY,1170
2010-06-18,99316.35353088379,73.34762573242188,99243.00590515137,SPY,1170
2010-06-21,99032.17292785645,73.34762573242188,98958.82530212402,SPY,1170
2010-06-22,97397.80418395996,73.34762573242188,97324.45655822754,SPY,1170
2010-06-23,97095.7886505127,73.34762573242188,97022.44102478027,SPY,1170
2010-06-24,95488.05625915527,73.34762573242188,95414.70863342285,SPY,1170
2010-06-25,95887.76222229004,73.34762573242188,95814.41459655762,SPY,1170
2010-06-28,95585.77346801758,73.34762573242188,95512.42584228516,SPY,1170
2010-06-29,92636.83288574219,73.34762573242188,92563.48526000977,SPY,1170
2010-06-30,91757.46726989746,73.34762573242188,91684.11964416504,SPY,1170
2010-07-01,91348.87954711914,73.34762573242188,91275.53192138672,SPY,1170
2010-07-02,90851.42066955566,73.34762573242188,90778.07304382324,SPY,1170
2010-07-06,91446.58782958984,73.34762573242188,91373.24020385742,SPY,1170
2010-07-07,94324.4654083252,73.34762573242188,94251.11778259277,SPY,1170
2010-07-08,95257.13050842285,73.34762573242188,95183.78288269043,SPY,1170
2010-07-09,95967.75161743164,73.34762573242188,95894.40399169922,SPY,1170
2010-07-12,96029.92393493652,73.34762573242188,95956.5763092041,SPY,1170
2010-07-13,97477.72216796875,73.34762573242188,97404.37454223633,SPY,1170
2010-07-14,97468.8582611084,73.34762573242188,97395.51063537598,SPY,1170
2010-07-15,97495.47676086426,73.34762573242188,97422.12913513184,SPY,1170
2010-07-16,94813.00682067871,73.34762573242188,94739.65919494629,SPY,1170
2010-07-19,95372.59338378906,73.34762573242188,95299.24575805664,SPY,1170
2010-07-20,96429.62097167969,73.34762573242188,96356.27334594727,SPY,1170
2010-07-21,95177.19467163086,73.34762573242188,95103.84704589844,SPY,1170
2010-07-22,97300.09590148926,73.34762573242188,97226.74827575684,SPY,1170
2010-07-23,98143.90769958496,73.34762573242188,98070.56007385254,SPY,1170
2010-07-26,99165.37254333496,73.34762573242188,99092.02491760254,SPY,1170
2010-07-27,99156.51756286621,73.34762573242188,99083.16993713379,SPY,1170
2010-07-28,98516.97731018066,73.34762573242188,98443.62968444824,SPY,1170
2010-07-29,98037.3265838623,73.34762573242188,97963.97895812988,SPY,1170
2010-07-30,98019.53628540039,73.34762573242188,97946.18865966797,SPY,1170
2010-08-02,100231.27296447754,73.34762573242188,100157.92533874512,SPY,1170
2010-08-03,99751.61331176758,73.34762573242188,99678.26568603516,SPY,1170
2010-08-04,100417.81669616699,73.34762573242188,100344.46907043457,SPY,1170
2010-08-05,100311.19987487793,73.34762573242188,100237.85224914551,SPY,1170
2010-08-06,99902.61215209961,73.34762573242188,99829.26452636719,SPY,1170
2010-08-09,100435.5802154541,73.34762573242188,100362.23258972168,SPY,1170
2010-08-10,99893.72146606445,73.34762573242188,99820.37384033203,SPY,1170
2010-08-11,97157.96096801758,73.34762573242188,97084.61334228516,SPY,1170
2010-08-12,96562.84736633301,73.34762573242188,96489.49974060059,SPY,1170
2010-08-13,96278.60427856445,73.34762573242188,96205.25665283203,SPY,1170
2010-08-16,96234.20440673828,73.34762573242188,96160.85678100586,SPY,1170
2010-08-17,97415.54092407227,73.34762573242188,97342.19329833984,SPY,1170
2010-08-18,97593.22074890137,73.34762573242188,97519.87312316895,SPY,1170
2010-08-19,95896.6707611084,73.34762573242188,95823.32313537598,SPY,1170
2010-08-20,95585.77346801758,73.34762573242188,95512.42584228516,SPY,1170
2010-08-23,95221.62132263184,73.34762573242188,95148.27369689941,SPY,1170
2010-08-24,93809.31442260742,73.34762573242188,93735.966796875,SPY,1170
2010-08-25,94173.43086242676,73.34762573242188,94100.08323669434,SPY,1170
2010-08-26,93542.80807495117,73.34762573242188,93469.46044921875,SPY,1170
2010-08-27,94990.67771911621,73.34762573242188,94917.33009338379,SPY,1170
2010-08-30,93613.87107849121,73.34762573242188,93540.52345275879,SPY,1170
2010-08-31,93613.87107849121,73.34762573242188,93540.52345275879,SPY,1170
2010-09-01,96411.81282043457,73.34762573242188,96338.46519470215,SPY,1170
2010-09-02,97308.95980834961,73.34762573242188,97235.61218261719,SPY,1170
2010-09-03,98570.2767944336,73.34762573242188,98496.92916870117,SPY,1170
2010-09-07,97459.93186950684,73.34762573242188,97386.58424377441,SPY,1170
2010-09-08,98143.90769958496,73.34762573242188,98070.56007385254,SPY,1170
2010-09-09,98596.91314697266,73.34762573242188,98523.56552124023,SPY,1170
2010-09-10,99094.29168701172,73.34762573242188,99020.9440612793,SPY,1170
2010-09-13,100195.74592590332,73.34762573242188,100122.3983001709,SPY,1170
2010-09-14,100133.54682922363,73.34762573242188,100060.19920349121,SPY,1170
2010-09-15,100515.5160522461,73.34762573242188,100442.16842651367,SPY,1170
2010-09-16,100488.86184692383,73.34762573242188,100415.5142211914,SPY,1170
2010-09-17,100526.36161804199,73.34762573242188,100453.01399230957,SPY,1170
2010-09-20,102062.30796813965,73.34762573242188,101988.96034240723,SPY,1170
2010-09-21,101856.9384765625,73.34762573242188,101783.59085083008,SPY,1170
2010-09-22,101356.84631347656,73.34762573242188,101283.49868774414,SPY,1170
2010-09-23,100535.27908325195,73.34762573242188,100461.93145751953,SPY,1170
2010-09-24,102607.0499420166,73.34762573242188,102533.70231628418,SPY,1170
2010-09-27,102115.87524414062,73.34762573242188,102042.5276184082,SPY,1170
2010-09-28,102473.08265686035,73.34762573242188,102399.73503112793,SPY,1170
2010-09-29,102294.49234008789,73.34762573242188,102221.14471435547,SPY,1170
2010-09-30,101990.87898254395,73.34762573242188,101917.53135681152,SPY,1170
2010-10-01,102419.47967529297,73.34762573242188,102346.13204956055,SPY,1170
2010-10-04,101651.52435302734,73.34762573242188,101578.17672729492,SPY,1170
2010-10-05,103696.4803314209,73.34762573242188,103623.13270568848,SPY,1170
2010-10-06,103687.56286621094,73.34762573242188,103614.21524047852,SPY,1170
2010-10-07,103562.53089904785,73.34762573242188,103489.18327331543,SPY,1170
2010-10-08,104143.00521850586,73.34762573242188,104069.65759277344,SPY,1170
2010-10-11,104241.22230529785,73.34762573242188,104167.87467956543,SPY,1170
2010-10-12,104562.67059326172,73.34762573242188,104489.3229675293,SPY,1170
2010-10-13,105375.33821105957,73.34762573242188,105301.99058532715,SPY,1170
2010-10-14,104964.51889038086,73.34762573242188,104891.17126464844,SPY,1170
2010-10-15,105178.85940551758,73.34762573242188,105105.51177978516,SPY,1170
2010-10-18,105696.78649902344,73.34762573242188,105623.43887329102,SPY,1170
2010-10-19,104312.65129089355,73.34762573242188,104239.30366516113,SPY,1170
2010-10-20,105330.67054748535,73.34762573242188,105257.32292175293,SPY,1170
2010-10-21,105562.83706665039,73.34762573242188,105489.48944091797,SPY,1170
2010-10-22,105759.32479858398,73.34762573242188,105685.97717285156,SPY,1170
2010-10-25,106071.85562133789,73.34762573242188,105998.50799560547,SPY,1170
2010-10-26,106089.72625732422,73.34762573242188,106016.3786315918,SPY,1170
2010-10-27,105786.08612060547,73.34762573242188,105712.73849487305,SPY,1170
2010-10-28,105803.9924621582,73.34762573242188,105730.64483642578,SPY,1170
2010-10-29,105884.35676574707,73.34762573242188,105811.00914001465,SPY,1170
2010-11-01,105920.04447937012,73.34762573242188,105846.6968536377,SPY,1170
2010-11-02,106759.44664001465,73.34762573242188,106686.09901428223,SPY,1170
2010-11-03,107188.08303833008,73.34762573242188,107114.73541259766,SPY,1170
2010-11-04,109250.90965270996,73.34762573242188,109177.56202697754,SPY,1170
2010-11-05,109661.71112060547,73.34762573242188,109588.36349487305,SPY,1170
2010-11-08,109456.31484985352,73.34762573242188,109382.9672241211,SPY,1170
2010-11-09,108670.47103881836,73.34762573242188,108597.12341308594,SPY,1170
2010-11-10,109108.05168151855,73.34762573242188,109034.70405578613,SPY,1170
2010-11-11,108697.27699279785,73.34762573242188,108623.92936706543,SPY,1170
2010-11-12,107411.35887145996,73.34762573242188,107338.01124572754,SPY,1170
2010-11-15,107259.53880310059,73.34762573242188,107186.19117736816,SPY,1170
2010-11-16,105589.66087341309,73.34762573242188,105516.31324768066,SPY,1170
2010-11-17,105643.21029663086,73.34762573242188,105569.86267089844,SPY,1170
2010-11-18,107197.05406188965,73.34762573242188,107123.70643615723,SPY,1170
2010-11-19,107491.71424865723,73.34762573242188,107418.3666229248,SPY,1170
2010-11-22,107402.4235534668,73.34762573242188,107329.07592773438,SPY,1170
2010-11-23,105848.60656738281,73.34762573242188,105775.25894165039,SPY,1170
2010-11-24,107411.35887145996,73.34762573242188,107338.01124572754,SPY,1170
2010-11-26,106161.17309570312,73.34762573242188,106087.8254699707,SPY,1170
2010-11-29,106482.6481628418,73.34762573242188,106409.30053710938,SPY,1170
2010-11-30,105884.35676574707,73.34762573242188,105811.00914001465,SPY,1170
2010-12-01,108134.68223571777,73.34762573242188,108061.33460998535,SPY,1170
2010-12-02,109518.79959106445,73.34762573242188,109445.45196533203,SPY,1170
2010-12-03,109813.48655700684,73.34762573242188,109740.13893127441,SPY,1170
2010-12-06,109697.40776062012,73.34762573242188,109624.0601348877,SPY,1170
2010-12-07,109759.92820739746,73.34762573242188,109686.58058166504,SPY,1170
2010-12-08,110161.7854309082,73.34762573242188,110088.43780517578,SPY,1170
2010-12-09,110590.44860839844,73.34762573242188,110517.10098266602,SPY,1170
2010-12-10,111233.39874267578,73.34762573242188,111160.05111694336,SPY,1170
2010-12-13,111304.79202270508,73.34762573242188,111231.44439697266,SPY,1170
2010-12-14,111403.06266784668,73.34762573242188,111329.71504211426,SPY,1170
2010-12-15,110894.01733398438,73.34762573242188,110820.66970825195,SPY,1170
2010-12-16,111536.94961547852,73.34762573242188,111463.6019897461,SPY,1170
2010-12-17,111656.41151428223,73.34762573242188,111583.0638885498,SPY,1170
2010-12-20,111925.70289611816,73.34762573242188,111852.35527038574,SPY,1170
2010-12-21,112634.8511505127,73.34762573242188,112561.50352478027,SPY,1170
2010-12-22,112984.95315551758,73.34762573242188,112911.60552978516,SPY,1170
2010-12-23,112823.4033203125,73.34762573242188,112750.05569458008,SPY,1170
2010-12-27,112868.26736450195,73.34762573242188,112794.91973876953,SPY,1170
2010-12-28,113029.88861083984,73.34762573242188,112956.54098510742,SPY,1170
2010-12-29,113110.65460205078,73.34762573242188,113037.30697631836,SPY,1170
2010-12-30,112931.10023498535,73.34762573242188,112857.75260925293,SPY,1170
2010-12-31,112958.05793762207,73.34762573242188,112884.71031188965,SPY,1170
2011-01-03,114125.04974365234,73.34762573242188,114051.70211791992,SPY,1170
2011-01-04,114062.20794677734,73.34762573242188,113988.86032104492,SPY,1170
2011-01-05,114654.64363098145,73.34762573242188,114581.29600524902,SPY,1170
2011-01-06,114430.24307250977,73.34762573242188,114356.89544677734,SPY,1170
2011-01-07,114205.81573486328,73.34762573242188,114132.46810913086,SPY,1170
2011-01-10,114062.20794677734,73.34762573242188,113988.86032104492,SPY,1170
2011-01-11,114466.15394592285,73.34762573242188,114392.80632019043,SPY,1170
2011-01-12,115498.50898742676,73.34762573242188,115425.16136169434,SPY,1170
2011-01-13,115309.96574401855,73.34762573242188,115236.61811828613,SPY,1170
2011-01-14,116144.81544494629,73.34762573242188,116071.46781921387,SPY,1170
2011-01-18,116342.35649108887,73.34762573242188,116269.00886535645,SPY,1170
2011-01-19,115202.2688293457,73.34762573242188,115128.92120361328,SPY,1170
2011-01-20,115049.66323852539,73.34762573242188,114976.31561279297,SPY,1170
2011-01-21,115309.96574401855,73.34762573242188,115236.61811828613,SPY,1170
2011-01-24,115965.32356262207,73.34762573242188,115891.97593688965,SPY,1170
2011-01-25,116028.13858032227,73.34762573242188,115954.79095458984,SPY,1170
2011-01-26,116476.99325561523,73.34762573242188,116403.64562988281,SPY,1170
2011-01-27,116764.24453735352,73.34762573242188,116690.8969116211,SPY,1170
2011-01-28,114726.51893615723,73.34762573242188,114653.1713104248,SPY,1170
2011-01-31,115588.25492858887,73.34762573242188,115514.90730285645,SPY,1170
2011-02-01,117437.49977111816,73.34762573242188,117364.15214538574,SPY,1170
2011-02-02,117213.10813903809,73.34762573242188,117139.76051330566,SPY,1170
2011-02-03,117473.42849731445,73.34762573242188,117400.08087158203,SPY,1170
2011-02-04,117805.5795288086,73.34762573242188,117732.23190307617,SPY,1170
2011-02-07,118541.69441223145,73.34762573242188,118468.34678649902,SPY,1170
2011-02-08,119080.27717590332,73.34762573242188,119006.9295501709,SPY,1170
2011-02-09,118811.02149963379,73.34762573242188,118737.67387390137,SPY,1170
2011-02-10,118855.89447021484,73.34762573242188,118782.54684448242,SPY,1170
2011-02-11,119565.04272460938,73.34762573242188,119491.69509887695,SPY,1170
2011-02-14,119852.31185913086,73.34762573242188,119778.96423339844,SPY,1170
2011-02-15,119475.27893066406,73.34762573242188,119401.93130493164,SPY,1170
2011-02-16,120229.34478759766,73.34762573242188,120155.99716186523,SPY,1170
2011-02-17,120588.3999633789,73.34762573242188,120515.05233764648,SPY,1170
2011-02-18,120839.80285644531,73.34762573242188,120766.45523071289,SPY,1170
2011-02-22,118415.97511291504,73.34762573242188,118342.62748718262,SPY,1170
2011-02-23,117688.84017944336,73.34762573242188,117615.49255371094,SPY,1170
2011-02-24,117608.10096740723,73.34762573242188,117534.7533416748,SPY,1170
2011-02-25,118864.84764099121,73.34762573242188,118791.50001525879,SPY,1170
2011-02-28,119600.96252441406,73.34762573242188,119527.61489868164,SPY,1170
2011-03-01,117608.10096740723,73.34762573242188,117534.7533416748,SPY,1170
2011-03-02,117859.40567016602,73.34762573242188,117786.0580444336,SPY,1170
2011-03-03,119888.20487976074,73.34762573242188,119814.85725402832,SPY,1170
2011-03-04,118990.54908752441,73.34762573242188,118917.20146179199,SPY,1170
2011-03-07,118056.92886352539,73.34762573242188,117983.58123779297,SPY,1170
2011-03-08,119089.23927307129,73.34762573242188,119015.89164733887,SPY,1170
2011-03-09,118918.68270874023,73.34762573242188,118845.33508300781,SPY,1170
2011-03-10,116719.37156677246,73.34762573242188,116646.02394104004,SPY,1170
2011-03-11,117527.30819702148,73.34762573242188,117453.96057128906,SPY,1170
2011-03-14,116818.10638427734,73.34762573242188,116744.75875854492,SPY,1170
2011-03-15,115480.57586669922,73.34762573242188,115407.2282409668,SPY,1170
2011-03-16,113344.04403686523,73.34762573242188,113270.69641113281,SPY,1170
2011-03-17,114843.18687438965,73.34762573242188,114769.83924865723,SPY,1170
2011-03-18,115260.59387207031,73.34762573242188,115187.24624633789,SPY,1170
2011-03-21,117045.7829284668,73.34762573242188,116972.43530273438,SPY,1170
2011-03-22,116640.05165100098,73.34762573242188,116566.70402526855,SPY,1170
2011-03-23,116973.64875793457,73.34762573242188,116900.30113220215,SPY,1170
2011-03-24,118091.62574768066,73.34762573242188,118018.27812194824,SPY,1170
2011-03-25,118452.26089477539,73.34762573242188,118378.91326904297,SPY,1170
2011-03-28,118163.75099182129,73.34762573242188,118090.40336608887,SPY,1170
2011-03-29,118957.17330932617,73.34762573242188,118883.82568359375,SPY,1170
2011-03-30,119777.59796142578,73.34762573242188,119704.25033569336,SPY,1170
2011-03-31,119615.28938293457,73.34762573242188,119541.94175720215,SPY,1170
2011-04-01,120120.21072387695,73.34762573242188,120046.86309814453,SPY,1170
2011-04-04,120219.36508178711,73.34762573242188,120146.01745605469,SPY,1170
2011-04-05,120201.37840270996,73.34762573242188,120128.03077697754,SPY,1170
2011-04-06,120580.01808166504,73.34762573242188,120506.67045593262,SPY,1170
2011-04-07,120273.45901489258,73.34762573242188,120200.11138916016,SPY,1170
2011-04-08,119858.75671386719,73.34762573242188,119785.40908813477,SPY,1170
2011-04-11,119498.13049316406,73.34762573242188,119424.78286743164,SPY,1170
2011-04-12,118605.54489135742,73.34762573242188,118532.197265625,SPY,1170
2011-04-13,118596.52030944824,73.34762573242188,118523.17268371582,SPY,1170
2011-04-14,118686.67686462402,73.34762573242188,118613.3292388916,SPY,1170
2011-04-15,119119.44618225098,73.34762573242188,119046.09855651855,SPY,1170
2011-04-18,117785.11131286621,73.34762573242188,117711.76368713379,SPY,1170
2011-04-19,118461.26762390137,73.34762573242188,118387.91999816895,SPY,1170
2011-04-20,120075.15029907227,73.34762573242188,120001.80267333984,SPY,1170
2011-04-21,120688.21487426758,73.34762573242188,120614.86724853516,SPY,1170
2011-04-25,120561.95106506348,73.34762573242188,120488.60343933105,SPY,1170
2011-04-26,121598.81393432617,73.34762573242188,121525.46630859375,SPY,1170
2011-04-27,122392.25410461426,73.34762573242188,122318.90647888184,SPY,1170
2011-04-28,122788.89831542969,73.34762573242188,122715.55068969727,SPY,1170
2011-04-29,123077.39929199219,73.34762573242188,123004.05166625977,SPY,1170
2011-05-02,122888.07945251465,73.34762573242188,122814.73182678223,SPY,1170
2011-05-03,122446.33911132812,73.34762573242188,122372.9914855957,SPY,1170
2011-05-04,121634.85870361328,73.34762573242188,121561.51107788086,SPY,1170
2011-05-05,120534.94873046875,73.34762573242188,120461.60110473633,SPY,1170
2011-05-06,121066.90811157227,73.34762573242188,120993.56048583984,SPY,1170
2011-05-09,121535.65971374512,73.34762573242188,121462.3120880127,SPY,1170
2011-05-10,122572.55828857422,73.34762573242188,122499.2106628418,SPY,1170
2011-05-11,121283.26599121094,73.34762573242188,121209.91836547852,SPY,1170
2011-05-12,121860.25901794434,73.34762573242188,121786.91139221191,SPY,1170
2011-05-13,120922.63084411621,73.34762573242188,120849.28321838379,SPY,1170
2011-05-16,120156.24656677246,73.34762573242188,120082.89894104004,SPY,1170
2011-05-17,120138.2241821289,73.34762573242188,120064.87655639648,SPY,1170
2011-05-18,121211.14967346191,73.34762573242188,121137.80204772949,SPY,1170
2011-05-19,121499.65065002441,73.34762573242188,121426.30302429199,SPY,1170
2011-05-20,120534.94873046875,73.34762573242188,120461.60110473633,SPY,1170
2011-05-23,119137.47749328613,73.34762573242188,119064.12986755371,SPY,1170
2011-05-24,119038.26957702637,73.34762573242188,118964.92195129395,SPY,1170
2011-05-25,119435.01197814941,73.34762573242188,119361.66435241699,SPY,1170
2011-05-26,119984.94911193848,73.34762573242188,119911.60148620605,SPY,1170
2011-05-27,120444.76539611816,73.34762573242188,120371.41777038574,SPY,1170
2011-05-31,121697.95936584473,73.34762573242188,121624.6117401123,SPY,1170
2011-06-01,118966.14433288574,73.34762573242188,118892.79670715332,SPY,1170
2011-06-02,118839.93408203125,73.34762573242188,118766.58645629883,SPY,1170
2011-06-03,117658.88320922852,73.34762573242188,117585.5355834961,SPY,1170
2011-06-06,116414.62455749512,73.34762573242188,116341.2769317627,SPY,1170
2011-06-07,116342.5260925293,73.34762573242188,116269.17846679688,SPY,1170
2011-06-08,115855.68962097168,73.34762573242188,115782.34199523926,SPY,1170
2011-06-09,116739.25064086914,73.34762573242188,116665.90301513672,SPY,1170
2011-06-10,115116.36123657227,73.34762573242188,115043.01361083984,SPY,1170
2011-06-13,115206.56242370605,73.34762573242188,115133.21479797363,SPY,1170
2011-06-14,116667.08969116211,73.34762573242188,116593.74206542969,SPY,1170
2011-06-15,114593.43536376953,73.34762573242188,114520.08773803711,SPY,1170
2011-06-16,114845.92727661133,73.34762573242188,114772.5796508789,SPY,1170
2011-06-17,115188.39721679688,73.34762573242188,115115.04959106445,SPY,1170
2011-06-20,115777.35160827637,73.34762573242188,115704.00398254395,SPY,1170
2011-06-21,117362.92869567871,73.34762573242188,117289.58106994629,SPY,1170
2011-06-22,116656.22627258301,73.34762573242188,116582.87864685059,SPY,1170
2011-06-23,116320.93315124512,73.34762573242188,116247.5855255127,SPY,1170
2011-06-24,114970.92353820801,73.34762573242188,114897.57591247559,SPY,1170
2011-06-27,115994.79850769043,73.34762573242188,115921.45088195801,SPY,1170
2011-06-28,117507.91114807129,73.34762573242188,117434.56352233887,SPY,1170
2011-06-29,118513.66554260254,73.34762573242188,118440.31791687012,SPY,1170
2011-06-30,119646.22825622559,73.34762573242188,119572.88063049316,SPY,1170
2011-07-01,121413.03787231445,73.34762573242188,121339.69024658203,SPY,1170
2011-07-05,121313.330078125,73.34762573242188,121239.98245239258,SPY,1170
2011-07-06,121458.32145690918,73.34762573242188,121384.97383117676,SPY,1170
2011-07-07,122717.73712158203,73.34762573242188,122644.38949584961,SPY,1170
2011-07-08,121847.96737670898,73.34762573242188,121774.61975097656,SPY,1170
2011-07-11,119646.22825622559,73.34762573242188,119572.88063049316,SPY,1170
2011-07-12,119129.77401733398,73.34762573242188,119056.42639160156,SPY,1170
2011-07-13,119528.39988708496,73.34762573242188,119455.05226135254,SPY,1170
2011-07-14,118703.87802124023,73.34762573242188,118630.53039550781,SPY,1170
2011-07-15,119392.52235412598,73.34762573242188,119319.17472839355,SPY,1170
2011-07-18,118413.96667480469,73.34762573242188,118340.61904907227,SPY,1170
2011-07-19,120334.78332519531,73.34762573242188,120261.43569946289,SPY,1170
2011-07-20,120262.31887817383,73.34762573242188,120188.9712524414,SPY,1170
2011-07-21,121929.51889038086,73.34762573242188,121856.17126464844,SPY,1170
2011-07-22,122011.05255126953,73.34762573242188,121937.70492553711,SPY,1170
2011-07-25,121331.48635864258,73.34762573242188,121258.13873291016,SPY,1170
2011-07-26,120878.41842651367,73.34762573242188,120805.07080078125,SPY,1170
2011-07-27,118404.9153137207,73.34762573242188,118331.56768798828,SPY,1170
2011-07-28,118060.63331604004,73.34762573242188,117987.28569030762,SPY,1170
2011-07-29,117254.18739318848,73.34762573242188,117180.83976745605,SPY,1170
2011-08-01,116755.86265563965,73.34762573242188,116682.51502990723,SPY,1170
2011-08-02,113774.94773864746,73.34762573242188,113701.60011291504,SPY,1170
2011-08-03,114391.09191894531,73.34762573242188,114317.74429321289,SPY,1170
2011-08-04,109036.21208190918,73.34762573242188,108962.86445617676,SPY,1170
2011-08-05,108873.12690734863,73.34762573242188,108799.77928161621,SPY,1170
2011-08-08,101787.75894165039,73.34762573242188,101714.41131591797,SPY,1170
2011-08-09,106517.38967895508,73.34762573242188,106444.04205322266,SPY,1170
2011-08-10,101814.93980407715,73.34762573242188,101741.59217834473,SPY,1170
2011-08-11,106381.47644042969,73.34762573242188,106308.12881469727,SPY,1170
2011-08-12,107097.25700378418,73.34762573242188,107023.90937805176,SPY,1170
2011-08-15,109362.40921020508,73.34762573242188,109289.06158447266,SPY,1170
2011-08-16,108429.16389465332,73.34762573242188,108355.8162689209,SPY,1170
2011-08-17,108501.68190002441,73.34762573242188,108428.33427429199,SPY,1170
2011-08-18,103826.38610839844,73.34762573242188,103753.03848266602,SPY,1170
2011-08-19,102132.04986572266,73.34762573242188,102058.70223999023,SPY,1170
2011-08-22,102213.60137939453,73.34762573242188,102140.25375366211,SPY,1170
2011-08-23,105575.10192871094,73.34762573242188,105501.75430297852,SPY,1170
2011-08-24,107061.02478027344,73.34762573242188,106987.67715454102,SPY,1170
2011-08-25,105430.11947631836,73.34762573242188,105356.77185058594,SPY,1170
2011-08-26,106961.35269165039,73.34762573242188,106888.00506591797,SPY,1170
2011-08-29,110032.88833618164,73.34762573242188,109959.54071044922,SPY,1170
2011-08-30,110322.8443145752,73.34762573242188,110249.49668884277,SPY,1170
2011-08-31,110812.09091186523,73.34762573242188,110738.74328613281,SPY,1170
2011-09-01,109652.37411499023,73.34762573242188,109579.02648925781,SPY,1170
2011-09-02,106852.61138916016,73.34762573242188,106779.26376342773,SPY,1170
2011-09-06,106073.44451904297,73.34762573242188,106000.09689331055,SPY,1170
2011-09-07,109063.40187072754,73.34762573242188,108990.05424499512,SPY,1170
2011-09-08,107930.82130432129,73.34762573242188,107857.47367858887,SPY,1170
2011-09-09,105103.94020080566,73.34762573242188,105030.59257507324,SPY,1170
2011-09-12,105783.50639343262,73.34762573242188,105710.1587677002,SPY,1170
2011-09-13,106752.98393249512,73.34762573242188,106679.6363067627,SPY,1170
2011-09-14,108229.81971740723,73.34762573242188,108156.4720916748,SPY,1170
2011-09-15,110096.34605407715,73.34762573242188,110022.99842834473,SPY,1170
2011-09-16,110747.50846862793,73.34762573242188,110674.16084289551,SPY,1170
2011-09-19,109645.48294067383,73.34762573242188,109572.1353149414,SPY,1170
2011-09-20,109518.01406860352,73.34762573242188,109444.6664428711,SPY,1170
2011-09-21,106293.93531799316,73.34762573242188,106220.58769226074,SPY,1170
2011-09-22,102860.38986206055,73.34762573242188,102787.04223632812,SPY,1170
2011-09-23,103479.74754333496,73.34762573242188,103406.39991760254,SPY,1170
2011-09-26,105938.7809753418,73.34762573242188,105865.43334960938,SPY,1170
2011-09-27,107122.72399902344,73.34762573242188,107049.37637329102,SPY,1170
2011-09-28,104936.91848754883,73.34762573242188,104863.5708618164,SPY,1170
2011-09-29,105765.75180053711,73.34762573242188,105692.40417480469,SPY,1170
2011-09-30,103124.57534790039,73.34762573242188,103051.22772216797,SPY,1170
2011-10-03,100191.95220947266,73.34762573242188,100118.60458374023,SPY,1170
2011-10-04,102386.84478759766,73.34762573242188,102313.49716186523,SPY,1170
2011-10-05,104281.19468688965,73.34762573242188,104207.84706115723,SPY,1170
2011-10-06,106166.43966674805,73.34762573242188,106093.09204101562,SPY,1170
2011-10-07,105456.0595703125,73.34762573242188,105382.71194458008,SPY,1170
2011-10-10,108980.65422058105,73.34762573242188,108907.30659484863,SPY,1170
2011-10-11,109089.94003295898,73.34762573242188,109016.59240722656,SPY,1170
2011-10-12,110046.25114440918,73.34762573242188,109972.90351867676,SPY,1170
2011-10-13,109827.65274047852,73.34762573242188,109754.3051147461,SPY,1170
2011-10-14,111703.82850646973,73.34762573242188,111630.4808807373,SPY,1170
2011-10-17,109572.65251159668,73.34762573242188,109499.30488586426,SPY,1170
2011-10-18,111712.88879394531,73.34762573242188,111639.54116821289,SPY,1170
2011-10-19,110392.35412597656,73.34762573242188,110319.00650024414,SPY,1170
2011-10-20,110875.01304626465,73.34762573242188,110801.66542053223,SPY,1170
2011-10-21,112978.84750366211,73.34762573242188,112905.49987792969,SPY,1170
2011-10-24,114363.19694519043,73.34762573242188,114289.84931945801,SPY,1170
2011-10-25,112140.98068237305,73.34762573242188,112067.63305664062,SPY,1170
2011-10-26,113279.39910888672,73.34762573242188,113206.0514831543,SPY,1170
2011-10-27,117222.95394897461,73.34762573242188,117149.60632324219,SPY,1170
2011-10-28,117195.61241149902,73.34762573242188,117122.2647857666,SPY,1170
2011-10-31,114372.28401184082,73.34762573242188,114298.9363861084,SPY,1170
2011-11-01,111184.66064453125,73.34762573242188,111111.31301879883,SPY,1170
2011-11-02,112997.0573425293,73.34762573242188,112923.70971679688,SPY,1170
2011-11-03,115055.33149719238,73.34762573242188,114981.98387145996,SPY,1170
2011-11-04,114354.08309936523,73.34762573242188,114280.73547363281,SPY,1170
2011-11-07,115064.46319580078,73.34762573242188,114991.11557006836,SPY,1170
2011-11-08,116539.90646362305,73.34762573242188,116466.55883789062,SPY,1170
2011-11-09,112241.13479614258,73.34762573242188,112167.78717041016,SPY,1170
2011-11-10,113297.5910949707,73.34762573242188,113224.24346923828,SPY,1170
2011-11-11,115428.73138427734,73.34762573242188,115355.38375854492,SPY,1170
2011-11-14,114335.83755493164,73.34762573242188,114262.48992919922,SPY,1170
2011-11-15,114900.53001403809,73.34762573242188,114827.18238830566,SPY,1170
2011-11-16,113079.01054382324,73.34762573242188,113005.66291809082,SPY,1170
2011-11-17,111284.8861694336,73.34762573242188,111211.53854370117,SPY,1170
2011-11-18,111166.46865844727,73.34762573242188,111093.12103271484,SPY,1170
2011-11-21,109053.52928161621,73.34762573242188,108980.18165588379,SPY,1170
2011-11-22,108625.49095153809,73.34762573242188,108552.14332580566,SPY,1170
2011-11-23,106230.20980834961,73.34762573242188,106156.86218261719,SPY,1170
2011-11-25,106029.83909606934,73.34762573242188,105956.49147033691,SPY,1170
2011-11-28,109099.07173156738,73.34762573242188,109025.72410583496,SPY,1170
2011-11-29,109408.70147705078,73.34762573242188,109335.35385131836,SPY,1170
2011-11-30,113907.81707763672,73.34762573242188,113834.4694519043,SPY,1170
2011-12-01,113889.59831237793,73.34762573242188,113816.25068664551,SPY,1170
2011-12-02,113789.38171386719,73.34762573242188,113716.03408813477,SPY,1170
2011-12-05,115028.0435180664,73.34762573242188,114954.69589233398,SPY,1170
2011-12-06,115064.46319580078,73.34762573242188,114991.11557006836,SPY,1170
2011-12-07,115492.54615783691,73.34762573242188,115419.19853210449,SPY,1170
2011-12-08,112960.58410644531,73.34762573242188,112887.23648071289,SPY,1170
2011-12-09,114873.2063293457,73.34762573242188,114799.85870361328,SPY,1170
2011-12-12,113197.41020202637,73.34762573242188,113124.06257629395,SPY,1170
2011-12-13,112140.98068237305,73.34762573242188,112067.63305664062,SPY,1170
2011-12-14,110947.8791809082,73.34762573242188,110874.53155517578,SPY,1170
2011-12-15,111348.62060546875,73.34762573242188,111275.27297973633,SPY,1170
2011-12-16,111513.56246948242,73.34762573242188,111440.21484375,SPY,1170
2011-12-19,110322.10342407227,73.34762573242188,110248.75579833984,SPY,1170
2011-12-20,113658.21731567383,73.34762573242188,113584.8696899414,SPY,1170
2011-12-21,113878.24394226074,73.34762573242188,113804.89631652832,SPY,1170
2011-12-22,114886.39060974121,73.34762573242188,114813.04298400879,SPY,1170
2011-12-23,115912.8988647461,73.34762573242188,115839.55123901367,SPY,1170
2011-12-27,116004.52827453613,73.34762573242188,115931.18064880371,SPY,1170
2011-12-28,114483.12301635742,73.34762573242188,114409.775390625,SPY,1170
2011-12-29,115665.42358398438,73.34762573242188,115592.07595825195,SPY,1170
2011-12-30,115097.20520019531,73.34762573242188,115023.85757446289,SPY,1170
2012-01-03,116930.23078918457,73.34762573242188,116856.88316345215,SPY,1170
2012-01-04,117113.54316711426,73.34762573242188,117040.19554138184,SPY,1170
2012-01-05,117425.1188659668,73.34762573242188,117351.77124023438,SPY,1170
2012-01-06,117122.68379211426,73.34762573242188,117049.33616638184,SPY,1170
2012-01-09,117406.8286895752,73.34762573242188,117333.48106384277,SPY,1170
2012-01-10,118424.20524597168,73.34762573242188,118350.85762023926,SPY,1170
2012-01-11,118488.3413696289,73.34762573242188,118414.99374389648,SPY,1170
2012-01-12,118772.43270874023,73.34762573242188,118699.08508300781,SPY,1170
2012-01-13,118158.38623046875,73.34762573242188,118085.03860473633,SPY,1170
2012-01-17,118616.67610168457,73.34762573242188,118543.32847595215,SPY,1170
2012-01-18,119927.24891662598,73.34762573242188,119853.90129089355,SPY,1170
2012-01-19,120559.69268798828,73.34762573242188,120486.34506225586,SPY,1170
2012-01-20,121008.72589111328,73.34762573242188,120935.37826538086,SPY,1170
2012-01-23,120697.15019226074,73.34762573242188,120623.80256652832,SPY,1170
2012-01-24,120559.69268798828,73.34762573242188,120486.34506225586,SPY,1170
2012-01-25,121567.85720825195,73.34762573242188,121494.50958251953,SPY,1170
2012-01-26,120944.58084106445,73.34762573242188,120871.23321533203,SPY,1170
2012-01-27,120889.62997436523,73.34762573242188,120816.28234863281,SPY,1170
2012-01-30,120477.20390319824,73.34762573242188,120403.85627746582,SPY,1170
2012-01-31,120431.35795593262,73.34762573242188,120358.0103302002,SPY,1170
2012-02-01,121485.35057067871,73.34762573242188,121412.00294494629,SPY,1170
2012-02-02,121677.8303527832,73.34762573242188,121604.48272705078,SPY,1170
2012-02-03,123382.5301361084,73.34762573242188,123309.18251037598,SPY,1170
2012-02-06,123300.07705688477,73.34762573242188,123226.72943115234,SPY,1170
2012-02-07,123611.70631408691,73.34762573242188,123538.35868835449,SPY,1170
2012-02-08,123978.28643798828,73.34762573242188,123904.93881225586,SPY,1170
2012-02-09,124134.13230895996,73.34762573242188,124060.78468322754,SPY,1170
2012-02-10,123217.62397766113,73.34762573242188,123144.27635192871,SPY,1170
2012-02-13,124134.13230895996,73.34762573242188,124060.78468322754,SPY,1170
2012-02-14,123978.28643798828,73.34762573242188,123904.93881225586,SPY,1170
2012-02-15,123400.91850280762,73.34762573242188,123327.5708770752,SPY,1170
2012-02-16,124766.55822753906,73.34762573242188,124693.21060180664,SPY,1170
2012-02-17,125096.52229309082,73.34762573242188,125023.1746673584,SPY,1170
2012-02-21,125151.47315979004,73.34762573242188,125078.12553405762,SPY,1170
2012-02-22,124748.16986083984,73.34762573242188,124674.82223510742,SPY,1170
2012-02-23,125298.11592102051,73.34762573242188,125224.76829528809,SPY,1170
2012-02-24,125573.03985595703,73.34762573242188,125499.69223022461,SPY,1170
2012-02-27,125783.87229919434,73.34762573242188,125710.52467346191,SPY,1170
2012-02-28,126150.4613494873,73.34762573242188,126077.11372375488,SPY,1170
2012-02-29,125655.58219909668,73.34762573242188,125582.23457336426,SPY,1170
2012-03-01,126306.26258850098,73.34762573242188,126232.91496276855,SPY,1170
2012-03-02,125921.3119506836,73.34762573242188,125847.96432495117,SPY,1170
2012-03-05,125408.09799194336,73.34762573242188,125334.75036621094,SPY,1170
2012-03-06,123575.10810852051,73.34762573242188,123501.76048278809,SPY,1170
2012-03-07,124436.5584564209,73.34762573242188,124363.21083068848,SPY,1170
2012-03-08,125673.82774353027,73.34762573242188,125600.48011779785,SPY,1170
2012-03-09,126159.62875366211,73.34762573242188,126086.28112792969,SPY,1170
2012-03-12,126168.78723144531,73.34762573242188,126095.43960571289,SPY,1170
2012-03-13,128441.79466247559,73.34762573242188,128368.44703674316,SPY,1170
2012-03-14,128304.28359985352,73.34762573242188,128230.9359741211,SPY,1170
2012-03-15,129046.71836853027,73.34762573242188,128973.37074279785,SPY,1170
2012-03-16,129225.30868530273,73.34762573242188,129151.96105957031,SPY,1170
2012-03-19,129731.58683776855,73.34762573242188,129658.23921203613,SPY,1170
2012-03-20,129354.17900085449,73.34762573242188,129280.83137512207,SPY,1170
2012-03-21,129142.43606567383,73.34762573242188,129069.0884399414,SPY,1170
2012-03-22,128212.68096923828,73.34762573242188,128139.33334350586,SPY,1170
2012-03-23,128626.9548034668,73.34762573242188,128553.60717773438,SPY,1170
2012-03-26,130431.17492675781,73.34762573242188,130357.82730102539,SPY,1170
2012-03-27,130026.16668701172,73.34762573242188,129952.8190612793,SPY,1170
2012-03-28,129381.74369812012,73.34762573242188,129308.3960723877,SPY,1170
2012-03-29,129160.86013793945,73.34762573242188,129087.51251220703,SPY,1170
2012-03-30,129694.7476196289,73.34762573242188,129621.39999389648,SPY,1170
2012-04-02,130642.89108276367,73.34762573242188,130569.54345703125,SPY,1170
2012-04-03,130109.02145385742,73.34762573242188,130035.673828125,SPY,1170
2012-04-04,128820.22903442383,73.34762573242188,128746.8814086914,SPY,1170
2012-04-05,128755.78941345215,73.34762573242188,128682.44178771973,SPY,1170
2012-04-09,127310.57090759277,73.34762573242188,127237.22328186035,SPY,1170
2012-04-10,125174.89601135254,73.34762573242188,125101.54838562012,SPY,1170
2012-04-11,126187.50587463379,73.34762573242188,126114.15824890137,SPY,1170
2012-04-12,127835.29098510742,73.34762573242188,127761.943359375,SPY,1170
2012-04-13,126316.37619018555,73.34762573242188,126243.02856445312,SPY,1170
2012-04-16,126233.54820251465,73.34762573242188,126160.20057678223,SPY,1170
2012-04-17,128102.20794677734,73.34762573242188,128028.86032104492,SPY,1170
2012-04-18,127669.58145141602,73.34762573242188,127596.2338256836,SPY,1170
2012-04-19,126850.30830383301,73.34762573242188,126776.96067810059,SPY,1170
2012-04-20,127062.02445983887,73.34762573242188,126988.67683410645,SPY,1170
2012-04-23,125994.16023254395,73.34762573242188,125920.81260681152,SPY,1170
2012-04-24,126472.84690856934,73.34762573242188,126399.49928283691,SPY,1170
2012-04-25,128203.47785949707,73.34762573242188,128130.13023376465,SPY,1170
2012-04-26,129096.42944335938,73.34762573242188,129023.08181762695,SPY,1170
2012-04-27,129308.11882019043,73.34762573242188,129234.77119445801,SPY,1170
2012-04-30,128829.44999694824,73.34762573242188,128756.10237121582,SPY,1170
2012-05-01,129630.33477783203,73.34762573242188,129556.98715209961,SPY,1170
2012-05-02,129243.72383117676,73.34762573242188,129170.37620544434,SPY,1170
2012-05-03,128258.69651794434,73.34762573242188,128185.34889221191,SPY,1170
2012-05-04,126187.50587463379,73.34762573242188,126114.15824890137,SPY,1170
2012-05-07,126279.5637512207,73.34762573242188,126206.21612548828,SPY,1170
2012-05-08,125773.24989318848,73.34762573242188,125699.90226745605,SPY,1170
2012-05-09,125027.61947631836,73.34762573242188,124954.27185058594,SPY,1170
2012-05-10,125285.38688659668,73.34762573242188,125212.03926086426,SPY,1170
2012-05-11,124907.92549133301,73.34762573242188,124834.57786560059,SPY,1170
2012-05-14,123527.12875366211,73.34762573242188,123453.78112792969,SPY,1170
2012-05-15,122818.31970214844,73.34762573242188,122744.97207641602,SPY,1170
2012-05-16,122348.84506225586,73.34762573242188,122275.49743652344,SPY,1170
2012-05-17,120535.38612365723,73.34762573242188,120462.0384979248,SPY,1170
2012-05-18,119504.35218811035,73.34762573242188,119431.00456237793,SPY,1170
2012-05-21,121557.18124389648,73.34762573242188,121483.83361816406,SPY,1170
2012-05-22,121768.89739990234,73.34762573242188,121695.54977416992,SPY,1170
2012-05-23,121833.34594726562,73.34762573242188,121759.9983215332,SPY,1170
2012-05-24,122072.70713806152,73.34762573242188,121999.3595123291,SPY,1170
2012-05-25,121676.82167053223,73.34762573242188,121603.4740447998,SPY,1170
2012-05-29,123149.75662231445,73.34762573242188,123076.40899658203,SPY,1170
2012-05-30,121363.84452819824,73.34762573242188,121290.49690246582,SPY,1170
2012-05-31,121096.90078735352,73.34762573242188,121023.5531616211,SPY,1170
2012-06-01,118049.90379333496,73.34762573242188,117976.55616760254,SPY,1170
2012-06-04,117994.6762084961,73.34762573242188,117921.32858276367,SPY,1170
2012-06-05,118887.6099395752,73.34762573242188,118814.26231384277,SPY,1170
2012-06-06,121557.18124389648,73.34762573242188,121483.83361816406,SPY,1170
2012-06-07,121630.81504821777,73.34762573242188,121557.46742248535,SPY,1170
2012-06-08,122597.38258361816,73.34762573242188,122524.03495788574,SPY,1170
2012-06-11,121041.69105529785,73.34762573242188,120968.34342956543,SPY,1170
2012-06-12,122431.69090270996,73.34762573242188,122358.34327697754,SPY,1170
2012-06-13,121649.2123413086,73.34762573242188,121575.86471557617,SPY,1170
2012-06-14,122937.97798156738,73.34762573242188,122864.63035583496,SPY,1170
2012-06-15,124194.51934814453,73.34762573242188,124121.17172241211,SPY,1170
2012-06-18,124435.15701293945,73.34762573242188,124361.80938720703,SPY,1170
2012-06-19,125638.03291320801,73.34762573242188,125564.68528747559,SPY,1170
2012-06-20,125434.49333190918,73.34762573242188,125361.14570617676,SPY,1170
2012-06-21,122621.5641784668,73.34762573242188,122548.21655273438,SPY,1170
2012-06-22,123565.3515625,73.34762573242188,123492.00393676758,SPY,1170
2012-06-25,121585.21903991699,73.34762573242188,121511.87141418457,SPY,1170
2012-06-26,122195.90026855469,73.34762573242188,122122.55264282227,SPY,1170
2012-06-27,123297.03315734863,73.34762573242188,123223.68553161621,SPY,1170
2012-06-28,122945.42259216309,73.34762573242188,122872.07496643066,SPY,1170
2012-06-29,126008.2192993164,73.34762573242188,125934.87167358398,SPY,1170
2012-07-02,126387.59094238281,73.34762573242188,126314.24331665039,SPY,1170
2012-07-03,127220.36079406738,73.34762573242188,127147.01316833496,SPY,1170
2012-07-05,126646.60804748535,73.34762573242188,126573.26042175293,SPY,1170
2012-07-06,125443.7321472168,73.34762573242188,125370.38452148438,SPY,1170
2012-07-09,125286.44020080566,73.34762573242188,125213.09257507324,SPY,1170
2012-07-10,124194.51934814453,73.34762573242188,124121.17172241211,SPY,1170
2012-07-11,124213.05053710938,73.34762573242188,124139.70291137695,SPY,1170
2012-07-12,123611.6081237793,73.34762573242188,123538.26049804688,SPY,1170
2012-07-13,125684.32518005371,73.34762573242188,125610.97755432129,SPY,1170
2012-07-16,125388.21891784668,73.34762573242188,125314.87129211426,SPY,1170
2012-07-17,126248.7319946289,73.34762573242188,126175.38436889648,SPY,1170
2012-07-18,127183.28056335449,73.34762573242188,127109.93293762207,SPY,1170
2012-07-19,127516.4224243164,73.34762573242188,127443.07479858398,SPY,1170
2012-07-20,126350.51963806152,73.34762573242188,126277.1720123291,SPY,1170
2012-07-23,125073.5903930664,73.34762573242188,125000.24276733398,SPY,1170
2012-07-24,124000.23643493652,73.34762573242188,123926.8888092041,SPY,1170
2012-07-25,124027.97966003418,73.34762573242188,123954.63203430176,SPY,1170
2012-07-26,126072.96241760254,73.34762573242188,125999.61479187012,SPY,1170
2012-07-27,128395.45776367188,73.34762573242188,128322.11013793945,SPY,1170
2012-07-30,128395.45776367188,73.34762573242188,128322.11013793945,SPY,1170
2012-07-31,127497.93586730957,73.34762573242188,127424.58824157715,SPY,1170
2012-08-01,127386.87370300293,73.34762573242188,127313.52607727051,SPY,1170
2012-08-02,126507.82051086426,73.34762573242188,126434.47288513184,SPY,1170
2012-08-03,129015.4402923584,73.34762573242188,128942.09266662598,SPY,1170
2012-08-06,129265.25428771973,73.34762573242188,129191.9066619873,SPY,1170
2012-08-07,129912.99789428711,73.34762573242188,129839.65026855469,SPY,1170
2012-08-08,130070.29876708984,73.34762573242188,129996.95114135742,SPY,1170
2012-08-09,130181.32522583008,73.34762573242188,130107.97760009766,SPY,1170
2012-08-10,130394.12147521973,73.34762573242188,130320.7738494873,SPY,1170
2012-08-13,130329.4229888916,73.34762573242188,130256.07536315918,SPY,1170
2012-08-14,130347.88276672363,73.34762573242188,130274.53514099121,SPY,1170
2012-08-15,130495.94482421875,73.34762573242188,130422.59719848633,SPY,1170
2012-08-16,131458.2633972168,73.34762573242188,131384.91577148438,SPY,1170
2012-08-17,131634.02404785156,73.34762573242188,131560.67642211914,SPY,1170
2012-08-20,131643.2985687256,73.34762573242188,131569.95094299316,SPY,1170
2012-08-21,131245.42251586914,73.34762573242188,131172.07489013672,SPY,1170
2012-08-22,131300.96252441406,73.34762573242188,131227.61489868164,SPY,1170
2012-08-23,130227.59071350098,73.34762573242188,130154.24308776855,SPY,1170
2012-08-24,131014.10400390625,73.34762573242188,130940.75637817383,SPY,1170
2012-08-27,131041.86508178711,73.34762573242188,130968.51745605469,SPY,1170
2012-08-28,130912.29850769043,73.34762573242188,130838.95088195801,SPY,1170
2012-08-29,131014.10400390625,73.34762573242188,130940.75637817383,SPY,1170
2012-08-30,130070.29876708984,73.34762573242188,129996.95114135742,SPY,1170
2012-08-31,130690.21881103516,73.34762573242188,130616.87118530273,SPY,1170
2012-09-04,130569.98031616211,73.34762573242188,130496.63269042969,SPY,1170
2012-09-05,130458.91815185547,73.34762573242188,130385.57052612305,SPY,1170
2012-09-06,133105.3343963623,73.34762573242188,133031.98677062988,SPY,1170
2012-09-07,133623.5203552246,73.34762573242188,133550.1727294922,SPY,1170
2012-09-10,132864.7413635254,73.34762573242188,132791.39373779297,SPY,1170
2012-09-11,133234.9098968506,73.34762573242188,133161.56227111816,SPY,1170
2012-09-12,133678.98002624512,73.34762573242188,133605.6324005127,SPY,1170
2012-09-13,135714.70611572266,73.34762573242188,135641.35848999023,SPY,1170
2012-09-14,136316.10389709473,73.34762573242188,136242.7562713623,SPY,1170
2012-09-17,135853.52935791016,73.34762573242188,135780.18173217773,SPY,1170
2012-09-18,135742.4136352539,73.34762573242188,135669.06600952148,SPY,1170
2012-09-19,135816.47590637207,73.34762573242188,135743.12828063965,SPY,1170
2012-09-20,135825.7236480713,73.34762573242188,135752.37602233887,SPY,1170
2012-09-21,135768.92501831055,73.34762573242188,135695.57739257812,SPY,1170
2012-09-24,135564.27856445312,73.34762573242188,135490.9309387207,SPY,1170
2012-09-25,134122.46101379395,73.34762573242188,134049.11338806152,SPY,1170
2012-09-26,133368.90396118164,73.34762573242188,133295.55633544922,SPY,1170
2012-09-27,134624.73121643066,73.34762573242188,134551.38359069824,SPY,1170
2012-09-28,134001.49948120117,73.34762573242188,133928.15185546875,SPY,1170
2012-10-01,134355.05599975586,73.34762573242188,134281.70837402344,SPY,1170
2012-10-02,134494.55764770508,73.34762573242188,134421.21002197266,SPY,1170
2012-10-03,135043.38790893555,73.34762573242188,134970.04028320312,SPY,1170
2012-10-04,136010.8213043213,73.34762573242188,135937.47367858887,SPY,1170
2012-10-05,136020.13153076172,73.34762573242188,135946.7839050293,SPY,1170
2012-10-08,135555.0218963623,73.34762573242188,135481.67427062988,SPY,1170
2012-10-09,134215.42938232422,73.34762573242188,134142.0817565918,SPY,1170
2012-10-10,133359.63836669922,73.34762573242188,133286.2907409668,SPY,1170
2012-10-11,133434.08447265625,73.34762573242188,133360.73684692383,SPY,1170
2012-10-12,132996.8162536621,73.34762573242188,132923.4686279297,SPY,1170
2012-10-15,134103.8405609131,73.34762573242188,134030.49293518066,SPY,1170
2012-10-16,135462.01782226562,73.34762573242188,135388.6701965332,SPY,1170
2012-10-17,136076.0018157959,73.34762573242188,136002.65419006348,SPY,1170
2012-10-18,135722.4631500244,73.34762573242188,135649.115524292,SPY,1170
2012-10-19,133461.96159362793,73.34762573242188,133388.6139678955,SPY,1170
2012-10-22,133480.5641937256,73.34762573242188,133407.21656799316,SPY,1170
2012-10-23,131629.36447143555,73.34762573242188,131556.01684570312,SPY,1170
2012-10-24,131257.2410583496,73.34762573242188,131183.8934326172,SPY,1170
2012-10-25,131638.69255065918,73.34762573242188,131565.34492492676,SPY,1170
2012-10-26,131564.25537109375,73.34762573242188,131490.90774536133,SPY,1170
2012-10-31,131564.25537109375,73.34762573242188,131490.90774536133,SPY,1170
2012-11-01,132941.01737976074,73.34762573242188,132867.66975402832,SPY,1170
2012-11-02,131759.59159851074,73.34762573242188,131686.24397277832,SPY,1170
2012-11-05,132029.42749023438,73.34762573242188,131956.07986450195,SPY,1170
2012-11-06,133061.9521331787,73.34762573242188,132988.6045074463,SPY,1170
2012-11-07,130047.97386169434,73.34762573242188,129974.62623596191,SPY,1170
2012-11-08,128485.07873535156,73.34762573242188,128411.73110961914,SPY,1170
2012-11-09,128596.76574707031,73.34762573242188,128523.41812133789,SPY,1170
2012-11-12,128699.04434204102,73.34762573242188,128625.6967163086,SPY,1170
2012-11-13,128252.59086608887,73.34762573242188,128179.24324035645,SPY,1170
2012-11-14,126522.29911804199,73.34762573242188,126448.95149230957,SPY,1170
2012-11-15,126308.35136413574,73.34762573242188,126235.00373840332,SPY,1170
2012-11-16,126931.59202575684,73.34762573242188,126858.24440002441,SPY,1170
2012-11-19,129499.10789489746,73.34762573242188,129425.76026916504,SPY,1170
2012-11-20,129554.87998962402,73.34762573242188,129481.5323638916,SPY,1170
2012-11-21,129796.72271728516,73.34762573242188,129723.37509155273,SPY,1170
2012-11-23,131564.25537109375,73.34762573242188,131490.90774536133,SPY,1170
2012-11-26,131285.1449584961,73.34762573242188,131211.79733276367,SPY,1170
2012-11-27,130615.37994384766,73.34762573242188,130542.03231811523,SPY,1170
2012-11-28,131666.59645080566,73.34762573242188,131593.24882507324,SPY,1170
2012-11-29,132280.58044433594,73.34762573242188,132207.23281860352,SPY,1170
2012-11-30,132308.44863891602,73.34762573242188,132235.1010131836,SPY,1170
2012-12-03,131657.32192993164,73.34762573242188,131583.97430419922,SPY,1170
2012-12-04,131471.26914978027,73.34762573242188,131397.92152404785,SPY,1170
2012-12-05,131703.82843017578,73.34762573242188,131630.48080444336,SPY,1170
2012-12-06,132150.25512695312,73.34762573242188,132076.9075012207,SPY,1170
2012-12-07,132550.33599853516,73.34762573242188,132476.98837280273,SPY,1170
2012-12-10,132606.10809326172,73.34762573242188,132532.7604675293,SPY,1170
2012-12-11,133508.43238830566,73.34762573242188,133435.08476257324,SPY,1170
2012-12-12,133573.56826782227,73.34762573242188,133500.22064208984,SPY,1170
2012-12-13,132754.97352600098,73.34762573242188,132681.62590026855,SPY,1170
2012-12-14,132261.95106506348,73.34762573242188,132188.60343933105,SPY,1170
2012-12-17,133815.4913330078,73.34762573242188,133742.1437072754,SPY,1170
2012-12-18,135303.83323669434,73.34762573242188,135230.4856109619,SPY,1170
2012-12-19,134299.16786193848,73.34762573242188,134225.82023620605,SPY,1170
2012-12-20,135071.27395629883,73.34762573242188,134997.9263305664,SPY,1170
2012-12-21,133845.90354919434,73.34762573242188,133772.5559234619,SPY,1170
2012-12-24,133433.69171142578,73.34762573242188,133360.34408569336,SPY,1170
2012-12-26,132871.5789794922,73.34762573242188,132798.23135375977,SPY,1170
2012-12-27,132693.55995178223,73.34762573242188,132620.2123260498,SPY,1170
2012-12-28,131260.20462036133,73.34762573242188,131186.8569946289,SPY,1170
2012-12-31,133489.91012573242,73.34762573242188,133416.5625,SPY,1170
2013-01-02,136909.35188293457,73.34762573242188,136836.00425720215,SPY,1170
2013-01-03,136600.23094177246,73.34762573242188,136526.88331604004,SPY,1170
2013-01-04,137199.780960083,73.34762573242188,137126.4333343506,SPY,1170
2013-01-07,136825.07781982422,73.34762573242188,136751.7301940918,SPY,1170
2013-01-08,136431.61140441895,73.34762573242188,136358.26377868652,SPY,1170
2013-01-09,136778.25889587402,73.34762573242188,136704.9112701416,SPY,1170
2013-01-10,137865.00244140625,73.34762573242188,137791.65481567383,SPY,1170
2013-01-11,137855.620803833,73.34762573242188,137782.2731781006,SPY,1170
2013-01-14,137761.9204711914,73.34762573242188,137688.57284545898,SPY,1170
2013-01-15,137855.620803833,73.34762573242188,137782.2731781006,SPY,1170
2013-01-16,137836.85752868652,73.34762573242188,137763.5099029541,SPY,1170
2013-01-17,138726.90803527832,73.34762573242188,138653.5604095459,SPY,1170
2013-01-18,139036.06468200684,73.34762573242188,138962.7170562744,SPY,1170
2013-01-22,139785.50666809082,73.34762573242188,139712.1590423584,SPY,1170
2013-01-23,140010.34461975098,73.34762573242188,139936.99699401855,SPY,1170
2013-01-24,140047.83546447754,73.34762573242188,139974.48783874512,SPY,1170
2013-01-25,140834.7950744629,73.34762573242188,140761.44744873047,SPY,1170
2013-01-28,140666.15768432617,73.34762573242188,140592.81005859375,SPY,1170
2013-01-29,141218.87985229492,73.34762573242188,141145.5322265625,SPY,1170
2013-01-30,140666.15768432617,73.34762573242188,140592.81005859375,SPY,1170
2013-01-31,140319.5101928711,73.34762573242188,140246.16256713867,SPY,1170
2013-02-01,141762.29179382324,73.34762573242188,141688.94416809082,SPY,1170
2013-02-04,140169.53788757324,73.34762573242188,140096.19026184082,SPY,1170
2013-02-05,141584.2995452881,73.34762573242188,141510.95191955566,SPY,1170
2013-02-06,141687.30117797852,73.34762573242188,141613.9535522461,SPY,1170
2013-02-07,141499.8915863037,73.34762573242188,141426.5439605713,SPY,1170
2013-02-08,142286.96723937988,73.34762573242188,142213.61961364746,SPY,1170
2013-02-11,142258.76876831055,73.34762573242188,142185.42114257812,SPY,1170
2013-02-12,142492.96157836914,73.34762573242188,142419.61395263672,SPY,1170
2013-02-13,142614.80682373047,73.34762573242188,142541.45919799805,SPY,1170
2013-02-14,142745.93551635742,73.34762573242188,142672.587890625,SPY,1170
2013-02-15,142577.3159790039,73.34762573242188,142503.96835327148,SPY,1170
2013-02-19,143645.30517578125,73.34762573242188,143571.95755004883,SPY,1170
2013-02-20,141855.89393615723,73.34762573242188,141782.5463104248,SPY,1170
2013-02-21,140994.04190063477,73.34762573242188,140920.69427490234,SPY,1170
2013-02-22,142371.23237609863,73.34762573242188,142297.8847503662,SPY,1170
2013-02-25,139663.7328338623,73.34762573242188,139590.38520812988,SPY,1170
2013-02-26,140619.32983398438,73.34762573242188,140545.98220825195,SPY,1170
2013-02-27,142389.9777984619,73.34762573242188,142316.6301727295,SPY,1170
2013-02-28,142108.9035797119,73.34762573242188,142035.5559539795,SPY,1170
2013-03-01,142577.3159790039,73.34762573242188,142503.96835327148,SPY,1170
2013-03-04,143336.10389709473,73.34762573242188,143262.7562713623,SPY,1170
2013-03-05,144619.6475982666,73.34762573242188,144546.29997253418,SPY,1170
2013-03-06,144816.37634277344,73.34762573242188,144743.02871704102,SPY,1170
2013-03-07,145078.63372802734,73.34762573242188,145005.28610229492,SPY,1170
2013-03-08,145697.0362854004,73.34762573242188,145623.68865966797,SPY,1170
2013-03-11,146249.78523254395,73.34762573242188,146176.43760681152,SPY,1170
2013-03-12,145921.87423706055,73.34762573242188,145848.52661132812,SPY,1170
2013-03-13,146127.97569274902,73.34762573242188,146054.6280670166,SPY,1170
2013-03-14,146905.58044433594,73.34762573242188,146832.23281860352,SPY,1170
2013-03-15,146711.6902923584,73.34762573242188,146638.34266662598,SPY,1170
2013-03-18,145902.42362976074,73.34762573242188,145829.07600402832,SPY,1170
2013-03-19,145563.69384765625,73.34762573242188,145490.34622192383,SPY,1170
2013-03-20,146580.01708984375,73.34762573242188,146506.66946411133,SPY,1170
2013-03-21,145328.41201782227,73.34762573242188,145255.06439208984,SPY,1170
2013-03-22,146495.27885437012,73.34762573242188,146421.9312286377,SPY,1170
2013-03-25,145883.59786987305,73.34762573242188,145810.25024414062,SPY,1170
2013-03-26,147050.5093383789,73.34762573242188,146977.16171264648,SPY,1170
2013-03-27,147050.5093383789,73.34762573242188,146977.16171264648,SPY,1170
2013-03-28,147502.19367980957,73.34762573242188,147428.84605407715,SPY,1170
2013-04-01,146918.71116638184,73.34762573242188,146845.3635406494,SPY,1170
2013-04-02,147643.32885742188,73.34762573242188,147569.98123168945,SPY,1170
2013-04-03,146147.06031799316,73.34762573242188,146073.71269226074,SPY,1170
2013-04-04,146739.85305786133,73.34762573242188,146666.5054321289,SPY,1170
2013-04-05,146081.21925354004,73.34762573242188,146007.87162780762,SPY,1170
2013-04-08,147069.3083190918,73.34762573242188,146995.96069335938,SPY,1170
2013-04-09,147577.41638183594,73.34762573242188,147504.06875610352,SPY,1170
2013-04-10,149384.1269683838,73.34762573242188,149310.77934265137,SPY,1170
2013-04-11,149873.51638793945,73.34762573242188,149800.16876220703,SPY,1170
2013-04-12,149506.5077972412,73.34762573242188,149433.1601715088,SPY,1170
2013-04-15,146043.59451293945,73.34762573242188,145970.24688720703,SPY,1170
2013-04-16,148198.51470947266,73.34762573242188,148125.16708374023,SPY,1170
2013-04-17,146034.195022583,73.34762573242188,145960.8473968506,SPY,1170
2013-04-18,145121.45362854004,73.34762573242188,145048.10600280762,SPY,1170
2013-04-19,146382.34214782715,73.34762573242188,146308.99452209473,SPY,1170
2013-04-22,147031.6121673584,73.34762573242188,146958.26454162598,SPY,1170
2013-04-23,148546.6707611084,73.34762573242188,148473.32313537598,SPY,1170
2013-04-24,148640.81741333008,73.34762573242188,148567.46978759766,SPY,1170
2013-04-25,149243.0542755127,73.34762573242188,149169.70664978027,SPY,1170
2013-04-26,148979.54719543457,73.34762573242188,148906.19956970215,SPY,1170
2013-04-29,149977.1160888672,73.34762573242188,149903.76846313477,SPY,1170
2013-04-30,150334.58236694336,73.34762573242188,150261.23474121094,SPY,1170
2013-05-01,149017.18086242676,73.34762573242188,148943.83323669434,SPY,1170
2013-05-02,150400.4591369629,73.34762573242188,150327.11151123047,SPY,1170
2013-05-03,151924.94400024414,73.34762573242188,151851.59637451172,SPY,1170
2013-05-06,152310.77835083008,73.34762573242188,152237.43072509766,SPY,1170
2013-05-07,153082.39349365234,73.34762573242188,153009.04586791992,SPY,1170
2013-05-08,153778.72344970703,73.34762573242188,153705.3758239746,SPY,1170
2013-05-09,153345.86486816406,73.34762573242188,153272.51724243164,SPY,1170
2013-05-10,153844.58236694336,73.34762573242188,153771.23474121094,SPY,1170
2013-05-13,153966.92749023438,73.34762573242188,153893.57986450195,SPY,1170
2013-05-14,155557.21771240234,73.34762573242188,155483.87008666992,SPY,1170
2013-05-15,156394.76318359375,73.34762573242188,156321.41555786133,SPY,1170
2013-05-16,155660.72814941406,73.34762573242188,155587.38052368164,SPY,1170
2013-05-17,157166.3604736328,73.34762573242188,157093.0128479004,SPY,1170
2013-05-20,157156.98776245117,73.34762573242188,157083.64013671875,SPY,1170
2013-05-21,157382.8076171875,73.34762573242188,157309.45999145508,SPY,1170
2013-05-22,156215.93185424805,73.34762573242188,156142.58422851562,SPY,1170
2013-05-23,155764.3278503418,73.34762573242188,155690.98022460938,SPY,1170
2013-05-24,155632.52075195312,73.34762573242188,155559.1731262207,SPY,1170
2013-05-28,156564.1682434082,73.34762573242188,156490.82061767578,SPY,1170
2013-05-29,155547.8985595703,73.34762573242188,155474.5509338379,SPY,1170
2013-05-30,156121.81198120117,73.34762573242188,156048.46435546875,SPY,1170
2013-05-31,153882.14462280273,73.34762573242188,153808.7969970703,SPY,1170
2013-06-03,154729.1342163086,73.34762573242188,154655.78659057617,SPY,1170
2013-06-04,153985.78002929688,73.34762573242188,153912.43240356445,SPY,1170
2013-06-05,151830.87768554688,73.34762573242188,151757.53005981445,SPY,1170
2013-06-06,153204.64935302734,73.34762573242188,153131.30172729492,SPY,1170
2013-06-07,155152.58438110352,73.34762573242188,155079.2367553711,SPY,1170
2013-06-10,155152.58438110352,73.34762573242188,155079.2367553711,SPY,1170
2013-06-11,153552.8321838379,73.34762573242188,153479.48455810547,SPY,1170
2013-06-12,152282.57095336914,73.34762573242188,152209.22332763672,SPY,1170
2013-06-13,154597.39852905273,73.34762573242188,154524.0509033203,SPY,1170
2013-06-14,153628.17092895508,73.34762573242188,153554.82330322266,SPY,1170
2013-06-17,154813.82781982422,73.34762573242188,154740.4801940918,SPY,1170
2013-06-18,156037.13623046875,73.34762573242188,155963.78860473633,SPY,1170
2013-06-19,153882.14462280273,73.34762573242188,153808.7969970703,SPY,1170
2013-06-20,150071.11099243164,73.34762573242188,149997.76336669922,SPY,1170
2013-06-21,150552.67196655273,73.34762573242188,150479.3243408203,SPY,1170
2013-06-24,148651.1988067627,73.34762573242188,148577.85118103027,SPY,1170
2013-06-25,150079.68032836914,73.34762573242188,150006.33270263672,SPY,1170
2013-06-26,151564.8355102539,73.34762573242188,151491.48788452148,SPY,1170
2013-06-27,152454.10049438477,73.34762573242188,152380.75286865234,SPY,1170
2013-06-28,151829.75296020508,73.34762573242188,151756.40533447266,SPY,1170
2013-07-01,152719.03579711914,73.34762573242188,152645.68817138672,SPY,1170
2013-07-02,152577.03475952148,73.34762573242188,152503.68713378906,SPY,1170
2013-07-03,152643.28643798828,73.34762573242188,152569.93881225586,SPY,1170
2013-07-05,154289.3487548828,73.34762573242188,154216.0011291504,SPY,1170
2013-07-08,155169.0625,73.34762573242188,155095.71487426758,SPY,1170
2013-07-09,156285.3791809082,73.34762573242188,156212.03155517578,SPY,1170
2013-07-10,156342.09747314453,73.34762573242188,156268.7498474121,SPY,1170
2013-07-11,158470.6134033203,73.34762573242188,158397.2657775879,SPY,1170
2013-07-12,158536.8115234375,73.34762573242188,158463.46389770508,SPY,1170
2013-07-15,159142.3422241211,73.34762573242188,159068.99459838867,SPY,1170
2013-07-16,158546.30920410156,73.34762573242188,158472.96157836914,SPY,1170
2013-07-17,158953.01345825195,73.34762573242188,158879.66583251953,SPY,1170
2013-07-18,159823.4080505371,73.34762573242188,159750.0604248047,SPY,1170
2013-07-19,160107.19589233398,73.34762573242188,160033.84826660156,SPY,1170
2013-07-22,160419.38751220703,73.34762573242188,160346.0398864746,SPY,1170
2013-07-23,160078.80996704102,73.34762573242188,160005.4623413086,SPY,1170
2013-07-24,159492.27462768555,73.34762573242188,159418.92700195312,SPY,1170
2013-07-25,159880.10848999023,73.34762573242188,159806.7608642578,SPY,1170
2013-07-26,160050.49545288086,73.34762573242188,159977.14782714844,SPY,1170
2013-07-29,159558.56201171875,73.34762573242188,159485.21438598633,SPY,1170
2013-07-30,159558.56201171875,73.34762573242188,159485.21438598633,SPY,1170
2013-07-31,159672.07000732422,73.34762573242188,159598.7223815918,SPY,1170
2013-08-01,161516.7266845703,73.34762573242188,161443.3790588379,SPY,1170
2013-08-02,161791.03469848633,73.34762573242188,161717.6870727539,SPY,1170
2013-08-05,161554.53887939453,73.34762573242188,161481.1912536621,SPY,1170
2013-08-06,160636.95938110352,73.34762573242188,160563.6117553711,SPY,1170
2013-08-07,160116.67572021484,73.34762573242188,160043.32809448242,SPY,1170
2013-08-08,160703.1753540039,73.34762573242188,160629.82772827148,SPY,1170
2013-08-09,160239.60998535156,73.34762573242188,160166.26235961914,SPY,1170
2013-08-12,160050.49545288086,73.34762573242188,159977.14782714844,SPY,1170
2013-08-13,160523.48709106445,73.34762573242188,160450.13946533203,SPY,1170
2013-08-14,159700.38452148438,73.34762573242188,159627.03689575195,SPY,1170
2013-08-15,157467.8582763672,73.34762573242188,157394.51065063477,SPY,1170
2013-08-16,156947.59246826172,73.34762573242188,156874.2448425293,SPY,1170
2013-08-19,155944.74807739258,73.34762573242188,155871.40045166016,SPY,1170
2013-08-20,156711.0252380371,73.34762573242188,156637.6776123047,SPY,1170
2013-08-21,155746.17156982422,73.34762573242188,155672.8239440918,SPY,1170
2013-08-22,157165.1286315918,73.34762573242188,157091.78100585938,SPY,1170
2013-08-23,157694.90997314453,73.34762573242188,157621.5623474121,SPY,1170
2013-08-26,157108.30322265625,73.34762573242188,157034.95559692383,SPY,1170
2013-08-27,154582.61642456055,73.34762573242188,154509.26879882812,SPY,1170
2013-08-28,155131.23245239258,73.34762573242188,155057.88482666016,SPY,1170
2013-08-29,155377.26165771484,73.34762573242188,155303.91403198242,SPY,1170
2013-08-30,154885.31036376953,73.34762573242188,154811.9627380371,SPY,1170
2013-09-03,155585.30014038086,73.34762573242188,155511.95251464844,SPY,1170
2013-09-04,156871.87881469727,73.34762573242188,156798.53118896484,SPY,1170
2013-09-05,157070.59814453125,73.34762573242188,156997.25051879883,SPY,1170
2013-09-06,157146.2403869629,73.34762573242188,157072.89276123047,SPY,1170
2013-09-09,158650.37307739258,73.34762573242188,158577.02545166016,SPY,1170
2013-09-10,159823.4080505371,73.34762573242188,159750.0604248047,SPY,1170
2013-09-11,160324.73205566406,73.34762573242188,160251.38442993164,SPY,1170
2013-09-12,159899.05029296875,73.34762573242188,159825.70266723633,SPY,1170
2013-09-13,160258.55178833008,73.34762573242188,160185.20416259766,SPY,1170
2013-09-16,161185.61111450195,73.34762573242188,161112.26348876953,SPY,1170
2013-09-17,161904.6141052246,73.34762573242188,161831.2664794922,SPY,1170
2013-09-18,163777.60314941406,73.34762573242188,163704.25552368164,SPY,1170
2013-09-19,163503.25942993164,73.34762573242188,163429.91180419922,SPY,1170
2013-09-20,162360.71701049805,73.34762573242188,162287.36938476562,SPY,1170
2013-09-23,161609.68612670898,73.34762573242188,161536.33850097656,SPY,1170
2013-09-24,161229.42184448242,73.34762573242188,161156.07421875,SPY,1170
2013-09-25,160763.6427307129,73.34762573242188,160690.29510498047,SPY,1170
2013-09-26,161381.54541015625,73.34762573242188,161308.19778442383,SPY,1170
2013-09-27,160640.08361816406,73.34762573242188,160566.73599243164,SPY,1170
2013-09-30,159784.5425415039,73.34762573242188,159711.19491577148,SPY,1170
2013-10-01,161048.85879516602,73.34762573242188,160975.5111694336,SPY,1170
2013-10-02,160896.7887878418,73.34762573242188,160823.44116210938,SPY,1170
2013-10-03,159413.740234375,73.34762573242188,159340.39260864258,SPY,1170
2013-10-04,160621.12396240234,73.34762573242188,160547.77633666992,SPY,1170
2013-10-07,159233.212890625,73.34762573242188,159159.86526489258,SPY,1170
2013-10-08,157379.48699951172,73.34762573242188,157306.1393737793,SPY,1170
2013-10-09,157493.53057861328,73.34762573242188,157420.18295288086,SPY,1170
2013-10-10,160887.23754882812,73.34762573242188,160813.8899230957,SPY,1170
2013-10-11,161923.3952331543,73.34762573242188,161850.04760742188,SPY,1170
2013-10-14,162569.82666015625,73.34762573242188,162496.47903442383,SPY,1170
2013-10-15,161391.0073852539,73.34762573242188,161317.65975952148,SPY,1170
2013-10-16,163644.04647827148,73.34762573242188,163570.69885253906,SPY,1170
2013-10-17,164737.19024658203,73.34762573242188,164663.8426208496,SPY,1170
2013-10-18,165849.40078735352,73.34762573242188,165776.0531616211,SPY,1170
2013-10-21,165858.91632080078,73.34762573242188,165785.56869506836,SPY,1170
2013-10-22,166819.00329589844,73.34762573242188,166745.65567016602,SPY,1170
2013-10-23,166020.51971435547,73.34762573242188,165947.17208862305,SPY,1170
2013-10-24,166571.88507080078,73.34762573242188,166498.53744506836,SPY,1170
2013-10-25,167332.3065185547,73.34762573242188,167258.95889282227,SPY,1170
2013-10-28,167598.50936889648,73.34762573242188,167525.16174316406,SPY,1170
2013-10-29,168492.0590209961,73.34762573242188,168418.71139526367,SPY,1170
2013-10-30,167655.49545288086,73.34762573242188,167582.14782714844,SPY,1170
2013-10-31,167180.25436401367,73.34762573242188,167106.90673828125,SPY,1170
2013-11-01,167579.54971313477,73.34762573242188,167506.20208740234,SPY,1170
2013-11-04,168168.83438110352,73.34762573242188,168095.4867553711,SPY,1170
2013-11-05,167636.53579711914,73.34762573242188,167563.18817138672,SPY,1170
2013-11-06,168492.0590209961,73.34762573242188,168418.71139526367,SPY,1170
2013-11-07,166362.72186279297,73.34762573242188,166289.37423706055,SPY,1170
2013-11-08,168606.12045288086,73.34762573242188,168532.77282714844,SPY,1170
2013-11-11,168634.75631713867,73.34762573242188,168561.40869140625,SPY,1170
2013-11-12,168292.46490478516,73.34762573242188,168219.11727905273,SPY,1170
2013-11-13,169642.29598999023,73.34762573242188,169568.9483642578,SPY,1170
2013-11-14,170488.37509155273,73.34762573242188,170415.0274658203,SPY,1170
2013-11-15,171229.83688354492,73.34762573242188,171156.4892578125,SPY,1170
2013-11-18,170630.9295654297,73.34762573242188,170557.58193969727,SPY,1170
2013-11-19,170260.1808166504,73.34762573242188,170186.83319091797,SPY,1170
2013-11-20,169727.88223266602,73.34762573242188,169654.5346069336,SPY,1170
2013-11-21,171096.76223754883,73.34762573242188,171023.4146118164,SPY,1170
2013-11-22,171952.30331420898,73.34762573242188,171878.95568847656,SPY,1170
2013-11-25,171781.14868164062,73.34762573242188,171707.8010559082,SPY,1170
2013-11-26,171828.72634887695,73.34762573242188,171755.37872314453,SPY,1170
2013-11-27,172246.96350097656,73.34762573242188,172173.61587524414,SPY,1170
2013-11-29,172132.9020690918,73.34762573242188,172059.55444335938,SPY,1170
2013-12-02,171686.1540222168,73.34762573242188,171612.80639648438,SPY,1170
2013-12-03,170944.5851135254,73.34762573242188,170871.23748779297,SPY,1170
2013-12-04,170925.57189941406,73.34762573242188,170852.22427368164,SPY,1170
2013-12-05,170174.66598510742,73.34762573242188,170101.318359375,SPY,1170
2013-12-06,172075.88027954102,73.34762573242188,172002.5326538086,SPY,1170
2013-12-09,172513.13064575195,73.34762573242188,172439.78302001953,SPY,1170
2013-12-10,171895.2101135254,73.34762573242188,171821.86248779297,SPY,1170
2013-12-11,169965.4849243164,73.34762573242188,169892.13729858398,SPY,1170
2013-12-12,169404.72900390625,73.34762573242188,169331.38137817383,SPY,1170
2013-12-13,169385.6622314453,73.34762573242188,169312.3146057129,SPY,1170
2013-12-16,170440.7974243164,73.34762573242188,170367.44979858398,SPY,1170
2013-12-17,169898.94760131836,73.34762573242188,169825.59997558594,SPY,1170
2013-12-18,172798.29315185547,73.34762573242188,172724.94552612305,SPY,1170
2013-12-19,172598.73474121094,73.34762573242188,172525.38711547852,SPY,1170
2013-12-20,173602.2396850586,73.34762573242188,173528.89205932617,SPY,1170
2013-12-23,174529.38827514648,73.34762573242188,174456.04064941406,SPY,1170
2013-12-24,174911.6877746582,73.34762573242188,174838.34014892578,SPY,1170
2013-12-26,175800.5599975586,73.34762573242188,175727.21237182617,SPY,1170
2013-12-27,175790.9552001953,73.34762573242188,175717.6075744629,SPY,1170
2013-12-30,175762.3193359375,73.34762573242188,175688.97171020508,SPY,1170
2013-12-31,176593.86627197266,73.34762573242188,176520.51864624023,SPY,1170
2014-01-02,174902.10083007812,73.34762573242188,174828.7532043457,SPY,1170
2014-01-03,174873.3757019043,73.34762573242188,174800.02807617188,SPY,1170
2014-01-06,174366.83868408203,73.34762573242188,174293.4910583496,SPY,1170
2014-01-07,175437.34512329102,73.34762573242188,175363.9974975586,SPY,1170
2014-01-08,175475.5322265625,73.34762573242188,175402.18460083008,SPY,1170
2014-01-09,175590.23635864258,73.34762573242188,175516.88873291016,SPY,1170
2014-01-10,176068.15536499023,73.34762573242188,175994.8077392578,SPY,1170
2014-01-13,173726.49505615234,73.34762573242188,173653.14743041992,SPY,1170
2014-01-14,175618.9614868164,73.34762573242188,175545.61386108398,SPY,1170
2014-01-15,176565.10543823242,73.34762573242188,176491.7578125,SPY,1170
2014-01-16,176335.78643798828,73.34762573242188,176262.43881225586,SPY,1170
2014-01-17,175590.23635864258,73.34762573242188,175516.88873291016,SPY,1170
2014-01-21,176106.3067626953,73.34762573242188,176032.9591369629,SPY,1170
2014-01-22,176221.0108947754,73.34762573242188,176147.66326904297,SPY,1170
2014-01-23,174777.86331176758,73.34762573242188,174704.51568603516,SPY,1170
2014-01-24,171050.3628540039,73.34762573242188,170977.01522827148,SPY,1170
2014-01-27,170209.3182373047,73.34762573242188,170135.97061157227,SPY,1170
2014-01-28,171222.39227294922,73.34762573242188,171149.0446472168,SPY,1170
2014-01-29,169578.49014282227,73.34762573242188,169505.14251708984,SPY,1170
2014-01-30,171375.3370666504,73.34762573242188,171301.98944091797,SPY,1170
2014-01-31,170371.74285888672,73.34762573242188,170298.3952331543,SPY,1170
2014-02-03,166539.03594970703,73.34762573242188,166465.6883239746,SPY,1170
2014-02-04,167705.19760131836,73.34762573242188,167631.84997558594,SPY,1170
2014-02-05,167494.96322631836,73.34762573242188,167421.61560058594,SPY,1170
2014-02-06,169702.7276611328,73.34762573242188,169629.3800354004,SPY,1170
2014-02-07,171805.37490844727,73.34762573242188,171732.02728271484,SPY,1170
2014-02-10,172120.79788208008,73.34762573242188,172047.45025634766,SPY,1170
2014-02-11,174003.69522094727,73.34762573242188,173930.34759521484,SPY,1170
2014-02-12,174089.6385192871,73.34762573242188,174016.2908935547,SPY,1170
2014-02-13,174988.11553955078,73.34762573242188,174914.76791381836,SPY,1170
2014-02-14,175953.46908569336,73.34762573242188,175880.12145996094,SPY,1170
2014-02-18,176163.68560791016,73.34762573242188,176090.33798217773,SPY,1170
2014-02-19,174997.61322021484,73.34762573242188,174924.26559448242,SPY,1170
2014-02-20,176029.87899780273,73.34762573242188,175956.5313720703,SPY,1170
2014-02-21,175829.2137145996,73.34762573242188,175755.8660888672,SPY,1170
2014-02-24,176804.04708862305,73.34762573242188,176730.69946289062,SPY,1170
2014-02-25,176737.17056274414,73.34762573242188,176663.82293701172,SPY,1170
2014-02-26,176746.7039489746,73.34762573242188,176673.3563232422,SPY,1170
2014-02-27,177673.8525390625,73.34762573242188,177600.50491333008,SPY,1170
2014-02-28,178122.97500610352,73.34762573242188,178049.6273803711,SPY,1170
2014-03-03,176870.97717285156,73.34762573242188,176797.62954711914,SPY,1170
2014-03-04,179355.94177246094,73.34762573242188,179282.59414672852,SPY,1170
2014-03-05,179518.45565795898,73.34762573242188,179445.10803222656,SPY,1170
2014-03-06,179929.40887451172,73.34762573242188,179856.0612487793,SPY,1170
2014-03-07,180005.8723449707,73.34762573242188,179932.52471923828,SPY,1170
2014-03-10,179910.35995483398,73.34762573242188,179837.01232910156,SPY,1170
2014-03-11,179021.39846801758,73.34762573242188,178948.05084228516,SPY,1170
2014-03-12,179069.24392700195,73.34762573242188,178995.89630126953,SPY,1170
2014-03-13,177062.16262817383,73.34762573242188,176988.8150024414,SPY,1170
2014-03-14,176565.10543823242,73.34762573242188,176491.7578125,SPY,1170
2014-03-17,178161.28707885742,73.34762573242188,178087.939453125,SPY,1170
2014-03-18,179432.44094848633,73.34762573242188,179359.0933227539,SPY,1170
2014-03-19,178476.65649414062,73.34762573242188,178403.3088684082,SPY,1170
2014-03-20,179518.45565795898,73.34762573242188,179445.10803222656,SPY,1170
2014-03-21,178822.50061035156,73.34762573242188,178749.15298461914,SPY,1170
2014-03-24,178083.25256347656,73.34762573242188,178009.90493774414,SPY,1170
2014-03-25,178928.06411743164,73.34762573242188,178854.71649169922,SPY,1170
2014-03-26,177641.66397094727,73.34762573242188,177568.31634521484,SPY,1170
2014-03-27,177267.30895996094,73.34762573242188,177193.96133422852,SPY,1170
2014-03-28,178140.88134765625,73.34762573242188,178067.53372192383,SPY,1170
2014-03-31,179600.04287719727,73.34762573242188,179526.69525146484,SPY,1170
2014-04-01,180790.48431396484,73.34762573242188,180717.13668823242,SPY,1170
2014-04-02,181395.2294921875,73.34762573242188,181321.88186645508,SPY,1170
2014-04-03,181155.16311645508,73.34762573242188,181081.81549072266,SPY,1170
2014-04-04,179014.47158813477,73.34762573242188,178941.12396240234,SPY,1170
2014-04-07,177036.8830871582,73.34762573242188,176963.53546142578,SPY,1170
2014-04-08,177766.52633666992,73.34762573242188,177693.1787109375,SPY,1170
2014-04-09,179676.8276977539,73.34762573242188,179603.48007202148,SPY,1170
2014-04-10,175904.15969848633,73.34762573242188,175830.8120727539,SPY,1170
2014-04-11,174320.11795043945,73.34762573242188,174246.77032470703,SPY,1170
2014-04-14,175692.90771484375,73.34762573242188,175619.56008911133,SPY,1170
2014-04-15,176902.46948242188,73.34762573242188,176829.12185668945,SPY,1170
2014-04-16,178755.2491760254,73.34762573242188,178681.90155029297,SPY,1170
2014-04-17,179004.84893798828,73.34762573242188,178931.50131225586,SPY,1170
2014-04-21,179628.8394165039,73.34762573242188,179555.49179077148,SPY,1170
2014-04-22,180444.85443115234,73.34762573242188,180371.50680541992,SPY,1170
2014-04-23,180022.421875,73.34762573242188,179949.07424926758,SPY,1170
2014-04-24,180387.29705810547,73.34762573242188,180313.94943237305,SPY,1170
2014-04-25,178908.85452270508,73.34762573242188,178835.50689697266,SPY,1170
2014-04-28,179475.25192260742,73.34762573242188,179401.904296875,SPY,1170
2014-04-29,180310.44082641602,73.34762573242188,180237.0932006836,SPY,1170
2014-04-30,180848.07739257812,73.34762573242188,180774.7297668457,SPY,1170
2014-05-01,180867.17987060547,73.34762573242188,180793.83224487305,SPY,1170
2014-05-02,180608.0110168457,73.34762573242188,180534.66339111328,SPY,1170
2014-05-05,180953.6408996582,73.34762573242188,180880.29327392578,SPY,1170
2014-05-06,179379.2218017578,73.34762573242188,179305.8741760254,SPY,1170
2014-05-07,180435.23178100586,73.34762573242188,180361.88415527344,SPY,1170
2014-05-08,180243.18939208984,73.34762573242188,180169.84176635742,SPY,1170
2014-05-09,180512.0701599121,73.34762573242188,180438.7225341797,SPY,1170
2014-05-12,182268.7661743164,73.34762573242188,182195.41854858398,SPY,1170
2014-05-13,182431.95846557617,73.34762573242188,182358.61083984375,SPY,1170
2014-05-14,181568.00872802734,73.34762573242188,181494.66110229492,SPY,1170
2014-05-15,179974.4157409668,73.34762573242188,179901.06811523438,SPY,1170
2014-05-16,180598.42407226562,73.34762573242188,180525.0764465332,SPY,1170
2014-05-19,181260.85159301758,73.34762573242188,181187.50396728516,SPY,1170
2014-05-20,180118.4341430664,73.34762573242188,180045.08651733398,SPY,1170
2014-05-21,181635.1887512207,73.34762573242188,181561.84112548828,SPY,1170
2014-05-22,182076.7594909668,73.34762573242188,182003.41186523438,SPY,1170
2014-05-23,182806.3491821289,73.34762573242188,182733.00155639648,SPY,1170
2014-05-27,183929.5391845703,73.34762573242188,183856.1915588379,SPY,1170
2014-05-28,183795.1969909668,73.34762573242188,183721.84936523438,SPY,1170
2014-05-29,184745.55419921875,73.34762573242188,184672.20657348633,SPY,1170
2014-05-30,185043.14224243164,73.34762573242188,184969.79461669922,SPY,1170
2014-06-02,185254.3406677246,73.34762573242188,185180.9930419922,SPY,1170
2014-06-03,185158.3283996582,73.34762573242188,185084.98077392578,SPY,1170
2014-06-04,185532.73696899414,73.34762573242188,185459.38934326172,SPY,1170
2014-06-05,186742.35229492188,73.34762573242188,186669.00466918945,SPY,1170
2014-06-06,187635.09857177734,73.34762573242188,187561.75094604492,SPY,1170
2014-06-09,187827.10525512695,73.34762573242188,187753.75762939453,SPY,1170
2014-06-10,187846.2791442871,73.34762573242188,187772.9315185547,SPY,1170
2014-06-11,187193.50997924805,73.34762573242188,187120.16235351562,SPY,1170
2014-06-12,185868.74420166016,73.34762573242188,185795.39657592773,SPY,1170
2014-06-13,186435.1773071289,73.34762573242188,186361.82968139648,SPY,1170
2014-06-16,186588.7648010254,73.34762573242188,186515.41717529297,SPY,1170
2014-06-17,187107.08465576172,73.34762573242188,187033.7370300293,SPY,1170
2014-06-18,188479.91012573242,73.34762573242188,188406.5625,SPY,1170
2014-06-19,188691.1264038086,73.34762573242188,188617.77877807617,SPY,1170
2014-06-20,189074.01504516602,73.34762573242188,189000.6674194336,SPY,1170
2014-06-23,189016.2077331543,73.34762573242188,188942.86010742188,SPY,1170
2014-06-24,187877.94998168945,73.34762573242188,187804.60235595703,SPY,1170
2014-06-25,188726.77841186523,73.34762573242188,188653.4307861328,SPY,1170
2014-06-26,188591.7935180664,73.34762573242188,188518.44589233398,SPY,1170
2014-06-27,188958.25759887695,73.34762573242188,188884.90997314453,SPY,1170
2014-06-30,188861.83471679688,73.34762573242188,188788.48709106445,SPY,1170
2014-07-01,190125.40115356445,73.34762573242188,190052.05352783203,SPY,1170
2014-07-02,190318.30047607422,73.34762573242188,190244.9528503418,SPY,1170
2014-07-03,191253.9291381836,73.34762573242188,191180.58151245117,SPY,1170
2014-07-07,190588.4309387207,73.34762573242188,190515.08331298828,SPY,1170
2014-07-08,189363.40866088867,73.34762573242188,189290.06103515625,SPY,1170
2014-07-09,190212.27279663086,73.34762573242188,190138.92517089844,SPY,1170
2014-07-10,189459.84939575195,73.34762573242188,189386.50177001953,SPY,1170
2014-07-11,189720.35720825195,73.34762573242188,189647.00958251953,SPY,1170
2014-07-14,190675.3025817871,73.34762573242188,190601.9549560547,SPY,1170
2014-07-15,190318.30047607422,73.34762573242188,190244.9528503418,SPY,1170
2014-07-16,191022.46780395508,73.34762573242188,190949.12017822266,SPY,1170
2014-07-17,188852.2120666504,73.34762573242188,188778.86444091797,SPY,1170
2014-07-18,190781.36596679688,73.34762573242188,190708.01834106445,SPY,1170
2014-07-21,190424.4709777832,73.34762573242188,190351.12335205078,SPY,1170
2014-07-22,191253.9291381836,73.34762573242188,191180.58151245117,SPY,1170
2014-07-23,191678.4147644043,73.34762573242188,191605.06713867188,SPY,1170
2014-07-24,191688.0731201172,73.34762573242188,191614.72549438477,SPY,1170
2014-07-25,190790.98861694336,73.34762573242188,190717.64099121094,SPY,1170
2014-07-28,190868.13049316406,73.34762573242188,190794.78286743164,SPY,1170
2014-07-29,190048.25927734375,73.34762573242188,189974.91165161133,SPY,1170
2014-07-30,190077.1807861328,73.34762573242188,190003.8331604004,SPY,1170
2014-07-31,186324.97207641602,73.34762573242188,186251.6244506836,SPY,1170
2014-08-01,185755.87890625,73.34762573242188,185682.53128051758,SPY,1170
2014-08-04,187096.58721923828,73.34762573242188,187023.23959350586,SPY,1170
2014-08-05,185283.22647094727,73.34762573242188,185209.87884521484,SPY,1170
2014-08-06,185341.0516357422,73.34762573242188,185267.70401000977,SPY,1170
2014-08-07,184337.9573059082,73.34762573242188,184264.60968017578,SPY,1170
2014-08-08,186469.72244262695,73.34762573242188,186396.37481689453,SPY,1170
2014-08-11,187009.7869873047,73.34762573242188,186936.43936157227,SPY,1170
2014-08-12,186749.3684387207,73.34762573242188,186676.02081298828,SPY,1170
2014-08-13,188012.93487548828,73.34762573242188,187939.58724975586,SPY,1170
2014-08-14,188900.41458129883,73.34762573242188,188827.0669555664,SPY,1170
2014-08-15,188861.83471679688,73.34762573242188,188788.48709106445,SPY,1170
2014-08-18,190443.75198364258,73.34762573242188,190370.40435791016,SPY,1170
2014-08-19,191437.24151611328,73.34762573242188,191363.89389038086,SPY,1170
2014-08-20,191948.45596313477,73.34762573242188,191875.10833740234,SPY,1170
2014-08-21,192507.9978942871,73.34762573242188,192434.6502685547,SPY,1170
2014-08-22,192208.91021728516,73.34762573242188,192135.56259155273,SPY,1170
2014-08-25,193183.11874389648,73.34762573242188,193109.77111816406,SPY,1170
2014-08-26,193308.55239868164,73.34762573242188,193235.20477294922,SPY,1170
2014-08-27,193231.39266967773,73.34762573242188,193158.0450439453,SPY,1170
2014-08-28,193125.25787353516,73.34762573242188,193051.91024780273,SPY,1170
2014-08-29,193675.087890625,73.34762573242188,193601.74026489258,SPY,1170
2014-09-02,193578.62930297852,73.34762573242188,193505.2816772461,SPY,1170
2014-09-03,193472.53021240234,73.34762573242188,193399.18258666992,SPY,1170
2014-09-04,193192.8842163086,73.34762573242188,193119.53659057617,SPY,1170
2014-09-05,194060.94009399414,73.34762573242188,193987.59246826172,SPY,1170
2014-09-08,193559.36614990234,73.34762573242188,193486.01852416992,SPY,1170
2014-09-09,192334.3081665039,73.34762573242188,192260.96054077148,SPY,1170
2014-09-10,193057.79220581055,73.34762573242188,192984.44458007812,SPY,1170
2014-09-11,193279.63088989258,73.34762573242188,193206.28326416016,SPY,1170
2014-09-12,192151.08505249023,73.34762573242188,192077.7374267578,SPY,1170
2014-09-15,192006.3525390625,73.34762573242188,191933.00491333008,SPY,1170
2014-09-16,193453.24920654297,73.34762573242188,193379.90158081055,SPY,1170
2014-09-17,193713.64990234375,73.34762573242188,193640.30227661133,SPY,1170
2014-09-18,194745.82641601562,73.34762573242188,194672.4787902832,SPY,1170
2014-09-19,194570.38711547852,73.34762573242188,194497.0394897461,SPY,1170
2014-09-22,193068.3074951172,73.34762573242188,192994.95986938477,SPY,1170
2014-09-23,191963.5237121582,73.34762573242188,191890.17608642578,SPY,1170
2014-09-24,193465.62118530273,73.34762573242188,193392.2735595703,SPY,1170
2014-09-25,190345.13320922852,73.34762573242188,190271.7855834961,SPY,1170
2014-09-26,191856.90689086914,73.34762573242188,191783.55926513672,SPY,1170
2014-09-29,191508.06350708008,73.34762573242188,191434.71588134766,SPY,1170
2014-09-30,191004.15084838867,73.34762573242188,190930.80322265625,SPY,1170
2014-10-01,188416.62200927734,73.34762573242188,188343.27438354492,SPY,1170
2014-10-02,188445.73989868164,73.34762573242188,188372.39227294922,SPY,1170
2014-10-03,190519.57275390625,73.34762573242188,190446.22512817383,SPY,1170
2014-10-06,190296.68075561523,73.34762573242188,190223.3331298828,SPY,1170
2014-10-07,187360.36209106445,73.34762573242188,187287.01446533203,SPY,1170
2014-10-08,190635.8479309082,73.34762573242188,190562.50030517578,SPY,1170
2014-10-09,186856.43157958984,73.34762573242188,186783.08395385742,SPY,1170
2014-10-10,184724.41650390625,73.34762573242188,184651.06887817383,SPY,1170
2014-10-13,181691.1215209961,73.34762573242188,181617.77389526367,SPY,1170
2014-10-14,181972.2135925293,73.34762573242188,181898.86596679688,SPY,1170
2014-10-15,180741.33560180664,73.34762573242188,180667.98797607422,SPY,1170
2014-10-16,180586.3198852539,73.34762573242188,180512.97225952148,SPY,1170
2014-10-17,182718.3171081543,73.34762573242188,182644.96948242188,SPY,1170
2014-10-20,184491.81259155273,73.34762573242188,184418.4649658203,SPY,1170
2014-10-21,188145.33111572266,73.34762573242188,188071.98348999023,SPY,1170
2014-10-22,186807.94342041016,73.34762573242188,186734.59579467773,SPY,1170
2014-10-23,188978.71688842773,73.34762573242188,188905.3692626953,SPY,1170
2014-10-24,190432.3797607422,73.34762573242188,190359.03213500977,SPY,1170
2014-10-27,190170.7293701172,73.34762573242188,190097.38174438477,SPY,1170
2014-10-28,192351.17904663086,73.34762573242188,192277.83142089844,SPY,1170
2014-10-29,192060.48217773438,73.34762573242188,191987.13455200195,SPY,1170
2014-10-30,193291.1637878418,73.34762573242188,193217.81616210938,SPY,1170
2014-10-31,195500.73135375977,73.34762573242188,195427.38372802734,SPY,1170
2014-11-03,195607.33032226562,73.34762573242188,195533.9826965332,SPY,1170
2014-11-04,194928.92456054688,73.34762573242188,194855.57693481445,SPY,1170
2014-11-05,196159.6954345703,73.34762573242188,196086.3478088379,SPY,1170
2014-11-06,196944.66445922852,73.34762573242188,196871.3168334961,SPY,1170
2014-11-07,197128.83377075195,73.34762573242188,197055.48614501953,SPY,1170
2014-11-10,197748.9680480957,73.34762573242188,197675.62042236328,SPY,1170
2014-11-11,197942.83142089844,73.34762573242188,197869.48379516602,SPY,1170
2014-11-12,197729.65133666992,73.34762573242188,197656.3037109375,SPY,1170
2014-11-13,197952.54333496094,73.34762573242188,197879.19570922852,SPY,1170
2014-11-14,198000.97793579102,73.34762573242188,197927.6303100586,SPY,1170
2014-11-17,198126.96502685547,73.34762573242188,198053.61740112305,SPY,1170
2014-11-18,199270.54290771484,73.34762573242188,199197.19528198242,SPY,1170
2014-11-19,198950.69244384766,73.34762573242188,198877.34481811523,SPY,1170
2014-11-20,199299.55368041992,73.34762573242188,199226.2060546875,SPY,1170
2014-11-21,200365.56121826172,73.34762573242188,200292.2135925293,SPY,1170
2014-11-24,200927.6382446289,73.34762573242188,200854.29061889648,SPY,1170
2014-11-25,200782.24517822266,73.34762573242188,200708.89755249023,SPY,1170
2014-11-26,201295.90545654297,73.34762573242188,201222.55783081055,SPY,1170
2014-11-28,200869.49172973633,73.34762573242188,200796.1441040039,SPY,1170
2014-12-01,199473.97537231445,73.34762573242188,199400.62774658203,SPY,1170
2014-12-02,200762.91061401367,73.34762573242188,200689.56298828125,SPY,1170
2014-12-03,201538.11416625977,73.34762573242188,201464.76654052734,SPY,1170
2014-12-04,201315.27572631836,73.34762573242188,201241.92810058594,SPY,1170
2014-12-05,201644.78454589844,73.34762573242188,201571.43692016602,SPY,1170
2014-12-08,200297.70278930664,73.34762573242188,200224.35516357422,SPY,1170
2014-12-09,200162.0751953125,73.34762573242188,200088.72756958008,SPY,1170
2014-12-10,196954.3585205078,73.34762573242188,196881.0108947754,SPY,1170
2014-12-11,197952.54333496094,73.34762573242188,197879.19570922852,SPY,1170
2014-12-12,194754.53857421875,73.34762573242188,194681.19094848633,SPY,1170
2014-12-15,193417.13302612305,73.34762573242188,193343.78540039062,SPY,1170
2014-12-16,191866.56524658203,73.34762573242188,191793.2176208496,SPY,1170
2014-12-17,195626.6648864746,73.34762573242188,195553.3172607422,SPY,1170
2014-12-18,200462.46612548828,73.34762573242188,200389.11849975586,SPY,1170
2014-12-19,201315.11505126953,73.34762573242188,201241.7674255371,SPY,1170
2014-12-22,202240.83541870117,73.34762573242188,202167.48779296875,SPY,1170
2014-12-23,202513.69735717773,73.34762573242188,202440.3497314453,SPY,1170
2014-12-24,202533.15689086914,73.34762573242188,202459.80926513672,SPY,1170
2014-12-26,203186.03317260742,73.34762573242188,203112.685546875,SPY,1170
2014-12-29,203458.9308166504,73.34762573242188,203385.58319091797,SPY,1170
2014-12-30,202367.51876831055,73.34762573242188,202294.17114257812,SPY,1170
2014-12-31,200360.18753051758,73.34762573242188,200286.83990478516,SPY,1170
2015-01-02,200252.9637145996,73.34762573242188,200179.6160888672,SPY,1170
2015-01-05,196637.7751159668,73.34762573242188,196564.42749023438,SPY,1170
2015-01-06,194786.33438110352,73.34762573242188,194712.9867553711,SPY,1170
2015-01-07,197212.70614624023,73.34762573242188,197139.3585205078,SPY,1170
2015-01-08,200710.92330932617,73.34762573242188,200637.57568359375,SPY,1170
2015-01-09,199103.13735961914,73.34762573242188,199029.78973388672,SPY,1170
2015-01-12,197544.00024414062,73.34762573242188,197470.6526184082,SPY,1170
2015-01-13,196988.5823059082,73.34762573242188,196915.23468017578,SPY,1170
2015-01-14,195799.7119140625,73.34762573242188,195726.36428833008,SPY,1170
2015-01-15,194006.79260253906,73.34762573242188,193933.44497680664,SPY,1170
2015-01-16,196550.08224487305,73.34762573242188,196476.73461914062,SPY,1170
2015-01-20,196969.0692138672,73.34762573242188,196895.72158813477,SPY,1170
2015-01-21,197963.05862426758,73.34762573242188,197889.71099853516,SPY,1170
2015-01-22,200905.8399963379,73.34762573242188,200832.49237060547,SPY,1170
2015-01-23,199804.69818115234,73.34762573242188,199731.35055541992,SPY,1170
2015-01-26,200272.45895385742,73.34762573242188,200199.111328125,SPY,1170
2015-01-27,197631.74667358398,73.34762573242188,197558.39904785156,SPY,1170
2015-01-28,195098.2046508789,73.34762573242188,195024.85702514648,SPY,1170
2015-01-29,196900.92514038086,73.34762573242188,196827.57751464844,SPY,1170
2015-01-30,194425.7795715332,73.34762573242188,194352.43194580078,SPY,1170
2015-02-02,196832.72750854492,73.34762573242188,196759.3798828125,SPY,1170
2015-02-03,199678.06838989258,73.34762573242188,199604.72076416016,SPY,1170
2015-02-04,198918.03970336914,73.34762573242188,198844.69207763672,SPY,1170
2015-02-05,200925.2816772461,73.34762573242188,200851.93405151367,SPY,1170
2015-02-06,200369.88159179688,73.34762573242188,200296.53396606445,SPY,1170
2015-02-09,199473.42193603516,73.34762573242188,199400.07431030273,SPY,1170
2015-02-10,201597.6889038086,73.34762573242188,201524.34127807617,SPY,1170
2015-02-11,201714.64248657227,73.34762573242188,201641.29486083984,SPY,1170
2015-02-12,203653.7939453125,73.34762573242188,203580.44631958008,SPY,1170
2015-02-13,204491.8214416504,73.34762573242188,204418.47381591797,SPY,1170
2015-02-17,204813.31436157227,73.34762573242188,204739.96673583984,SPY,1170
2015-02-18,204832.8631591797,73.34762573242188,204759.51553344727,SPY,1170
2015-02-19,204686.7024230957,73.34762573242188,204613.35479736328,SPY,1170
2015-02-20,205914.49188232422,73.34762573242188,205841.1442565918,SPY,1170
2015-02-23,205885.2490234375,73.34762573242188,205811.90139770508,SPY,1170
2015-02-24,206469.89196777344,73.34762573242188,206396.54434204102,SPY,1170
2015-02-25,206294.54193115234,73.34762573242188,206221.19430541992,SPY,1170
2015-02-26,206050.9407043457,73.34762573242188,205977.59307861328,SPY,1170
2015-02-27,205349.3263244629,73.34762573242188,205275.97869873047,SPY,1170
2015-03-02,206645.33126831055,73.34762573242188,206571.98364257812,SPY,1170
2015-03-03,205797.48474121094,73.34762573242188,205724.13711547852,SPY,1170
2015-03-04,204930.30364990234,73.34762573242188,204856.95602416992,SPY,1170
2015-03-05,205154.46319580078,73.34762573242188,205081.11557006836,SPY,1170
2015-03-06,202270.02471923828,73.34762573242188,202196.67709350586,SPY,1170
2015-03-09,203108.12362670898,73.34762573242188,203034.77600097656,SPY,1170
2015-03-10,199814.46365356445,73.34762573242188,199741.11602783203,SPY,1170
2015-03-11,199346.73858642578,73.34762573242188,199273.39096069336,SPY,1170
2015-03-12,201880.24490356445,73.34762573242188,201806.89727783203,SPY,1170
2015-03-13,200642.70782470703,73.34762573242188,200569.3601989746,SPY,1170
2015-03-16,203322.4462890625,73.34762573242188,203249.09866333008,SPY,1170
2015-03-17,202718.30810546875,73.34762573242188,202644.96047973633,SPY,1170
2015-03-18,205154.46319580078,73.34762573242188,205081.11557006836,SPY,1170
2015-03-19,204218.94165039062,73.34762573242188,204145.5940246582,SPY,1170
2015-03-20,206020.94802856445,73.34762573242188,205947.60040283203,SPY,1170
2015-03-23,205619.5817565918,73.34762573242188,205546.23413085938,SPY,1170
2015-03-24,204464.66735839844,73.34762573242188,204391.31973266602,SPY,1170
2015-03-25,201469.45236206055,73.34762573242188,201396.10473632812,SPY,1170
2015-03-26,200989.9087524414,73.34762573242188,200916.56112670898,SPY,1170
2015-03-27,201450.01068115234,73.34762573242188,201376.66305541992,SPY,1170
2015-03-30,203906.66076660156,73.34762573242188,203833.31314086914,SPY,1170
2015-03-31,202125.31005859375,73.34762573242188,202051.96243286133,SPY,1170
2015-04-01,201410.8595275879,73.34762573242188,201337.51190185547,SPY,1170
2015-04-02,202135.11123657227,73.34762573242188,202061.76361083984,SPY,1170
2015-04-06,203495.6182861328,73.34762573242188,203422.2706604004,SPY,1170
2015-04-07,202957.26760864258,73.34762573242188,202883.91998291016,SPY,1170
2015-04-08,203642.45742797852,73.34762573242188,203569.1098022461,SPY,1170
2015-04-09,204542.91610717773,73.34762573242188,204469.5684814453,SPY,1170
2015-04-10,205658.73291015625,73.34762573242188,205585.38528442383,SPY,1170
2015-04-13,204728.9421081543,73.34762573242188,204655.59448242188,SPY,1170
2015-04-14,205120.43579101562,73.34762573242188,205047.0881652832,SPY,1170
2015-04-15,206040.49682617188,73.34762573242188,205967.14920043945,SPY,1170
2015-04-16,205981.7611694336,73.34762573242188,205908.41354370117,SPY,1170
2015-04-17,203613.07174682617,73.34762573242188,203539.72412109375,SPY,1170
2015-04-20,205472.8318786621,73.34762573242188,205399.4842529297,SPY,1170
2015-04-21,205228.05236816406,73.34762573242188,205154.70474243164,SPY,1170
2015-04-22,206236.21688842773,73.34762573242188,206162.8692626953,SPY,1170
2015-04-23,206755.05447387695,73.34762573242188,206681.70684814453,SPY,1170
2015-04-24,207234.6694946289,73.34762573242188,207161.32186889648,SPY,1170
2015-04-27,206373.27270507812,73.34762573242188,206299.9250793457,SPY,1170
2015-04-28,207029.07684326172,73.34762573242188,206955.7292175293,SPY,1170
2015-04-29,206177.55264282227,73.34762573242188,206104.20501708984,SPY,1170
2015-04-30,204112.23556518555,73.34762573242188,204038.88793945312,SPY,1170
2015-05-01,206324.32037353516,73.34762573242188,206250.97274780273,SPY,1170
2015-05-04,206911.67694091797,73.34762573242188,206838.32931518555,SPY,1170
2015-05-05,204542.91610717773,73.34762573242188,204469.5684814453,SPY,1170
2015-05-06,203701.2109375,73.34762573242188,203627.86331176758,SPY,1170
2015-05-07,204513.5482788086,73.34762573242188,204440.20065307617,SPY,1170
2015-05-08,207205.17669677734,73.34762573242188,207131.82907104492,SPY,1170
2015-05-11,206216.70379638672,73.34762573242188,206143.3561706543,SPY,1170
2015-05-12,205600.03295898438,73.34762573242188,205526.68533325195,SPY,1170
2015-05-13,205639.14840698242,73.34762573242188,205565.80078125,SPY,1170
2015-05-14,207782.74993896484,73.34762573242188,207709.40231323242,SPY,1170
2015-05-15,208007.81997680664,73.34762573242188,207934.47235107422,SPY,1170
2015-05-18,208653.85864257812,73.34762573242188,208580.5110168457,SPY,1170
2015-05-19,208585.28610229492,73.34762573242188,208511.9384765625,SPY,1170
2015-05-20,208438.50051879883,73.34762573242188,208365.1528930664,SPY,1170
2015-05-21,209045.38803100586,73.34762573242188,208972.04040527344,SPY,1170
2015-05-22,208546.22421264648,73.34762573242188,208472.87658691406,SPY,1170
2015-05-26,206304.70016479492,73.34762573242188,206231.3525390625,SPY,1170
2015-05-27,208262.3471069336,73.34762573242188,208188.99948120117,SPY,1170
2015-05-28,208027.45803833008,73.34762573242188,207954.11041259766,SPY,1170
2015-05-29,206735.46997070312,73.34762573242188,206662.1223449707,SPY,1170
2015-06-01,207156.2957763672,73.34762573242188,207082.94815063477,SPY,1170
2015-06-02,206950.7745361328,73.34762573242188,206877.4269104004,SPY,1170
2015-06-03,207498.92639160156,73.34762573242188,207425.57876586914,SPY,1170
2015-06-04,205746.85424804688,73.34762573242188,205673.50662231445,SPY,1170
2015-06-05,205394.5652770996,73.34762573242188,205321.2176513672,SPY,1170
2015-06-08,204131.83792114258,73.34762573242188,204058.49029541016,SPY,1170
2015-06-09,204102.47009277344,73.34762573242188,204029.12246704102,SPY,1170
2015-06-10,206549.47967529297,73.34762573242188,206476.13204956055,SPY,1170
2015-06-11,207215.08499145508,73.34762573242188,207141.73736572266,SPY,1170
2015-06-12,205629.3829345703,73.34762573242188,205556.0353088379,SPY,1170
2015-06-15,204748.49090576172,73.34762573242188,204675.1432800293,SPY,1170
2015-06-16,205864.34341430664,73.34762573242188,205790.99578857422,SPY,1170
2015-06-17,206197.1192932129,73.34762573242188,206123.77166748047,SPY,1170
2015-06-18,208340.6494140625,73.34762573242188,208267.30178833008,SPY,1170
2015-06-19,207416.14303588867,73.34762573242188,207342.79541015625,SPY,1170
2015-06-22,208478.3479309082,73.34762573242188,208405.00030517578,SPY,1170
2015-06-23,208625.84762573242,73.34762573242188,208552.5,SPY,1170
2015-06-24,207111.1639404297,73.34762573242188,207037.81631469727,SPY,1170
2015-06-25,206481.7105102539,73.34762573242188,206408.36288452148,SPY,1170
2015-06-26,206442.34512329102,73.34762573242188,206368.9974975586,SPY,1170
2015-06-29,202114.7412109375,73.34762573242188,202041.39358520508,SPY,1170
2015-06-30,202537.65579223633,73.34762573242188,202464.3081665039,SPY,1170
2015-07-01,204160.5451965332,73.34762573242188,204087.19757080078,SPY,1170
2015-07-02,203973.6979675293,73.34762573242188,203900.35034179688,SPY,1170
2015-07-06,203393.3396911621,73.34762573242188,203319.9920654297,SPY,1170
2015-07-07,204671.97387695312,73.34762573242188,204598.6262512207,SPY,1170
2015-07-08,201239.38354492188,73.34762573242188,201166.03591918945,SPY,1170
2015-07-09,201603.33038330078,73.34762573242188,201529.98275756836,SPY,1170
2015-07-10,204140.85357666016,73.34762573242188,204067.50595092773,SPY,1170
2015-07-13,206393.28567504883,73.34762573242188,206319.9380493164,SPY,1170
2015-07-14,207288.20999145508,73.34762573242188,207214.86236572266,SPY,1170
2015-07-15,207219.42321777344,73.34762573242188,207146.07559204102,SPY,1170
2015-07-16,208881.51733398438,73.34762573242188,208808.16970825195,SPY,1170
2015-07-17,209058.61694335938,73.34762573242188,208985.26931762695,SPY,1170
2015-07-20,209166.82266235352,73.34762573242188,209093.4750366211,SPY,1170
2015-07-21,208340.6315612793,73.34762573242188,208267.28393554688,SPY,1170
2015-07-22,207966.82998657227,73.34762573242188,207893.48236083984,SPY,1170
2015-07-23,206796.4907836914,73.34762573242188,206723.14315795898,SPY,1170
2015-07-24,204652.31796264648,73.34762573242188,204578.97033691406,SPY,1170
2015-07-27,203462.21572875977,73.34762573242188,203388.86810302734,SPY,1170
2015-07-28,205960.48065185547,73.34762573242188,205887.13302612305,SPY,1170
2015-07-29,207376.77764892578,73.34762573242188,207303.43002319336,SPY,1170
2015-07-30,207425.9620666504,73.34762573242188,207352.61444091797,SPY,1170
2015-07-31,207111.1639404297,73.34762573242188,207037.81631469727,SPY,1170
2015-08-03,206412.83447265625,73.34762573242188,206339.48684692383,SPY,1170
2015-08-04,206009.61151123047,73.34762573242188,205936.26388549805,SPY,1170
2015-08-05,206688.24935913086,73.34762573242188,206614.90173339844,SPY,1170
2015-08-06,204996.59103393555,73.34762573242188,204923.24340820312,SPY,1170
2015-08-07,204603.13354492188,73.34762573242188,204529.78591918945,SPY,1170
2015-08-10,207180.07568359375,73.34762573242188,207106.72805786133,SPY,1170
2015-08-11,205311.28204345703,73.34762573242188,205237.9344177246,SPY,1170
2015-08-12,205557.16842651367,73.34762573242188,205483.82080078125,SPY,1170
2015-08-13,205301.4451599121,73.34762573242188,205228.0975341797,SPY,1170
2015-08-14,206048.99475097656,73.34762573242188,205975.64712524414,SPY,1170
2015-08-17,207199.7494506836,73.34762573242188,207126.40182495117,SPY,1170
2015-08-18,206599.77096557617,73.34762573242188,206526.42333984375,SPY,1170
2015-08-19,204967.04467773438,73.34762573242188,204893.69705200195,SPY,1170
2015-08-20,200688.60733032227,73.34762573242188,200615.25970458984,SPY,1170
2015-08-21,194649.58206176758,73.34762573242188,194576.23443603516,SPY,1170
2015-08-24,186456.60064697266,73.34762573242188,186383.25302124023,SPY,1170
2015-08-25,184263.24340820312,73.34762573242188,184189.8957824707,SPY,1170
2015-08-26,191335.0700378418,73.34762573242188,191261.72241210938,SPY,1170
2015-08-27,196065.9147644043,73.34762573242188,195992.56713867188,SPY,1170
2015-08-28,196075.73379516602,73.34762573242188,196002.3861694336,SPY,1170
2015-08-31,194492.19192504883,73.34762573242188,194418.8442993164,SPY,1170
2015-09-01,188689.26971435547,73.34762573242188,188615.92208862305,SPY,1170
2015-09-02,192269.41329956055,73.34762573242188,192196.06567382812,SPY,1170
2015-09-03,192407.07611083984,73.34762573242188,192333.72848510742,SPY,1170
2015-09-04,189495.78704833984,73.34762573242188,189422.43942260742,SPY,1170
2015-09-08,194256.1602783203,73.34762573242188,194182.8126525879,SPY,1170
2015-09-09,191659.5622253418,73.34762573242188,191586.21459960938,SPY,1170
2015-09-10,192702.2004699707,73.34762573242188,192628.85284423828,SPY,1170
2015-09-11,193577.48672485352,73.34762573242188,193504.1390991211,SPY,1170
2015-09-14,192859.51919555664,73.34762573242188,192786.17156982422,SPY,1170
2015-09-15,195269.28787231445,73.34762573242188,195195.94024658203,SPY,1170
2015-09-16,196960.89263916016,73.34762573242188,196887.54501342773,SPY,1170
2015-09-17,196518.3578491211,73.34762573242188,196445.01022338867,SPY,1170
2015-09-18,193308.19534301758,73.34762573242188,193234.84771728516,SPY,1170
2015-09-21,194306.66580200195,73.34762573242188,194233.31817626953,SPY,1170
2015-09-22,191785.63858032227,73.34762573242188,191712.29095458984,SPY,1170
2015-09-23,191479.1062927246,73.34762573242188,191405.7586669922,SPY,1170
2015-09-24,190787.04315185547,73.34762573242188,190713.69552612305,SPY,1170
2015-09-25,190737.64450073242,73.34762573242188,190664.296875,SPY,1170
2015-09-28,185952.4559020996,73.34762573242188,185879.1082763672,SPY,1170
2015-09-29,186061.17935180664,73.34762573242188,185987.83172607422,SPY,1170
2015-09-30,189531.42120361328,73.34762573242188,189458.07357788086,SPY,1170
2015-10-01,190025.7647705078,73.34762573242188,189952.4171447754,SPY,1170
2015-10-02,192863.2325744629,73.34762573242188,192789.88494873047,SPY,1170
2015-10-05,196293.9483642578,73.34762573242188,196220.6007385254,SPY,1170
2015-10-06,195621.59469604492,73.34762573242188,195548.2470703125,SPY,1170
2015-10-07,197223.27499389648,73.34762573242188,197149.92736816406,SPY,1170
2015-10-08,199002.8582763672,73.34762573242188,198929.51065063477,SPY,1170
2015-10-09,199121.50787353516,73.34762573242188,199048.16024780273,SPY,1170
2015-10-12,199309.28344726562,73.34762573242188,199235.9358215332,SPY,1170
2015-10-13,198053.71505737305,73.34762573242188,197980.36743164062,SPY,1170
2015-10-14,197104.62539672852,73.34762573242188,197031.2777709961,SPY,1170
2015-10-15,200129.94018554688,73.34762573242188,200056.59255981445,SPY,1170
2015-10-16,201039.5037841797,73.34762573242188,200966.15615844727,SPY,1170
2015-10-19,201138.3546447754,73.34762573242188,201065.00701904297,SPY,1170
2015-10-20,200881.3102722168,73.34762573242188,200807.96264648438,SPY,1170
2015-10-21,199635.59661865234,73.34762573242188,199562.24899291992,SPY,1170
2015-10-22,203006.93405151367,73.34762573242188,202933.58642578125,SPY,1170
2015-10-23,205231.44439697266,73.34762573242188,205158.09677124023,SPY,1170
2015-10-26,204727.2639465332,73.34762573242188,204653.91632080078,SPY,1170
2015-10-27,204331.75338745117,73.34762573242188,204258.40576171875,SPY,1170
2015-10-28,206655.09674072266,73.34762573242188,206581.74911499023,SPY,1170
2015-10-29,206536.4649963379,73.34762573242188,206463.11737060547,SPY,1170
2015-10-30,205646.70013427734,73.34762573242188,205573.35250854492,SPY,1170
2015-11-02,208078.83834838867,73.34762573242188,208005.49072265625,SPY,1170
2015-11-03,208681.86965942383,73.34762573242188,208608.5220336914,SPY,1170
2015-11-04,208049.09561157227,73.34762573242188,207975.74798583984,SPY,1170
2015-11-05,207841.55700683594,73.34762573242188,207768.20938110352,SPY,1170
2015-11-06,207732.7442932129,73.34762573242188,207659.39666748047,SPY,1170
2015-11-09,205795.0032043457,73.34762573242188,205721.65557861328,SPY,1170
2015-11-10,206269.47662353516,73.34762573242188,206196.12899780273,SPY,1170
2015-11-11,205458.87100219727,73.34762573242188,205385.52337646484,SPY,1170
2015-11-12,202591.67831420898,73.34762573242188,202518.33068847656,SPY,1170
2015-11-13,200317.76931762695,73.34762573242188,200244.42169189453,SPY,1170
2015-11-16,203362.84713745117,73.34762573242188,203289.49951171875,SPY,1170
2015-11-17,203214.5440673828,73.34762573242188,203141.1964416504,SPY,1170
2015-11-18,206437.6498413086,73.34762573242188,206364.30221557617,SPY,1170
2015-11-19,206259.67544555664,73.34762573242188,206186.32781982422,SPY,1170
2015-11-20,207011.04553222656,73.34762573242188,206937.69790649414,SPY,1170
2015-11-23,206773.83560180664,73.34762573242188,206700.48797607422,SPY,1170
2015-11-24,207050.57159423828,73.34762573242188,206977.22396850586,SPY,1170
2015-11-25,207020.9002685547,73.34762573242188,206947.55264282227,SPY,1170
2015-11-27,207258.19946289062,73.34762573242188,207184.8518371582,SPY,1170
2015-11-30,206398.07022094727,73.34762573242188,206324.72259521484,SPY,1170
2015-12-01,208365.48263549805,73.34762573242188,208292.13500976562,SPY,1170
2015-12-02,206239.89456176758,73.34762573242188,206166.54693603516,SPY,1170
2015-12-03,203352.99240112305,73.34762573242188,203279.64477539062,SPY,1170
2015-12-04,207317.55996704102,73.34762573242188,207244.2123413086,SPY,1170
2015-12-07,206061.93801879883,73.34762573242188,205988.5903930664,SPY,1170
2015-12-08,204677.79388427734,73.34762573242188,204604.44625854492,SPY,1170
2015-12-09,203086.03973388672,73.34762573242188,203012.6921081543,SPY,1170
2015-12-10,203610.05462646484,73.34762573242188,203536.70700073242,SPY,1170
2015-12-11,199665.26794433594,73.34762573242188,199591.92031860352,SPY,1170
2015-12-14,200673.66455078125,73.34762573242188,200600.31692504883,SPY,1170
2015-12-15,202779.48959350586,73.34762573242188,202706.14196777344,SPY,1170
2015-12-16,205745.58670043945,73.34762573242188,205672.23907470703,SPY,1170
2015-12-17,202611.49490356445,73.34762573242188,202538.14727783203,SPY,1170
2015-12-18,199003.25103759766,73.34762573242188,198929.90341186523,SPY,1170
2015-12-21,200644.2967224121,73.34762573242188,200570.9490966797,SPY,1170
2015-12-22,202464.28085327148,73.34762573242188,202390.93322753906,SPY,1170
2015-12-23,204970.50811767578,73.34762573242188,204897.16049194336,SPY,1170
2015-12-24,204632.3585510254,73.34762573242188,204559.01092529297,SPY,1170
2015-12-28,204165.0440979004,73.34762573242188,204091.69647216797,SPY,1170
2015-12-29,206343.03009033203,73.34762573242188,206269.6824645996,SPY,1170
2015-12-30,204881.08352661133,73.34762573242188,204807.7359008789,SPY,1170
2015-12-31,202832.2981262207,73.34762573242188,202758.95050048828,SPY,1170
2016-01-04,199997.81173706055,73.34762573242188,199924.46411132812,SPY,1170
2016-01-05,200335.90774536133,73.34762573242188,200262.5601196289,SPY,1170
2016-01-06,197809.79248046875,73.34762573242188,197736.44485473633,SPY,1170
2016-01-07,193065.80810546875,73.34762573242188,192992.46047973633,SPY,1170
2016-01-08,190947.41470336914,73.34762573242188,190874.06707763672,SPY,1170
2016-01-11,191136.36856079102,73.34762573242188,191063.0209350586,SPY,1170
2016-01-12,192677.93853759766,73.34762573242188,192604.59091186523,SPY,1170
2016-01-13,187874.2366027832,73.34762573242188,187800.88897705078,SPY,1170
2016-01-14,190957.37655639648,73.34762573242188,190884.02893066406,SPY,1170
2016-01-15,186859.77005004883,73.34762573242188,186786.4224243164,SPY,1170
2016-01-19,187108.42361450195,73.34762573242188,187035.07598876953,SPY,1170
2016-01-20,184711.5803527832,73.34762573242188,184638.23272705078,SPY,1170
2016-01-21,185745.84564208984,73.34762573242188,185672.49801635742,SPY,1170
2016-01-22,189555.0047302246,73.34762573242188,189481.6571044922,SPY,1170
2016-01-25,186690.75775146484,73.34762573242188,186617.41012573242,SPY,1170
2016-01-26,189236.8145751953,73.34762573242188,189163.4669494629,SPY,1170
2016-01-27,187178.08517456055,73.34762573242188,187104.73754882812,SPY,1170
2016-01-28,188152.68646240234,73.34762573242188,188079.33883666992,SPY,1170
2016-01-29,192737.6025390625,73.34762573242188,192664.25491333008,SPY,1170
2016-02-01,192667.99453735352,73.34762573242188,192594.6469116211,SPY,1170
2016-02-02,189197.00286865234,73.34762573242188,189123.65524291992,SPY,1170
2016-02-03,190330.7795715332,73.34762573242188,190257.43194580078,SPY,1170
2016-02-04,190629.17098999023,73.34762573242188,190555.8233642578,SPY,1170
2016-02-05,186999.09317016602,73.34762573242188,186925.7455444336,SPY,1170
2016-02-08,184482.79693603516,73.34762573242188,184409.44931030273,SPY,1170
2016-02-09,184492.7587890625,73.34762573242188,184419.41116333008,SPY,1170
2016-02-10,184333.63693237305,73.34762573242188,184260.28930664062,SPY,1170
2016-02-11,181936.7758178711,73.34762573242188,181863.42819213867,SPY,1170
2016-02-12,185686.2530517578,73.34762573242188,185612.9054260254,SPY,1170
2016-02-16,188819.0773010254,73.34762573242188,188745.72967529297,SPY,1170
2016-02-17,191902.16369628906,73.34762573242188,191828.81607055664,SPY,1170
2016-02-18,191116.42700195312,73.34762573242188,191043.0793762207,SPY,1170
2016-02-19,191027.00241088867,73.34762573242188,190953.65478515625,SPY,1170
2016-02-22,193791.79153442383,73.34762573242188,193718.4439086914,SPY,1170
2016-02-23,191345.26397705078,73.34762573242188,191271.91635131836,SPY,1170
2016-02-24,192220.44311523438,73.34762573242188,192147.09548950195,SPY,1170
2016-02-25,194547.66052246094,73.34762573242188,194474.31289672852,SPY,1170
2016-02-26,194100.126953125,73.34762573242188,194026.77932739258,SPY,1170
2016-02-29,192578.46282958984,73.34762573242188,192505.11520385742,SPY,1170
2016-03-01,197103.66134643555,73.34762573242188,197030.31372070312,SPY,1170
2016-03-02,197988.8201904297,73.34762573242188,197915.47256469727,SPY,1170
2016-03-03,198764.55932617188,73.34762573242188,198691.21170043945,SPY,1170
2016-03-04,199410.95504760742,73.34762573242188,199337.607421875,SPY,1170
2016-03-07,199570.11260986328,73.34762573242188,199496.76498413086,SPY,1170
2016-03-08,197392.07305908203,73.34762573242188,197318.7254333496,SPY,1170
2016-03-09,198366.74575805664,73.34762573242188,198293.39813232422,SPY,1170
2016-03-10,198525.8676147461,73.34762573242188,198452.51998901367,SPY,1170
2016-03-11,201728.33557128906,73.34762573242188,201654.98794555664,SPY,1170
2016-03-14,201469.755859375,73.34762573242188,201396.40823364258,SPY,1170
2016-03-15,201141.56814575195,73.34762573242188,201068.22052001953,SPY,1170
2016-03-16,202305.14114379883,73.34762573242188,202231.7935180664,SPY,1170
2016-03-17,203588.1314086914,73.34762573242188,203514.78378295898,SPY,1170
2016-03-18,204387.900390625,73.34762573242188,204314.55276489258,SPY,1170
2016-03-21,204677.81173706055,73.34762573242188,204604.46411132812,SPY,1170
2016-03-22,204567.76718139648,73.34762573242188,204494.41955566406,SPY,1170
2016-03-23,203218.27529907227,73.34762573242188,203144.92767333984,SPY,1170
2016-03-24,203128.2615661621,73.34762573242188,203054.9139404297,SPY,1170
2016-03-28,203248.2322692871,73.34762573242188,203174.8846435547,SPY,1170
2016-03-29,205127.61260986328,73.34762573242188,205054.26498413086,SPY,1170
2016-03-30,206027.32147216797,73.34762573242188,205953.97384643555,SPY,1170
2016-03-31,205527.49710083008,73.34762573242188,205454.14947509766,SPY,1170
2016-04-01,206927.08389282227,73.34762573242188,206853.73626708984,SPY,1170
2016-04-04,206257.28317260742,73.34762573242188,206183.935546875,SPY,1170
2016-04-05,204197.92892456055,73.34762573242188,204124.58129882812,SPY,1170
2016-04-06,206427.22381591797,73.34762573242188,206353.87619018555,SPY,1170
2016-04-07,203958.02322387695,73.34762573242188,203884.67559814453,SPY,1170
2016-04-08,204507.8175354004,73.34762573242188,204434.46990966797,SPY,1170
2016-04-11,204027.98828125,73.34762573242188,203954.64065551758,SPY,1170
2016-04-12,205927.38159179688,73.34762573242188,205854.03396606445,SPY,1170
2016-04-13,208006.71310424805,73.34762573242188,207933.36547851562,SPY,1170
2016-04-14,208016.6928100586,73.34762573242188,207943.34518432617,SPY,1170
2016-04-15,207786.74896240234,73.34762573242188,207713.40133666992,SPY,1170
2016-04-18,209246.26754760742,73.34762573242188,209172.919921875,SPY,1170
2016-04-19,209906.07070922852,73.34762573242188,209832.7230834961,SPY,1170
2016-04-20,210106.11114501953,73.34762573242188,210032.7635192871,SPY,1170
2016-04-21,208976.35131835938,73.34762573242188,208903.00369262695,SPY,1170
2016-04-22,208976.35131835938,73.34762573242188,208903.00369262695,SPY,1170
2016-04-25,208616.49276733398,73.34762573242188,208543.14514160156,SPY,1170
2016-04-26,208926.39923095703,73.34762573242188,208853.0516052246,SPY,1170
2016-04-27,209356.29425048828,73.34762573242188,209282.94662475586,SPY,1170
2016-04-28,207456.8830871582,73.34762573242188,207383.53546142578,SPY,1170
2016-04-29,206337.22793579102,73.34762573242188,206263.8803100586,SPY,1170
2016-05-02,207976.7204284668,73.34762573242188,207903.37280273438,SPY,1170
2016-05-03,206167.30514526367,73.34762573242188,206093.95751953125,SPY,1170
2016-05-04,205017.71087646484,73.34762573242188,204944.36325073242,SPY,1170
2016-05-05,204977.64923095703,73.34762573242188,204904.3016052246,SPY,1170
2016-05-06,205727.43041992188,73.34762573242188,205654.08279418945,SPY,1170
2016-05-09,205897.40676879883,73.34762573242188,205824.0591430664,SPY,1170
2016-05-10,208456.5675354004,73.34762573242188,208383.21990966797,SPY,1170
2016-05-11,206507.20428466797,73.34762573242188,206433.85665893555,SPY,1170
2016-05-12,206567.24319458008,73.34762573242188,206493.89556884766,SPY,1170
2016-05-13,204767.7719116211,73.34762573242188,204694.42428588867,SPY,1170
2016-05-16,206787.11807250977,73.34762573242188,206713.77044677734,SPY,1170
2016-05-17,204857.76779174805,73.34762573242188,204784.42016601562,SPY,1170
2016-05-18,204917.68173217773,73.34762573242188,204844.3341064453,SPY,1170
2016-05-19,204207.9264831543,73.34762573242188,204134.57885742188,SPY,1170
2016-05-20,205497.55798339844,73.34762573242188,205424.21035766602,SPY,1170
2016-05-23,205217.66204833984,73.34762573242188,205144.31442260742,SPY,1170
2016-05-24,207876.7626953125,73.34762573242188,207803.41506958008,SPY,1170
2016-05-25,209286.32919311523,73.34762573242188,209212.9815673828,SPY,1170
2016-05-26,209346.29669189453,73.34762573242188,209272.9490661621,SPY,1170
2016-05-27,210246.00555419922,73.34762573242188,210172.6579284668,SPY,1170
2016-05-31,209846.13891601562,73.34762573242188,209772.7912902832,SPY,1170
2016-06-01,210275.98037719727,73.34762573242188,210202.63275146484,SPY,1170
2016-06-02,210915.82412719727,73.34762573242188,210842.47650146484,SPY,1170
2016-06-03,210285.97793579102,73.34762573242188,210212.6303100586,SPY,1170
2016-06-06,211355.60958862305,73.34762573242188,211282.26196289062,SPY,1170
2016-06-07,211685.5647277832,73.34762573242188,211612.21710205078,SPY,1170
2016-06-08,212375.30700683594,73.34762573242188,212301.95938110352,SPY,1170
2016-06-09,212085.4135131836,73.34762573242188,212012.06588745117,SPY,1170
2016-06-10,210076.01135253906,73.34762573242188,210002.66372680664,SPY,1170
2016-06-13,208456.5675354004,73.34762573242188,208383.21990966797,SPY,1170
2016-06-14,208046.70333862305,73.34762573242188,207973.35571289062,SPY,1170
2016-06-15,207756.8098449707,73.34762573242188,207683.46221923828,SPY,1170
2016-06-16,208376.51565551758,73.34762573242188,208303.16802978516,SPY,1170
2016-06-17,207600.8122253418,73.34762573242188,207527.46459960938,SPY,1170
2016-06-20,208937.30728149414,73.34762573242188,208863.95965576172,SPY,1170
2016-06-21,209530.19821166992,73.34762573242188,209456.8505859375,SPY,1170
2016-06-22,209188.60305786133,73.34762573242188,209115.2554321289,SPY,1170
2016-06-23,211911.7416381836,73.34762573242188,211838.39401245117,SPY,1170
2016-06-24,204304.79568481445,73.34762573242188,204231.44805908203,SPY,1170
2016-06-27,200647.0639038086,73.34762573242188,200573.71627807617,SPY,1170
2016-06-28,204264.66262817383,73.34762573242188,204191.3150024414,SPY,1170
2016-06-29,207741.49215698242,73.34762573242188,207668.14453125,SPY,1170
2016-06-30,210575.30014038086,73.34762573242188,210501.95251464844,SPY,1170
2016-07-01,211017.44216918945,73.34762573242188,210944.09454345703,SPY,1170
2016-07-05,209500.08056640625,73.34762573242188,209426.73294067383,SPY,1170
2016-07-06,210756.1309814453,73.34762573242188,210682.7833557129,SPY,1170
2016-07-07,210625.53787231445,73.34762573242188,210552.19024658203,SPY,1170
2016-07-08,213760.73654174805,73.34762573242188,213687.38891601562,SPY,1170
2016-07-11,214514.39178466797,73.34762573242188,214441.04415893555,SPY,1170
2016-07-12,216071.9578552246,73.34762573242188,215998.6102294922,SPY,1170
2016-07-13,216041.82235717773,73.34762573242188,215968.4747314453,SPY,1170
2016-07-14,217247.5993347168,73.34762573242188,217174.25170898438,SPY,1170
2016-07-15,216956.2240600586,73.34762573242188,216882.87643432617,SPY,1170
2016-07-18,217539.0460205078,73.34762573242188,217465.6983947754,SPY,1170
2016-07-19,217317.97500610352,73.34762573242188,217244.6273803711,SPY,1170
2016-07-20,218222.37915039062,73.34762573242188,218149.0315246582,SPY,1170
2016-07-21,217398.4017944336,73.34762573242188,217325.05416870117,SPY,1170
2016-07-22,218373.1101989746,73.34762573242188,218299.7625732422,SPY,1170
2016-07-25,217780.29067993164,73.34762573242188,217706.94305419922,SPY,1170
2016-07-26,217880.71258544922,73.34762573242188,217807.3649597168,SPY,1170
2016-07-27,217649.60830688477,73.34762573242188,217576.26068115234,SPY,1170
2016-07-28,217900.79696655273,73.34762573242188,217827.4493408203,SPY,1170
2016-07-29,218252.4789428711,73.34762573242188,218179.13131713867,SPY,1170
2016-08-01,218071.66595458984,73.34762573242188,217998.31832885742,SPY,1170
2016-08-02,216674.88204956055,73.34762573242188,216601.53442382812,SPY,1170
2016-08-03,217307.97744750977,73.34762573242188,217234.62982177734,SPY,1170
2016-08-04,217539.0460205078,73.34762573242188,217465.6983947754,SPY,1170
2016-08-05,219317.73666381836,73.34762573242188,219244.38903808594,SPY,1170
2016-08-08,219187.1257019043,73.34762573242188,219113.77807617188,SPY,1170
2016-08-09,219317.73666381836,73.34762573242188,219244.38903808594,SPY,1170
2016-08-10,218775.10131835938,73.34762573242188,218701.75369262695,SPY,1170
2016-08-11,219790.01419067383,73.34762573242188,219716.6665649414,SPY,1170
2016-08-12,219599.0786743164,73.34762573242188,219525.73104858398,SPY,1170
2016-08-15,220232.12051391602,73.34762573242188,220158.7728881836,SPY,1170
2016-08-16,219096.64779663086,73.34762573242188,219023.30017089844,SPY,1170
2016-08-17,219508.61862182617,73.34762573242188,219435.27099609375,SPY,1170
2016-08-18,220001.01623535156,73.34762573242188,219927.66860961914,SPY,1170
2016-08-19,219679.45190429688,73.34762573242188,219606.10427856445,SPY,1170
2016-08-22,219669.45434570312,73.34762573242188,219596.1067199707,SPY,1170
2016-08-23,220111.59637451172,73.34762573242188,220038.2487487793,SPY,1170
2016-08-24,218986.1212158203,73.34762573242188,218912.7735900879,SPY,1170
2016-08-25,218835.33660888672,73.34762573242188,218761.9889831543,SPY,1170
2016-08-26,218423.3836364746,73.34762573242188,218350.0360107422,SPY,1170
2016-08-29,219498.67462158203,73.34762573242188,219425.3269958496,SPY,1170
2016-08-30,219136.8879699707,73.34762573242188,219063.54034423828,SPY,1170
2016-08-31,218513.80798339844,73.34762573242188,218440.46035766602,SPY,1170
2016-09-01,218523.8591003418,73.34762573242188,218450.51147460938,SPY,1170
2016-09-02,219508.61862182617,73.34762573242188,219435.27099609375,SPY,1170
2016-09-06,220171.86737060547,73.34762573242188,220098.51974487305,SPY,1170
2016-09-07,220151.76513671875,73.34762573242188,220078.41751098633,SPY,1170
2016-09-08,219649.3342590332,73.34762573242188,219575.98663330078,SPY,1170
2016-09-09,214393.76052856445,73.34762573242188,214320.41290283203,SPY,1170
2016-09-12,217468.6703491211,73.34762573242188,217395.32272338867,SPY,1170
2016-09-13,214343.59420776367,73.34762573242188,214270.24658203125,SPY,1170
2016-09-14,214263.1495666504,73.34762573242188,214189.80194091797,SPY,1170
2016-09-15,216403.55545043945,73.34762573242188,216330.20782470703,SPY,1170
2016-09-16,215567.27752685547,73.34762573242188,215493.92990112305,SPY,1170
2016-09-19,215607.71408081055,73.34762573242188,215534.36645507812,SPY,1170
2016-09-20,215617.81875610352,73.34762573242188,215544.4711303711,SPY,1170
2016-09-21,218041.7268371582,73.34762573242188,217968.37921142578,SPY,1170
2016-09-22,219415.21286010742,73.34762573242188,219341.865234375,SPY,1170
2016-09-23,218213.39920043945,73.34762573242188,218140.05157470703,SPY,1170
2016-09-26,216446.00936889648,73.34762573242188,216372.66174316406,SPY,1170
2016-09-27,217789.2527770996,73.34762573242188,217715.9051513672,SPY,1170
2016-09-28,218869.88174438477,73.34762573242188,218796.53411865234,SPY,1170
2016-09-29,216890.34729003906,73.34762573242188,216816.99966430664,SPY,1170
2016-09-30,218526.50131225586,73.34762573242188,218453.15368652344,SPY,1170
2016-10-03,218001.30813598633,73.34762573242188,217927.9605102539,SPY,1170
2016-10-04,216890.34729003906,73.34762573242188,216816.99966430664,SPY,1170
2016-10-05,217849.8094177246,73.34762573242188,217776.4617919922,SPY,1170
2016-10-06,218001.30813598633,73.34762573242188,217927.9605102539,SPY,1170
2016-10-07,217253.9549255371,73.34762573242188,217180.6072998047,SPY,1170
2016-10-10,218385.0358581543,73.34762573242188,218311.68823242188,SPY,1170
2016-10-11,215627.88772583008,73.34762573242188,215554.54010009766,SPY,1170
2016-10-12,215910.7293701172,73.34762573242188,215837.38174438477,SPY,1170
2016-10-13,215203.74130249023,73.34762573242188,215130.3936767578,SPY,1170
2016-10-14,215314.82131958008,73.34762573242188,215241.47369384766,SPY,1170
2016-10-17,214567.45025634766,73.34762573242188,214494.10263061523,SPY,1170
2016-10-18,215910.7293701172,73.34762573242188,215837.38174438477,SPY,1170
2016-10-19,216486.37451171875,73.34762573242188,216413.02688598633,SPY,1170
2016-10-20,216082.38388061523,73.34762573242188,216009.0362548828,SPY,1170
2016-10-21,216183.41278076172,73.34762573242188,216110.0651550293,SPY,1170
2016-10-24,217102.4383544922,73.34762573242188,217029.09072875977,SPY,1170
2016-10-25,216375.36590576172,73.34762573242188,216302.0182800293,SPY,1170
2016-10-26,215941.0076904297,73.34762573242188,215867.66006469727,SPY,1170
2016-10-27,215365.32684326172,73.34762573242188,215291.9792175293,SPY,1170
2016-10-28,214729.03579711914,73.34762573242188,214655.68817138672,SPY,1170
2016-10-31,214739.1583251953,73.34762573242188,214665.8106994629,SPY,1170
2016-11-01,213183.82385253906,73.34762573242188,213110.47622680664,SPY,1170
2016-11-02,211901.17279052734,73.34762573242188,211827.82516479492,SPY,1170
2016-11-03,210931.62384033203,73.34762573242188,210858.2762145996,SPY,1170
2016-11-04,210699.34127807617,73.34762573242188,210625.99365234375,SPY,1170
2016-11-07,215345.13534545898,73.34762573242188,215271.78771972656,SPY,1170
2016-11-08,216314.6664428711,73.34762573242188,216241.31881713867,SPY,1170
2016-11-09,218607.2673034668,73.34762573242188,218533.91967773438,SPY,1170
2016-11-10,219152.63412475586,73.34762573242188,219079.28649902344,SPY,1170
2016-11-11,218647.65029907227,73.34762573242188,218574.30267333984,SPY,1170
2016-11-14,218819.37622070312,73.34762573242188,218746.0285949707,SPY,1170
2016-11-15,220526.1737060547,73.34762573242188,220452.82608032227,SPY,1170
2016-11-16,220112.0962524414,73.34762573242188,220038.74862670898,SPY,1170
2016-11-17,221243.2664489746,73.34762573242188,221169.9188232422,SPY,1170
2016-11-18,220748.33374023438,73.34762573242188,220674.98611450195,SPY,1170
2016-11-21,222414.81964111328,73.34762573242188,222341.47201538086,SPY,1170
2016-11-22,222849.0885925293,73.34762573242188,222775.74096679688,SPY,1170
2016-11-23,222970.2554321289,73.34762573242188,222896.90780639648,SPY,1170
2016-11-25,223798.42819213867,73.34762573242188,223725.08056640625,SPY,1170
2016-11-28,222748.07754516602,73.34762573242188,222674.7299194336,SPY,1170
2016-11-29,223182.34649658203,73.34762573242188,223108.9988708496,SPY,1170
2016-11-30,222647.10220336914,73.34762573242188,222573.75457763672,SPY,1170
2016-12-01,221829.06982421875,73.34762573242188,221755.72219848633,SPY,1170
2016-12-02,221940.1319885254,73.34762573242188,221866.78436279297,SPY,1170
2016-12-05,223273.28857421875,73.34762573242188,223199.94094848633,SPY,1170
2016-12-06,223980.2409362793,73.34762573242188,223906.89331054688,SPY,1170
2016-12-07,226909.11499023438,73.34762573242188,226835.76736450195,SPY,1170
2016-12-08,227464.6043395996,73.34762573242188,227391.2567138672,SPY,1170
2016-12-09,228838.05465698242,73.34762573242188,228764.70703125,SPY,1170
2016-12-12,228575.58303833008,73.34762573242188,228502.23541259766,SPY,1170
2016-12-13,230100.5142211914,73.34762573242188,230027.16659545898,SPY,1170
2016-12-14,228201.87072753906,73.34762573242188,228128.52310180664,SPY,1170
2016-12-15,229141.14135742188,73.34762573242188,229067.79373168945,SPY,1170
2016-12-16,228693.07220458984,73.34762573242188,228619.72457885742,SPY,1170
2016-12-19,229190.87921142578,73.34762573242188,229117.53158569336,SPY,1170
2016-12-20,230074.7348022461,73.34762573242188,230001.38717651367,SPY,1170
2016-12-21,229434.73037719727,73.34762573242188,229361.38275146484,SPY,1170
2016-12-22,229038.5057067871,73.34762573242188,228965.1580810547,SPY,1170
2016-12-23,229373.7274169922,73.34762573242188,229300.37979125977,SPY,1170
2016-12-27,229942.64205932617,73.34762573242188,229869.29443359375,SPY,1170
2016-12-28,228042.90954589844,73.34762573242188,227969.56192016602,SPY,1170
2016-12-29,227992.15408325195,73.34762573242188,227918.80645751953,SPY,1170
2016-12-30,227159.10751342773,73.34762573242188,227085.7598876953,SPY,1170
2017-01-03,228896.32614135742,73.34762573242188,228822.978515625,SPY,1170
2017-01-04,230257.6008605957,73.34762573242188,230184.25323486328,SPY,1170
2017-01-05,230074.7348022461,73.34762573242188,230001.38717651367,SPY,1170
2017-01-06,230897.62313842773,73.34762573242188,230824.2755126953,SPY,1170
2017-01-09,230135.73776245117,73.34762573242188,230062.39013671875,SPY,1170
2017-01-10,230135.73776245117,73.34762573242188,230062.39013671875,SPY,1170
2017-01-11,230785.86471557617,73.34762573242188,230712.51708984375,SPY,1170
2017-01-12,230206.8096923828,73.34762573242188,230133.4620666504,SPY,1170
2017-01-13,230735.05569458008,73.34762573242188,230661.70806884766,SPY,1170
2017-01-17,229922.39700317383,73.34762573242188,229849.0493774414,SPY,1170
2017-01-18,230430.30868530273,73.34762573242188,230356.9610595703,SPY,1170
2017-01-19,229576.96350097656,73.34762573242188,229503.61587524414,SPY,1170
2017-01-20,230420.15045166016,73.34762573242188,230346.80282592773,SPY,1170
2017-01-23,229820.70755004883,73.34762573242188,229747.3599243164,SPY,1170
2017-01-24,231293.8299560547,73.34762573242188,231220.48233032227,SPY,1170
2017-01-25,233295.1626586914,73.34762573242188,233221.81503295898,SPY,1170
2017-01-26,233051.31149291992,73.34762573242188,232977.9638671875,SPY,1170
2017-01-27,232685.5793762207,73.34762573242188,232612.23175048828,SPY,1170
2017-01-30,231243.0387878418,73.34762573242188,231169.69116210938,SPY,1170
2017-01-31,231222.70446777344,73.34762573242188,231149.35684204102,SPY,1170
2017-02-01,231314.07501220703,73.34762573242188,231240.7273864746,SPY,1170
2017-02-02,231466.5020751953,73.34762573242188,231393.1544494629,SPY,1170
2017-02-03,233061.4697265625,73.34762573242188,232988.12210083008,SPY,1170
2017-02-06,232644.9821472168,73.34762573242188,232571.63452148438,SPY,1170
2017-02-07,232655.15823364258,73.34762573242188,232581.81060791016,SPY,1170
2017-02-08,232959.8338317871,73.34762573242188,232886.4862060547,SPY,1170
2017-02-09,234341.56784057617,73.34762573242188,234268.22021484375,SPY,1170
2017-02-10,235265.93139648438,73.34762573242188,235192.58377075195,SPY,1170
2017-02-13,236546.06521606445,73.34762573242188,236472.71759033203,SPY,1170
2017-02-14,237490.85235595703,73.34762573242188,237417.5047302246,SPY,1170
2017-02-15,238730.22827148438,73.34762573242188,238656.88064575195,SPY,1170
2017-02-16,238527.08145141602,73.34762573242188,238453.7338256836,SPY,1170
2017-02-17,238902.9718017578,73.34762573242188,238829.6241760254,SPY,1170
2017-02-21,240325.23162841797,73.34762573242188,240251.88400268555,SPY,1170
2017-02-22,240111.92657470703,73.34762573242188,240038.5789489746,SPY,1170
2017-02-23,240274.44046020508,73.34762573242188,240201.09283447266,SPY,1170
2017-02-24,240579.20532226562,73.34762573242188,240505.8576965332,SPY,1170
2017-02-27,240955.09567260742,73.34762573242188,240881.748046875,SPY,1170
2017-02-28,240304.8794555664,73.34762573242188,240231.53182983398,SPY,1170
2017-03-01,243667.55828857422,73.34762573242188,243594.2106628418,SPY,1170
2017-03-02,242133.5043334961,73.34762573242188,242060.15670776367,SPY,1170
2017-03-03,242285.96710205078,73.34762573242188,242212.61947631836,SPY,1170
2017-03-06,241564.67895507812,73.34762573242188,241491.3313293457,SPY,1170
2017-03-07,240843.35510253906,73.34762573242188,240770.00747680664,SPY,1170
2017-03-08,240396.33926391602,73.34762573242188,240322.9916381836,SPY,1170
2017-03-09,240701.10412597656,73.34762573242188,240627.75650024414,SPY,1170
2017-03-10,241544.34463500977,73.34762573242188,241470.99700927734,SPY,1170
2017-03-13,241666.2791442871,73.34762573242188,241592.9315185547,SPY,1170
2017-03-14,240741.68350219727,73.34762573242188,240668.33587646484,SPY,1170
2017-03-15,242824.2999267578,73.34762573242188,242750.9523010254,SPY,1170
2017-03-16,242346.88079833984,73.34762573242188,242273.53317260742,SPY,1170
2017-03-17,241921.37756347656,73.34762573242188,241848.02993774414,SPY,1170
2017-03-20,241656.12091064453,73.34762573242188,241582.7732849121,SPY,1170
2017-03-21,238554.3605041504,73.34762573242188,238481.01287841797,SPY,1170
2017-03-22,239115.56274414062,73.34762573242188,239042.2151184082,SPY,1170
2017-03-23,238860.48217773438,73.34762573242188,238787.13455200195,SPY,1170
2017-03-24,238687.0066833496,73.34762573242188,238613.6590576172,SPY,1170
2017-03-27,238442.08435058594,73.34762573242188,238368.73672485352,SPY,1170
2017-03-28,240176.62506103516,73.34762573242188,240103.27743530273,SPY,1170
2017-03-29,240401.10595703125,73.34762573242188,240327.75833129883,SPY,1170
2017-03-30,241166.34765625,73.34762573242188,241093.00003051758,SPY,1170
2017-03-31,240605.18112182617,73.34762573242188,240531.83349609375,SPY,1170
2017-04-03,240186.81900024414,73.34762573242188,240113.47137451172,SPY,1170
2017-04-04,240339.88876342773,73.34762573242188,240266.5411376953,SPY,1170
2017-04-05,239625.67031860352,73.34762573242188,239552.3226928711,SPY,1170
2017-04-06,240299.0594482422,73.34762573242188,240225.71182250977,SPY,1170
2017-04-07,240054.19067382812,73.34762573242188,239980.8430480957,SPY,1170
2017-04-10,240197.04864501953,73.34762573242188,240123.7010192871,SPY,1170
2017-04-11,239911.35055541992,73.34762573242188,239838.0029296875,SPY,1170
2017-04-12,238860.48217773438,73.34762573242188,238787.13455200195,SPY,1170
2017-04-13,237309.5216369629,73.34762573242188,237236.17401123047,SPY,1170
2017-04-17,239411.43692016602,73.34762573242188,239338.0892944336,SPY,1170
2017-04-18,238697.1649169922,73.34762573242188,238623.81729125977,SPY,1170
2017-04-19,238258.39706420898,73.34762573242188,238185.04943847656,SPY,1170
2017-04-20,240197.04864501953,73.34762573242188,240123.7010192871,SPY,1170
2017-04-21,239431.80694580078,73.34762573242188,239358.45932006836,SPY,1170
2017-04-24,242064.27124023438,73.34762573242188,241990.92361450195,SPY,1170
2017-04-25,243472.26669311523,73.34762573242188,243398.9190673828,SPY,1170
2017-04-26,243319.21478271484,73.34762573242188,243245.86715698242,SPY,1170
2017-04-27,243523.27209472656,73.34762573242188,243449.92446899414,SPY,1170
2017-04-28,242992.7230834961,73.34762573242188,242919.37545776367,SPY,1170
2017-05-01,243604.93072509766,73.34762573242188,243531.58309936523,SPY,1170
2017-05-02,243696.74758911133,73.34762573242188,243623.3999633789,SPY,1170
2017-05-03,243400.89126586914,73.34762573242188,243327.54364013672,SPY,1170
2017-05-04,243686.57150268555,73.34762573242188,243613.22387695312,SPY,1170
2017-05-05,244645.65872192383,73.34762573242188,244572.3110961914,SPY,1170
2017-05-08,244604.8829650879,73.34762573242188,244531.53533935547,SPY,1170
2017-05-09,244380.3485107422,73.34762573242188,244307.00088500977,SPY,1170
2017-05-10,244819.08065795898,73.34762573242188,244745.73303222656,SPY,1170
2017-05-11,244319.18487548828,73.34762573242188,244245.83724975586,SPY,1170
2017-05-12,243911.05239868164,73.34762573242188,243837.70477294922,SPY,1170
2017-05-15,245257.8485107422,73.34762573242188,245184.50088500977,SPY,1170
2017-05-16,245033.4033203125,73.34762573242188,244960.05569458008,SPY,1170
2017-05-17,240686.78619384766,73.34762573242188,240613.43856811523,SPY,1170
2017-05-18,241656.12091064453,73.34762573242188,241582.7732849121,SPY,1170
2017-05-19,243227.41577148438,73.34762573242188,243154.06814575195,SPY,1170
2017-05-22,244462.0428466797,73.34762573242188,244388.69522094727,SPY,1170
2017-05-23,245002.78579711914,73.34762573242188,244929.43817138672,SPY,1170
2017-05-24,245574.18197631836,73.34762573242188,245500.83435058594,SPY,1170
2017-05-25,246747.55615234375,73.34762573242188,246674.20852661133,SPY,1170
2017-05-26,246696.53289794922,73.34762573242188,246623.1852722168,SPY,1170
2017-05-30,246482.2459411621,73.34762573242188,246408.8983154297,SPY,1170
2017-05-31,246421.064453125,73.34762573242188,246347.71682739258,SPY,1170
2017-06-01,248380.0325012207,73.34762573242188,248306.68487548828,SPY,1170
2017-06-02,249206.50924682617,73.34762573242188,249133.16162109375,SPY,1170
2017-06-05,249022.91122436523,73.34762573242188,248949.5635986328,SPY,1170
2017-06-06,248227.03414916992,73.34762573242188,248153.6865234375,SPY,1170
2017-06-07,248686.1541748047,73.34762573242188,248612.80654907227,SPY,1170
2017-06-08,248808.64212036133,73.34762573242188,248735.2944946289,SPY,1170
2017-06-09,248431.14501953125,73.34762573242188,248357.79739379883,SPY,1170
2017-06-12,248380.0325012207,73.34762573242188,248306.68487548828,SPY,1170
2017-06-13,249594.27169799805,73.34762573242188,249520.92407226562,SPY,1170
2017-06-14,249277.95608520508,73.34762573242188,249204.60845947266,SPY,1170
2017-06-15,248798.37677001953,73.34762573242188,248725.0291442871,SPY,1170
2017-06-16,248852.77420043945,73.34762573242188,248779.42657470703,SPY,1170
2017-06-19,250923.8934326172,73.34762573242188,250850.54580688477,SPY,1170
2017-06-20,249232.12799072266,73.34762573242188,249158.78036499023,SPY,1170
2017-06-21,249170.57159423828,73.34762573242188,249097.22396850586,SPY,1170
2017-06-22,249057.77770996094,73.34762573242188,248984.43008422852,SPY,1170
2017-06-23,249355.1693725586,73.34762573242188,249281.82174682617,SPY,1170
2017-06-26,249519.2007446289,73.34762573242188,249445.85311889648,SPY,1170
2017-06-27,247509.56649780273,73.34762573242188,247436.2188720703,SPY,1170
2017-06-28,249724.2756652832,73.34762573242188,249650.92803955078,SPY,1170
2017-06-29,247530.06149291992,73.34762573242188,247456.7138671875,SPY,1170
2017-06-30,247991.5023803711,73.34762573242188,247918.15475463867,SPY,1170
2017-07-03,248411.89971923828,73.34762573242188,248338.55209350586,SPY,1170
2017-07-05,248986.0809326172,73.34762573242188,248912.73330688477,SPY,1170
2017-07-06,246709.85107421875,73.34762573242188,246636.50344848633,SPY,1170
2017-07-07,248309.35333251953,73.34762573242188,248236.0057067871,SPY,1170
2017-07-10,248575.8953857422,73.34762573242188,248502.54776000977,SPY,1170
2017-07-11,248391.3868713379,73.34762573242188,248318.03924560547,SPY,1170
2017-07-12,250257.43118286133,73.34762573242188,250184.0835571289,SPY,1170
2017-07-13,250677.7571105957,73.34762573242188,250604.40948486328,SPY,1170
2017-07-14,251846.6323852539,73.34762573242188,251773.28475952148,SPY,1170
2017-07-17,251815.85418701172,73.34762573242188,251742.5065612793,SPY,1170
2017-07-18,251949.17877197266,73.34762573242188,251875.83114624023,SPY,1170
2017-07-19,253312.77435302734,73.34762573242188,253239.42672729492,SPY,1170
2017-07-20,253425.6217956543,73.34762573242188,253352.27416992188,SPY,1170
2017-07-21,253200.0518798828,73.34762573242188,253126.7042541504,SPY,1170
2017-07-24,253138.49548339844,73.34762573242188,253065.14785766602,SPY,1170
2017-07-25,253753.70239257812,73.34762573242188,253680.3547668457,SPY,1170
2017-07-26,253763.8963317871,73.34762573242188,253690.5487060547,SPY,1170
2017-07-27,253528.15032958984,73.34762573242188,253454.80270385742,SPY,1170
2017-07-28,253230.7765197754,73.34762573242188,253157.42889404297,SPY,1170
2017-07-31,253087.27584838867,73.34762573242188,253013.92822265625,SPY,1170
2017-08-01,253651.17385864258,73.34762573242188,253577.82623291016,SPY,1170
2017-08-02,253774.25094604492,73.34762573242188,253700.9033203125,SPY,1170
2017-08-03,253282.08541870117,73.34762573242188,253208.73779296875,SPY,1170
2017-08-04,253743.45489501953,73.34762573242188,253670.1072692871,SPY,1170
2017-08-07,254215.1254272461,73.34762573242188,254141.77780151367,SPY,1170
2017-08-08,253589.6710205078,73.34762573242188,253516.3233947754,SPY,1170
2017-08-09,253579.44137573242,73.34762573242188,253506.09375,SPY,1170
2017-08-10,250001.11877441406,73.34762573242188,249927.77114868164,SPY,1170
2017-08-11,250370.18936157227,73.34762573242188,250296.84173583984,SPY,1170
2017-08-14,252851.4227294922,73.34762573242188,252778.07510375977,SPY,1170
2017-08-15,252820.7159423828,73.34762573242188,252747.3683166504,SPY,1170
2017-08-16,253261.6082763672,73.34762573242188,253188.26065063477,SPY,1170
2017-08-17,249314.1436767578,73.34762573242188,249240.7960510254,SPY,1170
2017-08-18,248924.5066833496,73.34762573242188,248851.1590576172,SPY,1170
2017-08-21,249119.3162536621,73.34762573242188,249045.9686279297,SPY,1170
2017-08-22,251723.62670898438,73.34762573242188,251650.27908325195,SPY,1170
2017-08-23,250821.36489868164,73.34762573242188,250748.01727294922,SPY,1170
2017-08-24,250236.95404052734,73.34762573242188,250163.60641479492,SPY,1170
2017-08-25,250821.36489868164,73.34762573242188,250748.01727294922,SPY,1170
2017-08-28,250831.57669067383,73.34762573242188,250758.2290649414,SPY,1170
2017-08-29,251118.68515014648,73.34762573242188,251045.33752441406,SPY,1170
2017-08-30,252307.96615600586,73.34762573242188,252234.61853027344,SPY,1170
2017-08-31,253825.45272827148,73.34762573242188,253752.10510253906,SPY,1170
2017-09-01,254184.3115234375,73.34762573242188,254110.96389770508,SPY,1170
2017-09-05,252359.34646606445,73.34762573242188,252285.99884033203,SPY,1170
2017-09-06,253220.5290222168,73.34762573242188,253147.18139648438,SPY,1170
2017-09-07,253189.7329711914,73.34762573242188,253116.38534545898,SPY,1170
2017-09-08,252892.39486694336,73.34762573242188,252819.04724121094,SPY,1170
2017-09-11,255589.00421142578,73.34762573242188,255515.65658569336,SPY,1170
2017-09-12,256450.22247314453,73.34762573242188,256376.8748474121,SPY,1170
2017-09-13,256573.29956054688,73.34762573242188,256499.95193481445,SPY,1170
2017-09-14,256491.2481689453,73.34762573242188,256417.9005432129,SPY,1170
2017-09-15,256836.44958496094,73.34762573242188,256763.10195922852,SPY,1170
2017-09-18,257382.53051757812,73.34762573242188,257309.1828918457,SPY,1170
2017-09-19,257640.16403198242,73.34762573242188,257566.81640625,SPY,1170
2017-09-20,257732.87353515625,73.34762573242188,257659.52590942383,SPY,1170
2017-09-21,257042.5064086914,73.34762573242188,256969.15878295898,SPY,1170
2017-09-22,257094.08309936523,73.34762573242188,257020.7354736328,SPY,1170
2017-09-25,256568.51501464844,73.34762573242188,256495.16738891602,SPY,1170
2017-09-26,256723.1022644043,73.34762573242188,256649.75463867188,SPY,1170
2017-09-27,257722.59033203125,73.34762573242188,257649.24270629883,SPY,1170
2017-09-28,258031.69342041016,73.34762573242188,257958.34579467773,SPY,1170
2017-09-29,258938.43627929688,73.34762573242188,258865.08865356445,SPY,1170
2017-10-02,260061.59057617188,73.34762573242188,259988.24295043945,SPY,1170
2017-10-03,260617.95471191406,73.34762573242188,260544.60708618164,SPY,1170
2017-10-04,260927.12921142578,73.34762573242188,260853.78158569336,SPY,1170
2017-10-05,262472.6803588867,73.34762573242188,262399.3327331543,SPY,1170
2017-10-06,262173.8961791992,73.34762573242188,262100.5485534668,SPY,1170
2017-10-09,261741.09115600586,73.34762573242188,261667.74353027344,SPY,1170
2017-10-10,262431.4582824707,73.34762573242188,262358.1106567383,SPY,1170
2017-10-11,262843.66119384766,73.34762573242188,262770.31356811523,SPY,1170
2017-10-12,262452.0603942871,73.34762573242188,262378.7127685547,SPY,1170
2017-10-13,262771.5180969238,73.34762573242188,262698.1704711914,SPY,1170
2017-10-16,263121.84326171875,73.34762573242188,263048.4956359863,SPY,1170
2017-10-17,263307.2622680664,73.34762573242188,263233.914642334,SPY,1170
2017-10-18,263564.8779296875,73.34762573242188,263491.5303039551,SPY,1170
2017-10-19,263637.03887939453,73.34762573242188,263563.6912536621,SPY,1170
2017-10-20,264997.1174621582,73.34762573242188,264923.7698364258,SPY,1170
2017-10-23,263966.74407958984,73.34762573242188,263893.3964538574,SPY,1170
2017-10-24,264430.4344177246,73.34762573242188,264357.0867919922,SPY,1170
2017-10-25,263121.84326171875,73.34762573242188,263048.4956359863,SPY,1170
2017-10-26,263461.81381225586,73.34762573242188,263388.46618652344,SPY,1170
2017-10-27,265615.3414916992,73.34762573242188,265541.9938659668,SPY,1170
2017-10-30,264626.2080383301,73.34762573242188,264552.86041259766,SPY,1170
2017-10-31,265038.3752441406,73.34762573242188,264965.0276184082,SPY,1170
2017-11-01,265388.64685058594,73.34762573242188,265315.2992248535,SPY,1170
2017-11-02,265491.746673584,73.34762573242188,265418.39904785156,SPY,1170
2017-11-03,266377.8874206543,73.34762573242188,266304.5397949219,SPY,1170
2017-11-06,266790.05462646484,73.34762573242188,266716.7070007324,SPY,1170
2017-11-07,266604.5642089844,73.34762573242188,266531.21658325195,SPY,1170
2017-11-08,267057.8820800781,73.34762573242188,266984.5344543457,SPY,1170
2017-11-09,266089.3328857422,73.34762573242188,266015.98526000977,SPY,1170
2017-11-10,266006.92443847656,73.34762573242188,265933.57681274414,SPY,1170
2017-11-13,266254.16763305664,73.34762573242188,266180.8200073242,SPY,1170
2017-11-14,265635.97930908203,73.34762573242188,265562.6316833496,SPY,1170
2017-11-15,264306.75033569336,73.34762573242188,264233.40270996094,SPY,1170
2017-11-16,266553.04107666016,73.34762573242188,266479.69345092773,SPY,1170
2017-11-17,265769.8930358887,73.34762573242188,265696.54541015625,SPY,1170
2017-11-20,266223.30017089844,73.34762573242188,266149.952545166,SPY,1170
2017-11-21,267964.66064453125,73.34762573242188,267891.3130187988,SPY,1170
2017-11-22,267727.7006530762,73.34762573242188,267654.35302734375,SPY,1170
2017-11-24,268345.8889770508,73.34762573242188,268272.54135131836,SPY,1170
2017-11-27,268211.9038391113,73.34762573242188,268138.5562133789,SPY,1170
2017-11-28,270932.1681213379,73.34762573242188,270858.82049560547,SPY,1170
2017-11-29,270767.31552124023,73.34762573242188,270693.9678955078,SPY,1170
2017-11-30,273137.2367858887,73.34762573242188,273063.88916015625,SPY,1170
2017-12-01,272570.44662475586,73.34762573242188,272497.09899902344,SPY,1170
2017-12-04,272240.77713012695,73.34762573242188,272167.42950439453,SPY,1170
2017-12-05,271261.944732666,73.34762573242188,271188.5971069336,SPY,1170
2017-12-06,271313.4321594238,73.34762573242188,271240.0845336914,SPY,1170
2017-12-07,272168.6340332031,73.34762573242188,272095.2864074707,SPY,1170
2017-12-08,273652.43240356445,73.34762573242188,273579.08477783203,SPY,1170
2017-12-11,274476.73110961914,73.34762573242188,274403.3834838867,SPY,1170
2017-12-12,274961.0414123535,73.34762573242188,274887.6937866211,SPY,1170
2017-12-13,274930.0846862793,73.34762573242188,274856.7370605469,SPY,1170
2017-12-14,273806.9125366211,73.34762573242188,273733.5649108887,SPY,1170
2017-12-15,276086.4630126953,73.34762573242188,276013.1153869629,SPY,1170
2017-12-18,277836.6784667969,73.34762573242188,277763.33084106445,SPY,1170
2017-12-19,276770.02822875977,73.34762573242188,276696.68060302734,SPY,1170
2017-12-20,276624.9922180176,73.34762573242188,276551.64459228516,SPY,1170
2017-12-21,277194.5852661133,73.34762573242188,277121.23764038086,SPY,1170
2017-12-22,277122.1565246582,73.34762573242188,277048.8088989258,SPY,1170
2017-12-26,276790.7374572754,73.34762573242188,276717.38983154297,SPY,1170
2017-12-27,276925.43670654297,73.34762573242188,276852.08908081055,SPY,1170
2017-12-28,277494.94049072266,73.34762573242188,277421.59286499023,SPY,1170
2017-12-29,276448.92807006836,73.34762573242188,276375.58044433594,SPY,1170
2018-01-02,278427.052154541,73.34762573242188,278353.7045288086,SPY,1170
2018-01-03,280187.6579284668,73.34762573242188,280114.3103027344,SPY,1170
2018-01-04,281368.24462890625,73.34762573242188,281294.8970031738,SPY,1170
2018-01-05,283242.8939819336,73.34762573242188,283169.5463562012,SPY,1170
2018-01-08,283760.6782531738,73.34762573242188,283687.3306274414,SPY,1170
2018-01-09,284402.84286499023,73.34762573242188,284329.4952392578,SPY,1170
2018-01-10,283967.8240966797,73.34762573242188,283894.47647094727,SPY,1170
2018-01-11,286039.12185668945,73.34762573242188,285965.77423095703,SPY,1170
2018-01-12,287903.3808898926,73.34762573242188,287830.03326416016,SPY,1170
2018-01-16,286919.51400756836,73.34762573242188,286846.16638183594,SPY,1170
2018-01-17,289653.59634399414,73.34762573242188,289580.2487182617,SPY,1170
2018-01-18,289166.89376831055,73.34762573242188,289093.5461425781,SPY,1170
2018-01-19,290482.1440124512,73.34762573242188,290408.79638671875,SPY,1170
2018-01-22,292843.3352661133,73.34762573242188,292769.98764038086,SPY,1170
2018-01-23,293464.71923828125,73.34762573242188,293391.3716125488,SPY,1170
2018-01-24,293350.92559814453,73.34762573242188,293277.5779724121,SPY,1170
2018-01-25,293475.1452636719,73.34762573242188,293401.79763793945,SPY,1170
2018-01-26,296872.1192932129,73.34762573242188,296798.77166748047,SPY,1170
2018-01-29,294904.38552856445,73.34762573242188,294831.03790283203,SPY,1170
2018-01-30,291880.2847290039,73.34762573242188,291806.9371032715,SPY,1170
2018-01-31,292025.2136230469,73.34762573242188,291951.86599731445,SPY,1170
2018-02-01,291693.77670288086,73.34762573242188,291620.42907714844,SPY,1170
2018-02-02,285345.2734375,73.34762573242188,285271.9258117676,SPY,1170
2018-02-05,273414.4548034668,73.34762573242188,273341.1071777344,SPY,1170
2018-02-06,278799.83612060547,73.34762573242188,278726.48849487305,SPY,1170
2018-02-07,277287.8125,73.34762573242188,277214.4648742676,SPY,1170
2018-02-08,266889.7802734375,73.34762573242188,266816.4326477051,SPY,1170
2018-02-09,270897.8193664551,73.34762573242188,270824.47174072266,SPY,1170
2018-02-12,274874.7232055664,73.34762573242188,274801.375579834,SPY,1170
2018-02-13,275558.34197998047,73.34762573242188,275484.99435424805,SPY,1170
2018-02-14,279276.3090515137,73.34762573242188,279202.96142578125,SPY,1170
2018-02-15,282838.9390563965,73.34762573242188,282765.59143066406,SPY,1170
2018-02-16,282921.7938232422,73.34762573242188,282848.44619750977,SPY,1170
2018-02-20,281150.8334350586,73.34762573242188,281077.4858093262,SPY,1170
2018-02-21,279752.72842407227,73.34762573242188,279679.38079833984,SPY,1170
2018-02-22,280115.1756286621,73.34762573242188,280041.8280029297,SPY,1170
2018-02-23,284578.96057128906,73.34762573242188,284505.61294555664,SPY,1170
2018-02-26,287882.67166137695,73.34762573242188,287809.32403564453,SPY,1170
2018-02-27,284288.9421081543,73.34762573242188,284215.5944824219,SPY,1170
2018-02-28,281409.6987915039,73.34762573242188,281336.3511657715,SPY,1170
2018-03-01,277318.87634277344,73.34762573242188,277245.528717041,SPY,1170
2018-03-02,278748.116607666,73.34762573242188,278674.7689819336,SPY,1170
2018-03-05,281969.0264892578,73.34762573242188,281895.6788635254,SPY,1170
2018-03-06,282683.6019897461,73.34762573242188,282610.2543640137,SPY,1170
2018-03-07,282580.05584716797,73.34762573242188,282506.70822143555,SPY,1170
2018-03-08,283947.11486816406,73.34762573242188,283873.76724243164,SPY,1170
2018-03-09,288887.176361084,73.34762573242188,288813.82873535156,SPY,1170
2018-03-12,288524.6577453613,73.34762573242188,288451.3101196289,SPY,1170
2018-03-13,286660.5236816406,73.34762573242188,286587.1760559082,SPY,1170
2018-03-14,285189.8828125,73.34762573242188,285116.5351867676,SPY,1170
2018-03-15,284879.1551208496,73.34762573242188,284805.8074951172,SPY,1170
2018-03-16,285188.0618286133,73.34762573242188,285114.71420288086,SPY,1170
2018-03-19,281330.2717590332,73.34762573242188,281256.9241333008,SPY,1170
2018-03-20,281808.65493774414,73.34762573242188,281735.3073120117,SPY,1170
2018-03-21,281267.8762817383,73.34762573242188,281194.52865600586,SPY,1170
2018-03-22,274238.8784790039,73.34762573242188,274165.5308532715,SPY,1170
2018-03-23,268395.1091003418,73.34762573242188,268321.7614746094,SPY,1170
2018-03-26,275736.1557006836,73.34762573242188,275662.8080749512,SPY,1170
2018-03-27,271046.69372558594,73.34762573242188,270973.3460998535,SPY,1170
2018-03-28,270246.014251709,73.34762573242188,270172.66662597656,SPY,1170
2018-03-29,273698.2426452637,73.34762573242188,273624.89501953125,SPY,1170
2018-04-02,267792.04208374023,73.34762573242188,267718.6944580078,SPY,1170
2018-04-03,271223.40057373047,73.34762573242188,271150.05294799805,SPY,1170
2018-04-04,274124.4778442383,73.34762573242188,274051.13021850586,SPY,1170
2018-04-05,276287.30682373047,73.34762573242188,276213.95919799805,SPY,1170
2018-04-06,270131.64932250977,73.34762573242188,270058.30169677734,SPY,1170
2018-04-09,271462.55645751953,73.34762573242188,271389.2088317871,SPY,1170
2018-04-10,275777.8062438965,73.34762573242188,275704.45861816406,SPY,1170
2018-04-11,274332.4627685547,73.34762573242188,274259.11514282227,SPY,1170
2018-04-12,276588.84033203125,73.34762573242188,276515.4927062988,SPY,1170
2018-04-13,275777.8062438965,73.34762573242188,275704.45861816406,SPY,1170
2018-04-16,278044.52056884766,73.34762573242188,277971.17294311523,SPY,1170
2018-04-17,281018.3836364746,73.34762573242188,280945.0360107422,SPY,1170
2018-04-18,281226.368560791,73.34762573242188,281153.0209350586,SPY,1170
2018-04-19,279666.5887451172,73.34762573242188,279593.24111938477,SPY,1170
2018-04-20,277295.8819580078,73.34762573242188,277222.5343322754,SPY,1170
2018-04-23,277254.2671203613,73.34762573242188,277180.9194946289,SPY,1170
2018-04-24,273521.3929748535,73.34762573242188,273448.0453491211,SPY,1170
2018-04-25,274197.2636413574,73.34762573242188,274123.916015625,SPY,1170
2018-04-26,276983.9224243164,73.34762573242188,276910.574798584,SPY,1170
2018-04-27,277243.9482116699,73.34762573242188,277170.6005859375,SPY,1170
2018-04-30,275112.34375,73.34762573242188,275038.9961242676,SPY,1170
2018-05-01,275601.06369018555,73.34762573242188,275527.7160644531,SPY,1170
2018-05-02,273750.15853881836,73.34762573242188,273676.81091308594,SPY,1170
2018-05-03,273147.1272277832,73.34762573242188,273073.7796020508,SPY,1170
2018-05-04,276682.4067687988,73.34762573242188,276609.0591430664,SPY,1170
2018-05-07,277618.32107543945,73.34762573242188,277544.97344970703,SPY,1170
2018-05-08,277618.32107543945,73.34762573242188,277544.97344970703,SPY,1170
2018-05-09,280300.9338378906,73.34762573242188,280227.5862121582,SPY,1170
2018-05-10,282921.2403869629,73.34762573242188,282847.89276123047,SPY,1170
2018-05-11,283784.29748535156,73.34762573242188,283710.94985961914,SPY,1170
2018-05-14,283919.51446533203,73.34762573242188,283846.1668395996,SPY,1170
2018-05-15,281964.61685180664,73.34762573242188,281891.2692260742,SPY,1170
2018-05-16,283149.98809814453,73.34762573242188,283076.6404724121,SPY,1170
2018-05-17,282910.83221435547,73.34762573242188,282837.48458862305,SPY,1170
2018-05-18,282203.7905883789,73.34762573242188,282130.4429626465,SPY,1170
2018-05-21,284324.9868774414,73.34762573242188,284251.639251709,SPY,1170
2018-05-22,283534.7691345215,73.34762573242188,283461.42150878906,SPY,1170
2018-05-23,284314.5965576172,73.34762573242188,284241.24893188477,SPY,1170
2018-05-24,283732.29232788086,73.34762573242188,283658.94470214844,SPY,1170
2018-05-25,283056.49307250977,73.34762573242188,282983.14544677734,SPY,1170
2018-05-29,279801.84143066406,73.34762573242188,279728.49380493164,SPY,1170
2018-05-30,283534.7691345215,73.34762573242188,283461.42150878906,SPY,1170
2018-05-31,281798.2289123535,73.34762573242188,281724.8812866211,SPY,1170
2018-06-01,284564.1606140137,73.34762573242188,284490.81298828125,SPY,1170
2018-06-04,285915.8305358887,73.34762573242188,285842.48291015625,SPY,1170
2018-06-05,286123.9047241211,73.34762573242188,286050.5570983887,SPY,1170
2018-06-06,288515.4100036621,73.34762573242188,288442.0623779297,SPY,1170
2018-06-07,288484.29260253906,73.34762573242188,288410.94497680664,SPY,1170
2018-06-08,289336.8522644043,73.34762573242188,289263.5046386719,SPY,1170
2018-06-11,289721.54403686523,73.34762573242188,289648.1964111328,SPY,1170
2018-06-12,290095.89904785156,73.34762573242188,290022.55142211914,SPY,1170
2018-06-13,289170.4643249512,73.34762573242188,289097.11669921875,SPY,1170
2018-06-14,289898.4294128418,73.34762573242188,289825.0817871094,SPY,1170
2018-06-15,289528.59115600586,73.34762573242188,289455.24353027344,SPY,1170
2018-06-18,288933.25439453125,73.34762573242188,288859.9067687988,SPY,1170
2018-06-19,287826.14974975586,73.34762573242188,287752.80212402344,SPY,1170
2018-06-20,288317.0120239258,73.34762573242188,288243.66439819336,SPY,1170
2018-06-21,286510.0961303711,73.34762573242188,286436.7485046387,SPY,1170
2018-06-22,287032.3257446289,73.34762573242188,286958.9781188965,SPY,1170
2018-06-25,283125.99395751953,73.34762573242188,283052.6463317871,SPY,1170
2018-06-26,283752.5909423828,73.34762573242188,283679.2433166504,SPY,1170
2018-06-27,281402.61123657227,73.34762573242188,281329.26361083984,SPY,1170
2018-06-28,283011.0577392578,73.34762573242188,282937.7101135254,SPY,1170
2018-06-29,283418.4403991699,73.34762573242188,283345.0927734375,SPY,1170
2018-07-02,284024.18533325195,73.34762573242188,283950.83770751953,SPY,1170
2018-07-03,283021.51947021484,73.34762573242188,282948.1718444824,SPY,1170
2018-07-05,285329.8129272461,73.34762573242188,285256.4653015137,SPY,1170
2018-07-06,287742.61657714844,73.34762573242188,287669.268951416,SPY,1170
2018-07-09,290332.89474487305,73.34762573242188,290259.5471191406,SPY,1170
2018-07-10,291377.30041503906,73.34762573242188,291303.95278930664,SPY,1170
2018-07-11,289246.6242980957,73.34762573242188,289173.2766723633,SPY,1170
2018-07-12,291868.1983947754,73.34762573242188,291794.85076904297,SPY,1170
2018-07-13,292097.9637145996,73.34762573242188,292024.6160888672,SPY,1170
2018-07-16,291836.9381713867,73.34762573242188,291763.5905456543,SPY,1170
2018-07-17,293017.1499633789,73.34762573242188,292943.8023376465,SPY,1170
2018-07-18,293633.3744812012,73.34762573242188,293560.02685546875,SPY,1170
2018-07-19,292526.3233947754,73.34762573242188,292452.97576904297,SPY,1170
2018-07-20,292191.94076538086,73.34762573242188,292118.59313964844,SPY,1170
2018-07-23,292735.09384155273,73.34762573242188,292661.7462158203,SPY,1170
2018-07-24,294207.7699279785,73.34762573242188,294134.4223022461,SPY,1170
2018-07-25,296714.71130371094,73.34762573242188,296641.3636779785,SPY,1170
2018-07-26,296014.7750854492,73.34762573242188,295941.4274597168,SPY,1170
2018-07-27,294009.4076538086,73.34762573242188,293936.0600280762,SPY,1170
2018-07-30,292474.01473999023,73.34762573242188,292400.6671142578,SPY,1170
2018-07-31,293915.41275024414,73.34762573242188,293842.0651245117,SPY,1170
2018-08-01,293424.4255065918,73.34762573242188,293351.0778808594,SPY,1170
2018-08-02,295022.55310058594,73.34762573242188,294949.2054748535,SPY,1170
2018-08-03,296286.31591796875,73.34762573242188,296212.9682922363,SPY,1170
2018-08-06,297372.6934814453,73.34762573242188,297299.3458557129,SPY,1170
2018-08-07,298354.45373535156,73.34762573242188,298281.10610961914,SPY,1170
2018-08-08,298229.0200805664,73.34762573242188,298155.672454834,SPY,1170
2018-08-09,297821.7445373535,73.34762573242188,297748.3969116211,SPY,1170
2018-08-10,295826.7674255371,73.34762573242188,295753.4197998047,SPY,1170
2018-08-13,294719.6092224121,73.34762573242188,294646.2615966797,SPY,1170
2018-08-14,296599.578704834,73.34762573242188,296526.23107910156,SPY,1170
2018-08-15,294385.440826416,73.34762573242188,294312.0932006836,SPY,1170
2018-08-16,296766.78787231445,73.34762573242188,296693.44024658203,SPY,1170
2018-08-17,297811.3006591797,73.34762573242188,297737.95303344727,SPY,1170
2018-08-20,298448.4307861328,73.34762573242188,298375.0831604004,SPY,1170
2018-08-21,299148.2777404785,73.34762573242188,299074.9301147461,SPY,1170
2018-08-22,298970.73181152344,73.34762573242188,298897.384185791,SPY,1170
2018-08-23,298573.65020751953,73.34762573242188,298500.3025817871,SPY,1170
2018-08-24,300370.265045166,73.34762573242188,300296.9174194336,SPY,1170
2018-08-27,302741.25747680664,73.34762573242188,302667.9098510742,SPY,1170
2018-08-28,302887.50747680664,73.34762573242188,302814.1598510742,SPY,1170
2018-08-29,304516.82388305664,73.34762573242188,304443.4762573242,SPY,1170
2018-08-30,303284.3034362793,73.34762573242188,303210.9558105469,SPY,1170
2018-08-31,303294.83657836914,73.34762573242188,303221.4889526367,SPY,1170
2018-09-04,302772.5712585449,73.34762573242188,302699.2236328125,SPY,1170
2018-09-05,301957.9130554199,73.34762573242188,301884.5654296875,SPY,1170
2018-09-06,301049.17068481445,73.34762573242188,300975.82305908203,SPY,1170
2018-09-07,300464.3135070801,73.34762573242188,300390.96588134766,SPY,1170
2018-09-10,300986.5431213379,73.34762573242188,300913.19549560547,SPY,1170
2018-09-11,301978.69369506836,73.34762573242188,301905.34606933594,SPY,1170
2018-09-12,302051.85440063477,73.34762573242188,301978.50677490234,SPY,1170
2018-09-13,303837.8825378418,73.34762573242188,303764.5349121094,SPY,1170
2018-09-14,303890.15548706055,73.34762573242188,303816.8078613281,SPY,1170
2018-09-17,302281.619720459,73.34762573242188,302208.27209472656,SPY,1170
2018-09-18,303921.61209106445,73.34762573242188,303848.26446533203,SPY,1170
2018-09-19,304245.2473449707,73.34762573242188,304171.8997192383,SPY,1170
2018-09-20,306710.2882385254,73.34762573242188,306636.94061279297,SPY,1170
2018-09-21,306430.03524780273,73.34762573242188,306356.6876220703,SPY,1170
2018-09-24,305412.3551940918,73.34762573242188,305339.0075683594,SPY,1170
2018-09-25,305129.102935791,73.34762573242188,305055.7553100586,SPY,1170
2018-09-26,304216.2187194824,73.34762573242188,304142.87109375,SPY,1170
2018-09-27,305066.1897277832,73.34762573242188,304992.8421020508,SPY,1170
2018-09-28,305097.5749206543,73.34762573242188,305024.2272949219,SPY,1170
2018-10-01,306157.2090148926,73.34762573242188,306083.86138916016,SPY,1170
2018-10-02,305978.89541625977,73.34762573242188,305905.54779052734,SPY,1170
2018-10-03,306146.78298950195,73.34762573242188,306073.43536376953,SPY,1170
2018-10-04,303754.5100402832,73.34762573242188,303681.1624145508,SPY,1170
2018-10-05,302054.8536682129,73.34762573242188,301981.50604248047,SPY,1170
2018-10-08,302054.8536682129,73.34762573242188,301981.50604248047,SPY,1170
2018-10-09,301614.24697875977,73.34762573242188,301540.89935302734,SPY,1170
2018-10-10,292066.3999938965,73.34762573242188,291993.05236816406,SPY,1170
2018-10-11,285634.8991394043,73.34762573242188,285561.5515136719,SPY,1170
2018-10-12,289600.9127807617,73.34762573242188,289527.5651550293,SPY,1170
2018-10-15,287974.55993652344,73.34762573242188,287901.212310791,SPY,1170
2018-10-16,294269.75479125977,73.34762573242188,294196.40716552734,SPY,1170
2018-10-17,294322.27767944336,73.34762573242188,294248.93005371094,SPY,1170
2018-10-18,290072.94036865234,73.34762573242188,289999.5927429199,SPY,1170
2018-10-19,289915.5859375,73.34762573242188,289842.2383117676,SPY,1170
2018-10-22,288614.6357727051,73.34762573242188,288541.28814697266,SPY,1170
2018-10-23,287145.72662353516,73.34762573242188,287072.37899780273,SPY,1170
2018-10-24,278447.85064697266,73.34762573242188,278374.50302124023,SPY,1170
2018-10-25,283442.04177856445,73.34762573242188,283368.69415283203,SPY,1170
2018-10-26,278458.2945251465,73.34762573242188,278384.94689941406,SPY,1170
2018-10-29,276915.9390258789,73.34762573242188,276842.5914001465,SPY,1170
2018-10-30,281018.3657836914,73.34762573242188,280945.018157959,SPY,1170
2018-10-31,284019.13299560547,73.34762573242188,283945.78536987305,SPY,1170
2018-11-01,287040.7879638672,73.34762573242188,286967.44033813477,SPY,1170
2018-11-02,285341.09588623047,73.34762573242188,285267.74826049805,SPY,1170
2018-11-05,286914.94369506836,73.34762573242188,286841.59606933594,SPY,1170
2018-11-06,288730.0718688965,73.34762573242188,288656.72424316406,SPY,1170
2018-11-07,294909.8306274414,73.34762573242188,294836.483001709,SPY,1170
2018-11-08,294374.74700927734,73.34762573242188,294301.3993835449,SPY,1170
2018-11-09,291499.98474121094,73.34762573242188,291426.6371154785,SPY,1170
2018-11-12,286054.54666137695,73.34762573242188,285981.19903564453,SPY,1170
2018-11-13,285519.4630432129,73.34762573242188,285446.11541748047,SPY,1170
2018-11-14,283567.8860473633,73.34762573242188,283494.53842163086,SPY,1170
2018-11-15,286526.788482666,73.34762573242188,286453.4408569336,SPY,1170
2018-11-16,287271.570892334,73.34762573242188,287198.22326660156,SPY,1170
2018-11-19,282413.8285827637,73.34762573242188,282340.48095703125,SPY,1170
2018-11-20,277188.76525878906,73.34762573242188,277115.41763305664,SPY,1170
2018-11-21,278133.07037353516,73.34762573242188,278059.72274780273,SPY,1170
2018-11-23,276275.9703063965,73.34762573242188,276202.62268066406,SPY,1170
2018-11-26,280735.14923095703,73.34762573242188,280661.8016052246,SPY,1170
2018-11-27,281679.3293762207,73.34762573242188,281605.9817504883,SPY,1170
2018-11-28,288163.4066772461,73.34762573242188,288090.0590515137,SPY,1170
2018-11-29,287533.9353942871,73.34762573242188,287460.5877685547,SPY,1170
2018-11-30,289286.0968017578,73.34762573242188,289212.7491760254,SPY,1170
2018-12-03,293115.64376831055,73.34762573242188,293042.2961425781,SPY,1170
2018-12-04,283620.3910827637,73.34762573242188,283547.04345703125,SPY,1170
2018-12-06,283190.19256591797,73.34762573242188,283116.84494018555,SPY,1170
2018-12-07,276611.67404174805,73.34762573242188,276538.3264160156,SPY,1170
2018-12-10,277136.3137817383,73.34762573242188,277062.96615600586,SPY,1170
2018-12-11,277199.3162536621,73.34762573242188,277125.9686279297,SPY,1170
2018-12-12,278594.68978881836,73.34762573242188,278521.34216308594,SPY,1170
2018-12-13,278500.26641845703,73.34762573242188,278426.9187927246,SPY,1170
2018-12-14,273359.1468811035,73.34762573242188,273285.7992553711,SPY,1170
2018-12-17,267997.77755737305,73.34762573242188,267924.4299316406,SPY,1170
2018-12-18,267703.9921569824,73.34762573242188,267630.64453125,SPY,1170
2018-12-19,263696.07803344727,73.34762573242188,263622.73040771484,SPY,1170
2018-12-20,259404.84024047852,73.34762573242188,259331.4926147461,SPY,1170
2018-12-21,254091.1735534668,73.34762573242188,254017.82592773438,SPY,1170
2018-12-24,247379.34829711914,73.34762573242188,247306.00067138672,SPY,1170
2018-12-26,259874.4219970703,73.34762573242188,259801.0743713379,SPY,1170
2018-12-27,261869.00634765625,73.34762573242188,261795.65872192383,SPY,1170
2018-12-28,261531.28524780273,73.34762573242188,261457.9376220703,SPY,1170
2018-12-31,263821.3688659668,73.34762573242188,263748.0212402344,SPY,1170
2019-01-02,264095.7304382324,73.34762573242188,264022.3828125,SPY,1170
2019-01-03,257795.4475402832,73.34762573242188,257722.09991455078,SPY,1170
2019-01-04,266428.0180358887,73.34762573242188,266354.67041015625,SPY,1170
2019-01-07,268528.1301879883,73.34762573242188,268454.78256225586,SPY,1170
2019-01-08,271050.4071044922,73.34762573242188,270977.05947875977,SPY,1170
2019-01-09,272316.79428100586,73.34762573242188,272243.44665527344,SPY,1170
2019-01-10,273277.13119506836,73.34762573242188,273203.78356933594,SPY,1170
2019-01-11,273382.65899658203,73.34762573242188,273309.3113708496,SPY,1170
2019-01-14,271715.26260375977,73.34762573242188,271641.91497802734,SPY,1170
2019-01-15,274828.4666442871,73.34762573242188,274755.1190185547,SPY,1170
2019-01-16,275493.3578491211,73.34762573242188,275420.0102233887,SPY,1170
2019-01-17,277582.86544799805,73.34762573242188,277509.5178222656,SPY,1170
2019-01-18,281276.4813232422,73.34762573242188,281203.13369750977,SPY,1170
2019-01-22,277477.24838256836,73.34762573242188,277403.90075683594,SPY,1170
2019-01-23,278057.7851867676,73.34762573242188,277984.43756103516,SPY,1170
2019-01-24,278205.48126220703,73.34762573242188,278132.1336364746,SPY,1170
2019-01-25,280558.924407959,73.34762573242188,280485.57678222656,SPY,1170
2019-01-28,278427.1235656738,73.34762573242188,278353.7759399414,SPY,1170
2019-01-29,278057.7851867676,73.34762573242188,277984.43756103516,SPY,1170
2019-01-30,282458.4248352051,73.34762573242188,282385.07720947266,SPY,1170
2019-01-31,284938.4620666504,73.34762573242188,284865.11444091797,SPY,1170
2019-02-01,285075.6071472168,73.34762573242188,285002.2595214844,SPY,1170
2019-02-04,287080.849609375,73.34762573242188,287007.5019836426,SPY,1170
2019-02-05,288283.9308166504,73.34762573242188,288210.58319091797,SPY,1170
2019-02-06,287903.9521789551,73.34762573242188,287830.60455322266,SPY,1170
2019-02-07,285160.1400756836,73.34762573242188,285086.7924499512,SPY,1170
2019-02-08,285508.39431762695,73.34762573242188,285435.04669189453,SPY,1170
2019-02-11,285666.67709350586,73.34762573242188,285593.32946777344,SPY,1170
2019-02-12,289339.2266845703,73.34762573242188,289265.8790588379,SPY,1170
2019-02-13,290278.4616088867,73.34762573242188,290205.1139831543,SPY,1170
2019-02-14,289634.76165771484,73.34762573242188,289561.4140319824,SPY,1170
2019-02-15,292790.2053833008,73.34762573242188,292716.85775756836,SPY,1170
2019-02-19,293296.74240112305,73.34762573242188,293223.3947753906,SPY,1170
2019-02-20,293887.6695251465,73.34762573242188,293814.32189941406,SPY,1170
2019-02-21,292842.9782104492,73.34762573242188,292769.6305847168,SPY,1170
2019-02-22,294658.12423706055,73.34762573242188,294584.7766113281,SPY,1170
2019-02-25,295059.0441894531,73.34762573242188,294985.6965637207,SPY,1170
2019-02-26,294848.0421447754,73.34762573242188,294774.69451904297,SPY,1170
2019-02-27,294721.44805908203,73.34762573242188,294648.1004333496,SPY,1170
2019-02-28,294172.7070617676,73.34762573242188,294099.35943603516,SPY,1170
2019-03-01,296008.8836669922,73.34762573242188,295935.53604125977,SPY,1170
2019-03-04,294932.557220459,73.34762573242188,294859.20959472656,SPY,1170
2019-03-05,294531.36947631836,73.34762573242188,294458.02185058594,SPY,1170
2019-03-06,292747.9656982422,73.34762573242188,292674.61807250977,SPY,1170
2019-03-07,290299.6528625488,73.34762573242188,290226.3052368164,SPY,1170
2019-03-08,289719.1339111328,73.34762573242188,289645.7862854004,SPY,1170
2019-03-11,293919.39392089844,73.34762573242188,293846.046295166,SPY,1170
2019-03-12,295027.4090576172,73.34762573242188,294954.06143188477,SPY,1170
2019-03-13,296979.75372314453,73.34762573242188,296906.4060974121,SPY,1170
2019-03-14,296789.8893737793,73.34762573242188,296716.5417480469,SPY,1170
2019-03-15,298255.8528137207,73.34762573242188,298182.5051879883,SPY,1170
2019-03-18,299336.91024780273,73.34762573242188,299263.5626220703,SPY,1170
2019-03-19,299411.1421203613,73.34762573242188,299337.7944946289,SPY,1170
2019-03-20,298510.23712158203,73.34762573242188,298436.8894958496,SPY,1170
2019-03-21,301880.93185424805,73.34762573242188,301807.5842285156,SPY,1170
2019-03-22,296072.2789001465,73.34762573242188,295998.93127441406,SPY,1170
2019-03-25,295849.7082519531,73.34762573242188,295776.3606262207,SPY,1170
2019-03-26,298054.43771362305,73.34762573242188,297981.0900878906,SPY,1170
2019-03-27,296496.2289428711,73.34762573242188,296422.8813171387,SPY,1170
2019-03-28,297619.81170654297,73.34762573242188,297546.46408081055,SPY,1170
2019-03-29,299495.9785461426,73.34762573242188,299422.63092041016,SPY,1170
2019-04-01,303046.89712524414,73.34762573242188,302973.5494995117,SPY,1170
2019-04-02,303195.39657592773,73.34762573242188,303122.0489501953,SPY,1170
2019-04-03,303672.3515319824,73.34762573242188,303599.00390625,SPY,1170
2019-04-04,304477.9048156738,73.34762573242188,304404.5571899414,SPY,1170
2019-04-05,305951.33071899414,73.34762573242188,305877.9830932617,SPY,1170
2019-04-08,306184.48806762695,73.34762573242188,306111.14044189453,SPY,1170
2019-04-09,304615.69259643555,73.34762573242188,304542.3449707031,SPY,1170
2019-04-10,305654.510345459,73.34762573242188,305581.16271972656,SPY,1170
2019-04-11,305569.6025085449,73.34762573242188,305496.2548828125,SPY,1170
2019-04-12,307636.66915893555,73.34762573242188,307563.3215332031,SPY,1170
2019-04-15,307435.2540588379,73.34762573242188,307361.90643310547,SPY,1170
2019-04-16,307636.66915893555,73.34762573242188,307563.3215332031,SPY,1170
2019-04-17,306883.9601135254,73.34762573242188,306810.61248779297,SPY,1170
2019-04-18,307488.13400268555,73.34762573242188,307414.7863769531,SPY,1170
2019-04-22,307753.21212768555,73.34762573242188,307679.8645019531,SPY,1170
2019-04-23,310519.7508239746,73.34762573242188,310446.4031982422,SPY,1170
2019-04-24,309830.8476257324,73.34762573242188,309757.5,SPY,1170
2019-04-25,309639.822845459,73.34762573242188,309566.47521972656,SPY,1170
2019-04-26,311081.54220581055,73.34762573242188,311008.1945800781,SPY,1170
2019-04-29,311569.2088317871,73.34762573242188,311495.8612060547,SPY,1170
2019-04-30,311728.0986022949,73.34762573242188,311654.7509765625,SPY,1170
2019-05-01,309385.5278015137,73.34762573242188,309312.18017578125,SPY,1170
2019-05-02,308717.7265930176,73.34762573242188,308644.37896728516,SPY,1170
2019-05-03,311738.738861084,73.34762573242188,311665.39123535156,SPY,1170
2019-05-06,310456.1949157715,73.34762573242188,310382.84729003906,SPY,1170
2019-05-07,305272.8178405762,73.34762573242188,305199.47021484375,SPY,1170
2019-05-08,304848.84994506836,73.34762573242188,304775.50231933594,SPY,1170
2019-05-09,303926.68228149414,73.34762573242188,303853.3346557617,SPY,1170
2019-05-10,305453.23806762695,73.34762573242188,305379.89044189453,SPY,1170
2019-05-13,297778.7728881836,73.34762573242188,297705.4252624512,SPY,1170
2019-05-14,300471.2046813965,73.34762573242188,300397.85705566406,SPY,1170
2019-05-15,302230.7035827637,73.34762573242188,302157.35595703125,SPY,1170
2019-05-16,305029.0202331543,73.34762573242188,304955.6726074219,SPY,1170
2019-05-17,303057.5016784668,73.34762573242188,302984.1540527344,SPY,1170
2019-05-20,301054.20516967773,73.34762573242188,300980.8575439453,SPY,1170
2019-05-21,303767.6853942871,73.34762573242188,303694.3377685547,SPY,1170
2019-05-22,302834.91317749023,73.34762573242188,302761.5655517578,SPY,1170
2019-05-23,299135.6022644043,73.34762573242188,299062.2546386719,SPY,1170
2019-05-24,299814.07943725586,73.34762573242188,299740.73181152344,SPY,1170
2019-05-28,297026.2780761719,73.34762573242188,296952.93045043945,SPY,1170
2019-05-29,295033.40759277344,73.34762573242188,294960.059967041,SPY,1170
2019-05-30,295839.01443481445,73.34762573242188,295765.66680908203,SPY,1170
2019-05-31,291853.5055541992,73.34762573242188,291780.1579284668,SPY,1170
2019-06-03,291111.57958984375,73.34762573242188,291038.2319641113,SPY,1170
2019-06-04,297428.96545410156,73.34762573242188,297355.61782836914,SPY,1170
2019-06-05,300004.6757507324,73.34762573242188,299931.328125,SPY,1170
2019-06-06,301955.020904541,73.34762573242188,301881.6732788086,SPY,1170
2019-06-07,304976.14028930664,73.34762573242188,304902.7926635742,SPY,1170
2019-06-10,306375.19149780273,73.34762573242188,306301.8438720703,SPY,1170
2019-06-11,306301.03103637695,73.34762573242188,306227.68341064453,SPY,1170
2019-06-12,305760.48446655273,73.34762573242188,305687.1368408203,SPY,1170
2019-06-13,307021.8193054199,73.34762573242188,306948.4716796875,SPY,1170
2019-06-14,306682.72354125977,73.34762573242188,306609.37591552734,SPY,1170
2019-06-17,306799.23080444336,73.34762573242188,306725.88317871094,SPY,1170
2019-06-18,310010.87509155273,73.34762573242188,309937.5274658203,SPY,1170
2019-06-19,310710.4542541504,73.34762573242188,310637.10662841797,SPY,1170
2019-06-20,313678.5151672363,73.34762573242188,313605.1675415039,SPY,1170
2019-06-21,313222.5907897949,73.34762573242188,313149.2431640625,SPY,1170
2019-06-24,312839.1844177246,73.34762573242188,312765.8367919922,SPY,1170
2019-06-25,309771.4335632324,73.34762573242188,309698.0859375,SPY,1170
2019-06-26,309462.7589416504,73.34762573242188,309389.41131591797,SPY,1170
2019-06-27,310559.8481750488,73.34762573242188,310486.5005493164,SPY,1170
2019-06-28,312157.5294494629,73.34762573242188,312084.18182373047,SPY,1170
2019-07-01,314990.7661437988,73.34762573242188,314917.4185180664,SPY,1170
2019-07-02,315810.8158874512,73.34762573242188,315737.46826171875,SPY,1170
2019-07-03,318335.30654907227,73.34762573242188,318261.95892333984,SPY,1170
2019-07-05,317973.07357788086,73.34762573242188,317899.72595214844,SPY,1170
2019-07-08,316226.3572692871,73.34762573242188,316153.0096435547,SPY,1170
2019-07-09,316620.4396057129,73.34762573242188,316547.09197998047,SPY,1170
2019-07-10,318132.89169311523,73.34762573242188,318059.5440673828,SPY,1170
2019-07-11,318878.49533081055,73.34762573242188,318805.1477050781,SPY,1170
2019-07-12,320305.789642334,73.34762573242188,320232.44201660156,SPY,1170
2019-07-15,320412.2636413574,73.34762573242188,320338.916015625,SPY,1170
2019-07-16,319379.05166625977,73.34762573242188,319305.70404052734,SPY,1170
2019-07-17,317206.1894226074,73.34762573242188,317132.841796875,SPY,1170
2019-07-18,318367.22732543945,73.34762573242188,318293.87969970703,SPY,1170
2019-07-19,316599.2304992676,73.34762573242188,316525.88287353516,SPY,1170
2019-07-22,317376.61209106445,73.34762573242188,317303.26446533203,SPY,1170
2019-07-23,319645.379486084,73.34762573242188,319572.03186035156,SPY,1170
2019-07-24,321147.2627258301,73.34762573242188,321073.91510009766,SPY,1170
2019-07-25,319613.387298584,73.34762573242188,319540.03967285156,SPY,1170
2019-07-26,321754.47158813477,73.34762573242188,321681.12396240234,SPY,1170
2019-07-29,321168.5432434082,73.34762573242188,321095.1956176758,SPY,1170
2019-07-30,320380.3071594238,73.34762573242188,320306.9595336914,SPY,1170
2019-07-31,316875.9843444824,73.34762573242188,316802.63671875,SPY,1170
2019-08-01,314117.2651672363,73.34762573242188,314043.9175415039,SPY,1170
2019-08-02,311752.6640319824,73.34762573242188,311679.31640625,SPY,1170
2019-08-05,302379.5600891113,73.34762573242188,302306.2124633789,SPY,1170
2019-08-06,306618.73916625977,73.34762573242188,306545.39154052734,SPY,1170
2019-08-07,306799.80209350586,73.34762573242188,306726.45446777344,SPY,1170
2019-08-08,312817.9039001465,73.34762573242188,312744.55627441406,SPY,1170
2019-08-09,310687.566986084,73.34762573242188,310614.21936035156,SPY,1170
2019-08-12,306906.2760925293,73.34762573242188,306832.9284667969,SPY,1170
2019-08-13,311678.1108093262,73.34762573242188,311604.76318359375,SPY,1170
2019-08-14,302464.71786499023,73.34762573242188,302391.3702392578,SPY,1170
2019-08-15,303263.55850219727,73.34762573242188,303190.21087646484,SPY,1170
2019-08-16,307737.21603393555,73.34762573242188,307663.8684082031,SPY,1170
2019-08-19,311443.81088256836,73.34762573242188,311370.46325683594,SPY,1170
2019-08-20,309057.8578186035,73.34762573242188,308984.5101928711,SPY,1170
2019-08-21,311571.63681030273,73.34762573242188,311498.2891845703,SPY,1170
2019-08-22,311475.76736450195,73.34762573242188,311402.41973876953,SPY,1170
2019-08-23,303476.64932250977,73.34762573242188,303403.30169677734,SPY,1170
2019-08-26,306831.8656921387,73.34762573242188,306758.51806640625,SPY,1170
2019-08-27,305628.231048584,73.34762573242188,305554.88342285156,SPY,1170
2019-08-28,307779.8484802246,73.34762573242188,307706.5008544922,SPY,1170
2019-08-29,311710.174407959,73.34762573242188,311636.82678222656,SPY,1170
2019-08-30,311571.63681030273,73.34762573242188,311498.2891845703,SPY,1170
2019-09-03,309750.2244567871,73.34762573242188,309676.8768310547,SPY,1170
2019-09-04,313265.2946472168,73.34762573242188,313191.9470214844,SPY,1170
2019-09-05,317291.41860961914,73.34762573242188,317218.0709838867,SPY,1170
2019-09-06,317536.358795166,73.34762573242188,317463.0111694336,SPY,1170
2019-09-09,317696.141204834,73.34762573242188,317622.79357910156,SPY,1170
2019-09-10,317621.65939331055,73.34762573242188,317548.3117675781,SPY,1170
2019-09-11,319879.6437072754,73.34762573242188,319806.29608154297,SPY,1170
2019-09-12,320987.4803161621,73.34762573242188,320914.1326904297,SPY,1170
2019-09-13,320774.425201416,73.34762573242188,320701.0775756836,SPY,1170
2019-09-16,319783.809967041,73.34762573242188,319710.4623413086,SPY,1170
2019-09-17,320593.3622741699,73.34762573242188,320520.0146484375,SPY,1170
2019-09-18,320785.0654602051,73.34762573242188,320711.71783447266,SPY,1170
2019-09-19,320763.78494262695,73.34762573242188,320690.43731689453,SPY,1170
2019-09-20,319248.61923217773,73.34762573242188,319175.2716064453,SPY,1170
2019-09-23,319173.7089538574,73.34762573242188,319100.361328125,SPY,1170
2019-09-24,316669.6775817871,73.34762573242188,316596.3299560547,SPY,1170
2019-09-25,318542.2560119629,73.34762573242188,318468.90838623047,SPY,1170
2019-09-26,317878.953704834,73.34762573242188,317805.60607910156,SPY,1170
2019-09-27,316166.8360900879,73.34762573242188,316093.48846435547,SPY,1170
2019-09-30,317632.7281188965,73.34762573242188,317559.38049316406,SPY,1170
2019-10-01,313855.5433654785,73.34762573242188,313782.1957397461,SPY,1170
2019-10-02,308312.57553100586,73.34762573242188,308239.22790527344,SPY,1170
2019-10-03,310837.8874206543,73.34762573242188,310764.5397949219,SPY,1170
2019-10-04,315043.2890319824,73.34762573242188,314969.94140625,SPY,1170
2019-10-07,313684.26376342773,73.34762573242188,313610.9161376953,SPY,1170
2019-10-08,308815.6312561035,73.34762573242188,308742.2836303711,SPY,1170
2019-10-09,311747.59384155273,73.34762573242188,311674.2462158203,SPY,1170
2019-10-10,313855.5433654785,73.34762573242188,313782.1957397461,SPY,1170
2019-10-11,317108.4989929199,73.34762573242188,317035.1513671875,SPY,1170
2019-10-14,316755.3709411621,73.34762573242188,316682.0233154297,SPY,1170
2019-10-15,319890.5339050293,73.34762573242188,319817.1862792969,SPY,1170
2019-10-16,319376.9807434082,73.34762573242188,319303.6331176758,SPY,1170
2019-10-17,320318.6079406738,73.34762573242188,320245.2603149414,SPY,1170
2019-10-18,318916.87881469727,73.34762573242188,318843.53118896484,SPY,1170
2019-10-21,321078.3152770996,73.34762573242188,321004.9676513672,SPY,1170
2019-10-22,320029.71420288086,73.34762573242188,319956.36657714844,SPY,1170
2019-10-23,320960.7011413574,73.34762573242188,320887.353515625,SPY,1170
2019-10-24,321484.9659729004,73.34762573242188,321411.61834716797,SPY,1170
2019-10-25,322801.07315063477,73.34762573242188,322727.72552490234,SPY,1170
2019-10-28,324620.2003479004,73.34762573242188,324546.85272216797,SPY,1170
2019-10-29,324523.97384643555,73.34762573242188,324450.6262207031,SPY,1170
2019-10-30,325519.12368774414,73.34762573242188,325445.7760620117,SPY,1170
2019-10-31,324652.3710632324,73.34762573242188,324579.0234375,SPY,1170
2019-11-01,327659.17251586914,73.34762573242188,327585.8248901367,SPY,1170
2019-11-04,328975.38681030273,73.34762573242188,328902.0391845703,SPY,1170
2019-11-05,328611.51138305664,73.34762573242188,328538.1637573242,SPY,1170
2019-11-06,328686.42166137695,73.34762573242188,328613.07403564453,SPY,1170
2019-11-07,329842.03231811523,73.34762573242188,329768.6846923828,SPY,1170
2019-11-08,330655.4051208496,73.34762573242188,330582.0574951172,SPY,1170
2019-11-11,330024.0592956543,73.34762573242188,329950.7116699219,SPY,1170
2019-11-12,330719.60372924805,73.34762573242188,330646.2561035156,SPY,1170
2019-11-13,330826.50619506836,73.34762573242188,330753.15856933594,SPY,1170
2019-11-14,331307.99575805664,73.34762573242188,331234.6481323242,SPY,1170
2019-11-15,333705.0175476074,73.34762573242188,333631.669921875,SPY,1170
2019-11-18,333951.0289001465,73.34762573242188,333877.68127441406,SPY,1170
2019-11-19,333854.80239868164,73.34762573242188,333781.4547729492,SPY,1170
2019-11-20,332613.46267700195,73.34762573242188,332540.11505126953,SPY,1170
2019-11-21,332078.4861755371,73.34762573242188,332005.1385498047,SPY,1170
2019-11-22,332816.77017211914,73.34762573242188,332743.4225463867,SPY,1170
2019-11-25,335395.64041137695,73.34762573242188,335322.29278564453,SPY,1170
2019-11-26,336155.45486450195,73.34762573242188,336082.10723876953,SPY,1170
2019-11-27,337653.4819030762,73.34762573242188,337580.13427734375,SPY,1170
2019-11-29,336401.57333374023,73.34762573242188,336328.2257080078,SPY,1170
2019-12-02,333544.4139099121,73.34762573242188,333471.0662841797,SPY,1170
2019-12-03,331307.99575805664,73.34762573242188,331234.6481323242,SPY,1170
2019-12-04,333351.8537902832,73.34762573242188,333278.5061645508,SPY,1170
2019-12-05,333951.0289001465,73.34762573242188,333877.68127441406,SPY,1170
2019-12-06,337000.7484436035,73.34762573242188,336927.4008178711,SPY,1170
2019-12-09,335941.3642883301,73.34762573242188,335868.01666259766,SPY,1170
2019-12-10,335566.7057800293,73.34762573242188,335493.3581542969,SPY,1170
2019-12-11,336519.2231750488,73.34762573242188,336445.8755493164,SPY,1170
2019-12-12,339419.015045166,73.34762573242188,339345.6674194336,SPY,1170
2019-12-13,339622.393951416,73.34762573242188,339549.0463256836,SPY,1170
2019-12-16,341955.07431030273,73.34762573242188,341881.7266845703,SPY,1170
2019-12-17,342029.98458862305,73.34762573242188,341956.6369628906,SPY,1170
2019-12-18,342051.3722229004,73.34762573242188,341978.02459716797,SPY,1170
2019-12-19,343453.17276000977,73.34762573242188,343379.82513427734,SPY,1170
2019-12-20,344958.6622619629,73.34762573242188,344885.31463623047,SPY,1170
2019-12-23,345485.5335998535,73.34762573242188,345412.1859741211,SPY,1170
2019-12-24,345496.2809753418,73.34762573242188,345422.9333496094,SPY,1170
2019-12-26,347335.04623413086,73.34762573242188,347261.69860839844,SPY,1170
2019-12-27,347248.8887023926,73.34762573242188,347175.54107666016,SPY,1170
2019-12-30,345334.92752075195,73.34762573242188,345261.57989501953,SPY,1170
2019-12-31,346173.61557006836,73.34762573242188,346100.26794433594,SPY,1170
2020-01-02,349410.3251647949,73.34762573242188,349336.9775390625,SPY,1170
2020-01-03,346765.1139831543,73.34762573242188,346691.7663574219,SPY,1170
2020-01-06,348087.755279541,73.34762573242188,348014.4076538086,SPY,1170
2020-01-07,347109.27993774414,73.34762573242188,347035.9323120117,SPY,1170
2020-01-08,348958.7211608887,73.34762573242188,348885.37353515625,SPY,1170
2020-01-09,351324.39346313477,73.34762573242188,351251.04583740234,SPY,1170
2020-01-10,350313.67599487305,73.34762573242188,350240.3283691406,SPY,1170
2020-01-13,352722.33779907227,73.34762573242188,352648.99017333984,SPY,1170
2020-01-14,352184.71908569336,73.34762573242188,352111.37145996094,SPY,1170
2020-01-15,352980.41763305664,73.34762573242188,352907.0700073242,SPY,1170
2020-01-16,355915.9864807129,73.34762573242188,355842.63885498047,SPY,1170
2020-01-17,357023.50173950195,73.34762573242188,356950.15411376953,SPY,1170
2020-01-21,356324.6723937988,73.34762573242188,356251.3247680664,SPY,1170
2020-01-22,356367.55477905273,73.34762573242188,356294.2071533203,SPY,1170
2020-01-23,356776.3478088379,73.34762573242188,356703.00018310547,SPY,1170
2020-01-24,353604.0153503418,73.34762573242188,353530.6677246094,SPY,1170
2020-01-27,347937.18490600586,73.34762573242188,347863.83728027344,SPY,1170
2020-01-28,351582.54470825195,73.34762573242188,351509.19708251953,SPY,1170
2020-01-29,351292.1513366699,73.34762573242188,351218.8037109375,SPY,1170
2020-01-30,352432.08724975586,73.34762573242188,352358.73962402344,SPY,1170
2020-01-31,346033.9353942871,73.34762573242188,345960.5877685547,SPY,1170
2020-02-03,348603.84353637695,73.34762573242188,348530.49591064453,SPY,1170
2020-02-04,353915.867767334,73.34762573242188,353842.52014160156,SPY,1170
2020-02-05,358002.08419799805,73.34762573242188,357928.7365722656,SPY,1170
2020-02-06,359206.46865844727,73.34762573242188,359133.12103271484,SPY,1170
2020-02-07,357292.50747680664,73.34762573242188,357219.1598510742,SPY,1170
2020-02-10,359959.24911499023,73.34762573242188,359885.9014892578,SPY,1170
2020-02-11,360582.8468322754,73.34762573242188,360509.49920654297,SPY,1170
2020-02-12,362905.6367492676,73.34762573242188,362832.28912353516,SPY,1170
2020-02-13,362518.4455871582,73.34762573242188,362445.0979614258,SPY,1170
2020-02-14,363099.08950805664,73.34762573242188,363025.7418823242,SPY,1170
2020-02-18,362163.6036682129,73.34762573242188,362090.25604248047,SPY,1170
2020-02-19,363894.85946655273,73.34762573242188,363821.5118408203,SPY,1170
2020-02-20,362400.2601623535,73.34762573242188,362326.9125366211,SPY,1170
2020-02-21,358668.84994506836,73.34762573242188,358595.50231933594,SPY,1170
2020-02-24,346775.8613586426,73.34762573242188,346702.51373291016,SPY,1170
2020-02-25,336269.9983215332,73.34762573242188,336196.6506958008,SPY,1170
2020-02-26,335033.51455688477,73.34762573242188,334960.16693115234,SPY,1170
2020-02-27,319989.7953796387,73.34762573242188,319916.44775390625,SPY,1170
2020-02-28,318645.7307434082,73.34762573242188,318572.3831176758,SPY,1170
2020-03-02,332441.96884155273,73.34762573242188,332368.6212158203,SPY,1170
2020-03-03,322925.43563842773,73.34762573242188,322852.0880126953,SPY,1170
2020-03-04,336495.8003234863,73.34762573242188,336422.4526977539,SPY,1170
2020-03-05,325312.566986084,73.34762573242188,325239.21936035156,SPY,1170
2020-03-06,319936.1299133301,73.34762573242188,319862.78228759766,SPY,1170
2020-03-09,294956.640625,73.34762573242188,294883.2929992676,SPY,1170
2020-03-10,310215.2180480957,73.34762573242188,310141.8704223633,SPY,1170
2020-03-11,295096.28509521484,73.34762573242188,295022.9374694824,SPY,1170
2020-03-12,266869.3745422363,73.34762573242188,266796.0269165039,SPY,1170
2020-03-13,289676.6799926758,73.34762573242188,289603.33236694336,SPY,1170
2020-03-16,257987.25784301758,73.34762573242188,257913.91021728516,SPY,1170
2020-03-17,271912.5537109375,73.34762573242188,271839.2060852051,SPY,1170
2020-03-18,258148.5398864746,73.34762573242188,258075.1922607422,SPY,1170
2020-03-19,258696.9773864746,73.34762573242188,258623.6297607422,SPY,1170
2020-03-20,247551.75262451172,73.34762573242188,247478.4049987793,SPY,1170
2020-03-23,241224.19067382812,73.34762573242188,241150.8430480957,SPY,1170
2020-03-24,263073.24798583984,73.34762573242188,262999.9003601074,SPY,1170
2020-03-25,267010.411529541,73.34762573242188,266937.0639038086,SPY,1170
2020-03-26,282596.7839050293,73.34762573242188,282523.4362792969,SPY,1170
2020-03-27,274181.6246032715,73.34762573242188,274108.27697753906,SPY,1170
2020-03-30,283083.5221862793,73.34762573242188,283010.1745605469,SPY,1170
2020-03-31,278865.1237487793,73.34762573242188,278791.7761230469,SPY,1170
2020-04-01,266318.16986083984,73.34762573242188,266244.8222351074,SPY,1170
2020-04-02,272461.83029174805,73.34762573242188,272388.4826660156,SPY,1170
2020-04-03,268524.7381591797,73.34762573242188,268451.39053344727,SPY,1170
2020-04-06,286555.58502197266,73.34762573242188,286482.23739624023,SPY,1170
2020-04-07,286847.58514404297,73.34762573242188,286774.23751831055,SPY,1170
2020-04-08,296474.18075561523,73.34762573242188,296400.8331298828,SPY,1170
2020-04-09,300984.57931518555,73.34762573242188,300911.2316894531,SPY,1170
2020-04-13,298237.21450805664,73.34762573242188,298163.8668823242,SPY,1170
2020-04-14,307031.03134155273,73.34762573242188,306957.6837158203,SPY,1170
2020-04-15,300508.73123168945,73.34762573242188,300435.38360595703,SPY,1170
2020-04-16,301958.02017211914,73.34762573242188,301884.6725463867,SPY,1170
2020-04-17,310113.6357116699,73.34762573242188,310040.2880859375,SPY,1170
2020-04-20,304651.3624572754,73.34762573242188,304578.01483154297,SPY,1170
2020-04-21,295403.3529663086,73.34762573242188,295330.0053405762,SPY,1170
2020-04-22,301958.02017211914,73.34762573242188,301884.6725463867,SPY,1170
2020-04-23,301936.41830444336,73.34762573242188,301863.07067871094,SPY,1170
2020-04-24,306143.92654418945,73.34762573242188,306070.57891845703,SPY,1170
2020-04-27,310557.06314086914,73.34762573242188,310483.7155151367,SPY,1170
2020-04-28,309129.268951416,73.34762573242188,309055.9213256836,SPY,1170
2020-04-29,317219.9360656738,73.34762573242188,317146.5884399414,SPY,1170
2020-04-30,314267.15713500977,73.34762573242188,314193.80950927734,SPY,1170
2020-05-01,305949.295501709,73.34762573242188,305875.94787597656,SPY,1170
2020-05-04,306792.98233032227,73.34762573242188,306719.63470458984,SPY,1170
2020-05-05,309626.8617248535,73.34762573242188,309553.5140991211,SPY,1170
2020-05-06,307528.516998291,73.34762573242188,307455.1693725586,SPY,1170
2020-05-07,311238.5395812988,73.34762573242188,311165.1919555664,SPY,1170
2020-05-08,316387.13943481445,73.34762573242188,316313.79180908203,SPY,1170
2020-05-11,316452.052154541,73.34762573242188,316378.7045288086,SPY,1170
2020-05-12,310146.0206604004,73.34762573242188,310072.67303466797,SPY,1170
2020-05-13,304662.1455383301,73.34762573242188,304588.79791259766,SPY,1170
2020-05-14,308307.36251831055,73.34762573242188,308234.0148925781,SPY,1170
2020-05-15,309724.19509887695,73.34762573242188,309650.84747314453,SPY,1170
2020-05-18,319156.07040405273,73.34762573242188,319082.7227783203,SPY,1170
2020-05-19,315878.72787475586,73.34762573242188,315805.38024902344,SPY,1170
2020-05-20,321243.63204956055,73.34762573242188,321170.2844238281,SPY,1170
2020-05-21,319026.3163757324,73.34762573242188,318952.96875,SPY,1170
2020-05-22,319632.06130981445,73.34762573242188,319558.71368408203,SPY,1170
2020-05-26,323569.171295166,73.34762573242188,323495.8236694336,SPY,1170
2020-05-27,328382.42446899414,73.34762573242188,328309.0768432617,SPY,1170
2020-05-28,327776.7152404785,73.34762573242188,327703.3676147461,SPY,1170
2020-05-29,329237.03720092773,73.34762573242188,329163.6895751953,SPY,1170
2020-06-01,330567.3194885254,73.34762573242188,330493.97186279297,SPY,1170
2020-06-02,333303.9012145996,73.34762573242188,333230.5535888672,SPY,1170
2020-06-03,337738.6039733887,73.34762573242188,337665.25634765625,SPY,1170
2020-06-04,336851.6062927246,73.34762573242188,336778.2586669922,SPY,1170
2020-06-05,345483.1770324707,73.34762573242188,345409.8294067383,SPY,1170
2020-06-08,349658.2646179199,73.34762573242188,349584.9169921875,SPY,1170
2020-06-09,347051.54403686523,73.34762573242188,346978.1964111328,SPY,1170
2020-06-10,345115.4096984863,73.34762573242188,345042.0620727539,SPY,1170
2020-06-11,325224.0528869629,73.34762573242188,325150.70526123047,SPY,1170
2020-06-12,329117.9234313965,73.34762573242188,329044.57580566406,SPY,1170
2020-06-15,332189.7804260254,73.34762573242188,332116.43280029297,SPY,1170
2020-06-16,338582.36221313477,73.34762573242188,338509.01458740234,SPY,1170
2020-06-17,337176.134185791,73.34762573242188,337102.7865600586,SPY,1170
2020-06-18,337305.8168029785,73.34762573242188,337232.4691772461,SPY,1170
2020-06-19,335378.680267334,73.34762573242188,335305.33264160156,SPY,1170
2020-06-22,337529.6907043457,73.34762573242188,337456.3430786133,SPY,1170
2020-06-23,339083.31130981445,73.34762573242188,339009.96368408203,SPY,1170
2020-06-24,330435.5659484863,73.34762573242188,330362.2183227539,SPY,1170
2020-06-25,333977.09396362305,73.34762573242188,333903.7463378906,SPY,1170
2020-06-26,326046.6377258301,73.34762573242188,325973.29010009766,SPY,1170
2020-06-29,330837.5392150879,73.34762573242188,330764.19158935547,SPY,1170
2020-06-30,335074.50454711914,73.34762573242188,335001.1569213867,SPY,1170
2020-07-01,337421.2171936035,73.34762573242188,337347.8695678711,SPY,1170
2020-07-02,339278.8349914551,73.34762573242188,339205.48736572266,SPY,1170
2020-07-06,344515.3062438965,73.34762573242188,344441.95861816406,SPY,1170
2020-07-07,340962.81661987305,73.34762573242188,340889.4689941406,SPY,1170
2020-07-08,343570.0370788574,73.34762573242188,343496.689453125,SPY,1170
2020-07-09,341614.65744018555,73.34762573242188,341541.3098144531,SPY,1170
2020-07-10,345101.9844055176,73.34762573242188,345028.63677978516,SPY,1170
2020-07-13,342114.3211364746,73.34762573242188,342040.9735107422,SPY,1170
2020-07-14,346546.7744445801,73.34762573242188,346473.42681884766,SPY,1170
2020-07-15,349729.9971008301,73.34762573242188,349656.64947509766,SPY,1170
2020-07-16,348578.4211730957,73.34762573242188,348505.0735473633,SPY,1170
2020-07-17,349588.74588012695,73.34762573242188,349515.39825439453,SPY,1170
2020-07-20,352413.377532959,73.34762573242188,352340.02990722656,SPY,1170
2020-07-21,353162.9801940918,73.34762573242188,353089.6325683594,SPY,1170
2020-07-22,355172.7751159668,73.34762573242188,355099.4274902344,SPY,1170
2020-07-23,350935.91690063477,73.34762573242188,350862.56927490234,SPY,1170
2020-07-24,348676.2187194824,73.34762573242188,348602.87109375,SPY,1170
2020-07-27,351218.3836364746,73.34762573242188,351145.0360107422,SPY,1170
2020-07-28,348991.24893188477,73.34762573242188,348917.90130615234,SPY,1170
2020-07-29,353282.4867248535,73.34762573242188,353209.1390991211,SPY,1170
2020-07-30,352022.2587585449,73.34762573242188,351948.9111328125,SPY,1170
2020-07-31,354803.40103149414,73.34762573242188,354730.0534057617,SPY,1170
2020-08-03,357269.5845031738,73.34762573242188,357196.2368774414,SPY,1170
2020-08-04,358649.39041137695,73.34762573242188,358576.04278564453,SPY,1170
2020-08-05,360876.31088256836,73.34762573242188,360802.96325683594,SPY,1170
2020-08-06,363288.25759887695,73.34762573242188,363214.90997314453,SPY,1170
2020-08-07,363549.0153503418,73.34762573242188,363475.6677246094,SPY,1170
2020-08-10,364635.35720825195,73.34762573242188,364562.00958251953,SPY,1170
2020-08-11,361626.0920715332,73.34762573242188,361552.7444458008,SPY,1170
2020-08-12,366666.78970336914,73.34762573242188,366593.4420776367,SPY,1170
2020-08-13,366004.20150756836,73.34762573242188,365930.85388183594,SPY,1170
2020-08-14,366015.02029418945,73.34762573242188,365941.67266845703,SPY,1170
2020-08-17,367177.52212524414,73.34762573242188,367104.1744995117,SPY,1170
2020-08-18,367970.721282959,73.34762573242188,367897.37365722656,SPY,1170
2020-08-19,366438.7382507324,73.34762573242188,366365.390625,SPY,1170
2020-08-20,367579.4953918457,73.34762573242188,367506.1477661133,SPY,1170
2020-08-21,368883.1056213379,73.34762573242188,368809.75799560547,SPY,1170
2020-08-24,372620.4072570801,73.34762573242188,372547.05963134766,SPY,1170
2020-08-25,373924.01748657227,73.34762573242188,373850.66986083984,SPY,1170
2020-08-26,377672.06649780273,73.34762573242188,377598.7188720703,SPY,1170
2020-08-27,378497.75772094727,73.34762573242188,378424.41009521484,SPY,1170
2020-08-28,380942.19650268555,73.34762573242188,380868.8488769531,SPY,1170
2020-08-31,379562.3905944824,73.34762573242188,379489.04296875,SPY,1170
2020-09-01,383136.62490844727,73.34762573242188,383063.27728271484,SPY,1170
2020-09-02,388677.2361755371,73.34762573242188,388603.8885498047,SPY,1170
2020-09-03,375303.68057250977,73.34762573242188,375230.33294677734,SPY,1170
2020-09-04,372240.0715637207,73.34762573242188,372166.7239379883,SPY,1170
2020-09-08,362071.34048461914,73.34762573242188,361997.9928588867,SPY,1170
2020-09-09,369219.98764038086,73.34762573242188,369146.64001464844,SPY,1170
2020-09-10,362810.1957702637,73.34762573242188,362736.84814453125,SPY,1170
2020-09-11,362994.9006652832,73.34762573242188,362921.5530395508,SPY,1170
2020-09-14,367774.9833679199,73.34762573242188,367701.6357421875,SPY,1170
2020-09-15,369632.7796936035,73.34762573242188,369559.4320678711,SPY,1170
2020-09-16,368166.2092590332,73.34762573242188,368092.8616333008,SPY,1170
2020-09-17,364928.6784362793,73.34762573242188,364855.3308105469,SPY,1170
2020-09-18,360728.20419311523,73.34762573242188,360654.8565673828,SPY,1170
2020-09-21,356714.32723999023,73.34762573242188,356640.9796142578,SPY,1170
2020-09-22,360346.475982666,73.34762573242188,360273.1283569336,SPY,1170
2020-09-23,351991.4448547363,73.34762573242188,351918.0972290039,SPY,1170
2020-09-24,352929.3943786621,73.34762573242188,352856.0467529297,SPY,1170
2020-09-25,358634.0727233887,73.34762573242188,358560.72509765625,SPY,1170
2020-09-28,364589.4755554199,73.34762573242188,364516.1279296875,SPY,1170
2020-09-29,362604.2817687988,73.34762573242188,362530.9341430664,SPY,1170
2020-09-30,365352.93197631836,73.34762573242188,365279.58435058594,SPY,1170
2020-10-01,367698.03787231445,73.34762573242188,367624.69024658203,SPY,1170
2020-10-02,364207.6402282715,73.34762573242188,364134.29260253906,SPY,1170
2020-10-05,370664.8847961426,73.34762573242188,370591.53717041016,SPY,1170
2020-10-06,365396.6355895996,73.34762573242188,365323.2879638672,SPY,1170
2020-10-07,371755.6184387207,73.34762573242188,371682.2708129883,SPY,1170
2020-10-08,375049.7425842285,73.34762573242188,374976.3949584961,SPY,1170
2020-10-09,378398.3891296387,73.34762573242188,378325.04150390625,SPY,1170
2020-10-12,384484.581451416,73.34762573242188,384411.2338256836,SPY,1170
2020-10-13,381975.9440612793,73.34762573242188,381902.5964355469,SPY,1170
2020-10-14,379576.24435424805,73.34762573242188,379502.8967285156,SPY,1170
2020-10-15,379107.21603393555,73.34762573242188,379033.8684082031,SPY,1170
2020-10-16,378878.12911987305,73.34762573242188,378804.7814941406,SPY,1170
2020-10-19,373119.1426086426,73.34762573242188,373045.79498291016,SPY,1170
2020-10-20,374613.38485717773,73.34762573242188,374540.0372314453,SPY,1170
2020-10-21,373904.45083618164,73.34762573242188,373831.1032104492,SPY,1170
2020-10-22,375954.9858093262,73.34762573242188,375881.63818359375,SPY,1170
2020-10-23,377231.20986938477,73.34762573242188,377157.86224365234,SPY,1170
2020-10-26,370261.37619018555,73.34762573242188,370188.0285644531,SPY,1170
2020-10-27,368985.22354125977,73.34762573242188,368911.87591552734,SPY,1170
2020-10-28,356376.12411499023,73.34762573242188,356302.7764892578,SPY,1170
2020-10-29,359997.4183654785,73.34762573242188,359924.0707397461,SPY,1170
2020-10-30,356245.2275085449,73.34762573242188,356171.8798828125,SPY,1170
2020-11-02,360237.3954772949,73.34762573242188,360164.0478515625,SPY,1170
2020-11-03,366596.378326416,73.34762573242188,366523.0307006836,SPY,1170
2020-11-04,374787.9493713379,73.34762573242188,374714.60174560547,SPY,1170
2020-11-05,382095.8433532715,73.34762573242188,382022.49572753906,SPY,1170
2020-11-06,382008.614654541,73.34762573242188,381935.2670288086,SPY,1170
2020-11-09,386807.9426574707,73.34762573242188,386734.5950317383,SPY,1170
2020-11-10,386240.724029541,73.34762573242188,386167.3764038086,SPY,1170
2020-11-11,389109.45205688477,73.34762573242188,389036.10443115234,SPY,1170
2020-11-12,385335.48080444336,73.34762573242188,385262.13317871094,SPY,1170
2020-11-13,390669.1426086426,73.34762573242188,390595.79498291016,SPY,1170
2020-11-16,395544.84481811523,73.34762573242188,395471.4971923828,SPY,1170
2020-11-17,393417.8642272949,73.34762573242188,393344.5166015625,SPY,1170
2020-11-18,388684.0202331543,73.34762573242188,388610.6726074219,SPY,1170
2020-11-19,390320.1921081543,73.34762573242188,390246.8444824219,SPY,1170
2020-11-20,387647.7732849121,73.34762573242188,387574.4256591797,SPY,1170
2020-11-23,389971.0987854004,73.34762573242188,389897.75115966797,SPY,1170
2020-11-24,396253.7788391113,73.34762573242188,396180.4312133789,SPY,1170
2020-11-25,395642.999420166,73.34762573242188,395569.6517944336,SPY,1170
2020-11-27,396744.58755493164,73.34762573242188,396671.2399291992,SPY,1170
2020-11-30,394988.48068237305,73.34762573242188,394915.1330566406,SPY,1170
2020-12-01,399307.8901672363,73.34762573242188,399234.5425415039,SPY,1170
2020-12-02,400147.6136779785,73.34762573242188,400074.2660522461,SPY,1170
2020-12-03,400038.5688781738,73.34762573242188,399965.2212524414,SPY,1170
2020-12-04,403485.4057312012,73.34762573242188,403412.05810546875,SPY,1170
2020-12-07,402656.42959594727,73.34762573242188,402583.08197021484,SPY,1170
2020-12-08,403834.4633483887,73.34762573242188,403761.11572265625,SPY,1170
2020-12-09,400213.133392334,73.34762573242188,400139.78576660156,SPY,1170
2020-12-10,400082.2724914551,73.34762573242188,400008.92486572266,SPY,1170
2020-12-11,399613.17276000977,73.34762573242188,399539.82513427734,SPY,1170
2020-12-14,397824.39529418945,73.34762573242188,397751.04766845703,SPY,1170
2020-12-15,403201.86782836914,73.34762573242188,403128.5202026367,SPY,1170
2020-12-16,403834.4633483887,73.34762573242188,403761.11572265625,SPY,1170
2020-12-17,406092.2334289551,73.34762573242188,406018.88580322266,SPY,1170
2020-12-18,404471.1293029785,73.34762573242188,404397.7816772461,SPY,1170
2020-12-21,403025.1609802246,73.34762573242188,402951.8133544922,SPY,1170
2020-12-22,402345.9696960449,73.34762573242188,402272.6220703125,SPY,1170
2020-12-23,402707.559967041,73.34762573242188,402634.2123413086,SPY,1170
2020-12-24,404273.9274597168,73.34762573242188,404200.5798339844,SPY,1170
2020-12-28,407746.3652038574,73.34762573242188,407673.017578125,SPY,1170
2020-12-29,406968.6265563965,73.34762573242188,406895.27893066406,SPY,1170
2020-12-30,407549.1990661621,73.34762573242188,407475.8514404297,SPY,1170
2020-12-31,409619.4792175293,73.34762573242188,409546.1315917969,SPY,1170
2021-01-04,404043.91220092773,73.34762573242188,403970.5645751953,SPY,1170
2021-01-05,406826.26846313477,73.34762573242188,406752.92083740234,SPY,1170
2021-01-06,409257.960357666,73.34762573242188,409184.6127319336,SPY,1170
2021-01-07,415337.4043273926,73.34762573242188,415264.05670166016,SPY,1170
2021-01-08,417703.54080200195,73.34762573242188,417630.19317626953,SPY,1170
2021-01-11,414888.3354187012,73.34762573242188,414814.98779296875,SPY,1170
2021-01-12,414975.8854675293,73.34762573242188,414902.5378417969,SPY,1170
2021-01-13,416093.2911682129,73.34762573242188,416019.94354248047,SPY,1170
2021-01-14,414636.36123657227,73.34762573242188,414563.01361083984,SPY,1170
2021-01-15,411613.1352233887,73.34762573242188,411539.78759765625,SPY,1170
2021-01-19,414844.5246887207,73.34762573242188,414771.1770629883,SPY,1170
2021-01-20,420584.3730163574,73.34762573242188,420511.025390625,SPY,1170
2021-01-21,420967.6722717285,73.34762573242188,420894.3246459961,SPY,1170
2021-01-22,419477.96463012695,73.34762573242188,419404.61700439453,SPY,1170
2021-01-25,421132.0606994629,73.34762573242188,421058.71307373047,SPY,1170
2021-01-26,420474.82833862305,73.34762573242188,420401.4807128906,SPY,1170
2021-01-27,410200.0517272949,73.34762573242188,410126.7041015625,SPY,1170
2021-01-28,413727.1903991699,73.34762573242188,413653.8427734375,SPY,1170
2021-01-29,405446.0697937012,73.34762573242188,405372.72216796875,SPY,1170
2021-02-01,412193.6720275879,73.34762573242188,412120.32440185547,SPY,1170
2021-02-02,418021.21322631836,73.34762573242188,417947.86560058594,SPY,1170
2021-02-03,418349.74014282227,73.34762573242188,418276.39251708984,SPY,1170
2021-02-04,423103.82919311523,73.34762573242188,423030.4815673828,SPY,1170
2021-02-05,424768.74404907227,73.34762573242188,424695.39642333984,SPY,1170
2021-02-08,427835.85220336914,73.34762573242188,427762.5045776367,SPY,1170
2021-02-09,427551.0646057129,73.34762573242188,427477.71697998047,SPY,1170
2021-02-10,427364.8243713379,73.34762573242188,427291.47674560547,SPY,1170
2021-02-11,428054.9415588379,73.34762573242188,427981.59393310547,SPY,1170
2021-02-12,430169.10385131836,73.34762573242188,430095.75622558594,SPY,1170
2021-02-16,429796.62338256836,73.34762573242188,429723.27575683594,SPY,1170
2021-02-17,429895.1707458496,73.34762573242188,429821.8231201172,SPY,1170
2021-02-18,428065.9745788574,73.34762573242188,427992.626953125,SPY,1170
2021-02-19,427309.9806213379,73.34762573242188,427236.63299560547,SPY,1170
2021-02-22,424023.9973449707,73.34762573242188,423950.6497192383,SPY,1170
2021-02-23,424538.8359069824,73.34762573242188,424465.48828125,SPY,1170
2021-02-24,429216.0151672363,73.34762573242188,429142.6675415039,SPY,1170
2021-02-25,418875.5046081543,73.34762573242188,418802.1569824219,SPY,1170
2021-02-26,416717.6387023926,73.34762573242188,416644.29107666016,SPY,1170
2021-03-01,426817.1366882324,73.34762573242188,426743.7890625,SPY,1170
2021-03-02,423487.16415405273,73.34762573242188,423413.8165283203,SPY,1170
2021-03-03,417878.7480163574,73.34762573242188,417805.400390625,SPY,1170
2021-03-04,412708.5105895996,73.34762573242188,412635.1629638672,SPY,1170
2021-03-05,420299.54971313477,73.34762573242188,420226.20208740234,SPY,1170
2021-03-08,418207.34634399414,73.34762573242188,418133.9987182617,SPY,1170
2021-03-09,424177.31704711914,73.34762573242188,424103.9694213867,SPY,1170
2021-03-10,426817.1366882324,73.34762573242188,426743.7890625,SPY,1170
2021-03-11,431143.9729309082,73.34762573242188,431070.6253051758,SPY,1170
2021-03-12,431724.58114624023,73.34762573242188,431651.2335205078,SPY,1170
2021-03-15,434298.6668395996,73.34762573242188,434225.3192138672,SPY,1170
2021-03-16,433751.01486206055,73.34762573242188,433677.6672363281,SPY,1170
2021-03-17,435229.7966003418,73.34762573242188,435156.4489746094,SPY,1170
2021-03-18,428898.44985961914,73.34762573242188,428825.1022338867,SPY,1170
2021-03-19,428105.00076293945,73.34762573242188,428031.65313720703,SPY,1170
2021-03-22,431522.7732849121,73.34762573242188,431449.4256591797,SPY,1170
2021-03-23,428126.8882751465,73.34762573242188,428053.54064941406,SPY,1170
2021-03-24,425950.9553527832,73.34762573242188,425877.6077270508,SPY,1170
2021-03-25,428346.69174194336,73.34762573242188,428273.34411621094,SPY,1170
2021-03-26,435248.29208374023,73.34762573242188,435174.9444580078,SPY,1170
2021-03-29,435028.52432250977,73.34762573242188,434955.17669677734,SPY,1170
2021-03-30,433874.7346496582,73.34762573242188,433801.3870239258,SPY,1170
2021-03-31,435632.91244506836,73.34762573242188,435559.56481933594,SPY,1170
2021-04-01,440336.5852355957,73.34762573242188,440263.2376098633,SPY,1170
2021-04-05,446655.79208374023,73.34762573242188,446582.4444580078,SPY,1170
2021-04-06,446392.03506469727,73.34762573242188,446318.68743896484,SPY,1170
2021-04-07,446908.5517883301,73.34762573242188,446835.20416259766,SPY,1170
2021-04-08,449029.60525512695,73.34762573242188,448956.25762939453,SPY,1170
2021-04-09,452293.4867858887,73.34762573242188,452220.13916015625,SPY,1170
2021-04-12,452458.44650268555,73.34762573242188,452385.0988769531,SPY,1170
2021-04-13,453799.19052124023,73.34762573242188,453725.8428955078,SPY,1170
2021-04-14,452249.568939209,73.34762573242188,452176.22131347656,SPY,1170
2021-04-15,457107.06130981445,73.34762573242188,457033.71368408203,SPY,1170
2021-04-16,458634.68826293945,73.34762573242188,458561.34063720703,SPY,1170
2021-04-19,456381.7027282715,73.34762573242188,456308.35510253906,SPY,1170
2021-04-20,453040.9114074707,73.34762573242188,452967.5637817383,SPY,1170
2021-04-21,457326.8290710449,73.34762573242188,457253.4814453125,SPY,1170
2021-04-22,453150.81314086914,73.34762573242188,453077.4655151367,SPY,1170
2021-04-23,458063.184967041,73.34762573242188,457989.8373413086,SPY,1170
2021-04-26,459019.344329834,73.34762573242188,458945.99670410156,SPY,1170
2021-04-27,458920.36849975586,73.34762573242188,458847.02087402344,SPY,1170
2021-04-28,458788.5078430176,73.34762573242188,458715.16021728516,SPY,1170
2021-04-29,461711.8296813965,73.34762573242188,461638.48205566406,SPY,1170
2021-04-30,458678.60610961914,73.34762573242188,458605.2584838867,SPY,1170
2021-05-03,459667.7217102051,73.34762573242188,459594.37408447266,SPY,1170
2021-05-04,456832.23556518555,73.34762573242188,456758.8879394531,SPY,1170
2021-05-05,456975.16494750977,73.34762573242188,456901.81732177734,SPY,1170
2021-05-06,460623.88107299805,73.34762573242188,460550.5334472656,SPY,1170
2021-05-07,463975.74111938477,73.34762573242188,463902.39349365234,SPY,1170
2021-05-10,459382.0414733887,73.34762573242188,459308.69384765625,SPY,1170
2021-05-11,455282.6853942871,73.34762573242188,455209.3377685547,SPY,1170
2021-05-12,445611.7970275879,73.34762573242188,445538.44940185547,SPY,1170
2021-05-13,450963.7400817871,73.34762573242188,450890.3924560547,SPY,1170
2021-05-14,457887.33505249023,73.34762573242188,457813.9874267578,SPY,1170
2021-05-17,456722.4409484863,73.34762573242188,456649.0933227539,SPY,1170
2021-05-18,452788.04458618164,73.34762573242188,452714.6969604492,SPY,1170
2021-05-19,451601.1915588379,73.34762573242188,451527.84393310547,SPY,1170
2021-05-20,456458.71963500977,73.34762573242188,456385.37200927734,SPY,1170
2021-05-21,456085.02517700195,73.34762573242188,456011.67755126953,SPY,1170
2021-05-24,460733.7471008301,73.34762573242188,460660.39947509766,SPY,1170
2021-05-25,459711.6752624512,73.34762573242188,459638.32763671875,SPY,1170
2021-05-26,460623.88107299805,73.34762573242188,460550.5334472656,SPY,1170
2021-05-27,460865.60775756836,73.34762573242188,460792.26013183594,SPY,1170
2021-05-28,461689.90646362305,73.34762573242188,461616.5588378906,SPY,1170
2021-06-01,461283.25576782227,73.34762573242188,461209.90814208984,SPY,1170
2021-06-02,462008.507232666,73.34762573242188,461935.1596069336,SPY,1170
2021-06-03,460294.1401672363,73.34762573242188,460220.7925415039,SPY,1170
2021-06-04,464503.2551574707,73.34762573242188,464429.9075317383,SPY,1170
2021-06-07,464052.6152038574,73.34762573242188,463979.267578125,SPY,1170
2021-06-08,464151.55532836914,73.34762573242188,464078.2077026367,SPY,1170
2021-06-09,463459.18869018555,73.34762573242188,463385.8410644531,SPY,1170
2021-06-10,465613.1269836426,73.34762573242188,465539.77935791016,SPY,1170
2021-06-11,466382.47482299805,73.34762573242188,466309.1271972656,SPY,1170
2021-06-14,467426.5769958496,73.34762573242188,467353.2293701172,SPY,1170
2021-06-15,466569.35775756836,73.34762573242188,466496.01013183594,SPY,1170
2021-06-16,463964.6723937988,73.34762573242188,463891.3247680664,SPY,1170
2021-06-17,463810.7814025879,73.34762573242188,463737.43377685547,SPY,1170
2021-06-18,457554.84481811523,73.34762573242188,457481.4971923828,SPY,1170
2021-06-21,464104.20974731445,73.34762573242188,464030.86212158203,SPY,1170
2021-06-22,466584.9967956543,73.34762573242188,466511.6491699219,SPY,1170
2021-06-23,466022.7055358887,73.34762573242188,465949.35791015625,SPY,1170
2021-06-24,468779.13955688477,73.34762573242188,468705.79193115234,SPY,1170
2021-06-25,470443.9472961426,73.34762573242188,470370.59967041016,SPY,1170
2021-06-28,471392.2514343262,73.34762573242188,471318.90380859375,SPY,1170
2021-06-29,471645.86807250977,73.34762573242188,471572.52044677734,SPY,1170
2021-06-30,472042.73544311523,73.34762573242188,471969.3878173828,SPY,1170
2021-07-01,474655.88302612305,73.34762573242188,474582.5354003906,SPY,1170
2021-07-02,478283.2829284668,73.34762573242188,478209.9353027344,SPY,1170
2021-07-06,477412.2456359863,73.34762573242188,477338.8980102539,SPY,1170
2021-07-07,479099.29794311523,73.34762573242188,479025.9503173828,SPY,1170
2021-07-08,475196.1796569824,73.34762573242188,475122.83203125,SPY,1170
2021-07-09,480268.0125427246,73.34762573242188,480194.6649169922,SPY,1170
2021-07-12,481988.0210876465,73.34762573242188,481914.67346191406,SPY,1170
2021-07-13,480345.1365661621,73.34762573242188,480271.7889404297,SPY,1170
2021-07-14,481061.78298950195,73.34762573242188,480988.43536376953,SPY,1170
2021-07-15,479418.9698791504,73.34762573242188,479345.62225341797,SPY,1170
2021-07-16,475659.2094421387,73.34762573242188,475585.86181640625,SPY,1170
2021-07-19,468635.7817077637,73.34762573242188,468562.43408203125,SPY,1170
2021-07-20,475350.49911499023,73.34762573242188,475277.1514892578,SPY,1170
2021-07-21,479198.4880065918,73.34762573242188,479125.1403808594,SPY,1170
2021-07-22,480201.7430114746,73.34762573242188,480128.3953857422,SPY,1170
2021-07-23,485141.35818481445,73.34762573242188,485068.01055908203,SPY,1170
2021-07-26,486332.1745300293,73.34762573242188,486258.8269042969,SPY,1170
2021-07-27,484115.96572875977,73.34762573242188,484042.61810302734,SPY,1170
2021-07-28,483917.54989624023,73.34762573242188,483844.2022705078,SPY,1170
2021-07-29,485924.2027282715,73.34762573242188,485850.85510253906,SPY,1170
2021-07-30,483564.7074890137,73.34762573242188,483491.35986328125,SPY,1170
2021-08-02,482550.3123474121,73.34762573242188,482476.9647216797,SPY,1170
2021-08-03,486475.4609680176,73.34762573242188,486402.11334228516,SPY,1170
2021-08-04,484082.8666687012,73.34762573242188,484009.51904296875,SPY,1170
2021-08-05,487148.1181335449,73.34762573242188,487074.7705078125,SPY,1170
2021-08-06,487952.850189209,73.34762573242188,487879.50256347656,SPY,1170
2021-08-09,487555.9828186035,73.34762573242188,487482.6351928711,SPY,1170
2021-08-10,488162.5132751465,73.34762573242188,488089.16564941406,SPY,1170
2021-08-11,489375.21713256836,73.34762573242188,489301.86950683594,SPY,1170
2021-08-12,490841.60903930664,73.34762573242188,490768.2614135742,SPY,1170
2021-08-13,491734.8194885254,73.34762573242188,491661.47186279297,SPY,1170
2021-08-16,492892.393951416,73.34762573242188,492819.0463256836,SPY,1170
2021-08-17,489661.93283081055,73.34762573242188,489588.5852050781,SPY,1170
2021-08-18,484303.455657959,73.34762573242188,484230.10803222656,SPY,1170
2021-08-19,485053.1297302246,73.34762573242188,484979.7821044922,SPY,1170
2021-08-20,488912.1516418457,73.34762573242188,488838.8040161133,SPY,1170
2021-08-23,493212.1730041504,73.34762573242188,493138.82537841797,SPY,1170
2021-08-24,493995.0532531738,73.34762573242188,493921.7056274414,SPY,1170
2021-08-25,495031.51443481445,73.34762573242188,494958.16680908203,SPY,1170
2021-08-26,492109.7636413574,73.34762573242188,492036.416015625,SPY,1170
2021-08-27,496508.86795043945,73.34762573242188,496435.52032470703,SPY,1170
2021-08-30,498692.0133972168,73.34762573242188,498618.6657714844,SPY,1170
2021-08-31,497953.2652282715,73.34762573242188,497879.91760253906,SPY,1170
2021-09-01,498217.9148864746,73.34762573242188,498144.5672607422,SPY,1170
2021-09-02,499750.5049133301,73.34762573242188,499677.15728759766,SPY,1170
2021-09-03,499629.1059875488,73.34762573242188,499555.7583618164,SPY,1170
2021-09-07,497843.0421447754,73.34762573242188,497769.69451904297,SPY,1170
2021-09-08,497236.58309936523,73.34762573242188,497163.2354736328,SPY,1170
2021-09-09,495108.63845825195,73.34762573242188,495035.29083251953,SPY,1170
2021-09-10,491205.4130554199,73.34762573242188,491132.0654296875,SPY,1170
2021-09-13,492462.46322631836,73.34762573242188,492389.11560058594,SPY,1170
2021-09-14,489805.2192687988,73.34762573242188,489731.8716430664,SPY,1170
2021-09-15,493895.75607299805,73.34762573242188,493822.4084472656,SPY,1170
2021-09-16,493112.9829406738,73.34762573242188,493039.6353149414,SPY,1170
2021-09-17,488310.33432006836,73.34762573242188,488236.98669433594,SPY,1170
2021-09-20,480169.32235717773,73.34762573242188,480095.9747314453,SPY,1170
2021-09-21,479715.75454711914,73.34762573242188,479642.4069213867,SPY,1170
2021-09-22,484394.61196899414,73.34762573242188,484321.2643432617,SPY,1170
2021-09-23,490279.1749572754,73.34762573242188,490205.82733154297,SPY,1170
2021-09-24,491086.5492248535,73.34762573242188,491013.2015991211,SPY,1170
2021-09-27,489681.89224243164,73.34762573242188,489608.5446166992,SPY,1170
2021-09-28,479815.3373718262,73.34762573242188,479741.98974609375,SPY,1170
2021-09-29,480622.8544616699,73.34762573242188,480549.5068359375,SPY,1170
2021-09-30,474749.395904541,73.34762573242188,474676.0482788086,SPY,1170
2021-10-01,480390.51834106445,73.34762573242188,480317.17071533203,SPY,1170
2021-10-04,474196.3523864746,73.34762573242188,474123.0047607422,SPY,1170
2021-10-05,479129.57626342773,73.34762573242188,479056.2286376953,SPY,1170
2021-10-06,481120.55435180664,73.34762573242188,481047.2067260742,SPY,1170
2021-10-07,485279.50302124023,73.34762573242188,485206.1553955078,SPY,1170
2021-10-08,484394.61196899414,73.34762573242188,484321.2643432617,SPY,1170
2021-10-11,480888.2182312012,73.34762573242188,480814.87060546875,SPY,1170
2021-10-12,479704.757232666,73.34762573242188,479631.4096069336,SPY,1170
2021-10-13,481430.30014038086,73.34762573242188,481356.95251464844,SPY,1170
2021-10-14,489526.9300842285,73.34762573242188,489453.5824584961,SPY,1170
2021-10-15,493254.5555114746,73.34762573242188,493181.2078857422,SPY,1170
2021-10-18,494714.6989440918,73.34762573242188,494641.3513183594,SPY,1170
2021-10-19,498530.7670593262,73.34762573242188,498457.41943359375,SPY,1170
2021-10-20,500488.50326538086,73.34762573242188,500415.15563964844,SPY,1170
2021-10-21,501793.79165649414,73.34762573242188,501720.4440307617,SPY,1170
2021-10-22,501273.88290405273,73.34762573242188,501200.5352783203,SPY,1170
2021-10-25,503961.7622375488,73.34762573242188,503888.4146118164,SPY,1170
2021-10-26,504415.2229309082,73.34762573242188,504341.8753051758,SPY,1170
2021-10-27,502180.8757019043,73.34762573242188,502107.5280761719,SPY,1170
2021-10-28,507025.65689086914,73.34762573242188,506952.3092651367,SPY,1170
2021-10-29,508054.3699645996,73.34762573242188,507981.0223388672,SPY,1170
2021-11-01,508928.15658569336,73.34762573242188,508854.80895996094,SPY,1170
2021-11-02,510985.5827331543,73.34762573242188,510912.2351074219,SPY,1170
2021-11-03,514104.7496032715,73.34762573242188,514031.40197753906,SPY,1170
2021-11-04,516527.1223449707,73.34762573242188,516453.7747192383,SPY,1170
2021-11-05,518319.04190063477,73.34762573242188,518245.69427490234,SPY,1170
2021-11-08,518761.505279541,73.34762573242188,518688.1576538086,SPY,1170
2021-11-09,517047.0310974121,73.34762573242188,516973.6834716797,SPY,1170
2021-11-10,512888.0824279785,73.34762573242188,512814.7348022461,SPY,1170
2021-11-11,513053.93478393555,73.34762573242188,512980.5871582031,SPY,1170
2021-11-12,516925.382232666,73.34762573242188,516852.0346069336,SPY,1170
2021-11-15,517102.2319030762,73.34762573242188,517028.88427734375,SPY,1170
2021-11-16,519148.6964416504,73.34762573242188,519075.34881591797,SPY,1170
2021-11-17,517887.68295288086,73.34762573242188,517814.33532714844,SPY,1170
2021-11-18,519646.3963317871,73.34762573242188,519573.0487060547,SPY,1170
2021-11-19,518717.15896606445,73.34762573242188,518643.81134033203,SPY,1170
2021-11-22,517257.0869445801,73.34762573242188,517183.73931884766,SPY,1170
2021-11-23,517942.95516967773,73.34762573242188,517869.6075439453,SPY,1170
2021-11-24,519325.58181762695,73.34762573242188,519252.23419189453,SPY,1170
2021-11-26,507744.6241760254,73.34762573242188,507671.27655029297,SPY,1170
2021-11-29,513972.03201293945,73.34762573242188,513898.68438720703,SPY,1170
2021-11-30,503972.72384643555,73.34762573242188,503899.3762207031,SPY,1170
2021-12-01,498375.84060668945,73.34762573242188,498302.49298095703,SPY,1170
2021-12-02,506008.0125427246,73.34762573242188,505934.6649169922,SPY,1170
2021-12-03,501605.7661437988,73.34762573242188,501532.4185180664,SPY,1170
2021-12-06,507545.56564331055,73.34762573242188,507472.2180175781,SPY,1170
2021-12-07,518042.43087768555,73.34762573242188,517969.0832519531,SPY,1170
2021-12-08,519414.09591674805,73.34762573242188,519340.7482910156,SPY,1170
2021-12-09,515907.6664733887,73.34762573242188,515834.31884765625,SPY,1170
2021-12-10,520763.58779907227,73.34762573242188,520690.24017333984,SPY,1170
2021-12-13,516151.1070251465,73.34762573242188,516077.75939941406,SPY,1170
2021-12-14,512600.43838500977,73.34762573242188,512527.09075927734,SPY,1170
2021-12-15,520608.73275756836,73.34762573242188,520535.38513183594,SPY,1170
2021-12-16,516018.31802368164,73.34762573242188,515944.9703979492,SPY,1170
2021-12-17,510527.15896606445,73.34762573242188,510453.81134033203,SPY,1170
2021-12-20,505099.34158325195,73.34762573242188,505025.99395751953,SPY,1170
2021-12-21,514068.07998657227,73.34762573242188,513994.73236083984,SPY,1170
2021-12-22,519207.39639282227,73.34762573242188,519134.04876708984,SPY,1170
2021-12-23,522437.5361633301,73.34762573242188,522364.18853759766,SPY,1170
2021-12-27,529830.0166320801,73.34762573242188,529756.6690063477,SPY,1170
2021-12-28,529397.0866394043,73.34762573242188,529323.7390136719,SPY,1170
2021-12-29,530074.2070007324,73.34762573242188,530000.859375,SPY,1170
2021-12-30,528608.9933776855,73.34762573242188,528535.6457519531,SPY,1170
2021-12-31,527277.0686340332,73.34762573242188,527203.7210083008,SPY,1170
2022-01-03,530329.5375061035,73.34762573242188,530256.1898803711,SPY,1170
2022-01-04,530151.9380187988,73.34762573242188,530078.5903930664,SPY,1170
2022-01-05,519973.2450866699,73.34762573242188,519899.8974609375,SPY,1170
2022-01-06,519484.86434936523,73.34762573242188,519411.5167236328,SPY,1170
2022-01-07,517431.3301086426,73.34762573242188,517357.98248291016,SPY,1170
2022-01-10,516787.5944519043,73.34762573242188,516714.2468261719,SPY,1170
2022-01-11,521493.9451599121,73.34762573242188,521420.5975341797,SPY,1170
2022-01-12,522903.63662719727,73.34762573242188,522830.28900146484,SPY,1170
2022-01-13,515699.7529602051,73.34762573242188,515626.40533447266,SPY,1170
2022-01-14,515910.7371520996,73.34762573242188,515837.3895263672,SPY,1170
2022-01-18,506775.46798706055,73.34762573242188,506702.1203613281,SPY,1170
2022-01-19,501513.96713256836,73.34762573242188,501440.61950683594,SPY,1170
2022-01-20,495964.0367126465,73.34762573242188,495890.68908691406,SPY,1170
2022-01-21,486229.3782043457,73.34762573242188,486156.0305786133,SPY,1170
2022-01-24,488293.9811706543,73.34762573242188,488220.6335449219,SPY,1170
2022-01-25,482333.2939147949,73.34762573242188,482259.9462890625,SPY,1170
2022-01-26,481123.44650268555,73.34762573242188,481050.0988769531,SPY,1170
2022-01-27,478747.99087524414,73.34762573242188,478674.6432495117,SPY,1170
2022-01-28,490636.1235046387,73.34762573242188,490562.77587890625,SPY,1170
2022-01-31,499471.60873413086,73.34762573242188,499398.26110839844,SPY,1170
2022-02-01,502845.9632873535,73.34762573242188,502772.6156616211,SPY,1170
2022-02-02,507729.9848937988,73.34762573242188,507656.6372680664,SPY,1170
2022-02-03,495797.61306762695,73.34762573242188,495724.26544189453,SPY,1170
2022-02-04,498128.54385375977,73.34762573242188,498055.19622802734,SPY,1170
2022-02-07,496530.07705688477,73.34762573242188,496456.72943115234,SPY,1170
2022-02-08,500615.0080871582,73.34762573242188,500541.6604614258,SPY,1170
2022-02-09,507940.93338012695,73.34762573242188,507867.58575439453,SPY,1170
2022-02-10,498816.7329406738,73.34762573242188,498743.3853149414,SPY,1170
2022-02-11,488982.17025756836,73.34762573242188,488908.82263183594,SPY,1170
2022-02-14,487383.7748718262,73.34762573242188,487310.42724609375,SPY,1170
2022-02-15,495242.4629211426,73.34762573242188,495169.11529541016,SPY,1170
2022-02-16,495797.61306762695,73.34762573242188,495724.26544189453,SPY,1170
2022-02-17,485208.16329956055,73.34762573242188,485134.8156738281,SPY,1170
2022-02-18,482066.8946838379,73.34762573242188,481993.54705810547,SPY,1170
2022-02-22,476894.30068969727,73.34762573242188,476820.95306396484,SPY,1170
2022-02-23,468436.1518859863,73.34762573242188,468362.8042602539,SPY,1170
2022-02-24,475484.5735168457,73.34762573242188,475411.2258911133,SPY,1170
2022-02-25,485974.0476989746,73.34762573242188,485900.7000732422,SPY,1170
2022-02-28,484730.9226989746,73.34762573242188,484657.5750732422,SPY,1170
2022-03-01,477349.43954467773,73.34762573242188,477276.0919189453,SPY,1170
2022-03-02,486129.474029541,73.34762573242188,486056.1264038086,SPY,1170
2022-03-03,483709.63638305664,73.34762573242188,483636.2887573242,SPY,1170
2022-03-04,479780.38162231445,73.34762573242188,479707.03399658203,SPY,1170
2022-03-07,465638.9778137207,73.34762573242188,465565.6301879883,SPY,1170
2022-03-08,462109.1255187988,73.34762573242188,462035.7778930664,SPY,1170
2022-03-09,474496.707611084,73.34762573242188,474423.35998535156,SPY,1170
2022-03-10,472354.373626709,73.34762573242188,472281.02600097656,SPY,1170
2022-03-11,466349.34005737305,73.34762573242188,466275.9924316406,SPY,1170
2022-03-14,462941.63650512695,73.34762573242188,462868.28887939453,SPY,1170
2022-03-15,473120.36514282227,73.34762573242188,473047.01751708984,SPY,1170
2022-03-16,483609.76791381836,73.34762573242188,483536.42028808594,SPY,1170
2022-03-17,489659.2549133301,73.34762573242188,489585.90728759766,SPY,1170
2022-03-18,495021.5882873535,73.34762573242188,494948.2406616211,SPY,1170
2022-03-21,494876.873626709,73.34762573242188,494803.52600097656,SPY,1170
2022-03-22,500666.74545288086,73.34762573242188,500593.39782714844,SPY,1170
2022-03-23,494219.9626159668,73.34762573242188,494146.6149902344,SPY,1170
2022-03-24,501668.8578796387,73.34762573242188,501595.51025390625,SPY,1170
2022-03-25,504118.47396850586,73.34762573242188,504045.12634277344,SPY,1170
2022-03-28,507703.74130249023,73.34762573242188,507630.3936767578,SPY,1170
2022-03-29,513983.52920532227,73.34762573242188,513910.18157958984,SPY,1170
2022-03-30,510810.2326965332,73.34762573242188,510736.8850708008,SPY,1170
2022-03-31,502949.4023132324,73.34762573242188,502876.0546875,SPY,1170
2022-04-01,504374.5542907715,73.34762573242188,504301.20666503906,SPY,1170
2022-04-04,508694.6778869629,73.34762573242188,508621.33026123047,SPY,1170
2022-04-05,502270.1396179199,73.34762573242188,502196.7919921875,SPY,1170
2022-04-06,497248.4373474121,73.34762573242188,497175.0897216797,SPY,1170
2022-04-07,499753.75411987305,73.34762573242188,499680.4064941406,SPY,1170
2022-04-08,498417.6518249512,73.34762573242188,498344.30419921875,SPY,1170
2022-04-11,489899.7319030762,73.34762573242188,489826.38427734375,SPY,1170
2022-04-12,488084.9250793457,73.34762573242188,488011.5774536133,SPY,1170
2022-04-13,493674.3458557129,73.34762573242188,493600.99822998047,SPY,1170
2022-04-14,487528.09677124023,73.34762573242188,487454.7491455078,SPY,1170
2022-04-18,487728.5121154785,73.34762573242188,487655.1644897461,SPY,1170
2022-04-19,495600.55404663086,73.34762573242188,495527.20642089844,SPY,1170
2022-04-20,495233.17947387695,73.34762573242188,495159.83184814453,SPY,1170
2022-04-21,487828.70193481445,73.34762573242188,487755.35430908203,SPY,1170
2022-04-22,474445.2558898926,73.34762573242188,474371.90826416016,SPY,1170
2022-04-25,477195.33432006836,73.34762573242188,477121.98669433594,SPY,1170
2022-04-26,463377.56576538086,73.34762573242188,463304.21813964844,SPY,1170
2022-04-27,464680.2119445801,73.34762573242188,464606.86431884766,SPY,1170
2022-04-28,476415.95321655273,73.34762573242188,476342.6055908203,SPY,1170
2022-04-29,458812.32345581055,73.34762573242188,458738.9758300781,SPY,1170
2022-05-02,461573.7205505371,73.34762573242188,461500.3729248047,SPY,1170
2022-05-03,463689.239654541,73.34762573242188,463615.8920288086,SPY,1170
2022-05-04,477807.72048950195,73.34762573242188,477734.37286376953,SPY,1170
2022-05-05,460827.6170349121,73.34762573242188,460754.2694091797,SPY,1170
2022-05-06,458077.5028991699,73.34762573242188,458004.1552734375,SPY,1170
2022-05-09,443413.5124206543,73.34762573242188,443340.1647949219,SPY,1170
2022-05-10,444437.8337097168,73.34762573242188,444364.4860839844,SPY,1170
2022-05-11,437378.62899780273,73.34762573242188,437305.2813720703,SPY,1170
2022-05-12,436922.0976257324,73.34762573242188,436848.75,SPY,1170
2022-05-13,447366.190032959,73.34762573242188,447292.84240722656,SPY,1170
2022-05-16,445551.2403869629,73.34762573242188,445477.89276123047,SPY,1170
2022-05-17,454714.8954772949,73.34762573242188,454641.5478515625,SPY,1170
2022-05-18,436387.58529663086,73.34762573242188,436314.23767089844,SPY,1170
2022-05-19,433715.3450012207,73.34762573242188,433641.9973754883,SPY,1170
2022-05-20,433904.5845031738,73.34762573242188,433831.2368774414,SPY,1170
2022-05-23,442021.63803100586,73.34762573242188,441948.29040527344,SPY,1170
2022-05-24,438648.03329467773,73.34762573242188,438574.6856689453,SPY,1170
2022-05-25,442522.7656555176,73.34762573242188,442449.41802978516,SPY,1170
2022-05-26,451363.4281921387,73.34762573242188,451290.08056640625,SPY,1170
2022-05-27,462442.22274780273,73.34762573242188,462368.8751220703,SPY,1170
2022-05-31,459847.8562927246,73.34762573242188,459774.5086669922,SPY,1170
2022-06-01,456128.97872924805,73.34762573242188,456055.6311035156,SPY,1170
2022-06-02,464813.9292907715,73.34762573242188,464740.58166503906,SPY,1170
2022-06-03,457186.7561340332,73.34762573242188,457113.4085083008,SPY,1170
2022-06-06,458578.63052368164,73.34762573242188,458505.2828979492,SPY,1170
2022-06-07,462976.6636657715,73.34762573242188,462903.31604003906,SPY,1170
2022-06-08,457943.92837524414,73.34762573242188,457870.5807495117,SPY,1170
2022-06-09,447054.4804382324,73.34762573242188,446981.1328125,SPY,1170
2022-06-10,434093.9668273926,73.34762573242188,434020.61920166016,SPY,1170
2022-06-13,417614.99099731445,73.34762573242188,417541.64337158203,SPY,1170
2022-06-14,416356.7625427246,73.34762573242188,416283.4149169922,SPY,1170
2022-06-15,422291.45614624023,73.34762573242188,422218.1085205078,SPY,1170
2022-06-16,408317.76138305664,73.34762573242188,408244.4137573242,SPY,1170
2022-06-17,409197.7607727051,73.34762573242188,409124.41314697266,SPY,1170
2022-06-21,419496.88858032227,73.34762573242188,419423.54095458984,SPY,1170
2022-06-22,418736.5385437012,73.34762573242188,418663.19091796875,SPY,1170
2022-06-23,422840.46493530273,73.34762573242188,422767.1173095703,SPY,1170
2022-06-24,436281.86111450195,73.34762573242188,436208.51348876953,SPY,1170
2022-06-27,434615.6608581543,73.34762573242188,434542.3132324219,SPY,1170
2022-06-28,425736.8647766113,73.34762573242188,425663.5171508789,SPY,1170
2022-06-29,425390.0566101074,73.34762573242188,425316.708984375,SPY,1170
2022-06-30,421934.686126709,73.34762573242188,421861.33850097656,SPY,1170
2022-07-01,426396.5608215332,73.34762573242188,426323.2131958008,SPY,1170
2022-07-05,427201.68563842773,73.34762573242188,427128.3380126953,SPY,1170
2022-07-06,428644.26193237305,73.34762573242188,428570.9143066406,SPY,1170
2022-07-07,435062.9444885254,73.34762573242188,434989.59686279297,SPY,1170
2022-07-08,434705.2104187012,73.34762573242188,434631.86279296875,SPY,1170
2022-07-11,429740.06576538086,73.34762573242188,429666.71813964844,SPY,1170
2022-07-12,425938.06564331055,73.34762573242188,425864.7180175781,SPY,1170
2022-07-13,423701.50466918945,73.34762573242188,423628.15704345703,SPY,1170
2022-07-14,422672.68447875977,73.34762573242188,422599.33685302734,SPY,1170
2022-07-15,430746.56997680664,73.34762573242188,430673.2223510742,SPY,1170
2022-07-18,427190.5097961426,73.34762573242188,427117.16217041016,SPY,1170
2022-07-19,438730.8345031738,73.34762573242188,438657.4868774414,SPY,1170
2022-07-20,441526.473236084,73.34762573242188,441453.12561035156,SPY,1170
2022-07-21,446021.9111633301,73.34762573242188,445948.56353759766,SPY,1170
2022-07-22,441884.3144226074,73.34762573242188,441810.966796875,SPY,1170
2022-07-25,442421.111907959,73.34762573242188,442347.76428222656,SPY,1170
2022-07-26,437187.7470397949,73.34762573242188,437114.3994140625,SPY,1170
2022-07-27,448537.9396057129,73.34762573242188,448464.59197998047,SPY,1170
2022-07-28,454162.8160095215,73.34762573242188,454089.46838378906,SPY,1170
2022-07-29,460782.77084350586,73.34762573242188,460709.42321777344,SPY,1170
2022-08-01,459418.6039733887,73.34762573242188,459345.25634765625,SPY,1170
2022-08-02,456388.165435791,73.34762573242188,456314.8178100586,SPY,1170
2022-08-03,463533.8133239746,73.34762573242188,463460.4656982422,SPY,1170
2022-08-04,463220.5683898926,73.34762573242188,463147.22076416016,SPY,1170
2022-08-05,462437.83096313477,73.34762573242188,462364.48333740234,SPY,1170
2022-08-08,461901.104888916,73.34762573242188,461827.7572631836,SPY,1170
2022-08-09,460067.2312927246,73.34762573242188,459993.8836669922,SPY,1170
2022-08-10,469728.8362121582,73.34762573242188,469655.4885864258,SPY,1170
2022-08-11,469728.8362121582,73.34762573242188,469655.4885864258,SPY,1170
2022-08-12,477679.68032836914,73.34762573242188,477606.3327026367,SPY,1170
2022-08-15,479647.77114868164,73.34762573242188,479574.4235229492,SPY,1170
2022-08-16,480587.07748413086,73.34762573242188,480513.72985839844,SPY,1170
2022-08-17,477176.44607543945,73.34762573242188,477103.09844970703,SPY,1170
2022-08-18,478563.143157959,73.34762573242188,478489.79553222656,SPY,1170
2022-08-19,472133.14193725586,73.34762573242188,472059.79431152344,SPY,1170
2022-08-22,462303.6137390137,73.34762573242188,462230.26611328125,SPY,1170
2022-08-23,461185.3511047363,73.34762573242188,461112.0034790039,SPY,1170
2022-08-24,462661.4906311035,73.34762573242188,462588.1430053711,SPY,1170
2022-08-25,469192.14584350586,73.34762573242188,469118.79821777344,SPY,1170
2022-08-26,453312.8807067871,73.34762573242188,453239.5330810547,SPY,1170
2022-08-29,450315.9696960449,73.34762573242188,450242.6220703125,SPY,1170
2022-08-30,445373.28384399414,73.34762573242188,445299.9362182617,SPY,1170
2022-08-31,441985.00411987305,73.34762573242188,441911.6564941406,SPY,1170
2022-09-01,443371.62979125977,73.34762573242188,443298.28216552734,SPY,1170
2022-09-02,438697.34268188477,73.34762573242188,438623.99505615234,SPY,1170
2022-09-06,437042.31826782227,73.34762573242188,436968.97064208984,SPY,1170
2022-09-07,444892.4726867676,73.34762573242188,444819.12506103516,SPY,1170
2022-09-08,447799.9055480957,73.34762573242188,447726.5579223633,SPY,1170
2022-09-09,454755.4570007324,73.34762573242188,454682.109375,SPY,1170
2022-09-12,459642.227935791,73.34762573242188,459568.8803100586,SPY,1170
2022-09-13,439659.0364074707,73.34762573242188,439585.6887817383,SPY,1170
2022-09-14,441336.4125061035,73.34762573242188,441263.0648803711,SPY,1170
2022-09-15,436326.600189209,73.34762573242188,436253.25256347656,SPY,1170
2022-09-16,432998.448638916,73.34762573242188,432925.1010131836,SPY,1170
2022-09-19,436355.8073425293,73.34762573242188,436282.4597167969,SPY,1170
2022-09-20,431347.9231262207,73.34762573242188,431274.5755004883,SPY,1170
2022-09-21,423824.86740112305,73.34762573242188,423751.5197753906,SPY,1170
2022-09-22,420265.379486084,73.34762573242188,420192.03186035156,SPY,1170
2022-09-23,413225.09872436523,73.34762573242188,413151.7510986328,SPY,1170
2022-09-26,409137.989654541,73.34762573242188,409064.6420288086,SPY,1170
2022-09-27,408093.7089538574,73.34762573242188,408020.361328125,SPY,1170
2022-09-28,416122.0698547363,73.34762573242188,416048.7222290039,SPY,1170
2022-09-29,407431.22787475586,73.34762573242188,407357.88024902344,SPY,1170
2022-09-30,401132.08755493164,73.34762573242188,401058.7399291992,SPY,1170
2022-10-03,411720.5375671387,73.34762573242188,411647.18994140625,SPY,1170
2022-10-04,424476.06552124023,73.34762573242188,424402.7178955078,SPY,1170
2022-10-05,423488.0210876465,73.34762573242188,423414.67346191406,SPY,1170
2022-10-06,419120.1948547363,73.34762573242188,419046.8472290039,SPY,1170
2022-10-07,407431.22787475586,73.34762573242188,407357.88024902344,SPY,1170
2022-10-10,404320.9516906738,73.34762573242188,404247.6040649414,SPY,1170
2022-10-11,401760.8625793457,73.34762573242188,401687.5149536133,SPY,1170
2022-10-12,400435.9004211426,73.34762573242188,400362.55279541016,SPY,1170
2022-10-13,411001.8916320801,73.34762573242188,410928.54400634766,SPY,1170
2022-10-14,401637.3570251465,73.34762573242188,401564.00939941406,SPY,1170
2022-10-17,411956.33712768555,73.34762573242188,411882.9895019531,SPY,1170
2022-10-18,416795.83389282227,73.34762573242188,416722.48626708984,SPY,1170
2022-10-19,413842.73361206055,73.34762573242188,413769.3859863281,SPY,1170
2022-10-20,410373.1523132324,73.34762573242188,410299.8046875,SPY,1170
2022-10-21,420344.00314331055,73.34762573242188,420270.6555175781,SPY,1170
2022-10-24,425486.6401672363,73.34762573242188,425413.2925415039,SPY,1170
2022-10-25,432279.94552612305,73.34762573242188,432206.5979003906,SPY,1170
2022-10-26,429023.59786987305,73.34762573242188,428950.2502441406,SPY,1170
2022-10-27,426733.0500793457,73.34762573242188,426659.7024536133,SPY,1170
2022-10-28,436883.6070251465,73.34762573242188,436810.25939941406,SPY,1170
2022-10-31,433728.3061218262,73.34762573242188,433654.95849609375,SPY,1170
2022-11-01,431830.6980895996,73.34762573242188,431757.3504638672,SPY,1170
2022-11-02,420995.20126342773,73.34762573242188,420921.8536376953,SPY,1170
2022-11-03,416661.0810852051,73.34762573242188,416587.73345947266,SPY,1170
2022-11-04,422657.11685180664,73.34762573242188,422583.7692260742,SPY,1170
2022-11-07,426699.236907959,73.34762573242188,426625.88928222656,SPY,1170
2022-11-08,429001.1033630371,73.34762573242188,428927.7557373047,SPY,1170
2022-11-09,420164.3684387207,73.34762573242188,420091.0208129883,SPY,1170
2022-11-10,443250.0880432129,73.34762573242188,443176.74041748047,SPY,1170
2022-11-11,447539.3977355957,73.34762573242188,447466.0501098633,SPY,1170
2022-11-14,443732.8987121582,73.34762573242188,443659.5510864258,SPY,1170
2022-11-15,447516.86752319336,73.34762573242188,447443.51989746094,SPY,1170
2022-11-16,444103.4867858887,73.34762573242188,444030.13916015625,SPY,1170
2022-11-17,442744.74716186523,73.34762573242188,442671.3995361328,SPY,1170
2022-11-18,444754.68490600586,73.34762573242188,444681.33728027344,SPY,1170
2022-11-21,443137.79403686523,73.34762573242188,443064.4464111328,SPY,1170
2022-11-22,449100.0523376465,73.34762573242188,449026.70471191406,SPY,1170
2022-11-23,451929.647064209,73.34762573242188,451856.29943847656,SPY,1170
2022-11-25,451828.6360168457,73.34762573242188,451755.2883911133,SPY,1170
2022-11-28,444619.9320983887,73.34762573242188,444546.58447265625,SPY,1170
2022-11-29,443856.4399719238,73.34762573242188,443783.0923461914,SPY,1170
2022-11-30,457835.8476257324,73.34762573242188,457762.5,SPY,1170
2022-12-01,457499.03701782227,73.34762573242188,457425.68939208984,SPY,1170
2022-12-02,456971.2730407715,73.34762573242188,456897.92541503906,SPY,1170
2022-12-05,448752.03018188477,73.34762573242188,448678.68255615234,SPY,1170
2022-12-06,442284.46670532227,73.34762573242188,442211.11907958984,SPY,1170
2022-12-07,441532.1504211426,73.34762573242188,441458.80279541016,SPY,1170
2022-12-08,444990.48446655273,73.34762573242188,444917.1368408203,SPY,1170
2022-12-09,441666.90322875977,73.34762573242188,441593.55560302734,SPY,1170
2022-12-12,448033.455657959,73.34762573242188,447960.10803222656,SPY,1170
2022-12-13,451424.44900512695,73.34762573242188,451351.10137939453,SPY,1170
2022-12-14,448538.653717041,73.34762573242188,448465.3060913086,SPY,1170
2022-12-15,437568.47549438477,73.34762573242188,437495.12786865234,SPY,1170
2022-12-16,432403.37966918945,73.34762573242188,432330.03204345703,SPY,1170
2022-12-19,428737.31063842773,73.34762573242188,428663.9630126953,SPY,1170
2022-12-20,429323.9888000488,73.34762573242188,429250.6411743164,SPY,1170
2022-12-21,435742.2428894043,73.34762573242188,435668.8952636719,SPY,1170
2022-12-22,429526.90353393555,73.34762573242188,429453.5559082031,SPY,1170
2022-12-23,431997.22885131836,73.34762573242188,431923.88122558594,SPY,1170
2022-12-27,430294.0019226074,73.34762573242188,430220.654296875,SPY,1170
2022-12-28,424947.2004699707,73.34762573242188,424873.8528442383,SPY,1170
2022-12-29,432595.0828552246,73.34762573242188,432521.7352294922,SPY,1170
2022-12-30,431455.8253479004,73.34762573242188,431382.47772216797,SPY,1170
2023-01-03,429639.7688293457,73.34762573242188,429566.4212036133,SPY,1170
2023-01-04,432956.1018371582,73.34762573242188,432882.7542114258,SPY,1170
2023-01-05,428015.486907959,73.34762573242188,427942.13928222656,SPY,1170
2023-01-06,437829.0547180176,73.34762573242188,437755.70709228516,SPY,1170
2023-01-09,437580.90103149414,73.34762573242188,437507.5534057617,SPY,1170
2023-01-10,440649.1160583496,73.34762573242188,440575.7684326172,SPY,1170
2023-01-11,446221.4338684082,73.34762573242188,446148.0862426758,SPY,1170
2023-01-12,447845.7514953613,73.34762573242188,447772.4038696289,SPY,1170
2023-01-13,449582.8987121582,73.34762573242188,449509.5510864258,SPY,1170
2023-01-17,448759.42123413086,73.34762573242188,448686.07360839844,SPY,1170
2023-01-18,441675.5082702637,73.34762573242188,441602.16064453125,SPY,1170
2023-01-19,438460.68618774414,73.34762573242188,438387.3385620117,SPY,1170
2023-01-20,446627.4775695801,73.34762573242188,446554.12994384766,SPY,1170
2023-01-23,451985.52627563477,73.34762573242188,451912.17864990234,SPY,1170
2023-01-24,451500.5375671387,73.34762573242188,451427.18994140625,SPY,1170
2023-01-25,451669.7105407715,73.34762573242188,451596.36291503906,SPY,1170
2023-01-26,456632.89138793945,73.34762573242188,456559.54376220703,SPY,1170
2023-01-27,457681.84951782227,73.34762573242188,457608.50189208984,SPY,1170
2023-01-30,451940.32302856445,73.34762573242188,451866.97540283203,SPY,1170
2023-01-31,458584.37911987305,73.34762573242188,458511.0314941406,SPY,1170
2023-02-01,463457.3320007324,73.34762573242188,463383.984375,SPY,1170
2023-02-02,470202.68478393555,73.34762573242188,470129.3371582031,SPY,1170
2023-02-03,465205.72647094727,73.34762573242188,465132.37884521484,SPY,1170
2023-02-06,462363.1706237793,73.34762573242188,462289.8229980469,SPY,1170
2023-02-07,468409.229888916,73.34762573242188,468335.8822631836,SPY,1170
2023-02-08,463288.1233215332,73.34762573242188,463214.7756958008,SPY,1170
2023-02-09,459272.3896789551,73.34762573242188,459199.04205322266,SPY,1170
2023-02-10,460343.98513793945,73.34762573242188,460270.63751220703,SPY,1170
2023-02-13,465747.20138549805,73.34762573242188,465673.8537597656,SPY,1170
2023-02-14,465532.7894592285,73.34762573242188,465459.4418334961,SPY,1170
2023-02-15,467044.4203186035,73.34762573242188,466971.0726928711,SPY,1170
2023-02-16,460614.70474243164,73.34762573242188,460541.3571166992,SPY,1170
2023-02-17,459464.12857055664,73.34762573242188,459390.7809448242,SPY,1170
2023-02-21,450248.4147644043,73.34762573242188,450175.0671386719,SPY,1170
2023-02-22,449627.9948425293,73.34762573242188,449554.6472167969,SPY,1170
2023-02-23,452019.3751525879,73.34762573242188,451946.02752685547,SPY,1170
2023-02-24,447191.4826965332,73.34762573242188,447118.1350708008,SPY,1170
2023-02-27,448714.32510375977,73.34762573242188,448640.97747802734,SPY,1170
2023-02-28,447056.1585998535,73.34762573242188,446982.8109741211,SPY,1170
2023-03-01,445341.5773010254,73.34762573242188,445268.22967529297,SPY,1170
2023-03-02,448804.48165893555,73.34762573242188,448731.1340332031,SPY,1170
2023-03-03,456001.1528015137,73.34762573242188,455927.80517578125,SPY,1170
2023-03-06,456317.0756530762,73.34762573242188,456243.72802734375,SPY,1170
2023-03-07,449323.3906555176,73.34762573242188,449250.04302978516,SPY,1170
2023-03-08,450056.67587280273,73.34762573242188,449983.3282470703,SPY,1170
2023-03-09,441754.4889831543,73.34762573242188,441681.1413574219,SPY,1170
2023-03-10,435381.2953186035,73.34762573242188,435307.9476928711,SPY,1170
2023-03-13,434760.8753967285,73.34762573242188,434687.5277709961,SPY,1170
2023-03-14,441946.2992858887,73.34762573242188,441872.95166015625,SPY,1170
2023-03-15,439182.6527404785,73.34762573242188,439109.3051147461,SPY,1170
2023-03-16,446886.9142150879,73.34762573242188,446813.56658935547,SPY,1170
2023-03-17,441662.4757385254,73.34762573242188,441589.12811279297,SPY,1170
2023-03-20,445908.61740112305,73.34762573242188,445835.2697753906,SPY,1170
2023-03-21,451762.61642456055,73.34762573242188,451689.2687988281,SPY,1170
2023-03-22,444062.9252624512,73.34762573242188,443989.57763671875,SPY,1170
2023-03-23,445263.2749938965,73.34762573242188,445189.92736816406,SPY,1170
2023-03-24,448184.56161499023,73.34762573242188,448111.2139892578,SPY,1170
2023-03-27,449022.4641418457,73.34762573242188,448949.1165161133,SPY,1170
2023-03-28,448014.7102355957,73.34762573242188,447941.3626098633,SPY,1170
2023-03-29,454525.47744750977,73.34762573242188,454452.12982177734,SPY,1170
2023-03-30,457186.43478393555,73.34762573242188,457113.0871582031,SPY,1170
2023-03-31,463629.2900085449,73.34762573242188,463555.9423828125,SPY,1170
2023-04-03,465395.6800842285,73.34762573242188,465322.3324584961,SPY,1170
2023-04-04,462814.0605163574,73.34762573242188,462740.712890625,SPY,1170
2023-04-05,461602.42782592773,73.34762573242188,461529.0802001953,SPY,1170
2023-04-06,463402.7738952637,73.34762573242188,463329.42626953125,SPY,1170
2023-04-10,463878.3720397949,73.34762573242188,463805.0244140625,SPY,1170
2023-04-11,464002.8773498535,73.34762573242188,463929.5297241211,SPY,1170
2023-04-12,462111.9462585449,73.34762573242188,462038.5986328125,SPY,1170
2023-04-13,468249.0547180176,73.34762573242188,468175.70709228516,SPY,1170
2023-04-14,467105.4768371582,73.34762573242188,467032.1292114258,SPY,1170
2023-04-17,468781.24618530273,73.34762573242188,468707.8985595703,SPY,1170
2023-04-18,469086.95724487305,73.34762573242188,469013.6096191406,SPY,1170
2023-04-19,469007.7265930176,73.34762573242188,468934.37896728516,SPY,1170
2023-04-20,466448.70864868164,73.34762573242188,466375.3610229492,SPY,1170
2023-04-21,466811.0844421387,73.34762573242188,466737.73681640625,SPY,1170
2023-04-24,467297.9655456543,73.34762573242188,467224.6179199219,SPY,1170
2023-04-25,459881.3481140137,73.34762573242188,459808.00048828125,SPY,1170
2023-04-26,457933.75228881836,73.34762573242188,457860.40466308594,SPY,1170
2023-04-27,467048.8121032715,73.34762573242188,466975.46447753906,SPY,1170
2023-04-28,471034.55307006836,73.34762573242188,470961.20544433594,SPY,1170
2023-05-01,470558.9549255371,73.34762573242188,470485.6072998047,SPY,1170
2023-05-02,465271.0676574707,73.34762573242188,465197.7200317383,SPY,1170
2023-05-03,462078.025970459,73.34762573242188,462004.67834472656,SPY,1170
2023-05-04,458805.6108093262,73.34762573242188,458732.26318359375,SPY,1170
2023-05-05,467297.9655456543,73.34762573242188,467224.6179199219,SPY,1170
2023-05-08,467422.4708557129,73.34762573242188,467349.12322998047,SPY,1170
2023-05-09,465372.93563842773,73.34762573242188,465299.5880126953,SPY,1170
2023-05-10,467547.0832824707,73.34762573242188,467473.7356567383,SPY,1170
2023-05-11,466731.7823791504,73.34762573242188,466658.43475341797,SPY,1170
2023-05-12,466120.28884887695,73.34762573242188,466046.94122314453,SPY,1170
2023-05-15,467728.2176208496,73.34762573242188,467654.8699951172,SPY,1170
2023-05-16,464603.01651000977,73.34762573242188,464529.66888427734,SPY,1170
2023-05-17,470241.9966125488,73.34762573242188,470168.6489868164,SPY,1170
2023-05-18,474771.21200561523,73.34762573242188,474697.8643798828,SPY,1170
2023-05-19,474080.4878234863,73.34762573242188,474007.1401977539,SPY,1170
2023-05-22,474272.940826416,73.34762573242188,474199.5932006836,SPY,1170
2023-05-23,468951.09756469727,73.34762573242188,468877.74993896484,SPY,1170
2023-05-24,465554.17709350586,73.34762573242188,465480.82946777344,SPY,1170
2023-05-25,469585.22842407227,73.34762573242188,469511.88079833984,SPY,1170
2023-05-26,475665.7078552246,73.34762573242188,475592.3602294922,SPY,1170
2023-05-30,475846.8778991699,73.34762573242188,475773.5302734375,SPY,1170
2023-05-31,473208.5935974121,73.34762573242188,473135.2459716797,SPY,1170
2023-06-01,477703.8529968262,73.34762573242188,477630.50537109375,SPY,1170
2023-06-02,484610.987701416,73.34762573242188,484537.6400756836,SPY,1170
2023-06-05,483682.4644470215,73.34762573242188,483609.11682128906,SPY,1170
2023-06-06,484735.4573059082,73.34762573242188,484662.1096801758,SPY,1170
2023-06-07,483059.6879577637,73.34762573242188,482986.34033203125,SPY,1170
2023-06-08,485981.04598999023,73.34762573242188,485907.6983642578,SPY,1170
2023-06-09,486852.90451049805,73.34762573242188,486779.5568847656,SPY,1170
2023-06-12,491268.93325805664,73.34762573242188,491195.5856323242,SPY,1170
2023-06-13,494507.3924255371,73.34762573242188,494434.0447998047,SPY,1170
2023-06-14,495096.1772155762,73.34762573242188,495022.82958984375,SPY,1170
2023-06-15,501233.2499694824,73.34762573242188,501159.90234375,SPY,1170
2023-06-16,499526.202545166,73.34762573242188,499452.8549194336,SPY,1170
2023-06-20,496934.94247436523,73.34762573242188,496861.5948486328,SPY,1170
2023-06-21,494389.171295166,73.34762573242188,494315.8236694336,SPY,1170
2023-06-22,496173.48556518555,73.34762573242188,496100.1379394531,SPY,1170
2023-06-23,492422.97286987305,73.34762573242188,492349.6252441406,SPY,1170
2023-06-26,490411.3569641113,73.34762573242188,490338.0093383789,SPY,1170
2023-06-27,495787.0442199707,73.34762573242188,495713.6965942383,SPY,1170
2023-06-28,496037.0903015137,73.34762573242188,495963.74267578125,SPY,1170
2023-06-29,497991.82723999023,73.34762573242188,497918.4796142578,SPY,1170
2023-06-30,503867.67807006836,73.34762573242188,503794.33044433594,SPY,1170
2023-07-03,504447.3222351074,73.34762573242188,504373.974609375,SPY,1170
2023-07-05,503697.1839904785,73.34762573242188,503623.8363647461,SPY,1170
2023-07-06,499753.5041809082,73.34762573242188,499680.1565551758,SPY,1170
2023-07-07,498491.9551086426,73.34762573242188,498418.60748291016,SPY,1170
2023-07-10,499753.5041809082,73.34762573242188,499680.1565551758,SPY,1170
2023-07-11,502935.6913757324,73.34762573242188,502862.34375,SPY,1170
2023-07-12,506981.73904418945,73.34762573242188,506908.39141845703,SPY,1170
2023-07-13,511004.9708557129,73.34762573242188,510931.62322998047,SPY,1170
2023-07-14,510686.727142334,73.34762573242188,510613.37951660156,SPY,1170
2023-07-17,512459.72274780273,73.34762573242188,512386.3751220703,SPY,1170
2023-07-18,516267.0072937012,73.34762573242188,516193.65966796875,SPY,1170
2023-07-19,517414.9412536621,73.34762573242188,517341.5936279297,SPY,1170
2023-07-20,513982.6722717285,73.34762573242188,513909.3246459961,SPY,1170
2023-07-21,513982.6722717285,73.34762573242188,513909.3246459961,SPY,1170
2023-07-24,516278.39736938477,73.34762573242188,516205.04974365234,SPY,1170
2023-07-25,517687.69607543945,73.34762573242188,517614.34844970703,SPY,1170
2023-07-26,517767.2480773926,73.34762573242188,517693.90045166016,SPY,1170
2023-07-27,514334.9076843262,73.34762573242188,514261.56005859375,SPY,1170
2023-07-28,519369.7496032715,73.34762573242188,519296.40197753906,SPY,1170
2023-07-31,520358.50814819336,73.34762573242188,520285.16052246094,SPY,1170
2023-08-01,518869.69314575195,73.34762573242188,518796.34552001953,SPY,1170
2023-08-02,511652.8126525879,73.34762573242188,511579.46502685547,SPY,1170
2023-08-03,510186.70639038086,73.34762573242188,510113.35876464844,SPY,1170
2023-08-04,507879.591217041,73.34762573242188,507806.2435913086,SPY,1170
2023-08-07,512311.93740844727,73.34762573242188,512238.58978271484,SPY,1170
2023-08-08,510084.33853149414,73.34762573242188,510010.9909057617,SPY,1170
2023-08-09,506674.84970092773,73.34762573242188,506601.5020751953,SPY,1170
2023-08-10,506856.66244506836,73.34762573242188,506783.31481933594,SPY,1170
2023-08-11,506561.23458862305,73.34762573242188,506487.8869628906,SPY,1170
2023-08-14,509356.9804382324,73.34762573242188,509283.6328125,SPY,1170
2023-08-15,503424.39346313477,73.34762573242188,503351.04583740234,SPY,1170
2023-08-16,499730.7597351074,73.34762573242188,499657.412109375,SPY,1170
2023-08-17,495923.4394836426,73.34762573242188,495850.09185791016,SPY,1170
2023-08-18,496162.13119506836,73.34762573242188,496088.78356933594,SPY,1170
2023-08-21,499389.84298706055,73.34762573242188,499316.4953613281,SPY,1170
2023-08-22,498037.3161315918,73.34762573242188,497963.9685058594,SPY,1170
2023-08-23,503583.5688781738,73.34762573242188,503510.2212524414,SPY,1170
2023-08-24,496605.38009643555,73.34762573242188,496532.0324707031,SPY,1170
2023-08-25,500105.8110046387,73.34762573242188,500032.46337890625,SPY,1170
2023-08-28,503276.6795349121,73.34762573242188,503203.3319091797,SPY,1170
2023-08-29,510550.3318786621,73.34762573242188,510476.9842529297,SPY,1170
2023-08-30,512652.96127319336,73.34762573242188,512579.61364746094,SPY,1170
2023-08-31,511902.82302856445,73.34762573242188,511829.47540283203,SPY,1170
2023-09-01,512857.48275756836,73.34762573242188,512784.13513183594,SPY,1170
2023-09-05,510641.30966186523,73.34762573242188,510567.9620361328,SPY,1170
2023-09-06,507209.00497436523,73.34762573242188,507135.6573486328,SPY,1170
2023-09-07,505652.0280456543,73.34762573242188,505578.6804199219,SPY,1170
2023-09-08,506413.484954834,73.34762573242188,506340.13732910156,SPY,1170
2023-09-11,509743.4574890137,73.34762573242188,509670.10986328125,SPY,1170
2023-09-12,506947.6402282715,73.34762573242188,506874.29260253906,SPY,1170
2023-09-13,507538.63876342773,73.34762573242188,507465.2911376953,SPY,1170
2023-09-14,511914.21310424805,73.34762573242188,511840.8654785156,SPY,1170
2023-09-15,505747.361907959,73.34762573242188,505674.01428222656,SPY,1170
2023-09-18,506043.9323425293,73.34762573242188,505970.5847167969,SPY,1170
2023-09-19,504994.5457458496,73.34762573242188,504921.1981201172,SPY,1170
2023-09-20,500352.7149963379,73.34762573242188,500279.36737060547,SPY,1170
2023-09-21,492083.8771057129,73.34762573242188,492010.52947998047,SPY,1170
2023-09-22,490977.61154174805,73.34762573242188,490904.2639160156,SPY,1170
2023-09-25,493041.9645690918,73.34762573242188,492968.6169433594,SPY,1170
2023-09-26,485799.5903015137,73.34762573242188,485726.24267578125,SPY,1170
2023-09-27,485993.507232666,73.34762573242188,485920.1596069336,SPY,1170
2023-09-28,488810.64071655273,73.34762573242188,488737.2930908203,SPY,1170
2023-09-29,487624.4660949707,73.34762573242188,487551.1184692383,SPY,1170
2023-10-02,487430.6205749512,73.34762573242188,487357.27294921875,SPY,1170
2023-10-03,480906.7851257324,73.34762573242188,480833.4375,SPY,1170
2023-10-04,484408.1443786621,73.34762573242188,484334.7967529297,SPY,1170
2023-10-05,484225.65322875977,73.34762573242188,484152.30560302734,SPY,1170
2023-10-06,489973.92807006836,73.34762573242188,489900.58044433594,SPY,1170
2023-10-09,493110.3764343262,73.34762573242188,493037.02880859375,SPY,1170
2023-10-10,495676.57119750977,73.34762573242188,495603.22357177734,SPY,1170
2023-10-11,497706.6825866699,73.34762573242188,497633.3349609375,SPY,1170
2023-10-12,494672.9234313965,73.34762573242188,494599.57580566406,SPY,1170
2023-10-13,492209.38217163086,73.34762573242188,492136.03454589844,SPY,1170
2023-10-16,497387.3320007324,73.34762573242188,497313.984375,SPY,1170
2023-10-17,497364.5161437988,73.34762573242188,497291.1685180664,SPY,1170
2023-10-18,490738.0628967285,73.34762573242188,490664.7152709961,SPY,1170
2023-10-19,486426.9013977051,73.34762573242188,486353.55377197266,SPY,1170
2023-10-20,480450.57510375977,73.34762573242188,480377.22747802734,SPY,1170
2023-10-23,479617.9927062988,73.34762573242188,479544.6450805664,SPY,1170
2023-10-24,483233.4669494629,73.34762573242188,483160.11932373047,SPY,1170
2023-10-25,476298.98178100586,73.34762573242188,476225.63415527344,SPY,1170
2023-10-26,470596.4457702637,73.34762573242188,470523.09814453125,SPY,1170
2023-10-27,468463.60946655273,73.34762573242188,468390.2618408203,SPY,1170
2023-10-30,474063.56338500977,73.34762573242188,473990.21575927734,SPY,1170
2023-10-31,477040.44357299805,73.34762573242188,476967.0959472656,SPY,1170
2023-11-01,482127.12997436523,73.34762573242188,482053.7823486328,SPY,1170
2023-11-02,491365.3382873535,73.34762573242188,491291.9906616211,SPY,1170
2023-11-03,495847.6008605957,73.34762573242188,495774.2532348633,SPY,1170
2023-11-06,496988.10806274414,73.34762573242188,496914.7604370117,SPY,1170
2023-11-07,498402.2984313965,73.34762573242188,498328.95080566406,SPY,1170
2023-11-08,498767.3878479004,73.34762573242188,498694.04022216797,SPY,1170
2023-11-09,494878.1590270996,73.34762573242188,494804.8114013672,SPY,1170
2023-11-10,502599.5234680176,73.34762573242188,502526.17584228516,SPY,1170
2023-11-13,502120.53329467773,73.34762573242188,502047.1856689453,SPY,1170
2023-11-14,511860.58334350586,73.34762573242188,511787.23571777344,SPY,1170
2023-11-15,512944.0330505371,73.34762573242188,512870.6854248047,SPY,1170
2023-11-16,513571.3798522949,73.34762573242188,513498.0322265625,SPY,1170
2023-11-17,514210.0453186035,73.34762573242188,514136.6976928711,SPY,1170
2023-11-20,518167.65029907227,73.34762573242188,518094.30267333984,SPY,1170
2023-11-21,517038.5688781738,73.34762573242188,516965.2212524414,SPY,1170
2023-11-22,519034.4743347168,73.34762573242188,518961.1267089844,SPY,1170
2023-11-24,519353.7892150879,73.34762573242188,519280.44158935547,SPY,1170
2023-11-27,518418.553314209,73.34762573242188,518345.20568847656,SPY,1170
2023-11-28,518931.85653686523,73.34762573242188,518858.5089111328,SPY,1170
2023-11-29,518566.83853149414,73.34762573242188,518493.4909057617,SPY,1170
2023-11-30,520608.4114074707,73.34762573242188,520535.0637817383,SPY,1170
2023-12-01,523687.8022766113,73.34762573242188,523614.4546508789,SPY,1170
2023-12-04,520939.1163635254,73.34762573242188,520865.76873779297,SPY,1170
2023-12-05,520836.53427124023,73.34762573242188,520763.1866455078,SPY,1170
2023-12-06,518737.9753112793,73.34762573242188,518664.6276855469,SPY,1170
2023-12-07,522695.61599731445,73.34762573242188,522622.26837158203,SPY,1170
2023-12-08,524942.4244689941,73.34762573242188,524869.0768432617,SPY,1170
2023-12-11,526983.8902282715,73.34762573242188,526910.5426025391,SPY,1170
2023-12-12,529390.4811096191,73.34762573242188,529317.1334838867,SPY,1170
2023-12-13,536689.8057556152,73.34762573242188,536616.4581298828,SPY,1170
2023-12-14,538411.9566345215,73.34762573242188,538338.6090087891,SPY,1170
2023-12-15,537525.5659484863,73.34762573242188,537452.2183227539,SPY,1170
2023-12-18,540548.8276672363,73.34762573242188,540475.4800415039,SPY,1170
2023-12-19,543835.4179382324,73.34762573242188,543762.0703125,SPY,1170
2023-12-20,536300.3294372559,73.34762573242188,536226.9818115234,SPY,1170
2023-12-21,541384.7663879395,73.34762573242188,541311.418762207,SPY,1170
2023-12-22,542472.6435852051,73.34762573242188,542399.2959594727,SPY,1170
2023-12-26,544762.9414367676,73.34762573242188,544689.5938110352,SPY,1170
2023-12-27,545747.8080749512,73.34762573242188,545674.4604492188,SPY,1170
2023-12-28,545953.900604248,73.34762573242188,545880.5529785156,SPY,1170
2023-12-29,544373.6079406738,73.34762573242188,544300.2603149414,SPY,1170
2024-01-02,541327.4946594238,73.34762573242188,541254.1470336914,SPY,1170
2024-01-03,536907.2169494629,73.34762573242188,536833.8693237305,SPY,1170
2024-01-04,535178.067779541,73.34762573242188,535104.7201538086,SPY,1170
2024-01-05,535910.9959411621,73.34762573242188,535837.6483154297,SPY,1170
2024-01-08,543560.5921936035,73.34762573242188,543487.2445678711,SPY,1170
2024-01-09,542736.043548584,73.34762573242188,542662.6959228516,SPY,1170
2024-01-10,545805.0440979004,73.34762573242188,545731.696472168,SPY,1170
2024-01-11,545564.5671081543,73.34762573242188,545491.2194824219,SPY,1170
2024-01-12,545942.4391174316,73.34762573242188,545869.0914916992,SPY,1170
2024-01-16,543938.4642028809,73.34762573242188,543865.1165771484,SPY,1170
2024-01-17,540915.2381896973,73.34762573242188,540841.8905639648,SPY,1170
2024-01-18,545724.8851013184,73.34762573242188,545651.5374755859,SPY,1170
2024-01-19,552527.0454406738,73.34762573242188,552453.6978149414,SPY,1170
2024-01-22,553695.0816345215,73.34762573242188,553621.7340087891,SPY,1170
2024-01-23,555309.7944641113,73.34762573242188,555236.4468383789,SPY,1170
2024-01-24,555916.7176818848,73.34762573242188,555843.3700561523,SPY,1170
2024-01-25,558939.907989502,73.34762573242188,558866.5603637695,SPY,1170
2024-01-26,558229.9385070801,73.34762573242188,558156.5908813477,SPY,1170
2024-01-29,562650.1448059082,73.34762573242188,562576.7971801758,SPY,1170
2024-01-30,562215.0010681152,73.34762573242188,562141.6534423828,SPY,1170
2024-01-31,553042.3481750488,73.34762573242188,552969.0005493164,SPY,1170
2024-02-01,560279.7593688965,73.34762573242188,560206.4117431641,SPY,1170
2024-02-02,566177.2477722168,73.34762573242188,566103.9001464844,SPY,1170
2024-02-05,564116.0011291504,73.34762573242188,564042.653503418,SPY,1170
2024-02-06,565753.5298156738,73.34762573242188,565680.1821899414,SPY,1170
2024-02-07,570471.5205383301,73.34762573242188,570398.1729125977,SPY,1170
2024-02-08,570723.4590148926,73.34762573242188,570650.1113891602,SPY,1170
2024-02-09,574021.5107727051,73.34762573242188,573948.1631469727,SPY,1170
2024-02-12,573769.5722961426,73.34762573242188,573696.2246704102,SPY,1170
2024-02-13,565868.0018615723,73.34762573242188,565794.6542358398,SPY,1170
2024-02-14,571009.7462463379,73.34762573242188,570936.3986206055,SPY,1170
2024-02-15,574949.0699768066,73.34762573242188,574875.7223510742,SPY,1170
2024-02-16,572086.1976623535,73.34762573242188,572012.8500366211,SPY,1170
2024-02-20,568937.0024108887,73.34762573242188,568863.6547851562,SPY,1170
2024-02-21,569452.3408508301,73.34762573242188,569378.9932250977,SPY,1170
2024-02-22,581235.9632873535,73.34762573242188,581162.6156616211,SPY,1170
2024-02-23,581636.7582702637,73.34762573242188,581563.4106445312,SPY,1170
2024-02-26,579506.7070007324,73.34762573242188,579433.359375,SPY,1170
2024-02-27,580583.1227111816,73.34762573242188,580509.7750854492,SPY,1170
2024-02-28,579815.9886169434,73.34762573242188,579742.6409912109,SPY,1170
2024-02-29,581900.1225280762,73.34762573242188,581826.7749023438,SPY,1170
2024-03-01,587362.4314880371,73.34762573242188,587289.0838623047,SPY,1170
2024-03-04,586732.5852966309,73.34762573242188,586659.2376708984,SPY,1170
2024-03-05,580869.409942627,73.34762573242188,580796.0623168945,SPY,1170
2024-03-06,583812.4769592285,73.34762573242188,583739.1293334961,SPY,1170
2024-03-07,589606.9190979004,73.34762573242188,589533.571472168,SPY,1170
2024-03-08,586068.4260559082,73.34762573242188,585995.0784301758,SPY,1170
2024-03-11,585564.5848083496,73.34762573242188,585491.2371826172,SPY,1170
2024-03-12,591862.9396057129,73.34762573242188,591789.5919799805,SPY,1170
2024-03-13,590935.2732849121,73.34762573242188,590861.9256591797,SPY,1170
2024-03-14,589767.3442077637,73.34762573242188,589693.9965820312,SPY,1170
2024-03-15,585718.0473327637,73.34762573242188,585644.6997070312,SPY,1170
2024-03-18,589198.6616516113,73.34762573242188,589125.3140258789,SPY,1170
2024-03-19,592472.5764465332,73.34762573242188,592399.2288208008,SPY,1170
2024-03-20,597951.7741394043,73.34762573242188,597878.4265136719,SPY,1170
2024-03-21,599927.6487731934,73.34762573242188,599854.3011474609,SPY,1170
2024-03-22,598790.3193664551,73.34762573242188,598716.9717407227,SPY,1170
2024-03-25,597136.2590026855,73.34762573242188,597062.9113769531,SPY,1170
2024-03-26,596033.5639953613,73.34762573242188,595960.2163696289,SPY,1170
2024-03-27,601041.805267334,73.34762573242188,600968.4576416016,SPY,1170
2024-03-28,600926.9047546387,73.34762573242188,600853.5571289062,SPY,1170
2024-04-01,599881.5885925293,73.34762573242188,599808.2409667969,SPY,1170
2024-04-02,596067.984161377,73.34762573242188,595994.6365356445,SPY,1170
2024-04-03,596722.681427002,73.34762573242188,596649.3338012695,SPY,1170
2024-04-04,589439.9598693848,73.34762573242188,589366.6122436523,SPY,1170
2024-04-05,595596.9920349121,73.34762573242188,595523.6444091797,SPY,1170
2024-04-08,595930.0178527832,73.34762573242188,595856.6702270508,SPY,1170
2024-04-09,596619.3138122559,73.34762573242188,596545.9661865234,SPY,1170
2024-04-10,590646.0581970215,73.34762573242188,590572.7105712891,SPY,1170
2024-04-11,595103.0055236816,73.34762573242188,595029.6578979492,SPY,1170
2024-04-12,586889.7611999512,73.34762573242188,586816.4135742188,SPY,1170
2024-04-15,579538.1278991699,73.34762573242188,579464.7802734375,SPY,1170
2024-04-16,578481.2788391113,73.34762573242188,578407.9312133789,SPY,1170
2024-04-17,575058.0790710449,73.34762573242188,574984.7314453125,SPY,1170
2024-04-18,573874.903717041,73.34762573242188,573801.5560913086,SPY,1170
2024-04-19,568866.5553283691,73.34762573242188,568793.2077026367,SPY,1170
2024-04-22,574104.6690368652,73.34762573242188,574031.3214111328,SPY,1170
2024-04-23,580916.5055847168,73.34762573242188,580843.1579589844,SPY,1170
2024-04-24,580640.7872009277,73.34762573242188,580567.4395751953,SPY,1170
2024-04-25,578435.3257751465,73.34762573242188,578361.9781494141,SPY,1170
2024-04-26,583914.6662902832,73.34762573242188,583841.3186645508,SPY,1170
2024-04-29,585982.2685241699,73.34762573242188,585908.9208984375,SPY,1170
2024-04-30,576700.7493591309,73.34762573242188,576627.4017333984,SPY,1170
2024-05-01,574828.3851623535,73.34762573242188,574755.0375366211,SPY,1170
2024-05-02,580204.2866516113,73.34762573242188,580130.9390258789,SPY,1170
2024-05-03,587395.209197998,73.34762573242188,587321.8615722656,SPY,1170
2024-05-06,593460.4066467285,73.34762573242188,593387.0590209961,SPY,1170
2024-05-07,594115.2110290527,73.34762573242188,594041.8634033203,SPY,1170
2024-05-08,594172.5898742676,73.34762573242188,594099.2422485352,SPY,1170
2024-05-09,597595.6825256348,73.34762573242188,597522.3348999023,SPY,1170
2024-05-10,598365.3874206543,73.34762573242188,598292.0397949219,SPY,1170
2024-05-13,598445.7606506348,73.34762573242188,598372.4130249023,SPY,1170
2024-05-14,601191.1973571777,73.34762573242188,601117.8497314453,SPY,1170
2024-05-15,608634.8081970215,73.34762573242188,608561.4605712891,SPY,1170
2024-05-16,607382.6139831543,73.34762573242188,607309.2663574219,SPY,1170
2024-05-17,608255.6864929199,73.34762573242188,608182.3388671875,SPY,1170
2024-05-20,608956.3725280762,73.34762573242188,608883.0249023438,SPY,1170
2024-05-21,610449.793548584,73.34762573242188,610376.4459228516,SPY,1170
2024-05-22,608692.2227478027,73.34762573242188,608618.8751220703,SPY,1170
2024-05-23,604246.736907959,73.34762573242188,604173.3892822266,SPY,1170
2024-05-24,608244.2607116699,73.34762573242188,608170.9130859375,SPY,1170
2024-05-28,608669.2283630371,73.34762573242188,608595.8807373047,SPY,1170
2024-05-29,604407.4833679199,73.34762573242188,604334.1357421875,SPY,1170
2024-05-30,600398.4623718262,73.34762573242188,600325.1147460938,SPY,1170
2024-05-31,605866.3414001465,73.34762573242188,605792.9937744141,SPY,1170
2024-06-03,606360.4350280762,73.34762573242188,606287.0874023438,SPY,1170
2024-06-04,607038.055267334,73.34762573242188,606964.7076416016,SPY,1170
2024-06-05,614251.8650817871,73.34762573242188,614178.5174560547,SPY,1170
2024-06-06,614240.5107116699,73.34762573242188,614167.1630859375,SPY,1170
2024-06-07,613493.8359069824,73.34762573242188,613420.48828125,SPY,1170
2024-06-10,615389.0873718262,73.34762573242188,615315.7397460938,SPY,1170
2024-06-11,616871.0111999512,73.34762573242188,616797.6635742188,SPY,1170
2024-06-12,621936.7741394043,73.34762573242188,621863.4265136719,SPY,1170
2024-06-13,623188.8969421387,73.34762573242188,623115.5493164062,SPY,1170
2024-06-14,623568.090057373,73.34762573242188,623494.7424316406,SPY,1170
2024-06-17,628530.306854248,73.34762573242188,628456.9592285156,SPY,1170
2024-06-18,630126.9883728027,73.34762573242188,630053.6407470703,SPY,1170
2024-06-20,628415.5491638184,73.34762573242188,628342.2015380859,SPY,1170
2024-06-21,627573.1120300293,73.34762573242188,627499.7644042969,SPY,1170
2024-06-24,625533.324432373,73.34762573242188,625459.9768066406,SPY,1170
2024-06-25,627941.8077087402,73.34762573242188,627868.4600830078,SPY,1170
2024-06-26,628725.5448913574,73.34762573242188,628652.197265625,SPY,1170
2024-06-27,629716.5885925293,73.34762573242188,629643.2409667969,SPY,1170
2024-06-28,627238.9079284668,73.34762573242188,627165.5603027344,SPY,1170
2024-07-01,628529.5927429199,73.34762573242188,628456.2451171875,SPY,1170
2024-07-02,632758.9170837402,73.34762573242188,632685.5694580078,SPY,1170
2024-07-03,635582.3704528809,73.34762573242188,635509.0228271484,SPY,1170
2024-07-05,639246.9755554199,73.34762573242188,639173.6279296875,SPY,1170
2024-07-08,639984.5811462402,73.34762573242188,639911.2335205078,SPY,1170
2024-07-09,640606.9291687012,73.34762573242188,640533.5815429688,SPY,1170
2024-07-10,646945.0956726074,73.34762573242188,646871.748046875,SPY,1170
2024-07-11,641367.4577331543,73.34762573242188,641294.1101074219,SPY,1170
2024-07-12,645412.4699401855,73.34762573242188,645339.1223144531,SPY,1170
2024-07-15,647187.2508239746,73.34762573242188,647113.9031982422,SPY,1170
2024-07-16,651024.5994567871,73.34762573242188,650951.2518310547,SPY,1170
2024-07-17,641897.6139831543,73.34762573242188,641824.2663574219,SPY,1170
2024-07-18,636965.2470397949,73.34762573242188,636891.8994140625,SPY,1170
2024-07-19,632735.8512878418,73.34762573242188,632662.5036621094,SPY,1170
2024-07-22,639258.6869812012,73.34762573242188,639185.3393554688,SPY,1170
2024-07-23,638255.931854248,73.34762573242188,638182.5842285156,SPY,1170
2024-07-24,623793.1065368652,73.34762573242188,623719.7589111328,SPY,1170
2024-07-25,620543.328704834,73.34762573242188,620469.9810791016,SPY,1170
2024-07-26,627492.488861084,73.34762573242188,627419.1412353516,SPY,1170
2024-07-29,627861.2559509277,73.34762573242188,627787.9083251953,SPY,1170
2024-07-30,624680.604095459,73.34762573242188,624607.2564697266,SPY,1170
2024-07-31,634833.2676696777,73.34762573242188,634759.9200439453,SPY,1170
2024-08-01,625844.4627380371,73.34762573242188,625771.1151123047,SPY,1170
2024-08-02,614193.6650085449,73.34762573242188,614120.3173828125,SPY,1170
2024-08-05,596308.1755065918,73.34762573242188,596234.8278808594,SPY,1170
2024-08-06,601805.1902770996,73.34762573242188,601731.8426513672,SPY,1170
2024-08-07,597783.2438659668,73.34762573242188,597709.8962402344,SPY,1170
2024-08-08,611600.726776123,73.34762573242188,611527.3791503906,SPY,1170
2024-08-09,614297.2825622559,73.34762573242188,614223.9349365234,SPY,1170
2024-08-12,614620.0608825684,73.34762573242188,614546.7132568359,SPY,1170
2024-08-13,624726.7356872559,73.34762573242188,624653.3880615234,SPY,1170
2024-08-14,626697.1830749512,73.34762573242188,626623.8354492188,SPY,1170
2024-08-15,637437.7030944824,73.34762573242188,637364.35546875,SPY,1170
2024-08-16,638866.7112731934,73.34762573242188,638793.3636474609,SPY,1170
2024-08-19,644974.5054626465,73.34762573242188,644901.1578369141,SPY,1170
2024-08-20,643925.7615661621,73.34762573242188,643852.4139404297,SPY,1170
2024-08-21,646138.4355163574,73.34762573242188,646065.087890625,SPY,1170
2024-08-22,641067.7452087402,73.34762573242188,640994.3975830078,SPY,1170
2024-08-23,647878.5820007324,73.34762573242188,647805.234375,SPY,1170
2024-08-26,646334.3162536621,73.34762573242188,646260.9686279297,SPY,1170
2024-08-27,647221.6709899902,73.34762573242188,647148.3233642578,SPY,1170
2024-08-28,643464.8027038574,73.34762573242188,643391.455078125,SPY,1170
2024-08-29,643522.4314880371,73.34762573242188,643449.0838623047,SPY,1170
2024-08-30,649664.7886657715,73.34762573242188,649591.4410400391,SPY,1170
2024-09-03,636296.9102478027,73.34762573242188,636223.5626220703,SPY,1170
2024-09-04,634994.5854187012,73.34762573242188,634921.2377929688,SPY,1170
2024-09-05,633450.3196716309,73.34762573242188,633376.9720458984,SPY,1170
2024-09-06,622790.5656433105,73.34762573242188,622717.2180175781,SPY,1170
2024-09-09,629762.6487731934,73.34762573242188,629689.3011474609,SPY,1170
2024-09-10,632505.4075622559,73.34762573242188,632432.0599365234,SPY,1170
2024-09-11,638993.4660339355,73.34762573242188,638920.1184082031,SPY,1170
2024-09-12,644375.223236084,73.34762573242188,644301.8756103516,SPY,1170
2024-09-13,647740.3300476074,73.34762573242188,647666.982421875,SPY,1170
2024-09-16,648696.810760498,73.34762573242188,648623.4631347656,SPY,1170
2024-09-17,648961.888885498,73.34762573242188,648888.5412597656,SPY,1170
2024-09-18,647037.3588562012,73.34762573242188,646964.0112304688,SPY,1170
2024-09-19,658077.4485778809,73.34762573242188,658004.1009521484,SPY,1170
2024-09-20,656939.9406433105,73.34762573242188,656866.5930175781,SPY,1170
2024-09-23,658581.3969421387,73.34762573242188,658508.0493164062,SPY,1170
2024-09-24,660465.5796813965,73.34762573242188,660392.2320556641,SPY,1170
2024-09-25,659009.0068054199,73.34762573242188,658935.6591796875,SPY,1170
2024-09-26,661621.5116882324,73.34762573242188,661548.1640625,SPY,1170
2024-09-27,660662.1031188965,73.34762573242188,660588.7554931641,SPY,1170
2024-09-30,663309.1709899902,73.34762573242188,663235.8233642578,SPY,1170
2024-10-01,657367.6219177246,73.34762573242188,657294.2742919922,SPY,1170
2024-10-02,657645.125579834,73.34762573242188,657571.7779541016,SPY,1170
2024-10-03,656442.9905700684,73.34762573242188,656369.6429443359,SPY,1170
2024-10-04,662407.6054382324,73.34762573242188,662334.2578125,SPY,1170
2024-10-07,656419.8533630371,73.34762573242188,656346.5057373047,SPY,1170
2024-10-08,662627.2660827637,73.34762573242188,662553.9184570312,SPY,1170
2024-10-09,667216.3597106934,73.34762573242188,667143.0120849609,SPY,1170
2024-10-10,666048.9305114746,73.34762573242188,665975.5828857422,SPY,1170
2024-10-11,670036.8852233887,73.34762573242188,669963.5375976562,SPY,1170
2024-10-14,675516.1186218262,73.34762573242188,675442.7709960938,SPY,1170
2024-10-15,670268.0430603027,73.34762573242188,670194.6954345703,SPY,1170
2024-10-16,673180.9745788574,73.34762573242188,673107.626953125,SPY,1170
2024-10-17,673238.8175964355,73.34762573242188,673165.4699707031,SPY,1170
2024-10-18,675828.1852722168,73.34762573242188,675754.8376464844,SPY,1170
2024-10-21,674718.4562683105,73.34762573242188,674645.1086425781,SPY,1170
2024-10-22,674360.1866149902,73.34762573242188,674286.8389892578,SPY,1170
2024-10-23,668198.9054870605,73.34762573242188,668125.5578613281,SPY,1170
2024-10-24,669643.8383483887,73.34762573242188,669570.4907226562,SPY,1170
2024-10-25,669412.6805114746,73.34762573242188,669339.3328857422,SPY,1170
2024-10-28,671481.8180847168,73.34762573242188,671408.4704589844,SPY,1170
2024-10-29,672568.338470459,73.34762573242188,672494.9908447266,SPY,1170
2024-10-30,670533.9067077637,73.34762573242188,670460.5590820312,SPY,1170
2024-10-31,657390.8305358887,73.34762573242188,657317.4829101562,SPY,1170
2024-11-01,660165.0102233887,73.34762573242188,660091.6625976562,SPY,1170
2024-11-04,658743.2145690918,73.34762573242188,658669.8669433594,SPY,1170
2024-11-05,666707.7696228027,73.34762573242188,666634.4219970703,SPY,1170
2024-11-06,683283.9360046387,73.34762573242188,683210.5883789062,SPY,1170
2024-11-07,688566.6459655762,73.34762573242188,688493.2983398438,SPY,1170
2024-11-08,691548.9891052246,73.34762573242188,691475.6414794922,SPY,1170
2024-11-11,692207.8282165527,73.34762573242188,692134.4805908203,SPY,1170
2024-11-12,690057.8532409668,73.34762573242188,689984.5056152344,SPY,1170
2024-11-13,690393.0570983887,73.34762573242188,690319.7094726562,SPY,1170
2024-11-14,685954.2839050293,73.34762573242188,685880.9362792969,SPY,1170
2024-11-15,677169.0721130371,73.34762573242188,677095.7244873047,SPY,1170
2024-11-18,679943.3946228027,73.34762573242188,679870.0469970703,SPY,1170
2024-11-19,682428.6448669434,73.34762573242188,682355.2972412109,SPY,1170
2024-11-20,682659.8027038574,73.34762573242188,682586.455078125,SPY,1170
2024-11-21,686324.1221618652,73.34762573242188,686250.7745361328,SPY,1170
2024-11-22,688451.0313415527,73.34762573242188,688377.6837158203,SPY,1170
2024-11-25,690786.1753845215,73.34762573242188,690712.8277587891,SPY,1170
2024-11-26,694392.723236084,73.34762573242188,694319.3756103516,SPY,1170
2024-11-27,692288.8084411621,73.34762573242188,692215.4608154297,SPY,1170
2024-11-29,696588.9726257324,73.34762573242188,696515.625,SPY,1170
2024-12-02,697837.3820495605,73.34762573242188,697764.0344238281,SPY,1170
2024-12-03,698161.0173034668,73.34762573242188,698087.6696777344,SPY,1170
2024-12-04,702495.8158874512,73.34762573242188,702422.4682617188,SPY,1170
2024-12-05,701339.8838806152,73.34762573242188,701266.5362548828,SPY,1170
2024-12-06,702669.2735290527,73.34762573242188,702595.9259033203,SPY,1170
2024-12-09,699051.0856628418,73.34762573242188,698977.7380371094,SPY,1170
2024-12-10,696877.9020690918,73.34762573242188,696804.5544433594,SPY,1170
2024-12-11,702264.7294616699,73.34762573242188,702191.3818359375,SPY,1170
2024-12-12,698646.4701843262,73.34762573242188,698573.1225585938,SPY,1170
2024-12-13,698507.8611755371,73.34762573242188,698434.5135498047,SPY,1170
2024-12-16,701490.1329040527,73.34762573242188,701416.7852783203,SPY,1170
2024-12-17,698600.1957702637,73.34762573242188,698526.8481445312,SPY,1170
2024-12-18,677781.7082214355,73.34762573242188,677708.3605957031,SPY,1170
2024-12-19,677573.6161804199,73.34762573242188,677500.2685546875,SPY,1170
2024-12-20,685711.0575866699,73.34762573242188,685637.7099609375,SPY,1170
2024-12-23,689816.9120788574,73.34762573242188,689743.564453125,SPY,1170
2024-12-24,697483.397064209,73.34762573242188,697410.0494384766,SPY,1170
2024-12-26,697529.8857116699,73.34762573242188,697456.5380859375,SPY,1170
2024-12-27,690188.035736084,73.34762573242188,690114.6881103516,SPY,1170
2024-12-30,682312.7445983887,73.34762573242188,682239.3969726562,SPY,1170
