date,equity,cash,position_value,position,shares
2005-01-03,99850.0,78.36734771728516,99771.63265228271,SPY,1219
2005-01-04,98630.85119628906,78.36734771728516,98552.48384857178,SPY,1219
2005-01-05,97950.81823730469,78.36734771728516,97872.4508895874,SPY,1219
2005-01-06,98448.39924621582,78.36734771728516,98370.03189849854,SPY,1219
2005-01-07,98307.43563079834,78.36734771728516,98229.06828308105,SPY,1219
2005-01-10,98771.85201263428,78.36734771728516,98693.48466491699,SPY,1219
2005-01-11,98091.75395202637,78.36734771728516,98013.38660430908,SPY,1219
2005-01-12,98415.25321960449,78.36734771728516,98336.8858718872,SPY,1219
2005-01-13,97627.34687042236,78.36734771728516,97548.97952270508,SPY,1219
2005-01-14,98141.52879333496,78.36734771728516,98063.16144561768,SPY,1219
2005-01-18,99161.66193389893,78.36734771728516,99083.29458618164,SPY,1219
2005-01-19,98124.93717956543,78.36734771728516,98046.56983184814,SPY,1219
2005-01-20,97527.78788757324,78.36734771728516,97449.42053985596,SPY,1219
2005-01-21,96930.66649627686,78.36734771728516,96852.29914855957,SPY,1219
2005-01-24,96739.95594024658,78.36734771728516,96661.5885925293,SPY,1219
2005-01-25,97013.59666442871,78.36734771728516,96935.22931671143,SPY,1219
2005-01-26,97303.8941040039,78.36734771728516,97225.52675628662,SPY,1219
2005-01-27,97469.79164123535,78.36734771728516,97391.42429351807,SPY,1219
2005-01-28,97469.79164123535,78.36734771728516,97391.42429351807,SPY,1219
2005-01-31,98075.17163848877,78.36734771728516,97996.80429077148,SPY,1219
2005-02-01,98697.20835113525,78.36734771728516,98618.84100341797,SPY,1219
2005-02-02,98995.77369689941,78.36734771728516,98917.40634918213,SPY,1219
2005-02-03,98738.69668579102,78.36734771728516,98660.32933807373,SPY,1219
2005-02-04,99791.92935180664,78.36734771728516,99713.56200408936,SPY,1219
2005-02-07,99659.25224304199,78.36734771728516,99580.8848953247,SPY,1219
2005-02-08,99775.34703826904,78.36734771728516,99696.97969055176,SPY,1219
2005-02-09,99028.95692443848,78.36734771728516,98950.58957672119,SPY,1219
2005-02-10,99385.55571746826,78.36734771728516,99307.18836975098,SPY,1219
2005-02-11,100239.80992126465,78.36734771728516,100161.44257354736,SPY,1219
2005-02-14,100165.19416046143,78.36734771728516,100086.82681274414,SPY,1219
2005-02-15,100538.38456726074,78.36734771728516,100460.01721954346,SPY,1219
2005-02-16,100604.75102233887,78.36734771728516,100526.38367462158,SPY,1219
2005-02-17,99791.92935180664,78.36734771728516,99713.56200408936,SPY,1219
2005-02-18,99924.63436126709,78.36734771728516,99846.2670135498,SPY,1219
2005-02-22,98440.12203979492,78.36734771728516,98361.75469207764,SPY,1219
2005-02-23,99145.07962036133,78.36734771728516,99066.71227264404,SPY,1219
2005-02-24,99800.26235961914,78.36734771728516,99721.89501190186,SPY,1219
2005-02-25,100787.20297241211,78.36734771728516,100708.83562469482,SPY,1219
2005-02-28,100123.73372650146,78.36734771728516,100045.36637878418,SPY,1219
2005-03-01,100621.2868347168,78.36734771728516,100542.91948699951,SPY,1219
2005-03-02,100571.54919433594,78.36734771728516,100493.18184661865,SPY,1219
2005-03-03,100613.02822875977,78.36734771728516,100534.66088104248,SPY,1219
2005-03-04,101865.3416595459,78.36734771728516,101786.97431182861,SPY,1219
2005-03-07,101915.13510131836,78.36734771728516,101836.76775360107,SPY,1219
2005-03-08,101533.61168670654,78.36734771728516,101455.24433898926,SPY,1219
2005-03-09,100405.6795578003,78.36734771728516,100327.31221008301,SPY,1219
2005-03-10,100629.61054229736,78.36734771728516,100551.24319458008,SPY,1219
2005-03-11,99924.63436126709,78.36734771728516,99846.2670135498,SPY,1219
2005-03-14,100546.68967437744,78.36734771728516,100468.32232666016,SPY,1219
2005-03-15,99717.31359100342,78.36734771728516,99638.94624328613,SPY,1219
2005-03-16,98871.37379455566,78.36734771728516,98793.00644683838,SPY,1219
2005-03-17,99070.4080581665,78.36734771728516,98992.04071044922,SPY,1219
2005-03-18,98776.49282836914,78.36734771728516,98698.12548065186,SPY,1219
2005-03-21,98410.16599273682,78.36734771728516,98331.79864501953,SPY,1219
2005-03-22,97410.9769744873,78.36734771728516,97332.60962677002,SPY,1219
2005-03-23,97494.26985168457,78.36734771728516,97415.90250396729,SPY,1219
2005-03-24,97610.79245758057,78.36734771728516,97532.42510986328,SPY,1219
2005-03-28,97752.38848876953,78.36734771728516,97674.02114105225,SPY,1219
2005-03-29,97102.91609191895,78.36734771728516,97024.54874420166,SPY,1219
2005-03-30,98476.76495361328,78.36734771728516,98398.397605896,SPY,1219
2005-03-31,98293.60618591309,78.36734771728516,98215.2388381958,SPY,1219
2005-04-01,97852.33808135986,78.36734771728516,97773.97073364258,SPY,1219
2005-04-04,98018.83083343506,78.36734771728516,97940.46348571777,SPY,1219
2005-04-05,98485.09796142578,78.36734771728516,98406.7306137085,SPY,1219
2005-04-06,98826.50017547607,78.36734771728516,98748.13282775879,SPY,1219
2005-04-07,99359.33836364746,78.36734771728516,99280.97101593018,SPY,1219
2005-04-08,98326.90101623535,78.36734771728516,98248.53366851807,SPY,1219
2005-04-11,98401.82368469238,78.36734771728516,98323.4563369751,SPY,1219
2005-04-12,98909.76515197754,78.36734771728516,98831.39780426025,SPY,1219
2005-04-13,97744.06478118896,78.36734771728516,97665.69743347168,SPY,1219
2005-04-14,96470.1469116211,78.36734771728516,96391.77956390381,SPY,1219
2005-04-15,95121.34357452393,78.36734771728516,95042.97622680664,SPY,1219
2005-04-18,95412.71054077148,78.36734771728516,95334.3431930542,SPY,1219
2005-04-19,96170.39113616943,78.36734771728516,96092.02378845215,SPY,1219
2005-04-20,94829.9022064209,78.36734771728516,94751.53485870361,SPY,1219
2005-04-21,96669.98099517822,78.36734771728516,96591.61364746094,SPY,1219
2005-04-22,96303.6541595459,78.36734771728516,96225.28681182861,SPY,1219
2005-04-25,96936.43264007568,78.36734771728516,96858.0652923584,SPY,1219
2005-04-26,95995.5839767456,78.36734771728516,95917.21662902832,SPY,1219
2005-04-27,96370.22521972656,78.36734771728516,96291.85787200928,SPY,1219
2005-04-28,95162.95281219482,78.36734771728516,95084.58546447754,SPY,1219
2005-04-29,96453.49019622803,78.36734771728516,96375.12284851074,SPY,1219
2005-05-02,96994.73579406738,78.36734771728516,96916.3684463501,SPY,1219
2005-05-03,97161.22854614258,78.36734771728516,97082.8611984253,SPY,1219
2005-05-04,97910.5668334961,78.36734771728516,97832.19948577881,SPY,1219
2005-05-05,97877.24410247803,78.36734771728516,97798.87675476074,SPY,1219
2005-05-06,97569.18321990967,78.36734771728516,97490.81587219238,SPY,1219
2005-05-09,98177.02777862549,78.36734771728516,98098.6604309082,SPY,1219
2005-05-10,97161.22854614258,78.36734771728516,97082.8611984253,SPY,1219
2005-05-11,97694.1039352417,78.36734771728516,97615.73658752441,SPY,1219
2005-05-12,96620.03874969482,78.36734771728516,96541.67140197754,SPY,1219
2005-05-13,96428.5376739502,78.36734771728516,96350.17032623291,SPY,1219
2005-05-16,97327.74919891357,78.36734771728516,97249.38185119629,SPY,1219
2005-05-17,97977.2029953003,78.36734771728516,97898.83564758301,SPY,1219
2005-05-18,98984.63201904297,78.36734771728516,98906.26467132568,SPY,1219
2005-05-19,99400.94760131836,78.36734771728516,99322.58025360107,SPY,1219
2005-05-20,99259.3794708252,78.36734771728516,99181.01212310791,SPY,1219
2005-05-23,99808.93017578125,78.36734771728516,99730.56282806396,SPY,1219
2005-05-24,99575.81056213379,78.36734771728516,99497.4432144165,SPY,1219
2005-05-25,99500.84139251709,78.36734771728516,99422.4740447998,SPY,1219
2005-05-26,100033.72608184814,78.36734771728516,99955.35873413086,SPY,1219
2005-05-27,100200.29323577881,78.36734771728516,100121.92588806152,SPY,1219
2005-05-31,99559.13524627686,78.36734771728516,99480.76789855957,SPY,1219
2005-06-01,100408.40452575684,78.36734771728516,100330.03717803955,SPY,1219
2005-06-02,100624.93252563477,78.36734771728516,100546.56517791748,SPY,1219
2005-06-03,100117.03755950928,78.36734771728516,100038.67021179199,SPY,1219
2005-06-06,100025.44887542725,78.36734771728516,99947.08152770996,SPY,1219
2005-06-07,100100.31574249268,78.36734771728516,100021.94839477539,SPY,1219
2005-06-08,99917.20347595215,78.36734771728516,99838.83612823486,SPY,1219
2005-06-09,100391.7571105957,78.36734771728516,100313.38976287842,SPY,1219
2005-06-10,100158.66539764404,78.36734771728516,100080.29804992676,SPY,1219
2005-06-13,100475.06858825684,78.36734771728516,100396.70124053955,SPY,1219
2005-06-14,100708.17890167236,78.36734771728516,100629.81155395508,SPY,1219
2005-06-15,100899.65207672119,78.36734771728516,100821.2847290039,SPY,1219
2005-06-16,101157.79861450195,78.36734771728516,101079.43126678467,SPY,1219
2005-06-17,101532.30965423584,78.36734771728516,101453.94230651855,SPY,1219
2005-06-20,101565.72538757324,78.36734771728516,101487.35803985596,SPY,1219
2005-06-21,101624.27034759521,78.36734771728516,101545.90299987793,SPY,1219
2005-06-22,101707.85153198242,78.36734771728516,101629.48418426514,SPY,1219
2005-06-23,100278.3593826294,78.36734771728516,100199.99203491211,SPY,1219
2005-06-24,99542.65523529053,78.36734771728516,99464.28788757324,SPY,1219
2005-06-27,99684.82788085938,78.36734771728516,99606.46053314209,SPY,1219
2005-06-28,100520.77922821045,78.36734771728516,100442.41188049316,SPY,1219
2005-06-29,100253.24875640869,78.36734771728516,100174.8814086914,SPY,1219
2005-06-30,99709.89200592041,78.36734771728516,99631.52465820312,SPY,1219
2005-07-01,100002.4308013916,78.36734771728516,99924.06345367432,SPY,1219
2005-07-05,100804.96641540527,78.36734771728516,100726.59906768799,SPY,1219
2005-07-06,99960.61695861816,78.36734771728516,99882.24961090088,SPY,1219
2005-07-07,100353.56105804443,78.36734771728516,100275.19371032715,SPY,1219
2005-07-08,101498.83811950684,78.36734771728516,101420.47077178955,SPY,1219
2005-07-11,102017.11214447021,78.36734771728516,101938.74479675293,SPY,1219
2005-07-12,102284.68911743164,78.36734771728516,102206.32176971436,SPY,1219
2005-07-13,102426.78736114502,78.36734771728516,102348.42001342773,SPY,1219
2005-07-14,102828.05516815186,78.36734771728516,102749.68782043457,SPY,1219
2005-07-15,102769.55670928955,78.36734771728516,102691.18936157227,SPY,1219
2005-07-18,102359.90939331055,78.36734771728516,102281.54204559326,SPY,1219
2005-07-19,102920.0344619751,78.36734771728516,102841.66711425781,SPY,1219
2005-07-20,103271.17401885986,78.36734771728516,103192.80667114258,SPY,1219
2005-07-21,102669.20720672607,78.36734771728516,102590.83985900879,SPY,1219
2005-07-22,103354.7366027832,78.36734771728516,103276.36925506592,SPY,1219
2005-07-25,103062.15130615234,78.36734771728516,102983.78395843506,SPY,1219
2005-07-26,103187.50913238525,78.36734771728516,103109.14178466797,SPY,1219
2005-07-27,103563.71281433105,78.36734771728516,103485.34546661377,SPY,1219
2005-07-28,104215.77067565918,78.36734771728516,104137.4033279419,SPY,1219
2005-07-29,103521.95477294922,78.36734771728516,103443.58742523193,SPY,1219
2005-08-01,103446.68799591064,78.36734771728516,103368.32064819336,SPY,1219
2005-08-02,104065.27432250977,78.36734771728516,103986.90697479248,SPY,1219
2005-08-03,104341.17500305176,78.36734771728516,104262.80765533447,SPY,1219
2005-08-04,103505.24225616455,78.36734771728516,103426.87490844727,SPY,1219
2005-08-05,102802.99104309082,78.36734771728516,102724.62369537354,SPY,1219
2005-08-08,102610.7180480957,78.36734771728516,102532.35070037842,SPY,1219
2005-08-09,103229.32297515869,78.36734771728516,103150.9556274414,SPY,1219
2005-08-10,103179.16682434082,78.36734771728516,103100.79947662354,SPY,1219
2005-08-11,103588.79553985596,78.36734771728516,103510.42819213867,SPY,1219
2005-08-12,102953.45949554443,78.36734771728516,102875.09214782715,SPY,1219
2005-08-15,103588.79553985596,78.36734771728516,103510.42819213867,SPY,1219
2005-08-16,102242.91247558594,78.36734771728516,102164.54512786865,SPY,1219
2005-08-17,102234.5143661499,78.36734771728516,102156.14701843262,SPY,1219
2005-08-18,102226.17205810547,78.36734771728516,102147.80471038818,SPY,1219
2005-08-19,102460.25889587402,78.36734771728516,102381.89154815674,SPY,1219
2005-08-22,102460.25889587402,78.36734771728516,102381.89154815674,SPY,1219
2005-08-23,102267.9580001831,78.36734771728516,102189.59065246582,SPY,1219
2005-08-24,101356.73057556152,78.36734771728516,101278.36322784424,SPY,1219
2005-08-25,101724.55474853516,78.36734771728516,101646.18740081787,SPY,1219
2005-08-26,101030.74814605713,78.36734771728516,100952.38079833984,SPY,1219
2005-08-29,101808.21033477783,78.36734771728516,101729.84298706055,SPY,1219
2005-08-30,101273.14939117432,78.36734771728516,101194.78204345703,SPY,1219
2005-08-31,102552.20098876953,78.36734771728516,102473.83364105225,SPY,1219
2005-09-01,102476.97141265869,78.36734771728516,102398.6040649414,SPY,1219
2005-09-02,102293.0128250122,78.36734771728516,102214.64547729492,SPY,1219
2005-09-06,103488.45533752441,78.36734771728516,103410.08798980713,SPY,1219
2005-09-07,103664.04371643066,78.36734771728516,103585.67636871338,SPY,1219
2005-09-08,103321.31156921387,78.36734771728516,103242.94422149658,SPY,1219
2005-09-09,104240.82550048828,78.36734771728516,104162.458152771,SPY,1219
2005-09-12,104031.87718963623,78.36734771728516,103953.50984191895,SPY,1219
2005-09-13,103455.06750488281,78.36734771728516,103376.70015716553,SPY,1219
2005-09-14,103078.84522247314,78.36734771728516,103000.47787475586,SPY,1219
2005-09-15,103028.6983718872,78.36734771728516,102950.33102416992,SPY,1219
2005-09-16,103760.76612854004,78.36734771728516,103682.39878082275,SPY,1219
2005-09-19,103416.52734375,78.36734771728516,103338.15999603271,SPY,1219
2005-09-20,102543.43087005615,78.36734771728516,102465.06352233887,SPY,1219
2005-09-21,101586.37190246582,78.36734771728516,101508.00455474854,SPY,1219
2005-09-22,101947.36040496826,78.36734771728516,101868.99305725098,SPY,1219
2005-09-23,102031.34149932861,78.36734771728516,101952.97415161133,SPY,1219
2005-09-26,102148.8592300415,78.36734771728516,102070.49188232422,SPY,1219
2005-09-27,102123.6928024292,78.36734771728516,102045.32545471191,SPY,1219
2005-09-28,102224.43291473389,78.36734771728516,102146.0655670166,SPY,1219
2005-09-29,103055.54814147949,78.36734771728516,102977.1807937622,SPY,1219
2005-09-30,103374.60189819336,78.36734771728516,103296.23455047607,SPY,1219
2005-10-03,103005.17808532715,78.36734771728516,102926.81073760986,SPY,1219
2005-10-04,101846.61099243164,78.36734771728516,101768.24364471436,SPY,1219
2005-10-05,100511.7952041626,78.36734771728516,100433.42785644531,SPY,1219
2005-10-06,100150.80670166016,78.36734771728516,100072.43935394287,SPY,1219
2005-10-07,100494.98038482666,78.36734771728516,100416.61303710938,SPY,1219
2005-10-10,99647.03173828125,78.36734771728516,99568.66439056396,SPY,1219
2005-10-11,99504.36618041992,78.36734771728516,99425.99883270264,SPY,1219
2005-10-12,98723.55590820312,78.36734771728516,98645.18856048584,SPY,1219
2005-10-13,98664.79704284668,78.36734771728516,98586.4296951294,SPY,1219
2005-10-14,99705.80920410156,78.36734771728516,99627.44185638428,SPY,1219
2005-10-17,100075.23301696777,78.36734771728516,99996.86566925049,SPY,1219
2005-10-18,98992.22100830078,78.36734771728516,98913.8536605835,SPY,1219
2005-10-19,100637.70174407959,78.36734771728516,100559.3343963623,SPY,1219
2005-10-20,98866.27726745605,78.36734771728516,98787.90991973877,SPY,1219
2005-10-21,99252.46939849854,78.36734771728516,99174.10205078125,SPY,1219
2005-10-24,100788.82121276855,78.36734771728516,100710.45386505127,SPY,1219
2005-10-25,100587.30378723145,78.36734771728516,100508.93643951416,SPY,1219
2005-10-26,100293.51876068115,78.36734771728516,100215.15141296387,SPY,1219
2005-10-27,99227.30297088623,78.36734771728516,99148.93562316895,SPY,1219
2005-10-28,100654.5072631836,78.36734771728516,100576.13991546631,SPY,1219
2005-10-31,100931.51467132568,78.36734771728516,100853.1473236084,SPY,1219
2005-11-01,101233.75360870361,78.36734771728516,101155.38626098633,SPY,1219
2005-11-02,102291.58988952637,78.36734771728516,102213.22254180908,SPY,1219
2005-11-03,102728.16137695312,78.36734771728516,102649.79402923584,SPY,1219
2005-11-04,102593.81022644043,78.36734771728516,102515.44287872314,SPY,1219
2005-11-07,102694.54103851318,78.36734771728516,102616.1736907959,SPY,1219
2005-11-08,102694.54103851318,78.36734771728516,102616.1736907959,SPY,1219
2005-11-09,102828.89218902588,78.36734771728516,102750.5248413086,SPY,1219
2005-11-10,103626.45217895508,78.36734771728516,103548.0848312378,SPY,1219
2005-11-11,103979.05187225342,78.36734771728516,103900.68452453613,SPY,1219
2005-11-14,103920.29300689697,78.36734771728516,103841.92565917969,SPY,1219
2005-11-15,103542.49898529053,78.36734771728516,103464.13163757324,SPY,1219
2005-11-16,103752.38661956787,78.36734771728516,103674.01927185059,SPY,1219
2005-11-17,104717.8343963623,78.36734771728516,104639.46704864502,SPY,1219
2005-11-18,105129.19295501709,78.36734771728516,105050.8256072998,SPY,1219
2005-11-21,105658.09714508057,78.36734771728516,105579.72979736328,SPY,1219
2005-11-22,106111.45555114746,78.36734771728516,106033.08820343018,SPY,1219
2005-11-23,106724.30363464355,78.36734771728516,106645.93628692627,SPY,1219
2005-11-25,106808.32192993164,78.36734771728516,106729.95458221436,SPY,1219
2005-11-28,106052.76178741455,78.36734771728516,105974.39443969727,SPY,1219
2005-11-29,105935.17895507812,78.36734771728516,105856.81160736084,SPY,1219
2005-11-30,105364.27491760254,78.36734771728516,105285.90756988525,SPY,1219
2005-12-01,106438.87951660156,78.36734771728516,106360.51216888428,SPY,1219
2005-12-02,106573.18416595459,78.36734771728516,106494.8168182373,SPY,1219
2005-12-05,106346.53751373291,78.36734771728516,106268.17016601562,SPY,1219
2005-12-06,106548.03633880615,78.36734771728516,106469.66899108887,SPY,1219
2005-12-07,105926.75294494629,78.36734771728516,105848.385597229,SPY,1219
2005-12-08,105859.61457061768,78.36734771728516,105781.24722290039,SPY,1219
2005-12-09,106136.66847991943,78.36734771728516,106058.30113220215,SPY,1219
2005-12-12,106237.36209106445,78.36734771728516,106158.99474334717,SPY,1219
2005-12-13,106959.37629699707,78.36734771728516,106881.00894927979,SPY,1219
2005-12-14,107379.15156555176,78.36734771728516,107300.78421783447,SPY,1219
2005-12-15,107068.50521850586,78.36734771728516,106990.13787078857,SPY,1219
2005-12-16,106724.16413116455,78.36734771728516,106645.79678344727,SPY,1219
2005-12-19,106175.58065032959,78.36734771728516,106097.2133026123,SPY,1219
2005-12-20,106276.8787765503,78.36734771728516,106198.51142883301,SPY,1219
2005-12-21,106445.65008544922,78.36734771728516,106367.28273773193,SPY,1219
2005-12-22,107002.69677734375,78.36734771728516,106924.32942962646,SPY,1219
2005-12-23,107061.7904510498,78.36734771728516,106983.42310333252,SPY,1219
2005-12-27,105973.04019927979,78.36734771728516,105894.6728515625,SPY,1219
2005-12-28,106209.34049224854,78.36734771728516,106130.97314453125,SPY,1219
2005-12-29,105736.7585067749,78.36734771728516,105658.39115905762,SPY,1219
2005-12-30,105162.8318939209,78.36734771728516,105084.46454620361,SPY,1219
2006-01-03,107011.13208770752,78.36734771728516,106932.76473999023,SPY,1219
2006-01-04,107517.4739151001,78.36734771728516,107439.10656738281,SPY,1219
2006-01-05,107585.04940032959,78.36734771728516,107506.6820526123,SPY,1219
2006-01-06,108479.6759109497,78.36734771728516,108401.30856323242,SPY,1219
2006-01-09,108758.17135620117,78.36734771728516,108679.80400848389,SPY,1219
2006-01-10,108867.89549255371,78.36734771728516,108789.52814483643,SPY,1219
2006-01-11,109213.9478225708,78.36734771728516,109135.58047485352,SPY,1219
2006-01-12,108783.51448822021,78.36734771728516,108705.14714050293,SPY,1219
2006-01-13,108682.21636199951,78.36734771728516,108603.84901428223,SPY,1219
2006-01-17,108386.83169555664,78.36734771728516,108308.46434783936,SPY,1219
2006-01-18,107956.44486236572,78.36734771728516,107878.07751464844,SPY,1219
2006-01-19,108369.97967529297,78.36734771728516,108291.61232757568,SPY,1219
2006-01-20,106395.01962280273,78.36734771728516,106316.65227508545,SPY,1219
2006-01-23,106774.85969543457,78.36734771728516,106696.49234771729,SPY,1219
2006-01-24,106884.56523132324,78.36734771728516,106806.19788360596,SPY,1219
2006-01-25,106977.39084625244,78.36734771728516,106899.02349853516,SPY,1219
2006-01-26,107568.17877960205,78.36734771728516,107489.81143188477,SPY,1219
2006-01-27,108564.084815979,78.36734771728516,108485.71746826172,SPY,1219
2006-01-30,108479.6759109497,78.36734771728516,108401.30856323242,SPY,1219
2006-01-31,107686.32892608643,78.36734771728516,107607.96157836914,SPY,1219
2006-02-01,108437.47145843506,78.36734771728516,108359.10411071777,SPY,1219
2006-02-02,107179.95919799805,78.36734771728516,107101.59185028076,SPY,1219
2006-02-03,106648.22773742676,78.36734771728516,106569.86038970947,SPY,1219
2006-02-06,106926.71388244629,78.36734771728516,106848.346534729,SPY,1219
2006-02-07,105981.48480987549,78.36734771728516,105903.1174621582,SPY,1219
2006-02-08,106943.64030456543,78.36734771728516,106865.27295684814,SPY,1219
2006-02-09,106766.396484375,78.36734771728516,106688.02913665771,SPY,1219
2006-02-10,106960.50162506104,78.36734771728516,106882.13427734375,SPY,1219
2006-02-13,106766.396484375,78.36734771728516,106688.02913665771,SPY,1219
2006-02-14,107897.31398773193,78.36734771728516,107818.94664001465,SPY,1219
2006-02-15,108277.12615966797,78.36734771728516,108198.75881195068,SPY,1219
2006-02-16,109087.33446502686,78.36734771728516,109008.96711730957,SPY,1219
2006-02-17,108791.91259765625,78.36734771728516,108713.54524993896,SPY,1219
2006-02-21,108521.88036346436,78.36734771728516,108443.51301574707,SPY,1219
2006-02-22,109180.16938018799,78.36734771728516,109101.8020324707,SPY,1219
2006-02-23,109019.8240814209,78.36734771728516,108941.45673370361,SPY,1219
2006-02-24,109298.31022644043,78.36734771728516,109219.94287872314,SPY,1219
2006-02-27,109340.51467895508,78.36734771728516,109262.1473312378,SPY,1219
2006-02-28,108302.44139099121,78.36734771728516,108224.07404327393,SPY,1219
2006-03-01,109264.55038452148,78.36734771728516,109186.1830368042,SPY,1219
2006-03-02,109256.14297485352,78.36734771728516,109177.77562713623,SPY,1219
2006-03-03,108749.75464630127,78.36734771728516,108671.38729858398,SPY,1219
2006-03-06,108251.79232788086,78.36734771728516,108173.42498016357,SPY,1219
2006-03-07,108082.9838180542,78.36734771728516,108004.61647033691,SPY,1219
2006-03-08,108310.87670135498,78.36734771728516,108232.5093536377,SPY,1219
2006-03-09,107585.04940032959,78.36734771728516,107506.6820526123,SPY,1219
2006-03-10,108606.25206756592,78.36734771728516,108527.88471984863,SPY,1219
2006-03-13,108808.83901977539,78.36734771728516,108730.4716720581,SPY,1219
2006-03-14,109948.1918334961,78.36734771728516,109869.82448577881,SPY,1219
2006-03-15,110437.7095413208,78.36734771728516,110359.34219360352,SPY,1219
2006-03-16,110665.60242462158,78.36734771728516,110587.2350769043,SPY,1219
2006-03-17,110757.9072265625,78.36734771728516,110679.53987884521,SPY,1219
2006-03-20,110580.02169036865,78.36734771728516,110501.65434265137,SPY,1219
2006-03-21,109885.182762146,78.36734771728516,109806.81541442871,SPY,1219
2006-03-22,110554.61345672607,78.36734771728516,110476.24610900879,SPY,1219
2006-03-23,110325.78125,78.36734771728516,110247.41390228271,SPY,1219
2006-03-24,110410.57146453857,78.36734771728516,110332.20411682129,SPY,1219
2006-03-27,110249.5379486084,78.36734771728516,110171.17060089111,SPY,1219
2006-03-28,109571.69984436035,78.36734771728516,109493.33249664307,SPY,1219
2006-03-29,110258.01976013184,78.36734771728516,110179.65241241455,SPY,1219
2006-03-30,110063.12409973145,78.36734771728516,109984.75675201416,SPY,1219
2006-03-31,110088.51373291016,78.36734771728516,110010.14638519287,SPY,1219
2006-04-03,110003.77931976318,78.36734771728516,109925.4119720459,SPY,1219
2006-04-04,110707.10935974121,78.36734771728516,110628.74201202393,SPY,1219
2006-04-05,111088.37236785889,78.36734771728516,111010.0050201416,SPY,1219
2006-04-06,110969.78511047363,78.36734771728516,110891.41776275635,SPY,1219
2006-04-07,109842.75510406494,78.36734771728516,109764.38775634766,SPY,1219
2006-04-10,110012.32623291016,78.36734771728516,109933.95888519287,SPY,1219
2006-04-11,109080.19188690186,78.36734771728516,109001.82453918457,SPY,1219
2006-04-12,109283.56935882568,78.36734771728516,109205.2020111084,SPY,1219
2006-04-13,109139.50876617432,78.36734771728516,109061.14141845703,SPY,1219
2006-04-17,109097.19271087646,78.36734771728516,109018.82536315918,SPY,1219
2006-04-18,110825.7059173584,78.36734771728516,110747.33856964111,SPY,1219
2006-04-19,111037.5745010376,78.36734771728516,110959.20715332031,SPY,1219
2006-04-20,111190.0890045166,78.36734771728516,111111.72165679932,SPY,1219
2006-04-21,111207.05262756348,78.36734771728516,111128.68527984619,SPY,1219
2006-04-24,111003.68445587158,78.36734771728516,110925.3171081543,SPY,1219
2006-04-25,110546.1223449707,78.36734771728516,110467.75499725342,SPY,1219
2006-04-26,110571.51197814941,78.36734771728516,110493.14463043213,SPY,1219
2006-04-27,111105.33599090576,78.36734771728516,111026.96864318848,SPY,1219
2006-04-28,111478.23809051514,78.36734771728516,111399.87074279785,SPY,1219
2006-05-01,110571.51197814941,78.36734771728516,110493.14463043213,SPY,1219
2006-05-02,111401.93898773193,78.36734771728516,111323.57164001465,SPY,1219
2006-05-03,110986.7208328247,78.36734771728516,110908.35348510742,SPY,1219
2006-05-04,111384.92886352539,78.36734771728516,111306.5615158081,SPY,1219
2006-05-05,112367.88897705078,78.36734771728516,112289.5216293335,SPY,1219
2006-05-08,112232.32879638672,78.36734771728516,112153.96144866943,SPY,1219
2006-05-09,112452.60478973389,78.36734771728516,112374.2374420166,SPY,1219
2006-05-10,112393.31581115723,78.36734771728516,112314.94846343994,SPY,1219
2006-05-11,111037.5745010376,78.36734771728516,110959.20715332031,SPY,1219
2006-05-12,109588.58906555176,78.36734771728516,109510.22171783447,SPY,1219
2006-05-15,109808.9115600586,78.36734771728516,109730.54421234131,SPY,1219
2006-05-16,109647.91524505615,78.36734771728516,109569.54789733887,SPY,1219
2006-05-17,107563.47286224365,78.36734771728516,107485.10551452637,SPY,1219
2006-05-18,107021.15773773193,78.36734771728516,106942.79039001465,SPY,1219
2006-05-19,107775.31354522705,78.36734771728516,107696.94619750977,SPY,1219
2006-05-22,106953.38694763184,78.36734771728516,106875.01959991455,SPY,1219
2006-05-23,106139.94216156006,78.36734771728516,106061.57481384277,SPY,1219
2006-05-24,106987.28629302979,78.36734771728516,106908.9189453125,SPY,1219
2006-05-25,108309.14685821533,78.36734771728516,108230.77951049805,SPY,1219
2006-05-26,108859.92519378662,78.36734771728516,108781.55784606934,SPY,1219
2006-05-30,106927.97871398926,78.36734771728516,106849.61136627197,SPY,1219
2006-05-31,108122.69580841064,78.36734771728516,108044.32846069336,SPY,1219
2006-06-01,109156.47238922119,78.36734771728516,109078.1050415039,SPY,1219
2006-06-02,109385.23949432373,78.36734771728516,109306.87214660645,SPY,1219
2006-06-05,107792.26786804199,78.36734771728516,107713.9005203247,SPY,1219
2006-06-06,107529.55491638184,78.36734771728516,107451.18756866455,SPY,1219
2006-06-07,106724.60124206543,78.36734771728516,106646.23389434814,SPY,1219
2006-06-08,106631.37571716309,78.36734771728516,106553.0083694458,SPY,1219
2006-06-09,106292.465965271,78.36734771728516,106214.09861755371,SPY,1219
2006-06-12,105140.06492614746,78.36734771728516,105061.69757843018,SPY,1219
2006-06-13,103919.87449645996,78.36734771728516,103841.50714874268,SPY,1219
2006-06-14,104724.87467193604,78.36734771728516,104646.50732421875,SPY,1219
2006-06-15,106944.9051361084,78.36734771728516,106866.53778839111,SPY,1219
2006-06-16,106166.1688156128,78.36734771728516,106087.80146789551,SPY,1219
2006-06-19,105332.0961151123,78.36734771728516,105253.72876739502,SPY,1219
2006-06-20,105689.55982971191,78.36734771728516,105611.19248199463,SPY,1219
2006-06-21,106472.5556564331,78.36734771728516,106394.18830871582,SPY,1219
2006-06-22,106004.4656829834,78.36734771728516,105926.09833526611,SPY,1219
2006-06-23,105987.43695831299,78.36734771728516,105909.0696105957,SPY,1219
2006-06-26,106455.5548324585,78.36734771728516,106377.18748474121,SPY,1219
2006-06-27,105536.39430999756,78.36734771728516,105458.02696228027,SPY,1219
2006-06-28,106251.24733734131,78.36734771728516,106172.87998962402,SPY,1219
2006-06-29,108396.02032470703,78.36734771728516,108317.65297698975,SPY,1219
2006-06-30,108404.53003692627,78.36734771728516,108326.16268920898,SPY,1219
2006-07-03,108847.09087371826,78.36734771728516,108768.72352600098,SPY,1219
2006-07-05,108225.8074798584,78.36734771728516,108147.44013214111,SPY,1219
2006-07-06,108540.69473266602,78.36734771728516,108462.32738494873,SPY,1219
2006-07-07,107834.28631591797,78.36734771728516,107755.91896820068,SPY,1219
2006-07-10,108038.54730987549,78.36734771728516,107960.1799621582,SPY,1219
2006-07-11,108515.18419647217,78.36734771728516,108436.81684875488,SPY,1219
2006-07-12,107357.66802978516,78.36734771728516,107279.30068206787,SPY,1219
2006-07-13,105612.94451904297,78.36734771728516,105534.57717132568,SPY,1219
2006-07-14,105204.42253112793,78.36734771728516,105126.05518341064,SPY,1219
2006-07-17,105051.21981048584,78.36734771728516,104972.85246276855,SPY,1219
2006-07-18,105587.41538238525,78.36734771728516,105509.04803466797,SPY,1219
2006-07-19,107051.31838989258,78.36734771728516,106972.9510421753,SPY,1219
2006-07-20,106319.34363555908,78.36734771728516,106240.9762878418,SPY,1219
2006-07-21,105570.36805725098,78.36734771728516,105492.00070953369,SPY,1219
2006-07-24,107493.85132598877,78.36734771728516,107415.48397827148,SPY,1219
2006-07-25,107876.8720779419,78.36734771728516,107798.50473022461,SPY,1219
2006-07-26,108021.49998474121,78.36734771728516,107943.13263702393,SPY,1219
2006-07-27,107919.40203857422,78.36734771728516,107841.03469085693,SPY,1219
2006-07-28,109000.29359436035,78.36734771728516,108921.92624664307,SPY,1219
2006-07-31,108889.63943481445,78.36734771728516,108811.27208709717,SPY,1219
2006-08-01,108353.4345626831,78.36734771728516,108275.06721496582,SPY,1219
2006-08-02,109085.39071655273,78.36734771728516,109007.02336883545,SPY,1219
2006-08-03,109374.7395324707,78.36734771728516,109296.37218475342,SPY,1219
2006-08-04,109187.51656341553,78.36734771728516,109109.14921569824,SPY,1219
2006-08-07,108932.18799591064,78.36734771728516,108853.82064819336,SPY,1219
2006-08-08,108515.18419647217,78.36734771728516,108436.81684875488,SPY,1219
2006-08-09,108149.22006988525,78.36734771728516,108070.85272216797,SPY,1219
2006-08-10,108481.14534759521,78.36734771728516,108402.77799987793,SPY,1219
2006-08-11,108174.7306060791,78.36734771728516,108096.36325836182,SPY,1219
2006-08-14,108259.80912780762,78.36734771728516,108181.44178009033,SPY,1219
2006-08-15,109553.53649139404,78.36734771728516,109475.16914367676,SPY,1219
2006-08-16,110464.16870117188,78.36734771728516,110385.80135345459,SPY,1219
2006-08-17,110745.01710510254,78.36734771728516,110666.64975738525,SPY,1219
2006-08-18,111306.7232131958,78.36734771728516,111228.35586547852,SPY,1219
2006-08-21,110830.11422729492,78.36734771728516,110751.74687957764,SPY,1219
2006-08-22,110821.58591461182,78.36734771728516,110743.21856689453,SPY,1219
2006-08-23,110515.1990737915,78.36734771728516,110436.83172607422,SPY,1219
2006-08-24,110421.65734100342,78.36734771728516,110343.28999328613,SPY,1219
2006-08-25,110557.76623535156,78.36734771728516,110479.39888763428,SPY,1219
2006-08-28,111085.4427947998,78.36734771728516,111007.07544708252,SPY,1219
2006-08-29,111213.12567901611,78.36734771728516,111134.75833129883,SPY,1219
2006-08-30,111281.21267700195,78.36734771728516,111202.84532928467,SPY,1219
2006-08-31,111264.16535186768,78.36734771728516,111185.79800415039,SPY,1219
2006-09-01,111927.9880065918,78.36734771728516,111849.62065887451,SPY,1219
2006-09-05,112140.81451416016,78.36734771728516,112062.44716644287,SPY,1219
2006-09-06,111153.53909301758,78.36734771728516,111075.1717453003,SPY,1219
2006-09-07,110642.95635986328,78.36734771728516,110564.589012146,SPY,1219
2006-09-08,110957.8157119751,78.36734771728516,110879.44836425781,SPY,1219
2006-09-11,111068.4140701294,78.36734771728516,110990.04672241211,SPY,1219
2006-09-12,112157.7967376709,78.36734771728516,112079.42938995361,SPY,1219
2006-09-13,112608.8579864502,78.36734771728516,112530.49063873291,SPY,1219
2006-09-14,112617.40489959717,78.36734771728516,112539.03755187988,SPY,1219
2006-09-15,112881.54078674316,78.36734771728516,112803.17343902588,SPY,1219
2006-09-18,113035.38522338867,78.36734771728516,112957.01787567139,SPY,1219
2006-09-19,112753.2905883789,78.36734771728516,112674.92324066162,SPY,1219
2006-09-20,113351.69541168213,78.36734771728516,113273.32806396484,SPY,1219
2006-09-21,112804.59996795654,78.36734771728516,112726.23262023926,SPY,1219
2006-09-22,112462.6583404541,78.36734771728516,112384.29099273682,SPY,1219
2006-09-25,113326.03607177734,78.36734771728516,113247.66872406006,SPY,1219
2006-09-26,114266.34532165527,78.36734771728516,114187.97797393799,SPY,1219
2006-09-27,114403.09593200684,78.36734771728516,114324.72858428955,SPY,1219
2006-09-28,114360.3985671997,78.36734771728516,114282.03121948242,SPY,1219
2006-09-29,114266.34532165527,78.36734771728516,114187.97797393799,SPY,1219
2006-10-02,113838.97176361084,78.36734771728516,113760.60441589355,SPY,1219
2006-10-03,114078.2667312622,78.36734771728516,113999.89938354492,SPY,1219
2006-10-04,115411.83628845215,78.36734771728516,115333.46894073486,SPY,1219
2006-10-05,115634.09323120117,78.36734771728516,115555.72588348389,SPY,1219
2006-10-06,115488.74920654297,78.36734771728516,115410.38185882568,SPY,1219
2006-10-09,115557.16171264648,78.36734771728516,115478.7943649292,SPY,1219
2006-10-10,115711.04335021973,78.36734771728516,115632.67600250244,SPY,1219
2006-10-11,115574.2741394043,78.36734771728516,115495.90679168701,SPY,1219
2006-10-12,116574.36528015137,78.36734771728516,116495.99793243408,SPY,1219
2006-10-13,116873.60024261475,78.36734771728516,116795.23289489746,SPY,1219
2006-10-16,117053.10401916504,78.36734771728516,116974.73667144775,SPY,1219
2006-10-17,116685.51235198975,78.36734771728516,116607.14500427246,SPY,1219
2006-10-18,116839.40328979492,78.36734771728516,116761.03594207764,SPY,1219
2006-10-19,117027.43537902832,78.36734771728516,116949.06803131104,SPY,1219
2006-10-20,117053.10401916504,78.36734771728516,116974.73667144775,SPY,1219
2006-10-23,117591.68975067139,78.36734771728516,117513.3224029541,SPY,1219
2006-10-24,117942.14109039307,78.36734771728516,117863.77374267578,SPY,1219
2006-10-25,118343.89250946045,78.36734771728516,118265.52516174316,SPY,1219
2006-10-26,118711.49347686768,78.36734771728516,118633.12612915039,SPY,1219
2006-10-27,117967.74462890625,78.36734771728516,117889.37728118896,SPY,1219
2006-10-30,117882.24759674072,78.36734771728516,117803.88024902344,SPY,1219
2006-10-31,117865.17237091064,78.36734771728516,117786.80502319336,SPY,1219
2006-11-01,117070.18854522705,78.36734771728516,116991.82119750977,SPY,1219
2006-11-02,117001.83184051514,78.36734771728516,116923.46449279785,SPY,1219
2006-11-03,116796.62222290039,78.36734771728516,116718.2548751831,SPY,1219
2006-11-06,118113.08865356445,78.36734771728516,118034.72130584717,SPY,1219
2006-11-07,118566.14015197754,78.36734771728516,118487.77280426025,SPY,1219
2006-11-08,118822.57544708252,78.36734771728516,118744.20809936523,SPY,1219
2006-11-09,118198.55778503418,78.36734771728516,118120.1904373169,SPY,1219
2006-11-10,118249.87646484375,78.36734771728516,118171.50911712646,SPY,1219
2006-11-13,118540.50871276855,78.36734771728516,118462.14136505127,SPY,1219
2006-11-14,119429.51788330078,78.36734771728516,119351.1505355835,SPY,1219
2006-11-15,119771.42230987549,78.36734771728516,119693.0549621582,SPY,1219
2006-11-16,120079.18558502197,78.36734771728516,120000.81823730469,SPY,1219
2006-11-17,120113.39183807373,78.36734771728516,120035.02449035645,SPY,1219
2006-11-20,120181.78574371338,78.36734771728516,120103.4183959961,SPY,1219
2006-11-21,120301.45182800293,78.36734771728516,120223.08448028564,SPY,1219
2006-11-22,120540.79329681396,78.36734771728516,120462.42594909668,SPY,1219
2006-11-24,120053.59134674072,78.36734771728516,119975.22399902344,SPY,1219
2006-11-27,118403.70230102539,78.36734771728516,118325.3349533081,SPY,1219
2006-11-28,118916.64729309082,78.36734771728516,118838.27994537354,SPY,1219
2006-11-29,120156.17290496826,78.36734771728516,120077.80555725098,SPY,1219
2006-11-30,120207.43578338623,78.36734771728516,120129.06843566895,SPY,1219
2006-12-01,119942.41637420654,78.36734771728516,119864.04902648926,SPY,1219
2006-12-04,120857.11278533936,78.36734771728516,120778.74543762207,SPY,1219
2006-12-05,121378.53958892822,78.36734771728516,121300.17224121094,SPY,1219
2006-12-06,121275.92082977295,78.36734771728516,121197.55348205566,SPY,1219
2006-12-07,120745.92851257324,78.36734771728516,120667.56116485596,SPY,1219
2006-12-08,120968.21335601807,78.36734771728516,120889.84600830078,SPY,1219
2006-12-11,121318.71119689941,78.36734771728516,121240.34384918213,SPY,1219
2006-12-12,121224.68585205078,78.36734771728516,121146.3185043335,SPY,1219
2006-12-13,121352.88024902344,78.36734771728516,121274.51290130615,SPY,1219
2006-12-14,122421.43969726562,78.36734771728516,122343.07234954834,SPY,1219
2006-12-15,122432.57207489014,78.36734771728516,122354.20472717285,SPY,1219
2006-12-18,122097.33591461182,78.36734771728516,122018.96856689453,SPY,1219
2006-12-19,122329.46040344238,78.36734771728516,122251.0930557251,SPY,1219
2006-12-20,122260.68518829346,78.36734771728516,122182.31784057617,SPY,1219
2006-12-21,121813.6788406372,78.36734771728516,121735.31149291992,SPY,1219
2006-12-22,121065.84719085693,78.36734771728516,120987.47984313965,SPY,1219
2006-12-26,121779.23078155518,78.36734771728516,121700.86343383789,SPY,1219
2006-12-27,122578.6787185669,78.36734771728516,122500.31137084961,SPY,1219
2006-12-28,122320.83908843994,78.36734771728516,122242.47174072266,SPY,1219
2006-12-29,121813.6788406372,78.36734771728516,121735.31149291992,SPY,1219
2007-01-03,121598.74118041992,78.36734771728516,121520.37383270264,SPY,1219
2007-01-04,121856.68311309814,78.36734771728516,121778.31576538086,SPY,1219
2007-01-05,120885.32038879395,78.36734771728516,120806.95304107666,SPY,1219
2007-01-08,121444.07832336426,78.36734771728516,121365.71097564697,SPY,1219
2007-01-09,121340.9387512207,78.36734771728516,121262.57140350342,SPY,1219
2007-01-10,121744.93152618408,78.36734771728516,121666.5641784668,SPY,1219
2007-01-11,122277.92781829834,78.36734771728516,122199.56047058105,SPY,1219
2007-01-12,123206.2025680542,78.36734771728516,123127.83522033691,SPY,1219
2007-01-16,122965.57766723633,78.36734771728516,122887.21031951904,SPY,1219
2007-01-17,123017.12885284424,78.36734771728516,122938.76150512695,SPY,1219
2007-01-18,122604.53336334229,78.36734771728516,122526.166015625,SPY,1219
2007-01-19,122845.23266601562,78.36734771728516,122766.86531829834,SPY,1219
2007-01-22,122466.9736328125,78.36734771728516,122388.60628509521,SPY,1219
2007-01-23,122827.99933624268,78.36734771728516,122749.63198852539,SPY,1219
2007-01-24,123816.54888916016,78.36734771728516,123738.18154144287,SPY,1219
2007-01-25,122363.85266113281,78.36734771728516,122285.48531341553,SPY,1219
2007-01-26,122252.10107421875,78.36734771728516,122173.73372650146,SPY,1219
2007-01-29,122183.31655883789,78.36734771728516,122104.9492111206,SPY,1219
2007-01-30,122819.3687210083,78.36734771728516,122741.00137329102,SPY,1219
2007-01-31,123644.63410186768,78.36734771728516,123566.26675415039,SPY,1219
2007-02-01,124383.8165359497,78.36734771728516,124305.44918823242,SPY,1219
2007-02-02,124555.75922393799,78.36734771728516,124477.3918762207,SPY,1219
2007-02-05,124590.17008209229,78.36734771728516,124511.802734375,SPY,1219
2007-02-06,124624.50653839111,78.36734771728516,124546.13919067383,SPY,1219
2007-02-07,124899.56089782715,78.36734771728516,124821.19355010986,SPY,1219
2007-02-08,124736.32322692871,78.36734771728516,124657.95587921143,SPY,1219
2007-02-09,123807.89967346191,78.36734771728516,123729.53232574463,SPY,1219
2007-02-12,123386.75727081299,78.36734771728516,123308.3899230957,SPY,1219
2007-02-13,124426.86730957031,78.36734771728516,124348.49996185303,SPY,1219
2007-02-14,125243.46487426758,78.36734771728516,125165.0975265503,SPY,1219
2007-02-15,125406.77694702148,78.36734771728516,125328.4095993042,SPY,1219
2007-02-16,125346.64164733887,78.36734771728516,125268.27429962158,SPY,1219
2007-02-20,125613.07469177246,78.36734771728516,125534.70734405518,SPY,1219
2007-02-21,125561.49560546875,78.36734771728516,125483.12825775146,SPY,1219
2007-02-22,125467.00524902344,78.36734771728516,125388.63790130615,SPY,1219
2007-02-23,124977.01322937012,78.36734771728516,124898.64588165283,SPY,1219
2007-02-26,124865.26164245605,78.36734771728516,124786.89429473877,SPY,1219
2007-02-27,119991.29839324951,78.36734771728516,119912.93104553223,SPY,1219
2007-02-28,121220.57514953613,78.36734771728516,121142.20780181885,SPY,1219
2007-03-01,120859.52154541016,78.36734771728516,120781.15419769287,SPY,1219
2007-03-02,119277.8962020874,78.36734771728516,119199.52885437012,SPY,1219
2007-03-05,118143.24000549316,78.36734771728516,118064.87265777588,SPY,1219
2007-03-06,120163.25968170166,78.36734771728516,120084.89233398438,SPY,1219
2007-03-07,120042.93328094482,78.36734771728516,119964.56593322754,SPY,1219
2007-03-08,121057.24447631836,78.36734771728516,120978.87712860107,SPY,1219
2007-03-09,121091.62743377686,78.36734771728516,121013.26008605957,SPY,1219
2007-03-12,121272.10773468018,78.36734771728516,121193.74038696289,SPY,1219
2007-03-13,118916.89839935303,78.36734771728516,118838.53105163574,SPY,1219
2007-03-14,119802.21537780762,78.36734771728516,119723.84803009033,SPY,1219
2007-03-15,119965.56465148926,78.36734771728516,119887.19730377197,SPY,1219
2007-03-16,119629.86347961426,78.36734771728516,119551.49613189697,SPY,1219
2007-03-19,121071.04602050781,78.36734771728516,120992.67867279053,SPY,1219
2007-03-20,121735.61269378662,78.36734771728516,121657.24534606934,SPY,1219
2007-03-21,123737.75732421875,78.36734771728516,123659.38997650146,SPY,1219
2007-03-22,123642.8670578003,78.36734771728516,123564.49971008301,SPY,1219
2007-03-23,123824.08207702637,78.36734771728516,123745.71472930908,SPY,1219
2007-03-26,123660.12828826904,78.36734771728516,123581.76094055176,SPY,1219
2007-03-27,123366.65016937256,78.36734771728516,123288.28282165527,SPY,1219
2007-03-28,122469.14988708496,78.36734771728516,122390.78253936768,SPY,1219
2007-03-29,122598.59981536865,78.36734771728516,122520.23246765137,SPY,1219
2007-03-30,122624.51026153564,78.36734771728516,122546.14291381836,SPY,1219
2007-04-02,122762.60940551758,78.36734771728516,122684.2420578003,SPY,1219
2007-04-03,124082.94473266602,78.36734771728516,124004.57738494873,SPY,1219
2007-04-04,124221.00667572021,78.36734771728516,124142.63932800293,SPY,1219
2007-04-05,124557.5913696289,78.36734771728516,124479.22402191162,SPY,1219
2007-04-09,124730.22227478027,78.36734771728516,124651.85492706299,SPY,1219
2007-04-10,124876.86833190918,78.36734771728516,124798.5009841919,SPY,1219
2007-04-11,124367.68993377686,78.36734771728516,124289.32258605957,SPY,1219
2007-04-12,124920.12371063232,78.36734771728516,124841.75636291504,SPY,1219
2007-04-13,125489.67921447754,78.36734771728516,125411.31186676025,SPY,1219
2007-04-16,126680.59251403809,78.36734771728516,126602.2251663208,SPY,1219
2007-04-17,127017.17720794678,78.36734771728516,126938.80986022949,SPY,1219
2007-04-18,127172.4910812378,78.36734771728516,127094.12373352051,SPY,1219
2007-04-19,127137.93141937256,78.36734771728516,127059.56407165527,SPY,1219
2007-04-20,128337.56833648682,78.36734771728516,128259.20098876953,SPY,1219
2007-04-23,127854.27248382568,78.36734771728516,127775.9051361084,SPY,1219
2007-04-24,127906.02827453613,78.36734771728516,127827.66092681885,SPY,1219
2007-04-25,129079.74544525146,78.36734771728516,129001.37809753418,SPY,1219
2007-04-26,129226.36360168457,78.36734771728516,129147.99625396729,SPY,1219
2007-04-27,129122.84272003174,78.36734771728516,129044.47537231445,SPY,1219
2007-04-30,128052.74873352051,78.36734771728516,127974.38138580322,SPY,1219
2007-05-01,128380.69351196289,78.36734771728516,128302.3261642456,SPY,1219
2007-05-02,129131.51983642578,78.36734771728516,129053.1524887085,SPY,1219
2007-05-03,129830.53456878662,78.36734771728516,129752.16722106934,SPY,1219
2007-05-04,130322.43313598633,78.36734771728516,130244.06578826904,SPY,1219
2007-05-07,130348.33428192139,78.36734771728516,130269.9669342041,SPY,1219
2007-05-08,130175.74987792969,78.36734771728516,130097.3825302124,SPY,1219
2007-05-09,130529.54930114746,78.36734771728516,130451.18195343018,SPY,1219
2007-05-10,129166.03299713135,78.36734771728516,129087.66564941406,SPY,1219
2007-05-11,130270.63084411621,78.36734771728516,130192.26349639893,SPY,1219
2007-05-14,129985.82984161377,78.36734771728516,129907.46249389648,SPY,1219
2007-05-15,130020.45460510254,78.36734771728516,129942.08725738525,SPY,1219
2007-05-16,130909.3056716919,78.36734771728516,130830.93832397461,SPY,1219
2007-05-17,130650.41511535645,78.36734771728516,130572.04776763916,SPY,1219
2007-05-18,131789.57262420654,78.36734771728516,131711.20527648926,SPY,1219
2007-05-21,131720.4905014038,78.36734771728516,131642.12315368652,SPY,1219
2007-05-22,131616.9510192871,78.36734771728516,131538.58367156982,SPY,1219
2007-05-23,131634.24015045166,78.36734771728516,131555.87280273438,SPY,1219
2007-05-24,130443.28964996338,78.36734771728516,130364.9223022461,SPY,1219
2007-05-25,130986.97190856934,78.36734771728516,130908.60456085205,SPY,1219
2007-05-29,131461.5255432129,78.36734771728516,131383.1581954956,SPY,1219
2007-05-30,132531.68463134766,78.36734771728516,132453.31728363037,SPY,1219
2007-05-31,132393.6040878296,78.36734771728516,132315.2367401123,SPY,1219
2007-06-01,133049.5308456421,78.36734771728516,132971.1634979248,SPY,1219
2007-06-04,133066.76417541504,78.36734771728516,132988.39682769775,SPY,1219
2007-06-05,132540.40824890137,78.36734771728516,132462.04090118408,SPY,1219
2007-06-06,131116.3846359253,78.36734771728516,131038.01728820801,SPY,1219
2007-06-07,128751.75416564941,78.36734771728516,128673.38681793213,SPY,1219
2007-06-08,130426.0191192627,78.36734771728516,130347.65177154541,SPY,1219
2007-06-11,130650.41511535645,78.36734771728516,130572.04776763916,SPY,1219
2007-06-12,129226.36360168457,78.36734771728516,129147.99625396729,SPY,1219
2007-06-13,131159.5470123291,78.36734771728516,131081.17966461182,SPY,1219
2007-06-14,131996.68878936768,78.36734771728516,131918.3214416504,SPY,1219
2007-06-15,132747.1896057129,78.36734771728516,132668.8222579956,SPY,1219
2007-06-18,132591.22471618652,78.36734771728516,132512.85736846924,SPY,1219
2007-06-19,132920.60173034668,78.36734771728516,132842.2343826294,SPY,1219
2007-06-20,131074.48709106445,78.36734771728516,130996.11974334717,SPY,1219
2007-06-21,131802.53714752197,78.36734771728516,131724.1697998047,SPY,1219
2007-06-22,130563.1138381958,78.36734771728516,130484.74649047852,SPY,1219
2007-06-25,129939.02177429199,78.36734771728516,129860.6544265747,SPY,1219
2007-06-26,128604.31758880615,78.36734771728516,128525.95024108887,SPY,1219
2007-06-27,130433.06869506836,78.36734771728516,130354.70134735107,SPY,1219
2007-06-28,130415.78886413574,78.36734771728516,130337.42151641846,SPY,1219
2007-06-29,130459.03494262695,78.36734771728516,130380.66759490967,SPY,1219
2007-07-02,131637.8486404419,78.36734771728516,131559.4812927246,SPY,1219
2007-07-03,132114.5506286621,78.36734771728516,132036.18328094482,SPY,1219
2007-07-05,131975.8469696045,78.36734771728516,131897.4796218872,SPY,1219
2007-07-06,132669.2350616455,78.36734771728516,132590.86771392822,SPY,1219
2007-07-09,132773.27675628662,78.36734771728516,132694.90940856934,SPY,1219
2007-07-10,130883.78583526611,78.36734771728516,130805.41848754883,SPY,1219
2007-07-11,131811.17706298828,78.36734771728516,131732.809715271,SPY,1219
2007-07-12,133891.32273864746,78.36734771728516,133812.95539093018,SPY,1219
2007-07-13,134289.97718048096,78.36734771728516,134211.60983276367,SPY,1219
2007-07-16,134272.70664978027,78.36734771728516,134194.339302063,SPY,1219
2007-07-17,134203.3641204834,78.36734771728516,134124.9967727661,SPY,1219
2007-07-18,133960.6559677124,78.36734771728516,133882.28861999512,SPY,1219
2007-07-19,134480.7063369751,78.36734771728516,134402.3389892578,SPY,1219
2007-07-20,133119.92430114746,78.36734771728516,133041.55695343018,SPY,1219
2007-07-23,133527.32096099854,78.36734771728516,133448.95361328125,SPY,1219
2007-07-24,131213.1442489624,78.36734771728516,131134.77690124512,SPY,1219
2007-07-25,131481.818649292,78.36734771728516,131403.4513015747,SPY,1219
2007-07-26,128370.36095428467,78.36734771728516,128291.99360656738,SPY,1219
2007-07-27,125848.13805389404,78.36734771728516,125769.77070617676,SPY,1219
2007-07-30,127815.61141967773,78.36734771728516,127737.24407196045,SPY,1219
2007-07-31,126376.81903839111,78.36734771728516,126298.45169067383,SPY,1219
2007-08-01,126992.22468566895,78.36734771728516,126913.85733795166,SPY,1219
2007-08-02,128006.30337524414,78.36734771728516,127927.93602752686,SPY,1219
2007-08-03,124712.72853851318,78.36734771728516,124634.3611907959,SPY,1219
2007-08-06,126801.56993103027,78.36734771728516,126723.20258331299,SPY,1219
2007-08-07,128153.61904907227,78.36734771728516,128075.25170135498,SPY,1219
2007-08-08,129939.02177429199,78.36734771728516,129860.6544265747,SPY,1219
2007-08-09,126090.8090057373,78.36734771728516,126012.44165802002,SPY,1219
2007-08-10,125501.4905090332,78.36734771728516,125423.12316131592,SPY,1219
2007-08-13,125952.10534667969,78.36734771728516,125873.7379989624,SPY,1219
2007-08-14,124028.00826263428,78.36734771728516,123949.64091491699,SPY,1219
2007-08-15,122320.6065826416,78.36734771728516,122242.23923492432,SPY,1219
2007-08-16,123239.35789489746,78.36734771728516,123160.99054718018,SPY,1219
2007-08-17,125501.4905090332,78.36734771728516,125423.12316131592,SPY,1219
2007-08-20,125440.78789520264,78.36734771728516,125362.42054748535,SPY,1219
2007-08-21,125692.12666320801,78.36734771728516,125613.75931549072,SPY,1219
2007-08-22,127182.88874053955,78.36734771728516,127104.52139282227,SPY,1219
2007-08-23,127070.225730896,78.36734771728516,126991.85838317871,SPY,1219
2007-08-24,128638.98885345459,78.36734771728516,128560.6215057373,SPY,1219
2007-08-27,127442.93252563477,78.36734771728516,127364.56517791748,SPY,1219
2007-08-28,124643.43251037598,78.36734771728516,124565.06516265869,SPY,1219
2007-08-29,127087.52416229248,78.36734771728516,127009.1568145752,SPY,1219
2007-08-30,126749.52583312988,78.36734771728516,126671.1584854126,SPY,1219
2007-08-31,127997.60765838623,78.36734771728516,127919.24031066895,SPY,1219
2007-09-04,129289.03786468506,78.36734771728516,129210.67051696777,SPY,1219
2007-09-05,128170.96398162842,78.36734771728516,128092.59663391113,SPY,1219
2007-09-06,128465.61392974854,78.36734771728516,128387.24658203125,SPY,1219
2007-09-07,126680.16470336914,78.36734771728516,126601.79735565186,SPY,1219
2007-09-10,126437.48445129395,78.36734771728516,126359.11710357666,SPY,1219
2007-09-11,127910.948097229,78.36734771728516,127832.58074951172,SPY,1219
2007-09-12,128240.27861022949,78.36734771728516,128161.9112625122,SPY,1219
2007-09-13,129141.712890625,78.36734771728516,129063.34554290771,SPY,1219
2007-09-14,129133.02647399902,78.36734771728516,129054.65912628174,SPY,1219
2007-09-17,128439.62908172607,78.36734771728516,128361.26173400879,SPY,1219
2007-09-18,132218.5551223755,78.36734771728516,132140.1877746582,SPY,1219
2007-09-19,132998.60277557373,78.36734771728516,132920.23542785645,SPY,1219
2007-09-20,132062.5530319214,78.36734771728516,131984.1856842041,SPY,1219
2007-09-21,132418.6868133545,78.36734771728516,132340.3194656372,SPY,1219
2007-09-24,132174.85333251953,78.36734771728516,132096.48598480225,SPY,1219
2007-09-25,131913.65631866455,78.36734771728516,131835.28897094727,SPY,1219
2007-09-26,132610.2622909546,78.36734771728516,132531.8949432373,SPY,1219
2007-09-27,133394.04863739014,78.36734771728516,133315.68128967285,SPY,1219
2007-09-28,132949.87886047363,78.36734771728516,132871.51151275635,SPY,1219
2007-10-01,134447.78351593018,78.36734771728516,134369.4161682129,SPY,1219
2007-10-02,134264.86655426025,78.36734771728516,134186.49920654297,SPY,1219
2007-10-03,133994.9273223877,78.36734771728516,133916.5599746704,SPY,1219
2007-10-04,134203.9221343994,78.36734771728516,134125.55478668213,SPY,1219
2007-10-05,135797.5447769165,78.36734771728516,135719.17742919922,SPY,1219
2007-10-08,135074.7865524292,78.36734771728516,134996.4192047119,SPY,1219
2007-10-09,136346.18405914307,78.36734771728516,136267.81671142578,SPY,1219
2007-10-10,136119.80711364746,78.36734771728516,136041.43976593018,SPY,1219
2007-10-11,135466.58672332764,78.36734771728516,135388.21937561035,SPY,1219
2007-10-12,136215.53440093994,78.36734771728516,136137.16705322266,SPY,1219
2007-10-15,135066.0629348755,78.36734771728516,134987.6955871582,SPY,1219
2007-10-16,133994.9273223877,78.36734771728516,133916.5599746704,SPY,1219
2007-10-17,134404.14682769775,78.36734771728516,134325.77947998047,SPY,1219
2007-10-18,133916.54496765137,78.36734771728516,133838.17761993408,SPY,1219
2007-10-19,130415.82606506348,78.36734771728516,130337.45871734619,SPY,1219
2007-10-22,131173.3857574463,78.36734771728516,131095.018409729,SPY,1219
2007-10-23,132235.82565307617,78.36734771728516,132157.4583053589,SPY,1219
2007-10-24,131991.9642715454,78.36734771728516,131913.59692382812,SPY,1219
2007-10-25,132305.46578979492,78.36734771728516,132227.09844207764,SPY,1219
2007-10-26,133855.60984802246,78.36734771728516,133777.24250030518,SPY,1219
2007-10-29,134299.7331237793,78.36734771728516,134221.365776062,SPY,1219
2007-10-30,133367.9056854248,78.36734771728516,133289.53833770752,SPY,1219
2007-10-31,134752.58931732178,78.36734771728516,134674.2219696045,SPY,1219
2007-11-01,131600.08039855957,78.36734771728516,131521.71305084229,SPY,1219
2007-11-02,131748.19589233398,78.36734771728516,131669.8285446167,SPY,1219
2007-11-05,130746.70971679688,78.36734771728516,130668.34236907959,SPY,1219
2007-11-06,132505.76488494873,78.36734771728516,132427.39753723145,SPY,1219
2007-11-07,128883.1385421753,78.36734771728516,128804.77119445801,SPY,1219
2007-11-08,128230.0111541748,78.36734771728516,128151.64380645752,SPY,1219
2007-11-09,126470.89088439941,78.36734771728516,126392.52353668213,SPY,1219
2007-11-12,125216.91271209717,78.36734771728516,125138.54536437988,SPY,1219
2007-11-13,129031.15173339844,78.36734771728516,128952.78438568115,SPY,1219
2007-11-14,128674.19953155518,78.36734771728516,128595.83218383789,SPY,1219
2007-11-15,126819.19387054443,78.36734771728516,126740.82652282715,SPY,1219
2007-11-16,127036.93090057373,78.36734771728516,126958.56355285645,SPY,1219
2007-11-19,125269.17071533203,78.36734771728516,125190.80336761475,SPY,1219
2007-11-20,126035.50052642822,78.36734771728516,125957.13317871094,SPY,1219
2007-11-21,123457.81104278564,78.36734771728516,123379.44369506836,SPY,1219
2007-11-23,125591.45165252686,78.36734771728516,125513.08430480957,SPY,1219
2007-11-26,122822.15879058838,78.36734771728516,122743.7914428711,SPY,1219
2007-11-27,124232.91097259521,78.36734771728516,124154.54362487793,SPY,1219
2007-11-28,128203.9054031372,78.36734771728516,128125.53805541992,SPY,1219
2007-11-29,128247.43048858643,78.36734771728516,128169.06314086914,SPY,1219
2007-11-30,129536.24732971191,78.36734771728516,129457.87998199463,SPY,1219
2007-12-03,128682.80224609375,78.36734771728516,128604.43489837646,SPY,1219
2007-12-04,127533.3586807251,78.36734771728516,127454.99133300781,SPY,1219
2007-12-05,129666.8318862915,78.36734771728516,129588.46453857422,SPY,1219
2007-12-06,131521.7445449829,78.36734771728516,131443.37719726562,SPY,1219
2007-12-07,131495.65739440918,78.36734771728516,131417.2900466919,SPY,1219
2007-12-10,132514.5350036621,78.36734771728516,132436.16765594482,SPY,1219
2007-12-11,128883.1385421753,78.36734771728516,128804.77119445801,SPY,1219
2007-12-12,130154.5174484253,78.36734771728516,130076.15010070801,SPY,1219
2007-12-13,129884.64331817627,78.36734771728516,129806.27597045898,SPY,1219
2007-12-14,128238.67897033691,78.36734771728516,128160.31162261963,SPY,1219
2007-12-17,126409.98366546631,78.36734771728516,126331.61631774902,SPY,1219
2007-12-18,127115.3504562378,78.36734771728516,127036.98310852051,SPY,1219
2007-12-19,127115.3504562378,78.36734771728516,127036.98310852051,SPY,1219
2007-12-20,127916.52823638916,78.36734771728516,127838.16088867188,SPY,1219
2007-12-21,129759.34129333496,78.36734771728516,129680.97394561768,SPY,1219
2007-12-24,130722.36170959473,78.36734771728516,130643.99436187744,SPY,1219
2007-12-26,131002.48469543457,78.36734771728516,130924.11734771729,SPY,1219
2007-12-27,129356.66915130615,78.36734771728516,129278.30180358887,SPY,1219
2007-12-28,129032.76067352295,78.36734771728516,128954.39332580566,SPY,1219
2007-12-31,128078.4917755127,78.36734771728516,128000.12442779541,SPY,1219
2008-01-02,126957.95333099365,78.36734771728516,126879.58598327637,SPY,1219
2008-01-03,126896.65550231934,78.36734771728516,126818.28815460205,SPY,1219
2008-01-04,123788.73189544678,78.36734771728516,123710.36454772949,SPY,1219
2008-01-07,123683.65787506104,78.36734771728516,123605.29052734375,SPY,1219
2008-01-08,121687.65139770508,78.36734771728516,121609.2840499878,SPY,1219
2008-01-09,122965.8194732666,78.36734771728516,122887.45212554932,SPY,1219
2008-01-10,123771.26605987549,78.36734771728516,123692.8987121582,SPY,1219
2008-01-11,122773.19306945801,78.36734771728516,122694.82572174072,SPY,1219
2008-01-14,123762.48664093018,78.36734771728516,123684.11929321289,SPY,1219
2008-01-15,121039.8158416748,78.36734771728516,120961.44849395752,SPY,1219
2008-01-16,119998.0224609375,78.36734771728516,119919.65511322021,SPY,1219
2008-01-17,116890.16395568848,78.36734771728516,116811.79660797119,SPY,1219
2008-01-18,115690.8246459961,78.36734771728516,115612.45729827881,SPY,1219
2008-01-22,114517.71199035645,78.36734771728516,114439.34464263916,SPY,1219
2008-01-23,117266.61874389648,78.36734771728516,117188.2513961792,SPY,1219
2008-01-24,118255.91231536865,78.36734771728516,118177.54496765137,SPY,1219
2008-01-25,116548.72454071045,78.36734771728516,116470.35719299316,SPY,1219
2008-01-28,118474.73747253418,78.36734771728516,118396.3701248169,SPY,1219
2008-01-29,119061.293800354,78.36734771728516,118982.92645263672,SPY,1219
2008-01-30,118185.83506774902,78.36734771728516,118107.46772003174,SPY,1219
2008-01-31,120339.4804763794,78.36734771728516,120261.11312866211,SPY,1219
2008-02-01,122274.19842529297,78.36734771728516,122195.83107757568,SPY,1219
2008-02-04,120733.39179992676,78.36734771728516,120655.02445220947,SPY,1219
2008-02-05,117502.9655380249,78.36734771728516,117424.59819030762,SPY,1219
2008-02-06,116557.49465942383,78.36734771728516,116479.12731170654,SPY,1219
2008-02-07,117327.89797210693,78.36734771728516,117249.53062438965,SPY,1219
2008-02-08,116575.02559661865,78.36734771728516,116496.65824890137,SPY,1219
2008-02-11,117170.30554199219,78.36734771728516,117091.9381942749,SPY,1219
2008-02-12,118255.91231536865,78.36734771728516,118177.54496765137,SPY,1219
2008-02-13,119464.03104400635,78.36734771728516,119385.66369628906,SPY,1219
2008-02-14,118413.4489440918,78.36734771728516,118335.08159637451,SPY,1219
2008-02-15,118387.18508911133,78.36734771728516,118308.81774139404,SPY,1219
2008-02-19,118719.91948699951,78.36734771728516,118641.55213928223,SPY,1219
2008-02-20,119070.03601837158,78.36734771728516,118991.6686706543,SPY,1219
2008-02-21,118080.77034759521,78.36734771728516,118002.40299987793,SPY,1219
2008-02-22,118807.3974685669,78.36734771728516,118729.03012084961,SPY,1219
2008-02-25,120304.44650268555,78.36734771728516,120226.07915496826,SPY,1219
2008-02-26,121206.20629119873,78.36734771728516,121127.83894348145,SPY,1219
2008-02-27,121083.57343292236,78.36734771728516,121005.20608520508,SPY,1219
2008-02-28,119901.7092590332,78.36734771728516,119823.34191131592,SPY,1219
2008-02-29,117231.6312713623,78.36734771728516,117153.26392364502,SPY,1219
2008-03-03,116951.4617843628,78.36734771728516,116873.09443664551,SPY,1219
2008-03-04,116504.96694946289,78.36734771728516,116426.5996017456,SPY,1219
2008-03-05,117240.36418914795,78.36734771728516,117161.99684143066,SPY,1219
2008-03-06,114815.32871246338,78.36734771728516,114736.9613647461,SPY,1219
2008-03-07,113633.49243927002,78.36734771728516,113555.12509155273,SPY,1219
2008-03-10,112136.46200561523,78.36734771728516,112058.09465789795,SPY,1219
2008-03-11,116163.57403564453,78.36734771728516,116085.20668792725,SPY,1219
2008-03-12,115077.98586273193,78.36734771728516,114999.61851501465,SPY,1219
2008-03-13,115331.86359405518,78.36734771728516,115253.49624633789,SPY,1219
2008-03-14,113545.9493560791,78.36734771728516,113467.58200836182,SPY,1219
2008-03-17,112399.10055541992,78.36734771728516,112320.73320770264,SPY,1219
2008-03-18,117065.29662322998,78.36734771728516,116986.9292755127,SPY,1219
2008-03-19,114167.48385620117,78.36734771728516,114089.11650848389,SPY,1219
2008-03-20,116280.75695800781,78.36734771728516,116202.38961029053,SPY,1219
2008-03-24,118603.35037994385,78.36734771728516,118524.98303222656,SPY,1219
2008-03-25,118717.78043365479,78.36734771728516,118639.4130859375,SPY,1219
2008-03-26,117266.11653137207,78.36734771728516,117187.74918365479,SPY,1219
2008-03-27,116896.59971618652,78.36734771728516,116818.23236846924,SPY,1219
2008-03-28,115779.26985168457,78.36734771728516,115700.90250396729,SPY,1219
2008-03-31,116183.9694442749,78.36734771728516,116105.60209655762,SPY,1219
2008-04-01,120266.18534851074,78.36734771728516,120187.81800079346,SPY,1219
2008-04-02,120345.33962249756,78.36734771728516,120266.97227478027,SPY,1219
2008-04-03,120644.47228240967,78.36734771728516,120566.10493469238,SPY,1219
2008-04-04,120512.55779266357,78.36734771728516,120434.19044494629,SPY,1219
2008-04-07,120574.12532806396,78.36734771728516,120495.75798034668,SPY,1219
2008-04-08,120450.96235656738,78.36734771728516,120372.5950088501,SPY,1219
2008-04-09,119579.99563598633,78.36734771728516,119501.62828826904,SPY,1219
2008-04-10,119747.12080383301,78.36734771728516,119668.75345611572,SPY,1219
2008-04-11,117424.5366821289,78.36734771728516,117346.16933441162,SPY,1219
2008-04-14,117028.56070709229,78.36734771728516,116950.193359375,SPY,1219
2008-04-15,117301.32720947266,78.36734771728516,117222.95986175537,SPY,1219
2008-04-16,120477.39361572266,78.36734771728516,120399.02626800537,SPY,1219
2008-04-17,120653.28890228271,78.36734771728516,120574.92155456543,SPY,1219
2008-04-18,121911.37777709961,78.36734771728516,121833.01042938232,SPY,1219
2008-04-21,121973.01041412354,78.36734771728516,121894.64306640625,SPY,1219
2008-04-22,121436.33123016357,78.36734771728516,121357.96388244629,SPY,1219
2008-04-23,121242.77480316162,78.36734771728516,121164.40745544434,SPY,1219
2008-04-24,121770.6001663208,78.36734771728516,121692.23281860352,SPY,1219
2008-04-25,122896.78385162354,78.36734771728516,122818.41650390625,SPY,1219
2008-04-28,122923.16860961914,78.36734771728516,122844.80126190186,SPY,1219
2008-04-29,122439.29614257812,78.36734771728516,122360.92879486084,SPY,1219
2008-04-30,121717.84925079346,78.36734771728516,121639.48190307617,SPY,1219
2008-05-01,124233.99909973145,78.36734771728516,124155.63175201416,SPY,1219
2008-05-02,124577.17765808105,78.36734771728516,124498.81031036377,SPY,1219
2008-05-05,123978.89373779297,78.36734771728516,123900.52639007568,SPY,1219
2008-05-06,125052.22420501709,78.36734771728516,124973.8568572998,SPY,1219
2008-05-07,122826.3717956543,78.36734771728516,122748.00444793701,SPY,1219
2008-05-08,122509.65239715576,78.36734771728516,122431.28504943848,SPY,1219
2008-05-09,122280.91319274902,78.36734771728516,122202.54584503174,SPY,1219
2008-05-12,123653.37631988525,78.36734771728516,123575.00897216797,SPY,1219
2008-05-13,123670.95375823975,78.36734771728516,123592.58641052246,SPY,1219
2008-05-14,123926.08702087402,78.36734771728516,123847.71967315674,SPY,1219
2008-05-15,125474.54773712158,78.36734771728516,125396.1803894043,SPY,1219
2008-05-16,125588.93128967285,78.36734771728516,125510.56394195557,SPY,1219
2008-05-19,125932.04474639893,78.36734771728516,125853.67739868164,SPY,1219
2008-05-20,124911.49309539795,78.36734771728516,124833.12574768066,SPY,1219
2008-05-21,122799.94053649902,78.36734771728516,122721.57318878174,SPY,1219
2008-05-22,122817.59237670898,78.36734771728516,122739.2250289917,SPY,1219
2008-05-23,121172.38134765625,78.36734771728516,121094.01399993896,SPY,1219
2008-05-27,122069.74212646484,78.36734771728516,121991.37477874756,SPY,1219
2008-05-28,122632.85256958008,78.36734771728516,122554.4852218628,SPY,1219
2008-05-29,123248.64882659912,78.36734771728516,123170.28147888184,SPY,1219
2008-05-30,123556.63530731201,78.36734771728516,123478.26795959473,SPY,1219
2008-06-02,122280.91319274902,78.36734771728516,122202.54584503174,SPY,1219
2008-06-03,121568.24571990967,78.36734771728516,121489.87837219238,SPY,1219
2008-06-04,121506.67818450928,78.36734771728516,121428.31083679199,SPY,1219
2008-06-05,123934.9408416748,78.36734771728516,123856.57349395752,SPY,1219
2008-06-06,119984.64872741699,78.36734771728516,119906.2813796997,SPY,1219
2008-06-09,120275.02986907959,78.36734771728516,120196.6625213623,SPY,1219
2008-06-10,119676.72734832764,78.36734771728516,119598.36000061035,SPY,1219
2008-06-11,117917.18856811523,78.36734771728516,117838.82122039795,SPY,1219
2008-06-12,118365.8596572876,78.36734771728516,118287.49230957031,SPY,1219
2008-06-13,119861.53225708008,78.36734771728516,119783.1649093628,SPY,1219
2008-06-16,119931.91641235352,78.36734771728516,119853.54906463623,SPY,1219
2008-06-17,119351.22853088379,78.36734771728516,119272.8611831665,SPY,1219
2008-06-18,118189.94577026367,78.36734771728516,118111.57842254639,SPY,1219
2008-06-19,118339.43769836426,78.36734771728516,118261.07035064697,SPY,1219
2008-06-20,116419.88842773438,78.36734771728516,116341.52108001709,SPY,1219
2008-06-23,116304.90036010742,78.36734771728516,116226.53301239014,SPY,1219
2008-06-24,116075.06372833252,78.36734771728516,115996.69638061523,SPY,1219
2008-06-25,116623.22869873047,78.36734771728516,116544.86135101318,SPY,1219
2008-06-26,113457.83895874023,78.36734771728516,113379.47161102295,SPY,1219
2008-06-27,112838.90852355957,78.36734771728516,112760.54117584229,SPY,1219
2008-06-30,113236.79104614258,78.36734771728516,113158.4236984253,SPY,1219
2008-07-01,113590.47886657715,78.36734771728516,113512.11151885986,SPY,1219
2008-07-02,111645.28885650635,78.36734771728516,111566.92150878906,SPY,1219
2008-07-03,111760.2211227417,78.36734771728516,111681.85377502441,SPY,1219
2008-07-07,110619.5941772461,78.36734771728516,110541.22682952881,SPY,1219
2008-07-08,112582.51042938232,78.36734771728516,112504.14308166504,SPY,1219
2008-07-09,110416.26320648193,78.36734771728516,110337.89585876465,SPY,1219
2008-07-10,110867.2035522461,78.36734771728516,110788.83620452881,SPY,1219
2008-07-11,109576.24765777588,78.36734771728516,109497.8803100586,SPY,1219
2008-07-14,108585.98686218262,78.36734771728516,108507.61951446533,SPY,1219
2008-07-15,107056.29401397705,78.36734771728516,106977.92666625977,SPY,1219
2008-07-16,109682.35400390625,78.36734771728516,109603.98665618896,SPY,1219
2008-07-17,110778.77694702148,78.36734771728516,110700.4095993042,SPY,1219
2008-07-18,111468.41704559326,78.36734771728516,111390.04969787598,SPY,1219
2008-07-21,111530.3286895752,78.36734771728516,111451.96134185791,SPY,1219
2008-07-22,112794.72312164307,78.36734771728516,112716.35577392578,SPY,1219
2008-07-23,113404.83693695068,78.36734771728516,113326.4695892334,SPY,1219
2008-07-24,111052.83618164062,78.36734771728516,110974.46883392334,SPY,1219
2008-07-25,111026.35842132568,78.36734771728516,110947.9910736084,SPY,1219
2008-07-28,109399.44094848633,78.36734771728516,109321.07360076904,SPY,1219
2008-07-29,111733.66896057129,78.36734771728516,111655.301612854,SPY,1219
2008-07-30,113723.09087371826,78.36734771728516,113644.72352600098,SPY,1219
2008-07-31,112219.98738861084,78.36734771728516,112141.62004089355,SPY,1219
2008-08-01,111627.56261444092,78.36734771728516,111549.19526672363,SPY,1219
2008-08-04,110593.06991577148,78.36734771728516,110514.7025680542,SPY,1219
2008-08-05,113572.82702636719,78.36734771728516,113494.4596786499,SPY,1219
2008-08-06,114076.7693939209,78.36734771728516,113998.40204620361,SPY,1219
2008-08-07,112379.14225769043,78.36734771728516,112300.77490997314,SPY,1219
2008-08-08,114465.80739593506,78.36734771728516,114387.44004821777,SPY,1219
2008-08-11,115650.6569442749,78.36734771728516,115572.28959655762,SPY,1219
2008-08-12,114448.16485595703,78.36734771728516,114369.79750823975,SPY,1219
2008-08-13,113758.47825622559,78.36734771728516,113680.1109085083,SPY,1219
2008-08-14,114616.1456451416,78.36734771728516,114537.77829742432,SPY,1219
2008-08-15,115173.19233703613,78.36734771728516,115094.82498931885,SPY,1219
2008-08-18,113599.31408691406,78.36734771728516,113520.94673919678,SPY,1219
2008-08-19,112361.46251678467,78.36734771728516,112283.09516906738,SPY,1219
2008-08-20,112883.13112640381,78.36734771728516,112804.76377868652,SPY,1219
2008-08-21,113077.67337799072,78.36734771728516,112999.30603027344,SPY,1219
2008-08-22,114713.41677093506,78.36734771728516,114635.04942321777,SPY,1219
2008-08-25,112387.95887756348,78.36734771728516,112309.59152984619,SPY,1219
2008-08-26,112715.13173675537,78.36734771728516,112636.76438903809,SPY,1219
2008-08-27,113811.5267791748,78.36734771728516,113733.15943145752,SPY,1219
2008-08-28,115190.86277770996,78.36734771728516,115112.49542999268,SPY,1219
2008-08-29,113952.98330688477,78.36734771728516,113874.61595916748,SPY,1219
2008-09-02,113245.63556671143,78.36734771728516,113167.26821899414,SPY,1219
2008-09-03,113148.36444091797,78.36734771728516,113069.99709320068,SPY,1219
2008-09-04,109744.28424835205,78.36734771728516,109665.91690063477,SPY,1219
2008-09-05,110089.09034729004,78.36734771728516,110010.72299957275,SPY,1219
2008-09-08,112361.46251678467,78.36734771728516,112283.09516906738,SPY,1219
2008-09-09,109028.073387146,78.36734771728516,108949.70603942871,SPY,1219
2008-09-10,109470.14131164551,78.36734771728516,109391.77396392822,SPY,1219
2008-09-11,111052.83618164062,78.36734771728516,110974.46883392334,SPY,1219
2008-09-12,111565.66957092285,78.36734771728516,111487.30222320557,SPY,1219
2008-09-15,106260.5754699707,78.36734771728516,106182.20812225342,SPY,1219
2008-09-16,108037.8032913208,78.36734771728516,107959.43594360352,SPY,1219
2008-09-17,103183.61233520508,78.36734771728516,103105.2449874878,SPY,1219
2008-09-18,106242.89572906494,78.36734771728516,106164.52838134766,SPY,1219
2008-09-19,110459.09077453613,78.36734771728516,110380.72342681885,SPY,1219
2008-09-22,107960.10915374756,78.36734771728516,107881.74180603027,SPY,1219
2008-09-23,105505.6756439209,78.36734771728516,105427.30829620361,SPY,1219
2008-09-24,105843.58097076416,78.36734771728516,105765.21362304688,SPY,1219
2008-09-25,107497.69232177734,78.36734771728516,107419.32497406006,SPY,1219
2008-09-26,107551.0849533081,78.36734771728516,107472.71760559082,SPY,1219
2008-09-29,99129.29712677002,78.36734771728516,99050.92977905273,SPY,1219
2008-09-30,103228.99746704102,78.36734771728516,103150.63011932373,SPY,1219
2008-10-01,103291.26251983643,78.36734771728516,103212.89517211914,SPY,1219
2008-10-02,99547.25885009766,78.36734771728516,99468.89150238037,SPY,1219
2008-10-03,98204.41696166992,78.36734771728516,98126.04961395264,SPY,1219
2008-10-06,93206.52812194824,78.36734771728516,93128.16077423096,SPY,1219
2008-10-07,89035.68100738525,78.36734771728516,88957.31365966797,SPY,1219
2008-10-08,86794.65061950684,78.36734771728516,86716.28327178955,SPY,1219
2008-10-09,80738.46978759766,78.36734771728516,80660.10243988037,SPY,1219
2008-10-10,78781.97999572754,78.36734771728516,78703.61264801025,SPY,1219
2008-10-13,90209.53768157959,78.36734771728516,90131.1703338623,SPY,1219
2008-10-14,88875.58681488037,78.36734771728516,88797.21946716309,SPY,1219
2008-10-15,80133.72220611572,78.36734771728516,80055.35485839844,SPY,1219
2008-10-16,83468.65517425537,78.36734771728516,83390.28782653809,SPY,1219
2008-10-17,82970.63705444336,78.36734771728516,82892.26970672607,SPY,1219
2008-10-20,87950.7159500122,78.36734771728516,87872.34860229492,SPY,1219
2008-10-21,85327.26002502441,78.36734771728516,85248.89267730713,SPY,1219
2008-10-22,80685.12365722656,78.36734771728516,80606.75630950928,SPY,1219
2008-10-23,81618.88554382324,78.36734771728516,81540.51819610596,SPY,1219
2008-10-24,77483.60251617432,78.36734771728516,77405.23516845703,SPY,1219
2008-10-27,74735.62578582764,78.36734771728516,74657.25843811035,SPY,1219
2008-10-28,83459.72695159912,78.36734771728516,83381.35960388184,SPY,1219
2008-10-29,82855.00727081299,78.36734771728516,82776.6399230957,SPY,1219
2008-10-30,85718.53008270264,78.36734771728516,85640.16273498535,SPY,1219
2008-10-31,86189.94023895264,78.36734771728516,86111.57289123535,SPY,1219
2008-11-03,86438.90744781494,78.36734771728516,86360.54010009766,SPY,1219
2008-11-04,89373.62353515625,78.36734771728516,89295.25618743896,SPY,1219
2008-11-05,85620.7381439209,78.36734771728516,85542.37079620361,SPY,1219
2008-11-06,80880.74473571777,78.36734771728516,80802.37738800049,SPY,1219
2008-11-07,83548.67436981201,78.36734771728516,83470.30702209473,SPY,1219
2008-11-10,82454.80899047852,78.36734771728516,82376.44164276123,SPY,1219
2008-11-11,79911.4094619751,78.36734771728516,79833.04211425781,SPY,1219
2008-11-12,76398.67930984497,78.36734771728516,76320.31196212769,SPY,1219
2008-11-13,81156.45011138916,78.36734771728516,81078.08276367188,SPY,1219
2008-11-14,77110.10520172119,78.36734771728516,77031.7378540039,SPY,1219
2008-11-17,76087.38659667969,78.36734771728516,76009.0192489624,SPY,1219
2008-11-18,77519.14335250854,78.36734771728516,77440.77600479126,SPY,1219
2008-11-19,72556.83255004883,78.36734771728516,72478.46520233154,SPY,1219
2008-11-20,67176.55537414551,78.36734771728516,67098.18802642822,SPY,1219
2008-11-21,70796.02428817749,78.36734771728516,70717.6569404602,SPY,1219
2008-11-24,75696.0700378418,78.36734771728516,75617.70269012451,SPY,1219
2008-11-25,76256.36716079712,78.36734771728516,76177.99981307983,SPY,1219
2008-11-26,79199.94171905518,78.36734771728516,79121.57437133789,SPY,1219
2008-11-28,80195.9500579834,78.36734771728516,80117.58271026611,SPY,1219
2008-12-01,73099.32902908325,78.36734771728516,73020.96168136597,SPY,1219
2008-12-02,75909.54291152954,78.36734771728516,75831.17556381226,SPY,1219
2008-12-03,77732.58367538452,78.36734771728516,77654.21632766724,SPY,1219
2008-12-04,75936.22062683105,78.36734771728516,75857.85327911377,SPY,1219
2008-12-05,78275.06155395508,78.36734771728516,78196.6942062378,SPY,1219
2008-12-08,81005.2469406128,78.36734771728516,80926.87959289551,SPY,1219
2008-12-09,79671.29607391357,78.36734771728516,79592.92872619629,SPY,1219
2008-12-10,80213.76000213623,78.36734771728516,80135.39265441895,SPY,1219
2008-12-11,78283.96187591553,78.36734771728516,78205.59452819824,SPY,1219
2008-12-12,79217.70516204834,78.36734771728516,79139.33781433105,SPY,1219
2008-12-15,78115.0231628418,78.36734771728516,78036.65581512451,SPY,1219
2008-12-16,81787.81495666504,78.36734771728516,81709.44760894775,SPY,1219
2008-12-17,80996.36521911621,78.36734771728516,80917.99787139893,SPY,1219
2008-12-18,79484.54741668701,78.36734771728516,79406.18006896973,SPY,1219
2008-12-19,79142.96849822998,78.36734771728516,79064.6011505127,SPY,1219
2008-12-22,78129.81983184814,78.36734771728516,78051.45248413086,SPY,1219
2008-12-23,77322.99216079712,78.36734771728516,77244.62481307983,SPY,1219
2008-12-24,77771.25868988037,78.36734771728516,77692.89134216309,SPY,1219
2008-12-26,78219.53916931152,78.36734771728516,78141.17182159424,SPY,1219
2008-12-29,77995.41287994385,78.36734771728516,77917.04553222656,SPY,1219
2008-12-30,79842.21573638916,78.36734771728516,79763.84838867188,SPY,1219
2008-12-31,80980.81523132324,78.36734771728516,80902.44788360596,SPY,1219
2009-01-02,83419.36394500732,78.36734771728516,83340.99659729004,SPY,1219
2009-01-05,83320.73498535156,78.36734771728516,83242.36763763428,SPY,1219
2009-01-06,83876.63774871826,78.36734771728516,83798.27040100098,SPY,1219
2009-01-07,81366.35634613037,78.36734771728516,81287.98899841309,SPY,1219
2009-01-08,81698.04911804199,78.36734771728516,81619.6817703247,SPY,1219
2009-01-09,79949.82872009277,78.36734771728516,79871.46137237549,SPY,1219
2009-01-12,78031.26062393188,78.36734771728516,77952.8932762146,SPY,1219
2009-01-13,78174.7399520874,78.36734771728516,78096.37260437012,SPY,1219
2009-01-14,75718.23714065552,78.36734771728516,75639.86979293823,SPY,1219
2009-01-15,75745.11946105957,78.36734771728516,75666.75211334229,SPY,1219
2009-01-16,76336.8420677185,78.36734771728516,76258.47472000122,SPY,1219
2009-01-20,72311.43663024902,78.36734771728516,72233.06928253174,SPY,1219
2009-01-21,75431.32963562012,78.36734771728516,75352.96228790283,SPY,1219
2009-01-22,74265.86642074585,78.36734771728516,74187.49907302856,SPY,1219
2009-01-23,74588.61236953735,78.36734771728516,74510.24502182007,SPY,1219
2009-01-26,75099.62756347656,78.36734771728516,75021.26021575928,SPY,1219
2009-01-27,75861.68391799927,78.36734771728516,75783.31657028198,SPY,1219
2009-01-28,78425.73461151123,78.36734771728516,78347.36726379395,SPY,1219
2009-01-29,75879.61011505127,78.36734771728516,75801.24276733398,SPY,1219
2009-01-30,74337.57585906982,78.36734771728516,74259.20851135254,SPY,1219
2009-02-02,74113.42166900635,78.36734771728516,74035.05432128906,SPY,1219
2009-02-03,75153.42010498047,78.36734771728516,75075.05275726318,SPY,1219
2009-02-04,74785.82378768921,78.36734771728516,74707.45643997192,SPY,1219
2009-02-05,75897.5316619873,78.36734771728516,75819.16431427002,SPY,1219
2009-02-06,78058.15224456787,78.36734771728516,77979.78489685059,SPY,1219
2009-02-09,78165.73732757568,78.36734771728516,78087.3699798584,SPY,1219
2009-02-10,74588.61236953735,78.36734771728516,74510.24502182007,SPY,1219
2009-02-11,75027.90417480469,78.36734771728516,74949.5368270874,SPY,1219
2009-02-12,75081.71996688843,78.36734771728516,75003.35261917114,SPY,1219
2009-02-13,74274.82719421387,78.36734771728516,74196.45984649658,SPY,1219
2009-02-17,71101.08584594727,78.36734771728516,71022.71849822998,SPY,1219
2009-02-18,70930.77534866333,78.36734771728516,70852.40800094604,SPY,1219
2009-02-19,70168.74224472046,78.36734771728516,70090.37489700317,SPY,1219
2009-02-20,69487.38865280151,78.36734771728516,69409.02130508423,SPY,1219
2009-02-23,67003.97097015381,78.36734771728516,66925.60362243652,SPY,1219
2009-02-24,69541.18119430542,78.36734771728516,69462.81384658813,SPY,1219
2009-02-25,68994.30895614624,78.36734771728516,68915.94160842896,SPY,1219
2009-02-26,67873.64030838013,78.36734771728516,67795.27296066284,SPY,1219
2009-02-27,66358.5209236145,78.36734771728516,66280.15357589722,SPY,1219
2009-03-02,63373.076721191406,78.36734771728516,63294.70937347412,SPY,1219
2009-03-03,62897.91857147217,78.36734771728516,62819.55122375488,SPY,1219
2009-03-04,64386.13703536987,78.36734771728516,64307.76968765259,SPY,1219
2009-03-05,61759.319076538086,78.36734771728516,61680.9517288208,SPY,1219
2009-03-06,61866.894859313965,78.36734771728516,61788.52751159668,SPY,1219
2009-03-09,61140.718799591064,78.36734771728516,61062.35145187378,SPY,1219
2009-03-10,64780.61102294922,78.36734771728516,64702.24367523193,SPY,1219
2009-03-11,65201.971981048584,78.36734771728516,65123.6046333313,SPY,1219
2009-03-12,67766.05522537231,78.36734771728516,67687.68787765503,SPY,1219
2009-03-13,68295.00126647949,78.36734771728516,68216.6339187622,SPY,1219
2009-03-16,68088.79187393188,78.36734771728516,68010.4245262146,SPY,1219
2009-03-17,70168.74224472046,78.36734771728516,70090.37489700317,SPY,1219
2009-03-18,71737.66347122192,78.36734771728516,71659.29612350464,SPY,1219
2009-03-19,70850.09118652344,78.36734771728516,70771.72383880615,SPY,1219
2009-03-20,69343.0955543518,78.36734771728516,69264.72820663452,SPY,1219
2009-03-23,74318.30112838745,78.36734771728516,74239.93378067017,SPY,1219
2009-03-24,72855.55599975586,78.36734771728516,72777.18865203857,SPY,1219
2009-03-25,73623.04368972778,78.36734771728516,73544.6763420105,SPY,1219
2009-03-26,75121.92021942139,78.36734771728516,75043.5528717041,SPY,1219
2009-03-27,73767.5181427002,78.36734771728516,73689.15079498291,SPY,1219
2009-03-30,71221.17974090576,78.36734771728516,71142.81239318848,SPY,1219
2009-03-31,71880.35227966309,78.36734771728516,71801.9849319458,SPY,1219
2009-04-01,73270.90435791016,78.36734771728516,73192.53701019287,SPY,1219
2009-04-02,75410.87842559814,78.36734771728516,75332.51107788086,SPY,1219
2009-04-03,76160.309715271,78.36734771728516,76081.94236755371,SPY,1219
2009-04-06,75564.34155273438,78.36734771728516,75485.97420501709,SPY,1219
2009-04-07,73803.63094329834,78.36734771728516,73725.26359558105,SPY,1219
2009-04-08,74598.22415924072,78.36734771728516,74519.85681152344,SPY,1219
2009-04-09,77559.87836837769,78.36734771728516,77481.5110206604,SPY,1219
2009-04-13,77577.91151809692,78.36734771728516,77499.54417037964,SPY,1219
2009-04-14,76241.57514190674,78.36734771728516,76163.20779418945,SPY,1219
2009-04-15,77054.18755722046,78.36734771728516,76975.82020950317,SPY,1219
2009-04-16,78182.85905456543,78.36734771728516,78104.49170684814,SPY,1219
2009-04-17,78706.57371520996,78.36734771728516,78628.20636749268,SPY,1219
2009-04-20,75410.87842559814,78.36734771728516,75332.51107788086,SPY,1219
2009-04-21,76882.62152862549,78.36734771728516,76804.2541809082,SPY,1219
2009-04-22,76413.10396957397,78.36734771728516,76334.73662185669,SPY,1219
2009-04-23,77162.59106063843,78.36734771728516,77084.22371292114,SPY,1219
2009-04-24,78327.35675811768,78.36734771728516,78248.98941040039,SPY,1219
2009-04-27,77586.90484237671,78.36734771728516,77508.53749465942,SPY,1219
2009-04-28,77343.16901397705,78.36734771728516,77264.80166625977,SPY,1219
2009-04-29,78986.529296875,78.36734771728516,78908.16194915771,SPY,1219
2009-04-30,79013.57437133789,78.36734771728516,78935.2070236206,SPY,1219
2009-05-01,79437.96255493164,78.36734771728516,79359.59520721436,SPY,1219
2009-05-04,82137.77338409424,78.36734771728516,82059.40603637695,SPY,1219
2009-05-05,81857.85500335693,78.36734771728516,81779.48765563965,SPY,1219
2009-05-06,83275.46145629883,78.36734771728516,83197.09410858154,SPY,1219
2009-05-07,82119.7123336792,78.36734771728516,82041.34498596191,SPY,1219
2009-05-08,84033.93257141113,78.36734771728516,83955.56522369385,SPY,1219
2009-05-11,82462.84439086914,78.36734771728516,82384.47704315186,SPY,1219
2009-05-12,82219.02021026611,78.36734771728516,82140.65286254883,SPY,1219
2009-05-13,80151.29964447021,78.36734771728516,80072.93229675293,SPY,1219
2009-05-14,80837.57305908203,78.36734771728516,80759.20571136475,SPY,1219
2009-05-15,80178.40982055664,78.36734771728516,80100.04247283936,SPY,1219
2009-05-18,82453.83246612549,78.36734771728516,82375.4651184082,SPY,1219
2009-05-19,82354.49668884277,78.36734771728516,82276.12934112549,SPY,1219
2009-05-20,81803.68115234375,78.36734771728516,81725.31380462646,SPY,1219
2009-05-21,80629.87097930908,78.36734771728516,80551.5036315918,SPY,1219
2009-05-22,80458.26309967041,78.36734771728516,80379.89575195312,SPY,1219
2009-05-26,82517.02754211426,78.36734771728516,82438.66019439697,SPY,1219
2009-05-27,81045.21003723145,78.36734771728516,80966.84268951416,SPY,1219
2009-05-28,82173.91408538818,78.36734771728516,82095.5467376709,SPY,1219
2009-05-29,83627.62403869629,78.36734771728516,83549.256690979,SPY,1219
2009-06-01,85650.24777984619,78.36734771728516,85571.8804321289,SPY,1219
2009-06-02,85722.43618011475,78.36734771728516,85644.06883239746,SPY,1219
2009-06-03,84638.93125915527,78.36734771728516,84560.56391143799,SPY,1219
2009-06-04,85433.50587463379,78.36734771728516,85355.1385269165,SPY,1219
2009-06-05,85451.5855255127,78.36734771728516,85373.21817779541,SPY,1219
2009-06-08,85099.45084381104,78.36734771728516,85021.08349609375,SPY,1219
2009-06-09,85532.83235168457,78.36734771728516,85454.46500396729,SPY,1219
2009-06-10,85316.13694763184,78.36734771728516,85237.76959991455,SPY,1219
2009-06-11,85695.37250518799,78.36734771728516,85617.0051574707,SPY,1219
2009-06-12,85930.1103591919,78.36734771728516,85851.74301147461,SPY,1219
2009-06-15,83961.72557067871,78.36734771728516,83883.35822296143,SPY,1219
2009-06-16,82824.00959777832,78.36734771728516,82745.64225006104,SPY,1219
2009-06-17,82742.74417114258,78.36734771728516,82664.3768234253,SPY,1219
2009-06-18,83347.72425842285,78.36734771728516,83269.35691070557,SPY,1219
2009-06-19,83654.60401153564,78.36734771728516,83576.23666381836,SPY,1219
2009-06-22,81148.44261169434,78.36734771728516,81070.07526397705,SPY,1219
2009-06-23,81212.00039672852,78.36734771728516,81133.63304901123,SPY,1219
2009-06-24,81911.2197341919,78.36734771728516,81832.85238647461,SPY,1219
2009-06-25,83690.967918396,78.36734771728516,83612.60057067871,SPY,1219
2009-06-26,83473.05418395996,78.36734771728516,83394.68683624268,SPY,1219
2009-06-29,84253.9853591919,78.36734771728516,84175.61801147461,SPY,1219
2009-06-30,83572.92007446289,78.36734771728516,83494.5527267456,SPY,1219
2009-07-01,83917.97727966309,78.36734771728516,83839.6099319458,SPY,1219
2009-07-02,81629.67381286621,78.36734771728516,81551.30646514893,SPY,1219
2009-07-06,81620.59678649902,78.36734771728516,81542.22943878174,SPY,1219
2009-07-07,80040.63618469238,78.36734771728516,79962.2688369751,SPY,1219
2009-07-08,79986.15542602539,78.36734771728516,79907.7880783081,SPY,1219
2009-07-09,80140.53927612305,78.36734771728516,80062.17192840576,SPY,1219
2009-07-10,79949.82872009277,78.36734771728516,79871.46137237549,SPY,1219
2009-07-13,81893.06568145752,78.36734771728516,81814.69833374023,SPY,1219
2009-07-14,82356.16143035889,78.36734771728516,82277.7940826416,SPY,1219
2009-07-15,84762.45693969727,78.36734771728516,84684.08959197998,SPY,1219
2009-07-16,84626.24574279785,78.36734771728516,84547.87839508057,SPY,1219
2009-07-17,85552.46514129639,78.36734771728516,85474.0977935791,SPY,1219
2009-07-20,86460.45608520508,78.36734771728516,86382.0887374878,SPY,1219
2009-07-21,86860.0033493042,78.36734771728516,86781.63600158691,SPY,1219
2009-07-22,86841.89579772949,78.36734771728516,86763.5284500122,SPY,1219
2009-07-23,88757.85517883301,78.36734771728516,88679.48783111572,SPY,1219
2009-07-24,89121.08503723145,78.36734771728516,89042.71768951416,SPY,1219
2009-07-27,89384.42110443115,78.36734771728516,89306.05375671387,SPY,1219
2009-07-28,88966.69188690186,78.36734771728516,88888.32453918457,SPY,1219
2009-07-29,88748.75025177002,78.36734771728516,88670.38290405273,SPY,1219
2009-07-30,89674.95104980469,78.36734771728516,89596.5837020874,SPY,1219
2009-07-31,89802.05731964111,78.36734771728516,89723.68997192383,SPY,1219
2009-08-03,91282.19853210449,78.36734771728516,91203.8311843872,SPY,1219
2009-08-04,91518.33142089844,78.36734771728516,91439.96407318115,SPY,1219
2009-08-05,91254.93955230713,78.36734771728516,91176.57220458984,SPY,1219
2009-08-06,90782.77607727051,78.36734771728516,90704.40872955322,SPY,1219
2009-08-07,91972.30364227295,78.36734771728516,91893.93629455566,SPY,1219
2009-08-10,91781.64888763428,78.36734771728516,91703.28153991699,SPY,1219
2009-08-11,90637.49715423584,78.36734771728516,90559.12980651855,SPY,1219
2009-08-12,91609.08308410645,78.36734771728516,91530.71573638916,SPY,1219
2009-08-13,92308.32102203369,78.36734771728516,92229.9536743164,SPY,1219
2009-08-14,91600.00605773926,78.36734771728516,91521.63871002197,SPY,1219
2009-08-17,89348.1129989624,78.36734771728516,89269.74565124512,SPY,1219
2009-08-18,90056.34426116943,78.36734771728516,89977.97691345215,SPY,1219
2009-08-19,90846.38036346436,78.36734771728516,90768.01301574707,SPY,1219
2009-08-20,91781.64888763428,78.36734771728516,91703.28153991699,SPY,1219
2009-08-21,93579.54182434082,78.36734771728516,93501.17447662354,SPY,1219
2009-08-24,93570.46479797363,78.36734771728516,93492.09745025635,SPY,1219
2009-08-25,93752.06112670898,78.36734771728516,93673.6937789917,SPY,1219
2009-08-26,93761.13815307617,78.36734771728516,93682.77080535889,SPY,1219
2009-08-27,93969.98416137695,78.36734771728516,93891.61681365967,SPY,1219
2009-08-28,93951.84870910645,78.36734771728516,93873.48136138916,SPY,1219
2009-08-31,93116.42747497559,78.36734771728516,93038.0601272583,SPY,1219
2009-09-01,91064.26619720459,78.36734771728516,90985.8988494873,SPY,1219
2009-09-02,90719.2368927002,78.36734771728516,90640.86954498291,SPY,1219
2009-09-03,91472.88118743896,78.36734771728516,91394.51383972168,SPY,1219
2009-09-04,92753.21621704102,78.36734771728516,92674.84886932373,SPY,1219
2009-09-08,93552.31074523926,78.36734771728516,93473.94339752197,SPY,1219
2009-09-09,94269.64693450928,78.36734771728516,94191.27958679199,SPY,1219
2009-09-10,95232.2395401001,78.36734771728516,95153.87219238281,SPY,1219
2009-09-11,95214.00178527832,78.36734771728516,95135.63443756104,SPY,1219
2009-09-14,95677.15333557129,78.36734771728516,95598.785987854,SPY,1219
2009-09-15,96076.69129943848,78.36734771728516,95998.32395172119,SPY,1219
2009-09-16,97529.52703094482,78.36734771728516,97451.15968322754,SPY,1219
2009-09-17,97384.24810791016,78.36734771728516,97305.88076019287,SPY,1219
2009-09-18,97446.28995513916,78.36734771728516,97367.92260742188,SPY,1219
2009-09-21,97199.95471191406,78.36734771728516,97121.58736419678,SPY,1219
2009-09-22,97765.63201904297,78.36734771728516,97687.26467132568,SPY,1219
2009-09-23,96953.6008682251,78.36734771728516,96875.23352050781,SPY,1219
2009-09-24,95886.16674804688,78.36734771728516,95807.79940032959,SPY,1219
2009-09-25,95375.18410491943,78.36734771728516,95296.81675720215,SPY,1219
2009-09-28,97081.34885406494,78.36734771728516,97002.98150634766,SPY,1219
2009-09-29,96789.38667297363,78.36734771728516,96711.01932525635,SPY,1219
2009-09-30,96415.33134460449,78.36734771728516,96336.9639968872,SPY,1219
2009-10-01,94024.91133117676,78.36734771728516,93946.54398345947,SPY,1219
2009-10-02,93586.99131011963,78.36734771728516,93508.62396240234,SPY,1219
2009-10-05,94982.89102172852,78.36734771728516,94904.52367401123,SPY,1219
2009-10-06,96342.35242462158,78.36734771728516,96263.9850769043,SPY,1219
2009-10-07,96606.89752197266,78.36734771728516,96528.53017425537,SPY,1219
2009-10-08,97345.94045257568,78.36734771728516,97267.5731048584,SPY,1219
2009-10-09,97938.97904205322,78.36734771728516,97860.61169433594,SPY,1219
2009-10-12,98322.13929748535,78.36734771728516,98243.77194976807,SPY,1219
2009-10-13,98121.45889282227,78.36734771728516,98043.09154510498,SPY,1219
2009-10-14,99809.31148529053,78.36734771728516,99730.94413757324,SPY,1219
2009-10-15,100174.29908752441,78.36734771728516,100095.93173980713,SPY,1219
2009-10-16,99426.1233291626,78.36734771728516,99347.75598144531,SPY,1219
2009-10-19,100247.25940704346,78.36734771728516,100168.89205932617,SPY,1219
2009-10-20,99718.12271118164,78.36734771728516,99639.75536346436,SPY,1219
2009-10-21,98823.95191192627,78.36734771728516,98745.58456420898,SPY,1219
2009-10-22,99827.58644104004,78.36734771728516,99749.21909332275,SPY,1219
2009-10-23,98687.09899902344,78.36734771728516,98608.73165130615,SPY,1219
2009-10-26,97619.68347930908,78.36734771728516,97541.3161315918,SPY,1219
2009-10-27,97172.5562286377,78.36734771728516,97094.18888092041,SPY,1219
2009-10-28,95338.71789550781,78.36734771728516,95260.35054779053,SPY,1219
2009-10-29,97382.4066619873,78.36734771728516,97304.03931427002,SPY,1219
2009-10-30,94563.20875549316,78.36734771728516,94484.84140777588,SPY,1219
2009-11-02,95256.65264892578,78.36734771728516,95178.2853012085,SPY,1219
2009-11-03,95557.71975708008,78.36734771728516,95479.3524093628,SPY,1219
2009-11-04,95804.00849914551,78.36734771728516,95725.64115142822,SPY,1219
2009-11-05,97564.88651275635,78.36734771728516,97486.51916503906,SPY,1219
2009-11-06,97820.36388397217,78.36734771728516,97741.99653625488,SPY,1219
2009-11-09,100046.56970214844,78.36734771728516,99968.20235443115,SPY,1219
2009-11-10,100064.76095581055,78.36734771728516,99986.39360809326,SPY,1219
2009-11-11,100575.67849731445,78.36734771728516,100497.31114959717,SPY,1219
2009-11-12,99553.88061523438,78.36734771728516,99475.51326751709,SPY,1219
2009-11-13,100092.19664001465,78.36734771728516,100013.82929229736,SPY,1219
2009-11-16,101542.83751678467,78.36734771728516,101464.47016906738,SPY,1219
2009-11-17,101661.43407440186,78.36734771728516,101583.06672668457,SPY,1219
2009-11-18,101597.56938171387,78.36734771728516,101519.20203399658,SPY,1219
2009-11-19,100274.61138916016,78.36734771728516,100196.24404144287,SPY,1219
2009-11-20,99918.81241607666,78.36734771728516,99840.44506835938,SPY,1219
2009-11-23,101186.98274230957,78.36734771728516,101108.61539459229,SPY,1219
2009-11-24,101342.10131072998,78.36734771728516,101263.7339630127,SPY,1219
2009-11-25,101697.93748474121,78.36734771728516,101619.57013702393,SPY,1219
2009-11-27,100046.56970214844,78.36734771728516,99968.20235443115,SPY,1219
2009-11-30,100384.07511901855,78.36734771728516,100305.70777130127,SPY,1219
2009-12-01,101624.9306640625,78.36734771728516,101546.56331634521,SPY,1219
2009-12-02,101579.33162689209,78.36734771728516,101500.9642791748,SPY,1219
2009-12-03,100785.58473205566,78.36734771728516,100707.21738433838,SPY,1219
2009-12-04,101360.34836578369,78.36734771728516,101281.9810180664,SPY,1219
2009-12-07,101205.24839782715,78.36734771728516,101126.88105010986,SPY,1219
2009-12-08,100082.99871063232,78.36734771728516,100004.63136291504,SPY,1219
2009-12-09,100457.07263946533,78.36734771728516,100378.70529174805,SPY,1219
2009-12-10,101022.7964477539,78.36734771728516,100944.42910003662,SPY,1219
2009-12-11,101451.58364105225,78.36734771728516,101373.21629333496,SPY,1219
2009-12-14,102144.99963378906,78.36734771728516,102066.63228607178,SPY,1219
2009-12-15,101670.53900146484,78.36734771728516,101592.17165374756,SPY,1219
2009-12-16,101825.68547058105,78.36734771728516,101747.31812286377,SPY,1219
2009-12-17,100603.08628082275,78.36734771728516,100524.71893310547,SPY,1219
2009-12-18,101171.79546356201,78.36734771728516,101093.42811584473,SPY,1219
2009-12-21,102199.16418457031,78.36734771728516,102120.79683685303,SPY,1219
2009-12-22,102566.06763458252,78.36734771728516,102487.70028686523,SPY,1219
2009-12-23,102767.86406707764,78.36734771728516,102689.49671936035,SPY,1219
2009-12-24,103254.04299163818,78.36734771728516,103175.6756439209,SPY,1219
2009-12-28,103474.18878173828,78.36734771728516,103395.821434021,SPY,1219
2009-12-29,103327.4404220581,78.36734771728516,103249.07307434082,SPY,1219
2009-12-30,103290.73240661621,78.36734771728516,103212.36505889893,SPY,1219
2009-12-31,102300.08100128174,78.36734771728516,102221.71365356445,SPY,1219
2010-01-04,104033.70003509521,78.36734771728516,103955.33268737793,SPY,1219
2010-01-05,104308.88459777832,78.36734771728516,104230.51725006104,SPY,1219
2010-01-06,104382.30062866211,78.36734771728516,104303.93328094482,SPY,1219
2010-01-07,104822.5922088623,78.36734771728516,104744.22486114502,SPY,1219
2010-01-08,105171.12770080566,78.36734771728516,105092.76035308838,SPY,1219
2010-01-11,105317.92256164551,78.36734771728516,105239.55521392822,SPY,1219
2010-01-12,104336.41328430176,78.36734771728516,104258.04593658447,SPY,1219
2010-01-13,105217.01504516602,78.36734771728516,105138.64769744873,SPY,1219
2010-01-14,105501.36963653564,78.36734771728516,105423.00228881836,SPY,1219
2010-01-15,104318.08252716064,78.36734771728516,104239.71517944336,SPY,1219
2010-01-19,105620.61721038818,78.36734771728516,105542.2498626709,SPY,1219
2010-01-20,104547.3518447876,78.36734771728516,104468.98449707031,SPY,1219
2010-01-21,102538.53894805908,78.36734771728516,102460.1716003418,SPY,1219
2010-01-22,100254.5507888794,78.36734771728516,100176.18344116211,SPY,1219
2010-01-25,100768.20259857178,78.36734771728516,100689.83525085449,SPY,1219
2010-01-26,100346.2417755127,78.36734771728516,100267.87442779541,SPY,1219
2010-01-27,100823.24137115479,78.36734771728516,100744.8740234375,SPY,1219
2010-01-28,99667.43644714355,78.36734771728516,99589.06909942627,SPY,1219
2010-01-29,98585.04755401611,78.36734771728516,98506.68020629883,SPY,1219
2010-02-01,100116.91665649414,78.36734771728516,100038.54930877686,SPY,1219
2010-02-02,101327.73245239258,78.36734771728516,101249.3651046753,SPY,1219
2010-02-03,100823.24137115479,78.36734771728516,100744.8740234375,SPY,1219
2010-02-04,97713.65302276611,78.36734771728516,97635.28567504883,SPY,1219
2010-02-05,97915.44945526123,78.36734771728516,97837.08210754395,SPY,1219
2010-02-08,97209.16194152832,78.36734771728516,97130.79459381104,SPY,1219
2010-02-09,98429.11986541748,78.36734771728516,98350.7525177002,SPY,1219
2010-02-10,98236.49346160889,78.36734771728516,98158.1261138916,SPY,1219
2010-02-11,99263.87148284912,78.36734771728516,99185.50413513184,SPY,1219
2010-02-12,99181.30402374268,78.36734771728516,99102.93667602539,SPY,1219
2010-02-16,100740.68321228027,78.36734771728516,100662.31586456299,SPY,1219
2010-02-17,101217.68280792236,78.36734771728516,101139.31546020508,SPY,1219
2010-02-18,101813.90207672119,78.36734771728516,101735.5347290039,SPY,1219
2010-02-19,102024.92433929443,78.36734771728516,101946.55699157715,SPY,1219
2010-02-22,102043.21789550781,78.36734771728516,101964.85054779053,SPY,1219
2010-02-23,100804.8920135498,78.36734771728516,100726.52466583252,SPY,1219
2010-02-24,101731.36251831055,78.36734771728516,101652.99517059326,SPY,1219
2010-02-25,101593.7283859253,78.36734771728516,101515.36103820801,SPY,1219
2010-02-26,101657.96508789062,78.36734771728516,101579.59774017334,SPY,1219
2010-03-01,102712.8438949585,78.36734771728516,102634.47654724121,SPY,1219
2010-03-02,102997.14268493652,78.36734771728516,102918.77533721924,SPY,1219
2010-03-03,103088.91737365723,78.36734771728516,103010.55002593994,SPY,1219
2010-03-04,103400.8006515503,78.36734771728516,103322.43330383301,SPY,1219
2010-03-05,104877.62168121338,78.36734771728516,104799.2543334961,SPY,1219
2010-03-08,104895.93383789062,78.36734771728516,104817.56649017334,SPY,1219
2010-03-09,105070.24808502197,78.36734771728516,104991.88073730469,SPY,1219
2010-03-10,105538.0683517456,78.36734771728516,105459.70100402832,SPY,1219
2010-03-11,105978.37853240967,78.36734771728516,105900.01118469238,SPY,1219
2010-03-12,105987.52996063232,78.36734771728516,105909.16261291504,SPY,1219
2010-03-15,106015.02144622803,78.36734771728516,105936.65409851074,SPY,1219
2010-03-16,106858.93379211426,78.36734771728516,106780.56644439697,SPY,1219
2010-03-17,107491.88897705078,78.36734771728516,107413.5216293335,SPY,1219
2010-03-18,107436.81300354004,78.36734771728516,107358.44565582275,SPY,1219
2010-03-19,106893.42835235596,78.36734771728516,106815.06100463867,SPY,1219
2010-03-22,107464.48119354248,78.36734771728516,107386.1138458252,SPY,1219
2010-03-23,108219.70652770996,78.36734771728516,108141.33917999268,SPY,1219
2010-03-24,107694.67123413086,78.36734771728516,107616.30388641357,SPY,1219
2010-03-25,107519.72457122803,78.36734771728516,107441.35722351074,SPY,1219
2010-03-26,107455.25536346436,78.36734771728516,107376.88801574707,SPY,1219
2010-03-29,108136.84146118164,78.36734771728516,108058.47411346436,SPY,1219
2010-03-30,108210.5271987915,78.36734771728516,108132.15985107422,SPY,1219
2010-03-31,107842.08921051025,78.36734771728516,107763.72186279297,SPY,1219
2010-04-01,108578.95588684082,78.36734771728516,108500.58853912354,SPY,1219
2010-04-05,109463.14753723145,78.36734771728516,109384.78018951416,SPY,1219
2010-04-06,109721.05226898193,78.36734771728516,109642.68492126465,SPY,1219
2010-04-07,109094.72814941406,78.36734771728516,109016.36080169678,SPY,1219
2010-04-08,109472.3826675415,78.36734771728516,109394.01531982422,SPY,1219
2010-04-09,110190.77908325195,78.36734771728516,110112.41173553467,SPY,1219
2010-04-12,110365.80014801025,78.36734771728516,110287.43280029297,SPY,1219
2010-04-13,110448.68381500244,78.36734771728516,110370.31646728516,SPY,1219
2010-04-14,111701.35065460205,78.36734771728516,111622.98330688477,SPY,1219
2010-04-15,111793.42295074463,78.36734771728516,111715.05560302734,SPY,1219
2010-04-16,110015.80451965332,78.36734771728516,109937.43717193604,SPY,1219
2010-04-19,110430.26005554199,78.36734771728516,110351.8927078247,SPY,1219
2010-04-20,111415.75913238525,78.36734771728516,111337.39178466797,SPY,1219
2010-04-21,111213.15357971191,78.36734771728516,111134.78623199463,SPY,1219
2010-04-22,111544.73474884033,78.36734771728516,111466.36740112305,SPY,1219
2010-04-23,112272.3848953247,78.36734771728516,112194.01754760742,SPY,1219
2010-04-26,111848.72212982178,78.36734771728516,111770.35478210449,SPY,1219
2010-04-27,109205.28000640869,78.36734771728516,109126.9126586914,SPY,1219
2010-04-28,110034.22827911377,78.36734771728516,109955.86093139648,SPY,1219
2010-04-29,111397.43767547607,78.36734771728516,111319.07032775879,SPY,1219
2010-04-30,109509.21158599854,78.36734771728516,109430.84423828125,SPY,1219
2010-05-03,110927.65505981445,78.36734771728516,110849.28771209717,SPY,1219
2010-05-04,108321.0418548584,78.36734771728516,108242.67450714111,SPY,1219
2010-05-05,107676.29397583008,78.36734771728516,107597.9266281128,SPY,1219
2010-05-06,104102.61475372314,78.36734771728516,104024.24740600586,SPY,1219
2010-05-07,102555.22356414795,78.36734771728516,102476.85621643066,SPY,1219
2010-05-10,107068.39361572266,78.36734771728516,106990.02626800537,SPY,1219
2010-05-11,106764.46203613281,78.36734771728516,106686.09468841553,SPY,1219
2010-05-12,108256.5633468628,78.36734771728516,108178.19599914551,SPY,1219
2010-05-13,106911.80561065674,78.36734771728516,106833.43826293945,SPY,1219
2010-05-14,104977.58987426758,78.36734771728516,104899.2225265503,SPY,1219
2010-05-17,105032.86115264893,78.36734771728516,104954.49380493164,SPY,1219
2010-05-18,103605.22904968262,78.36734771728516,103526.86170196533,SPY,1219
2010-05-19,103015.70594787598,78.36734771728516,102937.33860015869,SPY,1219
2010-05-20,99128.86931610107,78.36734771728516,99050.50196838379,SPY,1219
2010-05-21,100574.93447875977,78.36734771728516,100496.56713104248,SPY,1219
2010-05-24,99285.45732116699,78.36734771728516,99207.0899734497,SPY,1219
2010-05-25,99386.80194854736,78.36734771728516,99308.43460083008,SPY,1219
2010-05-26,98788.0809173584,78.36734771728516,98709.71356964111,SPY,1219
2010-05-27,102094.67607879639,78.36734771728516,102016.3087310791,SPY,1219
2010-05-28,100814.387550354,78.36734771728516,100736.02020263672,SPY,1219
2010-06-01,99119.68998718262,78.36734771728516,99041.32263946533,SPY,1219
2010-06-02,101698.63500213623,78.36734771728516,101620.26765441895,SPY,1219
2010-06-03,102048.68643188477,78.36734771728516,101970.31908416748,SPY,1219
2010-06-04,98465.73487854004,78.36734771728516,98387.36753082275,SPY,1219
2010-06-07,97240.72692871094,78.36734771728516,97162.35958099365,SPY,1219
2010-06-08,98281.50658416748,78.36734771728516,98203.1392364502,SPY,1219
2010-06-09,97756.51779174805,78.36734771728516,97678.15044403076,SPY,1219
2010-06-10,100611.80989837646,78.36734771728516,100533.44255065918,SPY,1219
2010-06-11,101099.9790725708,78.36734771728516,101021.61172485352,SPY,1219
2010-06-14,100943.40036773682,78.36734771728516,100865.03302001953,SPY,1219
2010-06-15,103236.84686279297,78.36734771728516,103158.47951507568,SPY,1219
2010-06-16,103199.9249420166,78.36734771728516,103121.55759429932,SPY,1219
2010-06-17,103365.74807739258,78.36734771728516,103287.3807296753,SPY,1219
2010-06-18,103477.72286987305,78.36734771728516,103399.35552215576,SPY,1219
2010-06-21,103181.59418487549,78.36734771728516,103103.2268371582,SPY,1219
2010-06-22,101478.76821899414,78.36734771728516,101400.40087127686,SPY,1219
2010-06-23,101164.13207244873,78.36734771728516,101085.76472473145,SPY,1219
2010-06-24,99489.08589935303,78.36734771728516,99410.71855163574,SPY,1219
2010-06-25,99905.54098510742,78.36734771728516,99827.17363739014,SPY,1219
2010-06-28,99590.88623809814,78.36734771728516,99512.51889038086,SPY,1219
2010-06-29,96518.41511535645,78.36734771728516,96440.04776763916,SPY,1219
2010-06-30,95602.22136688232,78.36734771728516,95523.85401916504,SPY,1219
2010-07-01,95176.49394989014,78.36734771728516,95098.12660217285,SPY,1219
2010-07-02,94658.30362701416,78.36734771728516,94579.93627929688,SPY,1219
2010-07-06,95278.31288909912,78.36734771728516,95199.94554138184,SPY,1219
2010-07-07,98276.73556518555,78.36734771728516,98198.36821746826,SPY,1219
2010-07-08,99248.46099853516,78.36734771728516,99170.09365081787,SPY,1219
2010-07-09,99988.82456207275,78.36734771728516,99910.45721435547,SPY,1219
2010-07-12,100053.5913772583,78.36734771728516,99975.22402954102,SPY,1219
2010-07-13,101562.07039642334,78.36734771728516,101483.70304870605,SPY,1219
2010-07-14,101552.79806518555,78.36734771728516,101474.43071746826,SPY,1219
2010-07-15,101580.58715820312,78.36734771728516,101502.21981048584,SPY,1219
2010-07-16,98785.73725891113,78.36734771728516,98707.36991119385,SPY,1219
2010-07-19,99368.76879882812,78.36734771728516,99290.40145111084,SPY,1219
2010-07-20,100470.0185623169,78.36734771728516,100391.65121459961,SPY,1219
2010-07-21,99165.17742156982,78.36734771728516,99086.81007385254,SPY,1219
2010-07-22,101376.97718048096,78.36734771728516,101298.60983276367,SPY,1219
2010-07-23,102256.15600585938,78.36734771728516,102177.78865814209,SPY,1219
2010-07-26,103320.40014648438,78.36734771728516,103242.03279876709,SPY,1219
2010-07-27,103311.15571594238,78.36734771728516,103232.7883682251,SPY,1219
2010-07-28,102644.84059906006,78.36734771728516,102566.47325134277,SPY,1219
2010-07-29,102145.0926361084,78.36734771728516,102066.72528839111,SPY,1219
2010-07-30,102126.59447479248,78.36734771728516,102048.2271270752,SPY,1219
2010-08-02,104430.95014190674,78.36734771728516,104352.58279418945,SPY,1219
2010-08-03,103931.20217895508,78.36734771728516,103852.8348312378,SPY,1219
2010-08-04,104625.28778839111,78.36734771728516,104546.92044067383,SPY,1219
2010-08-05,104514.2151184082,78.36734771728516,104435.84777069092,SPY,1219
2010-08-06,104088.48770141602,78.36734771728516,104010.12035369873,SPY,1219
2010-08-09,104643.75804901123,78.36734771728516,104565.39070129395,SPY,1219
2010-08-10,104079.28047180176,78.36734771728516,104000.91312408447,SPY,1219
2010-08-11,101228.90818786621,78.36734771728516,101150.54084014893,SPY,1219
2010-08-12,100608.87102508545,78.36734771728516,100530.50367736816,SPY,1219
2010-08-13,100312.69583892822,78.36734771728516,100234.32849121094,SPY,1219
2010-08-16,100266.46438598633,78.36734771728516,100188.09703826904,SPY,1219
2010-08-17,101497.29428100586,78.36734771728516,101418.92693328857,SPY,1219
2010-08-18,101682.37819671631,78.36734771728516,101604.01084899902,SPY,1219
2010-08-19,99914.76681518555,78.36734771728516,99836.39946746826,SPY,1219
2010-08-20,99590.88623809814,78.36734771728516,99512.51889038086,SPY,1219
2010-08-23,99211.47397613525,78.36734771728516,99133.10662841797,SPY,1219
2010-08-24,97740.00988006592,78.36734771728516,97661.64253234863,SPY,1219
2010-08-25,98119.44074249268,78.36734771728516,98041.07339477539,SPY,1219
2010-08-26,97462.36075592041,78.36734771728516,97383.99340820312,SPY,1219
2010-08-27,98970.83977508545,78.36734771728516,98892.47242736816,SPY,1219
2010-08-30,97536.38130187988,78.36734771728516,97458.0139541626,SPY,1219
2010-08-31,97536.38130187988,78.36734771728516,97458.0139541626,SPY,1219
2010-09-01,100451.54830169678,78.36734771728516,100373.18095397949,SPY,1219
2010-09-02,101386.22161102295,78.36734771728516,101307.85426330566,SPY,1219
2010-09-03,102700.37228393555,78.36734771728516,102622.00493621826,SPY,1219
2010-09-07,101543.59083557129,78.36734771728516,101465.223487854,SPY,1219
2010-09-08,102256.15600585938,78.36734771728516,102177.78865814209,SPY,1219
2010-09-09,102728.10557556152,78.36734771728516,102649.73822784424,SPY,1219
2010-09-10,103246.3516998291,78.36734771728516,103167.98435211182,SPY,1219
2010-09-13,104393.88871765137,78.36734771728516,104315.52136993408,SPY,1219
2010-09-14,104329.18700408936,78.36734771728516,104250.81965637207,SPY,1219
2010-09-15,104727.0788269043,78.36734771728516,104648.71147918701,SPY,1219
2010-09-16,104699.36413574219,78.36734771728516,104620.9967880249,SPY,1219
2010-09-17,104738.36930847168,78.36734771728516,104660.0019607544,SPY,1219
2010-09-20,106338.66021728516,78.36734771728516,106260.29286956787,SPY,1219
2010-09-21,106124.6432800293,78.36734771728516,106046.27593231201,SPY,1219
2010-09-22,105603.66288757324,78.36734771728516,105525.29553985596,SPY,1219
2010-09-23,104747.69744110107,78.36734771728516,104669.33009338379,SPY,1219
2010-09-24,106906.18827056885,78.36734771728516,106827.82092285156,SPY,1219
2010-09-27,106394.48020935059,78.36734771728516,106316.1128616333,SPY,1219
2010-09-28,106766.67549133301,78.36734771728516,106688.30814361572,SPY,1219
2010-09-29,106580.56855010986,78.36734771728516,106502.20120239258,SPY,1219
2010-09-30,106264.2025604248,78.36734771728516,106185.83521270752,SPY,1219
2010-10-01,106710.82759857178,78.36734771728516,106632.46025085449,SPY,1219
2010-10-04,105910.68214416504,78.36734771728516,105832.31479644775,SPY,1219
2010-10-05,108041.2908782959,78.36734771728516,107962.92353057861,SPY,1219
2010-10-06,108031.98134613037,78.36734771728516,107953.61399841309,SPY,1219
2010-10-07,107901.73159790039,78.36734771728516,107823.3642501831,SPY,1219
2010-10-08,108506.51638031006,78.36734771728516,108428.14903259277,SPY,1219
2010-10-11,108608.82823181152,78.36734771728516,108530.46088409424,SPY,1219
2010-10-12,108943.76678466797,78.36734771728516,108865.39943695068,SPY,1219
2010-10-13,109790.41339874268,78.36734771728516,109712.04605102539,SPY,1219
2010-10-14,109362.45392608643,78.36734771728516,109284.08657836914,SPY,1219
2010-10-15,109585.77109527588,78.36734771728516,109507.4037475586,SPY,1219
2010-10-18,110125.36125183105,78.36734771728516,110046.99390411377,SPY,1219
2010-10-19,108683.26728820801,78.36734771728516,108604.89994049072,SPY,1219
2010-10-20,109743.90293884277,78.36734771728516,109665.53559112549,SPY,1219
2010-10-21,109985.79267120361,78.36734771728516,109907.42532348633,SPY,1219
2010-10-22,110190.49077606201,78.36734771728516,110112.12342834473,SPY,1219
2010-10-25,110516.110496521,78.36734771728516,110437.74314880371,SPY,1219
2010-10-26,110534.75746154785,78.36734771728516,110456.39011383057,SPY,1219
2010-10-27,110218.38217163086,78.36734771728516,110140.01482391357,SPY,1219
2010-10-28,110237.01053619385,78.36734771728516,110158.64318847656,SPY,1219
2010-10-29,110320.7684249878,78.36734771728516,110242.40107727051,SPY,1219
2010-11-01,110357.94145202637,78.36734771728516,110279.57410430908,SPY,1219
2010-11-02,111232.55386352539,78.36734771728516,111154.1865158081,SPY,1219
2010-11-03,111679.12310028076,78.36734771728516,111600.75575256348,SPY,1219
2010-11-04,113828.31369781494,78.36734771728516,113749.94635009766,SPY,1219
2010-11-05,114256.31967163086,78.36734771728516,114177.95232391357,SPY,1219
2010-11-08,114042.302734375,78.36734771728516,113963.93538665771,SPY,1219
2010-11-09,113223.61261749268,78.36734771728516,113145.24526977539,SPY,1219
2010-11-10,113679.4727859497,78.36734771728516,113601.10543823242,SPY,1219
2010-11-11,113251.49471282959,78.36734771728516,113173.1273651123,SPY,1219
2010-11-12,111911.71260070801,78.36734771728516,111833.34525299072,SPY,1219
2010-11-15,111753.52495574951,78.36734771728516,111675.15760803223,SPY,1219
2010-11-16,110013.6933670044,78.36734771728516,109935.32601928711,SPY,1219
2010-11-17,110069.53195953369,78.36734771728516,109991.1646118164,SPY,1219
2010-11-18,111688.41403198242,78.36734771728516,111610.04668426514,SPY,1219
2010-11-19,111995.48908996582,78.36734771728516,111917.12174224854,SPY,1219
2010-11-22,111902.44956970215,78.36734771728516,111824.08222198486,SPY,1219
2010-11-23,110283.50239562988,78.36734771728516,110205.1350479126,SPY,1219
2010-11-24,111911.71260070801,78.36734771728516,111833.34525299072,SPY,1219
2010-11-26,110609.16861724854,78.36734771728516,110530.80126953125,SPY,1219
2010-11-29,110944.10717010498,78.36734771728516,110865.7398223877,SPY,1219
2010-11-30,110320.7684249878,78.36734771728516,110242.40107727051,SPY,1219
2010-12-01,112665.32899475098,78.36734771728516,112586.96164703369,SPY,1219
2010-12-02,114107.43225860596,78.36734771728516,114029.06491088867,SPY,1219
2010-12-03,114414.47941589355,78.36734771728516,114336.11206817627,SPY,1219
2010-12-06,114293.52989959717,78.36734771728516,114215.16255187988,SPY,1219
2010-12-07,114358.7059249878,78.36734771728516,114280.33857727051,SPY,1219
2010-12-08,114777.35586547852,78.36734771728516,114698.98851776123,SPY,1219
2010-12-09,115223.93440246582,78.36734771728516,115145.56705474854,SPY,1219
2010-12-10,115893.79290771484,78.36734771728516,115815.42555999756,SPY,1219
2010-12-13,115968.25986480713,78.36734771728516,115889.89251708984,SPY,1219
2010-12-14,116070.5996170044,78.36734771728516,115992.23226928711,SPY,1219
2010-12-15,115540.29109191895,78.36734771728516,115461.92374420166,SPY,1219
2010-12-16,116210.16819763184,78.36734771728516,116131.80084991455,SPY,1219
2010-12-17,116334.54949951172,78.36734771728516,116256.18215179443,SPY,1219
2010-12-20,116615.12819671631,78.36734771728516,116536.76084899902,SPY,1219
2010-12-21,117353.9944229126,78.36734771728516,117275.62707519531,SPY,1219
2010-12-22,117718.79602050781,78.36734771728516,117640.42867279053,SPY,1219
2010-12-23,117550.43392181396,78.36734771728516,117472.06657409668,SPY,1219
2010-12-27,117597.19548797607,78.36734771728516,117518.82814025879,SPY,1219
2010-12-28,117765.56688690186,78.36734771728516,117687.19953918457,SPY,1219
2010-12-29,117849.69678497314,78.36734771728516,117771.32943725586,SPY,1219
2010-12-30,117662.63191986084,78.36734771728516,117584.26457214355,SPY,1219
2010-12-31,117690.72792053223,78.36734771728516,117612.36057281494,SPY,1219
2011-01-03,118906.60304260254,78.36734771728516,118828.23569488525,SPY,1219
2011-01-04,118841.10150909424,78.36734771728516,118762.73416137695,SPY,1219
2011-01-05,119458.39510345459,78.36734771728516,119380.0277557373,SPY,1219
2011-01-06,119224.55937194824,78.36734771728516,119146.19202423096,SPY,1219
2011-01-07,118990.73294067383,78.36734771728516,118912.36559295654,SPY,1219
2011-01-10,118841.10150909424,78.36734771728516,118762.73416137695,SPY,1219
2011-01-11,119262.02070617676,78.36734771728516,119183.65335845947,SPY,1219
2011-01-12,120337.52742767334,78.36734771728516,120259.16007995605,SPY,1219
2011-01-13,120141.1251296997,78.36734771728516,120062.75778198242,SPY,1219
2011-01-14,121010.94792175293,78.36734771728516,120932.58057403564,SPY,1219
2011-01-18,121216.70625305176,78.36734771728516,121138.33890533447,SPY,1219
2011-01-19,120028.9457321167,78.36734771728516,119950.57838439941,SPY,1219
2011-01-20,119869.91176605225,78.36734771728516,119791.54441833496,SPY,1219
2011-01-21,120141.1251296997,78.36734771728516,120062.75778198242,SPY,1219
2011-01-24,120823.93885803223,78.36734771728516,120745.57151031494,SPY,1219
2011-01-25,120889.38459014893,78.36734771728516,120811.01724243164,SPY,1219
2011-01-26,121357.02815246582,78.36734771728516,121278.66080474854,SPY,1219
2011-01-27,121656.30961608887,78.36734771728516,121577.94226837158,SPY,1219
2011-01-28,119533.24337005615,78.36734771728516,119454.87602233887,SPY,1219
2011-01-31,120431.10636138916,78.36734771728516,120352.73901367188,SPY,1219
2011-02-01,122357.79821014404,78.36734771728516,122279.43086242676,SPY,1219
2011-02-02,122123.99967956543,78.36734771728516,122045.63233184814,SPY,1219
2011-02-03,122395.19444274902,78.36734771728516,122316.82709503174,SPY,1219
2011-02-04,122741.31187438965,78.36734771728516,122662.94452667236,SPY,1219
2011-02-07,123508.19039916992,78.36734771728516,123429.82305145264,SPY,1219
2011-02-08,124069.38499450684,78.36734771728516,123991.01764678955,SPY,1219
2011-02-09,123788.81559753418,78.36734771728516,123710.4482498169,SPY,1219
2011-02-10,123835.56786346436,78.36734771728516,123757.20051574707,SPY,1219
2011-02-11,124574.45269012451,78.36734771728516,124496.08534240723,SPY,1219
2011-02-14,124873.69695281982,78.36734771728516,124795.32960510254,SPY,1219
2011-02-15,124480.88305664062,78.36734771728516,124402.51570892334,SPY,1219
2011-02-16,125266.55735015869,78.36734771728516,125188.1900024414,SPY,1219
2011-02-17,125640.64057922363,78.36734771728516,125562.27323150635,SPY,1219
2011-02-18,125902.5537109375,78.36734771728516,125824.18636322021,SPY,1219
2011-02-22,123377.22453308105,78.36734771728516,123298.85718536377,SPY,1219
2011-02-23,122619.67414093018,78.36734771728516,122541.30679321289,SPY,1219
2011-02-24,122535.48844146729,78.36734771728516,122457.12109375,SPY,1219
2011-02-25,123844.89599609375,78.36734771728516,123766.52864837646,SPY,1219
2011-02-28,124611.83962249756,78.36734771728516,124533.47227478027,SPY,1219
2011-03-01,122535.48844146729,78.36734771728516,122457.12109375,SPY,1219
2011-03-02,122797.37367248535,78.36734771728516,122719.00632476807,SPY,1219
2011-03-03,124911.11178588867,78.36734771728516,124832.74443817139,SPY,1219
2011-03-04,123975.86186218262,78.36734771728516,123897.49451446533,SPY,1219
2011-03-07,123003.12270355225,78.36734771728516,122924.75535583496,SPY,1219
2011-03-08,124078.69452667236,78.36734771728516,124000.32717895508,SPY,1219
2011-03-09,123901.02289581299,78.36734771728516,123822.6555480957,SPY,1219
2011-03-10,121609.54804992676,78.36734771728516,121531.18070220947,SPY,1219
2011-03-11,122451.34924316406,78.36734771728516,122372.98189544678,SPY,1219
2011-03-14,121712.4644165039,78.36734771728516,121634.09706878662,SPY,1219
2011-03-15,120318.89906311035,78.36734771728516,120240.53171539307,SPY,1219
2011-03-16,118092.87924957275,78.36734771728516,118014.51190185547,SPY,1219
2011-03-17,119654.79740142822,78.36734771728516,119576.43005371094,SPY,1219
2011-03-18,120089.73204803467,78.36734771728516,120011.36470031738,SPY,1219
2011-03-21,121949.62033081055,78.36734771728516,121871.25298309326,SPY,1219
2011-03-22,121526.94338989258,78.36734771728516,121448.5760421753,SPY,1219
2011-03-23,121874.53025817871,78.36734771728516,121796.16291046143,SPY,1219
2011-03-24,123039.28200531006,78.36734771728516,122960.91465759277,SPY,1219
2011-03-25,123415.03927612305,78.36734771728516,123336.67192840576,SPY,1219
2011-03-28,123114.44647979736,78.36734771728516,123036.07913208008,SPY,1219
2011-03-29,123941.04179382324,78.36734771728516,123862.67444610596,SPY,1219
2011-03-30,124795.89121246338,78.36734771728516,124717.5238647461,SPY,1219
2011-03-31,124626.77579498291,78.36734771728516,124548.40844726562,SPY,1219
2011-04-01,125152.82481384277,78.36734771728516,125074.45746612549,SPY,1219
2011-04-04,125256.14109039307,78.36734771728516,125177.77374267578,SPY,1219
2011-04-05,125237.37322235107,78.36734771728516,125159.00587463379,SPY,1219
2011-04-06,125631.88906097412,78.36734771728516,125553.52171325684,SPY,1219
2011-04-07,125312.52839660645,78.36734771728516,125234.16104888916,SPY,1219
2011-04-08,124880.42102050781,78.36734771728516,124802.05367279053,SPY,1219
2011-04-11,124504.61724853516,78.36734771728516,124426.24990081787,SPY,1219
2011-04-12,123574.70565795898,78.36734771728516,123496.3383102417,SPY,1219
2011-04-13,123565.30312347412,78.36734771728516,123486.93577575684,SPY,1219
2011-04-14,123659.26336669922,78.36734771728516,123580.89601898193,SPY,1219
2011-04-15,124110.18511199951,78.36734771728516,124031.81776428223,SPY,1219
2011-04-18,122719.93994140625,78.36734771728516,122641.57259368896,SPY,1219
2011-04-19,123424.46041107178,78.36734771728516,123346.09306335449,SPY,1219
2011-04-20,125105.84004211426,78.36734771728516,125027.47269439697,SPY,1219
2011-04-21,125744.58927154541,78.36734771728516,125666.22192382812,SPY,1219
2011-04-25,125613.1676940918,78.36734771728516,125534.80034637451,SPY,1219
2011-04-26,126693.37103271484,78.36734771728516,126615.00368499756,SPY,1219
2011-04-27,127520.00354766846,78.36734771728516,127441.63619995117,SPY,1219
2011-04-28,127933.29655456543,78.36734771728516,127854.92920684814,SPY,1219
2011-04-29,128233.91725158691,78.36734771728516,128155.54990386963,SPY,1219
2011-05-02,128036.64073181152,78.36734771728516,127958.27338409424,SPY,1219
2011-05-03,127576.3536529541,78.36734771728516,127497.98630523682,SPY,1219
2011-05-04,126730.97187042236,78.36734771728516,126652.60452270508,SPY,1219
2011-05-05,125584.9321899414,78.36734771728516,125506.56484222412,SPY,1219
2011-05-06,126139.17021179199,78.36734771728516,126060.8028640747,SPY,1219
2011-05-09,126627.5811920166,78.36734771728516,126549.21384429932,SPY,1219
2011-05-10,127707.84033203125,78.36734771728516,127629.47298431396,SPY,1219
2011-05-11,126364.57063293457,78.36734771728516,126286.20328521729,SPY,1219
2011-05-12,126965.8027267456,78.36734771728516,126887.43537902832,SPY,1219
2011-05-13,125988.85056304932,78.36734771728516,125910.48321533203,SPY,1219
2011-05-16,125190.40705108643,78.36734771728516,125112.03970336914,SPY,1219
2011-05-17,125171.61128234863,78.36734771728516,125093.24393463135,SPY,1219
2011-05-18,126289.45265960693,78.36734771728516,126211.08531188965,SPY,1219
2011-05-19,126590.01755523682,78.36734771728516,126511.65020751953,SPY,1219
2011-05-20,125584.9321899414,78.36734771728516,125506.56484222412,SPY,1219
2011-05-23,124128.8971786499,78.36734771728516,124050.52983093262,SPY,1219
2011-05-24,124025.61810302734,78.36734771728516,123947.25075531006,SPY,1219
2011-05-25,124438.91110992432,78.36734771728516,124360.54376220703,SPY,1219
2011-05-26,125011.89839935303,78.36734771728516,124933.53105163574,SPY,1219
2011-05-27,125491.03704833984,78.36734771728516,125412.66970062256,SPY,1219
2011-05-31,126796.71520996094,78.36734771728516,126718.34786224365,SPY,1219
2011-06-01,123950.45362854004,78.36734771728516,123872.08628082275,SPY,1219
2011-06-02,123818.92044830322,78.36734771728516,123740.55310058594,SPY,1219
2011-06-03,122588.41606140137,78.36734771728516,122510.04871368408,SPY,1219
2011-06-06,121292.0753326416,78.36734771728516,121213.70798492432,SPY,1219
2011-06-07,121216.95735931396,78.36734771728516,121138.59001159668,SPY,1219
2011-06-08,120709.69480895996,78.36734771728516,120631.32746124268,SPY,1219
2011-06-09,121630.27826690674,78.36734771728516,121551.91091918945,SPY,1219
2011-06-10,119939.45890045166,78.36734771728516,119861.09155273438,SPY,1219
2011-06-13,120033.36334228516,78.36734771728516,119954.99599456787,SPY,1219
2011-06-14,121555.12309265137,78.36734771728516,121476.75574493408,SPY,1219
2011-06-15,119394.60481262207,78.36734771728516,119316.23746490479,SPY,1219
2011-06-16,119657.60607147217,78.36734771728516,119579.23872375488,SPY,1219
2011-06-17,120014.44667053223,78.36734771728516,119936.07932281494,SPY,1219
2011-06-20,120628.03877258301,78.36734771728516,120549.67142486572,SPY,1219
2011-06-21,122280.09477233887,78.36734771728516,122201.72742462158,SPY,1219
2011-06-22,121543.73960876465,78.36734771728516,121465.37226104736,SPY,1219
2011-06-23,121194.47869873047,78.36734771728516,121116.11135101318,SPY,1219
2011-06-24,119787.90232086182,78.36734771728516,119709.53497314453,SPY,1219
2011-06-27,120854.62032318115,78.36734771728516,120776.25297546387,SPY,1219
2011-06-28,122431.10263824463,78.36734771728516,122352.73529052734,SPY,1219
2011-06-29,123478.9783706665,78.36734771728516,123400.61102294922,SPY,1219
2011-06-30,124658.98249816895,78.36734771728516,124580.61515045166,SPY,1219
2011-07-01,126499.80530548096,78.36734771728516,126421.43795776367,SPY,1219
2011-07-05,126395.96821594238,78.36734771728516,126317.6008682251,SPY,1219
2011-07-06,126547.00398254395,78.36734771728516,126468.63663482666,SPY,1219
2011-07-07,127859.19230651855,78.36734771728516,127780.82495880127,SPY,1219
2011-07-08,126952.93120574951,78.36734771728516,126874.56385803223,SPY,1219
2011-07-11,124658.98249816895,78.36734771728516,124580.61515045166,SPY,1219
2011-07-12,124120.88967895508,78.36734771728516,124042.5223312378,SPY,1219
2011-07-13,124536.22873687744,78.36734771728516,124457.86138916016,SPY,1219
2011-07-14,123677.21281433105,78.36734771728516,123598.84546661377,SPY,1219
2011-07-15,124394.66060638428,78.36734771728516,124316.29325866699,SPY,1219
2011-07-18,123375.11338043213,78.36734771728516,123296.74603271484,SPY,1219
2011-07-19,125376.44889068604,78.36734771728516,125298.08154296875,SPY,1219
2011-07-20,125300.89380645752,78.36734771728516,125222.52645874023,SPY,1219
2011-07-21,127037.89812469482,78.36734771728516,126959.53077697754,SPY,1219
2011-07-22,127122.87434387207,78.36734771728516,127044.50699615479,SPY,1219
2011-07-25,126414.84768676758,78.36734771728516,126336.4803390503,SPY,1219
2011-07-26,125942.87021636963,78.36734771728516,125864.50286865234,SPY,1219
2011-07-27,123365.71084594727,78.36734771728516,123287.34349822998,SPY,1219
2011-07-28,123006.99160003662,78.36734771728516,122928.62425231934,SPY,1219
2011-07-29,122166.79934692383,78.36734771728516,122088.43199920654,SPY,1219
2011-08-01,121647.60459899902,78.36734771728516,121569.23725128174,SPY,1219
2011-08-02,118541.82004547119,78.36734771728516,118463.4526977539,SPY,1219
2011-08-03,119183.7685546875,78.36734771728516,119105.40120697021,SPY,1219
2011-08-04,113604.64311981201,78.36734771728516,113526.27577209473,SPY,1219
2011-08-05,113434.77438354492,78.36734771728516,113356.40703582764,SPY,1219
2011-08-08,106052.59438323975,78.36734771728516,105974.22703552246,SPY,1219
2011-08-09,110980.33157348633,78.36734771728516,110901.96422576904,SPY,1219
2011-08-10,106080.9042892456,78.36734771728516,106002.53694152832,SPY,1219
2011-08-11,110838.70764160156,78.36734771728516,110760.34029388428,SPY,1219
2011-08-12,111584.44673919678,78.36734771728516,111506.07939147949,SPY,1219
2011-08-15,113944.5200958252,78.36734771728516,113866.15274810791,SPY,1219
2011-08-16,112972.1622467041,78.36734771728516,112893.79489898682,SPY,1219
2011-08-17,113047.70803070068,78.36734771728516,112969.3406829834,SPY,1219
2011-08-18,108176.62785339355,78.36734771728516,108098.26050567627,SPY,1219
2011-08-19,106411.32292938232,78.36734771728516,106332.95558166504,SPY,1219
2011-08-22,106496.3084487915,78.36734771728516,106417.94110107422,SPY,1219
2011-08-23,109998.5804901123,78.36734771728516,109920.21314239502,SPY,1219
2011-08-24,111546.71569824219,78.36734771728516,111468.3483505249,SPY,1219
2011-08-25,109847.4796218872,78.36734771728516,109769.11227416992,SPY,1219
2011-08-26,111442.88790893555,78.36734771728516,111364.52056121826,SPY,1219
2011-08-29,114643.07911682129,78.36734771728516,114564.711769104,SPY,1219
2011-08-30,114945.13204956055,78.36734771728516,114866.76470184326,SPY,1219
2011-08-31,115454.90566253662,78.36734771728516,115376.53831481934,SPY,1219
2011-09-01,114246.57302856445,78.36734771728516,114168.20568084717,SPY,1219
2011-09-02,111329.63898468018,78.36734771728516,111251.27163696289,SPY,1219
2011-09-06,110517.75663757324,78.36734771728516,110439.38928985596,SPY,1219
2011-09-07,113632.99952697754,78.36734771728516,113554.63217926025,SPY,1219
2011-09-08,112452.98609924316,78.36734771728516,112374.61875152588,SPY,1219
2011-09-09,109507.65844726562,78.36734771728516,109429.29109954834,SPY,1219
2011-09-12,110215.67580413818,78.36734771728516,110137.3084564209,SPY,1219
2011-09-13,111225.7739944458,78.36734771728516,111147.40664672852,SPY,1219
2011-09-14,112764.50666809082,78.36734771728516,112686.13932037354,SPY,1219
2011-09-15,114709.1665649414,78.36734771728516,114630.79921722412,SPY,1219
2011-09-16,115387.59058380127,78.36734771728516,115309.22323608398,SPY,1219
2011-09-19,114239.44905090332,78.36734771728516,114161.08170318604,SPY,1219
2011-09-20,114106.60453796387,78.36734771728516,114028.23719024658,SPY,1219
2011-09-21,110747.54676818848,78.36734771728516,110669.17942047119,SPY,1219
2011-09-22,107170.2032546997,78.36734771728516,107091.83590698242,SPY,1219
2011-09-23,107815.43474578857,78.36734771728516,107737.06739807129,SPY,1219
2011-09-26,110377.42543792725,78.36734771728516,110299.05809020996,SPY,1219
2011-09-27,111611.01750183105,78.36734771728516,111532.65015411377,SPY,1219
2011-09-28,109333.66970825195,78.36734771728516,109255.30236053467,SPY,1219
2011-09-29,110197.17764282227,78.36734771728516,110118.81029510498,SPY,1219
2011-09-30,107445.37851715088,78.36734771728516,107367.0111694336,SPY,1219
2011-10-03,104389.92681884766,78.36734771728516,104311.55947113037,SPY,1219
2011-10-04,106676.76084899902,78.36734771728516,106598.39350128174,SPY,1219
2011-10-05,108650.48397064209,78.36734771728516,108572.1166229248,SPY,1219
2011-10-06,110614.67435455322,78.36734771728516,110536.30700683594,SPY,1219
2011-10-07,109874.5525970459,78.36734771728516,109796.18524932861,SPY,1219
2011-10-10,113546.76777648926,78.36734771728516,113468.40042877197,SPY,1219
2011-10-11,113660.61191558838,78.36734771728516,113582.2445678711,SPY,1219
2011-10-12,114656.93646240234,78.36734771728516,114578.56911468506,SPY,1219
2011-10-13,114429.21098327637,78.36734771728516,114350.84363555908,SPY,1219
2011-10-14,116383.94303131104,78.36734771728516,116305.57568359375,SPY,1219
2011-10-17,114163.54985809326,78.36734771728516,114085.18251037598,SPY,1219
2011-10-18,116393.44786834717,78.36734771728516,116315.08052062988,SPY,1219
2011-10-19,115017.55295562744,78.36734771728516,114939.18560791016,SPY,1219
2011-10-20,115520.45369720459,78.36734771728516,115442.0863494873,SPY,1219
2011-10-21,117712.38816070557,78.36734771728516,117634.02081298828,SPY,1219
2011-10-24,119154.68672943115,78.36734771728516,119076.31938171387,SPY,1219
2011-10-25,116839.37538909912,78.36734771728516,116761.00804138184,SPY,1219
2011-10-26,118025.48976898193,78.36734771728516,117947.12242126465,SPY,1219
2011-10-27,122134.24853515625,78.36734771728516,122055.88118743896,SPY,1219
2011-10-28,122105.75262451172,78.36734771728516,122027.38527679443,SPY,1219
2011-10-31,119164.21946716309,78.36734771728516,119085.8521194458,SPY,1219
2011-11-01,115843.06014251709,78.36734771728516,115764.6927947998,SPY,1219
2011-11-02,117731.3606338501,78.36734771728516,117652.99328613281,SPY,1219
2011-11-03,119875.88251495361,78.36734771728516,119797.51516723633,SPY,1219
2011-11-04,119145.19119262695,78.36734771728516,119066.82384490967,SPY,1219
2011-11-07,119885.37805175781,78.36734771728516,119807.01070404053,SPY,1219
2011-11-08,121422.49248504639,78.36734771728516,121344.1251373291,SPY,1219
2011-11-09,116943.78909301758,78.36734771728516,116865.4217453003,SPY,1219
2011-11-10,118044.52734375,78.36734771728516,117966.15999603271,SPY,1219
2011-11-11,120264.9298171997,78.36734771728516,120186.56246948242,SPY,1219
2011-11-14,119126.25592041016,78.36734771728516,119047.88857269287,SPY,1219
2011-11-15,119714.5327911377,78.36734771728516,119636.16544342041,SPY,1219
2011-11-16,117816.76466369629,78.36734771728516,117738.397315979,SPY,1219
2011-11-17,115947.46454620361,78.36734771728516,115869.09719848633,SPY,1219
2011-11-18,115824.1248703003,78.36734771728516,115745.75752258301,SPY,1219
2011-11-21,113622.67626953125,78.36734771728516,113544.30892181396,SPY,1219
2011-11-22,113176.67434692383,78.36734771728516,113098.30699920654,SPY,1219
2011-11-23,110681.11521148682,78.36734771728516,110602.74786376953,SPY,1219
2011-11-25,110472.32500457764,78.36734771728516,110393.95765686035,SPY,1219
2011-11-28,113670.09815216064,78.36734771728516,113591.73080444336,SPY,1219
2011-11-29,113992.76969909668,78.36734771728516,113914.4023513794,SPY,1219
2011-11-30,118680.29119873047,78.36734771728516,118601.92385101318,SPY,1219
2011-12-01,118661.27222442627,78.36734771728516,118582.90487670898,SPY,1219
2011-12-02,118556.85852050781,78.36734771728516,118478.49117279053,SPY,1219
2011-12-05,119847.41450500488,78.36734771728516,119769.0471572876,SPY,1219
2011-12-06,119885.37805175781,78.36734771728516,119807.01070404053,SPY,1219
2011-12-07,120331.35207366943,78.36734771728516,120252.98472595215,SPY,1219
2011-12-08,117693.41568756104,78.36734771728516,117615.04833984375,SPY,1219
2011-12-09,119686.0740814209,78.36734771728516,119607.70673370361,SPY,1219
2011-12-12,117940.13224029541,78.36734771728516,117861.76489257812,SPY,1219
2011-12-13,116839.37538909912,78.36734771728516,116761.00804138184,SPY,1219
2011-12-14,115596.34358978271,78.36734771728516,115517.97624206543,SPY,1219
2011-12-15,116013.91470336914,78.36734771728516,115935.54735565186,SPY,1219
2011-12-16,116185.74578857422,78.36734771728516,116107.37844085693,SPY,1219
2011-12-19,114944.3973312378,78.36734771728516,114866.02998352051,SPY,1219
2011-12-20,118420.23811340332,78.36734771728516,118341.87076568604,SPY,1219
2011-12-21,118649.42372894287,78.36734771728516,118571.05638122559,SPY,1219
2011-12-22,119699.82912445068,78.36734771728516,119621.4617767334,SPY,1219
2011-12-23,120769.31859588623,78.36734771728516,120690.95124816895,SPY,1219
2011-12-27,120864.8226776123,78.36734771728516,120786.45532989502,SPY,1219
2011-12-28,119279.66324615479,78.36734771728516,119201.2958984375,SPY,1219
2011-12-29,120511.49756622314,78.36734771728516,120433.13021850586,SPY,1219
2011-12-30,119919.47270202637,78.36734771728516,119841.10535430908,SPY,1219
2012-01-03,121829.26602935791,78.36734771728516,121750.89868164062,SPY,1219
2012-01-04,122020.22769165039,78.36734771728516,121941.8603439331,SPY,1219
2012-01-05,122344.93598937988,78.36734771728516,122266.5686416626,SPY,1219
2012-01-06,122029.79763031006,78.36734771728516,121951.43028259277,SPY,1219
2012-01-09,122325.80541229248,78.36734771728516,122247.4380645752,SPY,1219
2012-01-10,123385.78074645996,78.36734771728516,123307.41339874268,SPY,1219
2012-01-11,123452.58431243896,78.36734771728516,123374.21696472168,SPY,1219
2012-01-12,123748.61999511719,78.36734771728516,123670.2526473999,SPY,1219
2012-01-13,123108.85704040527,78.36734771728516,123030.48969268799,SPY,1219
2012-01-17,123586.30304718018,78.36734771728516,123507.93569946289,SPY,1219
2012-01-18,124951.84680175781,78.36734771728516,124873.47945404053,SPY,1219
2012-01-19,125610.7031326294,78.36734771728516,125532.33578491211,SPY,1219
2012-01-20,126078.61640167236,78.36734771728516,126000.24905395508,SPY,1219
2012-01-23,125753.95460510254,78.36734771728516,125675.58725738525,SPY,1219
2012-01-24,125610.7031326294,78.36734771728516,125532.33578491211,SPY,1219
2012-01-25,126661.08992767334,78.36734771728516,126582.72257995605,SPY,1219
2012-01-26,126011.77563476562,78.36734771728516,125933.40828704834,SPY,1219
2012-01-27,125954.43970489502,78.36734771728516,125876.07235717773,SPY,1219
2012-01-30,125524.74108886719,78.36734771728516,125446.3737411499,SPY,1219
2012-01-31,125477.02159881592,78.36734771728516,125398.65425109863,SPY,1219
2012-02-01,126575.19298553467,78.36734771728516,126496.82563781738,SPY,1219
2012-02-02,126775.66878509521,78.36734771728516,126697.30143737793,SPY,1219
2012-02-03,128551.84568023682,78.36734771728516,128473.47833251953,SPY,1219
2012-02-06,128465.86503601074,78.36734771728516,128387.49768829346,SPY,1219
2012-02-07,128790.55473327637,78.36734771728516,128712.18738555908,SPY,1219
2012-02-08,129172.53385925293,78.36734771728516,129094.16651153564,SPY,1219
2012-02-09,129334.88800811768,78.36734771728516,129256.52066040039,SPY,1219
2012-02-10,128379.96809387207,78.36734771728516,128301.60074615479,SPY,1219
2012-02-13,129334.88800811768,78.36734771728516,129256.52066040039,SPY,1219
2012-02-14,129172.53385925293,78.36734771728516,129094.16651153564,SPY,1219
2012-02-15,128570.88325500488,78.36734771728516,128492.5159072876,SPY,1219
2012-02-16,129993.72573852539,78.36734771728516,129915.3583908081,SPY,1219
2012-02-17,130337.49951171875,78.36734771728516,130259.13216400146,SPY,1219
2012-02-21,130394.78894042969,78.36734771728516,130316.4215927124,SPY,1219
2012-02-22,129974.60446166992,78.36734771728516,129896.23711395264,SPY,1219
2012-02-23,130547.5824508667,78.36734771728516,130469.21510314941,SPY,1219
2012-02-24,130834.03889465332,78.36734771728516,130755.67154693604,SPY,1219
2012-02-27,131053.7103729248,78.36734771728516,130975.34302520752,SPY,1219
2012-02-28,131435.65229797363,78.36734771728516,131357.28495025635,SPY,1219
2012-02-29,130919.97303771973,78.36734771728516,130841.60569000244,SPY,1219
2012-03-01,131597.99714660645,78.36734771728516,131519.62979888916,SPY,1219
2012-03-02,131196.93394470215,78.36734771728516,131118.56659698486,SPY,1219
2012-03-05,130662.17060852051,78.36734771728516,130583.80326080322,SPY,1219
2012-03-06,128752.36798095703,78.36734771728516,128674.00063323975,SPY,1219
2012-03-07,129649.95196533203,78.36734771728516,129571.58461761475,SPY,1219
2012-03-08,130939.05711364746,78.36734771728516,130860.68976593018,SPY,1219
2012-03-09,131445.1943359375,78.36734771728516,131366.82698822021,SPY,1219
2012-03-12,131454.79217529297,78.36734771728516,131376.42482757568,SPY,1219
2012-03-13,133822.88233184814,78.36734771728516,133744.51498413086,SPY,1219
2012-03-14,133679.6866607666,78.36734771728516,133601.31931304932,SPY,1219
2012-03-15,134453.1590499878,78.36734771728516,134374.7917022705,SPY,1219
2012-03-16,134639.21949005127,78.36734771728516,134560.85214233398,SPY,1219
2012-03-19,135166.76584625244,78.36734771728516,135088.39849853516,SPY,1219
2012-03-20,134773.53343963623,78.36734771728516,134695.16609191895,SPY,1219
2012-03-21,134552.89473724365,78.36734771728516,134474.52738952637,SPY,1219
2012-03-22,133584.21977996826,78.36734771728516,133505.85243225098,SPY,1219
2012-03-23,134015.87144470215,78.36734771728516,133937.50409698486,SPY,1219
2012-03-26,135895.62502288818,78.36734771728516,135817.2576751709,SPY,1219
2012-03-27,135473.65489959717,78.36734771728516,135395.28755187988,SPY,1219
2012-03-28,134802.2897567749,78.36734771728516,134723.92240905762,SPY,1219
2012-03-29,134572.1462173462,78.36734771728516,134493.7788696289,SPY,1219
2012-03-30,135128.39308929443,78.36734771728516,135050.02574157715,SPY,1219
2012-04-02,136116.23582458496,78.36734771728516,136037.86847686768,SPY,1219
2012-04-03,135559.99825286865,78.36734771728516,135481.63090515137,SPY,1219
2012-04-04,134217.24006652832,78.36734771728516,134138.87271881104,SPY,1219
2012-04-05,134150.09239196777,78.36734771728516,134071.7250442505,SPY,1219
2012-04-09,132644.3197402954,78.36734771728516,132565.95239257812,SPY,1219
2012-04-10,130419.2113494873,78.36734771728516,130340.84400177002,SPY,1219
2012-04-11,131474.25756072998,78.36734771728516,131395.8902130127,SPY,1219
2012-04-12,133190.95947265625,78.36734771728516,133112.59212493896,SPY,1219
2012-04-13,131608.5064086914,78.36734771728516,131530.13906097412,SPY,1219
2012-04-16,131522.153755188,78.36734771728516,131443.7864074707,SPY,1219
2012-04-17,133469.12940979004,78.36734771728516,133390.76206207275,SPY,1219
2012-04-18,133018.39366912842,78.36734771728516,132940.02632141113,SPY,1219
2012-04-19,132164.79978179932,78.36734771728516,132086.43243408203,SPY,1219
2012-04-20,132385.36408233643,78.36734771728516,132306.99673461914,SPY,1219
2012-04-23,131272.79593658447,78.36734771728516,131194.4285888672,SPY,1219
2012-04-24,131771.53017425537,78.36734771728516,131693.1628265381,SPY,1219
2012-04-25,133574.6498413086,78.36734771728516,133496.2824935913,SPY,1219
2012-04-26,134504.97064208984,78.36734771728516,134426.60329437256,SPY,1219
2012-04-27,134725.5721435547,78.36734771728516,134647.2047958374,SPY,1219
2012-04-30,134226.8379058838,78.36734771728516,134148.4705581665,SPY,1219
2012-05-01,135061.2175140381,78.36734771728516,134982.8501663208,SPY,1219
2012-05-02,134658.443069458,78.36734771728516,134580.07572174072,SPY,1219
2012-05-03,133632.153175354,78.36734771728516,133553.78582763672,SPY,1219
2012-05-04,131474.25756072998,78.36734771728516,131395.8902130127,SPY,1219
2012-05-07,131570.14295196533,78.36734771728516,131491.77560424805,SPY,1219
2012-05-08,131042.68029785156,78.36734771728516,130964.31295013428,SPY,1219
2012-05-09,130265.77612304688,78.36734771728516,130187.40877532959,SPY,1219
2012-05-10,130534.31101989746,78.36734771728516,130455.94367218018,SPY,1219
2012-05-11,130141.06931304932,78.36734771728516,130062.70196533203,SPY,1219
2012-05-14,128702.4164352417,78.36734771728516,128624.04908752441,SPY,1219
2012-05-15,127963.88501739502,78.36734771728516,127885.51766967773,SPY,1219
2012-05-16,127474.81372070312,78.36734771728516,127396.44637298584,SPY,1219
2012-05-17,125585.37860107422,78.36734771728516,125507.01125335693,SPY,1219
2012-05-18,124511.18321228027,78.36734771728516,124432.81586456299,SPY,1219
2012-05-21,126650.0319519043,78.36734771728516,126571.66460418701,SPY,1219
2012-05-22,126870.58695220947,78.36734771728516,126792.21960449219,SPY,1219
2012-05-23,126937.73462677002,78.36734771728516,126859.36727905273,SPY,1219
2012-05-24,127187.06454467773,78.36734771728516,127108.69719696045,SPY,1219
2012-05-25,126774.68296051025,78.36734771728516,126696.31561279297,SPY,1219
2012-05-29,128309.21192932129,78.36734771728516,128230.844581604,SPY,1219
2012-05-30,126448.55172729492,78.36734771728516,126370.18437957764,SPY,1219
2012-05-31,126170.44689178467,78.36734771728516,126092.07954406738,SPY,1219
2012-06-01,122995.83132171631,78.36734771728516,122917.46397399902,SPY,1219
2012-06-04,122938.3000869751,78.36734771728516,122859.93273925781,SPY,1219
2012-06-05,123868.59298706055,78.36734771728516,123790.22563934326,SPY,1219
2012-06-06,126650.0319519043,78.36734771728516,126571.66460418701,SPY,1219
2012-06-07,126726.74026489258,78.36734771728516,126648.3729171753,SPY,1219
2012-06-08,127733.74147796631,78.36734771728516,127655.37413024902,SPY,1219
2012-06-11,126112.90635681152,78.36734771728516,126034.53900909424,SPY,1219
2012-06-12,127561.06407165527,78.36734771728516,127482.69672393799,SPY,1219
2012-06-13,126745.88944244385,78.36734771728516,126667.52209472656,SPY,1219
2012-06-14,128088.61042785645,78.36734771728516,128010.24308013916,SPY,1219
2012-06-15,129397.83197784424,78.36734771728516,129319.46463012695,SPY,1219
2012-06-18,129648.48252868652,78.36734771728516,129570.11518096924,SPY,1219
2012-06-19,130901.79108428955,78.36734771728516,130823.42373657227,SPY,1219
2012-06-20,130689.69929504395,78.36734771728516,130611.33194732666,SPY,1219
2012-06-21,127758.90790557861,78.36734771728516,127680.54055786133,SPY,1219
2012-06-22,128742.25862884521,78.36734771728516,128663.89128112793,SPY,1219
2012-06-25,126679.16027832031,78.36734771728516,126600.79293060303,SPY,1219
2012-06-26,127315.40774536133,78.36734771728516,127237.04039764404,SPY,1219
2012-06-27,128462.68435668945,78.36734771728516,128384.31700897217,SPY,1219
2012-06-28,128096.3482208252,78.36734771728516,128017.98087310791,SPY,1219
2012-06-29,131287.3414993286,78.36734771728516,131208.97415161133,SPY,1219
2012-07-02,131682.67575836182,78.36734771728516,131604.30841064453,SPY,1219
2012-07-03,132550.29439544678,78.36734771728516,132471.9270477295,SPY,1219
2012-07-05,131952.58708953857,78.36734771728516,131874.2197418213,SPY,1219
2012-07-06,130699.29713439941,78.36734771728516,130620.92978668213,SPY,1219
2012-07-09,130535.41774749756,78.36734771728516,130457.05039978027,SPY,1219
2012-07-10,129397.83197784424,78.36734771728516,129319.46463012695,SPY,1219
2012-07-11,129417.06485748291,78.36734771728516,129338.69750976562,SPY,1219
2012-07-12,128790.43383026123,78.36734771728516,128712.06648254395,SPY,1219
2012-07-13,130949.92908477783,78.36734771728516,130871.56173706055,SPY,1219
2012-07-16,130641.44039154053,78.36734771728516,130563.07304382324,SPY,1219
2012-07-17,131538.03855133057,78.36734771728516,131459.67120361328,SPY,1219
2012-07-18,132511.71703338623,78.36734771728516,132433.34968566895,SPY,1219
2012-07-19,132858.81098937988,78.36734771728516,132780.4436416626,SPY,1219
2012-07-20,131644.0797958374,78.36734771728516,131565.71244812012,SPY,1219
2012-07-23,130313.67231750488,78.36734771728516,130235.3049697876,SPY,1219
2012-07-24,129195.3659286499,78.36734771728516,129116.99858093262,SPY,1219
2012-07-25,129224.30825042725,78.36734771728516,129145.94090270996,SPY,1219
2012-07-26,131354.84258270264,78.36734771728516,131276.47523498535,SPY,1219
2012-07-27,133774.63272857666,78.36734771728516,133696.26538085938,SPY,1219
2012-07-30,133774.63272857666,78.36734771728516,133696.26538085938,SPY,1219
2012-07-31,132839.5502090454,78.36734771728516,132761.18286132812,SPY,1219
2012-08-01,132723.87392425537,78.36734771728516,132645.5065765381,SPY,1219
2012-08-02,131807.97778320312,78.36734771728516,131729.61043548584,SPY,1219
2012-08-03,134420.58963775635,78.36734771728516,134342.22229003906,SPY,1219
2012-08-06,134680.90312957764,78.36734771728516,134602.53578186035,SPY,1219
2012-08-07,135355.7279586792,78.36734771728516,135277.3606109619,SPY,1219
2012-08-08,135519.60734558105,78.36734771728516,135441.23999786377,SPY,1219
2012-08-09,135635.3394317627,78.36734771728516,135556.9720840454,SPY,1219
2012-08-10,135857.04766082764,78.36734771728516,135778.68031311035,SPY,1219
2012-08-13,135789.5465774536,78.36734771728516,135711.17922973633,SPY,1219
2012-08-14,135808.8631591797,78.36734771728516,135730.4958114624,SPY,1219
2012-08-15,135963.0982055664,78.36734771728516,135884.73085784912,SPY,1219
2012-08-16,136965.73760986328,78.36734771728516,136887.370262146,SPY,1219
2012-08-17,137148.88707733154,78.36734771728516,137070.51972961426,SPY,1219
2012-08-20,137158.53141784668,78.36734771728516,137080.1640701294,SPY,1219
2012-08-21,136743.97357940674,78.36734771728516,136665.60623168945,SPY,1219
2012-08-22,136801.86752319336,78.36734771728516,136723.50017547607,SPY,1219
2012-08-23,135683.53323364258,78.36734771728516,135605.1658859253,SPY,1219
2012-08-24,136502.97666931152,78.36734771728516,136424.60932159424,SPY,1219
2012-08-27,136531.93759155273,78.36734771728516,136453.57024383545,SPY,1219
2012-08-28,136396.9354248047,78.36734771728516,136318.5680770874,SPY,1219
2012-08-29,136502.97666931152,78.36734771728516,136424.60932159424,SPY,1219
2012-08-30,135519.60734558105,78.36734771728516,135441.23999786377,SPY,1219
2012-08-31,136165.51775360107,78.36734771728516,136087.1504058838,SPY,1219
2012-09-04,136040.2250289917,78.36734771728516,135961.8576812744,SPY,1219
2012-09-05,135924.57664489746,78.36734771728516,135846.20929718018,SPY,1219
2012-09-06,138681.81640625,78.36734771728516,138603.44905853271,SPY,1219
2012-09-07,139221.63906860352,78.36734771728516,139143.27172088623,SPY,1219
2012-09-10,138431.10075378418,78.36734771728516,138352.7334060669,SPY,1219
2012-09-11,138816.76277160645,78.36734771728516,138738.39542388916,SPY,1219
2012-09-12,139279.47721099854,78.36734771728516,139201.10986328125,SPY,1219
2012-09-13,141400.38580322266,78.36734771728516,141322.01845550537,SPY,1219
2012-09-14,142027.08193206787,78.36734771728516,141948.7145843506,SPY,1219
2012-09-17,141545.06951141357,78.36734771728516,141466.7021636963,SPY,1219
2012-09-18,141429.30952453613,78.36734771728516,141350.94217681885,SPY,1219
2012-09-19,141506.40844726562,78.36734771728516,141428.04109954834,SPY,1219
2012-09-20,141516.1457901001,78.36734771728516,141437.7784423828,SPY,1219
2012-09-21,141457.00561523438,78.36734771728516,141378.6382675171,SPY,1219
2012-09-24,141243.74199676514,78.36734771728516,141165.37464904785,SPY,1219
2012-09-25,139741.4941329956,78.36734771728516,139663.12678527832,SPY,1219
2012-09-26,138956.39645385742,78.36734771728516,138878.02910614014,SPY,1219
2012-09-27,140264.85538482666,78.36734771728516,140186.48803710938,SPY,1219
2012-09-28,139615.43878936768,78.36734771728516,139537.0714416504,SPY,1219
2012-10-01,139983.8116760254,78.36734771728516,139905.4443283081,SPY,1219
2012-10-02,140129.1557006836,78.36734771728516,140050.7883529663,SPY,1219
2012-10-03,140701.0362625122,78.36734771728516,140622.66891479492,SPY,1219
2012-10-04,141708.97679901123,78.36734771728516,141630.60945129395,SPY,1219
2012-10-05,141718.66764068604,78.36734771728516,141640.30029296875,SPY,1219
2012-10-08,141234.1255569458,78.36734771728516,141155.75820922852,SPY,1219
2012-10-09,139838.40254974365,78.36734771728516,139760.03520202637,SPY,1219
2012-10-10,138946.73351287842,78.36734771728516,138868.36616516113,SPY,1219
2012-10-11,139024.26024627686,78.36734771728516,138945.89289855957,SPY,1219
2012-10-12,138568.6976852417,78.36734771728516,138490.3303375244,SPY,1219
2012-10-15,139722.12174987793,78.36734771728516,139643.75440216064,SPY,1219
2012-10-16,141137.09623718262,78.36734771728516,141058.72888946533,SPY,1219
2012-10-17,141776.80339050293,78.36734771728516,141698.43604278564,SPY,1219
2012-10-18,141408.51420593262,78.36734771728516,141330.14685821533,SPY,1219
2012-10-19,139053.35137176514,78.36734771728516,138974.98402404785,SPY,1219
2012-10-22,139072.71445465088,78.36734771728516,138994.3471069336,SPY,1219
2012-10-23,137144.01375579834,78.36734771728516,137065.64640808105,SPY,1219
2012-10-24,136756.31498718262,78.36734771728516,136677.94763946533,SPY,1219
2012-10-25,137153.6394958496,78.36734771728516,137075.27214813232,SPY,1219
2012-10-26,137076.19646453857,78.36734771728516,136997.8291168213,SPY,1219
2012-10-31,137076.19646453857,78.36734771728516,136997.8291168213,SPY,1219
2012-11-01,138510.5619354248,78.36734771728516,138432.19458770752,SPY,1219
2012-11-02,137279.6576385498,78.36734771728516,137201.29029083252,SPY,1219
2012-11-05,137560.75714874268,78.36734771728516,137482.3898010254,SPY,1219
2012-11-06,138636.580078125,78.36734771728516,138558.21273040771,SPY,1219
2012-11-07,135496.27306365967,78.36734771728516,135417.90571594238,SPY,1219
2012-11-08,133868.09075927734,78.36734771728516,133789.72341156006,SPY,1219
2012-11-09,133984.36225891113,78.36734771728516,133905.99491119385,SPY,1219
2012-11-12,134090.98941802979,78.36734771728516,134012.6220703125,SPY,1219
2012-11-13,133625.74531555176,78.36734771728516,133547.37796783447,SPY,1219
2012-11-14,131823.04415893555,78.36734771728516,131744.67681121826,SPY,1219
2012-11-15,131600.09899902344,78.36734771728516,131521.73165130615,SPY,1219
2012-11-16,132249.45979309082,78.36734771728516,132171.09244537354,SPY,1219
2012-11-19,134924.52270507812,78.36734771728516,134846.15535736084,SPY,1219
2012-11-20,134982.66775512695,78.36734771728516,134904.30040740967,SPY,1219
2012-11-21,135234.62033843994,78.36734771728516,135156.25299072266,SPY,1219
2012-11-23,137076.19646453857,78.36734771728516,136997.8291168213,SPY,1219
2012-11-26,136785.3782119751,78.36734771728516,136707.0108642578,SPY,1219
2012-11-27,136087.55390930176,78.36734771728516,136009.18656158447,SPY,1219
2012-11-28,137182.7585220337,78.36734771728516,137104.3911743164,SPY,1219
2012-11-29,137822.4377746582,78.36734771728516,137744.07042694092,SPY,1219
2012-11-30,137851.48239898682,78.36734771728516,137773.11505126953,SPY,1219
2012-12-03,137173.03047943115,78.36734771728516,137094.66313171387,SPY,1219
2012-12-04,136979.23224639893,78.36734771728516,136900.86489868164,SPY,1219
2012-12-05,137221.5218887329,78.36734771728516,137143.15454101562,SPY,1219
2012-12-06,137686.77529144287,78.36734771728516,137608.4079437256,SPY,1219
2012-12-07,138103.5186843872,78.36734771728516,138025.15133666992,SPY,1219
2012-12-10,138161.6544342041,78.36734771728516,138083.28708648682,SPY,1219
2012-12-11,139101.82418060303,78.36734771728516,139023.45683288574,SPY,1219
2012-12-12,139169.65077209473,78.36734771728516,139091.28342437744,SPY,1219
2012-12-13,138316.70790100098,78.36734771728516,138238.3405532837,SPY,1219
2012-12-14,137803.0560913086,78.36734771728516,137724.6887435913,SPY,1219
2012-12-17,139421.71495819092,78.36734771728516,139343.34761047363,SPY,1219
2012-12-18,140972.3984298706,78.36734771728516,140894.03108215332,SPY,1219
2012-12-19,139925.61082458496,78.36734771728516,139847.24347686768,SPY,1219
2012-12-20,140730.0436859131,78.36734771728516,140651.6763381958,SPY,1219
2012-12-21,139453.36364746094,78.36734771728516,139374.99629974365,SPY,1219
2012-12-24,139023.8882369995,78.36734771728516,138945.52088928223,SPY,1219
2012-12-26,138438.2247314453,78.36734771728516,138359.85738372803,SPY,1219
2012-12-27,138252.75020599365,78.36734771728516,138174.38285827637,SPY,1219
2012-12-28,136759.3840637207,78.36734771728516,136681.01671600342,SPY,1219
2012-12-31,139082.45179748535,78.36734771728516,139004.08444976807,SPY,1219
2013-01-02,142645.11024475098,78.36734771728516,142566.7428970337,SPY,1219
2013-01-03,142323.02461242676,78.36734771728516,142244.65726470947,SPY,1219
2013-01-04,142947.76769256592,78.36734771728516,142869.40034484863,SPY,1219
2013-01-07,142557.27885437012,78.36734771728516,142478.91150665283,SPY,1219
2013-01-08,142147.34323120117,78.36734771728516,142068.9758834839,SPY,1219
2013-01-09,142508.44333648682,78.36734771728516,142430.07598876953,SPY,1219
2013-01-10,143640.77447509766,78.36734771728516,143562.40712738037,SPY,1219
2013-01-11,143630.99993133545,78.36734771728516,143552.63258361816,SPY,1219
2013-01-14,143533.36609649658,78.36734771728516,143454.9987487793,SPY,1219
2013-01-15,143630.99993133545,78.36734771728516,143552.63258361816,SPY,1219
2013-01-16,143611.4973449707,78.36734771728516,143533.12999725342,SPY,1219
2013-01-17,144538.79557037354,78.36734771728516,144460.42822265625,SPY,1219
2013-01-18,144860.87190246582,78.36734771728516,144782.50455474854,SPY,1219
2013-01-22,145641.77517700195,78.36734771728516,145563.40782928467,SPY,1219
2013-01-23,145875.98291778564,78.36734771728516,145797.61557006836,SPY,1219
2013-01-24,145915.02529144287,78.36734771728516,145836.6579437256,SPY,1219
2013-01-25,146734.9337387085,78.36734771728516,146656.5663909912,SPY,1219
2013-01-28,146559.24305725098,78.36734771728516,146480.8757095337,SPY,1219
2013-01-29,147135.1413192749,78.36734771728516,147056.77397155762,SPY,1219
2013-01-30,146559.24305725098,78.36734771728516,146480.8757095337,SPY,1219
2013-01-31,146198.1057510376,78.36734771728516,146119.7384033203,SPY,1219
2013-02-01,147701.1999359131,78.36734771728516,147622.8325881958,SPY,1219
2013-02-04,146041.95485687256,78.36734771728516,145963.58750915527,SPY,1219
2013-02-05,147515.79051208496,78.36734771728516,147437.42316436768,SPY,1219
2013-02-06,147623.22679138184,78.36734771728516,147544.85944366455,SPY,1219
2013-02-07,147427.94052124023,78.36734771728516,147349.57317352295,SPY,1219
2013-02-08,148247.8861694336,78.36734771728516,148169.5188217163,SPY,1219
2013-02-11,148218.5718383789,78.36734771728516,148140.20449066162,SPY,1219
2013-02-12,148462.6099243164,78.36734771728516,148384.24257659912,SPY,1219
2013-02-13,148589.53018951416,78.36734771728516,148511.16284179688,SPY,1219
2013-02-14,148726.12269592285,78.36734771728516,148647.75534820557,SPY,1219
2013-02-15,148550.44131469727,78.36734771728516,148472.07396697998,SPY,1219
2013-02-19,149663.20476531982,78.36734771728516,149584.83741760254,SPY,1219
2013-02-20,147798.8988723755,78.36734771728516,147720.5315246582,SPY,1219
2013-02-21,146900.85917663574,78.36734771728516,146822.49182891846,SPY,1219
2013-02-22,148335.71755981445,78.36734771728516,148257.35021209717,SPY,1219
2013-02-25,145514.84561157227,78.36734771728516,145436.47826385498,SPY,1219
2013-02-26,146510.42613983154,78.36734771728516,146432.05879211426,SPY,1219
2013-02-27,148355.2759475708,78.36734771728516,148276.90859985352,SPY,1219
2013-02-28,148062.43954467773,78.36734771728516,147984.07219696045,SPY,1219
2013-03-01,148550.44131469727,78.36734771728516,148472.07396697998,SPY,1219
2013-03-04,149341.08193206787,78.36734771728516,149262.7145843506,SPY,1219
2013-03-05,150678.34368133545,78.36734771728516,150599.97633361816,SPY,1219
2013-03-06,150883.3300933838,78.36734771728516,150804.9627456665,SPY,1219
2013-03-07,151156.5802078247,78.36734771728516,151078.21286010742,SPY,1219
2013-03-08,151800.78867340088,78.36734771728516,151722.4213256836,SPY,1219
2013-03-11,152376.7148361206,78.36734771728516,152298.34748840332,SPY,1219
2013-03-12,152035.08011627197,78.36734771728516,151956.7127685547,SPY,1219
2013-03-13,152249.82247161865,78.36734771728516,152171.45512390137,SPY,1219
2013-03-14,153059.9098739624,78.36734771728516,152981.54252624512,SPY,1219
2013-03-15,152857.9553375244,78.36734771728516,152779.58798980713,SPY,1219
2013-03-18,152014.8521118164,78.36734771728516,151936.48476409912,SPY,1219
2013-03-19,151661.88970947266,78.36734771728516,151583.52236175537,SPY,1219
2013-03-20,152720.76761627197,78.36734771728516,152642.4002685547,SPY,1219
2013-03-21,151416.76349639893,78.36734771728516,151338.39614868164,SPY,1219
2013-03-22,152632.49911499023,78.36734771728516,152554.13176727295,SPY,1219
2013-03-25,151995.2193222046,78.36734771728516,151916.8519744873,SPY,1219
2013-03-26,153210.91773986816,78.36734771728516,153132.55039215088,SPY,1219
2013-03-27,153210.91773986816,78.36734771728516,153132.55039215088,SPY,1219
2013-03-28,153681.50017547607,78.36734771728516,153603.1328277588,SPY,1219
2013-04-01,153073.71141815186,78.36734771728516,152995.34407043457,SPY,1219
2013-04-02,153828.61124420166,78.36734771728516,153750.24389648438,SPY,1219
2013-04-03,152269.7435684204,78.36734771728516,152191.37622070312,SPY,1219
2013-04-04,152887.34407043457,78.36734771728516,152808.97672271729,SPY,1219
2013-04-05,152201.0799560547,78.36734771728516,152122.7126083374,SPY,1219
2013-04-08,153230.57843017578,78.36734771728516,153152.2110824585,SPY,1219
2013-04-09,153759.98483276367,78.36734771728516,153681.6174850464,SPY,1219
2013-04-10,155642.40757751465,78.36734771728516,155564.04022979736,SPY,1219
2013-04-11,156152.2555923462,78.36734771728516,156073.8882446289,SPY,1219
2013-04-12,155769.82075500488,78.36734771728516,155691.4534072876,SPY,1219
2013-04-15,152161.88877868652,78.36734771728516,152083.52143096924,SPY,1219
2013-04-16,154407.03916931152,78.36734771728516,154328.67182159424,SPY,1219
2013-04-17,152152.09563446045,78.36734771728516,152073.72828674316,SPY,1219
2013-04-18,151201.02601623535,78.36734771728516,151122.65866851807,SPY,1219
2013-04-19,152514.8325805664,78.36734771728516,152436.46523284912,SPY,1219
2013-04-22,153191.28495025635,78.36734771728516,153112.91760253906,SPY,1219
2013-04-23,154769.85981750488,78.36734771728516,154691.4924697876,SPY,1219
2013-04-24,154867.8656616211,78.36734771728516,154789.4983139038,SPY,1219
2013-04-25,155495.31510925293,78.36734771728516,155416.94776153564,SPY,1219
2013-04-26,155220.83736419678,78.36734771728516,155142.4700164795,SPY,1219
2013-04-29,156260.0638809204,78.36734771728516,156181.69653320312,SPY,1219
2013-04-30,156632.59397125244,78.36734771728516,156554.22662353516,SPY,1219
2013-05-01,155260.019241333,78.36734771728516,155181.65189361572,SPY,1219
2013-05-02,156701.2110824585,78.36734771728516,156622.8437347412,SPY,1219
2013-05-03,158289.56049346924,78.36734771728516,158211.19314575195,SPY,1219
2013-05-06,158691.4979171753,78.36734771728516,158613.130569458,SPY,1219
2013-05-07,159495.4843673706,78.36734771728516,159417.11701965332,SPY,1219
2013-05-08,160220.99546051025,78.36734771728516,160142.62811279297,SPY,1219
2013-05-09,159770.00861358643,78.36734771728516,159691.64126586914,SPY,1219
2013-05-10,160289.59397125244,78.36734771728516,160211.22662353516,SPY,1219
2013-05-13,160417.100151062,78.36734771728516,160338.73280334473,SPY,1219
2013-05-14,162074.02947235107,78.36734771728516,161995.6621246338,SPY,1219
2013-05-15,162946.55863189697,78.36734771728516,162868.1912841797,SPY,1219
2013-05-16,162181.87496185303,78.36734771728516,162103.50761413574,SPY,1219
2013-05-17,163750.52648162842,78.36734771728516,163672.15913391113,SPY,1219
2013-05-20,163740.70543670654,78.36734771728516,163662.33808898926,SPY,1219
2013-05-21,163975.9827041626,78.36734771728516,163897.6153564453,SPY,1219
2013-05-22,162760.31218719482,78.36734771728516,162681.94483947754,SPY,1219
2013-05-23,162289.66464996338,78.36734771728516,162211.2973022461,SPY,1219
2013-05-24,162152.39322662354,78.36734771728516,162074.02587890625,SPY,1219
2013-05-28,163123.09563446045,78.36734771728516,163044.72828674316,SPY,1219
2013-05-29,162064.1526260376,78.36734771728516,161985.7852783203,SPY,1219
2013-05-30,162662.15753936768,78.36734771728516,162583.7901916504,SPY,1219
2013-05-31,160328.80374908447,78.36734771728516,160250.4364013672,SPY,1219
2013-06-03,161211.24695587158,78.36734771728516,161132.8796081543,SPY,1219
2013-06-04,160436.6678390503,78.36734771728516,160358.300491333,SPY,1219
2013-06-05,158191.49884796143,78.36734771728516,158113.13150024414,SPY,1219
2013-06-06,159622.87894439697,78.36734771728516,159544.5115966797,SPY,1219
2013-06-07,161652.39415740967,78.36734771728516,161574.02680969238,SPY,1219
2013-06-10,161652.39415740967,78.36734771728516,161574.02680969238,SPY,1219
2013-06-11,159985.73679351807,78.36734771728516,159907.36944580078,SPY,1219
2013-06-12,158662.0719833374,78.36734771728516,158583.70463562012,SPY,1219
2013-06-13,161073.97553253174,78.36734771728516,160995.60818481445,SPY,1219
2013-06-14,160064.10054779053,78.36734771728516,159985.73320007324,SPY,1219
2013-06-17,161299.5061569214,78.36734771728516,161221.1388092041,SPY,1219
2013-06-18,162574.00994110107,78.36734771728516,162495.6425933838,SPY,1219
2013-06-19,160328.80374908447,78.36734771728516,160250.4364013672,SPY,1219
2013-06-20,156358.10692596436,78.36734771728516,156279.73957824707,SPY,1219
2013-06-21,156859.83583831787,78.36734771728516,156781.4684906006,SPY,1219
2013-06-24,154878.73763275146,78.36734771728516,154800.37028503418,SPY,1219
2013-06-25,156366.99794769287,78.36734771728516,156288.6305999756,SPY,1219
2013-06-26,157914.40773773193,78.36734771728516,157836.04039001465,SPY,1219
2013-06-27,158840.8596420288,78.36734771728516,158762.49229431152,SPY,1219
2013-06-28,158190.34561920166,78.36734771728516,158111.97827148438,SPY,1219
2013-07-01,159116.83472442627,78.36734771728516,159038.46737670898,SPY,1219
2013-07-02,158969.05403900146,78.36734771728516,158890.68669128418,SPY,1219
2013-07-03,159037.95015716553,78.36734771728516,158959.58280944824,SPY,1219
2013-07-05,160752.96872711182,78.36734771728516,160674.60137939453,SPY,1219
2013-07-08,161669.56238555908,78.36734771728516,161591.1950378418,SPY,1219
2013-07-09,162832.59358978271,78.36734771728516,162754.22624206543,SPY,1219
2013-07-10,162891.70586395264,78.36734771728516,162813.33851623535,SPY,1219
2013-07-11,165109.3833694458,78.36734771728516,165031.01602172852,SPY,1219
2013-07-12,165178.33528900146,78.36734771728516,165099.96794128418,SPY,1219
2013-07-15,165809.188621521,78.36734771728516,165730.8212738037,SPY,1219
2013-07-16,165188.21213531494,78.36734771728516,165109.84478759766,SPY,1219
2013-07-17,165612.0795059204,78.36734771728516,165533.71215820312,SPY,1219
2013-07-18,166518.81491851807,78.36734771728516,166440.44757080078,SPY,1219
2013-07-19,166814.48789215088,78.36734771728516,166736.1205444336,SPY,1219
2013-07-22,167139.73560333252,78.36734771728516,167061.36825561523,SPY,1219
2013-07-23,166784.93175506592,78.36734771728516,166706.56440734863,SPY,1219
2013-07-24,166173.77631378174,78.36734771728516,166095.40896606445,SPY,1219
2013-07-25,166577.88999176025,78.36734771728516,166499.52264404297,SPY,1219
2013-07-26,166755.28261566162,78.36734771728516,166676.91526794434,SPY,1219
2013-07-29,166242.85843658447,78.36734771728516,166164.4910888672,SPY,1219
2013-07-30,166242.85843658447,78.36734771728516,166164.4910888672,SPY,1219
2013-07-31,166361.10158538818,78.36734771728516,166282.7342376709,SPY,1219
2013-08-01,168283.1247177124,78.36734771728516,168204.75736999512,SPY,1219
2013-08-02,168568.84644317627,78.36734771728516,168490.47909545898,SPY,1219
2013-08-05,168322.4646987915,78.36734771728516,168244.09735107422,SPY,1219
2013-08-06,167366.40085601807,78.36734771728516,167288.03350830078,SPY,1219
2013-08-07,166824.27173614502,78.36734771728516,166745.90438842773,SPY,1219
2013-08-08,167435.44577789307,78.36734771728516,167357.07843017578,SPY,1219
2013-08-09,166952.42893218994,78.36734771728516,166874.06158447266,SPY,1219
2013-08-12,166755.28261566162,78.36734771728516,166676.91526794434,SPY,1219
2013-08-13,167248.10190582275,78.36734771728516,167169.73455810547,SPY,1219
2013-08-14,166390.71352386475,78.36734771728516,166312.34617614746,SPY,1219
2013-08-15,164064.576713562,78.36734771728516,163986.20936584473,SPY,1219
2013-08-16,163522.4847946167,78.36734771728516,163444.1174468994,SPY,1219
2013-08-19,162477.82694244385,78.36734771728516,162399.45959472656,SPY,1219
2013-08-20,163276.1216506958,78.36734771728516,163197.75430297852,SPY,1219
2013-08-21,162270.74797821045,78.36734771728516,162192.38063049316,SPY,1219
2013-08-22,163749.20584869385,78.36734771728516,163670.83850097656,SPY,1219
2013-08-23,164301.0816116333,78.36734771728516,164222.71426391602,SPY,1219
2013-08-26,163690.07497406006,78.36734771728516,163611.70762634277,SPY,1219
2013-08-27,161058.53714752197,78.36734771728516,160980.1697998047,SPY,1219
2013-08-28,161630.16660308838,78.36734771728516,161551.7992553711,SPY,1219
2013-08-29,161886.40659332275,78.36734771728516,161808.03924560547,SPY,1219
2013-08-30,161373.94521331787,78.36734771728516,161295.5778656006,SPY,1219
2013-09-03,162103.19499969482,78.36734771728516,162024.82765197754,SPY,1219
2013-09-04,163443.61882781982,78.36734771728516,163365.25148010254,SPY,1219
2013-09-05,163650.64199066162,78.36734771728516,163572.27464294434,SPY,1219
2013-09-06,163729.47075653076,78.36734771728516,163651.10340881348,SPY,1219
2013-09-09,165296.6156387329,78.36734771728516,165218.24829101562,SPY,1219
2013-09-10,166518.81491851807,78.36734771728516,166440.44757080078,SPY,1219
2013-09-11,167041.15314483643,78.36734771728516,166962.78579711914,SPY,1219
2013-09-12,166597.5878829956,78.36734771728516,166519.22053527832,SPY,1219
2013-09-13,166972.20122528076,78.36734771728516,166893.83387756348,SPY,1219
2013-09-16,167938.0675125122,78.36734771728516,167859.70016479492,SPY,1219
2013-09-17,168687.18259429932,78.36734771728516,168608.81524658203,SPY,1219
2013-09-18,170638.63166046143,78.36734771728516,170560.26431274414,SPY,1219
2013-09-19,170352.76113128662,78.36734771728516,170274.39378356934,SPY,1219
2013-09-20,169162.38724517822,78.36734771728516,169084.01989746094,SPY,1219
2013-09-23,168379.86573028564,78.36734771728516,168301.49838256836,SPY,1219
2013-09-24,167983.7688522339,78.36734771728516,167905.4015045166,SPY,1219
2013-09-25,167498.4083480835,78.36734771728516,167420.0410003662,SPY,1219
2013-09-26,168142.2076034546,78.36734771728516,168063.8402557373,SPY,1219
2013-09-27,167369.63733673096,78.36734771728516,167291.26998901367,SPY,1219
2013-09-30,166478.34030914307,78.36734771728516,166399.97296142578,SPY,1219
2013-10-01,167795.58795928955,78.36734771728516,167717.22061157227,SPY,1219
2013-10-02,167637.07480621338,78.36734771728516,167558.7074584961,SPY,1219
2013-10-03,166092.02727508545,78.36734771728516,166013.65992736816,SPY,1219
2013-10-04,167349.86504364014,78.36734771728516,167271.49769592285,SPY,1219
2013-10-07,165903.90218353271,78.36734771728516,165825.53483581543,SPY,1219
2013-10-08,163972.61602020264,78.36734771728516,163894.24867248535,SPY,1219
2013-10-09,164091.43578338623,78.36734771728516,164013.06843566895,SPY,1219
2013-10-10,167627.21656036377,78.36734771728516,167548.84921264648,SPY,1219
2013-10-11,168706.78748321533,78.36734771728516,168628.42013549805,SPY,1219
2013-10-14,169380.2544784546,78.36734771728516,169301.8871307373,SPY,1219
2013-10-15,168152.15885162354,78.36734771728516,168073.79150390625,SPY,1219
2013-10-16,170499.3699874878,78.36734771728516,170421.0026397705,SPY,1219
2013-10-17,171638.40659332275,78.36734771728516,171560.03924560547,SPY,1219
2013-10-18,172797.19689178467,78.36734771728516,172718.82954406738,SPY,1219
2013-10-21,172807.07373809814,78.36734771728516,172728.70639038086,SPY,1219
2013-10-22,173807.4066848755,78.36734771728516,173729.0393371582,SPY,1219
2013-10-23,172975.42653656006,78.36734771728516,172897.05918884277,SPY,1219
2013-10-24,173549.920463562,78.36734771728516,173471.55311584473,SPY,1219
2013-10-25,174342.26302337646,78.36734771728516,174263.89567565918,SPY,1219
2013-10-28,174619.54013824463,78.36734771728516,174541.17279052734,SPY,1219
2013-10-29,175550.54915618896,78.36734771728516,175472.18180847168,SPY,1219
2013-10-30,174678.95001983643,78.36734771728516,174600.58267211914,SPY,1219
2013-10-31,174183.7498703003,78.36734771728516,174105.382522583,SPY,1219
2013-11-01,174599.69344329834,78.36734771728516,174521.32609558105,SPY,1219
2013-11-04,175213.78775787354,78.36734771728516,175135.42041015625,SPY,1219
2013-11-05,174659.14052581787,78.36734771728516,174580.7731781006,SPY,1219
2013-11-06,175550.54915618896,78.36734771728516,175472.18180847168,SPY,1219
2013-11-07,173331.97882843018,78.36734771728516,173253.6114807129,SPY,1219
2013-11-08,175669.3503189087,78.36734771728516,175590.9829711914,SPY,1219
2013-11-11,175699.14826202393,78.36734771728516,175620.78091430664,SPY,1219
2013-11-12,175342.55876922607,78.36734771728516,175264.1914215088,SPY,1219
2013-11-13,176748.97704315186,78.36734771728516,176670.60969543457,SPY,1219
2013-11-14,177630.434425354,78.36734771728516,177552.06707763672,SPY,1219
2013-11-15,178402.89308929443,78.36734771728516,178324.52574157715,SPY,1219
2013-11-18,177778.94052886963,78.36734771728516,177700.57318115234,SPY,1219
2013-11-19,177392.66469573975,78.36734771728516,177314.29734802246,SPY,1219
2013-11-20,176838.07326507568,78.36734771728516,176759.7059173584,SPY,1219
2013-11-21,178264.30103302002,78.36734771728516,178185.93368530273,SPY,1219
2013-11-22,179155.61666107178,78.36734771728516,179077.2493133545,SPY,1219
2013-11-25,178977.42421722412,78.36734771728516,178899.05686950684,SPY,1219
2013-11-26,179026.90145111084,78.36734771728516,178948.53410339355,SPY,1219
2013-11-27,179462.65451812744,78.36734771728516,179384.28717041016,SPY,1219
2013-11-29,179343.83475494385,78.36734771728516,179265.46740722656,SPY,1219
2013-12-02,178878.30234527588,78.36734771728516,178799.9349975586,SPY,1219
2013-12-03,178105.76927947998,78.36734771728516,178027.4019317627,SPY,1219
2013-12-04,178085.99698638916,78.36734771728516,178007.62963867188,SPY,1219
2013-12-05,177303.60567474365,78.36734771728516,177225.23832702637,SPY,1219
2013-12-06,179284.36907196045,78.36734771728516,179206.00172424316,SPY,1219
2013-12-09,179740.02463531494,78.36734771728516,179661.65728759766,SPY,1219
2013-12-10,179096.1881790161,78.36734771728516,179017.82083129883,SPY,1219
2013-12-11,177085.77564239502,78.36734771728516,177007.40829467773,SPY,1219
2013-12-12,176501.349067688,78.36734771728516,176422.9817199707,SPY,1219
2013-12-13,176481.53957366943,78.36734771728516,176403.17222595215,SPY,1219
2013-12-16,177580.84558868408,78.36734771728516,177502.4782409668,SPY,1219
2013-12-17,177016.32151031494,78.36734771728516,176937.95416259766,SPY,1219
2013-12-18,180037.18564605713,78.36734771728516,179958.81829833984,SPY,1219
2013-12-19,179829.12085723877,78.36734771728516,179750.75350952148,SPY,1219
2013-12-20,180874.6901321411,78.36734771728516,180796.32278442383,SPY,1219
2013-12-23,181840.61222076416,78.36734771728516,181762.24487304688,SPY,1219
2013-12-24,182238.95975494385,78.36734771728516,182160.59240722656,SPY,1219
2013-12-26,183165.05825042725,78.36734771728516,183086.69090270996,SPY,1219
2013-12-27,183155.08840179443,78.36734771728516,183076.72105407715,SPY,1219
2013-12-30,183125.2346572876,78.36734771728516,183046.8673095703,SPY,1219
2013-12-31,183991.60706329346,78.36734771728516,183913.23971557617,SPY,1219
2014-01-02,182228.9527053833,78.36734771728516,182150.58535766602,SPY,1219
2014-01-03,182199.11756134033,78.36734771728516,182120.75021362305,SPY,1219
2014-01-06,181671.36660003662,78.36734771728516,181592.99925231934,SPY,1219
2014-01-07,182786.65041351318,78.36734771728516,182708.2830657959,SPY,1219
2014-01-08,182826.4926071167,78.36734771728516,182748.1252593994,SPY,1219
2014-01-09,182945.94478607178,78.36734771728516,182867.5774383545,SPY,1219
2014-01-10,183443.8792037964,78.36734771728516,183365.5118560791,SPY,1219
2014-01-13,181004.1679611206,78.36734771728516,180925.80061340332,SPY,1219
2014-01-14,182975.7985305786,78.36734771728516,182897.43118286133,SPY,1219
2014-01-15,183961.7161178589,78.36734771728516,183883.3487701416,SPY,1219
2014-01-16,183722.70015716553,78.36734771728516,183644.33280944824,SPY,1219
2014-01-17,182945.94478607178,78.36734771728516,182867.5774383545,SPY,1219
2014-01-21,183483.6655960083,78.36734771728516,183405.29824829102,SPY,1219
2014-01-22,183603.21077728271,78.36734771728516,183524.84342956543,SPY,1219
2014-01-23,182099.51207733154,78.36734771728516,182021.14472961426,SPY,1219
2014-01-24,178215.93982696533,78.36734771728516,178137.57247924805,SPY,1219
2014-01-27,177339.67197418213,78.36734771728516,177261.30462646484,SPY,1219
2014-01-28,178395.22969818115,78.36734771728516,178316.86235046387,SPY,1219
2014-01-29,176682.4059829712,78.36734771728516,176604.0386352539,SPY,1219
2014-01-30,178554.56127166748,78.36734771728516,178476.1939239502,SPY,1219
2014-01-31,177508.8989944458,78.36734771728516,177430.53164672852,SPY,1219
2014-02-03,173515.8072128296,78.36734771728516,173437.4398651123,SPY,1219
2014-02-04,174730.69651031494,78.36734771728516,174652.32916259766,SPY,1219
2014-02-05,174511.5644454956,78.36734771728516,174433.19709777832,SPY,1219
2014-02-06,176811.93961334229,78.36734771728516,176733.572265625,SPY,1219
2014-02-07,179002.6092453003,78.36734771728516,178924.241897583,SPY,1219
2014-02-10,179331.2794418335,78.36734771728516,179252.9120941162,SPY,1219
2014-02-11,181292.9401626587,78.36734771728516,181214.5728149414,SPY,1219
2014-02-12,181382.57579803467,78.36734771728516,181304.20845031738,SPY,1219
2014-02-13,182318.69994354248,78.36734771728516,182240.3325958252,SPY,1219
2014-02-14,183324.35262298584,78.36734771728516,183245.98527526855,SPY,1219
2014-02-18,183543.48468780518,78.36734771728516,183465.1173400879,SPY,1219
2014-02-19,182328.65119171143,78.36734771728516,182250.28384399414,SPY,1219
2014-02-20,183404.0742111206,78.36734771728516,183325.70686340332,SPY,1219
2014-02-21,183194.93059539795,78.36734771728516,183116.56324768066,SPY,1219
2014-02-24,184210.64612579346,78.36734771728516,184132.27877807617,SPY,1219
2014-02-25,184140.9501876831,78.36734771728516,184062.58283996582,SPY,1219
2014-02-26,184150.90143585205,78.36734771728516,184072.53408813477,SPY,1219
2014-02-27,185116.8793258667,78.36734771728516,185038.5119781494,SPY,1219
2014-02-28,185584.84839630127,78.36734771728516,185506.48104858398,SPY,1219
2014-03-03,184280.3420639038,78.36734771728516,184201.97471618652,SPY,1219
2014-03-04,186869.43363189697,78.36734771728516,186791.0662841797,SPY,1219
2014-03-05,187038.66065216064,78.36734771728516,186960.29330444336,SPY,1219
2014-03-06,187466.86193084717,78.36734771728516,187388.49458312988,SPY,1219
2014-03-07,187546.52771759033,78.36734771728516,187468.16036987305,SPY,1219
2014-03-10,187446.95943450928,78.36734771728516,187368.592086792,SPY,1219
2014-03-11,186520.8981399536,78.36734771728516,186442.53079223633,SPY,1219
2014-03-12,186570.63578033447,78.36734771728516,186492.2684326172,SPY,1219
2014-03-13,184479.57163238525,78.36734771728516,184401.20428466797,SPY,1219
2014-03-14,183961.7161178589,78.36734771728516,183883.3487701416,SPY,1219
2014-03-17,185624.61618804932,78.36734771728516,185546.24884033203,SPY,1219
2014-03-18,186949.08081817627,78.36734771728516,186870.71347045898,SPY,1219
2014-03-19,185953.28638458252,78.36734771728516,185874.91903686523,SPY,1219
2014-03-20,187038.66065216064,78.36734771728516,186960.29330444336,SPY,1219
2014-03-21,186313.61457061768,78.36734771728516,186235.2472229004,SPY,1219
2014-03-24,185543.42516326904,78.36734771728516,185465.05781555176,SPY,1219
2014-03-25,186423.54331207275,78.36734771728516,186345.17596435547,SPY,1219
2014-03-26,185083.30548858643,78.36734771728516,185004.93814086914,SPY,1219
2014-03-27,184693.23516082764,78.36734771728516,184614.86781311035,SPY,1219
2014-03-28,185603.44886016846,78.36734771728516,185525.08151245117,SPY,1219
2014-03-31,187123.6647720337,78.36734771728516,187045.2974243164,SPY,1219
2014-04-01,188363.99950408936,78.36734771728516,188285.63215637207,SPY,1219
2014-04-02,188994.03441619873,78.36734771728516,188915.66706848145,SPY,1219
2014-04-03,188744.006980896,78.36734771728516,188665.6396331787,SPY,1219
2014-04-04,186513.5323562622,78.36734771728516,186435.16500854492,SPY,1219
2014-04-07,184453.21477508545,78.36734771728516,184374.84742736816,SPY,1219
2014-04-08,185213.4157333374,78.36734771728516,185135.04838562012,SPY,1219
2014-04-09,187203.68396759033,78.36734771728516,187125.31661987305,SPY,1219
2014-04-10,183272.94094085693,78.36734771728516,183194.57359313965,SPY,1219
2014-04-11,181622.67058563232,78.36734771728516,181544.30323791504,SPY,1219
2014-04-14,183052.93465423584,78.36734771728516,182974.56730651855,SPY,1219
2014-04-15,184313.1718826294,78.36734771728516,184234.8045349121,SPY,1219
2014-04-16,186243.56522369385,78.36734771728516,186165.19787597656,SPY,1219
2014-04-17,186503.5067062378,78.36734771728516,186425.1393585205,SPY,1219
2014-04-21,187153.66732025146,78.36734771728516,187075.29997253418,SPY,1219
2014-04-22,188003.80152130127,78.36734771728516,187925.43417358398,SPY,1219
2014-04-23,187563.75174713135,78.36734771728516,187485.38439941406,SPY,1219
2014-04-24,187943.8708267212,78.36734771728516,187865.5034790039,SPY,1219
2014-04-25,186403.58501434326,78.36734771728516,186325.21766662598,SPY,1219
2014-04-28,186993.68473052979,78.36734771728516,186915.3173828125,SPY,1219
2014-04-29,187863.83303070068,78.36734771728516,187785.4656829834,SPY,1219
2014-04-30,188423.9487991333,78.36734771728516,188345.58145141602,SPY,1219
2014-05-01,188443.98149871826,78.36734771728516,188365.61415100098,SPY,1219
2014-05-02,188173.9027633667,78.36734771728516,188095.5354156494,SPY,1219
2014-05-05,188534.00774383545,78.36734771728516,188455.64039611816,SPY,1219
2014-05-06,186893.67003631592,78.36734771728516,186815.30268859863,SPY,1219
2014-05-07,187993.85027313232,78.36734771728516,187915.48292541504,SPY,1219
2014-05-08,187793.80228424072,78.36734771728516,187715.43493652344,SPY,1219
2014-05-09,188073.83226776123,78.36734771728516,187995.46492004395,SPY,1219
2014-05-12,189904.22951507568,78.36734771728516,189825.8621673584,SPY,1219
2014-05-13,190074.29355621338,78.36734771728516,189995.9262084961,SPY,1219
2014-05-14,189174.04970550537,78.36734771728516,189095.6823577881,SPY,1219
2014-05-15,187513.73509979248,78.36734771728516,187435.3677520752,SPY,1219
2014-05-16,188163.9329147339,78.36734771728516,188085.5655670166,SPY,1219
2014-05-19,188854.0287246704,78.36734771728516,188775.66137695312,SPY,1219
2014-05-20,187663.76644134521,78.36734771728516,187585.39909362793,SPY,1219
2014-05-21,189244.17345428467,78.36734771728516,189165.80610656738,SPY,1219
2014-05-22,189704.20012664795,78.36734771728516,189625.83277893066,SPY,1219
2014-05-23,190464.30808258057,78.36734771728516,190385.94073486328,SPY,1219
2014-05-27,191634.5376663208,78.36734771728516,191556.17031860352,SPY,1219
2014-05-28,191494.55057525635,78.36734771728516,191416.18322753906,SPY,1219
2014-05-29,192484.74626922607,78.36734771728516,192406.3789215088,SPY,1219
2014-05-30,192794.8160018921,78.36734771728516,192716.4486541748,SPY,1219
2014-06-02,193014.82228851318,78.36734771728516,192936.4549407959,SPY,1219
2014-06-03,192914.84479522705,78.36734771728516,192836.47744750977,SPY,1219
2014-06-04,193304.8779220581,78.36734771728516,193226.51057434082,SPY,1219
2014-06-05,194565.11515045166,78.36734771728516,194486.74780273438,SPY,1219
2014-06-06,195495.23134613037,78.36734771728516,195416.8639984131,SPY,1219
2014-06-09,195695.33513641357,78.36734771728516,195616.9677886963,SPY,1219
2014-06-10,195715.3306350708,78.36734771728516,195636.96328735352,SPY,1219
2014-06-11,195035.24187469482,78.36734771728516,194956.87452697754,SPY,1219
2014-06-12,193654.9200515747,78.36734771728516,193576.55270385742,SPY,1219
2014-06-13,194245.11277008057,78.36734771728516,194166.74542236328,SPY,1219
2014-06-16,194405.13256072998,78.36734771728516,194326.7652130127,SPY,1219
2014-06-17,194945.21562957764,78.36734771728516,194866.84828186035,SPY,1219
2014-06-18,196375.44249725342,78.36734771728516,196297.07514953613,SPY,1219
2014-06-19,196595.52318572998,78.36734771728516,196517.1558380127,SPY,1219
2014-06-20,196994.52173614502,78.36734771728516,196916.15438842773,SPY,1219
2014-06-23,196934.2190322876,78.36734771728516,196855.8516845703,SPY,1219
2014-06-24,195748.23485565186,78.36734771728516,195669.86750793457,SPY,1219
2014-06-25,196632.7055130005,78.36734771728516,196554.3381652832,SPY,1219
2014-06-26,196491.95580291748,78.36734771728516,196413.5884552002,SPY,1219
2014-06-27,196873.8977279663,78.36734771728516,196795.53038024902,SPY,1219
2014-06-30,196773.43662261963,78.36734771728516,196695.06927490234,SPY,1219
2014-07-01,198089.92165374756,78.36734771728516,198011.55430603027,SPY,1219
2014-07-02,198290.88106536865,78.36734771728516,198212.51371765137,SPY,1219
2014-07-03,199265.73137664795,78.36734771728516,199187.36402893066,SPY,1219
2014-07-07,198572.3060836792,78.36734771728516,198493.9387359619,SPY,1219
2014-07-08,197295.9980545044,78.36734771728516,197217.6307067871,SPY,1219
2014-07-09,198180.28270721436,78.36734771728516,198101.91535949707,SPY,1219
2014-07-10,197396.4963607788,78.36734771728516,197318.12901306152,SPY,1219
2014-07-11,197667.82132720947,78.36734771728516,197589.4539794922,SPY,1219
2014-07-14,198662.7787399292,78.36734771728516,198584.4113922119,SPY,1219
2014-07-15,198290.88106536865,78.36734771728516,198212.51371765137,SPY,1219
2014-07-16,199024.5019607544,78.36734771728516,198946.1346130371,SPY,1219
2014-07-17,196763.33657073975,78.36734771728516,196684.96922302246,SPY,1219
2014-07-18,198773.2654953003,78.36734771728516,198694.898147583,SPY,1219
2014-07-21,198401.42362213135,78.36734771728516,198323.05627441406,SPY,1219
2014-07-22,199265.73137664795,78.36734771728516,199187.36402893066,SPY,1219
2014-07-23,199707.95740509033,78.36734771728516,199629.59005737305,SPY,1219
2014-07-24,199717.96445465088,78.36734771728516,199639.5971069336,SPY,1219
2014-07-25,198783.3469467163,78.36734771728516,198704.97959899902,SPY,1219
2014-07-28,198863.66374969482,78.36734771728516,198785.29640197754,SPY,1219
2014-07-29,198009.53044891357,78.36734771728516,197931.1631011963,SPY,1219
2014-07-30,198039.66320037842,78.36734771728516,197961.29585266113,SPY,1219
2014-07-31,194130.23630523682,78.36734771728516,194051.86895751953,SPY,1219
2014-08-01,193537.30931854248,78.36734771728516,193458.9419708252,SPY,1219
2014-08-04,194934.20415496826,78.36734771728516,194855.83680725098,SPY,1219
2014-08-05,193044.88063812256,78.36734771728516,192966.51329040527,SPY,1219
2014-08-06,193105.1647415161,78.36734771728516,193026.79739379883,SPY,1219
2014-08-07,192060.02327728271,78.36734771728516,191981.65592956543,SPY,1219
2014-08-08,194281.0302658081,78.36734771728516,194202.66291809082,SPY,1219
2014-08-11,194843.80590057373,78.36734771728516,194765.43855285645,SPY,1219
2014-08-12,194572.49953460693,78.36734771728516,194494.13218688965,SPY,1219
2014-08-13,195889.00316619873,78.36734771728516,195810.63581848145,SPY,1219
2014-08-14,196813.53922271729,78.36734771728516,196735.171875,SPY,1219
2014-08-15,196773.43662261963,78.36734771728516,196695.06927490234,SPY,1219
2014-08-18,198421.49352264404,78.36734771728516,198343.12617492676,SPY,1219
2014-08-19,199456.70233917236,78.36734771728516,199378.33499145508,SPY,1219
2014-08-20,199989.28942108154,78.36734771728516,199910.92207336426,SPY,1219
2014-08-21,200572.19075775146,78.36734771728516,200493.82341003418,SPY,1219
2014-08-22,200260.65158843994,78.36734771728516,200182.28424072266,SPY,1219
2014-08-25,201275.7161026001,78.36734771728516,201197.3487548828,SPY,1219
2014-08-26,201406.30995941162,78.36734771728516,201327.94261169434,SPY,1219
2014-08-27,201325.90015411377,78.36734771728516,201247.53280639648,SPY,1219
2014-08-28,201215.3947982788,78.36734771728516,201137.02745056152,SPY,1219
2014-08-29,201788.19608306885,78.36734771728516,201709.82873535156,SPY,1219
2014-09-02,201687.7163772583,78.36734771728516,201609.34902954102,SPY,1219
2014-09-03,201577.21102142334,78.36734771728516,201498.84367370605,SPY,1219
2014-09-04,201285.81615447998,78.36734771728516,201207.4488067627,SPY,1219
2014-09-05,202190.20790863037,78.36734771728516,202111.8405609131,SPY,1219
2014-09-08,201667.62787628174,78.36734771728516,201589.26052856445,SPY,1219
2014-09-09,200391.31984710693,78.36734771728516,200312.95249938965,SPY,1219
2014-09-10,201145.0478439331,78.36734771728516,201066.68049621582,SPY,1219
2014-09-11,201376.19580841064,78.36734771728516,201297.82846069336,SPY,1219
2014-09-12,200200.3674850464,78.36734771728516,200122.0001373291,SPY,1219
2014-09-15,200049.6293258667,78.36734771728516,199971.2619781494,SPY,1219
2014-09-16,201557.08531951904,78.36734771728516,201478.71797180176,SPY,1219
2014-09-17,201828.42888641357,78.36734771728516,201750.0615386963,SPY,1219
2014-09-18,202903.79610443115,78.36734771728516,202825.42875671387,SPY,1219
2014-09-19,202721.02794647217,78.36734771728516,202642.66059875488,SPY,1219
2014-09-22,201156.00351715088,78.36734771728516,201077.6361694336,SPY,1219
2014-09-23,200004.96961212158,78.36734771728516,199926.6022644043,SPY,1219
2014-09-24,201569.93824005127,78.36734771728516,201491.57089233398,SPY,1219
2014-09-25,198318.83756256104,78.36734771728516,198240.47021484375,SPY,1219
2014-09-26,199893.92484283447,78.36734771728516,199815.5574951172,SPY,1219
2014-09-29,199530.45317840576,78.36734771728516,199452.08583068848,SPY,1219
2014-09-30,199005.43648529053,78.36734771728516,198927.06913757324,SPY,1219
2014-10-01,196309.6340560913,78.36734771728516,196231.26670837402,SPY,1219
2014-10-02,196339.84120941162,78.36734771728516,196261.47386169434,SPY,1219
2014-10-03,198500.6012954712,78.36734771728516,198422.2339477539,SPY,1219
2014-10-06,198268.31870269775,78.36734771728516,198189.95135498047,SPY,1219
2014-10-07,195208.97020721436,78.36734771728516,195130.60285949707,SPY,1219
2014-10-08,198621.78331756592,78.36734771728516,198543.41596984863,SPY,1219
2014-10-09,194683.95351409912,78.36734771728516,194605.58616638184,SPY,1219
2014-10-10,192462.630317688,78.36734771728516,192384.2629699707,SPY,1219
2014-10-13,189302.35570526123,78.36734771728516,189223.98835754395,SPY,1219
2014-10-14,189595.20140838623,78.36734771728516,189516.83406066895,SPY,1219
2014-10-15,188312.86682891846,78.36734771728516,188234.49948120117,SPY,1219
2014-10-16,188151.32180023193,78.36734771728516,188072.95445251465,SPY,1219
2014-10-17,190372.64499664307,78.36734771728516,190294.27764892578,SPY,1219
2014-10-20,192220.2848739624,78.36734771728516,192141.91752624512,SPY,1219
2014-10-21,196026.86980438232,78.36734771728516,195948.50245666504,SPY,1219
2014-10-22,194633.5090560913,78.36734771728516,194555.14170837402,SPY,1219
2014-10-23,196895.13945770264,78.36734771728516,196816.77210998535,SPY,1219
2014-10-24,198409.68222808838,78.36734771728516,198331.3148803711,SPY,1219
2014-10-27,198137.12963104248,78.36734771728516,198058.7622833252,SPY,1219
2014-10-28,200408.84148406982,78.36734771728516,200330.47413635254,SPY,1219
2014-10-29,200105.9701309204,78.36734771728516,200027.60278320312,SPY,1219
2014-10-30,201388.26750946045,78.36734771728516,201309.90016174316,SPY,1219
2014-10-31,203690.2981185913,78.36734771728516,203611.93077087402,SPY,1219
2014-11-03,203801.36148834229,78.36734771728516,203722.994140625,SPY,1219
2014-11-04,203094.6368637085,78.36734771728516,203016.2695159912,SPY,1219
2014-11-05,204376.8412399292,78.36734771728516,204298.4738922119,SPY,1219
2014-11-06,205194.74083709717,78.36734771728516,205116.37348937988,SPY,1219
2014-11-07,205386.5488204956,78.36734771728516,205308.18147277832,SPY,1219
2014-11-10,206032.82193756104,78.36734771728516,205954.45458984375,SPY,1219
2014-11-11,206234.69277191162,78.36734771728516,206156.32542419434,SPY,1219
2014-11-12,206012.56603240967,78.36734771728516,205934.19868469238,SPY,1219
2014-11-13,206244.75562286377,78.36734771728516,206166.38827514648,SPY,1219
2014-11-14,206295.31168365479,78.36734771728516,206216.9443359375,SPY,1219
2014-11-17,206426.46355438232,78.36734771728516,206348.09620666504,SPY,1219
2014-11-18,207617.9348678589,78.36734771728516,207539.5675201416,SPY,1219
2014-11-19,207284.76335906982,78.36734771728516,207206.39601135254,SPY,1219
2014-11-20,207648.23502349854,78.36734771728516,207569.86767578125,SPY,1219
2014-11-21,208758.88732147217,78.36734771728516,208680.51997375488,SPY,1219
2014-11-24,209344.5043258667,78.36734771728516,209266.1369781494,SPY,1219
2014-11-25,209193.05934906006,78.36734771728516,209114.69200134277,SPY,1219
2014-11-26,209728.19469451904,78.36734771728516,209649.82734680176,SPY,1219
2014-11-28,209283.9040145874,78.36734771728516,209205.53666687012,SPY,1219
2014-12-01,207829.96155548096,78.36734771728516,207751.59420776367,SPY,1219
2014-12-02,209172.8592453003,78.36734771728516,209094.491897583,SPY,1219
2014-12-03,209980.54718780518,78.36734771728516,209902.1798400879,SPY,1219
2014-12-04,209748.35759735107,78.36734771728516,209669.9902496338,SPY,1219
2014-12-05,210091.66635894775,78.36734771728516,210013.29901123047,SPY,1219
2014-12-08,208688.26136016846,78.36734771728516,208609.89401245117,SPY,1219
2014-12-09,208546.84203338623,78.36734771728516,208468.47468566895,SPY,1219
2014-12-10,205204.80368804932,78.36734771728516,205126.43634033203,SPY,1219
2014-12-11,206244.75562286377,78.36734771728516,206166.38827514648,SPY,1219
2014-12-12,202912.8359298706,78.36734771728516,202834.46858215332,SPY,1219
2014-12-15,201519.5867843628,78.36734771728516,201441.2194366455,SPY,1219
2014-12-16,199904.02489471436,78.36734771728516,199825.65754699707,SPY,1219
2014-12-17,203821.54299163818,78.36734771728516,203743.1756439209,SPY,1219
2014-12-18,208859.8320388794,78.36734771728516,208781.4646911621,SPY,1219
2014-12-19,209748.1715927124,78.36734771728516,209669.80424499512,SPY,1219
2014-12-22,210712.71724700928,78.36734771728516,210634.349899292,SPY,1219
2014-12-23,210996.96953582764,78.36734771728516,210918.60218811035,SPY,1219
2014-12-24,211017.26264190674,78.36734771728516,210938.89529418945,SPY,1219
2014-12-26,211697.50020599365,78.36734771728516,211619.13285827637,SPY,1219
2014-12-29,211981.78969573975,78.36734771728516,211903.42234802246,SPY,1219
2014-12-30,210844.70613861084,78.36734771728516,210766.33879089355,SPY,1219
2014-12-31,208753.28858184814,78.36734771728516,208674.92123413086,SPY,1219
2015-01-02,208641.53699493408,78.36734771728516,208563.1696472168,SPY,1219
2015-01-05,204874.99886322021,78.36734771728516,204796.63151550293,SPY,1219
2015-01-06,202946.0563583374,78.36734771728516,202867.68901062012,SPY,1219
2015-01-07,205474.026802063,78.36734771728516,205395.6594543457,SPY,1219
2015-01-08,209118.78769683838,78.36734771728516,209040.4203491211,SPY,1219
2015-01-09,207443.59272003174,78.36734771728516,207365.22537231445,SPY,1219
2015-01-12,205819.1956100464,78.36734771728516,205740.8282623291,SPY,1219
2015-01-13,205240.49797821045,78.36734771728516,205162.13063049316,SPY,1219
2015-01-14,204001.87448883057,78.36734771728516,203923.50714111328,SPY,1219
2015-01-15,202133.82990264893,78.36734771728516,202055.46255493164,SPY,1219
2015-01-16,204783.6333847046,78.36734771728516,204705.2660369873,SPY,1219
2015-01-20,205220.1676712036,78.36734771728516,205141.80032348633,SPY,1219
2015-01-21,206255.80429840088,78.36734771728516,206177.4369506836,SPY,1219
2015-01-22,209321.73735809326,78.36734771728516,209243.37001037598,SPY,1219
2015-01-23,208174.57234954834,78.36734771728516,208096.20500183105,SPY,1219
2015-01-26,208661.84870147705,78.36734771728516,208583.48135375977,SPY,1219
2015-01-27,205910.57968902588,78.36734771728516,205832.2123413086,SPY,1219
2015-01-28,203270.8762588501,78.36734771728516,203192.5089111328,SPY,1219
2015-01-29,205149.1511001587,78.36734771728516,205070.7837524414,SPY,1219
2015-01-30,202570.34558868408,78.36734771728516,202491.9782409668,SPY,1219
2015-02-02,205078.07872772217,78.36734771728516,204999.71138000488,SPY,1219
2015-02-03,208042.5648574829,78.36734771728516,207964.19750976562,SPY,1219
2015-02-04,207250.68730926514,78.36734771728516,207172.31996154785,SPY,1219
2015-02-05,209342.1234664917,78.36734771728516,209263.7561187744,SPY,1219
2015-02-06,208763.38863372803,78.36734771728516,208685.02128601074,SPY,1219
2015-02-09,207829.34774017334,78.36734771728516,207750.98039245605,SPY,1219
2015-02-10,210042.67273712158,78.36734771728516,209964.3053894043,SPY,1219
2015-02-11,210164.4871749878,78.36734771728516,210086.1198272705,SPY,1219
2015-02-12,212184.79515838623,78.36734771728516,212106.42781066895,SPY,1219
2015-02-13,213057.900932312,78.36734771728516,212979.53358459473,SPY,1219
2015-02-17,213392.96968841553,78.36734771728516,213314.60234069824,SPY,1219
2015-02-18,213413.24419403076,78.36734771728516,213334.87684631348,SPY,1219
2015-02-19,213260.92499542236,78.36734771728516,213182.55764770508,SPY,1219
2015-02-20,214540.22769927979,78.36734771728516,214461.8603515625,SPY,1219
2015-02-23,214509.74153900146,78.36734771728516,214431.37419128418,SPY,1219
2015-02-24,215118.86952972412,78.36734771728516,215040.50218200684,SPY,1219
2015-02-25,214936.15717315674,78.36734771728516,214857.78982543945,SPY,1219
2015-02-26,214682.3352432251,78.36734771728516,214603.9678955078,SPY,1219
2015-02-27,213951.3556137085,78.36734771728516,213872.9882659912,SPY,1219
2015-03-02,215301.67488861084,78.36734771728516,215223.30754089355,SPY,1219
2015-03-03,214418.3388595581,78.36734771728516,214339.97151184082,SPY,1219
2015-03-04,213514.746925354,78.36734771728516,213436.37957763672,SPY,1219
2015-03-05,213748.27574920654,78.36734771728516,213669.90840148926,SPY,1219
2015-03-06,210743.0918045044,78.36734771728516,210664.7244567871,SPY,1219
2015-03-09,211616.30918121338,78.36734771728516,211537.9418334961,SPY,1219
2015-03-10,208184.72820281982,78.36734771728516,208106.36085510254,SPY,1219
2015-03-11,207697.37744903564,78.36734771728516,207619.01010131836,SPY,1219
2015-03-12,210337.0994796753,78.36734771728516,210258.732131958,SPY,1219
2015-03-13,209047.71532440186,78.36734771728516,208969.34797668457,SPY,1219
2015-03-16,211839.60774993896,78.36734771728516,211761.24040222168,SPY,1219
2015-03-17,211210.16805267334,78.36734771728516,211131.80070495605,SPY,1219
2015-03-18,213748.27574920654,78.36734771728516,213669.90840148926,SPY,1219
2015-03-19,212773.6858444214,78.36734771728516,212695.3184967041,SPY,1219
2015-03-20,214651.1050643921,78.36734771728516,214572.7377166748,SPY,1219
2015-03-23,214232.94803619385,78.36734771728516,214154.58068847656,SPY,1219
2015-03-24,213029.60962677002,78.36734771728516,212951.24227905273,SPY,1219
2015-03-25,209909.08420562744,78.36734771728516,209830.71685791016,SPY,1219
2015-03-26,209409.38274383545,78.36734771728516,209331.01539611816,SPY,1219
2015-03-27,209888.71669769287,78.36734771728516,209810.3493499756,SPY,1219
2015-03-30,212448.30792999268,78.36734771728516,212369.9405822754,SPY,1219
2015-03-31,210592.37224578857,78.36734771728516,210514.0048980713,SPY,1219
2015-04-01,209847.87007904053,78.36734771728516,209769.50273132324,SPY,1219
2015-04-02,210602.52809906006,78.36734771728516,210524.16075134277,SPY,1219
2015-04-06,212020.01364898682,78.36734771728516,211941.64630126953,SPY,1219
2015-04-07,211459.17246246338,78.36734771728516,211380.8051147461,SPY,1219
2015-04-08,212172.94666290283,78.36734771728516,212094.57931518555,SPY,1219
2015-04-09,213111.22846221924,78.36734771728516,213032.86111450195,SPY,1219
2015-04-10,214273.7946548462,78.36734771728516,214195.4273071289,SPY,1219
2015-04-13,213304.91509246826,78.36734771728516,213226.54774475098,SPY,1219
2015-04-14,213712.87906646729,78.36734771728516,213634.51171875,SPY,1219
2015-04-15,214671.52837371826,78.36734771728516,214593.16102600098,SPY,1219
2015-04-16,214610.35144805908,78.36734771728516,214531.9841003418,SPY,1219
2015-04-17,212142.4047012329,78.36734771728516,212064.03735351562,SPY,1219
2015-04-20,214079.94062042236,78.36734771728516,214001.57327270508,SPY,1219
2015-04-21,213825.09566497803,78.36734771728516,213746.72831726074,SPY,1219
2015-04-22,214875.44525909424,78.36734771728516,214797.07791137695,SPY,1219
2015-04-23,215415.9747390747,78.36734771728516,215337.60739135742,SPY,1219
2015-04-24,215915.58319854736,78.36734771728516,215837.21585083008,SPY,1219
2015-04-27,215018.2038192749,78.36734771728516,214939.83647155762,SPY,1219
2015-04-28,215701.41745758057,78.36734771728516,215623.05010986328,SPY,1219
2015-04-29,214814.28693389893,78.36734771728516,214735.91958618164,SPY,1219
2015-04-30,212662.54807281494,78.36734771728516,212584.18072509766,SPY,1219
2015-05-01,214967.20134735107,78.36734771728516,214888.8339996338,SPY,1219
2015-05-04,215579.0636062622,78.36734771728516,215500.69625854492,SPY,1219
2015-05-05,213111.22846221924,78.36734771728516,213032.86111450195,SPY,1219
2015-05-06,212234.16078948975,78.36734771728516,212155.79344177246,SPY,1219
2015-05-07,213080.61209869385,78.36734771728516,213002.24475097656,SPY,1219
2015-05-08,215884.96683502197,78.36734771728516,215806.5994873047,SPY,1219
2015-05-11,214855.04055023193,78.36734771728516,214776.67320251465,SPY,1219
2015-05-12,214212.54332733154,78.36734771728516,214134.17597961426,SPY,1219
2015-05-13,214253.33414459229,78.36734771728516,214174.966796875,SPY,1219
2015-05-14,216486.72904205322,78.36734771728516,216408.36169433594,SPY,1219
2015-05-15,216721.22509002686,78.36734771728516,216642.85774230957,SPY,1219
2015-05-18,217394.33867645264,78.36734771728516,217315.97132873535,SPY,1219
2015-05-19,217322.9314956665,78.36734771728516,217244.56414794922,SPY,1219
2015-05-20,217169.92407989502,78.36734771728516,217091.55673217773,SPY,1219
2015-05-21,217802.24684906006,78.36734771728516,217723.87950134277,SPY,1219
2015-05-22,217282.1778793335,78.36734771728516,217203.8105316162,SPY,1219
2015-05-26,214946.8338394165,78.36734771728516,214868.46649169922,SPY,1219
2015-05-27,216986.41190338135,78.36734771728516,216908.04455566406,SPY,1219
2015-05-28,216741.68560028076,78.36734771728516,216663.31825256348,SPY,1219
2015-05-29,215395.53282928467,78.36734771728516,215317.16548156738,SPY,1219
2015-06-01,215834.00156402588,78.36734771728516,215755.6342163086,SPY,1219
2015-06-02,215619.85442352295,78.36734771728516,215541.48707580566,SPY,1219
2015-06-03,216191.0002670288,78.36734771728516,216112.63291931152,SPY,1219
2015-06-04,214365.5135421753,78.36734771728516,214287.146194458,SPY,1219
2015-06-05,213998.340385437,78.36734771728516,213919.97303771973,SPY,1219
2015-06-08,212682.89698028564,78.36734771728516,212604.52963256836,SPY,1219
2015-06-09,212652.28061676025,78.36734771728516,212573.91326904297,SPY,1219
2015-06-10,215201.8089981079,78.36734771728516,215123.44165039062,SPY,1219
2015-06-11,215895.2714920044,78.36734771728516,215816.9041442871,SPY,1219
2015-06-12,214243.1782913208,78.36734771728516,214164.81094360352,SPY,1219
2015-06-15,213325.33840179443,78.36734771728516,213246.97105407715,SPY,1219
2015-06-16,214487.960395813,78.36734771728516,214409.5930480957,SPY,1219
2015-06-17,214834.63584136963,78.36734771728516,214756.26849365234,SPY,1219
2015-06-18,217067.93773651123,78.36734771728516,216989.57038879395,SPY,1219
2015-06-19,216104.7313156128,78.36734771728516,216026.3639678955,SPY,1219
2015-06-22,217211.44031524658,78.36734771728516,217133.0729675293,SPY,1219
2015-06-23,217365.11734771729,78.36734771728516,217286.75,SPY,1219
2015-06-24,215787.09119415283,78.36734771728516,215708.72384643555,SPY,1219
2015-06-25,215131.20163726807,78.36734771728516,215052.83428955078,SPY,1219
2015-06-26,215090.15041351318,78.36734771728516,215011.7830657959,SPY,1219
2015-06-29,210581.34217071533,78.36734771728516,210502.97482299805,SPY,1219
2015-06-30,211021.9313583374,78.36734771728516,210943.56401062012,SPY,1219
2015-07-01,212712.76932525635,78.36734771728516,212634.40197753906,SPY,1219
2015-07-02,212518.0782699585,78.36734771728516,212439.7109222412,SPY,1219
2015-07-06,211913.48879241943,78.36734771728516,211835.12144470215,SPY,1219
2015-07-07,213245.63541412354,78.36734771728516,213167.26806640625,SPY,1219
2015-07-08,209669.28702545166,78.36734771728516,209590.91967773438,SPY,1219
2015-07-09,210048.47608184814,78.36734771728516,209970.10873413086,SPY,1219
2015-07-10,212692.29021453857,78.36734771728516,212613.9228668213,SPY,1219
2015-07-13,215038.90613555908,78.36734771728516,214960.5387878418,SPY,1219
2015-07-14,215971.514793396,78.36734771728516,215893.1474456787,SPY,1219
2015-07-15,215899.77280426025,78.36734771728516,215821.40545654297,SPY,1219
2015-07-16,217631.5875930786,78.36734771728516,217553.22024536133,SPY,1219
2015-07-17,217816.01119232178,78.36734771728516,217737.6438446045,SPY,1219
2015-07-20,217928.7486038208,78.36734771728516,217850.38125610352,SPY,1219
2015-07-21,217067.99353790283,78.36734771728516,216989.62619018555,SPY,1219
2015-07-22,216678.59282684326,78.36734771728516,216600.22547912598,SPY,1219
2015-07-23,215459.10921478271,78.36734771728516,215380.74186706543,SPY,1219
2015-07-24,213225.26790618896,78.36734771728516,213146.90055847168,SPY,1219
2015-07-27,211985.24938201904,78.36734771728516,211906.88203430176,SPY,1219
2015-07-28,214588.0680923462,78.36734771728516,214509.7007446289,SPY,1219
2015-07-29,216063.71729278564,78.36734771728516,215985.34994506836,SPY,1219
2015-07-30,216114.94297027588,78.36734771728516,216036.5756225586,SPY,1219
2015-07-31,215787.09119415283,78.36734771728516,215708.72384643555,SPY,1219
2015-08-03,215059.4782485962,78.36734771728516,214981.1109008789,SPY,1219
2015-08-04,214639.29376983643,78.36734771728516,214560.92642211914,SPY,1219
2015-08-05,215346.40900421143,78.36734771728516,215268.04165649414,SPY,1219
2015-08-06,213583.8476486206,78.36734771728516,213505.48030090332,SPY,1219
2015-08-07,213173.93062591553,78.36734771728516,213095.56327819824,SPY,1219
2015-08-10,215858.77738189697,78.36734771728516,215780.4100341797,SPY,1219
2015-08-11,213911.792427063,78.36734771728516,213833.4250793457,SPY,1219
2015-08-12,214167.93941497803,78.36734771728516,214089.57206726074,SPY,1219
2015-08-13,213901.50637054443,78.36734771728516,213823.13902282715,SPY,1219
2015-08-14,214680.36359405518,78.36734771728516,214601.9962463379,SPY,1219
2015-08-17,215879.2750930786,78.36734771728516,215800.90774536133,SPY,1219
2015-08-18,215254.15070343018,78.36734771728516,215175.7833557129,SPY,1219
2015-08-19,213553.119682312,78.36734771728516,213474.75233459473,SPY,1219
2015-08-20,209095.44411468506,78.36734771728516,209017.07676696777,SPY,1219
2015-08-21,202803.55820465088,78.36734771728516,202725.1908569336,SPY,1219
2015-08-24,194267.4333267212,78.36734771728516,194189.0659790039,SPY,1219
2015-08-25,191982.1989364624,78.36734771728516,191903.83158874512,SPY,1219
2015-08-26,199350.1030807495,78.36734771728516,199271.73573303223,SPY,1219
2015-08-27,204279.13300323486,78.36734771728516,204200.76565551758,SPY,1219
2015-08-28,204289.4934616089,78.36734771728516,204211.1261138916,SPY,1219
2015-08-31,202639.59511566162,78.36734771728516,202561.22776794434,SPY,1219
2015-09-01,196593.57013702393,78.36734771728516,196515.20278930664,SPY,1219
2015-09-02,200323.63275909424,78.36734771728516,200245.26541137695,SPY,1219
2015-09-03,200467.1353378296,78.36734771728516,200388.7679901123,SPY,1219
2015-09-04,197433.864692688,78.36734771728516,197355.4973449707,SPY,1219
2015-09-08,202393.62258148193,78.36734771728516,202315.25523376465,SPY,1219
2015-09-09,199688.31531524658,78.36734771728516,199609.9479675293,SPY,1219
2015-09-10,200774.5452041626,78.36734771728516,200696.1778564453,SPY,1219
2015-09-11,201686.56314849854,78.36734771728516,201608.19580078125,SPY,1219
2015-09-14,200938.47109222412,78.36734771728516,200860.10374450684,SPY,1219
2015-09-15,203449.12450408936,78.36734771728516,203370.75715637207,SPY,1219
2015-09-16,205211.6672592163,78.36734771728516,205133.29991149902,SPY,1219
2015-09-17,204750.524559021,78.36734771728516,204672.1572113037,SPY,1219
2015-09-18,201405.88214874268,78.36734771728516,201327.5148010254,SPY,1219
2015-09-21,202446.26189422607,78.36734771728516,202367.8945465088,SPY,1219
2015-09-22,199819.57878875732,78.36734771728516,199741.21144104004,SPY,1219
2015-09-23,199500.26462554932,78.36734771728516,199421.89727783203,SPY,1219
2015-09-24,198779.23624420166,78.36734771728516,198700.86889648438,SPY,1219
2015-09-25,198727.73155975342,78.36734771728516,198649.36421203613,SPY,1219
2015-09-28,193742.19342803955,78.36734771728516,193663.82608032227,SPY,1219
2015-09-29,193855.47025299072,78.36734771728516,193777.10290527344,SPY,1219
2015-09-30,197470.9912185669,78.36734771728516,197392.6238708496,SPY,1219
2015-10-01,197986.07526397705,78.36734771728516,197907.70791625977,SPY,1219
2015-10-02,200942.41439056396,78.36734771728516,200864.04704284668,SPY,1219
2015-10-05,204516.77252960205,78.36734771728516,204438.40518188477,SPY,1219
2015-10-06,203816.29766082764,78.36734771728516,203737.93031311035,SPY,1219
2015-10-07,205485.03827667236,78.36734771728516,205406.67092895508,SPY,1219
2015-10-08,207339.1325149536,78.36734771728516,207260.76516723633,SPY,1219
2015-10-09,207462.67679595947,78.36734771728516,207384.3094482422,SPY,1219
2015-10-12,207658.44667816162,78.36734771728516,207580.07933044434,SPY,1219
2015-10-13,206350.25745391846,78.36734771728516,206271.89010620117,SPY,1219
2015-10-14,205361.3265914917,78.36734771728516,205282.9592437744,SPY,1219
2015-10-15,208513.37979888916,78.36734771728516,208435.01245117188,SPY,1219
2015-10-16,209461.03623199463,78.36734771728516,209382.66888427734,SPY,1219
2015-10-19,209564.06420135498,78.36734771728516,209485.6968536377,SPY,1219
2015-10-20,209296.25472259521,78.36734771728516,209217.88737487793,SPY,1219
2015-10-21,207998.37015533447,78.36734771728516,207920.0028076172,SPY,1219
2015-10-22,211510.88175201416,78.36734771728516,211432.51440429688,SPY,1219
2015-10-23,213828.59255218506,78.36734771728516,213750.22520446777,SPY,1219
2015-10-26,213303.24105072021,78.36734771728516,213224.87370300293,SPY,1219
2015-10-27,212891.22217559814,78.36734771728516,212812.85482788086,SPY,1219
2015-10-28,215311.8493423462,78.36734771728516,215233.4819946289,SPY,1219
2015-10-29,215188.19345855713,78.36734771728516,215109.82611083984,SPY,1219
2015-10-30,214261.2021408081,78.36734771728516,214182.83479309082,SPY,1219
2015-11-02,216795.19913482666,78.36734771728516,216716.83178710938,SPY,1219
2015-11-03,217423.57860565186,78.36734771728516,217345.21125793457,SPY,1219
2015-11-04,216764.32236480713,78.36734771728516,216685.95501708984,SPY,1219
2015-11-05,216547.961769104,78.36734771728516,216469.59442138672,SPY,1219
2015-11-06,216434.66634368896,78.36734771728516,216356.29899597168,SPY,1219
2015-11-09,214415.77199554443,78.36734771728516,214337.40464782715,SPY,1219
2015-11-10,214910.1537246704,78.36734771728516,214831.78637695312,SPY,1219
2015-11-11,214065.48805999756,78.36734771728516,213987.12071228027,SPY,1219
2015-11-12,211078.2721633911,78.36734771728516,210999.90481567383,SPY,1219
2015-11-13,208709.07527923584,78.36734771728516,208630.70793151855,SPY,1219
2015-11-16,211881.73780059814,78.36734771728516,211803.37045288086,SPY,1219
2015-11-17,211727.20514678955,78.36734771728516,211648.83779907227,SPY,1219
2015-11-18,215085.2584915161,78.36734771728516,215006.89114379883,SPY,1219
2015-11-19,214899.849067688,78.36734771728516,214821.4817199707,SPY,1219
2015-11-20,215682.6867904663,78.36734771728516,215604.31944274902,SPY,1219
2015-11-23,215435.46802520752,78.36734771728516,215357.10067749023,SPY,1219
2015-11-24,215723.94261932373,78.36734771728516,215645.57527160645,SPY,1219
2015-11-25,215693.04724884033,78.36734771728516,215614.67990112305,SPY,1219
2015-11-27,215940.19161224365,78.36734771728516,215861.82426452637,SPY,1219
2015-11-30,215044.03986358643,78.36734771728516,214965.67251586914,SPY,1219
2015-12-01,217093.8667831421,78.36734771728516,217015.4994354248,SPY,1219
2015-12-02,214879.27695465088,78.36734771728516,214800.9096069336,SPY,1219
2015-12-03,211871.48894500732,78.36734771728516,211793.12159729004,SPY,1219
2015-12-04,216001.96375274658,78.36734771728516,215923.5964050293,SPY,1219
2015-12-07,214693.83032989502,78.36734771728516,214615.46298217773,SPY,1219
2015-12-08,213251.69916534424,78.36734771728516,213173.33181762695,SPY,1219
2015-12-09,211593.26320648193,78.36734771728516,211514.89585876465,SPY,1219
2015-12-10,212139.20542144775,78.36734771728516,212060.83807373047,SPY,1219
2015-12-11,208029.3027267456,78.36734771728516,207950.93537902832,SPY,1219
2015-12-14,209079.93132781982,78.36734771728516,209001.56398010254,SPY,1219
2015-12-15,211273.9676437378,78.36734771728516,211195.6002960205,SPY,1219
2015-12-16,214364.155708313,78.36734771728516,214285.7883605957,SPY,1219
2015-12-17,211098.88147735596,78.36734771728516,211020.51412963867,SPY,1219
2015-12-18,207339.5417251587,78.36734771728516,207261.1743774414,SPY,1219
2015-12-21,209049.2777633667,78.36734771728516,208970.9104156494,SPY,1219
2015-12-22,210945.48345184326,78.36734771728516,210867.11610412598,SPY,1219
2015-12-23,213556.7467727661,78.36734771728516,213478.37942504883,SPY,1219
2015-12-24,213204.43538665771,78.36734771728516,213126.06803894043,SPY,1219
2015-12-28,212717.40084075928,78.36734771728516,212639.033493042,SPY,1219
2015-12-29,214986.6946334839,78.36734771728516,214908.3272857666,SPY,1219
2015-12-30,213463.46544647217,78.36734771728516,213385.09809875488,SPY,1219
2015-12-31,211328.9506149292,78.36734771728516,211250.5832672119,SPY,1219
2016-01-04,208375.73636627197,78.36734771728516,208297.3690185547,SPY,1219
2016-01-05,208728.0291519165,78.36734771728516,208649.66180419922,SPY,1219
2016-01-06,206096.06351470947,78.36734771728516,206017.6961669922,SPY,1219
2016-01-07,201153.39945220947,78.36734771728516,201075.0321044922,SPY,1219
2016-01-08,198946.3242111206,78.36734771728516,198867.95686340332,SPY,1219
2016-01-11,199143.24732208252,78.36734771728516,199064.87997436523,SPY,1219
2016-01-12,200749.24857330322,78.36734771728516,200670.88122558594,SPY,1219
2016-01-13,195744.44036102295,78.36734771728516,195666.07301330566,SPY,1219
2016-01-14,198956.66606903076,78.36734771728516,198878.29872131348,SPY,1219
2016-01-15,194687.45040130615,78.36734771728516,194609.08305358887,SPY,1219
2016-01-19,194946.4804611206,78.36734771728516,194868.11311340332,SPY,1219
2016-01-20,192449.31238555908,78.36734771728516,192370.9450378418,SPY,1219
2016-01-21,193526.96746063232,78.36734771728516,193448.60011291504,SPY,1219
2016-01-22,197495.67403411865,78.36734771728516,197417.30668640137,SPY,1219
2016-01-25,194511.34120941162,78.36734771728516,194432.97386169434,SPY,1219
2016-01-26,197164.00916290283,78.36734771728516,197085.64181518555,SPY,1219
2016-01-27,195019.05947113037,78.36734771728516,194940.6921234131,SPY,1219
2016-01-28,196034.57039642334,78.36734771728516,195956.20304870605,SPY,1219
2016-01-29,200811.46712493896,78.36734771728516,200733.09977722168,SPY,1219
2016-02-01,200738.92531585693,78.36734771728516,200660.55796813965,SPY,1219
2016-02-02,197122.5859298706,78.36734771728516,197044.21858215332,SPY,1219
2016-02-03,198303.84558868408,78.36734771728516,198225.4782409668,SPY,1219
2016-02-04,198614.69654083252,78.36734771728516,198536.32919311523,SPY,1219
2016-02-05,194832.55261993408,78.36734771728516,194754.1852722168,SPY,1219
2016-02-08,192210.9846420288,78.36734771728516,192132.61729431152,SPY,1219
2016-02-09,192221.3078994751,78.36734771728516,192142.9405517578,SPY,1219
2016-02-10,192055.57776641846,78.36734771728516,191977.21041870117,SPY,1219
2016-02-11,189558.35388946533,78.36734771728516,189479.98654174805,SPY,1219
2016-02-12,193464.74890899658,78.36734771728516,193386.3815612793,SPY,1219
2016-02-16,196728.81410980225,78.36734771728516,196650.44676208496,SPY,1219
2016-02-17,199941.0212173462,78.36734771728516,199862.6538696289,SPY,1219
2016-02-18,199122.43340301514,78.36734771728516,199044.06605529785,SPY,1219
2016-02-19,199029.2078781128,78.36734771728516,198950.8405303955,SPY,1219
2016-02-22,201909.84311676025,78.36734771728516,201831.47576904297,SPY,1219
2016-02-23,199360.79834747314,78.36734771728516,199282.43099975586,SPY,1219
2016-02-24,200272.59308624268,78.36734771728516,200194.2257385254,SPY,1219
2016-02-25,202697.34955596924,78.36734771728516,202618.98220825195,SPY,1219
2016-02-26,202231.05452728271,78.36734771728516,202152.68717956543,SPY,1219
2016-02-29,200645.60678863525,78.36734771728516,200567.23944091797,SPY,1219
2016-03-01,205360.37796783447,78.36734771728516,205282.0106201172,SPY,1219
2016-03-02,206282.53316497803,78.36734771728516,206204.16581726074,SPY,1219
2016-03-03,207090.7977218628,78.36734771728516,207012.4303741455,SPY,1219
2016-03-04,207764.39492034912,78.36734771728516,207686.02757263184,SPY,1219
2016-03-07,207930.14365386963,78.36734771728516,207851.77630615234,SPY,1219
2016-03-08,205660.88706207275,78.36734771728516,205582.51971435547,SPY,1219
2016-03-09,206676.3049850464,78.36734771728516,206597.9376373291,SPY,1219
2016-03-10,206842.12812042236,78.36734771728516,206763.76077270508,SPY,1219
2016-03-11,210178.75373077393,78.36734771728516,210100.38638305664,SPY,1219
2016-03-14,209909.30741119385,78.36734771728516,209830.94006347656,SPY,1219
2016-03-15,209567.37508392334,78.36734771728516,209489.00773620605,SPY,1219
2016-03-16,210779.73471832275,78.36734771728516,210701.36737060547,SPY,1219
2016-03-17,212116.38265228271,78.36734771728516,212038.01530456543,SPY,1219
2016-03-18,212949.64623260498,78.36734771728516,212871.2788848877,SPY,1219
2016-03-21,213251.68056488037,78.36734771728516,213173.3132171631,SPY,1219
2016-03-22,213137.17610931396,78.36734771728516,213058.80876159668,SPY,1219
2016-03-23,211731.0368423462,78.36734771728516,211652.6694946289,SPY,1219
2016-03-24,211637.29050445557,78.36734771728516,211558.92315673828,SPY,1219
2016-03-28,211762.28562164307,78.36734771728516,211683.91827392578,SPY,1219
2016-03-29,213720.4122543335,78.36734771728516,213642.0449066162,SPY,1219
2016-03-30,214657.81983184814,78.36734771728516,214579.45248413086,SPY,1219
2016-03-31,214137.02544403076,78.36734771728516,214058.65809631348,SPY,1219
2016-04-01,215595.19020843506,78.36734771728516,215516.82286071777,SPY,1219
2016-04-04,214897.33800506592,78.36734771728516,214818.97065734863,SPY,1219
2016-04-05,212751.7930984497,78.36734771728516,212673.42575073242,SPY,1219
2016-04-06,215074.47022247314,78.36734771728516,214996.10287475586,SPY,1219
2016-04-07,212501.78426361084,78.36734771728516,212423.41691589355,SPY,1219
2016-04-08,213074.6227493286,78.36734771728516,212996.25540161133,SPY,1219
2016-04-11,212574.6422805786,78.36734771728516,212496.27493286133,SPY,1219
2016-04-12,214553.58283233643,78.36734771728516,214475.21548461914,SPY,1219
2016-04-13,216720.05326080322,78.36734771728516,216641.68591308594,SPY,1219
2016-04-14,216730.46952056885,78.36734771728516,216652.10217285156,SPY,1219
2016-04-15,216490.8769454956,78.36734771728516,216412.50959777832,SPY,1219
2016-04-18,218011.59506988525,78.36734771728516,217933.22772216797,SPY,1219
2016-04-19,218699.03101348877,78.36734771728516,218620.66366577148,SPY,1219
2016-04-20,218907.2818069458,78.36734771728516,218828.91445922852,SPY,1219
2016-04-21,217730.35605621338,78.36734771728516,217651.9887084961,SPY,1219
2016-04-22,217730.35605621338,78.36734771728516,217651.9887084961,SPY,1219
2016-04-25,217355.4079055786,78.36734771728516,217277.04055786133,SPY,1219
2016-04-26,217678.27475738525,78.36734771728516,217599.90740966797,SPY,1219
2016-04-27,218126.11812591553,78.36734771728516,218047.75077819824,SPY,1219
2016-04-28,216147.17757415771,78.36734771728516,216068.81022644043,SPY,1219
2016-04-29,214980.66808319092,78.36734771728516,214902.30073547363,SPY,1219
2016-05-02,216688.78588104248,78.36734771728516,216610.4185333252,SPY,1219
2016-05-03,214803.6474685669,78.36734771728516,214725.2801208496,SPY,1219
2016-05-04,213605.8519973755,78.36734771728516,213527.4846496582,SPY,1219
2016-05-05,213564.1311569214,78.36734771728516,213485.7638092041,SPY,1219
2016-05-06,214345.42504119873,78.36734771728516,214267.05769348145,SPY,1219
2016-05-09,214522.37125396729,78.36734771728516,214444.00390625,SPY,1219
2016-05-10,217188.71054840088,78.36734771728516,217110.3432006836,SPY,1219
2016-05-11,215157.818901062,78.36734771728516,215079.45155334473,SPY,1219
2016-05-12,215220.20485687256,78.36734771728516,215141.83750915527,SPY,1219
2016-05-13,213345.46410369873,78.36734771728516,213267.09675598145,SPY,1219
2016-05-16,215449.34397125244,78.36734771728516,215370.97662353516,SPY,1219
2016-05-17,213439.1918411255,78.36734771728516,213360.8244934082,SPY,1219
2016-05-18,213501.67079925537,78.36734771728516,213423.3034515381,SPY,1219
2016-05-19,212762.19075775146,78.36734771728516,212683.82341003418,SPY,1219
2016-05-20,214105.72086334229,78.36734771728516,214027.353515625,SPY,1219
2016-05-23,213814.1213912964,78.36734771728516,213735.7540435791,SPY,1219
2016-05-24,216584.66048431396,78.36734771728516,216506.29313659668,SPY,1219
2016-05-25,218053.20430755615,78.36734771728516,217974.83695983887,SPY,1219
2016-05-26,218115.72046661377,78.36734771728516,218037.35311889648,SPY,1219
2016-05-27,219053.12804412842,78.36734771728516,218974.76069641113,SPY,1219
2016-05-31,218636.53345489502,78.36734771728516,218558.16610717773,SPY,1219
2016-06-01,219084.39542388916,78.36734771728516,219006.02807617188,SPY,1219
2016-06-02,219750.92444610596,78.36734771728516,219672.55709838867,SPY,1219
2016-06-03,219094.77448272705,78.36734771728516,219016.40713500977,SPY,1219
2016-06-06,220209.2212753296,78.36734771728516,220130.8539276123,SPY,1219
2016-06-07,220552.92064666748,78.36734771728516,220474.5532989502,SPY,1219
2016-06-08,221271.56816864014,78.36734771728516,221193.20082092285,SPY,1219
2016-06-09,220969.53383636475,78.36734771728516,220891.16648864746,SPY,1219
2016-06-10,218876.07022857666,78.36734771728516,218797.70288085938,SPY,1219
2016-06-13,217188.71054840088,78.36734771728516,217110.3432006836,SPY,1219
2016-06-14,216761.681098938,78.36734771728516,216683.3137512207,SPY,1219
2016-06-15,216459.6467666626,78.36734771728516,216381.2794189453,SPY,1219
2016-06-16,217105.4176712036,78.36734771728516,217027.05032348633,SPY,1219
2016-06-17,216297.15311431885,78.36734771728516,216218.78576660156,SPY,1219
2016-06-20,217689.67684173584,78.36734771728516,217611.30949401855,SPY,1219
2016-06-21,218307.34244537354,78.36734771728516,218228.97509765625,SPY,1219
2016-06-22,217951.3667678833,78.36734771728516,217872.99942016602,SPY,1219
2016-06-23,220788.6071243286,78.36734771728516,220710.23977661133,SPY,1219
2016-06-24,212863.11687469482,78.36734771728516,212784.74952697754,SPY,1219
2016-06-27,209052.14223480225,78.36734771728516,208973.77488708496,SPY,1219
2016-06-28,212821.19142913818,78.36734771728516,212742.8240814209,SPY,1219
2016-06-29,216443.72476959229,78.36734771728516,216365.357421875,SPY,1219
2016-06-30,219396.1019973755,78.36734771728516,219317.7346496582,SPY,1219
2016-07-01,219856.81688690186,78.36734771728516,219778.44953918457,SPY,1219
2016-07-05,218275.92626190186,78.36734771728516,218197.55891418457,SPY,1219
2016-07-06,219584.61769866943,78.36734771728516,219506.25035095215,SPY,1219
2016-07-07,219448.5367050171,78.36734771728516,219370.1693572998,SPY,1219
2016-07-08,222715.05716705322,78.36734771728516,222636.68981933594,SPY,1219
2016-07-11,223500.21994781494,78.36734771728516,223421.85260009766,SPY,1219
2016-07-12,225123.09181976318,78.36734771728516,225044.7244720459,SPY,1219
2016-07-13,225091.63843536377,78.36734771728516,225013.27108764648,SPY,1219
2016-07-14,226348.00676727295,78.36734771728516,226269.63941955566,SPY,1219
2016-07-15,226044.42859649658,78.36734771728516,225966.0612487793,SPY,1219
2016-07-18,226651.58493804932,78.36734771728516,226573.21759033203,SPY,1219
2016-07-19,226421.31119537354,78.36734771728516,226342.94384765625,SPY,1219
2016-07-20,227363.55489349365,78.36734771728516,227285.18754577637,SPY,1219
2016-07-21,226505.10628509521,78.36734771728516,226426.73893737793,SPY,1219
2016-07-22,227520.65441131592,78.36734771728516,227442.28706359863,SPY,1219
2016-07-25,226902.82140350342,78.36734771728516,226824.45405578613,SPY,1219
2016-07-26,227007.57921600342,78.36734771728516,226929.21186828613,SPY,1219
2016-07-27,226766.8334121704,78.36734771728516,226688.46606445312,SPY,1219
2016-07-28,227028.52333831787,78.36734771728516,226950.1559906006,SPY,1219
2016-07-29,227395.00827789307,78.36734771728516,227316.64093017578,SPY,1219
2016-08-01,227206.52977752686,78.36734771728516,227128.16242980957,SPY,1219
2016-08-02,225751.2294845581,78.36734771728516,225672.86213684082,SPY,1219
2016-08-03,226410.82053375244,78.36734771728516,226332.45318603516,SPY,1219
2016-08-04,226651.58493804932,78.36734771728516,226573.21759033203,SPY,1219
2016-08-05,228504.76775360107,78.36734771728516,228426.4004058838,SPY,1219
2016-08-08,228368.66815948486,78.36734771728516,228290.30081176758,SPY,1219
2016-08-09,228504.76775360107,78.36734771728516,228426.4004058838,SPY,1219
2016-08-10,227939.3508529663,78.36734771728516,227860.98350524902,SPY,1219
2016-08-11,228996.80582427979,78.36734771728516,228918.4384765625,SPY,1219
2016-08-12,228797.89246368408,78.36734771728516,228719.5251159668,SPY,1219
2016-08-15,229457.48351287842,78.36734771728516,229379.11616516113,SPY,1219
2016-08-16,228274.4382095337,78.36734771728516,228196.0708618164,SPY,1219
2016-08-17,228703.6625137329,78.36734771728516,228625.29516601562,SPY,1219
2016-08-18,229216.71910858154,78.36734771728516,229138.35176086426,SPY,1219
2016-08-19,228881.68755340576,78.36734771728516,228803.32020568848,SPY,1219
2016-08-22,228871.21549224854,78.36734771728516,228792.84814453125,SPY,1219
2016-08-23,229331.83737945557,78.36734771728516,229253.47003173828,SPY,1219
2016-08-24,228159.28273773193,78.36734771728516,228080.91539001465,SPY,1219
2016-08-25,228002.2204208374,78.36734771728516,227923.85307312012,SPY,1219
2016-08-26,227572.94031524658,78.36734771728516,227494.5729675293,SPY,1219
2016-08-29,228693.19045257568,78.36734771728516,228614.8231048584,SPY,1219
2016-08-30,228316.28925323486,78.36734771728516,228237.92190551758,SPY,1219
2016-08-31,227667.22606658936,78.36734771728516,227588.85871887207,SPY,1219
2016-09-01,227677.66092681885,78.36734771728516,227599.29357910156,SPY,1219
2016-09-02,228703.6625137329,78.36734771728516,228625.29516601562,SPY,1219
2016-09-06,229394.65114593506,78.36734771728516,229316.28379821777,SPY,1219
2016-09-07,229373.78142547607,78.36734771728516,229295.4140777588,SPY,1219
2016-09-08,228850.27136993408,78.36734771728516,228771.9040222168,SPY,1219
2016-09-09,223374.64821624756,78.36734771728516,223296.28086853027,SPY,1219
2016-09-12,226578.3549118042,78.36734771728516,226499.9875640869,SPY,1219
2016-09-13,223322.3065109253,78.36734771728516,223243.939163208,SPY,1219
2016-09-14,223238.47422027588,78.36734771728516,223160.1068725586,SPY,1219
2016-09-15,225468.61403656006,78.36734771728516,225390.24668884277,SPY,1219
2016-09-16,224597.21950531006,78.36734771728516,224518.85215759277,SPY,1219
2016-09-19,224639.44255828857,78.36734771728516,224561.0752105713,SPY,1219
2016-09-20,224649.89601898193,78.36734771728516,224571.52867126465,SPY,1219
2016-09-21,227175.31819915771,78.36734771728516,227096.95085144043,SPY,1219
2016-09-22,228606.36348724365,78.36734771728516,228527.99613952637,SPY,1219
2016-09-23,227354.19886016846,78.36734771728516,227275.83151245117,SPY,1219
2016-09-26,225512.73433685303,78.36734771728516,225434.36698913574,SPY,1219
2016-09-27,226912.25183868408,78.36734771728516,226833.8844909668,SPY,1219
2016-09-28,228038.2123184204,78.36734771728516,227959.84497070312,SPY,1219
2016-09-29,225975.69988250732,78.36734771728516,225897.33253479004,SPY,1219
2016-09-30,227680.37659454346,78.36734771728516,227602.00924682617,SPY,1219
2016-10-03,227133.22534942627,78.36734771728516,227054.85800170898,SPY,1219
2016-10-04,225975.69988250732,78.36734771728516,225897.33253479004,SPY,1219
2016-10-05,226975.34461212158,78.36734771728516,226896.9772644043,SPY,1219
2016-10-06,227133.22534942627,78.36734771728516,227054.85800170898,SPY,1219
2016-10-07,226354.51692962646,78.36734771728516,226276.14958190918,SPY,1219
2016-10-10,227533.06092071533,78.36734771728516,227454.69357299805,SPY,1219
2016-10-11,224660.4610824585,78.36734771728516,224582.0937347412,SPY,1219
2016-10-12,224955.01802825928,78.36734771728516,224876.650680542,SPY,1219
2016-10-13,224218.51406097412,78.36734771728516,224140.14671325684,SPY,1219
2016-10-14,224334.20894622803,78.36734771728516,224255.84159851074,SPY,1219
2016-10-17,223555.53772735596,78.36734771728516,223477.17037963867,SPY,1219
2016-10-18,224955.01802825928,78.36734771728516,224876.650680542,SPY,1219
2016-10-19,225554.84578704834,78.36734771728516,225476.47843933105,SPY,1219
2016-10-20,225133.95449066162,78.36734771728516,225055.58714294434,SPY,1219
2016-10-21,225239.21451568604,78.36734771728516,225160.84716796875,SPY,1219
2016-10-24,226196.7291946411,78.36734771728516,226118.36184692383,SPY,1219
2016-10-25,225439.13230133057,78.36734771728516,225360.76495361328,SPY,1219
2016-10-26,224986.6946182251,78.36734771728516,224908.3272705078,SPY,1219
2016-10-27,224386.86685943604,78.36734771728516,224308.49951171875,SPY,1219
2016-10-28,223723.89052581787,78.36734771728516,223645.5231781006,SPY,1219
2016-10-31,223734.39978790283,78.36734771728516,223656.03244018555,SPY,1219
2016-11-01,222113.9087753296,78.36734771728516,222035.5414276123,SPY,1219
2016-11-02,220777.6142501831,78.36734771728516,220699.24690246582,SPY,1219
2016-11-03,219767.47885894775,78.36734771728516,219689.11151123047,SPY,1219
2016-11-04,219525.43102264404,78.36734771728516,219447.06367492676,SPY,1219
2016-11-07,224365.77393341064,78.36734771728516,224287.40658569336,SPY,1219
2016-11-08,225375.92792510986,78.36734771728516,225297.56057739258,SPY,1219
2016-11-09,227764.5250930786,78.36734771728516,227686.15774536133,SPY,1219
2016-11-10,228332.84366607666,78.36734771728516,228254.47631835938,SPY,1219
2016-11-11,227806.69234466553,78.36734771728516,227728.32499694824,SPY,1219
2016-11-14,227985.57300567627,78.36734771728516,227907.20565795898,SPY,1219
2016-11-15,229763.833152771,78.36734771728516,229685.4658050537,SPY,1219
2016-11-16,229332.37679290771,78.36734771728516,229254.00944519043,SPY,1219
2016-11-17,230510.99518585205,78.36734771728516,230432.62783813477,SPY,1219
2016-11-18,229995.37172698975,78.36734771728516,229917.00437927246,SPY,1219
2016-11-21,231731.53902435303,78.36734771728516,231653.17167663574,SPY,1219
2016-11-22,232183.9767074585,78.36734771728516,232105.6093597412,SPY,1219
2016-11-23,232310.29245758057,78.36734771728516,232231.92510986328,SPY,1219
2016-11-25,233173.14937591553,78.36734771728516,233094.78202819824,SPY,1219
2016-11-28,232078.79108428955,78.36734771728516,232000.42373657227,SPY,1219
2016-11-29,232531.32176971436,78.36734771728516,232452.95442199707,SPY,1219
2016-11-30,231973.6054611206,78.36734771728516,231895.23811340332,SPY,1219
2016-12-01,231121.2578048706,78.36734771728516,231042.89045715332,SPY,1219
2016-12-02,231236.97129058838,78.36734771728516,231158.6039428711,SPY,1219
2016-12-05,232626.03533172607,78.36734771728516,232547.6679840088,SPY,1219
2016-12-06,233362.53929901123,78.36734771728516,233284.17195129395,SPY,1219
2016-12-07,236414.09420013428,78.36734771728516,236335.726852417,SPY,1219
2016-12-08,236992.81043243408,78.36734771728516,236914.4430847168,SPY,1219
2016-12-09,238423.91152191162,78.36734771728516,238345.54417419434,SPY,1219
2016-12-12,238150.26149749756,78.36734771728516,238071.89414978027,SPY,1219
2016-12-13,239739.18752288818,78.36734771728516,239660.8201751709,SPY,1219
2016-12-14,237761.0281906128,78.36734771728516,237682.6608428955,SPY,1219
2016-12-15,238739.52419281006,78.36734771728516,238661.15684509277,SPY,1219
2016-12-16,238272.78275299072,78.36734771728516,238194.41540527344,SPY,1219
2016-12-19,238791.43808746338,78.36734771728516,238713.0707397461,SPY,1219
2016-12-20,239712.27265167236,78.36734771728516,239633.90530395508,SPY,1219
2016-12-21,239045.42742156982,78.36734771728516,238967.06007385254,SPY,1219
2016-12-22,238632.6459274292,78.36734771728516,238554.2785797119,SPY,1219
2016-12-23,238981.9440383911,78.36734771728516,238903.57669067383,SPY,1219
2016-12-27,239574.64781951904,78.36734771728516,239496.28047180176,SPY,1219
2016-12-28,237595.37245941162,78.36734771728516,237517.00511169434,SPY,1219
2016-12-29,237542.45413970947,78.36734771728516,237464.0867919922,SPY,1219
2016-12-30,236674.53789520264,78.36734771728516,236596.17054748535,SPY,1219
2017-01-03,238484.45603179932,78.36734771728516,238406.08868408203,SPY,1219
2017-01-04,239902.8344039917,78.36734771728516,239824.4670562744,SPY,1219
2017-01-05,239712.27265167236,78.36734771728516,239633.90530395508,SPY,1219
2017-01-06,240569.60523223877,78.36734771728516,240491.23788452148,SPY,1219
2017-01-09,239775.7932357788,78.36734771728516,239697.42588806152,SPY,1219
2017-01-10,239775.7932357788,78.36734771728516,239697.42588806152,SPY,1219
2017-01-11,240453.29653167725,78.36734771728516,240374.92918395996,SPY,1219
2017-01-12,239849.84168243408,78.36734771728516,239771.4743347168,SPY,1219
2017-01-13,240400.30381011963,78.36734771728516,240321.93646240234,SPY,1219
2017-01-17,239553.51769256592,78.36734771728516,239475.15034484863,SPY,1219
2017-01-18,240082.73809051514,78.36734771728516,240004.37074279785,SPY,1219
2017-01-19,239193.58011627197,78.36734771728516,239115.2127685547,SPY,1219
2017-01-20,240072.11722564697,78.36734771728516,239993.7498779297,SPY,1219
2017-01-23,239447.62525177002,78.36734771728516,239369.25790405273,SPY,1219
2017-01-24,240982.46112823486,78.36734771728516,240904.09378051758,SPY,1219
2017-01-25,243067.59172821045,78.36734771728516,242989.22438049316,SPY,1219
2017-01-26,242813.4907913208,78.36734771728516,242735.12344360352,SPY,1219
2017-01-27,242432.53469085693,78.36734771728516,242354.16734313965,SPY,1219
2017-01-30,240929.4870071411,78.36734771728516,240851.11965942383,SPY,1219
2017-01-31,240908.3010787964,78.36734771728516,240829.9337310791,SPY,1219
2017-02-01,241003.591255188,78.36734771728516,240925.2239074707,SPY,1219
2017-02-02,241162.34621429443,78.36734771728516,241083.97886657715,SPY,1219
2017-02-03,242824.1488571167,78.36734771728516,242745.7815093994,SPY,1219
2017-02-06,242390.10703277588,78.36734771728516,242311.7396850586,SPY,1219
2017-02-07,242400.76509857178,78.36734771728516,242322.3977508545,SPY,1219
2017-02-08,242718.33081817627,78.36734771728516,242639.96347045898,SPY,1219
2017-02-09,244157.83931732178,78.36734771728516,244079.4719696045,SPY,1219
2017-02-10,245120.95273590088,78.36734771728516,245042.5853881836,SPY,1219
2017-02-13,246454.6803970337,78.36734771728516,246376.3130493164,SPY,1219
2017-02-14,247439.01694488525,78.36734771728516,247360.64959716797,SPY,1219
2017-02-15,248730.33554840088,78.36734771728516,248651.9682006836,SPY,1219
2017-02-16,248518.58786773682,78.36734771728516,248440.22052001953,SPY,1219
2017-02-17,248910.25783538818,78.36734771728516,248831.8904876709,SPY,1219
2017-02-21,250392.06378936768,78.36734771728516,250313.6964416504,SPY,1219
2017-02-22,250169.78824615479,78.36734771728516,250091.4208984375,SPY,1219
2017-02-23,250339.18267059326,78.36734771728516,250260.81532287598,SPY,1219
2017-02-24,250656.59958648682,78.36734771728516,250578.23223876953,SPY,1219
2017-02-27,251048.3811569214,78.36734771728516,250970.0138092041,SPY,1219
2017-02-28,250370.91506195068,78.36734771728516,250292.5477142334,SPY,1219
2017-03-01,253874.38683319092,78.36734771728516,253796.01948547363,SPY,1219
2017-03-02,252276.1047744751,78.36734771728516,252197.7374267578,SPY,1219
2017-03-03,252434.8783340454,78.36734771728516,252356.51098632812,SPY,1219
2017-03-06,251683.41959381104,78.36734771728516,251605.05224609375,SPY,1219
2017-03-07,250931.86785125732,78.36734771728516,250853.50050354004,SPY,1219
2017-03-08,250466.14943695068,78.36734771728516,250387.7820892334,SPY,1219
2017-03-09,250783.65935516357,78.36734771728516,250705.2920074463,SPY,1219
2017-03-10,251662.25226593018,78.36734771728516,251583.8849182129,SPY,1219
2017-03-13,251789.25623321533,78.36734771728516,251710.88888549805,SPY,1219
2017-03-14,250826.1056137085,78.36734771728516,250747.7382659912,SPY,1219
2017-03-15,252995.84972381592,78.36734771728516,252917.48237609863,SPY,1219
2017-03-16,252498.36171722412,78.36734771728516,252419.99436950684,SPY,1219
2017-03-17,252055.09406280518,78.36734771728516,251976.7267150879,SPY,1219
2017-03-20,251778.65396881104,78.36734771728516,251700.28662109375,SPY,1219
2017-03-21,248546.990776062,78.36734771728516,248468.62342834473,SPY,1219
2017-03-22,249131.67775726318,78.36734771728516,249053.3104095459,SPY,1219
2017-03-23,248865.9143295288,78.36734771728516,248787.54698181152,SPY,1219
2017-03-24,248685.22942352295,78.36734771728516,248606.86207580566,SPY,1219
2017-03-27,248430.1054611206,78.36734771728516,248351.73811340332,SPY,1219
2017-03-28,250237.27072906494,78.36734771728516,250158.90338134766,SPY,1219
2017-03-29,250471.1343612671,78.36734771728516,250392.7670135498,SPY,1219
2017-03-30,251268.40604400635,78.36734771728516,251190.03869628906,SPY,1219
2017-03-31,250683.7562637329,78.36734771728516,250605.38891601562,SPY,1219
2017-04-03,250247.92879486084,78.36734771728516,250169.56144714355,SPY,1219
2017-04-04,250407.33477020264,78.36734771728516,250328.96742248535,SPY,1219
2017-04-05,249663.18601226807,78.36734771728516,249584.81866455078,SPY,1219
2017-04-06,250364.86991119385,78.36734771728516,250286.50256347656,SPY,1219
2017-04-07,250109.6901473999,78.36734771728516,250031.32279968262,SPY,1219
2017-04-10,250258.53105926514,78.36734771728516,250180.16371154785,SPY,1219
2017-04-11,249960.8306350708,78.36734771728516,249882.46328735352,SPY,1219
2017-04-12,248865.9143295288,78.36734771728516,248787.54698181152,SPY,1219
2017-04-13,247250.09203338623,78.36734771728516,247171.72468566895,SPY,1219
2017-04-17,249440.03624725342,78.36734771728516,249361.66889953613,SPY,1219
2017-04-18,248695.88748931885,78.36734771728516,248617.52014160156,SPY,1219
2017-04-19,248238.70668792725,78.36734771728516,248160.33934020996,SPY,1219
2017-04-20,250258.53105926514,78.36734771728516,250180.16371154785,SPY,1219
2017-04-21,249461.27797698975,78.36734771728516,249382.91062927246,SPY,1219
2017-04-24,252203.9349746704,78.36734771728516,252125.56762695312,SPY,1219
2017-04-25,253670.99076080322,78.36734771728516,253592.62341308594,SPY,1219
2017-04-26,253511.4359817505,78.36734771728516,253433.0686340332,SPY,1219
2017-04-27,253724.0020828247,78.36734771728516,253645.63473510742,SPY,1219
2017-04-28,253171.27069854736,78.36734771728516,253092.90335083008,SPY,1219
2017-05-01,253809.11780548096,78.36734771728516,253730.75045776367,SPY,1219
2017-05-02,253904.79859161377,78.36734771728516,253826.43124389648,SPY,1219
2017-05-03,253596.49590301514,78.36734771728516,253518.12855529785,SPY,1219
2017-05-04,253894.19632720947,78.36734771728516,253815.8289794922,SPY,1219
2017-05-05,254893.43184661865,78.36734771728516,254815.06449890137,SPY,1219
2017-05-08,254850.96698760986,78.36734771728516,254772.59963989258,SPY,1219
2017-05-09,254617.06615447998,78.36734771728516,254538.6988067627,SPY,1219
2017-05-10,255074.20975494385,78.36734771728516,254995.84240722656,SPY,1219
2017-05-11,254553.24796295166,78.36734771728516,254474.88061523438,SPY,1219
2017-05-12,254128.09716033936,78.36734771728516,254049.72981262207,SPY,1219
2017-05-15,255531.2975540161,78.36734771728516,255452.93020629883,SPY,1219
2017-05-16,255297.43392181396,78.36734771728516,255219.06657409668,SPY,1219
2017-05-17,250768.81618499756,78.36734771728516,250690.44883728027,SPY,1219
2017-05-18,251778.65396881104,78.36734771728516,251700.28662109375,SPY,1219
2017-05-19,253415.77379608154,78.36734771728516,253337.40644836426,SPY,1219
2017-05-22,254702.12607574463,78.36734771728516,254623.75872802734,SPY,1219
2017-05-23,255265.45972442627,78.36734771728516,255187.09237670898,SPY,1219
2017-05-24,255860.86057281494,78.36734771728516,255782.49322509766,SPY,1219
2017-05-25,257083.35746002197,78.36734771728516,257004.9901123047,SPY,1219
2017-05-26,257030.17873382568,78.36734771728516,256951.8113861084,SPY,1219
2017-05-30,256807.01036834717,78.36734771728516,256728.64302062988,SPY,1219
2017-05-31,256743.21077728271,78.36734771728516,256664.84342956543,SPY,1219
2017-06-01,258784.27687835693,78.36734771728516,258705.90953063965,SPY,1219
2017-06-02,259645.38535308838,78.36734771728516,259567.0180053711,SPY,1219
2017-06-05,259453.94937896729,78.36734771728516,259375.58203125,SPY,1219
2017-06-06,258624.85230255127,78.36734771728516,258546.48495483398,SPY,1219
2017-06-07,259103.163230896,78.36734771728516,259024.7958831787,SPY,1219
2017-06-08,259230.74381256104,78.36734771728516,259152.37646484375,SPY,1219
2017-06-09,258837.39980316162,78.36734771728516,258759.03245544434,SPY,1219
2017-06-12,258784.27687835693,78.36734771728516,258705.90953063965,SPY,1219
2017-06-13,260049.31302642822,78.36734771728516,259970.94567871094,SPY,1219
2017-06-14,259719.7500076294,78.36734771728516,259641.3826599121,SPY,1219
2017-06-15,259220.14154815674,78.36734771728516,259141.77420043945,SPY,1219
2017-06-16,259276.76136016846,78.36734771728516,259198.39401245117,SPY,1219
2017-06-19,261434.60117340088,78.36734771728516,261356.2338256836,SPY,1219
2017-06-20,259671.98401641846,78.36734771728516,259593.61666870117,SPY,1219
2017-06-21,259607.92401885986,78.36734771728516,259529.55667114258,SPY,1219
2017-06-22,259490.36908721924,78.36734771728516,259412.00173950195,SPY,1219
2017-06-23,259800.21561431885,78.36734771728516,259721.84826660156,SPY,1219
2017-06-26,259971.0980758667,78.36734771728516,259892.7307281494,SPY,1219
2017-06-27,257877.3554611206,78.36734771728516,257798.98811340332,SPY,1219
2017-06-28,260184.76160430908,78.36734771728516,260106.3942565918,SPY,1219
2017-06-29,257898.76459503174,78.36734771728516,257820.39724731445,SPY,1219
2017-06-30,258379.40058135986,78.36734771728516,258301.03323364258,SPY,1219
2017-07-03,258817.44150543213,78.36734771728516,258739.07415771484,SPY,1219
2017-07-05,259415.613822937,78.36734771728516,259337.24647521973,SPY,1219
2017-07-06,257044.12908172607,78.36734771728516,256965.7617340088,SPY,1219
2017-07-07,258710.58184051514,78.36734771728516,258632.21449279785,SPY,1219
2017-07-10,258988.28676605225,78.36734771728516,258909.91941833496,SPY,1219
2017-07-11,258796.05097198486,78.36734771728516,258717.68362426758,SPY,1219
2017-07-12,260740.24585723877,78.36734771728516,260661.87850952148,SPY,1219
2017-07-13,261178.2495803833,78.36734771728516,261099.88223266602,SPY,1219
2017-07-14,262396.0033493042,78.36734771728516,262317.6360015869,SPY,1219
2017-07-17,262363.95475006104,78.36734771728516,262285.58740234375,SPY,1219
2017-07-18,262502.8072128296,78.36734771728516,262424.4398651123,SPY,1219
2017-07-19,263923.6036453247,78.36734771728516,263845.2362976074,SPY,1219
2017-07-20,264041.13997650146,78.36734771728516,263962.7726287842,SPY,1219
2017-07-21,263806.12311553955,78.36734771728516,263727.75576782227,SPY,1219
2017-07-24,263742.0445175171,78.36734771728516,263663.6771697998,SPY,1219
2017-07-25,264382.90489959717,78.36734771728516,264304.5375518799,SPY,1219
2017-07-26,264393.63736724854,78.36734771728516,264315.27001953125,SPY,1219
2017-07-27,264147.88803863525,78.36734771728516,264069.52069091797,SPY,1219
2017-07-28,263838.09731292725,78.36734771728516,263759.72996520996,SPY,1219
2017-07-31,263688.6239852905,78.36734771728516,263610.25663757324,SPY,1219
2017-08-01,264276.06383514404,78.36734771728516,264197.69648742676,SPY,1219
2017-08-02,264404.33263397217,78.36734771728516,264325.9652862549,SPY,1219
2017-08-03,263891.5364456177,78.36734771728516,263813.1690979004,SPY,1219
2017-08-04,264372.24683380127,78.36734771728516,264293.879486084,SPY,1219
2017-08-07,264863.6338882446,78.36734771728516,264785.26654052734,SPY,1219
2017-08-08,264212.05963897705,78.36734771728516,264133.69229125977,SPY,1219
2017-08-09,264201.3271713257,78.36734771728516,264122.9598236084,SPY,1219
2017-08-10,260473.21759796143,78.36734771728516,260394.85025024414,SPY,1219
2017-08-11,260857.6891860962,78.36734771728516,260779.3218383789,SPY,1219
2017-08-14,263442.8560562134,78.36734771728516,263364.4887084961,SPY,1219
2017-08-15,263410.84465789795,78.36734771728516,263332.47731018066,SPY,1219
2017-08-16,263870.1645126343,78.36734771728516,263791.797164917,SPY,1219
2017-08-17,259757.52754974365,78.36734771728516,259679.16020202637,SPY,1219
2017-08-18,259351.47942352295,78.36734771728516,259273.11207580566,SPY,1219
2017-08-21,259554.52208709717,78.36734771728516,259476.15473937988,SPY,1219
2017-08-22,262267.8461532593,78.36734771728516,262189.478805542,SPY,1219
2017-08-23,261327.72290802002,78.36734771728516,261249.35556030273,SPY,1219
2017-08-24,260718.81812286377,78.36734771728516,260640.45077514648,SPY,1219
2017-08-25,261327.72290802002,78.36734771728516,261249.35556030273,SPY,1219
2017-08-28,261338.4553756714,78.36734771728516,261260.0880279541,SPY,1219
2017-08-29,261637.5322341919,78.36734771728516,261559.1648864746,SPY,1219
2017-08-30,262876.6951370239,78.36734771728516,262798.32778930664,SPY,1219
2017-08-31,264457.75316619873,78.36734771728516,264379.38581848145,SPY,1219
2017-09-01,264831.6782913208,78.36734771728516,264753.3109436035,SPY,1219
2017-09-05,262930.13426971436,78.36734771728516,262851.76692199707,SPY,1219
2017-09-06,263827.43924713135,78.36734771728516,263749.07189941406,SPY,1219
2017-09-07,263795.3348464966,78.36734771728516,263716.9674987793,SPY,1219
2017-09-08,263485.5999221802,78.36734771728516,263407.2325744629,SPY,1219
2017-09-11,266295.1069869995,78.36734771728516,266216.7396392822,SPY,1219
2017-09-12,267192.44916534424,78.36734771728516,267114.08181762695,SPY,1219
2017-09-13,267320.5691604614,78.36734771728516,267242.20181274414,SPY,1219
2017-09-14,267235.11862945557,78.36734771728516,267156.7512817383,SPY,1219
2017-09-15,267594.7771987915,78.36734771728516,267516.4098510742,SPY,1219
2017-09-18,268163.78398895264,78.36734771728516,268085.41664123535,SPY,1219
2017-09-19,268432.18868255615,78.36734771728516,268353.82133483887,SPY,1219
2017-09-20,268528.83669281006,78.36734771728516,268450.4693450928,SPY,1219
2017-09-21,267809.5195541382,78.36734771728516,267731.1522064209,SPY,1219
2017-09-22,267863.181892395,78.36734771728516,267784.81454467773,SPY,1219
2017-09-25,267315.6958389282,78.36734771728516,267237.32849121094,SPY,1219
2017-09-26,267476.7014541626,78.36734771728516,267398.3341064453,SPY,1219
2017-09-27,268518.06702423096,78.36734771728516,268439.6996765137,SPY,1219
2017-09-28,268840.1526565552,78.36734771728516,268761.7853088379,SPY,1219
2017-09-29,269784.8330154419,78.36734771728516,269706.4656677246,SPY,1219
2017-10-02,270954.9695968628,78.36734771728516,270876.6022491455,SPY,1219
2017-10-03,271534.7088546753,78.36734771728516,271456.341506958,SPY,1219
2017-10-04,271856.7572860718,78.36734771728516,271778.3899383545,SPY,1219
2017-10-05,273467.03664398193,78.36734771728516,273388.66929626465,SPY,1219
2017-10-06,273155.7392807007,78.36734771728516,273077.3719329834,SPY,1219
2017-10-09,272704.8454360962,78.36734771728516,272626.4780883789,SPY,1219
2017-10-10,273424.12537384033,78.36734771728516,273345.75802612305,SPY,1219
2017-10-11,273853.5356826782,78.36734771728516,273775.16833496094,SPY,1219
2017-10-12,273445.59030914307,78.36734771728516,273367.2229614258,SPY,1219
2017-10-13,273778.3898086548,78.36734771728516,273700.0224609375,SPY,1219
2017-10-16,274143.36811065674,78.36734771728516,274065.00076293945,SPY,1219
2017-10-17,274336.60832977295,78.36734771728516,274258.24098205566,SPY,1219
2017-10-18,274605.03162384033,78.36734771728516,274526.66427612305,SPY,1219
2017-10-19,274680.14029693604,78.36734771728516,274601.77294921875,SPY,1219
2017-10-20,276097.2352371216,78.36734771728516,276018.8678894043,SPY,1219
2017-10-23,275023.7466659546,78.36734771728516,274945.3793182373,SPY,1219
2017-10-24,275506.8379135132,78.36734771728516,275428.4705657959,SPY,1219
2017-10-25,274143.36811065674,78.36734771728516,274065.00076293945,SPY,1219
2017-10-26,274497.6697463989,78.36734771728516,274419.30239868164,SPY,1219
2017-10-27,276741.3693008423,78.36734771728516,276663.001953125,SPY,1219
2017-10-30,275710.7361984253,78.36734771728516,275632.368850708,SPY,1219
2017-10-31,276140.1837081909,78.36734771728516,276061.81636047363,SPY,1219
2017-11-01,276505.1620101929,78.36734771728516,276426.7946624756,SPY,1219
2017-11-02,276612.54248809814,78.36734771728516,276534.17514038086,SPY,1219
2017-11-03,277535.81371307373,78.36734771728516,277457.44636535645,SPY,1219
2017-11-06,277965.2426223755,78.36734771728516,277886.8752746582,SPY,1219
2017-11-07,277771.9838027954,78.36734771728516,277693.6164550781,SPY,1219
2017-11-08,278244.4169845581,78.36734771728516,278166.0496368408,SPY,1219
2017-11-09,277235.23021698,78.36734771728516,277156.8628692627,SPY,1219
2017-11-10,277149.2774734497,78.36734771728516,277070.9101257324,SPY,1219
2017-11-13,277406.931098938,78.36734771728516,277328.5637512207,SPY,1219
2017-11-14,276762.8528366089,78.36734771728516,276684.4854888916,SPY,1219
2017-11-15,275378.01110076904,78.36734771728516,275299.64375305176,SPY,1219
2017-11-16,277718.3214645386,78.36734771728516,277639.9541168213,SPY,1219
2017-11-17,276902.37491607666,78.36734771728516,276824.0075683594,SPY,1219
2017-11-20,277374.75229644775,78.36734771728516,277296.38494873047,SPY,1219
2017-11-21,279189.0601425171,78.36734771728516,279110.6927947998,SPY,1219
2017-11-22,278942.21338653564,78.36734771728516,278863.84603881836,SPY,1219
2017-11-24,279586.29164886475,78.36734771728516,279507.92430114746,SPY,1219
2017-11-27,279446.8067703247,78.36734771728516,279368.4394226074,SPY,1219
2017-11-28,282280.92224884033,78.36734771728516,282202.55490112305,SPY,1219
2017-11-29,282109.1097640991,78.36734771728516,282030.74241638184,SPY,1219
2017-11-30,284578.26554107666,78.36734771728516,284499.8981933594,SPY,1219
2017-12-01,283987.8868179321,78.36734771728516,283909.51947021484,SPY,1219
2017-12-04,283644.29904937744,78.36734771728516,283565.93170166016,SPY,1219
2017-12-05,282624.37981414795,78.36734771728516,282546.01246643066,SPY,1219
2017-12-06,282678.0793533325,78.36734771728516,282599.71200561523,SPY,1219
2017-12-07,283569.11597442627,78.36734771728516,283490.748626709,SPY,1219
2017-12-08,285114.98192596436,78.36734771728516,285036.61457824707,SPY,1219
2017-12-11,285973.8769454956,78.36734771728516,285895.5095977783,SPY,1219
2017-12-12,286478.4517288208,78.36734771728516,286400.0843811035,SPY,1219
2017-12-13,286446.17992401123,78.36734771728516,286367.81257629395,SPY,1219
2017-12-14,285276.04334259033,78.36734771728516,285197.67599487305,SPY,1219
2017-12-15,287651.0249710083,78.36734771728516,287572.657623291,SPY,1219
2017-12-18,289474.5772476196,78.36734771728516,289396.20989990234,SPY,1219
2017-12-19,288363.1437301636,78.36734771728516,288284.7763824463,SPY,1219
2017-12-20,288212.1265640259,78.36734771728516,288133.7592163086,SPY,1219
2017-12-21,288805.61156463623,78.36734771728516,288727.24421691895,SPY,1219
2017-12-22,288730.0750808716,78.36734771728516,288651.7077331543,SPY,1219
2017-12-26,288384.7388687134,78.36734771728516,288306.3715209961,SPY,1219
2017-12-27,288524.986366272,78.36734771728516,288446.6190185547,SPY,1219
2017-12-28,289118.56436920166,78.36734771728516,289040.1970214844,SPY,1219
2017-12-29,288028.65158843994,78.36734771728516,287950.28424072266,SPY,1219
2018-01-02,290089.5457839966,78.36734771728516,290011.1784362793,SPY,1219
2018-01-03,291923.96073150635,78.36734771728516,291845.59338378906,SPY,1219
2018-01-04,293154.0280075073,78.36734771728516,293075.66065979004,SPY,1219
2018-01-05,295107.1325149536,78.36734771728516,295028.7651672363,SPY,1219
2018-01-08,295646.7319717407,78.36734771728516,295568.36462402344,SPY,1219
2018-01-09,296315.6046524048,78.36734771728516,296237.2373046875,SPY,1219
2018-01-10,295862.34854888916,78.36734771728516,295783.9812011719,SPY,1219
2018-01-11,298020.5045700073,78.36734771728516,297942.13722229004,SPY,1219
2018-01-12,299962.7836074829,78.36734771728516,299884.4162597656,SPY,1219
2018-01-16,298937.6562423706,78.36734771728516,298859.2888946533,SPY,1219
2018-01-17,301786.3544845581,78.36734771728516,301707.9871368408,SPY,1219
2018-01-18,301279.1198348999,78.36734771728516,301200.7524871826,SPY,1219
2018-01-19,302649.639213562,78.36734771728516,302571.2718658447,SPY,1219
2018-01-22,305109.7551651001,78.36734771728516,305031.3878173828,SPY,1219
2018-01-23,305757.1629104614,78.36734771728516,305678.79556274414,SPY,1219
2018-01-24,305638.39894866943,78.36734771728516,305560.03160095215,SPY,1219
2018-01-25,305767.9511795044,78.36734771728516,305689.5838317871,SPY,1219
2018-01-26,309307.24744415283,78.36734771728516,309228.88009643555,SPY,1219
2018-01-29,307257.1043167114,78.36734771728516,307178.73696899414,SPY,1219
2018-01-30,304106.12993621826,78.36734771728516,304027.762588501,SPY,1219
2018-01-31,304257.31450653076,78.36734771728516,304178.9471588135,SPY,1219
2018-02-01,303912.052696228,78.36734771728516,303833.68534851074,SPY,1219
2018-02-02,297297.5975418091,78.36734771728516,297219.2301940918,SPY,1219
2018-02-05,284867.14934539795,78.36734771728516,284788.78199768066,SPY,1219
2018-02-06,290478.09087371826,78.36734771728516,290399.723526001,SPY,1219
2018-02-07,288902.76178741455,78.36734771728516,288824.39443969727,SPY,1219
2018-02-08,278069.2006149292,78.36734771728516,277990.8332672119,SPY,1219
2018-02-09,282245.0977554321,78.36734771728516,282166.73040771484,SPY,1219
2018-02-12,286388.57428741455,78.36734771728516,286310.20693969727,SPY,1219
2018-02-13,287100.6372451782,78.36734771728516,287022.26989746094,SPY,1219
2018-02-14,290974.3698501587,78.36734771728516,290896.0025024414,SPY,1219
2018-02-15,294686.33422088623,78.36734771728516,294607.96687316895,SPY,1219
2018-02-16,294772.5659713745,78.36734771728516,294694.1986236572,SPY,1219
2018-02-20,292927.5301589966,78.36734771728516,292849.1628112793,SPY,1219
2018-02-21,291470.8162307739,78.36734771728516,291392.44888305664,SPY,1219
2018-02-22,291848.46144866943,78.36734771728516,291770.09410095215,SPY,1219
2018-02-23,296498.94942474365,78.36734771728516,296420.58207702637,SPY,1219
2018-02-26,299941.16986846924,78.36734771728516,299862.80252075195,SPY,1219
2018-02-27,296196.91509246826,78.36734771728516,296118.547744751,SPY,1219
2018-02-28,293197.1252822876,78.36734771728516,293118.7579345703,SPY,1219
2018-03-01,288935.052192688,78.36734771728516,288856.6848449707,SPY,1219
2018-03-02,290424.1123275757,78.36734771728516,290345.7449798584,SPY,1219
2018-03-05,293779.8592147827,78.36734771728516,293701.49186706543,SPY,1219
2018-03-06,294524.4543838501,78.36734771728516,294446.0870361328,SPY,1219
2018-03-07,294416.5716934204,78.36734771728516,294338.2043457031,SPY,1219
2018-03-08,295840.86501312256,78.36734771728516,295762.4976654053,SPY,1219
2018-03-09,300987.8179702759,78.36734771728516,300909.4506225586,SPY,1219
2018-03-12,300610.1541519165,78.36734771728516,300531.7868041992,SPY,1219
2018-03-13,298667.96811676025,78.36734771728516,298589.60076904297,SPY,1219
2018-03-14,297135.71770477295,78.36734771728516,297057.35035705566,SPY,1219
2018-03-15,296812.03243255615,78.36734771728516,296733.66508483887,SPY,1219
2018-03-16,297133.72745513916,78.36734771728516,297055.3601074219,SPY,1219
2018-03-19,293114.576423645,78.36734771728516,293036.20907592773,SPY,1219
2018-03-20,293612.95725250244,78.36734771728516,293534.58990478516,SPY,1219
2018-03-21,293049.49340057373,78.36734771728516,292971.12605285645,SPY,1219
2018-03-22,285726.06296539307,78.36734771728516,285647.6956176758,SPY,1219
2018-03-23,279637.59172821045,78.36734771728516,279559.22438049316,SPY,1219
2018-03-26,287286.0838699341,78.36734771728516,287207.7165222168,SPY,1219
2018-03-27,282400.13262176514,78.36734771728516,282321.76527404785,SPY,1219
2018-03-28,281565.9390182495,78.36734771728516,281487.5716705322,SPY,1219
2018-03-29,285162.7479171753,78.36734771728516,285084.380569458,SPY,1219
2018-04-02,279009.26805877686,78.36734771728516,278930.90071105957,SPY,1219
2018-04-03,282584.35161590576,78.36734771728516,282505.9842681885,SPY,1219
2018-04-04,285606.8711929321,78.36734771728516,285528.50384521484,SPY,1219
2018-04-05,287860.3545913696,78.36734771728516,287781.98724365234,SPY,1219
2018-04-06,281446.76584625244,78.36734771728516,281368.39849853516,SPY,1219
2018-04-09,282833.4862289429,78.36734771728516,282755.1188812256,SPY,1219
2018-04-10,287329.3857498169,78.36734771728516,287251.0184020996,SPY,1219
2018-04-11,285823.5293960571,78.36734771728516,285745.16204833984,SPY,1219
2018-04-12,288174.4048233032,78.36734771728516,288096.03747558594,SPY,1219
2018-04-13,287329.3857498169,78.36734771728516,287251.0184020996,SPY,1219
2018-04-16,289691.1238479614,78.36734771728516,289612.75650024414,SPY,1219
2018-04-17,292789.4961166382,78.36734771728516,292711.1287689209,SPY,1219
2018-04-18,293006.22872161865,78.36734771728516,292927.86137390137,SPY,1219
2018-04-19,291381.1619949341,78.36734771728516,291302.7946472168,SPY,1219
2018-04-20,288911.1133956909,78.36734771728516,288832.74604797363,SPY,1219
2018-04-23,288867.830116272,78.36734771728516,288789.4627685547,SPY,1219
2018-04-24,284978.52892303467,78.36734771728516,284900.1615753174,SPY,1219
2018-04-25,285682.7238845825,78.36734771728516,285604.35653686523,SPY,1219
2018-04-26,288586.0888900757,78.36734771728516,288507.7215423584,SPY,1219
2018-04-27,288856.89304351807,78.36734771728516,288778.5256958008,SPY,1219
2018-04-30,286636.07205963135,78.36734771728516,286557.70471191406,SPY,1219
2018-05-01,287145.24115753174,78.36734771728516,287066.87380981445,SPY,1219
2018-05-02,285216.8380661011,78.36734771728516,285138.4707183838,SPY,1219
2018-05-03,284588.5515975952,78.36734771728516,284510.18424987793,SPY,1219
2018-05-04,288271.8526535034,78.36734771728516,288193.48530578613,SPY,1219
2018-05-07,289246.944770813,78.36734771728516,289168.5774230957,SPY,1219
2018-05-08,289246.944770813,78.36734771728516,289168.5774230957,SPY,1219
2018-05-09,292041.9992752075,78.36734771728516,291963.63192749023,SPY,1219
2018-05-10,294772.0079574585,78.36734771728516,294693.6406097412,SPY,1219
2018-05-11,295671.1729812622,78.36734771728516,295592.8056335449,SPY,1219
2018-05-14,295812.07149505615,78.36734771728516,295733.70414733887,SPY,1219
2018-05-15,293775.3207015991,78.36734771728516,293696.95335388184,SPY,1219
2018-05-16,295010.3171005249,78.36734771728516,294931.9497528076,SPY,1219
2018-05-17,294761.2754898071,78.36734771728516,294682.90814208984,SPY,1219
2018-05-18,294024.4739151001,78.36734771728516,293946.1065673828,SPY,1219
2018-05-21,296234.5438308716,78.36734771728516,296156.1764831543,SPY,1219
2018-05-22,295411.1942977905,78.36734771728516,295332.82695007324,SPY,1219
2018-05-23,296223.68115997314,78.36734771728516,296145.31381225586,SPY,1219
2018-05-24,295617.06423187256,78.36734771728516,295538.6968841553,SPY,1219
2018-05-25,294912.9250717163,78.36734771728516,294834.557723999,SPY,1219
2018-05-29,291522.0233078003,78.36734771728516,291443.655960083,SPY,1219
2018-05-30,295411.1942977905,78.36734771728516,295332.82695007324,SPY,1219
2018-05-31,293602.05738067627,78.36734771728516,293523.690032959,SPY,1219
2018-06-01,296483.7342453003,78.36734771728516,296405.366897583,SPY,1219
2018-06-04,297892.08696746826,78.36734771728516,297813.719619751,SPY,1219
2018-06-05,298108.81957244873,78.36734771728516,298030.45222473145,SPY,1219
2018-06-06,300600.50051116943,78.36734771728516,300522.13316345215,SPY,1219
2018-06-07,300567.9682998657,78.36734771728516,300489.60095214844,SPY,1219
2018-06-08,301456.30785369873,78.36734771728516,301377.94050598145,SPY,1219
2018-06-11,301857.1478500366,78.36734771728516,301778.78050231934,SPY,1219
2018-06-12,302247.14377593994,78.36734771728516,302168.77642822266,SPY,1219
2018-06-13,301282.9701309204,78.36734771728516,301204.6027832031,SPY,1219
2018-06-14,302041.404045105,78.36734771728516,301963.0366973877,SPY,1219
2018-06-15,301656.0768356323,78.36734771728516,301577.70948791504,SPY,1219
2018-06-18,301035.8629684448,78.36734771728516,300957.49562072754,SPY,1219
2018-06-19,299882.26219940186,78.36734771728516,299803.89485168457,SPY,1219
2018-06-20,300393.7935562134,78.36734771728516,300315.4262084961,SPY,1219
2018-06-21,298511.1290054321,78.36734771728516,298432.76165771484,SPY,1219
2018-06-22,299055.21117401123,78.36734771728516,298976.84382629395,SPY,1219
2018-06-25,294985.28087615967,78.36734771728516,294906.9135284424,SPY,1219
2018-06-26,295638.2501602173,78.36734771728516,295559.8828125,SPY,1219
2018-06-27,293189.7408981323,78.36734771728516,293111.37355041504,SPY,1219
2018-06-28,294865.6054916382,78.36734771728516,294787.2381439209,SPY,1219
2018-06-29,295290.10527801514,78.36734771728516,295211.73793029785,SPY,1219
2018-07-02,295921.25621795654,78.36734771728516,295842.88887023926,SPY,1219
2018-07-03,294876.56116485596,78.36734771728516,294798.1938171387,SPY,1219
2018-07-05,297281.4337387085,78.36734771728516,297203.0663909912,SPY,1219
2018-07-06,299795.3794326782,78.36734771728516,299717.01208496094,SPY,1219
2018-07-09,302494.0835342407,78.36734771728516,302415.71618652344,SPY,1219
2018-07-10,303582.28507232666,78.36734771728516,303503.9177246094,SPY,1219
2018-07-11,301362.3383102417,78.36734771728516,301283.9709625244,SPY,1219
2018-07-12,304093.6862258911,78.36734771728516,304015.3188781738,SPY,1219
2018-07-13,304333.1299972534,78.36734771728516,304254.76264953613,SPY,1219
2018-07-16,304061.0982131958,78.36734771728516,303982.7308654785,SPY,1219
2018-07-17,305290.71907806396,78.36734771728516,305212.3517303467,SPY,1219
2018-07-18,305932.76988983154,78.36734771728516,305854.40254211426,SPY,1219
2018-07-19,304779.41092681885,78.36734771728516,304701.04357910156,SPY,1219
2018-07-20,304431.1544418335,78.36734771728516,304352.7870941162,SPY,1219
2018-07-23,304996.9991531372,78.36734771728516,304918.6318054199,SPY,1219
2018-07-24,306531.2956161499,78.36734771728516,306452.9282684326,SPY,1219
2018-07-25,309143.11695098877,78.36734771728516,309064.7496032715,SPY,1219
2018-07-26,308413.96016693115,78.36734771728516,308335.59281921387,SPY,1219
2018-07-27,306324.5514602661,78.36734771728516,306246.1841125488,SPY,1219
2018-07-30,304724.81856536865,78.36734771728516,304646.45121765137,SPY,1219
2018-07-31,306226.50841522217,78.36734771728516,306148.1410675049,SPY,1219
2018-08-01,305715.1630630493,78.36734771728516,305636.79571533203,SPY,1219
2018-08-02,307380.10918426514,78.36734771728516,307301.74183654785,SPY,1219
2018-08-03,308696.9104232788,78.36734771728516,308618.5430755615,SPY,1219
2018-08-06,309828.6184463501,78.36734771728516,309750.2510986328,SPY,1219
2018-08-07,310851.4951553345,78.36734771728516,310773.1278076172,SPY,1219
2018-08-08,310721.03150177,78.36734771728516,310642.66415405273,SPY,1219
2018-08-09,310296.53171539307,78.36734771728516,310218.1643676758,SPY,1219
2018-08-10,308218.06008148193,78.36734771728516,308139.69273376465,SPY,1219
2018-08-13,307064.51511383057,78.36734771728516,306986.1477661133,SPY,1219
2018-08-14,309023.3113632202,78.36734771728516,308944.94401550293,SPY,1219
2018-08-15,306716.35163116455,78.36734771728516,306637.98428344727,SPY,1219
2018-08-16,309197.37450408936,78.36734771728516,309119.00715637207,SPY,1219
2018-08-17,310285.6876449585,78.36734771728516,310207.3202972412,SPY,1219
2018-08-20,310949.51959991455,78.36734771728516,310871.15225219727,SPY,1219
2018-08-21,311678.63918304443,78.36734771728516,311600.27183532715,SPY,1219
2018-08-22,311493.60176849365,78.36734771728516,311415.23442077637,SPY,1219
2018-08-23,311080.1506576538,78.36734771728516,311001.7833099365,SPY,1219
2018-08-24,312951.8595352173,78.36734771728516,312873.4921875,SPY,1219
2018-08-27,315422.112739563,78.36734771728516,315343.7453918457,SPY,1219
2018-08-28,315574.4133377075,78.36734771728516,315496.04598999023,SPY,1219
2018-08-29,317272.0776748657,78.36734771728516,317193.71032714844,SPY,1219
2018-08-30,315987.93885040283,78.36734771728516,315909.57150268555,SPY,1219
2018-08-31,315998.838722229,78.36734771728516,315920.4713745117,SPY,1219
2018-09-04,315454.66355133057,78.36734771728516,315376.2962036133,SPY,1219
2018-09-05,314605.96158599854,78.36734771728516,314527.59423828125,SPY,1219
2018-09-06,313659.1235733032,78.36734771728516,313580.75622558594,SPY,1219
2018-09-07,313049.8095779419,78.36734771728516,312971.4422302246,SPY,1219
2018-09-10,313593.8731460571,78.36734771728516,313515.50579833984,SPY,1219
2018-09-11,314627.61252593994,78.36734771728516,314549.24517822266,SPY,1219
2018-09-12,314703.80002593994,78.36734771728516,314625.43267822266,SPY,1219
2018-09-13,316564.5904312134,78.36734771728516,316486.2230834961,SPY,1219
2018-09-14,316619.08979034424,78.36734771728516,316540.72244262695,SPY,1219
2018-09-17,314943.1507949829,78.36734771728516,314864.7834472656,SPY,1219
2018-09-18,316651.7150039673,78.36734771728516,316573.34765625,SPY,1219
2018-09-19,316989.23902130127,78.36734771728516,316910.871673584,SPY,1219
2018-09-20,319557.2190628052,78.36734771728516,319478.8517150879,SPY,1219
2018-09-21,319265.377784729,78.36734771728516,319187.0104370117,SPY,1219
2018-09-24,318205.0397415161,78.36734771728516,318126.6723937988,SPY,1219
2018-09-25,317909.9247817993,78.36734771728516,317831.55743408203,SPY,1219
2018-09-26,316958.7714614868,78.36734771728516,316880.40411376953,SPY,1219
2018-09-27,317844.37674713135,78.36734771728516,317766.00939941406,SPY,1219
2018-09-28,317877.2251663208,78.36734771728516,317798.8578186035,SPY,1219
2018-10-01,318981.1998977661,78.36734771728516,318902.8325500488,SPY,1219
2018-10-02,318795.41846466064,78.36734771728516,318717.05111694336,SPY,1219
2018-10-03,318970.2256240845,78.36734771728516,318891.8582763672,SPY,1219
2018-10-04,316477.94947052,78.36734771728516,316399.58212280273,SPY,1219
2018-10-05,314707.14810943604,78.36734771728516,314628.78076171875,SPY,1219
2018-10-08,314707.14810943604,78.36734771728516,314628.78076171875,SPY,1219
2018-10-09,314247.8282546997,78.36734771728516,314169.4609069824,SPY,1219
2018-10-10,304300.2629776001,78.36734771728516,304221.8956298828,SPY,1219
2018-10-11,297599.2040634155,78.36734771728516,297520.83671569824,SPY,1219
2018-10-12,301731.46451568604,78.36734771728516,301653.09716796875,SPY,1219
2018-10-15,300036.999458313,78.36734771728516,299958.6321105957,SPY,1219
2018-10-16,306595.89502716064,78.36734771728516,306517.52767944336,SPY,1219
2018-10-17,306650.54319000244,78.36734771728516,306572.17584228516,SPY,1219
2018-10-18,302223.2979812622,78.36734771728516,302144.9306335449,SPY,1219
2018-10-19,302059.3534927368,78.36734771728516,301980.98614501953,SPY,1219
2018-10-22,300703.7516860962,78.36734771728516,300625.3843383789,SPY,1219
2018-10-23,299173.4171218872,78.36734771728516,299095.0497741699,SPY,1219
2018-10-24,290111.32692718506,78.36734771728516,290032.9595794678,SPY,1219
2018-10-25,295314.6764907837,78.36734771728516,295236.3091430664,SPY,1219
2018-10-26,290122.26399993896,78.36734771728516,290043.8966522217,SPY,1219
2018-10-29,288515.23972320557,78.36734771728516,288436.8723754883,SPY,1219
2018-10-30,292789.51471710205,78.36734771728516,292711.14736938477,SPY,1219
2018-10-31,295915.86208343506,78.36734771728516,295837.4947357178,SPY,1219
2018-11-01,299064.1207962036,78.36734771728516,298985.7534484863,SPY,1219
2018-11-02,297293.2078323364,78.36734771728516,297214.84048461914,SPY,1219
2018-11-05,298932.9689254761,78.36734771728516,298854.6015777588,SPY,1219
2018-11-06,300824.1338882446,78.36734771728516,300745.76654052734,SPY,1219
2018-11-07,307262.6658554077,78.36734771728516,307184.29850769043,SPY,1219
2018-11-08,306705.2657546997,78.36734771728516,306626.8984069824,SPY,1219
2018-11-09,303710.0516586304,78.36734771728516,303631.6843109131,SPY,1219
2018-11-12,298036.64977264404,78.36734771728516,297958.28242492676,SPY,1219
2018-11-13,297479.0264663696,78.36734771728516,297400.65911865234,SPY,1219
2018-11-14,295445.8469619751,78.36734771728516,295367.4796142578,SPY,1219
2018-11-15,298528.46463775635,78.36734771728516,298450.09729003906,SPY,1219
2018-11-16,299304.5875930786,78.36734771728516,299226.2202453613,SPY,1219
2018-11-19,294243.3269729614,78.36734771728516,294164.95962524414,SPY,1219
2018-11-20,288799.5106124878,78.36734771728516,288721.1432647705,SPY,1219
2018-11-21,289783.28914642334,78.36734771728516,289704.92179870605,SPY,1219
2018-11-23,287848.48749542236,78.36734771728516,287770.1201477051,SPY,1219
2018-11-26,292494.34395599365,78.36734771728516,292415.97660827637,SPY,1219
2018-11-27,293478.15969085693,78.36734771728516,293399.79234313965,SPY,1219
2018-11-28,300233.71796417236,78.36734771728516,300155.3506164551,SPY,1219
2018-11-29,299577.8842086792,78.36734771728516,299499.5168609619,SPY,1219
2018-11-30,301403.46393585205,78.36734771728516,301325.09658813477,SPY,1219
2018-12-03,305393.375038147,78.36734771728516,305315.0076904297,SPY,1219
2018-12-04,295500.4393234253,78.36734771728516,295422.071975708,SPY,1219
2018-12-06,295052.24254608154,78.36734771728516,294973.87519836426,SPY,1219
2018-12-07,288198.30641937256,78.36734771728516,288119.9390716553,SPY,1219
2018-12-10,288744.8066482544,78.36734771728516,288666.4393005371,SPY,1219
2018-12-11,288810.46628570557,78.36734771728516,288732.0989379883,SPY,1219
2018-12-12,290264.3157424927,78.36734771728516,290185.9483947754,SPY,1219
2018-12-13,290165.9006881714,78.36734771728516,290087.5333404541,SPY,1219
2018-12-14,284809.56230926514,78.36734771728516,284731.19496154785,SPY,1219
2018-12-17,279223.54540252686,78.36734771728516,279145.17805480957,SPY,1219
2018-12-18,278917.51197052,78.36734771728516,278839.14462280273,SPY,1219
2018-12-19,274741.6520309448,78.36734771728516,274663.28468322754,SPY,1219
2018-12-20,270270.6957321167,78.36734771728516,270192.3283843994,SPY,1219
2018-12-21,264734.60247039795,78.36734771728516,264656.23512268066,SPY,1219
2018-12-24,257741.590675354,78.36734771728516,257663.22332763672,SPY,1219
2018-12-26,270759.92513275146,78.36734771728516,270681.5577850342,SPY,1219
2018-12-27,272838.1177597046,78.36734771728516,272759.7504119873,SPY,1219
2018-12-28,272486.23418426514,78.36734771728516,272407.86683654785,SPY,1219
2018-12-31,274872.2086868286,78.36734771728516,274793.8413391113,SPY,1219
2019-01-02,275158.0792160034,78.36734771728516,275079.71186828613,SPY,1219
2019-01-03,268593.9383163452,78.36734771728516,268515.57096862793,SPY,1219
2019-01-04,277588.0810165405,78.36734771728516,277509.71366882324,SPY,1219
2019-01-07,279776.0907821655,78.36734771728516,279697.72343444824,SPY,1219
2019-01-08,282403.98291778564,78.36734771728516,282325.61557006836,SPY,1219
2019-01-09,283723.4068222046,78.36734771728516,283645.0394744873,SPY,1219
2019-01-10,284724.0001754761,78.36734771728516,284645.6328277588,SPY,1219
2019-01-11,284833.947517395,78.36734771728516,284755.58016967773,SPY,1219
2019-01-14,283096.6641921997,78.36734771728516,283018.2968444824,SPY,1219
2019-01-15,286340.28748321533,78.36734771728516,286261.92013549805,SPY,1219
2019-01-16,287033.0059585571,78.36734771728516,286954.63861083984,SPY,1219
2019-01-17,289210.0786514282,78.36734771728516,289131.71130371094,SPY,1219
2019-01-18,293058.44022369385,78.36734771728516,292980.07287597656,SPY,1219
2019-01-22,289100.09410858154,78.36734771728516,289021.72676086426,SPY,1219
2019-01-23,289704.8695907593,78.36734771728516,289626.502243042,SPY,1219
2019-01-24,289858.73262786865,78.36734771728516,289780.36528015137,SPY,1219
2019-01-25,292310.68297576904,78.36734771728516,292232.31562805176,SPY,1219
2019-01-28,290089.6945877075,78.36734771728516,290011.32723999023,SPY,1219
2019-01-29,289704.8695907593,78.36734771728516,289626.502243042,SPY,1219
2019-01-30,294289.883934021,78.36734771728516,294211.5165863037,SPY,1219
2019-01-31,296873.76737213135,78.36734771728516,296795.40002441406,SPY,1219
2019-02-01,297016.67473602295,78.36734771728516,296938.30738830566,SPY,1219
2019-02-04,299105.82303619385,78.36734771728516,299027.45568847656,SPY,1219
2019-02-05,300359.3268966675,78.36734771728516,300280.9595489502,SPY,1219
2019-02-06,299963.43462371826,78.36734771728516,299885.067276001,SPY,1219
2019-02-07,297104.65493011475,78.36734771728516,297026.28758239746,SPY,1219
2019-02-08,297467.5313796997,78.36734771728516,297389.1640319824,SPY,1219
2019-02-11,297632.40589141846,78.36734771728516,297554.0385437012,SPY,1219
2019-02-12,301458.78171539307,78.36734771728516,301380.4143676758,SPY,1219
2019-02-13,302437.33351898193,78.36734771728516,302358.96617126465,SPY,1219
2019-02-14,301766.6379928589,78.36734771728516,301688.2706451416,SPY,1219
2019-02-15,305054.2699813843,78.36734771728516,304975.902633667,SPY,1219
2019-02-19,305581.98374176025,78.36734771728516,305503.61639404297,SPY,1219
2019-02-20,306197.77069854736,78.36734771728516,306119.4033508301,SPY,1219
2019-02-21,305109.2901535034,78.36734771728516,305030.92280578613,SPY,1219
2019-02-22,307000.41791534424,78.36734771728516,306922.05056762695,SPY,1219
2019-02-25,307418.221534729,78.36734771728516,307339.8541870117,SPY,1219
2019-02-26,307198.3826522827,78.36734771728516,307120.01530456543,SPY,1219
2019-02-27,307066.3565597534,78.36734771728516,306987.98921203613,SPY,1219
2019-02-28,306494.6713027954,78.36734771728516,306416.3039550781,SPY,1219
2019-03-01,308407.8778152466,78.36734771728516,308329.5104675293,SPY,1219
2019-03-04,307286.23264312744,78.36734771728516,307207.86529541016,SPY,1219
2019-03-05,306868.4662246704,78.36734771728516,306790.0988769531,SPY,1219
2019-03-06,305010.3170852661,78.36734771728516,304931.9497375488,SPY,1219
2019-03-07,302459.3006668091,78.36734771728516,302380.9333190918,SPY,1219
2019-03-08,301854.58098602295,78.36734771728516,301776.21363830566,SPY,1219
2019-03-11,306230.7493209839,78.36734771728516,306152.3819732666,SPY,1219
2019-03-12,307385.1313095093,78.36734771728516,307306.763961792,SPY,1219
2019-03-13,309419.408241272,78.36734771728516,309341.0408935547,SPY,1219
2019-03-14,309221.40630340576,78.36734771728516,309143.0389556885,SPY,1219
2019-03-15,310748.80199432373,78.36734771728516,310670.43464660645,SPY,1219
2019-03-18,311875.2460861206,78.36734771728516,311796.8787384033,SPY,1219
2019-03-19,311952.642616272,78.36734771728516,311874.2752685547,SPY,1219
2019-03-20,311013.8400039673,78.36734771728516,310935.47265625,SPY,1219
2019-03-21,314525.8307876587,78.36734771728516,314447.4634399414,SPY,1219
2019-03-22,308473.87226104736,78.36734771728516,308395.5049133301,SPY,1219
2019-03-25,308241.90587615967,78.36734771728516,308163.5385284424,SPY,1219
2019-03-26,310538.98876190186,78.36734771728516,310460.62141418457,SPY,1219
2019-03-27,308915.4844741821,78.36734771728516,308837.11712646484,SPY,1219
2019-03-28,310086.2534713745,78.36734771728516,310007.8861236572,SPY,1219
2019-03-29,312040.86461639404,78.36734771728516,311962.49726867676,SPY,1219
2019-04-01,315740.5154800415,78.36734771728516,315662.1481323242,SPY,1219
2019-04-02,315895.12253570557,78.36734771728516,315816.7551879883,SPY,1219
2019-04-03,316392.1269302368,78.36734771728516,316313.75958251953,SPY,1219
2019-04-04,317231.41706085205,78.36734771728516,317153.04971313477,SPY,1219
2019-04-05,318766.55054473877,78.36734771728516,318688.1831970215,SPY,1219
2019-04-08,319009.47260284424,78.36734771728516,318931.10525512695,SPY,1219
2019-04-09,317375.0870437622,78.36734771728516,317296.7196960449,SPY,1219
2019-04-10,318457.3736343384,78.36734771728516,318379.0062866211,SPY,1219
2019-04-11,318368.90982818604,78.36734771728516,318290.54248046875,SPY,1219
2019-04-12,320522.471534729,78.36734771728516,320444.1041870117,SPY,1219
2019-04-15,320312.69550323486,78.36734771728516,320234.3281555176,SPY,1219
2019-04-16,320522.471534729,78.36734771728516,320444.1041870117,SPY,1219
2019-04-17,319738.4247817993,78.36734771728516,319660.05743408203,SPY,1219
2019-04-18,320367.75287628174,78.36734771728516,320289.38552856445,SPY,1219
2019-04-22,320643.895362854,78.36734771728516,320565.5280151367,SPY,1219
2019-04-23,323526.3720474243,78.36734771728516,323448.00469970703,SPY,1219
2019-04-24,322808.46854400635,78.36734771728516,322730.10119628906,SPY,1219
2019-04-25,322609.7039871216,78.36734771728516,322531.3366394043,SPY,1219
2019-04-26,324111.65424346924,78.36734771728516,324033.28689575195,SPY,1219
2019-04-29,324619.7073135376,78.36734771728516,324541.3399658203,SPY,1219
2019-04-30,324785.43744659424,78.36734771728516,324707.07009887695,SPY,1219
2019-05-01,322344.6845779419,78.36734771728516,322266.3172302246,SPY,1219
2019-05-02,321648.9528274536,78.36734771728516,321570.5854797363,SPY,1219
2019-05-03,324796.48612213135,78.36734771728516,324718.11877441406,SPY,1219
2019-05-06,323460.1171951294,78.36734771728516,323381.7498474121,SPY,1219
2019-05-07,318059.62131500244,78.36734771728516,317981.25396728516,SPY,1219
2019-05-08,317618.08350372314,78.36734771728516,317539.71615600586,SPY,1219
2019-05-09,316657.3695449829,78.36734771728516,316579.0021972656,SPY,1219
2019-05-10,318247.48600006104,78.36734771728516,318169.11865234375,SPY,1219
2019-05-13,310251.8348007202,78.36734771728516,310173.46745300293,SPY,1219
2019-05-14,313057.02655792236,78.36734771728516,312978.6592102051,SPY,1219
2019-05-15,314890.2510757446,78.36734771728516,314811.88372802734,SPY,1219
2019-05-16,317805.76218414307,78.36734771728516,317727.3948364258,SPY,1219
2019-05-17,315751.6385574341,78.36734771728516,315673.2712097168,SPY,1219
2019-05-20,313664.33170318604,78.36734771728516,313585.96435546875,SPY,1219
2019-05-21,316491.5650100708,78.36734771728516,316413.1976623535,SPY,1219
2019-05-22,315519.8395767212,78.36734771728516,315441.4722290039,SPY,1219
2019-05-23,311665.47005462646,78.36734771728516,311587.1027069092,SPY,1219
2019-05-24,312372.231880188,78.36734771728516,312293.8645324707,SPY,1219
2019-05-28,309467.7322463989,78.36734771728516,309389.36489868164,SPY,1219
2019-05-29,307391.5112686157,78.36734771728516,307313.14392089844,SPY,1219
2019-05-30,308230.80139923096,78.36734771728516,308152.4340515137,SPY,1219
2019-05-31,304078.4524459839,78.36734771728516,304000.0850982666,SPY,1219
2019-06-03,303305.32416534424,78.36734771728516,303226.95681762695,SPY,1219
2019-06-04,309887.43311309814,78.36734771728516,309809.06576538086,SPY,1219
2019-06-05,312570.959236145,78.36734771728516,312492.59188842773,SPY,1219
2019-06-06,314603.1343154907,78.36734771728516,314524.76696777344,SPY,1219
2019-06-07,317750.4816055298,78.36734771728516,317672.1142578125,SPY,1219
2019-06-10,319208.16275787354,78.36734771728516,319129.79541015625,SPY,1219
2019-06-11,319131.00803375244,78.36734771728516,319052.64068603516,SPY,1219
2019-06-12,318567.82318878174,78.36734771728516,318489.45584106445,SPY,1219
2019-06-13,319881.9087600708,78.36734771728516,319803.5414123535,SPY,1219
2019-06-14,319528.61154937744,78.36734771728516,319450.24420166016,SPY,1219
2019-06-17,319650.03537750244,78.36734771728516,319571.66802978516,SPY,1219
2019-06-18,322996.33322906494,78.36734771728516,322917.96588134766,SPY,1219
2019-06-19,323725.1366043091,78.36734771728516,323646.7692565918,SPY,1219
2019-06-20,326817.38932037354,78.36734771728516,326739.02197265625,SPY,1219
2019-06-21,326342.40787506104,78.36734771728516,326264.04052734375,SPY,1219
2019-06-24,325942.9071121216,78.36734771728516,325864.5397644043,SPY,1219
2019-06-25,322746.8638076782,78.36734771728516,322668.49645996094,SPY,1219
2019-06-26,322425.03858184814,78.36734771728516,322346.67123413086,SPY,1219
2019-06-27,323568.07428741455,78.36734771728516,323489.70693969727,SPY,1219
2019-06-28,325232.74140167236,78.36734771728516,325154.3740539551,SPY,1219
2019-07-01,328184.5978164673,78.36734771728516,328106.23046875,SPY,1219
2019-07-02,329039.1031265259,78.36734771728516,328960.7357788086,SPY,1219
2019-07-03,331669.1343154907,78.36734771728516,331590.76696777344,SPY,1219
2019-07-05,331291.9541091919,78.36734771728516,331213.5867614746,SPY,1219
2019-07-08,329471.93592071533,78.36734771728516,329393.56857299805,SPY,1219
2019-07-09,329882.44815826416,78.36734771728516,329804.0808105469,SPY,1219
2019-07-10,331458.3910598755,78.36734771728516,331380.0237121582,SPY,1219
2019-07-11,332235.14643096924,78.36734771728516,332156.77908325195,SPY,1219
2019-07-12,333722.1419143677,78.36734771728516,333643.7745666504,SPY,1219
2019-07-15,333833.2238845825,78.36734771728516,333754.85653686523,SPY,1219
2019-07-16,332756.7406387329,78.36734771728516,332678.3732910156,SPY,1219
2019-07-17,330492.952583313,78.36734771728516,330414.5852355957,SPY,1219
2019-07-18,331702.429145813,78.36734771728516,331624.0617980957,SPY,1219
2019-07-19,329860.35080718994,78.36734771728516,329781.98345947266,SPY,1219
2019-07-22,330670.3266067505,78.36734771728516,330591.9592590332,SPY,1219
2019-07-23,333034.1851577759,78.36734771728516,332955.8178100586,SPY,1219
2019-07-24,334599.0049819946,78.36734771728516,334520.63763427734,SPY,1219
2019-07-25,333000.8903274536,78.36734771728516,332922.5229797363,SPY,1219
2019-07-26,335231.4951553345,78.36734771728516,335153.1278076172,SPY,1219
2019-07-29,334621.1395339966,78.36734771728516,334542.7721862793,SPY,1219
2019-07-30,333799.92905426025,78.36734771728516,333721.56170654297,SPY,1219
2019-07-31,330148.8068008423,78.36734771728516,330070.439453125,SPY,1219
2019-08-01,327274.7003250122,78.36734771728516,327196.3329772949,SPY,1219
2019-08-02,324810.88288116455,78.36734771728516,324732.51553344727,SPY,1219
2019-08-05,315045.3045425415,78.36734771728516,314966.9371948242,SPY,1219
2019-08-06,319462.0218887329,78.36734771728516,319383.6545410156,SPY,1219
2019-08-07,319650.70499420166,78.36734771728516,319572.3376464844,SPY,1219
2019-08-08,325920.7725601196,78.36734771728516,325842.40521240234,SPY,1219
2019-08-09,323701.2536087036,78.36734771728516,323622.8862609863,SPY,1219
2019-08-12,319761.6753616333,78.36734771728516,319683.308013916,SPY,1219
2019-08-13,324733.2445449829,78.36734771728516,324654.8771972656,SPY,1219
2019-08-14,315134.10315704346,78.36734771728516,315055.7358093262,SPY,1219
2019-08-15,315966.2507095337,78.36734771728516,315887.8833618164,SPY,1219
2019-08-16,320627.229347229,78.36734771728516,320548.8619995117,SPY,1219
2019-08-19,324489.0948562622,78.36734771728516,324410.7275085449,SPY,1219
2019-08-20,322003.32886505127,78.36734771728516,321924.961517334,SPY,1219
2019-08-21,324622.3857803345,78.36734771728516,324544.0184326172,SPY,1219
2019-08-22,324522.3896865845,78.36734771728516,324444.0223388672,SPY,1219
2019-08-23,316188.2286453247,78.36734771728516,316109.8612976074,SPY,1219
2019-08-26,319683.8882217407,78.36734771728516,319605.52087402344,SPY,1219
2019-08-27,318429.95655059814,78.36734771728516,318351.58920288086,SPY,1219
2019-08-28,320671.6844558716,78.36734771728516,320593.3171081543,SPY,1219
2019-08-29,324766.6509780884,78.36734771728516,324688.2836303711,SPY,1219
2019-08-30,324622.3857803345,78.36734771728516,324544.0184326172,SPY,1219
2019-09-03,322724.72925567627,78.36734771728516,322646.361907959,SPY,1219
2019-09-04,326386.9745864868,78.36734771728516,326308.60723876953,SPY,1219
2019-09-05,330581.6767959595,78.36734771728516,330503.3094482422,SPY,1219
2019-09-06,330836.912361145,78.36734771728516,330758.54501342773,SPY,1219
2019-09-09,331003.27490997314,78.36734771728516,330924.90756225586,SPY,1219
2019-09-10,330925.59937286377,78.36734771728516,330847.2320251465,SPY,1219
2019-09-11,333278.2604446411,78.36734771728516,333199.8930969238,SPY,1219
2019-09-12,334432.5308303833,78.36734771728516,334354.163482666,SPY,1219
2019-09-13,334210.4784927368,78.36734771728516,334132.11114501953,SPY,1219
2019-09-16,333178.30155181885,78.36734771728516,333099.93420410156,SPY,1219
2019-09-17,334021.90699005127,78.36734771728516,333943.539642334,SPY,1219
2019-09-18,334221.56436920166,78.36734771728516,334143.1970214844,SPY,1219
2019-09-19,334199.4298171997,78.36734771728516,334121.0624694824,SPY,1219
2019-09-20,332620.77124786377,78.36734771728516,332542.4039001465,SPY,1219
2019-09-23,332542.7609024048,78.36734771728516,332464.3935546875,SPY,1219
2019-09-24,329933.97144317627,78.36734771728516,329855.604095459,SPY,1219
2019-09-25,331884.93689727783,78.36734771728516,331806.56954956055,SPY,1219
2019-09-26,331193.74365997314,78.36734771728516,331115.37631225586,SPY,1219
2019-09-27,329409.9219741821,78.36734771728516,329331.55462646484,SPY,1219
2019-09-30,330937.28046417236,78.36734771728516,330858.9131164551,SPY,1219
2019-10-01,327001.83152008057,78.36734771728516,326923.4641723633,SPY,1219
2019-10-02,321226.83390045166,78.36734771728516,321148.4665527344,SPY,1219
2019-10-03,323857.86951446533,78.36734771728516,323779.50216674805,SPY,1219
2019-10-04,328239.2831802368,78.36734771728516,328160.91583251953,SPY,1219
2019-10-07,326823.37866973877,78.36734771728516,326745.0113220215,SPY,1219
2019-10-08,321750.73456573486,78.36734771728516,321672.3672180176,SPY,1219
2019-10-09,324805.5259475708,78.36734771728516,324727.1585998535,SPY,1219
2019-10-10,327001.83152008057,78.36734771728516,326923.4641723633,SPY,1219
2019-10-11,330391.05924224854,78.36734771728516,330312.69189453125,SPY,1219
2019-10-14,330023.14206695557,78.36734771728516,329944.7747192383,SPY,1219
2019-10-15,333289.68112945557,78.36734771728516,333211.3137817383,SPY,1219
2019-10-16,332754.4713821411,78.36734771728516,332676.1040344238,SPY,1219
2019-10-17,333735.6086502075,78.36734771728516,333657.24130249023,SPY,1219
2019-10-18,332275.1374282837,78.36734771728516,332196.7700805664,SPY,1219
2019-10-21,334527.1327896118,78.36734771728516,334448.76544189453,SPY,1219
2019-10-22,333434.6159439087,78.36734771728516,333356.2485961914,SPY,1219
2019-10-23,334404.55573272705,78.36734771728516,334326.18838500977,SPY,1219
2019-10-24,334950.7769546509,78.36734771728516,334872.4096069336,SPY,1219
2019-10-25,336322.11475372314,78.36734771728516,336243.74740600586,SPY,1219
2019-10-28,338217.4276199341,78.36734771728516,338139.0602722168,SPY,1219
2019-10-29,338117.022315979,78.36734771728516,338038.6549682617,SPY,1219
2019-10-30,339153.960975647,78.36734771728516,339075.5936279297,SPY,1219
2019-10-31,338250.7596511841,78.36734771728516,338172.3923034668,SPY,1219
2019-11-01,341383.561378479,78.36734771728516,341305.1940307617,SPY,1219
2019-11-04,342754.86197662354,78.36734771728516,342676.49462890625,SPY,1219
2019-11-05,342375.821723938,78.36734771728516,342297.4543762207,SPY,1219
2019-11-06,342453.90647125244,78.36734771728516,342375.53912353516,SPY,1219
2019-11-07,343657.9144973755,78.36734771728516,343579.5471496582,SPY,1219
2019-11-08,344505.2028274536,78.36734771728516,344426.8354797363,SPY,1219
2019-11-11,343847.5276260376,78.36734771728516,343769.1602783203,SPY,1219
2019-11-12,344572.12729644775,78.36734771728516,344493.75994873047,SPY,1219
2019-11-13,344683.6184768677,78.36734771728516,344605.2511291504,SPY,1219
2019-11-14,345185.235786438,78.36734771728516,345106.8684387207,SPY,1219
2019-11-15,347682.60846710205,78.36734771728516,347604.24111938477,SPY,1219
2019-11-18,347939.10886383057,78.36734771728516,347860.7415161133,SPY,1219
2019-11-19,347838.66635894775,78.36734771728516,347760.29901123047,SPY,1219
2019-11-20,346545.41330718994,78.36734771728516,346467.04595947266,SPY,1219
2019-11-21,345987.95740509033,78.36734771728516,345909.59005737305,SPY,1219
2019-11-22,346757.2725906372,78.36734771728516,346678.9052429199,SPY,1219
2019-11-25,349444.0723953247,78.36734771728516,349365.7050476074,SPY,1219
2019-11-26,350235.596534729,78.36734771728516,350157.2291870117,SPY,1219
2019-11-27,351796.39865875244,78.36734771728516,351718.03131103516,SPY,1219
2019-11-29,350492.02252960205,78.36734771728516,350413.65518188477,SPY,1219
2019-12-02,347515.3530960083,78.36734771728516,347436.985748291,SPY,1219
2019-12-03,345185.235786438,78.36734771728516,345106.8684387207,SPY,1219
2019-12-04,347314.6912918091,78.36734771728516,347236.3239440918,SPY,1219
2019-12-05,347939.10886383057,78.36734771728516,347860.7415161133,SPY,1219
2019-12-06,351116.2912979126,78.36734771728516,351037.9239501953,SPY,1219
2019-12-09,350012.6513748169,78.36734771728516,349934.2840270996,SPY,1219
2019-12-10,349622.37644195557,78.36734771728516,349544.0090942383,SPY,1219
2019-12-11,350614.71118927,78.36734771728516,350536.34384155273,SPY,1219
2019-12-12,353636.021736145,78.36734771728516,353557.65438842773,SPY,1219
2019-12-13,353847.8066177368,78.36734771728516,353769.43927001953,SPY,1219
2019-12-16,356278.217628479,78.36734771728516,356199.8502807617,SPY,1219
2019-12-17,356356.2651748657,78.36734771728516,356277.89782714844,SPY,1219
2019-12-18,356378.47412872314,78.36734771728516,356300.10678100586,SPY,1219
2019-12-19,357838.945350647,78.36734771728516,357760.5780029297,SPY,1219
2019-12-20,359407.5596694946,78.36734771728516,359329.19232177734,SPY,1219
2019-12-23,359956.57096099854,78.36734771728516,359878.20361328125,SPY,1219
2019-12-24,359967.73123931885,78.36734771728516,359889.36389160156,SPY,1219
2019-12-26,361883.4302139282,78.36734771728516,361805.06286621094,SPY,1219
2019-12-27,361793.8131790161,78.36734771728516,361715.4458312988,SPY,1219
2019-12-30,359799.5830459595,78.36734771728516,359721.2156982422,SPY,1219
2019-12-31,360673.43283843994,78.36734771728516,360595.06549072266,SPY,1219
2020-01-02,364045.7713394165,78.36734771728516,363967.4039916992,SPY,1219
2020-01-03,361289.7034072876,78.36734771728516,361211.3360595703,SPY,1219
2020-01-06,362667.7745742798,78.36734771728516,362589.4072265625,SPY,1219
2020-01-07,361648.2459487915,78.36734771728516,361569.8786010742,SPY,1219
2020-01-08,363575.2540054321,78.36734771728516,363496.88665771484,SPY,1219
2020-01-09,366039.9642715454,78.36734771728516,365961.5969238281,SPY,1219
2020-01-10,364986.80600738525,78.36734771728516,364908.43865966797,SPY,1219
2020-01-13,367496.4921951294,78.36734771728516,367418.1248474121,SPY,1219
2020-01-14,366936.2462234497,78.36734771728516,366857.8788757324,SPY,1219
2020-01-15,367765.3432998657,78.36734771728516,367686.97595214844,SPY,1219
2020-01-16,370823.92917633057,78.36734771728516,370745.5618286133,SPY,1219
2020-01-17,371977.86475372314,78.36734771728516,371899.49740600586,SPY,1219
2020-01-21,371249.619392395,78.36734771728516,371171.25204467773,SPY,1219
2020-01-22,371294.4093093872,78.36734771728516,371216.0419616699,SPY,1219
2020-01-23,371720.1739273071,78.36734771728516,371641.80657958984,SPY,1219
2020-01-24,368415.13190460205,78.36734771728516,368336.76455688477,SPY,1219
2020-01-27,362510.82386016846,78.36734771728516,362432.4565124512,SPY,1219
2020-01-28,366308.8897781372,78.36734771728516,366230.5224304199,SPY,1219
2020-01-29,366006.33463287354,78.36734771728516,365927.96728515625,SPY,1219
2020-01-30,367193.899848938,78.36734771728516,367115.5325012207,SPY,1219
2020-01-31,360527.86560821533,78.36734771728516,360449.49826049805,SPY,1219
2020-02-03,363205.36518096924,78.36734771728516,363126.99783325195,SPY,1219
2020-02-04,368739.9704055786,78.36734771728516,368661.6030578613,SPY,1219
2020-02-05,372997.3561782837,78.36734771728516,372918.9888305664,SPY,1219
2020-02-06,374252.03186798096,78.36734771728516,374173.6645202637,SPY,1219
2020-02-07,372257.95053863525,78.36734771728516,372179.58319091797,SPY,1219
2020-02-10,375036.3390274048,78.36734771728516,374957.9716796875,SPY,1219
2020-02-11,375686.16483306885,78.36734771728516,375607.79748535156,SPY,1219
2020-02-12,378106.1595840454,78.36734771728516,378027.7922363281,SPY,1219
2020-02-13,377702.86432647705,78.36734771728516,377624.49697875977,SPY,1219
2020-02-14,378307.82581329346,78.36734771728516,378229.4584655762,SPY,1219
2020-02-18,377333.08710479736,78.36734771728516,377254.7197570801,SPY,1219
2020-02-19,379136.81128692627,78.36734771728516,379058.443939209,SPY,1219
2020-02-20,377579.58045196533,78.36734771728516,377501.21310424805,SPY,1219
2020-02-21,373691.97190093994,78.36734771728516,373613.60455322266,SPY,1219
2020-02-24,361300.90088653564,78.36734771728516,361222.53353881836,SPY,1219
2020-02-25,350355.12311553955,78.36734771728516,350276.75576782227,SPY,1219
2020-02-26,349066.7061843872,78.36734771728516,348988.3388366699,SPY,1219
2020-02-27,333393.0997085571,78.36734771728516,333314.73236083984,SPY,1219
2020-02-28,331992.63358306885,78.36734771728516,331914.26623535156,SPY,1219
2020-03-02,346366.62564849854,78.36734771728516,346288.25830078125,SPY,1219
2020-03-03,336451.6111831665,78.36734771728516,336373.2438354492,SPY,1219
2020-03-04,350590.344581604,78.36734771728516,350511.9772338867,SPY,1219
2020-03-05,338938.8280105591,78.36734771728516,338860.4606628418,SPY,1219
2020-03-06,333336.96350860596,78.36734771728516,333258.5961608887,SPY,1219
2020-03-09,307311.28746795654,78.36734771728516,307232.92012023926,SPY,1219
2020-03-10,323209.08533477783,78.36734771728516,323130.71798706055,SPY,1219
2020-03-11,307457.02210235596,78.36734771728516,307378.6547546387,SPY,1219
2020-03-12,278047.92168426514,78.36734771728516,277969.55433654785,SPY,1219
2020-03-13,301810.42348480225,78.36734771728516,301732.05613708496,SPY,1219
2020-03-16,268793.7817001343,78.36734771728516,268715.414352417,SPY,1219
2020-03-17,283302.29232025146,78.36734771728516,283223.9249725342,SPY,1219
2020-03-18,268961.8368911743,78.36734771728516,268883.46954345703,SPY,1219
2020-03-19,269533.1873397827,78.36734771728516,269454.81999206543,SPY,1219
2020-03-20,257921.30835723877,78.36734771728516,257842.94100952148,SPY,1219
2020-03-23,251328.70874786377,78.36734771728516,251250.34140014648,SPY,1219
2020-03-24,274092.774848938,78.36734771728516,274014.4075012207,SPY,1219
2020-03-25,278194.8095474243,78.36734771728516,278116.44219970703,SPY,1219
2020-03-26,294434.0375289917,78.36734771728516,294355.6701812744,SPY,1219
2020-03-27,285666.411277771,78.36734771728516,285588.0439300537,SPY,1219
2020-03-30,294941.17917633057,78.36734771728516,294862.8118286133,SPY,1219
2020-03-31,290546.0383682251,78.36734771728516,290467.6710205078,SPY,1219
2020-04-01,277473.61376190186,78.36734771728516,277395.24641418457,SPY,1219
2020-04-02,283874.5727920532,78.36734771728516,283796.20544433594,SPY,1219
2020-04-03,279772.55669403076,78.36734771728516,279694.1893463135,SPY,1219
2020-04-06,298558.5787887573,78.36734771728516,298480.21144104004,SPY,1219
2020-04-07,298862.8823776245,78.36734771728516,298784.5150299072,SPY,1219
2020-04-08,308892.4943008423,78.36734771728516,308814.126953125,SPY,1219
2020-04-09,313591.93869781494,78.36734771728516,313513.57135009766,SPY,1219
2020-04-13,310729.45751190186,78.36734771728516,310651.09016418457,SPY,1219
2020-04-14,319891.543800354,78.36734771728516,319813.1764526367,SPY,1219
2020-04-15,313096.1247329712,78.36734771728516,313017.7573852539,SPY,1219
2020-04-16,314606.1103897095,78.36734771728516,314527.7430419922,SPY,1219
2020-04-17,323103.2114944458,78.36734771728516,323024.8441467285,SPY,1219
2020-04-20,317412.25077056885,78.36734771728516,317333.88342285156,SPY,1219
2020-04-21,307776.9314804077,78.36734771728516,307698.56413269043,SPY,1219
2020-04-22,314606.1103897095,78.36734771728516,314527.7430419922,SPY,1219
2020-04-23,314583.5294265747,78.36734771728516,314505.1620788574,SPY,1219
2020-04-24,318967.39835357666,78.36734771728516,318889.0310058594,SPY,1219
2020-04-27,323565.2842178345,78.36734771728516,323486.9168701172,SPY,1219
2020-04-28,322077.73072052,78.36734771728516,321999.36337280273,SPY,1219
2020-04-29,330507.1633377075,78.36734771728516,330428.79598999023,SPY,1219
2020-04-30,327430.6466140747,78.36734771728516,327352.2792663574,SPY,1219
2020-05-01,318764.5044937134,78.36734771728516,318686.1371459961,SPY,1219
2020-05-04,319643.5252151489,78.36734771728516,319565.15786743164,SPY,1219
2020-05-05,322596.05124664307,78.36734771728516,322517.6838989258,SPY,1219
2020-05-06,320409.8271255493,78.36734771728516,320331.45977783203,SPY,1219
2020-05-07,324275.2267227173,78.36734771728516,324196.859375,SPY,1219
2020-05-08,329639.4516983032,78.36734771728516,329561.08435058594,SPY,1219
2020-05-11,329707.0457839966,78.36734771728516,329628.6784362793,SPY,1219
2020-05-12,323137.02713775635,78.36734771728516,323058.65979003906,SPY,1219
2020-05-13,317423.4482498169,78.36734771728516,317345.0809020996,SPY,1219
2020-05-14,321221.21656036377,78.36734771728516,321142.8492126465,SPY,1219
2020-05-15,322697.5725784302,78.36734771728516,322619.2052307129,SPY,1219
2020-05-18,332524.42084503174,78.36734771728516,332446.05349731445,SPY,1219
2020-05-19,329109.7848892212,78.36734771728516,329031.4175415039,SPY,1219
2020-05-20,334699.373085022,78.36734771728516,334621.0057373047,SPY,1219
2020-05-21,332389.15827178955,78.36734771728516,332310.79092407227,SPY,1219
2020-05-22,333020.2348098755,78.36734771728516,332941.8674621582,SPY,1219
2020-05-26,337122.2323074341,78.36734771728516,337043.8649597168,SPY,1219
2020-05-27,342137.177772522,78.36734771728516,342058.8104248047,SPY,1219
2020-05-28,341506.13843536377,78.36734771728516,341427.7710876465,SPY,1219
2020-05-29,343027.47037506104,78.36734771728516,342949.10302734375,SPY,1219
2020-06-01,344413.6141433716,78.36734771728516,344335.2467956543,SPY,1219
2020-06-02,347264.65604400635,78.36734771728516,347186.28869628906,SPY,1219
2020-06-03,351885.1972732544,78.36734771728516,351806.8299255371,SPY,1219
2020-06-04,350961.0890274048,78.36734771728516,350882.7216796875,SPY,1219
2020-06-05,359953.9668960571,78.36734771728516,359875.59954833984,SPY,1219
2020-06-08,364304.094581604,78.36734771728516,364225.7272338867,SPY,1219
2020-06-09,361588.12924957275,78.36734771728516,361509.76190185547,SPY,1219
2020-06-10,359570.90894317627,78.36734771728516,359492.541595459,SPY,1219
2020-06-11,338846.5325088501,78.36734771728516,338768.1651611328,SPY,1219
2020-06-12,342903.5168838501,78.36734771728516,342825.1495361328,SPY,1219
2020-06-15,346103.9498977661,78.36734771728516,346025.5825500488,SPY,1219
2020-06-16,352764.1807937622,78.36734771728516,352685.8134460449,SPY,1219
2020-06-17,351299.24546051025,78.36734771728516,351220.87811279297,SPY,1219
2020-06-18,351434.32202911377,78.36734771728516,351355.9546813965,SPY,1219
2020-06-19,349426.36475372314,78.36734771728516,349347.99740600586,SPY,1219
2020-06-22,351667.49744415283,78.36734771728516,351589.13009643555,SPY,1219
2020-06-23,353286.2214126587,78.36734771728516,353207.8540649414,SPY,1219
2020-06-24,344276.23111724854,78.36734771728516,344197.86376953125,SPY,1219
2020-06-25,347966.26554107666,78.36734771728516,347887.8981933594,SPY,1219
2020-06-26,339703.4558792114,78.36734771728516,339625.08853149414,SPY,1219
2020-06-29,344695.0391616821,78.36734771728516,344616.67181396484,SPY,1219
2020-06-30,349109.37564849854,78.36734771728516,349031.00830078125,SPY,1219
2020-07-01,351554.3694229126,78.36734771728516,351476.0020751953,SPY,1219
2020-07-02,353489.97089385986,78.36734771728516,353411.6035461426,SPY,1219
2020-07-06,358945.59854888916,78.36734771728516,358867.2312011719,SPY,1219
2020-07-07,355244.32944488525,78.36734771728516,355165.96209716797,SPY,1219
2020-07-08,357960.9643936157,78.36734771728516,357882.59704589844,SPY,1219
2020-07-09,355923.50678253174,78.36734771728516,355845.13943481445,SPY,1219
2020-07-10,359556.8841934204,78.36734771728516,359478.5168457031,SPY,1219
2020-07-13,356444.17096710205,78.36734771728516,356365.80361938477,SPY,1219
2020-07-14,361062.29413604736,78.36734771728516,360983.9267883301,SPY,1219
2020-07-15,364378.7568435669,78.36734771728516,364300.3894958496,SPY,1219
2020-07-16,363178.95252227783,78.36734771728516,363100.58517456055,SPY,1219
2020-07-17,364231.552772522,78.36734771728516,364153.1854248047,SPY,1219
2020-07-20,367174.4437637329,78.36734771728516,367096.0764160156,SPY,1219
2020-07-21,367955.51444244385,78.36734771728516,367877.14709472656,SPY,1219
2020-07-22,370049.5174636841,78.36734771728516,369971.1501159668,SPY,1219
2020-07-23,365635.14377593994,78.36734771728516,365556.77642822266,SPY,1219
2020-07-24,363280.8458633423,78.36734771728516,363202.478515625,SPY,1219
2020-07-27,365929.51471710205,78.36734771728516,365851.14736938477,SPY,1219
2020-07-28,363609.1068496704,78.36734771728516,363530.7395019531,SPY,1219
2020-07-29,368080.0259475708,78.36734771728516,368001.6585998535,SPY,1219
2020-07-30,366767.05640411377,78.36734771728516,366688.6890563965,SPY,1219
2020-07-31,369664.5994644165,78.36734771728516,369586.2321166992,SPY,1219
2020-08-03,372234.1047439575,78.36734771728516,372155.73739624023,SPY,1219
2020-08-04,373671.660194397,78.36734771728516,373593.2928466797,SPY,1219
2020-08-05,375992.0308609009,78.36734771728516,375913.6635131836,SPY,1219
2020-08-06,378504.7303237915,78.36734771728516,378426.3629760742,SPY,1219
2020-08-07,378776.3714981079,78.36734771728516,378698.0041503906,SPY,1219
2020-08-10,379908.3213272095,78.36734771728516,379829.9539794922,SPY,1219
2020-08-11,376773.0643386841,78.36734771728516,376694.6969909668,SPY,1219
2020-08-12,382024.9425125122,78.36734771728516,381946.5751647949,SPY,1219
2020-08-13,381334.53049468994,78.36734771728516,381256.16314697266,SPY,1219
2020-08-14,381345.8395767212,78.36734771728516,381267.4722290039,SPY,1219
2020-08-17,382557.027381897,78.36734771728516,382478.6600341797,SPY,1219
2020-08-18,383383.3343887329,78.36734771728516,383304.9670410156,SPY,1219
2020-08-19,381787.34018707275,78.36734771728516,381708.97283935547,SPY,1219
2020-08-20,382975.7610244751,78.36734771728516,382897.3936767578,SPY,1219
2020-08-21,384334.11569976807,78.36734771728516,384255.7483520508,SPY,1219
2020-08-24,388227.7508010864,78.36734771728516,388149.38345336914,SPY,1219
2020-08-25,389585.9938735962,78.36734771728516,389507.6265258789,SPY,1219
2020-08-26,393491.1240615845,78.36734771728516,393412.7567138672,SPY,1219
2020-08-27,394351.24671173096,78.36734771728516,394272.8793640137,SPY,1219
2020-08-28,396898.1338272095,78.36734771728516,396819.7664794922,SPY,1219
2020-08-31,395460.57837677,78.36734771728516,395382.21102905273,SPY,1219
2020-09-01,399184.4656448364,78.36734771728516,399106.09829711914,SPY,1219
2020-09-02,404957.19400787354,78.36734771728516,404878.82666015625,SPY,1219
2020-09-03,391023.5865249634,78.36734771728516,390945.2191772461,SPY,1219
2020-09-04,387831.6353225708,78.36734771728516,387753.2679748535,SPY,1219
2020-09-08,377237.1459121704,78.36734771728516,377158.7785644531,SPY,1219
2020-09-09,384684.9204483032,78.36734771728516,384606.55310058594,SPY,1219
2020-09-10,378006.7215042114,78.36734771728516,377928.35415649414,SPY,1219
2020-09-11,378199.2363052368,78.36734771728516,378120.86895751953,SPY,1219
2020-09-14,383179.47330474854,78.36734771728516,383101.10595703125,SPY,1219
2020-09-15,385115.03757476807,78.36734771728516,385036.6702270508,SPY,1219
2020-09-16,383586.8978652954,78.36734771728516,383508.5305175781,SPY,1219
2020-09-17,380213.92694854736,78.36734771728516,380135.5596008301,SPY,1219
2020-09-18,375837.57260894775,78.36734771728516,375759.20526123047,SPY,1219
2020-09-21,371655.5559158325,78.36734771728516,371577.18856811523,SPY,1219
2020-09-22,375439.8202896118,78.36734771728516,375361.45294189453,SPY,1219
2020-09-23,366734.80319976807,78.36734771728516,366656.4358520508,SPY,1219
2020-09-24,367712.0715713501,78.36734771728516,367633.7042236328,SPY,1219
2020-09-25,373655.6637954712,78.36734771728516,373577.2964477539,SPY,1219
2020-09-28,379860.48093414307,78.36734771728516,379782.1135864258,SPY,1219
2020-09-29,377792.220954895,78.36734771728516,377713.85360717773,SPY,1219
2020-09-30,380655.9483718872,78.36734771728516,380577.5810241699,SPY,1219
2020-10-01,383099.3425064087,78.36734771728516,383020.9751586914,SPY,1219
2020-10-02,379462.76581573486,78.36734771728516,379384.3984680176,SPY,1219
2020-10-05,386190.4419937134,78.36734771728516,386112.0746459961,SPY,1219
2020-10-06,380701.5195083618,78.36734771728516,380623.15216064453,SPY,1219
2020-10-07,387326.93033599854,78.36734771728516,387248.56298828125,SPY,1219
2020-10-08,390758.86472320557,78.36734771728516,390680.4973754883,SPY,1219
2020-10-09,394247.7165298462,78.36734771728516,394169.3491821289,SPY,1219
2020-10-12,400588.9122695923,78.36734771728516,400510.544921875,SPY,1219
2020-10-13,397975.21228790283,78.36734771728516,397896.84494018555,SPY,1219
2020-10-14,395474.9751358032,78.36734771728516,395396.60778808594,SPY,1219
2020-10-15,394986.3409500122,78.36734771728516,394907.9736022949,SPY,1219
2020-10-16,394747.6969985962,78.36734771728516,394669.3296508789,SPY,1219
2020-10-19,388747.4849624634,78.36734771728516,388669.1176147461,SPY,1219
2020-10-20,390304.23218536377,78.36734771728516,390225.8648376465,SPY,1219
2020-10-21,389565.57056427,78.36734771728516,389487.20321655273,SPY,1219
2020-10-22,391702.0570449829,78.36734771728516,391623.6896972656,SPY,1219
2020-10-23,393031.7670059204,78.36734771728516,392953.3996582031,SPY,1219
2020-10-26,385769.922706604,78.36734771728516,385691.5553588867,SPY,1219
2020-10-27,384440.36154937744,78.36734771728516,384361.99420166016,SPY,1219
2020-10-28,371303.1887283325,78.36734771728516,371224.82138061523,SPY,1219
2020-10-29,375076.21842193604,78.36734771728516,374997.85107421875,SPY,1219
2020-10-30,371166.9217300415,78.36734771728516,371088.5543823242,SPY,1219
2020-11-02,375326.1714553833,78.36734771728516,375247.804107666,SPY,1219
2020-11-03,381951.50788116455,78.36734771728516,381873.14053344727,SPY,1219
2020-11-04,390486.14472198486,78.36734771728516,390407.7773742676,SPY,1219
2020-11-05,398100.0958023071,78.36734771728516,398021.72845458984,SPY,1219
2020-11-06,398009.2883377075,78.36734771728516,397930.92098999023,SPY,1219
2020-11-09,403009.5022354126,78.36734771728516,402931.1348876953,SPY,1219
2020-11-10,402418.5282974243,78.36734771728516,402340.16094970703,SPY,1219
2020-11-11,405407.39963531494,78.36734771728516,405329.03228759766,SPY,1219
2020-11-12,401475.29877471924,78.36734771728516,401396.93142700195,SPY,1219
2020-11-13,407032.4105606079,78.36734771728516,406954.0432128906,SPY,1219
2020-11-16,412112.30884552,78.36734771728516,412033.94149780273,SPY,1219
2020-11-17,409896.2495803833,78.36734771728516,409817.882232666,SPY,1219
2020-11-18,404964.03897857666,78.36734771728516,404885.6716308594,SPY,1219
2020-11-19,406668.73429107666,78.36734771728516,406590.3669433594,SPY,1219
2020-11-20,403884.54245758057,78.36734771728516,403806.1751098633,SPY,1219
2020-11-23,406305.2440261841,78.36734771728516,406226.8766784668,SPY,1219
2020-11-24,412850.97046661377,78.36734771728516,412772.6031188965,SPY,1219
2020-11-25,412214.61139678955,78.36734771728516,412136.24404907227,SPY,1219
2020-11-27,413362.3716201782,78.36734771728516,413284.00427246094,SPY,1219
2020-11-30,411532.7555923462,78.36734771728516,411454.3882446289,SPY,1219
2020-12-01,416032.9146194458,78.36734771728516,415954.5472717285,SPY,1219
2020-12-02,416908.02924346924,78.36734771728516,416829.66189575195,SPY,1219
2020-12-03,416794.3804092407,78.36734771728516,416716.01306152344,SPY,1219
2020-12-04,420385.4603652954,78.36734771728516,420307.0930175781,SPY,1219
2020-12-07,419521.80362701416,78.36734771728516,419443.4362792969,SPY,1219
2020-12-08,420749.1738357544,78.36734771728516,420670.8064880371,SPY,1219
2020-12-09,416976.1813430786,78.36734771728516,416897.8139953613,SPY,1219
2020-12-10,416839.8399429321,78.36734771728516,416761.47259521484,SPY,1219
2020-12-11,416351.13135528564,78.36734771728516,416272.76400756836,SPY,1219
2020-12-14,414487.3276748657,78.36734771728516,414408.96032714844,SPY,1219
2020-12-15,420090.010597229,78.36734771728516,420011.6432495117,SPY,1219
2020-12-16,420749.1738357544,78.36734771728516,420670.8064880371,SPY,1219
2020-12-17,423101.5000991821,78.36734771728516,423023.13275146484,SPY,1219
2020-12-18,421412.54077911377,78.36734771728516,421334.1734313965,SPY,1219
2020-12-21,419905.9032058716,78.36734771728516,419827.5358581543,SPY,1219
2020-12-22,419198.3787612915,78.36734771728516,419120.0114135742,SPY,1219
2020-12-23,419575.1125564575,78.36734771728516,419496.74520874023,SPY,1219
2020-12-24,421207.0800552368,78.36734771728516,421128.71270751953,SPY,1219
2020-12-28,424824.94467926025,78.36734771728516,424746.57733154297,SPY,1219
2020-12-29,424014.59687042236,78.36734771728516,423936.2295227051,SPY,1219
2020-12-30,424619.3723526001,78.36734771728516,424541.0050048828,SPY,1219
2020-12-31,426776.4309463501,78.36734771728516,426698.0635986328,SPY,1219
2021-01-04,420967.3572769165,78.36734771728516,420888.9899291992,SPY,1219
2021-01-05,423866.053565979,78.36734771728516,423787.6862182617,SPY,1219
2021-01-06,426399.7343521118,78.36734771728516,426321.36700439453,SPY,1219
2021-01-07,432733.8991165161,78.36734771728516,432655.5317687988,SPY,1219
2021-01-08,435199.09299468994,78.36734771728516,435120.72564697266,SPY,1219
2021-01-11,432265.87424468994,78.36734771728516,432187.50689697266,SPY,1219
2021-01-12,432357.31412506104,78.36734771728516,432278.94677734375,SPY,1219
2021-01-13,433521.36835479736,78.36734771728516,433443.0010070801,SPY,1219
2021-01-14,432003.4216995239,78.36734771728516,431925.05435180664,SPY,1219
2021-01-15,428853.58194732666,78.36734771728516,428775.2145996094,SPY,1219
2021-01-19,432220.2659072876,78.36734771728516,432141.8985595703,SPY,1219
2021-01-20,438200.649848938,78.36734771728516,438122.2825012207,SPY,1219
2021-01-21,438599.92740631104,78.36734771728516,438521.56005859375,SPY,1219
2021-01-22,437047.83029937744,78.36734771728516,436969.46295166016,SPY,1219
2021-01-25,438771.23767852783,78.36734771728516,438692.87033081055,SPY,1219
2021-01-26,438086.5174026489,78.36734771728516,438008.15005493164,SPY,1219
2021-01-27,427381.31803131104,78.36734771728516,427302.95068359375,SPY,1219
2021-01-28,431056.10007476807,78.36734771728516,430977.7327270508,SPY,1219
2021-01-29,422428.0889053345,78.36734771728516,422349.7215576172,SPY,1219
2021-02-01,429458.50623321533,78.36734771728516,429380.13888549805,SPY,1219
2021-02-02,435529.9580459595,78.36734771728516,435451.5906982422,SPY,1219
2021-02-03,435872.2809829712,78.36734771728516,435793.9136352539,SPY,1219
2021-02-04,440825.4357070923,78.36734771728516,440747.068359375,SPY,1219
2021-02-05,442560.1521682739,78.36734771728516,442481.78482055664,SPY,1219
2021-02-08,445755.7490615845,78.36734771728516,445677.3817138672,SPY,1219
2021-02-09,445458.9600601196,78.36734771728516,445380.59271240234,SPY,1219
2021-02-10,445264.9200210571,78.36734771728516,445186.55267333984,SPY,1219
2021-02-11,445983.97675323486,78.36734771728516,445905.6094055176,SPY,1219
2021-02-12,448186.6436843872,78.36734771728516,448108.2763366699,SPY,1219
2021-02-16,447798.60080718994,78.36734771728516,447720.23345947266,SPY,1219
2021-02-17,447901.2753677368,78.36734771728516,447822.90802001953,SPY,1219
2021-02-18,445995.43463897705,78.36734771728516,445917.06729125977,SPY,1219
2021-02-19,445207.92819976807,78.36734771728516,445129.5608520508,SPY,1219
2021-02-22,441784.1036148071,78.36734771728516,441705.73626708984,SPY,1219
2021-02-23,442320.5037918091,78.36734771728516,442242.1364440918,SPY,1219
2021-02-24,447193.713722229,78.36734771728516,447115.3463745117,SPY,1219
2021-02-25,436420.13904571533,78.36734771728516,436341.77169799805,SPY,1219
2021-02-26,434171.8265762329,78.36734771728516,434093.4592285156,SPY,1219
2021-03-01,444694.369392395,78.36734771728516,444616.00204467773,SPY,1219
2021-03-02,441224.899269104,78.36734771728516,441146.5319213867,SPY,1219
2021-03-03,435381.6007461548,78.36734771728516,435303.2333984375,SPY,1219
2021-03-04,429994.8320083618,78.36734771728516,429916.46466064453,SPY,1219
2021-03-05,437903.7864456177,78.36734771728516,437825.4190979004,SPY,1219
2021-03-08,435723.96088409424,78.36734771728516,435645.59353637695,SPY,1219
2021-03-09,441943.88159942627,78.36734771728516,441865.514251709,SPY,1219
2021-03-10,444694.369392395,78.36734771728516,444616.00204467773,SPY,1219
2021-03-11,449202.34061431885,78.36734771728516,449123.97326660156,SPY,1219
2021-03-12,449807.1532974243,78.36734771728516,449728.78594970703,SPY,1219
2021-03-15,452489.2657852173,78.36734771728516,452410.8984375,SPY,1219
2021-03-16,451918.49195098877,78.36734771728516,451840.1246032715,SPY,1219
2021-03-17,453459.2799758911,78.36734771728516,453380.9126281738,SPY,1219
2021-03-18,446862.81147003174,78.36734771728516,446784.44412231445,SPY,1219
2021-03-19,446036.02085113525,78.36734771728516,445957.65350341797,SPY,1219
2021-03-22,449597.04245758057,78.36734771728516,449518.6751098633,SPY,1219
2021-03-23,446058.97382354736,78.36734771728516,445980.6064758301,SPY,1219
2021-03-24,443791.94928741455,78.36734771728516,443713.58193969727,SPY,1219
2021-03-25,446287.9083328247,78.36734771728516,446209.5409851074,SPY,1219
2021-03-26,453478.58725738525,78.36734771728516,453400.21990966797,SPY,1219
2021-03-29,453249.6527481079,78.36734771728516,453171.2854003906,SPY,1219
2021-03-30,452047.4303665161,78.36734771728516,451969.0630187988,SPY,1219
2021-03-31,453879.42725372314,78.36734771728516,453801.05990600586,SPY,1219
2021-04-01,458780.01706695557,78.36734771728516,458701.6497192383,SPY,1219
2021-04-05,465363.83725738525,78.36734771728516,465285.46990966797,SPY,1219
2021-04-06,465089.0340042114,78.36734771728516,465010.66665649414,SPY,1219
2021-04-07,465627.2198257446,78.36734771728516,465548.85247802734,SPY,1219
2021-04-08,467837.029335022,78.36734771728516,467758.6619873047,SPY,1219
2021-04-09,471237.6777420044,78.36734771728516,471159.3103942871,SPY,1219
2021-04-12,471409.434425354,78.36734771728516,471331.0670776367,SPY,1219
2021-04-13,472806.3292617798,78.36734771728516,472727.9619140625,SPY,1219
2021-04-14,471191.95780181885,78.36734771728516,471113.59045410156,SPY,1219
2021-04-15,476252.7720108032,78.36734771728516,476174.40466308594,SPY,1219
2021-04-16,477844.4509048462,78.36734771728516,477766.0835571289,SPY,1219
2021-04-19,475497.18396759033,78.36734771728516,475418.81661987305,SPY,1219
2021-04-20,472016.2187576294,78.36734771728516,471937.8514099121,SPY,1219
2021-04-21,476481.9669265747,78.36734771728516,476403.5995788574,SPY,1219
2021-04-22,472130.79761505127,78.36734771728516,472052.430267334,SPY,1219
2021-04-23,477248.9012527466,78.36734771728516,477170.5339050293,SPY,1219
2021-04-26,478245.1048965454,78.36734771728516,478166.7375488281,SPY,1219
2021-04-27,478142.0955276489,78.36734771728516,478063.72817993164,SPY,1219
2021-04-28,478004.7125015259,78.36734771728516,477926.3451538086,SPY,1219
2021-04-29,481050.3896560669,78.36734771728516,480972.0223083496,SPY,1219
2021-04-30,477890.09644317627,78.36734771728516,477811.729095459,SPY,1219
2021-05-03,478920.6365432739,78.36734771728516,478842.26919555664,SPY,1219
2021-05-04,475966.5108718872,78.36734771728516,475888.1435241699,SPY,1219
2021-05-05,476115.3889846802,78.36734771728516,476037.0216369629,SPY,1219
2021-05-06,479916.802986145,78.36734771728516,479838.43563842773,SPY,1219
2021-05-07,483409.11447906494,78.36734771728516,483330.74713134766,SPY,1219
2021-05-10,478622.9919204712,78.36734771728516,478544.6245727539,SPY,1219
2021-05-11,474352.13941192627,78.36734771728516,474273.772064209,SPY,1219
2021-05-12,464276.11933135986,78.36734771728516,464197.7519836426,SPY,1219
2021-05-13,469852.31519317627,78.36734771728516,469773.947845459,SPY,1219
2021-05-14,477065.8354873657,78.36734771728516,476987.46813964844,SPY,1219
2021-05-17,475852.118019104,78.36734771728516,475773.7506713867,SPY,1219
2021-05-18,471752.98499298096,78.36734771728516,471674.6176452637,SPY,1219
2021-05-19,470516.3889541626,78.36734771728516,470438.0216064453,SPY,1219
2021-05-20,475577.3147659302,78.36734771728516,475498.9474182129,SPY,1219
2021-05-21,475188.0442581177,78.36734771728516,475109.6769104004,SPY,1219
2021-05-24,480031.34464263916,78.36734771728516,479952.9772949219,SPY,1219
2021-05-25,478966.5796890259,78.36734771728516,478888.2123413086,SPY,1219
2021-05-26,479916.802986145,78.36734771728516,479838.43563842773,SPY,1219
2021-05-27,480168.76486968994,78.36734771728516,480090.39752197266,SPY,1219
2021-05-28,481027.5854873657,78.36734771728516,480949.21813964844,SPY,1219
2021-06-01,480603.8669204712,78.36734771728516,480525.4995727539,SPY,1219
2021-06-02,481359.5665664673,78.36734771728516,481281.19921875,SPY,1219
2021-06-03,479573.2896194458,78.36734771728516,479494.9222717285,SPY,1219
2021-06-04,483958.7209854126,78.36734771728516,483880.3536376953,SPY,1219
2021-06-07,483489.2824783325,78.36734771728516,483410.91513061523,SPY,1219
2021-06-08,483592.3662490845,78.36734771728516,483513.9989013672,SPY,1219
2021-06-09,482870.92865753174,78.36734771728516,482792.56130981445,SPY,1219
2021-06-10,485115.1862258911,78.36734771728516,485036.8188781738,SPY,1219
2021-06-11,485916.71741485596,78.36734771728516,485838.3500671387,SPY,1219
2021-06-14,487004.43534088135,78.36734771728516,486926.06799316406,SPY,1219
2021-06-15,486111.38986968994,78.36734771728516,486033.02252197266,SPY,1219
2021-06-16,483397.7309951782,78.36734771728516,483319.36364746094,SPY,1219
2021-06-17,483237.35779571533,78.36734771728516,483158.99044799805,SPY,1219
2021-06-18,476719.3832473755,78.36734771728516,476641.0158996582,SPY,1219
2021-06-21,483542.9262161255,78.36734771728516,483464.5588684082,SPY,1219
2021-06-22,486127.5722732544,78.36734771728516,486049.2049255371,SPY,1219
2021-06-23,485541.7692642212,78.36734771728516,485463.4019165039,SPY,1219
2021-06-24,488413.6436843872,78.36734771728516,488335.2763366699,SPY,1219
2021-06-25,490148.36014556885,78.36734771728516,490069.99279785156,SPY,1219
2021-06-28,491136.19358062744,78.36734771728516,491057.82623291016,SPY,1219
2021-06-29,491400.5433731079,78.36734771728516,491322.1760253906,SPY,1219
2021-06-30,491814.0316848755,78.36734771728516,491735.6643371582,SPY,1219
2021-07-01,494536.4699783325,78.36734771728516,494458.10263061523,SPY,1219
2021-07-02,498315.9726333618,78.36734771728516,498237.60528564453,SPY,1219
2021-07-06,497408.4932022095,78.36734771728516,497330.1258544922,SPY,1219
2021-07-07,499166.0138320923,78.36734771728516,499087.646484375,SPY,1219
2021-07-08,495099.5060195923,78.36734771728516,495021.138671875,SPY,1219
2021-07-09,500383.6373977661,78.36734771728516,500305.2700500488,SPY,1219
2021-07-12,502175.71768951416,78.36734771728516,502097.3503417969,SPY,1219
2021-07-13,500464.1402053833,78.36734771728516,500385.772857666,SPY,1219
2021-07-14,501210.7628250122,78.36734771728516,501132.3954772949,SPY,1219
2021-07-15,499499.1481399536,78.36734771728516,499420.7807922363,SPY,1219
2021-07-16,495581.8904495239,78.36734771728516,495503.52310180664,SPY,1219
2021-07-19,488264.3191604614,78.36734771728516,488185.95181274414,SPY,1219
2021-07-20,495260.2512283325,78.36734771728516,495181.88388061523,SPY,1219
2021-07-21,499269.4696121216,78.36734771728516,499191.1022644043,SPY,1219
2021-07-22,500314.7784805298,78.36734771728516,500236.4111328125,SPY,1219
2021-07-23,505461.19202423096,78.36734771728516,505382.8246765137,SPY,1219
2021-07-26,506701.8801651001,78.36734771728516,506623.5128173828,SPY,1219
2021-07-27,504392.93018341064,78.36734771728516,504314.56283569336,SPY,1219
2021-07-28,504186.0930252075,78.36734771728516,504107.72567749023,SPY,1219
2021-07-29,506276.7851638794,78.36734771728516,506198.4178161621,SPY,1219
2021-07-30,503818.5478591919,78.36734771728516,503740.1805114746,SPY,1219
2021-08-02,502761.59510040283,78.36734771728516,502683.22775268555,SPY,1219
2021-08-03,506851.27909088135,78.36734771728516,506772.91174316406,SPY,1219
2021-08-04,504358.3705215454,78.36734771728516,504280.0031738281,SPY,1219
2021-08-05,507551.9585647583,78.36734771728516,507473.591217041,SPY,1219
2021-08-06,508390.5418777466,78.36734771728516,508312.1745300293,SPY,1219
2021-08-09,507976.9419631958,78.36734771728516,507898.5746154785,SPY,1219
2021-08-10,508608.7625198364,78.36734771728516,508530.39517211914,SPY,1219
2021-08-11,509872.4036331177,78.36734771728516,509794.0362854004,SPY,1219
2021-08-12,511400.24573516846,78.36734771728516,511321.8783874512,SPY,1219
2021-08-13,512330.7525405884,78.36734771728516,512252.3851928711,SPY,1219
2021-08-16,513536.91822052,78.36734771728516,513458.55087280273,SPY,1219
2021-08-17,510170.97827911377,78.36734771728516,510092.6109313965,SPY,1219
2021-08-18,504588.1978530884,78.36734771728516,504509.8305053711,SPY,1219
2021-08-19,505369.2685317993,78.36734771728516,505290.90118408203,SPY,1219
2021-08-20,509389.7959976196,78.36734771728516,509311.42864990234,SPY,1219
2021-08-23,513870.0897293091,78.36734771728516,513791.7223815918,SPY,1219
2021-08-24,514685.72006988525,78.36734771728516,514607.35272216797,SPY,1219
2021-08-25,515765.5141983032,78.36734771728516,515687.14685058594,SPY,1219
2021-08-26,512721.39948272705,78.36734771728516,512643.03213500977,SPY,1219
2021-08-27,517304.8513870239,78.36734771728516,517226.48403930664,SPY,1219
2021-08-30,519579.35330963135,78.36734771728516,519500.98596191406,SPY,1219
2021-08-31,518809.7405166626,78.36734771728516,518731.3731689453,SPY,1219
2021-09-01,519085.43659210205,78.36734771728516,519007.06924438477,SPY,1219
2021-09-02,520682.2120132446,78.36734771728516,520603.84466552734,SPY,1219
2021-09-03,520555.9148635864,78.36734771728516,520477.54751586914,SPY,1219
2021-09-07,518694.7896499634,78.36734771728516,518616.4223022461,SPY,1219
2021-09-08,518062.96909332275,78.36734771728516,517984.60174560547,SPY,1219
2021-09-09,515845.9054031372,78.36734771728516,515767.5380554199,SPY,1219
2021-09-10,511779.32318878174,78.36734771728516,511700.95584106445,SPY,1219
2021-09-13,513088.9446487427,78.36734771728516,513010.5773010254,SPY,1219
2021-09-14,510320.52600860596,78.36734771728516,510242.1586608887,SPY,1219
2021-09-15,514582.3014907837,78.36734771728516,514503.9341430664,SPY,1219
2021-09-16,513766.6711502075,78.36734771728516,513688.30380249023,SPY,1219
2021-09-17,508762.77436065674,78.36734771728516,508684.40701293945,SPY,1219
2021-09-20,500280.9256362915,78.36734771728516,500202.5582885742,SPY,1219
2021-09-21,499808.4366531372,78.36734771728516,499730.0693054199,SPY,1219
2021-09-22,504683.1346206665,78.36734771728516,504604.7672729492,SPY,1219
2021-09-23,510814.1451187134,78.36734771728516,510735.7777709961,SPY,1219
2021-09-24,511655.40689849854,78.36734771728516,511577.03955078125,SPY,1219
2021-09-27,510191.7735977173,78.36734771728516,510113.40625,SPY,1219
2021-09-28,499912.15283966064,78.36734771728516,499833.78549194336,SPY,1219
2021-09-29,500753.34021759033,78.36734771728516,500674.97286987305,SPY,1219
2021-09-30,494634.01081085205,78.36734771728516,494555.64346313477,SPY,1219
2021-10-01,500511.4225845337,78.36734771728516,500433.0552368164,SPY,1219
2021-10-04,494057.7684402466,78.36734771728516,493979.4010925293,SPY,1219
2021-10-05,499197.59741973877,78.36734771728516,499119.2300720215,SPY,1219
2021-10-06,501272.0327529907,78.36734771728516,501193.66540527344,SPY,1219
2021-10-07,505605.12241363525,78.36734771728516,505526.75506591797,SPY,1219
2021-10-08,504683.1346206665,78.36734771728516,504604.7672729492,SPY,1219
2021-10-11,501029.96631622314,78.36734771728516,500951.59896850586,SPY,1219
2021-10-12,499796.90436553955,78.36734771728516,499718.53701782227,SPY,1219
2021-10-13,501594.67639923096,78.36734771728516,501516.3090515137,SPY,1219
2021-10-14,510030.5447769165,78.36734771728516,509952.1774291992,SPY,1219
2021-10-15,513914.1356277466,78.36734771728516,513835.7682800293,SPY,1219
2021-10-18,515435.3931655884,78.36734771728516,515357.0258178711,SPY,1219
2021-10-19,519411.27951812744,78.36734771728516,519332.91217041016,SPY,1219
2021-10-20,521451.1179885864,78.36734771728516,521372.75064086914,SPY,1219
2021-10-21,522810.96070098877,78.36734771728516,522732.5933532715,SPY,1219
2021-10-22,522269.38959503174,78.36734771728516,522191.02224731445,SPY,1219
2021-10-25,525069.6894302368,78.36734771728516,524991.3220825195,SPY,1219
2021-10-26,525542.2528152466,78.36734771728516,525463.8854675293,SPY,1219
2021-10-27,523214.36756134033,78.36734771728516,523136.00021362305,SPY,1219
2021-10-28,528261.975440979,78.36734771728516,528183.6080932617,SPY,1219
2021-10-29,529333.7713699341,78.36734771728516,529255.4040222168,SPY,1219
2021-11-01,530244.1896743774,78.36734771728516,530165.8223266602,SPY,1219
2021-11-02,532387.6699295044,78.36734771728516,532309.3025817871,SPY,1219
2021-11-03,535637.6545791626,78.36734771728516,535559.2872314453,SPY,1219
2021-11-04,538161.4771194458,78.36734771728516,538083.1097717285,SPY,1219
2021-11-05,540028.3312759399,78.36734771728516,539949.9639282227,SPY,1219
2021-11-08,540489.362373352,78.36734771728516,540410.9950256348,SPY,1219
2021-11-09,538703.0482254028,78.36734771728516,538624.6808776855,SPY,1219
2021-11-10,534369.8841629028,78.36734771728516,534291.5168151855,SPY,1219
2021-11-11,534542.682472229,78.36734771728516,534464.3151245117,SPY,1219
2021-11-12,538576.3418655396,78.36734771728516,538497.9745178223,SPY,1219
2021-11-15,538760.6724624634,78.36734771728516,538682.3051147461,SPY,1219
2021-11-16,540892.7320327759,78.36734771728516,540814.3646850586,SPY,1219
2021-11-17,539578.8696670532,78.36734771728516,539500.5023193359,SPY,1219
2021-11-18,541411.2013626099,78.36734771728516,541332.8340148926,SPY,1219
2021-11-19,540443.1960220337,78.36734771728516,540364.8286743164,SPY,1219
2021-11-22,538921.9756851196,78.36734771728516,538843.6083374023,SPY,1219
2021-11-23,539636.5311050415,78.36734771728516,539558.1637573242,SPY,1219
2021-11-24,541077.0998306274,78.36734771728516,540998.7324829102,SPY,1219
2021-11-26,529011.0905227661,78.36734771728516,528932.7231750488,SPY,1219
2021-11-29,535499.3415298462,78.36734771728516,535420.9741821289,SPY,1219
2021-11-30,525081.2961196899,78.36734771728516,525002.9287719727,SPY,1219
2021-12-01,519249.9762954712,78.36734771728516,519171.6089477539,SPY,1219
2021-12-02,527201.6745986938,78.36734771728516,527123.3072509766,SPY,1219
2021-12-03,522615.135017395,78.36734771728516,522536.76766967773,SPY,1219
2021-12-06,528803.6581497192,78.36734771728516,528725.290802002,SPY,1219
2021-12-07,539740.1356887817,78.36734771728516,539661.7683410645,SPY,1219
2021-12-08,541169.2093276978,78.36734771728516,541090.8419799805,SPY,1219
2021-12-09,537516.1154251099,78.36734771728516,537437.7480773926,SPY,1219
2021-12-10,542575.2183914185,78.36734771728516,542496.8510437012,SPY,1219
2021-12-13,537769.5653457642,78.36734771728516,537691.1979980469,SPY,1219
2021-12-14,534070.2678909302,78.36734771728516,533991.9005432129,SPY,1219
2021-12-15,542413.9523696899,78.36734771728516,542335.5850219727,SPY,1219
2021-12-16,537631.2522964478,78.36734771728516,537552.8849487305,SPY,1219
2021-12-17,531910.158821106,78.36734771728516,531831.7914733887,SPY,1219
2021-12-20,526255.0225906372,78.36734771728516,526176.6552429199,SPY,1219
2021-12-21,535599.3748245239,78.36734771728516,535521.0074768066,SPY,1219
2021-12-22,540953.9275588989,78.36734771728516,540875.5602111816,SPY,1219
2021-12-23,544319.2350845337,78.36734771728516,544240.8677368164,SPY,1219
2021-12-27,552021.4267654419,78.36734771728516,551943.0594177246,SPY,1219
2021-12-28,551570.4027175903,78.36734771728516,551492.035369873,SPY,1219
2021-12-29,552275.881111145,78.36734771728516,552197.5137634277,SPY,1219
2021-12-30,550749.3038406372,78.36734771728516,550670.9364929199,SPY,1219
2021-12-31,549361.5232315063,78.36734771728516,549283.1558837891,SPY,1219
2022-01-03,552541.9049453735,78.36734771728516,552463.5375976562,SPY,1219
2022-01-04,552356.7931289673,78.36734771728516,552278.42578125,SPY,1219
2022-01-05,541751.8502578735,78.36734771728516,541673.4829101562,SPY,1219
2022-01-06,541242.978767395,78.36734771728516,541164.6114196777,SPY,1219
2022-01-07,539103.5162124634,78.36734771728516,539025.1488647461,SPY,1219
2022-01-10,538432.6718826294,78.36734771728516,538354.3045349121,SPY,1219
2022-01-11,543336.2749710083,78.36734771728516,543257.907623291,SPY,1219
2022-01-12,544805.0047988892,78.36734771728516,544726.6374511719,SPY,1219
2022-01-13,537299.4200210571,78.36734771728516,537221.0526733398,SPY,1219
2022-01-14,537519.1659011841,78.36734771728516,537440.7985534668,SPY,1219
2022-01-18,528001.2341384888,78.36734771728516,527922.8667907715,SPY,1219
2022-01-19,522519.5658340454,78.36734771728516,522441.1984863281,SPY,1219
2022-01-20,516737.16522979736,78.36734771728516,516658.7978820801,SPY,1219
2022-01-21,506594.77869415283,78.36734771728516,506516.41134643555,SPY,1219
2022-01-24,508745.8479385376,78.36734771728516,508667.4805908203,SPY,1219
2022-01-25,502535.4878616333,78.36734771728516,502457.120513916,SPY,1219
2022-01-26,501274.934425354,78.36734771728516,501196.5670776367,SPY,1219
2022-01-27,498800.06830596924,78.36734771728516,498721.70095825195,SPY,1219
2022-01-28,511186.07999420166,78.36734771728516,511107.7126464844,SPY,1219
2022-01-31,520391.56116485596,78.36734771728516,520313.1938171387,SPY,1219
2022-02-01,523907.383644104,78.36734771728516,523829.0162963867,SPY,1219
2022-02-02,528995.9125442505,78.36734771728516,528917.5451965332,SPY,1219
2022-02-03,516563.66010284424,78.36734771728516,516485.29275512695,SPY,1219
2022-02-04,518992.3226699829,78.36734771728516,518913.9553222656,SPY,1219
2022-02-07,517327.0231399536,78.36734771728516,517248.6557922363,SPY,1219
2022-02-08,521582.8092727661,78.36734771728516,521504.4419250488,SPY,1219
2022-02-09,529215.584022522,78.36734771728516,529137.2166748047,SPY,1219
2022-02-10,519709.2589492798,78.36734771728516,519630.8916015625,SPY,1219
2022-02-11,509462.7842178345,78.36734771728516,509384.4168701172,SPY,1219
2022-02-14,507797.5218887329,78.36734771728516,507719.1545410156,SPY,1219
2022-02-15,515985.3716812134,78.36734771728516,515907.0043334961,SPY,1219
2022-02-16,516563.66010284424,78.36734771728516,516485.29275512695,SPY,1219
2022-02-17,505530.8321609497,78.36734771728516,505452.4648132324,SPY,1219
2022-02-18,502258.0061416626,78.36734771728516,502179.6387939453,SPY,1219
2022-02-22,496868.78214263916,78.36734771728516,496790.4147949219,SPY,1219
2022-02-23,488056.44037628174,78.36734771728516,487978.07302856445,SPY,1219
2022-02-24,495400.01511383057,78.36734771728516,495321.6477661133,SPY,1219
2022-02-25,506328.8292617798,78.36734771728516,506250.4619140625,SPY,1219
2022-02-28,505033.5673599243,78.36734771728516,504955.20001220703,SPY,1219
2022-03-01,497342.9451675415,78.36734771728516,497264.5778198242,SPY,1219
2022-03-02,506490.69049835205,78.36734771728516,506412.32315063477,SPY,1219
2022-03-03,503969.5464248657,78.36734771728516,503891.17907714844,SPY,1219
2022-03-04,499875.58432769775,78.36734771728516,499797.21697998047,SPY,1219
2022-03-07,485142.0080947876,78.36734771728516,485063.6407470703,SPY,1219
2022-03-08,481464.39878082275,78.36734771728516,481386.03143310547,SPY,1219
2022-03-09,494370.7770462036,78.36734771728516,494292.4096984863,SPY,1219
2022-03-10,492138.75858306885,78.36734771728516,492060.39123535156,SPY,1219
2022-03-11,485882.1577529907,78.36734771728516,485803.79040527344,SPY,1219
2022-03-14,482331.8128128052,78.36734771728516,482253.4454650879,SPY,1219
2022-03-15,492936.7556838989,78.36734771728516,492858.38833618164,SPY,1219
2022-03-16,503865.4210281372,78.36734771728516,503787.0536804199,SPY,1219
2022-03-17,510168.2998123169,78.36734771728516,510089.9324645996,SPY,1219
2022-03-18,515755.17234039307,78.36734771728516,515676.8049926758,SPY,1219
2022-03-21,515604.39698028564,78.36734771728516,515526.02963256836,SPY,1219
2022-03-22,521636.75061798096,78.36734771728516,521558.3832702637,SPY,1219
2022-03-23,514919.89990997314,78.36734771728516,514841.53256225586,SPY,1219
2022-03-24,522680.9434585571,78.36734771728516,522602.57611083984,SPY,1219
2022-03-25,525233.0387039185,78.36734771728516,525154.6713562012,SPY,1219
2022-03-28,528968.4954605103,78.36734771728516,528890.128112793,SPY,1219
2022-03-29,535511.2458267212,78.36734771728516,535432.8784790039,SPY,1219
2022-03-30,532205.1621780396,78.36734771728516,532126.7948303223,SPY,1219
2022-03-31,524014.9315261841,78.36734771728516,523936.5641784668,SPY,1219
2022-04-01,525499.8437576294,78.36734771728516,525421.4764099121,SPY,1219
2022-04-04,530000.9328079224,78.36734771728516,529922.5654602051,SPY,1219
2022-04-05,523307.407081604,78.36734771728516,523229.0397338867,SPY,1219
2022-04-06,518075.39420318604,78.36734771728516,517997.02685546875,SPY,1219
2022-04-07,520685.5600967407,78.36734771728516,520607.19274902344,SPY,1219
2022-04-08,519293.4641799927,78.36734771728516,519215.0968322754,SPY,1219
2022-04-11,510418.9224624634,78.36734771728516,510340.5551147461,SPY,1219
2022-04-12,508527.9249038696,78.36734771728516,508449.55755615234,SPY,1219
2022-04-13,514351.5069351196,78.36734771728516,514273.13958740234,SPY,1219
2022-04-14,507947.88803863525,78.36734771728516,507869.52069091797,SPY,1219
2022-04-18,508156.77124786377,78.36734771728516,508078.4039001465,SPY,1219
2022-04-19,516358.4597854614,78.36734771728516,516280.09243774414,SPY,1219
2022-04-20,515975.625038147,78.36734771728516,515897.2576904297,SPY,1219
2022-04-21,508261.1570510864,78.36734771728516,508182.78970336914,SPY,1219
2022-04-22,494317.0589065552,78.36734771728516,494238.6915588379,SPY,1219
2022-04-25,497182.4231643677,78.36734771728516,497104.0558166504,SPY,1219
2022-04-26,482785.88733673096,78.36734771728516,482707.5199890137,SPY,1219
2022-04-27,484143.1631851196,78.36734771728516,484064.79583740234,SPY,1219
2022-04-28,496370.32691192627,78.36734771728516,496291.959564209,SPY,1219
2022-04-29,478029.5999221802,78.36734771728516,477951.2325744629,SPY,1219
2022-05-02,480906.53366851807,78.36734771728516,480828.1663208008,SPY,1219
2022-05-03,483110.6886367798,78.36734771728516,483032.3212890625,SPY,1219
2022-05-04,497820.45627593994,78.36734771728516,497742.08892822266,SPY,1219
2022-05-05,480129.3318862915,78.36734771728516,480050.9645385742,SPY,1219
2022-05-06,477263.8560256958,78.36734771728516,477185.4886779785,SPY,1219
2022-05-09,461985.73261260986,78.36734771728516,461907.3652648926,SPY,1219
2022-05-10,463052.9528274536,78.36734771728516,462974.5854797363,SPY,1219
2022-05-11,455698.06900787354,78.36734771728516,455619.70166015625,SPY,1219
2022-05-12,455222.529548645,78.36734771728516,455144.16220092773,SPY,1219
2022-05-13,466103.9869155884,78.36734771728516,466025.6195678711,SPY,1219
2022-05-16,464212.9893569946,78.36734771728516,464134.62200927734,SPY,1219
2022-05-17,473760.5330581665,78.36734771728516,473682.1657104492,SPY,1219
2022-05-18,454665.66886138916,78.36734771728516,454587.3015136719,SPY,1219
2022-05-19,451881.43982696533,78.36734771728516,451803.07247924805,SPY,1219
2022-05-20,452078.679145813,78.36734771728516,452000.3117980957,SPY,1219
2022-05-23,460535.56604766846,78.36734771728516,460457.1986999512,SPY,1219
2022-05-24,457020.63639068604,78.36734771728516,456942.26904296875,SPY,1219
2022-05-25,461057.6810684204,78.36734771728516,460979.3137207031,SPY,1219
2022-05-26,470268.6679763794,78.36734771728516,470190.3006286621,SPY,1219
2022-05-27,481811.37183380127,78.36734771728516,481733.004486084,SPY,1219
2022-05-31,479108.3896255493,78.36734771728516,479030.02227783203,SPY,1219
2022-06-01,475233.80139923096,78.36734771728516,475155.4340515137,SPY,1219
2022-06-02,484282.4062576294,78.36734771728516,484204.0389099121,SPY,1219
2022-06-03,476335.8416824341,78.36734771728516,476257.4743347168,SPY,1219
2022-06-06,477785.93384552,78.36734771728516,477707.56649780273,SPY,1219
2022-06-07,482368.2325210571,78.36734771728516,482289.86517333984,SPY,1219
2022-06-08,477124.72455596924,78.36734771728516,477046.35720825195,SPY,1219
2022-06-09,465779.1484146118,78.36734771728516,465700.78106689453,SPY,1219
2022-06-10,452275.8440628052,78.36734771728516,452197.4767150879,SPY,1219
2022-06-13,435106.7230911255,78.36734771728516,435028.3557434082,SPY,1219
2022-06-14,433795.8740005493,78.36734771728516,433717.50665283203,SPY,1219
2022-06-15,439979.0774002075,78.36734771728516,439900.71005249023,SPY,1219
2022-06-16,425420.1223220825,78.36734771728516,425341.75497436523,SPY,1219
2022-06-17,426337.01358795166,78.36734771728516,426258.6462402344,SPY,1219
2022-06-21,437067.5095901489,78.36734771728516,436989.14224243164,SPY,1219
2022-06-22,436275.24143218994,78.36734771728516,436196.87408447266,SPY,1219
2022-06-23,440551.116065979,78.36734771728516,440472.7487182617,SPY,1219
2022-06-24,454555.36811065674,78.36734771728516,454477.00076293945,SPY,1219
2022-06-27,452819.49842071533,78.36734771728516,452741.13107299805,SPY,1219
2022-06-28,443568.66931915283,78.36734771728516,443490.30197143555,SPY,1219
2022-06-29,443207.55991363525,78.36734771728516,443129.19256591797,SPY,1219
2022-06-30,439607.4029312134,78.36734771728516,439529.0355834961,SPY,1219
2022-07-01,444256.0308609009,78.36734771728516,444177.6635131836,SPY,1219
2022-07-05,445094.9861831665,78.36734771728516,445016.6188354492,SPY,1219
2022-07-06,446597.8664627075,78.36734771728516,446519.49911499023,SPY,1219
2022-07-07,453285.51444244385,78.36734771728516,453207.14709472656,SPY,1219
2022-07-08,452912.7239456177,78.36734771728516,452834.3565979004,SPY,1219
2022-07-11,447739.6745376587,78.36734771728516,447661.3071899414,SPY,1219
2022-07-12,443778.445350647,78.36734771728516,443700.0780029297,SPY,1219
2022-07-13,441448.2908401489,78.36734771728516,441369.92349243164,SPY,1219
2022-07-14,440376.3089065552,78.36734771728516,440297.9415588379,SPY,1219
2022-07-15,448788.3686904907,78.36734771728516,448710.00134277344,SPY,1219
2022-07-18,445083.34229278564,78.36734771728516,445004.97494506836,SPY,1219
2022-07-19,457106.9797439575,78.36734771728516,457028.61239624023,SPY,1219
2022-07-20,460019.66358184814,78.36734771728516,459941.29623413086,SPY,1219
2022-07-21,464703.3347854614,78.36734771728516,464624.96743774414,SPY,1219
2022-07-22,460392.5284805298,78.36734771728516,460314.1611328125,SPY,1219
2022-07-25,460951.8444290161,78.36734771728516,460873.4770812988,SPY,1219
2022-07-26,455499.19284820557,78.36734771728516,455420.8255004883,SPY,1219
2022-07-27,467324.8469619751,78.36734771728516,467246.4796142578,SPY,1219
2022-07-28,473185.18350982666,78.36734771728516,473106.8161621094,SPY,1219
2022-07-29,480082.53311920166,78.36734771728516,480004.1657714844,SPY,1219
2022-08-01,478661.0856704712,78.36734771728516,478582.7183227539,SPY,1219
2022-08-02,475503.69412994385,78.36734771728516,475425.32678222656,SPY,1219
2022-08-03,482948.64139556885,78.36734771728516,482870.27404785156,SPY,1219
2022-08-04,482622.5008621216,78.36734771728516,482544.1335144043,SPY,1219
2022-08-05,481806.8705215454,78.36734771728516,481728.5031738281,SPY,1219
2022-08-08,481247.6661758423,78.36734771728516,481169.298828125,SPY,1219
2022-08-09,479336.87772369385,78.36734771728516,479258.51037597656,SPY,1219
2022-08-10,489403.1883621216,78.36734771728516,489324.8210144043,SPY,1219
2022-08-11,489403.1883621216,78.36734771728516,489324.8210144043,SPY,1219
2022-08-12,497686.979347229,78.36734771728516,497608.6119995117,SPY,1219
2022-08-15,499737.5688858032,78.36734771728516,499659.20153808594,SPY,1219
2022-08-16,500716.1764907837,78.36734771728516,500637.8091430664,SPY,1219
2022-08-17,497162.7438735962,78.36734771728516,497084.3765258789,SPY,1219
2022-08-18,498607.44190216064,78.36734771728516,498529.07455444336,SPY,1219
2022-08-19,491908.15003204346,78.36734771728516,491829.7826843262,SPY,1219
2022-08-22,481667.0322341919,78.36734771728516,481588.6648864746,SPY,1219
2022-08-23,480502.0107803345,78.36734771728516,480423.6434326172,SPY,1219
2022-08-24,482039.89713287354,78.36734771728516,481961.52978515625,SPY,1219
2022-08-25,488844.0212173462,78.36734771728516,488765.6538696289,SPY,1219
2022-08-26,472299.7642288208,78.36734771728516,472221.3968811035,SPY,1219
2022-08-29,469177.453163147,78.36734771728516,469099.0858154297,SPY,1219
2022-08-30,464027.654335022,78.36734771728516,463949.2869873047,SPY,1219
2022-08-31,460497.36069488525,78.36734771728516,460418.99334716797,SPY,1219
2022-09-01,461942.1703262329,78.36734771728516,461863.8029785156,SPY,1219
2022-09-02,457072.0108718872,78.36734771728516,456993.6435241699,SPY,1219
2022-09-06,455347.78507232666,78.36734771728516,455269.4177246094,SPY,1219
2022-09-07,463526.66944122314,78.36734771728516,463448.30209350586,SPY,1219
2022-09-08,466555.90378570557,78.36734771728516,466477.5364379883,SPY,1219
2022-09-09,473802.6445083618,78.36734771728516,473724.27716064453,SPY,1219
2022-09-12,478894.2238845825,78.36734771728516,478815.85653686523,SPY,1219
2022-09-13,458074.0178604126,78.36734771728516,457995.6505126953,SPY,1219
2022-09-14,459821.71744537354,78.36734771728516,459743.35009765625,SPY,1219
2022-09-15,454602.0924758911,78.36734771728516,454523.7251281738,SPY,1219
2022-09-16,451134.5568008423,78.36734771728516,451056.189453125,SPY,1219
2022-09-19,454632.44843292236,78.36734771728516,454554.0810852051,SPY,1219
2022-09-20,449414.86951446533,78.36734771728516,449336.50216674805,SPY,1219
2022-09-21,441576.708442688,78.36734771728516,441498.3410949707,SPY,1219
2022-09-22,437868.2223587036,78.36734771728516,437789.8550109863,SPY,1219
2022-09-23,430533.05503082275,78.36734771728516,430454.68768310547,SPY,1219
2022-09-26,426274.7392349243,78.36734771728516,426196.37188720703,SPY,1219
2022-09-27,425186.7981033325,78.36734771728516,425108.43075561523,SPY,1219
2022-09-28,433551.42670440674,78.36734771728516,433473.05935668945,SPY,1219
2022-09-29,424496.5720901489,78.36734771728516,424418.20474243164,SPY,1219
2022-09-30,417933.5844192505,78.36734771728516,417855.2170715332,SPY,1219
2022-10-03,428965.48233795166,78.36734771728516,428887.1149902344,SPY,1219
2022-10-04,442255.21616363525,78.36734771728516,442176.84881591797,SPY,1219
2022-10-05,441225.6804885864,78.36734771728516,441147.31314086914,SPY,1219
2022-10-06,436674.92819976807,78.36734771728516,436596.5608520508,SPY,1219
2022-10-07,424496.5720901489,78.36734771728516,424418.20474243164,SPY,1219
2022-10-10,421256.03647613525,78.36734771728516,421177.66912841797,SPY,1219
2022-10-11,418588.69275665283,78.36734771728516,418510.32540893555,SPY,1219
2022-10-12,417208.2779312134,78.36734771728516,417129.9105834961,SPY,1219
2022-10-13,428216.81366729736,78.36734771728516,428138.4463195801,SPY,1219
2022-10-14,418460.05194854736,78.36734771728516,418381.6846008301,SPY,1219
2022-10-17,429211.1572647095,78.36734771728516,429132.7899169922,SPY,1219
2022-10-18,434253.37100982666,78.36734771728516,434175.0036621094,SPY,1219
2022-10-19,431176.44507598877,78.36734771728516,431098.0777282715,SPY,1219
2022-10-20,427561.63092803955,78.36734771728516,427483.26358032227,SPY,1219
2022-10-21,437950.101600647,78.36734771728516,437871.7342529297,SPY,1219
2022-10-24,443308.11402130127,78.36734771728516,443229.746673584,SPY,1219
2022-10-25,450385.888130188,78.36734771728516,450307.5207824707,SPY,1219
2022-10-26,446993.23792266846,78.36734771728516,446914.8705749512,SPY,1219
2022-10-27,444606.6868057251,78.36734771728516,444528.3194580078,SPY,1219
2022-10-28,455182.31534576416,78.36734771728516,455103.9479980469,SPY,1219
2022-10-31,451894.9437637329,78.36734771728516,451816.5764160156,SPY,1219
2022-11-01,449917.9376602173,78.36734771728516,449839.5703125,SPY,1219
2022-11-02,438628.5721206665,78.36734771728516,438550.2047729492,SPY,1219
2022-11-03,434112.90030670166,78.36734771728516,434034.5329589844,SPY,1219
2022-11-04,440359.9776992798,78.36734771728516,440281.6103515625,SPY,1219
2022-11-07,444571.6063308716,78.36734771728516,444493.2389831543,SPY,1219
2022-11-08,446969.76413726807,78.36734771728516,446891.3967895508,SPY,1219
2022-11-09,437762.9065322876,78.36734771728516,437684.5391845703,SPY,1219
2022-11-10,461815.50116729736,78.36734771728516,461737.1338195801,SPY,1219
2022-11-11,466284.37421417236,78.36734771728516,466206.0068664551,SPY,1219
2022-11-14,462318.5321121216,78.36734771728516,462240.1647644043,SPY,1219
2022-11-15,466260.97483062744,78.36734771728516,466182.60748291016,SPY,1219
2022-11-16,462704.64054107666,78.36734771728516,462626.2731933594,SPY,1219
2022-11-17,461289.0708389282,78.36734771728516,461210.70349121094,SPY,1219
2022-11-18,463383.1482620239,78.36734771728516,463304.78091430664,SPY,1219
2022-11-21,461698.39264678955,78.36734771728516,461620.02529907227,SPY,1219
2022-11-22,467910.5383682251,78.36734771728516,467832.1710205078,SPY,1219
2022-11-23,470858.5630874634,78.36734771728516,470780.1957397461,SPY,1219
2022-11-25,470753.32166290283,78.36734771728516,470674.95431518555,SPY,1219
2022-11-28,463242.7519607544,78.36734771728516,463164.3846130371,SPY,1219
2022-11-29,462447.28452301025,78.36734771728516,462368.91717529297,SPY,1219
2022-11-30,477012.1173477173,78.36734771728516,476933.75,SPY,1219
2022-12-01,476661.2009963989,78.36734771728516,476582.83364868164,SPY,1219
2022-12-02,476111.3340835571,78.36734771728516,476032.96673583984,SPY,1219
2022-12-05,467547.82932281494,78.36734771728516,467469.46197509766,SPY,1219
2022-12-06,460809.4392776489,78.36734771728516,460731.07192993164,SPY,1219
2022-12-07,460025.6529312134,78.36734771728516,459947.2855834961,SPY,1219
2022-12-08,463628.74878692627,78.36734771728516,463550.381439209,SPY,1219
2022-12-09,460166.0120315552,78.36734771728516,460087.6446838379,SPY,1219
2022-12-12,466799.16065216064,78.36734771728516,466720.79330444336,SPY,1219
2022-12-13,470332.13275909424,78.36734771728516,470253.76541137695,SPY,1219
2022-12-14,467325.55377960205,78.36734771728516,467247.18643188477,SPY,1219
2022-12-15,455896.01514434814,78.36734771728516,455817.64779663086,SPY,1219
2022-12-16,450514.454536438,78.36734771728516,450436.0871887207,SPY,1219
2022-12-19,446694.88648223877,78.36734771728516,446616.5191345215,SPY,1219
2022-12-20,447306.17212677,78.36734771728516,447227.80477905273,SPY,1219
2022-12-21,453993.26209259033,78.36734771728516,453914.89474487305,SPY,1219
2022-12-22,447517.6222000122,78.36734771728516,447439.2548522949,SPY,1219
2022-12-23,450091.47998809814,78.36734771728516,450013.11264038086,SPY,1219
2022-12-27,448316.8097305298,78.36734771728516,448238.4423828125,SPY,1219
2022-12-28,442746.1568069458,78.36734771728516,442667.7894592285,SPY,1219
2022-12-29,450714.3723220825,78.36734771728516,450636.00497436523,SPY,1219
2022-12-30,449527.2535171509,78.36734771728516,449448.8861694336,SPY,1219
2023-01-03,447635.17713165283,78.36734771728516,447556.80978393555,SPY,1219
2023-01-04,451090.36209869385,78.36734771728516,451011.99475097656,SPY,1219
2023-01-05,445942.7953262329,78.36734771728516,445864.4279785156,SPY,1219
2023-01-06,456167.43311309814,78.36734771728516,456089.06576538086,SPY,1219
2023-01-09,455908.88666534424,78.36734771728516,455830.51931762695,SPY,1219
2023-01-10,459105.52518463135,78.36734771728516,459027.15783691406,SPY,1219
2023-01-11,464911.2135696411,78.36734771728516,464832.8462219238,SPY,1219
2023-01-12,466603.59537506104,78.36734771728516,466525.22802734375,SPY,1219
2023-01-13,468413.4205093384,78.36734771728516,468335.0531616211,SPY,1219
2023-01-17,467555.5671157837,78.36734771728516,467477.1997680664,SPY,1219
2023-01-18,460175.0518569946,78.36734771728516,460096.68450927734,SPY,1219
2023-01-19,456825.554725647,78.36734771728516,456747.1873779297,SPY,1219
2023-01-20,465334.3741226196,78.36734771728516,465256.00677490234,SPY,1219
2023-01-23,470916.7825393677,78.36734771728516,470838.4151916504,SPY,1219
2023-01-24,470411.4079360962,78.36734771728516,470333.0405883789,SPY,1219
2023-01-25,470587.7403335571,78.36734771728516,470509.37298583984,SPY,1219
2023-01-26,475758.7436904907,78.36734771728516,475680.37634277344,SPY,1219
2023-01-27,476851.7441482544,78.36734771728516,476773.3768005371,SPY,1219
2023-01-30,470869.7605667114,78.36734771728516,470791.39321899414,SPY,1219
2023-01-31,477791.960395813,78.36734771728516,477713.5930480957,SPY,1219
2023-02-01,482869.0314102173,78.36734771728516,482790.6640625,SPY,1219
2023-02-02,489896.9190750122,78.36734771728516,489818.5517272949,SPY,1219
2023-02-03,484690.6120376587,78.36734771728516,484612.2446899414,SPY,1219
2023-02-06,481729.00897979736,78.36734771728516,481650.6416320801,SPY,1219
2023-02-07,488028.31647491455,78.36734771728516,487949.94912719727,SPY,1219
2023-02-08,482692.6618118286,78.36734771728516,482614.2944641113,SPY,1219
2023-02-09,478508.78507232666,78.36734771728516,478430.4177246094,SPY,1219
2023-02-10,479625.3709182739,78.36734771728516,479547.00357055664,SPY,1219
2023-02-13,485254.72690582275,78.36734771728516,485176.35955810547,SPY,1219
2023-02-14,485031.37253570557,78.36734771728516,484953.0051879883,SPY,1219
2023-02-15,486606.31101226807,78.36734771728516,486527.9436645508,SPY,1219
2023-02-16,479907.3911514282,78.36734771728516,479829.02380371094,SPY,1219
2023-02-17,478708.66565704346,78.36734771728516,478630.2983093262,SPY,1219
2023-02-21,469106.88300323486,78.36734771728516,469028.5156555176,SPY,1219
2023-02-22,468460.55408477783,78.36734771728516,468382.18673706055,SPY,1219
2023-02-23,470952.0118179321,78.36734771728516,470873.64447021484,SPY,1219
2023-02-24,465921.9627761841,78.36734771728516,465843.5954284668,SPY,1219
2023-02-27,467508.54514312744,78.36734771728516,467430.17779541016,SPY,1219
2023-02-28,465780.93405914307,78.36734771728516,465702.5667114258,SPY,1219
2023-03-01,463994.61991119385,78.36734771728516,463916.25256347656,SPY,1219
2023-03-02,467602.5518875122,78.36734771728516,467524.1845397949,SPY,1219
2023-03-03,475100.6220779419,78.36734771728516,475022.2547302246,SPY,1219
2023-03-06,475429.7014846802,78.36734771728516,475351.3341369629,SPY,1219
2023-03-07,468143.15576934814,78.36734771728516,468064.78842163086,SPY,1219
2023-03-08,468907.11402130127,78.36734771728516,468828.746673584,SPY,1219
2023-03-09,460257.2659072876,78.36734771728516,460178.8985595703,SPY,1219
2023-03-10,453617.12351226807,78.36734771728516,453538.7561645508,SPY,1219
2023-03-13,452970.72019195557,78.36734771728516,452892.3528442383,SPY,1219
2023-03-14,460457.0720901489,78.36734771728516,460378.70474243164,SPY,1219
2023-03-15,457577.68308258057,78.36734771728516,457499.3157348633,SPY,1219
2023-03-16,465604.6016616821,78.36734771728516,465526.23431396484,SPY,1219
2023-03-17,460161.3991165161,78.36734771728516,460083.0317687988,SPY,1219
2023-03-20,464585.3706436157,78.36734771728516,464507.00329589844,SPY,1219
2023-03-21,470684.5743484497,78.36734771728516,470606.2070007324,SPY,1219
2023-03-22,462662.3802871704,78.36734771728516,462584.0129394531,SPY,1219
2023-03-23,463912.8894729614,78.36734771728516,463834.52212524414,SPY,1219
2023-03-24,466956.63217926025,78.36734771728516,466878.26483154297,SPY,1219
2023-03-27,467829.7007522583,78.36734771728516,467751.333404541,SPY,1219
2023-03-28,466779.70456695557,78.36734771728516,466701.3372192383,SPY,1219
2023-03-29,473563.1449356079,78.36734771728516,473484.7775878906,SPY,1219
2023-03-30,476335.5440750122,78.36734771728516,476257.1767272949,SPY,1219
2023-03-31,483048.1538772583,78.36734771728516,482969.786529541,SPY,1219
2023-04-03,484888.48377227783,78.36734771728516,484810.11642456055,SPY,1219
2023-04-04,482198.7450942993,78.36734771728516,482120.37774658203,SPY,1219
2023-04-05,480936.48041534424,78.36734771728516,480858.11306762695,SPY,1219
2023-04-06,482812.2255935669,78.36734771728516,482733.8582458496,SPY,1219
2023-04-10,483307.6675491333,78.36734771728516,483229.300201416,SPY,1219
2023-04-11,483437.49878692627,78.36734771728516,483359.131439209,SPY,1219
2023-04-12,481467.30045318604,78.36734771728516,481388.93310546875,SPY,1219
2023-04-13,487861.43311309814,78.36734771728516,487783.06576538086,SPY,1219
2023-04-14,486669.92459869385,78.36734771728516,486591.55725097656,SPY,1219
2023-04-17,488415.95014190674,78.36734771728516,488337.58279418945,SPY,1219
2023-04-18,488734.390083313,78.36734771728516,488656.0227355957,SPY,1219
2023-04-19,488651.87842559814,78.36734771728516,488573.51107788086,SPY,1219
2023-04-20,485985.6879348755,78.36734771728516,485907.3205871582,SPY,1219
2023-04-21,486363.2029495239,78.36734771728516,486284.83560180664,SPY,1219
2023-04-24,486870.4375991821,78.36734771728516,486792.07025146484,SPY,1219
2023-04-25,479143.2096939087,78.36734771728516,479064.8423461914,SPY,1219
2023-04-26,477114.12229156494,78.36734771728516,477035.75494384766,SPY,1219
2023-04-27,486610.96112823486,78.36734771728516,486532.5937805176,SPY,1219
2023-04-28,490763.6262893677,78.36734771728516,490685.2589416504,SPY,1219
2023-05-01,490268.07273101807,78.36734771728516,490189.7053833008,SPY,1219
2023-05-02,484758.65253448486,78.36734771728516,484680.2851867676,SPY,1219
2023-05-03,481431.8851699829,78.36734771728516,481353.5178222656,SPY,1219
2023-05-04,478022.53174591064,78.36734771728516,477944.16439819336,SPY,1219
2023-05-05,486870.4375991821,78.36734771728516,486792.07025146484,SPY,1219
2023-05-08,487000.2688369751,78.36734771728516,486921.9014892578,SPY,1219
2023-05-09,484864.89838409424,78.36734771728516,484786.53103637695,SPY,1219
2023-05-10,487130.06287384033,78.36734771728516,487051.69552612305,SPY,1219
2023-05-11,486280.5796890259,78.36734771728516,486202.2123413086,SPY,1219
2023-05-12,485643.55100250244,78.36734771728516,485565.18365478516,SPY,1219
2023-05-15,487318.7459793091,78.36734771728516,487240.3786315918,SPY,1219
2023-05-16,484062.6975784302,78.36734771728516,483984.3302307129,SPY,1219
2023-05-17,489937.8028945923,78.36734771728516,489859.435546875,SPY,1219
2023-05-18,494656.70337677,78.36734771728516,494578.33602905273,SPY,1219
2023-05-19,493937.08863067627,78.36734771728516,493858.721282959,SPY,1219
2023-05-22,494137.60163116455,78.36734771728516,494059.23428344727,SPY,1219
2023-05-23,488592.8777542114,78.36734771728516,488514.51040649414,SPY,1219
2023-05-24,485053.7302932739,78.36734771728516,484975.36294555664,SPY,1219
2023-05-25,489253.5290298462,78.36734771728516,489175.1616821289,SPY,1219
2023-05-26,495588.6982192993,78.36734771728516,495510.33087158203,SPY,1219
2023-05-30,495777.45572662354,78.36734771728516,495699.08837890625,SPY,1219
2023-05-31,493028.75357818604,78.36734771728516,492950.38623046875,SPY,1219
2023-06-01,497712.2015762329,78.36734771728516,497633.8342285156,SPY,1219
2023-06-02,504908.5722427368,78.36734771728516,504830.20489501953,SPY,1219
2023-06-05,503941.1621170044,78.36734771728516,503862.7947692871,SPY,1219
2023-06-06,505038.4034805298,78.36734771728516,504960.0361328125,SPY,1219
2023-06-07,503292.3035354614,78.36734771728516,503213.93618774414,SPY,1219
2023-06-08,506336.04624176025,78.36734771728516,506257.67889404297,SPY,1219
2023-06-09,507244.3812942505,78.36734771728516,507166.0139465332,SPY,1219
2023-06-12,511845.35483551025,78.36734771728516,511766.98748779297,SPY,1219
2023-06-13,515219.44178009033,78.36734771728516,515141.07443237305,SPY,1219
2023-06-14,515832.8850784302,78.36734771728516,515754.5177307129,SPY,1219
2023-06-15,522226.98053741455,78.36734771728516,522148.61318969727,SPY,1219
2023-06-16,520448.4413833618,78.36734771728516,520370.07403564453,SPY,1219
2023-06-20,517748.69565582275,78.36734771728516,517670.32830810547,SPY,1219
2023-06-21,515096.19510650635,78.36734771728516,515017.82775878906,SPY,1219
2023-06-22,516955.3486709595,78.36734771728516,516876.9813232422,SPY,1219
2023-06-23,513047.726020813,78.36734771728516,512969.3586730957,SPY,1219
2023-06-26,510951.86295318604,78.36734771728516,510873.49560546875,SPY,1219
2023-06-27,516552.76023101807,78.36734771728516,516474.3928833008,SPY,1219
2023-06-28,516813.3155288696,78.36734771728516,516734.94818115234,SPY,1219
2023-06-29,518849.880317688,78.36734771728516,518771.5129699707,SPY,1219
2023-06-30,524971.7393875122,78.36734771728516,524893.3720397949,SPY,1219
2023-07-03,525575.6964492798,78.36734771728516,525497.3291015625,SPY,1219
2023-07-05,524794.1421585083,78.36734771728516,524715.774810791,SPY,1219
2023-07-06,520685.26248931885,78.36734771728516,520606.89514160156,SPY,1219
2023-07-07,519370.8793106079,78.36734771728516,519292.5119628906,SPY,1219
2023-07-10,520685.26248931885,78.36734771728516,520606.89514160156,SPY,1219
2023-07-11,524000.795173645,78.36734771728516,523922.42782592773,SPY,1219
2023-07-12,528216.2555007935,78.36734771728516,528137.8881530762,SPY,1219
2023-07-13,532408.0188369751,78.36734771728516,532329.6514892578,SPY,1219
2023-07-14,532076.4841690063,78.36734771728516,531998.1168212891,SPY,1219
2023-07-17,533923.6962356567,78.36734771728516,533845.3288879395,SPY,1219
2023-07-18,537890.4683609009,78.36734771728516,537812.1010131836,SPY,1219
2023-07-19,539086.478187561,78.36734771728516,539008.1108398438,SPY,1219
2023-07-20,535510.3158035278,78.36734771728516,535431.9484558105,SPY,1219
2023-07-21,535510.3158035278,78.36734771728516,535431.9484558105,SPY,1219
2023-07-24,537902.2982559204,78.36734771728516,537823.9309082031,SPY,1219
2023-07-25,539370.5444717407,78.36734771728516,539292.1771240234,SPY,1219
2023-07-26,539453.5025405884,78.36734771728516,539375.1351928711,SPY,1219
2023-07-27,535877.4145584106,78.36734771728516,535799.0472106934,SPY,1219
2023-07-28,541123.0801773071,78.36734771728516,541044.7128295898,SPY,1219
2023-07-31,542153.2854690552,78.36734771728516,542074.9181213379,SPY,1219
2023-08-01,540602.0439834595,78.36734771728516,540523.6766357422,SPY,1219
2023-08-02,533082.9552688599,78.36734771728516,533004.5879211426,SPY,1219
2023-08-03,531555.4479751587,78.36734771728516,531477.0806274414,SPY,1219
2023-08-04,529151.6728286743,78.36734771728516,529073.305480957,SPY,1219
2023-08-07,533769.6843948364,78.36734771728516,533691.3170471191,SPY,1219
2023-08-08,531448.9045181274,78.36734771728516,531370.5371704102,SPY,1219
2023-08-09,527896.5135269165,78.36734771728516,527818.1461791992,SPY,1219
2023-08-10,528085.9778518677,78.36734771728516,528007.6105041504,SPY,1219
2023-08-11,527778.0285720825,78.36734771728516,527699.6612243652,SPY,1219
2023-08-14,530691.010017395,78.36734771728516,530612.6426696777,SPY,1219
2023-08-15,524510.0014724731,78.36734771728516,524431.6341247559,SPY,1219
2023-08-16,520661.6399002075,78.36734771728516,520583.27255249023,SPY,1219
2023-08-17,516694.83057403564,78.36734771728516,516616.46322631836,SPY,1219
2023-08-18,516943.4815750122,78.36734771728516,516865.1142272949,SPY,1219
2023-08-21,520306.3338394165,78.36734771728516,520227.9664916992,SPY,1219
2023-08-22,518897.3115005493,78.36734771728516,518818.94415283203,SPY,1219
2023-08-23,524675.7688064575,78.36734771728516,524597.4014587402,SPY,1219
2023-08-24,517405.3310928345,78.36734771728516,517326.9637451172,SPY,1219
2023-08-25,521052.3984451294,78.36734771728516,520974.0310974121,SPY,1219
2023-08-28,524356.0640335083,78.36734771728516,524277.696685791,SPY,1219
2023-08-29,531934.3394241333,78.36734771728516,531855.972076416,SPY,1219
2023-08-30,534124.9532546997,78.36734771728516,534046.5859069824,SPY,1219
2023-08-31,533343.3989639282,78.36734771728516,533265.0316162109,SPY,1219
2023-09-01,534338.0773696899,78.36734771728516,534259.7100219727,SPY,1219
2023-09-05,532029.0157852173,78.36734771728516,531950.6484375,SPY,1219
2023-09-06,528453.0766067505,78.36734771728516,528374.7092590332,SPY,1219
2023-09-07,526830.8185501099,78.36734771728516,526752.4512023926,SPY,1219
2023-09-08,527624.2027359009,78.36734771728516,527545.8353881836,SPY,1219
2023-09-11,531093.6356582642,78.36734771728516,531015.2683105469,SPY,1219
2023-09-12,528180.7286148071,78.36734771728516,528102.3612670898,SPY,1219
2023-09-13,528796.4783706665,78.36734771728516,528718.1110229492,SPY,1219
2023-09-14,533355.2288589478,78.36734771728516,533276.8615112305,SPY,1219
2023-09-15,526930.2194290161,78.36734771728516,526851.8520812988,SPY,1219
2023-09-18,527239.1359329224,78.36734771728516,527160.7685852051,SPY,1219
2023-09-19,526145.94947052,78.36734771728516,526067.5821228027,SPY,1219
2023-09-20,521309.6428604126,78.36734771728516,521231.2755126953,SPY,1219
2023-09-21,512694.46601104736,78.36734771728516,512616.0986633301,SPY,1219
2023-09-22,511541.8324661255,78.36734771728516,511463.4651184082,SPY,1219
2023-09-25,513692.7157058716,78.36734771728516,513614.3483581543,SPY,1219
2023-09-26,506147.0283279419,78.36734771728516,506068.6609802246,SPY,1219
2023-09-27,506349.02936553955,78.36734771728516,506270.66201782227,SPY,1219
2023-09-28,509284.145362854,78.36734771728516,509205.7780151367,SPY,1219
2023-09-29,508048.29334259033,78.36734771728516,507969.92599487305,SPY,1219
2023-10-02,507846.25510406494,78.36734771728516,507767.88775634766,SPY,1219
2023-10-03,501049.23639678955,78.36734771728516,500970.86904907227,SPY,1219
2023-10-04,504697.3081741333,78.36734771728516,504618.940826416,SPY,1219
2023-10-05,504507.1742324829,78.36734771728516,504428.8068847656,SPY,1219
2023-10-06,510496.1887893677,78.36734771728516,510417.8214416504,SPY,1219
2023-10-09,513763.99268341064,78.36734771728516,513685.62533569336,SPY,1219
2023-10-10,516437.58615875244,78.36734771728516,516359.21881103516,SPY,1219
2023-10-11,518552.75650787354,78.36734771728516,518474.38916015625,SPY,1219
2023-10-12,515391.97968292236,78.36734771728516,515313.6123352051,SPY,1219
2023-10-13,512825.19007110596,78.36734771728516,512746.8227233887,SPY,1219
2023-10-16,518220.0314102173,78.36734771728516,518141.6640625,SPY,1219
2023-10-17,518196.260017395,78.36734771728516,518117.89266967773,SPY,1219
2023-10-18,511292.2886428833,78.36734771728516,511213.921295166,SPY,1219
2023-10-19,506800.53702545166,78.36734771728516,506722.1696777344,SPY,1219
2023-10-20,500573.92014312744,78.36734771728516,500495.55279541016,SPY,1219
2023-10-23,499706.4689102173,78.36734771728516,499628.1015625,SPY,1219
2023-10-24,503473.39765167236,78.36734771728516,503395.0303039551,SPY,1219
2023-10-25,496248.56827545166,78.36734771728516,496170.2009277344,SPY,1219
2023-10-26,490307.0593032837,78.36734771728516,490228.6919555664,SPY,1219
2023-10-27,488084.973487854,78.36734771728516,488006.6061401367,SPY,1219
2023-10-30,493919.4925918579,78.36734771728516,493841.1252441406,SPY,1219
2023-10-31,497020.896736145,78.36734771728516,496942.52938842773,SPY,1219
2023-11-01,502320.689704895,78.36734771728516,502242.32235717773,SPY,1219
2023-11-02,511945.90894317627,78.36734771728516,511867.541595459,SPY,1219
2023-11-03,516615.85300445557,78.36734771728516,516537.4856567383,SPY,1219
2023-11-06,517804.125038147,78.36734771728516,517725.7576904297,SPY,1219
2023-11-07,519277.5793838501,78.36734771728516,519199.2120361328,SPY,1219
2023-11-08,519657.8844680786,78.36734771728516,519579.5171203613,SPY,1219
2023-11-09,515605.8478164673,78.36734771728516,515527.48046875,SPY,1219
2023-11-10,523650.51123809814,78.36734771728516,523572.14389038086,SPY,1219
2023-11-13,523151.4607925415,78.36734771728516,523073.0934448242,SPY,1219
2023-11-14,533299.4274673462,78.36734771728516,533221.0601196289,SPY,1219
2023-11-15,534428.2896194458,78.36734771728516,534349.9222717285,SPY,1219
2023-11-16,535081.8355178833,78.36734771728516,535003.468170166,SPY,1219
2023-11-17,535747.2857131958,78.36734771728516,535668.9183654785,SPY,1219
2023-11-20,539870.7109451294,78.36734771728516,539792.3435974121,SPY,1219
2023-11-21,538694.3060073853,78.36734771728516,538615.938659668,SPY,1219
2023-11-22,540773.8378677368,78.36734771728516,540695.4705200195,SPY,1219
2023-11-24,541106.4141616821,78.36734771728516,541028.0468139648,SPY,1219
2023-11-27,540132.0846633911,78.36734771728516,540053.7173156738,SPY,1219
2023-11-28,540666.8479995728,78.36734771728516,540588.4806518555,SPY,1219
2023-11-29,540286.5429153442,78.36734771728516,540208.175567627,SPY,1219
2023-11-30,542413.6175613403,78.36734771728516,542335.250213623,SPY,1219
2023-12-01,545621.9743728638,78.36734771728516,545543.6070251465,SPY,1219
2023-12-04,542758.1725540161,78.36734771728516,542679.8052062988,SPY,1219
2023-12-05,542651.2570877075,78.36734771728516,542572.8897399902,SPY,1219
2023-12-06,540464.8469619751,78.36734771728516,540386.4796142578,SPY,1219
2023-12-07,544588.1977920532,78.36734771728516,544509.8304443359,SPY,1219
2023-12-08,546929.1033706665,78.36734771728516,546850.7360229492,SPY,1219
2023-12-11,549056.1408157349,78.36734771728516,548977.7734680176,SPY,1219
2023-12-12,551563.3717422485,78.36734771728516,551485.0043945312,SPY,1219
2023-12-13,559168.5062026978,78.36734771728516,559090.1388549805,SPY,1219
2023-12-14,560962.7813491821,78.36734771728516,560884.4140014648,SPY,1219
2023-12-15,560039.3427200317,78.36734771728516,559960.9753723145,SPY,1219
2023-12-18,563189.182472229,78.36734771728516,563110.8151245117,SPY,1219
2023-12-19,566613.3790664673,78.36734771728516,566535.01171875,SPY,1219
2023-12-20,558762.7184829712,78.36734771728516,558684.3511352539,SPY,1219
2023-12-21,564060.0561904907,78.36734771728516,563981.6888427734,SPY,1219
2023-12-22,565193.4940567017,78.36734771728516,565115.1267089844,SPY,1219
2023-12-26,567579.7475662231,78.36734771728516,567501.3802185059,SPY,1219
2023-12-27,568605.8235549927,78.36734771728516,568527.4562072754,SPY,1219
2023-12-28,568820.621711731,78.36734771728516,568742.2543640137,SPY,1219
2023-12-29,567174.0714492798,78.36734771728516,567095.7041015625,SPY,1219
2024-01-02,564000.4231033325,78.36734771728516,563922.0557556152,SPY,1219
2024-01-03,559395.0598526001,78.36734771728516,559316.6925048828,SPY,1219
2024-01-04,557593.4189224243,78.36734771728516,557515.051574707,SPY,1219
2024-01-05,558357.0423660278,78.36734771728516,558278.6750183105,SPY,1219
2024-01-08,566327.0435256958,78.36734771728516,566248.6761779785,SPY,1219
2024-01-09,565467.9997024536,78.36734771728516,565389.6323547363,SPY,1219
2024-01-10,568665.4566421509,78.36734771728516,568587.0892944336,SPY,1219
2024-01-11,568414.9083938599,78.36734771728516,568336.5410461426,SPY,1219
2024-01-12,568808.6802139282,78.36734771728516,568730.3128662109,SPY,1219
2024-01-16,566720.703742981,78.36734771728516,566642.3363952637,SPY,1219
2024-01-17,563570.9383926392,78.36734771728516,563492.5710449219,SPY,1219
2024-01-18,568581.9777603149,78.36734771728516,568503.6104125977,SPY,1219
2024-01-19,575668.9776992798,78.36734771728516,575590.6103515625,SPY,1219
2024-01-22,576886.0432510376,78.36734771728516,576807.6759033203,SPY,1219
2024-01-23,578568.269203186,78.36734771728516,578489.9018554688,SPY,1219
2024-01-24,579200.5733718872,78.36734771728516,579122.2060241699,SPY,1219
2024-01-25,582350.4131240845,78.36734771728516,582272.0457763672,SPY,1219
2024-01-26,581610.7098770142,78.36734771728516,581532.3425292969,SPY,1219
2024-01-29,586216.147529602,78.36734771728516,586137.7801818848,SPY,1219
2024-01-30,585762.7054214478,78.36734771728516,585684.3380737305,SPY,1219
2024-01-31,576205.89868927,78.36734771728516,576127.5313415527,SPY,1219
2024-02-01,583746.3779373169,78.36734771728516,583668.0105895996,SPY,1219
2024-02-02,589890.8923721313,78.36734771728516,589812.5250244141,SPY,1219
2024-02-05,587743.2828140259,78.36734771728516,587664.9154663086,SPY,1219
2024-02-06,589449.4289627075,78.36734771728516,589371.0616149902,SPY,1219
2024-02-07,594365.0479507446,78.36734771728516,594286.6806030273,SPY,1219
2024-02-08,594627.5004959106,78.36734771728516,594549.1331481934,SPY,1219
2024-02-09,598063.6757888794,78.36734771728516,597985.3084411621,SPY,1219
2024-02-12,597801.2232437134,78.36734771728516,597722.8558959961,SPY,1219
2024-02-13,589568.6579360962,78.36734771728516,589490.2905883789,SPY,1219
2024-02-14,594925.8147354126,78.36734771728516,594847.4473876953,SPY,1219
2024-02-15,599030.1186904907,78.36734771728516,598951.7513427734,SPY,1219
2024-02-16,596047.3111038208,78.36734771728516,595968.9437561035,SPY,1219
2024-02-20,592766.2636795044,78.36734771728516,592687.8963317871,SPY,1219
2024-02-21,593303.1846694946,78.36734771728516,593224.8173217773,SPY,1219
2024-02-22,605580.1976394653,78.36734771728516,605501.830291748,SPY,1219
2024-02-23,605997.7780532837,78.36734771728516,605919.4107055664,SPY,1219
2024-02-26,603778.5939102173,78.36734771728516,603700.2265625,SPY,1219
2024-02-27,604900.164680481,78.36734771728516,604821.7973327637,SPY,1219
2024-02-28,604100.7911453247,78.36734771728516,604022.4237976074,SPY,1219
2024-02-29,606272.1720962524,78.36734771728516,606193.8047485352,SPY,1219
2024-03-01,611963.3560256958,78.36734771728516,611884.9886779785,SPY,1219
2024-03-04,611307.1316604614,78.36734771728516,611228.7643127441,SPY,1219
2024-03-05,605198.4417190552,78.36734771728516,605120.0743713379,SPY,1219
2024-03-06,608264.6909866333,78.36734771728516,608186.323638916,SPY,1219
2024-03-07,614301.8435440063,78.36734771728516,614223.4761962891,SPY,1219
2024-03-08,610615.1572036743,78.36734771728516,610536.789855957,SPY,1219
2024-03-11,610090.1777114868,78.36734771728516,610011.8103637695,SPY,1219
2024-03-12,616652.2725601196,78.36734771728516,616573.9052124023,SPY,1219
2024-03-13,615685.866859436,78.36734771728516,615607.4995117188,SPY,1219
2024-03-14,614468.9129104614,78.36734771728516,614390.5455627441,SPY,1219
2024-03-15,610250.1417007446,78.36734771728516,610171.7743530273,SPY,1219
2024-03-18,613876.4881362915,78.36734771728516,613798.1207885742,SPY,1219
2024-03-19,617287.4039993286,78.36734771728516,617209.0366516113,SPY,1219
2024-03-20,622996.1467666626,78.36734771728516,622917.7794189453,SPY,1219
2024-03-21,625054.697303772,78.36734771728516,624976.3299560547,SPY,1219
2024-03-22,623869.9593582153,78.36734771728516,623791.592010498,SPY,1219
2024-03-25,622146.4775772095,78.36734771728516,622068.1102294922,SPY,1219
2024-03-26,620997.564125061,78.36734771728516,620919.1967773438,SPY,1219
2024-03-27,626215.5894546509,78.36734771728516,626137.2221069336,SPY,1219
2024-03-28,626096.0256729126,78.36734771728516,626017.6583251953,SPY,1219
2024-04-01,625006.7825088501,78.36734771728516,624928.4151611328,SPY,1219
2024-04-02,621033.425819397,78.36734771728516,620955.0584716797,SPY,1219
2024-04-03,621715.5048294067,78.36734771728516,621637.1374816895,SPY,1219
2024-04-04,614127.8176040649,78.36734771728516,614049.4502563477,SPY,1219
2024-04-05,620542.7083816528,78.36734771728516,620464.3410339355,SPY,1219
2024-04-08,620889.7186355591,78.36734771728516,620811.3512878418,SPY,1219
2024-04-09,621607.8825454712,78.36734771728516,621529.5151977539,SPY,1219
2024-04-10,615384.4277420044,78.36734771728516,615306.0603942871,SPY,1219
2024-04-11,620028.0707473755,78.36734771728516,619949.7033996582,SPY,1219
2024-04-12,611470.8901443481,78.36734771728516,611392.5227966309,SPY,1219
2024-04-15,603811.2563247681,78.36734771728516,603732.8889770508,SPY,1219
2024-04-16,602710.183265686,78.36734771728516,602631.8159179688,SPY,1219
2024-04-17,599143.655921936,78.36734771728516,599065.2885742188,SPY,1219
2024-04-18,597910.9659805298,78.36734771728516,597832.5986328125,SPY,1219
2024-04-19,592692.8662490845,78.36734771728516,592614.4989013672,SPY,1219
2024-04-22,598150.3539505005,78.36734771728516,598071.9866027832,SPY,1219
2024-04-23,605247.4353408813,78.36734771728516,605169.0679931641,SPY,1219
2024-04-24,604960.2069778442,78.36734771728516,604881.839630127,SPY,1219
2024-04-25,602662.3056716919,78.36734771728516,602583.9383239746,SPY,1219
2024-04-26,608371.1228408813,78.36734771728516,608292.7554931641,SPY,1219
2024-04-29,610525.3913650513,78.36734771728516,610447.024017334,SPY,1219
2024-04-30,600855.1590042114,78.36734771728516,600776.7916564941,SPY,1219
2024-05-01,598904.3795547485,78.36734771728516,598826.0122070312,SPY,1219
2024-05-02,604505.4256362915,78.36734771728516,604427.0582885742,SPY,1219
2024-05-03,611997.4320755005,78.36734771728516,611919.0647277832,SPY,1219
2024-05-06,618316.6420669556,78.36734771728516,618238.2747192383,SPY,1219
2024-05-07,618998.907081604,78.36734771728516,618920.5397338867,SPY,1219
2024-05-08,619058.6889724731,78.36734771728516,618980.3216247559,SPY,1219
2024-05-09,622625.0675125122,78.36734771728516,622546.7001647949,SPY,1219
2024-05-10,623427.0823135376,78.36734771728516,623348.7149658203,SPY,1219
2024-05-13,623510.8216018677,78.36734771728516,623432.4542541504,SPY,1219
2024-05-14,626371.2381362915,78.36734771728516,626292.8707885742,SPY,1219
2024-05-15,634126.6643447876,78.36734771728516,634048.2969970703,SPY,1219
2024-05-16,632822.1022109985,78.36734771728516,632743.7348632812,SPY,1219
2024-05-17,633731.664894104,78.36734771728516,633653.2975463867,SPY,1219
2024-05-20,634461.6958999634,78.36734771728516,634383.3285522461,SPY,1219
2024-05-21,636017.5875015259,78.36734771728516,635939.2201538086,SPY,1219
2024-05-22,634186.409034729,78.36734771728516,634108.0416870117,SPY,1219
2024-05-23,629554.7447280884,78.36734771728516,629476.3773803711,SPY,1219
2024-05-24,633719.6117935181,78.36734771728516,633641.2444458008,SPY,1219
2024-05-28,634162.4516372681,78.36734771728516,634084.0842895508,SPY,1219
2024-05-29,629722.3721084595,78.36734771728516,629644.0047607422,SPY,1219
2024-05-30,625545.4519424438,78.36734771728516,625467.0845947266,SPY,1219
2024-05-31,631242.1788101196,78.36734771728516,631163.8114624023,SPY,1219
2024-06-03,631756.8908462524,78.36734771728516,631678.5234985352,SPY,1219
2024-06-04,632462.9644546509,78.36734771728516,632384.5971069336,SPY,1219
2024-06-05,639979.039894104,78.36734771728516,639900.6725463867,SPY,1219
2024-06-06,639966.9867935181,78.36734771728516,639888.6194458008,SPY,1219
2024-06-07,639189.1153945923,78.36734771728516,639110.748046875,SPY,1219
2024-06-10,641163.8150405884,78.36734771728516,641085.4476928711,SPY,1219
2024-06-11,642707.8023452759,78.36734771728516,642629.4349975586,SPY,1219
2024-06-12,647985.7211685181,78.36734771728516,647907.3538208008,SPY,1219
2024-06-13,649290.2089004517,78.36734771728516,649211.8415527344,SPY,1219
2024-06-14,649685.2083511353,78.36734771728516,649606.841003418,SPY,1219
2024-06-17,654855.3188858032,78.36734771728516,654776.9515380859,SPY,1219
2024-06-18,656519.0187759399,78.36734771728516,656440.6514282227,SPY,1219
2024-06-20,654735.6807022095,78.36734771728516,654657.3133544922,SPY,1219
2024-06-21,653858.1108169556,78.36734771728516,653779.7434692383,SPY,1219
2024-06-24,651732.8218154907,78.36734771728516,651654.4544677734,SPY,1219
2024-06-25,654242.1731948853,78.36734771728516,654163.805847168,SPY,1219
2024-06-26,655058.7335586548,78.36734771728516,654980.3662109375,SPY,1219
2024-06-27,656091.2825088501,78.36734771728516,656012.9151611328,SPY,1219
2024-06-28,653509.7613296509,78.36734771728516,653431.3939819336,SPY,1219
2024-07-01,654854.5748672485,78.36734771728516,654776.2075195312,SPY,1219
2024-07-02,659261.0247573853,78.36734771728516,659182.657409668,SPY,1219
2024-07-03,662202.7997207642,78.36734771728516,662124.4323730469,SPY,1219
2024-07-05,666020.8053359985,78.36734771728516,665942.4379882812,SPY,1219
2024-07-08,666789.3021011353,78.36734771728516,666710.934753418,SPY,1219
2024-07-09,667437.7142715454,78.36734771728516,667359.3469238281,SPY,1219
2024-07-10,674041.3253555298,78.36734771728516,673962.9580078125,SPY,1219
2024-07-11,668230.0940322876,78.36734771728516,668151.7266845703,SPY,1219
2024-07-12,672444.438331604,78.36734771728516,672366.0709838867,SPY,1219
2024-07-15,674293.6220474243,78.36734771728516,674215.254699707,SPY,1219
2024-07-16,678291.6801528931,78.36734771728516,678213.3128051758,SPY,1219
2024-07-17,668782.4534072876,78.36734771728516,668704.0860595703,SPY,1219
2024-07-18,663643.517250061,78.36734771728516,663565.1499023438,SPY,1219
2024-07-19,659236.9929580688,78.36734771728516,659158.6256103516,SPY,1219
2024-07-22,666032.9328384399,78.36734771728516,665954.5654907227,SPY,1219
2024-07-23,664988.2563858032,78.36734771728516,664909.8890380859,SPY,1219
2024-07-24,649919.7229995728,78.36734771728516,649841.3556518555,SPY,1219
2024-07-25,646533.9177627563,78.36734771728516,646455.5504150391,SPY,1219
2024-07-26,653773.8879165649,78.36734771728516,653695.5205688477,SPY,1219
2024-07-29,654158.2479019165,78.36734771728516,654079.8805541992,SPY,1219
2024-07-30,650844.3148574829,78.36734771728516,650765.9475097656,SPY,1219
2024-07-31,661422.175453186,78.36734771728516,661343.8081054688,SPY,1219
2024-08-01,652056.9906997681,78.36734771728516,651978.6233520508,SPY,1219
2024-08-02,639918.253578186,78.36734771728516,639839.8862304688,SPY,1219
2024-08-05,621283.6764602661,78.36734771728516,621205.3091125488,SPY,1219
2024-08-06,627010.9452896118,78.36734771728516,626932.5779418945,SPY,1219
2024-08-07,622820.4839859009,78.36734771728516,622742.1166381836,SPY,1219
2024-08-08,637216.7222061157,78.36734771728516,637138.3548583984,SPY,1219
2024-08-09,640026.2850723267,78.36734771728516,639947.9177246094,SPY,1219
2024-08-12,640362.5070571899,78.36734771728516,640284.1397094727,SPY,1219
2024-08-13,650892.3784561157,78.36734771728516,650814.0111083984,SPY,1219
2024-08-14,652945.4232559204,78.36734771728516,652867.0559082031,SPY,1219
2024-08-15,664135.7599258423,78.36734771728516,664057.392578125,SPY,1219
2024-08-16,665624.541053772,78.36734771728516,665546.1737060547,SPY,1219
2024-08-19,671988.2061538696,78.36734771728516,671909.8388061523,SPY,1219
2024-08-20,670895.614906311,78.36734771728516,670817.2475585938,SPY,1219
2024-08-21,673200.8819961548,78.36734771728516,673122.5146484375,SPY,1219
2024-08-22,667917.8294448853,78.36734771728516,667839.462097168,SPY,1219
2024-08-23,675013.9064102173,78.36734771728516,674935.5390625,SPY,1219
2024-08-26,673404.9662857056,78.36734771728516,673326.5989379883,SPY,1219
2024-08-27,674329.4837417603,78.36734771728516,674251.116394043,SPY,1219
2024-08-28,670415.2765274048,78.36734771728516,670336.9091796875,SPY,1219
2024-08-29,670475.3188247681,78.36734771728516,670396.9514770508,SPY,1219
2024-08-30,676874.9944229126,78.36734771728516,676796.6270751953,SPY,1219
2024-09-03,662947.190284729,78.36734771728516,662868.8229370117,SPY,1219
2024-09-04,661590.3236465454,78.36734771728516,661511.9562988281,SPY,1219
2024-09-05,659981.4579238892,78.36734771728516,659903.0905761719,SPY,1219
2024-09-06,648875.2697525024,78.36734771728516,648796.9024047852,SPY,1219
2024-09-09,656139.197303772,78.36734771728516,656060.8299560547,SPY,1219
2024-09-10,658996.8981704712,78.36734771728516,658918.5308227539,SPY,1219
2024-09-11,665756.6787490845,78.36734771728516,665678.3114013672,SPY,1219
2024-09-12,671363.8257827759,78.36734771728516,671285.4584350586,SPY,1219
2024-09-13,674869.7900161743,78.36734771728516,674791.422668457,SPY,1219
2024-09-16,675866.4772720337,78.36734771728516,675788.1099243164,SPY,1219
2024-09-17,676142.5081558228,78.36734771728516,676064.1408081055,SPY,1219
2024-09-18,674137.4525527954,78.36734771728516,674059.0852050781,SPY,1219
2024-09-19,685639.9050064087,78.36734771728516,685561.5376586914,SPY,1219
2024-09-20,684454.757850647,78.36734771728516,684376.3905029297,SPY,1219
2024-09-23,686164.9589004517,78.36734771728516,686086.5915527344,SPY,1219
2024-09-24,688128.0518569946,78.36734771728516,688049.6845092773,SPY,1219
2024-09-25,686610.4772109985,78.36734771728516,686532.1098632812,SPY,1219
2024-09-26,689332.3946914673,78.36734771728516,689254.02734375,SPY,1219
2024-09-27,688332.8057632446,78.36734771728516,688254.4384155273,SPY,1219
2024-09-30,691090.7337417603,78.36734771728516,691012.366394043,SPY,1219
2024-10-01,684900.3505630493,78.36734771728516,684821.983215332,SPY,1219
2024-10-02,685189.4761734009,78.36734771728516,685111.1088256836,SPY,1219
2024-10-03,683936.9953384399,78.36734771728516,683858.6279907227,SPY,1219
2024-10-04,690151.4103164673,78.36734771728516,690073.04296875,SPY,1219
2024-10-07,683912.8891372681,78.36734771728516,683834.5217895508,SPY,1219
2024-10-08,690380.2704238892,78.36734771728516,690301.9030761719,SPY,1219
2024-10-09,695161.5568618774,78.36734771728516,695083.1895141602,SPY,1219
2024-10-10,693945.2353286743,78.36734771728516,693866.867980957,SPY,1219
2024-10-11,698100.2069473267,78.36734771728516,698021.8395996094,SPY,1219
2024-10-14,703808.9125137329,78.36734771728516,703730.5451660156,SPY,1219
2024-10-15,698341.045753479,78.36734771728516,698262.6784057617,SPY,1219
2024-10-16,701375.9718399048,78.36734771728516,701297.6044921875,SPY,1219
2024-10-17,701436.2373428345,78.36734771728516,701357.8699951172,SPY,1219
2024-10-18,704134.0486221313,78.36734771728516,704055.6812744141,SPY,1219
2024-10-21,702977.843788147,78.36734771728516,702899.4764404297,SPY,1219
2024-10-22,702604.5696792603,78.36734771728516,702526.202331543,SPY,1219
2024-10-23,696185.251991272,78.36734771728516,696106.8846435547,SPY,1219
2024-10-24,697690.6991348267,78.36734771728516,697612.3317871094,SPY,1219
2024-10-25,697449.8603286743,78.36734771728516,697371.492980957,SPY,1219
2024-10-28,699605.6540908813,78.36734771728516,699527.2867431641,SPY,1219
2024-10-29,700737.6783218384,78.36734771728516,700659.3109741211,SPY,1219
2024-10-30,698618.0438613892,78.36734771728516,698539.6765136719,SPY,1219
2024-10-31,684924.5311660767,78.36734771728516,684846.1638183594,SPY,1219
2024-11-01,687814.8944473267,78.36734771728516,687736.5270996094,SPY,1219
2024-11-04,686333.5535049438,78.36734771728516,686255.1861572266,SPY,1219
2024-11-05,694631.666847229,78.36734771728516,694553.2994995117,SPY,1219
2024-11-06,711902.0487442017,78.36734771728516,711823.6813964844,SPY,1219
2024-11-07,717406.0004043579,78.36734771728516,717327.6330566406,SPY,1219
2024-11-08,720513.2450942993,78.36734771728516,720434.877746582,SPY,1219
2024-11-11,721199.676612854,78.36734771728516,721121.3092651367,SPY,1219
2024-11-12,718959.6599502563,78.36734771728516,718881.2926025391,SPY,1219
2024-11-13,719308.9022598267,78.36734771728516,719230.5349121094,SPY,1219
2024-11-14,714684.2317276001,78.36734771728516,714605.8643798828,SPY,1219
2024-11-15,705531.0922622681,78.36734771728516,705452.7249145508,SPY,1219
2024-11-18,708421.604347229,78.36734771728516,708343.2369995117,SPY,1219
2024-11-19,711010.9377212524,78.36734771728516,710932.5703735352,SPY,1219
2024-11-20,711251.7765274048,78.36734771728516,711173.4091796875,SPY,1219
2024-11-21,715069.5589370728,78.36734771728516,714991.1915893555,SPY,1219
2024-11-22,717285.543800354,78.36734771728516,717207.1764526367,SPY,1219
2024-11-25,719718.4844741821,78.36734771728516,719640.1171264648,SPY,1219
2024-11-26,723476.0757827759,78.36734771728516,723397.7084350586,SPY,1219
2024-11-27,721284.0483169556,78.36734771728516,721205.6809692383,SPY,1219
2024-11-29,725764.3048477173,78.36734771728516,725685.9375,SPY,1219
2024-12-02,727064.998085022,78.36734771728516,726986.6307373047,SPY,1219
2024-12-03,727402.1872940063,78.36734771728516,727323.8199462891,SPY,1219
2024-12-04,731918.5287246704,78.36734771728516,731840.1613769531,SPY,1219
2024-12-05,730714.1858901978,78.36734771728516,730635.8185424805,SPY,1219
2024-12-06,732099.250831604,78.36734771728516,732020.8834838867,SPY,1219
2024-12-09,728329.5320205688,78.36734771728516,728251.1646728516,SPY,1219
2024-12-10,726065.3347549438,78.36734771728516,725986.9674072266,SPY,1219
2024-12-11,731677.7643203735,78.36734771728516,731599.3969726562,SPY,1219
2024-12-12,727907.9711074829,78.36734771728516,727829.6037597656,SPY,1219
2024-12-13,727763.5571060181,78.36734771728516,727685.1897583008,SPY,1219
2024-12-16,730870.727394104,78.36734771728516,730792.3600463867,SPY,1219
2024-12-17,727859.7587051392,78.36734771728516,727781.3913574219,SPY,1219
2024-12-18,706169.3857803345,78.36734771728516,706091.0184326172,SPY,1219
2024-12-19,705952.5787734985,78.36734771728516,705874.2114257812,SPY,1219
2024-12-20,714430.8190078735,78.36734771728516,714352.4516601562,SPY,1219
2024-12-23,718708.6280899048,78.36734771728516,718630.2607421875,SPY,1219
2024-12-24,726696.1880874634,78.36734771728516,726617.8207397461,SPY,1219
2024-12-26,726744.6236953735,78.36734771728516,726666.2563476562,SPY,1219
2024-12-27,719095.2945327759,78.36734771728516,719016.9271850586,SPY,1219
2024-12-30,710890.1835098267,78.36734771728516,710811.8161621094,SPY,1219
