date,equity,cash,position_value,position,shares
2004-09-29,100000.0,100000.0,0.0,,0
2004-09-30,100000.0,100000.0,0.0,,0
2004-10-01,100000.0,100000.0,0.0,,0
2004-10-04,100000.0,100000.0,0.0,,0
2004-10-05,100000.0,100000.0,0.0,,0
2004-10-06,100000.0,100000.0,0.0,,0
2004-10-07,100000.0,100000.0,0.0,,0
2004-10-08,100000.0,100000.0,0.0,,0
2004-10-11,100000.0,100000.0,0.0,,0
2004-10-12,100000.0,100000.0,0.0,,0
2004-10-13,100000.0,100000.0,0.0,,0
2004-10-14,100000.0,100000.0,0.0,,0
2004-10-15,100000.0,100000.0,0.0,,0
2004-10-18,100000.0,100000.0,0.0,,0
2004-10-19,100000.0,100000.0,0.0,,0
2004-10-20,100000.0,100000.0,0.0,,0
2004-10-21,100000.0,100000.0,0.0,,0
2004-10-22,100000.0,100000.0,0.0,,0
2004-10-25,100000.0,100000.0,0.0,,0
2004-10-26,100000.0,100000.0,0.0,,0
2004-10-27,100000.0,100000.0,0.0,,0
2004-10-28,100000.0,100000.0,0.0,,0
2004-10-29,100000.0,100000.0,0.0,,0
2004-11-01,100000.0,100000.0,0.0,,0
2004-11-02,100000.0,100000.0,0.0,,0
2004-11-03,100000.0,100000.0,0.0,,0
2004-11-04,100000.0,100000.0,0.0,,0
2004-11-05,100000.0,100000.0,0.0,,0
2004-11-08,100000.0,100000.0,0.0,,0
2004-11-09,100000.0,100000.0,0.0,,0
2004-11-10,100000.0,100000.0,0.0,,0
2004-11-11,100000.0,100000.0,0.0,,0
2004-11-12,100000.0,100000.0,0.0,,0
2004-11-15,100000.0,100000.0,0.0,,0
2004-11-16,100000.0,100000.0,0.0,,0
2004-11-17,100000.0,100000.0,0.0,,0
2004-11-18,100000.0,100000.0,0.0,,0
2004-11-19,100000.0,100000.0,0.0,,0
2004-11-22,100000.0,100000.0,0.0,,0
2004-11-23,100000.0,100000.0,0.0,,0
2004-11-24,100000.0,100000.0,0.0,,0
2004-11-26,100000.0,100000.0,0.0,,0
2004-11-29,100000.0,100000.0,0.0,,0
2004-11-30,100000.0,100000.0,0.0,,0
2004-12-01,100000.0,100000.0,0.0,,0
2004-12-02,100000.0,100000.0,0.0,,0
2004-12-03,100000.0,100000.0,0.0,,0
2004-12-06,100000.0,100000.0,0.0,,0
2004-12-07,100000.0,100000.0,0.0,,0
2004-12-08,100000.0,100000.0,0.0,,0
2004-12-09,100000.0,100000.0,0.0,,0
2004-12-10,100000.0,100000.0,0.0,,0
2004-12-13,100000.0,100000.0,0.0,,0
2004-12-14,100000.0,100000.0,0.0,,0
2004-12-15,100000.0,100000.0,0.0,,0
2004-12-16,100000.0,100000.0,0.0,,0
2004-12-17,100000.0,100000.0,0.0,,0
2004-12-20,100000.0,100000.0,0.0,,0
2004-12-21,100000.0,100000.0,0.0,,0
2004-12-22,100000.0,100000.0,0.0,,0
2004-12-23,100000.0,100000.0,0.0,,0
2004-12-27,100000.0,100000.0,0.0,,0
2004-12-28,100000.0,100000.0,0.0,,0
2004-12-29,100000.0,100000.0,0.0,,0
2004-12-30,100000.0,100000.0,0.0,,0
2004-12-31,100000.0,100000.0,0.0,,0
2005-01-03,100000.0,100000.0,0.0,,0
2005-01-04,100000.0,100000.0,0.0,,0
2005-01-05,100000.0,100000.0,0.0,,0
2005-01-06,100000.0,100000.0,0.0,,0
2005-01-07,100000.0,100000.0,0.0,,0
2005-01-10,100000.0,100000.0,0.0,,0
2005-01-11,100000.0,100000.0,0.0,,0
2005-01-12,100000.0,100000.0,0.0,,0
2005-01-13,100000.0,100000.0,0.0,,0
2005-01-14,100000.0,100000.0,0.0,,0
2005-01-18,100000.0,100000.0,0.0,,0
2005-01-19,100000.0,100000.0,0.0,,0
2005-01-20,100000.0,100000.0,0.0,,0
2005-01-21,100000.0,100000.0,0.0,,0
2005-01-24,100000.0,100000.0,0.0,,0
2005-01-25,100000.0,100000.0,0.0,,0
2005-01-26,100000.0,100000.0,0.0,,0
2005-01-27,100000.0,100000.0,0.0,,0
2005-01-28,100000.0,100000.0,0.0,,0
2005-01-31,100000.0,100000.0,0.0,,0
2005-02-01,100000.0,100000.0,0.0,,0
2005-02-02,100000.0,100000.0,0.0,,0
2005-02-03,100000.0,100000.0,0.0,,0
2005-02-04,100000.0,100000.0,0.0,,0
2005-02-07,100000.0,100000.0,0.0,,0
2005-02-08,100000.0,100000.0,0.0,,0
2005-02-09,100000.0,100000.0,0.0,,0
2005-02-10,100000.0,100000.0,0.0,,0
2005-02-11,100000.0,100000.0,0.0,,0
2005-02-14,100000.0,100000.0,0.0,,0
2005-02-15,100000.0,100000.0,0.0,,0
2005-02-16,100000.0,100000.0,0.0,,0
2005-02-17,100000.0,100000.0,0.0,,0
2005-02-18,100000.0,100000.0,0.0,,0
2005-02-22,100000.0,100000.0,0.0,,0
2005-02-23,100000.0,100000.0,0.0,,0
2005-02-24,100000.0,100000.0,0.0,,0
2005-02-25,100000.0,100000.0,0.0,,0
2005-02-28,100000.0,100000.0,0.0,,0
2005-03-01,100000.0,100000.0,0.0,,0
2005-03-02,100000.0,100000.0,0.0,,0
2005-03-03,100000.0,100000.0,0.0,,0
2005-03-04,100000.0,100000.0,0.0,,0
2005-03-07,100000.0,100000.0,0.0,,0
2005-03-08,100000.0,100000.0,0.0,,0
2005-03-09,100000.0,100000.0,0.0,,0
2005-03-10,100000.0,100000.0,0.0,,0
2005-03-11,100000.0,100000.0,0.0,,0
2005-03-14,100000.0,100000.0,0.0,,0
2005-03-15,100000.0,100000.0,0.0,,0
2005-03-16,100000.0,100000.0,0.0,,0
2005-03-17,100000.0,100000.0,0.0,,0
2005-03-18,100000.0,100000.0,0.0,,0
2005-03-21,100000.0,100000.0,0.0,,0
2005-03-22,100000.0,100000.0,0.0,,0
2005-03-23,100000.0,100000.0,0.0,,0
2005-03-24,100000.0,100000.0,0.0,,0
2005-03-28,100000.0,100000.0,0.0,,0
2005-03-29,100000.0,100000.0,0.0,,0
2005-03-30,100000.0,100000.0,0.0,,0
2005-03-31,100000.0,100000.0,0.0,,0
2005-04-01,100000.0,100000.0,0.0,,0
2005-04-04,100000.0,100000.0,0.0,,0
2005-04-05,100000.0,100000.0,0.0,,0
2005-04-06,100000.0,100000.0,0.0,,0
2005-04-07,100000.0,100000.0,0.0,,0
2005-04-08,100000.0,100000.0,0.0,,0
2005-04-11,100000.0,100000.0,0.0,,0
2005-04-12,100000.0,100000.0,0.0,,0
2005-04-13,100000.0,100000.0,0.0,,0
2005-04-14,100000.0,100000.0,0.0,,0
2005-04-15,100000.0,100000.0,0.0,,0
2005-04-18,100000.0,100000.0,0.0,,0
2005-04-19,100000.0,100000.0,0.0,,0
2005-04-20,100000.0,100000.0,0.0,,0
2005-04-21,100000.0,100000.0,0.0,,0
2005-04-22,100000.0,100000.0,0.0,,0
2005-04-25,100000.0,100000.0,0.0,,0
2005-04-26,100000.0,100000.0,0.0,,0
2005-04-27,100000.0,100000.0,0.0,,0
2005-04-28,100000.0,100000.0,0.0,,0
2005-04-29,100000.0,100000.0,0.0,,0
2005-05-02,100000.0,100000.0,0.0,,0
2005-05-03,100000.0,100000.0,0.0,,0
2005-05-04,100000.0,100000.0,0.0,,0
2005-05-05,100000.0,100000.0,0.0,,0
2005-05-06,100000.0,100000.0,0.0,,0
2005-05-09,100000.0,100000.0,0.0,,0
2005-05-10,100000.0,100000.0,0.0,,0
2005-05-11,100000.0,100000.0,0.0,,0
2005-05-12,100000.0,100000.0,0.0,,0
2005-05-13,100000.0,100000.0,0.0,,0
2005-05-16,100000.0,100000.0,0.0,,0
2005-05-17,100000.0,100000.0,0.0,,0
2005-05-18,100000.0,100000.0,0.0,,0
2005-05-19,100000.0,100000.0,0.0,,0
2005-05-20,100000.0,100000.0,0.0,,0
2005-05-23,100000.0,100000.0,0.0,,0
2005-05-24,100000.0,100000.0,0.0,,0
2005-05-25,100000.0,100000.0,0.0,,0
2005-05-26,100000.0,100000.0,0.0,,0
2005-05-27,100000.0,100000.0,0.0,,0
2005-05-31,100000.0,100000.0,0.0,,0
2005-06-01,100000.0,100000.0,0.0,,0
2005-06-02,100000.0,100000.0,0.0,,0
2005-06-03,100000.0,100000.0,0.0,,0
2005-06-06,100000.0,100000.0,0.0,,0
2005-06-07,100000.0,100000.0,0.0,,0
2005-06-08,100000.0,100000.0,0.0,,0
2005-06-09,100000.0,100000.0,0.0,,0
2005-06-10,100000.0,100000.0,0.0,,0
2005-06-13,100000.0,100000.0,0.0,,0
2005-06-14,100000.0,100000.0,0.0,,0
2005-06-15,100000.0,100000.0,0.0,,0
2005-06-16,100000.0,100000.0,0.0,,0
2005-06-17,100000.0,100000.0,0.0,,0
2005-06-20,100000.0,100000.0,0.0,,0
2005-06-21,100000.0,100000.0,0.0,,0
2005-06-22,100000.0,100000.0,0.0,,0
2005-06-23,100000.0,100000.0,0.0,,0
2005-06-24,100000.0,100000.0,0.0,,0
2005-06-27,100000.0,100000.0,0.0,,0
2005-06-28,100000.0,100000.0,0.0,,0
2005-06-29,100000.0,100000.0,0.0,,0
2005-06-30,100000.0,100000.0,0.0,,0
2005-07-01,100000.0,100000.0,0.0,,0
2005-07-05,100000.0,100000.0,0.0,,0
2005-07-06,100000.0,100000.0,0.0,,0
2005-07-07,100000.0,100000.0,0.0,,0
2005-07-08,100000.0,100000.0,0.0,,0
2005-07-11,100000.0,100000.0,0.0,,0
2005-07-12,100000.0,100000.0,0.0,,0
2005-07-13,100000.0,100000.0,0.0,,0
2005-07-14,100000.0,100000.0,0.0,,0
2005-07-15,100000.0,100000.0,0.0,,0
2005-07-18,100000.0,100000.0,0.0,,0
2005-07-19,100000.0,100000.0,0.0,,0
2005-07-20,100000.0,100000.0,0.0,,0
2005-07-21,100000.0,100000.0,0.0,,0
2005-07-22,100000.0,100000.0,0.0,,0
2005-07-25,100000.0,100000.0,0.0,,0
2005-07-26,100000.0,100000.0,0.0,,0
2005-07-27,100000.0,100000.0,0.0,,0
2005-07-28,100000.0,100000.0,0.0,,0
2005-07-29,100000.0,100000.0,0.0,,0
2005-08-01,100000.0,100000.0,0.0,,0
2005-08-02,100000.0,100000.0,0.0,,0
2005-08-03,100000.0,100000.0,0.0,,0
2005-08-04,100000.0,100000.0,0.0,,0
2005-08-05,100000.0,100000.0,0.0,,0
2005-08-08,100000.0,100000.0,0.0,,0
2005-08-09,100000.0,100000.0,0.0,,0
2005-08-10,100000.0,100000.0,0.0,,0
2005-08-11,100000.0,100000.0,0.0,,0
2005-08-12,100000.0,100000.0,0.0,,0
2005-08-15,100000.0,100000.0,0.0,,0
2005-08-16,100000.0,100000.0,0.0,,0
2005-08-17,100000.0,100000.0,0.0,,0
2005-08-18,100000.0,100000.0,0.0,,0
2005-08-19,100000.0,100000.0,0.0,,0
2005-08-22,100000.0,100000.0,0.0,,0
2005-08-23,100000.0,100000.0,0.0,,0
2005-08-24,100000.0,100000.0,0.0,,0
2005-08-25,100000.0,100000.0,0.0,,0
2005-08-26,100000.0,100000.0,0.0,,0
2005-08-29,100000.0,100000.0,0.0,,0
2005-08-30,100000.0,100000.0,0.0,,0
2005-08-31,100000.0,100000.0,0.0,,0
2005-09-01,100000.0,100000.0,0.0,,0
2005-09-02,100000.0,100000.0,0.0,,0
2005-09-06,100000.0,100000.0,0.0,,0
2005-09-07,100000.0,100000.0,0.0,,0
2005-09-08,100000.0,100000.0,0.0,,0
2005-09-09,100000.0,100000.0,0.0,,0
2005-09-12,100000.0,100000.0,0.0,,0
2005-09-13,100000.0,100000.0,0.0,,0
2005-09-14,100000.0,100000.0,0.0,,0
2005-09-15,100000.0,100000.0,0.0,,0
2005-09-16,100000.0,100000.0,0.0,,0
2005-09-19,100000.0,100000.0,0.0,,0
2005-09-20,100000.0,100000.0,0.0,,0
2005-09-21,100000.0,100000.0,0.0,,0
2005-09-22,100000.0,100000.0,0.0,,0
2005-09-23,100000.0,100000.0,0.0,,0
2005-09-26,100000.0,100000.0,0.0,,0
2005-09-27,100000.0,100000.0,0.0,,0
2005-09-28,100000.0,100000.0,0.0,,0
2005-09-29,100000.0,100000.0,0.0,,0
2005-09-30,100000.0,100000.0,0.0,,0
2005-10-03,100000.0,100000.0,0.0,,0
2005-10-04,100000.0,100000.0,0.0,,0
2005-10-05,100000.0,100000.0,0.0,,0
2005-10-06,100000.0,100000.0,0.0,,0
2005-10-07,100000.0,100000.0,0.0,,0
2005-10-10,100000.0,100000.0,0.0,,0
2005-10-11,100000.0,100000.0,0.0,,0
2005-10-12,100000.0,100000.0,0.0,,0
2005-10-13,100000.0,100000.0,0.0,,0
2005-10-14,100000.0,100000.0,0.0,,0
2005-10-17,100000.0,100000.0,0.0,,0
2005-10-18,100000.0,100000.0,0.0,,0
2005-10-19,100000.0,100000.0,0.0,,0
2005-10-20,100000.0,100000.0,0.0,,0
2005-10-21,100000.0,100000.0,0.0,,0
2005-10-24,100000.0,100000.0,0.0,,0
2005-10-25,100000.0,100000.0,0.0,,0
2005-10-26,100000.0,100000.0,0.0,,0
2005-10-27,100000.0,100000.0,0.0,,0
2005-10-28,100000.0,100000.0,0.0,,0
2005-10-31,100000.0,100000.0,0.0,,0
2005-11-01,100000.0,100000.0,0.0,,0
2005-11-02,100000.0,100000.0,0.0,,0
2005-11-03,100000.0,100000.0,0.0,,0
2005-11-04,100000.0,100000.0,0.0,,0
2005-11-07,100000.0,100000.0,0.0,,0
2005-11-08,100000.0,100000.0,0.0,,0
2005-11-09,100000.0,100000.0,0.0,,0
2005-11-10,100000.0,100000.0,0.0,,0
2005-11-11,100000.0,100000.0,0.0,,0
2005-11-14,100000.0,100000.0,0.0,,0
2005-11-15,100000.0,100000.0,0.0,,0
2005-11-16,100000.0,100000.0,0.0,,0
2005-11-17,100000.0,100000.0,0.0,,0
2005-11-18,100000.0,100000.0,0.0,,0
2005-11-21,100000.0,100000.0,0.0,,0
2005-11-22,100000.0,100000.0,0.0,,0
2005-11-23,100000.0,100000.0,0.0,,0
2005-11-25,100000.0,100000.0,0.0,,0
2005-11-28,100000.0,100000.0,0.0,,0
2005-11-29,100000.0,100000.0,0.0,,0
2005-11-30,100000.0,100000.0,0.0,,0
2005-12-01,100000.0,100000.0,0.0,,0
2005-12-02,100000.0,100000.0,0.0,,0
2005-12-05,100000.0,100000.0,0.0,,0
2005-12-06,100000.0,100000.0,0.0,,0
2005-12-07,100000.0,100000.0,0.0,,0
2005-12-08,100000.0,100000.0,0.0,,0
2005-12-09,100000.0,100000.0,0.0,,0
2005-12-12,100000.0,100000.0,0.0,,0
2005-12-13,100000.0,100000.0,0.0,,0
2005-12-14,100000.0,100000.0,0.0,,0
2005-12-15,100000.0,100000.0,0.0,,0
2005-12-16,100000.0,100000.0,0.0,,0
2005-12-19,100000.0,100000.0,0.0,,0
2005-12-20,100000.0,100000.0,0.0,,0
2005-12-21,100000.0,100000.0,0.0,,0
2005-12-22,100000.0,100000.0,0.0,,0
2005-12-23,100000.0,100000.0,0.0,,0
2005-12-27,100000.0,100000.0,0.0,,0
2005-12-28,100000.0,100000.0,0.0,,0
2005-12-29,100000.0,100000.0,0.0,,0
2005-12-30,100000.0,100000.0,0.0,,0
2006-01-03,100000.0,100000.0,0.0,,0
2006-01-04,100000.0,100000.0,0.0,,0
2006-01-05,100000.0,100000.0,0.0,,0
2006-01-06,100000.0,100000.0,0.0,,0
2006-01-09,100000.0,100000.0,0.0,,0
2006-01-10,100000.0,100000.0,0.0,,0
2006-01-11,100000.0,100000.0,0.0,,0
2006-01-12,100000.0,100000.0,0.0,,0
2006-01-13,100000.0,100000.0,0.0,,0
2006-01-17,100000.0,100000.0,0.0,,0
2006-01-18,100000.0,100000.0,0.0,,0
2006-01-19,100000.0,100000.0,0.0,,0
2006-01-20,100000.0,100000.0,0.0,,0
2006-01-23,100000.0,100000.0,0.0,,0
2006-01-24,100000.0,100000.0,0.0,,0
2006-01-25,100000.0,100000.0,0.0,,0
2006-01-26,100000.0,100000.0,0.0,,0
2006-01-27,100000.0,100000.0,0.0,,0
2006-01-30,100000.0,100000.0,0.0,,0
2006-01-31,100000.0,100000.0,0.0,,0
2006-02-01,100000.0,100000.0,0.0,,0
2006-02-02,100000.0,100000.0,0.0,,0
2006-02-03,100000.0,100000.0,0.0,,0
2006-02-06,100000.0,100000.0,0.0,,0
2006-02-07,100000.0,100000.0,0.0,,0
2006-02-08,100000.0,100000.0,0.0,,0
2006-02-09,100000.0,100000.0,0.0,,0
2006-02-10,100000.0,100000.0,0.0,,0
2006-02-13,100000.0,100000.0,0.0,,0
2006-02-14,100000.0,100000.0,0.0,,0
2006-02-15,100000.0,100000.0,0.0,,0
2006-02-16,100000.0,100000.0,0.0,,0
2006-02-17,100000.0,100000.0,0.0,,0
2006-02-21,100000.0,100000.0,0.0,,0
2006-02-22,100000.0,100000.0,0.0,,0
2006-02-23,100000.0,100000.0,0.0,,0
2006-02-24,100000.0,100000.0,0.0,,0
2006-02-27,100000.0,100000.0,0.0,,0
2006-02-28,100000.0,100000.0,0.0,,0
2006-03-01,100000.0,100000.0,0.0,,0
2006-03-02,100000.0,100000.0,0.0,,0
2006-03-03,100000.0,100000.0,0.0,,0
2006-03-06,100000.0,100000.0,0.0,,0
2006-03-07,100000.0,100000.0,0.0,,0
2006-03-08,100000.0,100000.0,0.0,,0
2006-03-09,100000.0,100000.0,0.0,,0
2006-03-10,100000.0,100000.0,0.0,,0
2006-03-13,100000.0,100000.0,0.0,,0
2006-03-14,100000.0,100000.0,0.0,,0
2006-03-15,100000.0,100000.0,0.0,,0
2006-03-16,100000.0,100000.0,0.0,,0
2006-03-17,100000.0,100000.0,0.0,,0
2006-03-20,100000.0,100000.0,0.0,,0
2006-03-21,100000.0,100000.0,0.0,,0
2006-03-22,100000.0,100000.0,0.0,,0
2006-03-23,100000.0,100000.0,0.0,,0
2006-03-24,100000.0,100000.0,0.0,,0
2006-03-27,100000.0,100000.0,0.0,,0
2006-03-28,100000.0,100000.0,0.0,,0
2006-03-29,100000.0,100000.0,0.0,,0
2006-03-30,100000.0,100000.0,0.0,,0
2006-03-31,100000.0,100000.0,0.0,,0
2006-04-03,100000.0,100000.0,0.0,,0
2006-04-04,100000.0,100000.0,0.0,,0
2006-04-05,100000.0,100000.0,0.0,,0
2006-04-06,100000.0,100000.0,0.0,,0
2006-04-07,100000.0,100000.0,0.0,,0
2006-04-10,100000.0,100000.0,0.0,,0
2006-04-11,100000.0,100000.0,0.0,,0
2006-04-12,100000.0,100000.0,0.0,,0
2006-04-13,100000.0,100000.0,0.0,,0
2006-04-17,100000.0,100000.0,0.0,,0
2006-04-18,100000.0,100000.0,0.0,,0
2006-04-19,100000.0,100000.0,0.0,,0
2006-04-20,100000.0,100000.0,0.0,,0
2006-04-21,100000.0,100000.0,0.0,,0
2006-04-24,100000.0,100000.0,0.0,,0
2006-04-25,100000.0,100000.0,0.0,,0
2006-04-26,100000.0,100000.0,0.0,,0
2006-04-27,100000.0,100000.0,0.0,,0
2006-04-28,100000.0,100000.0,0.0,,0
2006-05-01,100000.0,100000.0,0.0,,0
2006-05-02,100000.0,100000.0,0.0,,0
2006-05-03,100000.0,100000.0,0.0,,0
2006-05-04,100000.0,100000.0,0.0,,0
2006-05-05,100000.0,100000.0,0.0,,0
2006-05-08,100000.0,100000.0,0.0,,0
2006-05-09,100000.0,100000.0,0.0,,0
2006-05-10,100000.0,100000.0,0.0,,0
2006-05-11,100000.0,100000.0,0.0,,0
2006-05-12,100000.0,100000.0,0.0,,0
2006-05-15,100000.0,100000.0,0.0,,0
2006-05-16,100000.0,100000.0,0.0,,0
2006-05-17,100000.0,100000.0,0.0,,0
2006-05-18,100000.0,100000.0,0.0,,0
2006-05-19,100000.0,100000.0,0.0,,0
2006-05-22,100000.0,100000.0,0.0,,0
2006-05-23,100000.0,100000.0,0.0,,0
2006-05-24,100000.0,100000.0,0.0,,0
2006-05-25,100000.0,100000.0,0.0,,0
2006-05-26,100000.0,100000.0,0.0,,0
2006-05-30,100000.0,100000.0,0.0,,0
2006-05-31,100000.0,100000.0,0.0,,0
2006-06-01,100000.0,100000.0,0.0,,0
2006-06-02,100000.0,100000.0,0.0,,0
2006-06-05,100000.0,100000.0,0.0,,0
2006-06-06,100000.0,100000.0,0.0,,0
2006-06-07,100000.0,100000.0,0.0,,0
2006-06-08,100000.0,100000.0,0.0,,0
2006-06-09,100000.0,100000.0,0.0,,0
2006-06-12,100000.0,100000.0,0.0,,0
2006-06-13,100000.0,100000.0,0.0,,0
2006-06-14,100000.0,100000.0,0.0,,0
2006-06-15,100000.0,100000.0,0.0,,0
2006-06-16,100000.0,100000.0,0.0,,0
2006-06-19,100000.0,100000.0,0.0,,0
2006-06-20,100000.0,100000.0,0.0,,0
2006-06-21,100000.0,100000.0,0.0,,0
2006-06-22,100000.0,100000.0,0.0,,0
2006-06-23,100000.0,100000.0,0.0,,0
2006-06-26,100000.0,100000.0,0.0,,0
2006-06-27,100000.0,100000.0,0.0,,0
2006-06-28,100000.0,100000.0,0.0,,0
2006-06-29,100000.0,100000.0,0.0,,0
2006-06-30,100000.0,100000.0,0.0,,0
2006-07-03,100000.0,100000.0,0.0,,0
2006-07-05,100000.0,100000.0,0.0,,0
2006-07-06,100000.0,100000.0,0.0,,0
2006-07-07,100000.0,100000.0,0.0,,0
2006-07-10,100000.0,100000.0,0.0,,0
2006-07-11,100000.0,100000.0,0.0,,0
2006-07-12,100000.0,100000.0,0.0,,0
2006-07-13,100000.0,100000.0,0.0,,0
2006-07-14,100000.0,100000.0,0.0,,0
2006-07-17,100000.0,100000.0,0.0,,0
2006-07-18,100000.0,100000.0,0.0,,0
2006-07-19,100000.0,100000.0,0.0,,0
2006-07-20,100000.0,100000.0,0.0,,0
2006-07-21,100000.0,100000.0,0.0,,0
2006-07-24,100000.0,100000.0,0.0,,0
2006-07-25,100000.0,100000.0,0.0,,0
2006-07-26,100000.0,100000.0,0.0,,0
2006-07-27,100000.0,100000.0,0.0,,0
2006-07-28,100000.0,100000.0,0.0,,0
2006-07-31,100000.0,100000.0,0.0,,0
2006-08-01,100000.0,100000.0,0.0,,0
2006-08-02,100000.0,100000.0,0.0,,0
2006-08-03,100000.0,100000.0,0.0,,0
2006-08-04,100000.0,100000.0,0.0,,0
2006-08-07,100000.0,100000.0,0.0,,0
2006-08-08,100000.0,100000.0,0.0,,0
2006-08-09,100000.0,100000.0,0.0,,0
2006-08-10,100000.0,100000.0,0.0,,0
2006-08-11,100000.0,100000.0,0.0,,0
2006-08-14,100000.0,100000.0,0.0,,0
2006-08-15,100000.0,100000.0,0.0,,0
2006-08-16,100000.0,100000.0,0.0,,0
2006-08-17,100000.0,100000.0,0.0,,0
2006-08-18,100000.0,100000.0,0.0,,0
2006-08-21,100000.0,100000.0,0.0,,0
2006-08-22,100000.0,100000.0,0.0,,0
2006-08-23,100000.0,100000.0,0.0,,0
2006-08-24,100000.0,100000.0,0.0,,0
2006-08-25,100000.0,100000.0,0.0,,0
2006-08-28,100000.0,100000.0,0.0,,0
2006-08-29,100000.0,100000.0,0.0,,0
2006-08-30,100000.0,100000.0,0.0,,0
2006-08-31,100000.0,100000.0,0.0,,0
2006-09-01,100000.0,100000.0,0.0,,0
2006-09-05,100000.0,100000.0,0.0,,0
2006-09-06,100000.0,100000.0,0.0,,0
2006-09-07,100000.0,100000.0,0.0,,0
2006-09-08,100000.0,100000.0,0.0,,0
2006-09-11,100000.0,100000.0,0.0,,0
2006-09-12,100000.0,100000.0,0.0,,0
2006-09-13,100000.0,100000.0,0.0,,0
2006-09-14,100000.0,100000.0,0.0,,0
2006-09-15,100000.0,100000.0,0.0,,0
2006-09-18,100000.0,100000.0,0.0,,0
2006-09-19,100000.0,100000.0,0.0,,0
2006-09-20,100000.0,100000.0,0.0,,0
2006-09-21,100000.0,100000.0,0.0,,0
2006-09-22,100000.0,100000.0,0.0,,0
2006-09-25,100000.0,100000.0,0.0,,0
2006-09-26,100000.0,100000.0,0.0,,0
2006-09-27,100000.0,100000.0,0.0,,0
2006-09-28,100000.0,100000.0,0.0,,0
2006-09-29,100000.0,100000.0,0.0,,0
2006-10-02,100000.0,100000.0,0.0,,0
2006-10-03,100000.0,100000.0,0.0,,0
2006-10-04,100000.0,100000.0,0.0,,0
2006-10-05,100000.0,100000.0,0.0,,0
2006-10-06,100000.0,100000.0,0.0,,0
2006-10-09,100000.0,100000.0,0.0,,0
2006-10-10,100000.0,100000.0,0.0,,0
2006-10-11,100000.0,100000.0,0.0,,0
2006-10-12,100000.0,100000.0,0.0,,0
2006-10-13,100000.0,100000.0,0.0,,0
2006-10-16,100000.0,100000.0,0.0,,0
2006-10-17,100000.0,100000.0,0.0,,0
2006-10-18,100000.0,100000.0,0.0,,0
2006-10-19,100000.0,100000.0,0.0,,0
2006-10-20,100000.0,100000.0,0.0,,0
2006-10-23,100000.0,100000.0,0.0,,0
2006-10-24,100000.0,100000.0,0.0,,0
2006-10-25,100000.0,100000.0,0.0,,0
2006-10-26,100000.0,100000.0,0.0,,0
2006-10-27,100000.0,100000.0,0.0,,0
2006-10-30,100000.0,100000.0,0.0,,0
2006-10-31,100000.0,100000.0,0.0,,0
2006-11-01,100000.0,100000.0,0.0,,0
2006-11-02,100000.0,100000.0,0.0,,0
2006-11-03,100000.0,100000.0,0.0,,0
2006-11-06,100000.0,100000.0,0.0,,0
2006-11-07,100000.0,100000.0,0.0,,0
2006-11-08,100000.0,100000.0,0.0,,0
2006-11-09,100000.0,100000.0,0.0,,0
2006-11-10,100000.0,100000.0,0.0,,0
2006-11-13,100000.0,100000.0,0.0,,0
2006-11-14,100000.0,100000.0,0.0,,0
2006-11-15,100000.0,100000.0,0.0,,0
2006-11-16,100000.0,100000.0,0.0,,0
2006-11-17,100000.0,100000.0,0.0,,0
2006-11-20,100000.0,100000.0,0.0,,0
2006-11-21,100000.0,100000.0,0.0,,0
2006-11-22,100000.0,100000.0,0.0,,0
2006-11-24,100000.0,100000.0,0.0,,0
2006-11-27,100000.0,100000.0,0.0,,0
2006-11-28,100000.0,100000.0,0.0,,0
2006-11-29,100000.0,100000.0,0.0,,0
2006-11-30,100000.0,100000.0,0.0,,0
2006-12-01,100000.0,100000.0,0.0,,0
2006-12-04,100000.0,100000.0,0.0,,0
2006-12-05,100000.0,100000.0,0.0,,0
2006-12-06,100000.0,100000.0,0.0,,0
2006-12-07,100000.0,100000.0,0.0,,0
2006-12-08,100000.0,100000.0,0.0,,0
2006-12-11,100000.0,100000.0,0.0,,0
2006-12-12,100000.0,100000.0,0.0,,0
2006-12-13,100000.0,100000.0,0.0,,0
2006-12-14,100000.0,100000.0,0.0,,0
2006-12-15,100000.0,100000.0,0.0,,0
2006-12-18,100000.0,100000.0,0.0,,0
2006-12-19,100000.0,100000.0,0.0,,0
2006-12-20,100000.0,100000.0,0.0,,0
2006-12-21,100000.0,100000.0,0.0,,0
2006-12-22,100000.0,100000.0,0.0,,0
2006-12-26,100000.0,100000.0,0.0,,0
2006-12-27,100000.0,100000.0,0.0,,0
2006-12-28,100000.0,100000.0,0.0,,0
2006-12-29,100000.0,100000.0,0.0,,0
2007-01-03,100000.0,100000.0,0.0,,0
2007-01-04,100000.0,100000.0,0.0,,0
2007-01-05,100000.0,100000.0,0.0,,0
2007-01-08,100000.0,100000.0,0.0,,0
2007-01-09,100000.0,100000.0,0.0,,0
2007-01-10,100000.0,100000.0,0.0,,0
2007-01-11,100000.0,100000.0,0.0,,0
2007-01-12,100000.0,100000.0,0.0,,0
2007-01-16,100000.0,100000.0,0.0,,0
2007-01-17,100000.0,100000.0,0.0,,0
2007-01-18,100000.0,100000.0,0.0,,0
2007-01-19,100000.0,100000.0,0.0,,0
2007-01-22,100000.0,100000.0,0.0,,0
2007-01-23,100000.0,100000.0,0.0,,0
2007-01-24,100000.0,100000.0,0.0,,0
2007-01-25,100000.0,100000.0,0.0,,0
2007-01-26,100000.0,100000.0,0.0,,0
2007-01-29,100000.0,100000.0,0.0,,0
2007-01-30,100000.0,100000.0,0.0,,0
2007-01-31,100000.0,100000.0,0.0,,0
2007-02-01,100000.0,100000.0,0.0,,0
2007-02-02,100000.0,100000.0,0.0,,0
2007-02-05,100000.0,100000.0,0.0,,0
2007-02-06,100000.0,100000.0,0.0,,0
2007-02-07,100000.0,100000.0,0.0,,0
2007-02-08,100000.0,100000.0,0.0,,0
2007-02-09,100000.0,100000.0,0.0,,0
2007-02-12,100000.0,100000.0,0.0,,0
2007-02-13,100000.0,100000.0,0.0,,0
2007-02-14,100000.0,100000.0,0.0,,0
2007-02-15,100000.0,100000.0,0.0,,0
2007-02-16,100000.0,100000.0,0.0,,0
2007-02-20,100000.0,100000.0,0.0,,0
2007-02-21,100000.0,100000.0,0.0,,0
2007-02-22,100000.0,100000.0,0.0,,0
2007-02-23,100000.0,100000.0,0.0,,0
2007-02-26,100000.0,100000.0,0.0,,0
2007-02-27,100000.0,100000.0,0.0,,0
2007-02-28,100000.0,100000.0,0.0,,0
2007-03-01,100000.0,100000.0,0.0,,0
2007-03-02,100000.0,100000.0,0.0,,0
2007-03-05,100000.0,100000.0,0.0,,0
2007-03-06,100000.0,100000.0,0.0,,0
2007-03-07,100000.0,100000.0,0.0,,0
2007-03-08,100000.0,100000.0,0.0,,0
2007-03-09,100000.0,100000.0,0.0,,0
2007-03-12,100000.0,100000.0,0.0,,0
2007-03-13,100000.0,100000.0,0.0,,0
2007-03-14,100000.0,100000.0,0.0,,0
2007-03-15,100000.0,100000.0,0.0,,0
2007-03-16,100000.0,100000.0,0.0,,0
2007-03-19,100000.0,100000.0,0.0,,0
2007-03-20,100000.0,100000.0,0.0,,0
2007-03-21,100000.0,100000.0,0.0,,0
2007-03-22,100000.0,100000.0,0.0,,0
2007-03-23,100000.0,100000.0,0.0,,0
2007-03-26,100000.0,100000.0,0.0,,0
2007-03-27,100000.0,100000.0,0.0,,0
2007-03-28,100000.0,100000.0,0.0,,0
2007-03-29,100000.0,100000.0,0.0,,0
2007-03-30,100000.0,100000.0,0.0,,0
2007-04-02,100000.0,100000.0,0.0,,0
2007-04-03,100000.0,100000.0,0.0,,0
2007-04-04,100000.0,100000.0,0.0,,0
2007-04-05,100000.0,100000.0,0.0,,0
2007-04-09,100000.0,100000.0,0.0,,0
2007-04-10,100000.0,100000.0,0.0,,0
2007-04-11,100000.0,100000.0,0.0,,0
2007-04-12,100000.0,100000.0,0.0,,0
2007-04-13,100000.0,100000.0,0.0,,0
2007-04-16,100000.0,100000.0,0.0,,0
2007-04-17,100000.0,100000.0,0.0,,0
2007-04-18,100000.0,100000.0,0.0,,0
2007-04-19,100000.0,100000.0,0.0,,0
2007-04-20,100000.0,100000.0,0.0,,0
2007-04-23,100000.0,100000.0,0.0,,0
2007-04-24,100000.0,100000.0,0.0,,0
2007-04-25,100000.0,100000.0,0.0,,0
2007-04-26,100000.0,100000.0,0.0,,0
2007-04-27,100000.0,100000.0,0.0,,0
2007-04-30,100000.0,100000.0,0.0,,0
2007-05-01,100000.0,100000.0,0.0,,0
2007-05-02,100000.0,100000.0,0.0,,0
2007-05-03,100000.0,100000.0,0.0,,0
2007-05-04,100000.0,100000.0,0.0,,0
2007-05-07,100000.0,100000.0,0.0,,0
2007-05-08,100000.0,100000.0,0.0,,0
2007-05-09,100000.0,100000.0,0.0,,0
2007-05-10,100000.0,100000.0,0.0,,0
2007-05-11,100000.0,100000.0,0.0,,0
2007-05-14,100000.0,100000.0,0.0,,0
2007-05-15,100000.0,100000.0,0.0,,0
2007-05-16,100000.0,100000.0,0.0,,0
2007-05-17,100000.0,100000.0,0.0,,0
2007-05-18,100000.0,100000.0,0.0,,0
2007-05-21,100000.0,100000.0,0.0,,0
2007-05-22,100000.0,100000.0,0.0,,0
2007-05-23,100000.0,100000.0,0.0,,0
2007-05-24,100000.0,100000.0,0.0,,0
2007-05-25,100000.0,100000.0,0.0,,0
2007-05-29,100000.0,100000.0,0.0,,0
2007-05-30,100000.0,100000.0,0.0,,0
2007-05-31,100000.0,100000.0,0.0,,0
2007-06-01,100000.0,100000.0,0.0,,0
2007-06-04,100000.0,100000.0,0.0,,0
2007-06-05,100000.0,100000.0,0.0,,0
2007-06-06,100000.0,100000.0,0.0,,0
2007-06-07,100000.0,100000.0,0.0,,0
2007-06-08,100000.0,100000.0,0.0,,0
2007-06-11,100000.0,100000.0,0.0,,0
2007-06-12,100000.0,100000.0,0.0,,0
2007-06-13,100000.0,100000.0,0.0,,0
2007-06-14,100000.0,100000.0,0.0,,0
2007-06-15,100000.0,100000.0,0.0,,0
2007-06-18,100000.0,100000.0,0.0,,0
2007-06-19,100000.0,100000.0,0.0,,0
2007-06-20,100000.0,100000.0,0.0,,0
2007-06-21,100000.0,100000.0,0.0,,0
2007-06-22,100000.0,100000.0,0.0,,0
2007-06-25,100000.0,100000.0,0.0,,0
2007-06-26,100000.0,100000.0,0.0,,0
2007-06-27,100000.0,100000.0,0.0,,0
2007-06-28,100000.0,100000.0,0.0,,0
2007-06-29,100000.0,100000.0,0.0,,0
2007-07-02,100000.0,100000.0,0.0,,0
2007-07-03,100000.0,100000.0,0.0,,0
2007-07-05,100000.0,100000.0,0.0,,0
2007-07-06,100000.0,100000.0,0.0,,0
2007-07-09,100000.0,100000.0,0.0,,0
2007-07-10,100000.0,100000.0,0.0,,0
2007-07-11,100000.0,100000.0,0.0,,0
2007-07-12,100000.0,100000.0,0.0,,0
2007-07-13,100000.0,100000.0,0.0,,0
2007-07-16,100000.0,100000.0,0.0,,0
2007-07-17,100000.0,100000.0,0.0,,0
2007-07-18,100000.0,100000.0,0.0,,0
2007-07-19,100000.0,100000.0,0.0,,0
2007-07-20,100000.0,100000.0,0.0,,0
2007-07-23,100000.0,100000.0,0.0,,0
2007-07-24,100000.0,100000.0,0.0,,0
2007-07-25,100000.0,100000.0,0.0,,0
2007-07-26,100000.0,100000.0,0.0,,0
2007-07-27,100000.0,100000.0,0.0,,0
2007-07-30,100000.0,100000.0,0.0,,0
2007-07-31,100000.0,100000.0,0.0,,0
2007-08-01,100000.0,100000.0,0.0,,0
2007-08-02,100000.0,100000.0,0.0,,0
2007-08-03,100000.0,100000.0,0.0,,0
2007-08-06,100000.0,100000.0,0.0,,0
2007-08-07,100000.0,100000.0,0.0,,0
2007-08-08,100000.0,100000.0,0.0,,0
2007-08-09,100000.0,100000.0,0.0,,0
2007-08-10,100000.0,100000.0,0.0,,0
2007-08-13,100000.0,100000.0,0.0,,0
2007-08-14,100000.0,100000.0,0.0,,0
2007-08-15,100000.0,100000.0,0.0,,0
2007-08-16,100000.0,100000.0,0.0,,0
2007-08-17,100000.0,100000.0,0.0,,0
2007-08-20,100000.0,100000.0,0.0,,0
2007-08-21,100000.0,100000.0,0.0,,0
2007-08-22,100000.0,100000.0,0.0,,0
2007-08-23,100000.0,100000.0,0.0,,0
2007-08-24,100000.0,100000.0,0.0,,0
2007-08-27,100000.0,100000.0,0.0,,0
2007-08-28,100000.0,100000.0,0.0,,0
2007-08-29,100000.0,100000.0,0.0,,0
2007-08-30,100000.0,100000.0,0.0,,0
2007-08-31,100000.0,100000.0,0.0,,0
2007-09-04,100000.0,100000.0,0.0,,0
2007-09-05,100000.0,100000.0,0.0,,0
2007-09-06,100000.0,100000.0,0.0,,0
2007-09-07,100000.0,100000.0,0.0,,0
2007-09-10,100000.0,100000.0,0.0,,0
2007-09-11,100000.0,100000.0,0.0,,0
2007-09-12,100000.0,100000.0,0.0,,0
2007-09-13,100000.0,100000.0,0.0,,0
2007-09-14,100000.0,100000.0,0.0,,0
2007-09-17,100000.0,100000.0,0.0,,0
2007-09-18,100000.0,100000.0,0.0,,0
2007-09-19,100000.0,100000.0,0.0,,0
2007-09-20,100000.0,100000.0,0.0,,0
2007-09-21,100000.0,100000.0,0.0,,0
2007-09-24,100000.0,100000.0,0.0,,0
2007-09-25,100000.0,100000.0,0.0,,0
2007-09-26,100000.0,100000.0,0.0,,0
2007-09-27,100000.0,100000.0,0.0,,0
2007-09-28,100000.0,100000.0,0.0,,0
2007-10-01,100000.0,100000.0,0.0,,0
2007-10-02,100000.0,100000.0,0.0,,0
2007-10-03,100000.0,100000.0,0.0,,0
2007-10-04,100000.0,100000.0,0.0,,0
2007-10-05,99850.39136379241,111.30055873870151,99739.09080505371,XLB,3444
2007-10-08,99269.80493801116,111.30055873870151,99158.50437927246,XLB,3444
2007-10-09,101127.59084957122,111.30055873870151,101016.29029083252,XLB,3444
2007-10-10,100523.80960720062,111.30055873870151,100412.50904846191,XLB,3444
2007-10-11,99966.50339382171,111.30055873870151,99855.20283508301,XLB,3444
2007-10-12,100477.68995430374,102.4407019844075,100375.24925231934,VNQ,2860
2007-10-15,98592.44695808792,102.4407019844075,98490.00625610352,VNQ,2860
2007-10-16,97393.95788338089,102.4407019844075,97291.51718139648,VNQ,2860
2007-10-17,97245.86507942581,102.4407019844075,97143.4243774414,VNQ,2860
2007-10-18,97272.75831367874,102.4407019844075,97170.31761169434,VNQ,2860
2007-10-19,92860.03267398835,113.85281101227156,92746.17986297607,XLE,2169
2007-10-22,91800.48729434967,113.85281101227156,91686.6344833374,XLE,2169
2007-10-23,93109.41339603424,113.85281101227156,92995.56058502197,XLE,2169
2007-10-24,93720.25550571442,113.85281101227156,93606.40269470215,XLE,2169
2007-10-25,94605.33366886139,113.85281101227156,94491.48085784912,XLE,2169
2007-10-26,95895.02117725182,95895.02117725182,0.0,GLD,0
2007-10-29,95895.02117725182,95895.02117725182,0.0,GLD,0
2007-10-30,95895.02117725182,95895.02117725182,0.0,GLD,0
2007-10-31,95895.02117725182,95895.02117725182,0.0,GLD,0
2007-11-01,95895.02117725182,95895.02117725182,0.0,GLD,0
2007-11-02,95895.02117725182,95895.02117725182,0.0,GLD,0
2007-11-05,95895.02117725182,95895.02117725182,0.0,GLD,0
2007-11-06,95895.02117725182,95895.02117725182,0.0,GLD,0
2007-11-07,95895.02117725182,95895.02117725182,0.0,GLD,0
2007-11-08,95895.02117725182,95895.02117725182,0.0,GLD,0
2007-11-09,95895.02117725182,95895.02117725182,0.0,GLD,0
2007-11-12,95895.02117725182,95895.02117725182,0.0,GLD,0
2007-11-13,95895.02117725182,95895.02117725182,0.0,GLD,0
2007-11-14,95895.02117725182,95895.02117725182,0.0,GLD,0
2007-11-15,95895.02117725182,95895.02117725182,0.0,GLD,0
2007-11-16,95895.02117725182,95895.02117725182,0.0,GLD,0
2007-11-19,95895.02117725182,95895.02117725182,0.0,GLD,0
2007-11-20,95895.02117725182,95895.02117725182,0.0,GLD,0
2007-11-21,95895.02117725182,95895.02117725182,0.0,GLD,0
2007-11-23,95895.02117725182,95895.02117725182,0.0,TLT,0
2007-11-26,95895.02117725182,95895.02117725182,0.0,TLT,0
2007-11-27,95895.02117725182,95895.02117725182,0.0,TLT,0
2007-11-28,95895.02117725182,95895.02117725182,0.0,TLT,0
2007-11-29,95895.02117725182,95895.02117725182,0.0,TLT,0
2007-11-30,95895.02117725182,95895.02117725182,0.0,TLT,0
2007-12-03,95895.02117725182,95895.02117725182,0.0,TLT,0
2007-12-04,95895.02117725182,95895.02117725182,0.0,TLT,0
2007-12-05,95895.02117725182,95895.02117725182,0.0,TLT,0
2007-12-06,95895.02117725182,95895.02117725182,0.0,TLT,0
2007-12-07,95895.02117725182,95895.02117725182,0.0,TLT,0
2007-12-10,95895.02117725182,95895.02117725182,0.0,TLT,0
2007-12-11,95895.02117725182,95895.02117725182,0.0,TLT,0
2007-12-12,95895.02117725182,95895.02117725182,0.0,TLT,0
2007-12-13,95895.02117725182,95895.02117725182,0.0,TLT,0
2007-12-14,95895.02117725182,95895.02117725182,0.0,IEI,0
2007-12-17,95895.02117725182,95895.02117725182,0.0,IEI,0
2007-12-18,95895.02117725182,95895.02117725182,0.0,IEI,0
2007-12-19,95895.02117725182,95895.02117725182,0.0,IEI,0
2007-12-20,95895.02117725182,95895.02117725182,0.0,IEI,0
2007-12-21,95895.02117725182,95895.02117725182,0.0,SHY,0
2007-12-24,95895.02117725182,95895.02117725182,0.0,SHY,0
2007-12-26,95895.02117725182,95895.02117725182,0.0,SHY,0
2007-12-27,95895.02117725182,95895.02117725182,0.0,SHY,0
2007-12-28,95895.02117725182,95895.02117725182,0.0,GLD,0
2007-12-31,95895.02117725182,95895.02117725182,0.0,GLD,0
2008-01-02,95895.02117725182,95895.02117725182,0.0,GLD,0
2008-01-03,95895.02117725182,95895.02117725182,0.0,GLD,0
2008-01-04,95895.02117725182,95895.02117725182,0.0,GLD,0
2008-01-07,95895.02117725182,95895.02117725182,0.0,GLD,0
2008-01-08,95895.02117725182,95895.02117725182,0.0,GLD,0
2008-01-09,95895.02117725182,95895.02117725182,0.0,GLD,0
2008-01-10,95895.02117725182,95895.02117725182,0.0,GLD,0
2008-01-11,95895.02117725182,95895.02117725182,0.0,GLD,0
2008-01-14,95895.02117725182,95895.02117725182,0.0,GLD,0
2008-01-15,95895.02117725182,95895.02117725182,0.0,GLD,0
2008-01-16,95895.02117725182,95895.02117725182,0.0,GLD,0
2008-01-17,95895.02117725182,95895.02117725182,0.0,GLD,0
2008-01-18,95895.02117725182,95895.02117725182,0.0,GLD,0
2008-01-22,95895.02117725182,95895.02117725182,0.0,GLD,0
2008-01-23,95895.02117725182,95895.02117725182,0.0,GLD,0
2008-01-24,95895.02117725182,95895.02117725182,0.0,GLD,0
2008-01-25,95895.02117725182,95895.02117725182,0.0,GLD,0
2008-01-28,95895.02117725182,95895.02117725182,0.0,GLD,0
2008-01-29,95895.02117725182,95895.02117725182,0.0,GLD,0
2008-01-30,95895.02117725182,95895.02117725182,0.0,GLD,0
2008-01-31,95895.02117725182,95895.02117725182,0.0,GLD,0
2008-02-01,95895.02117725182,95895.02117725182,0.0,GLD,0
2008-02-04,95895.02117725182,95895.02117725182,0.0,GLD,0
2008-02-05,95895.02117725182,95895.02117725182,0.0,GLD,0
2008-02-06,95895.02117725182,95895.02117725182,0.0,GLD,0
2008-02-07,95895.02117725182,95895.02117725182,0.0,GLD,0
2008-02-08,95895.02117725182,95895.02117725182,0.0,GLD,0
2008-02-11,95895.02117725182,95895.02117725182,0.0,GLD,0
2008-02-12,95895.02117725182,95895.02117725182,0.0,GLD,0
2008-02-13,95895.02117725182,95895.02117725182,0.0,GLD,0
2008-02-14,95895.02117725182,95895.02117725182,0.0,GLD,0
2008-02-15,95895.02117725182,95895.02117725182,0.0,GLD,0
2008-02-19,95895.02117725182,95895.02117725182,0.0,GLD,0
2008-02-20,95895.02117725182,95895.02117725182,0.0,GLD,0
2008-02-21,95895.02117725182,95895.02117725182,0.0,GLD,0
2008-02-22,95895.02117725182,95895.02117725182,0.0,GLD,0
2008-02-25,95895.02117725182,95895.02117725182,0.0,GLD,0
2008-02-26,95895.02117725182,95895.02117725182,0.0,GLD,0
2008-02-27,95895.02117725182,95895.02117725182,0.0,GLD,0
2008-02-28,95895.02117725182,95895.02117725182,0.0,GLD,0
2008-02-29,95895.02117725182,95895.02117725182,0.0,GLD,0
2008-03-03,95895.02117725182,95895.02117725182,0.0,GLD,0
2008-03-04,95895.02117725182,95895.02117725182,0.0,GLD,0
2008-03-05,95895.02117725182,95895.02117725182,0.0,GLD,0
2008-03-06,95895.02117725182,95895.02117725182,0.0,GLD,0
2008-03-07,95895.02117725182,95895.02117725182,0.0,GLD,0
2008-03-10,95895.02117725182,95895.02117725182,0.0,GLD,0
2008-03-11,95895.02117725182,95895.02117725182,0.0,GLD,0
2008-03-12,95895.02117725182,95895.02117725182,0.0,GLD,0
2008-03-13,95895.02117725182,95895.02117725182,0.0,GLD,0
2008-03-14,95895.02117725182,95895.02117725182,0.0,GLD,0
2008-03-17,95895.02117725182,95895.02117725182,0.0,GLD,0
2008-03-18,95895.02117725182,95895.02117725182,0.0,GLD,0
2008-03-19,95895.02117725182,95895.02117725182,0.0,GLD,0
2008-03-20,95895.02117725182,95895.02117725182,0.0,GLD,0
2008-03-24,95895.02117725182,95895.02117725182,0.0,GLD,0
2008-03-25,95895.02117725182,95895.02117725182,0.0,GLD,0
2008-03-26,95895.02117725182,95895.02117725182,0.0,GLD,0
2008-03-27,95895.02117725182,95895.02117725182,0.0,GLD,0
2008-03-28,95895.02117725182,95895.02117725182,0.0,GLD,0
2008-03-31,95895.02117725182,95895.02117725182,0.0,GLD,0
2008-04-01,95895.02117725182,95895.02117725182,0.0,GLD,0
2008-04-02,95895.02117725182,95895.02117725182,0.0,GLD,0
2008-04-03,95895.02117725182,95895.02117725182,0.0,GLD,0
2008-04-04,95895.02117725182,95895.02117725182,0.0,GLD,0
2008-04-07,95895.02117725182,95895.02117725182,0.0,GLD,0
2008-04-08,95895.02117725182,95895.02117725182,0.0,GLD,0
2008-04-09,95895.02117725182,95895.02117725182,0.0,GLD,0
2008-04-10,95895.02117725182,95895.02117725182,0.0,GLD,0
2008-04-11,95895.02117725182,95895.02117725182,0.0,GLD,0
2008-04-14,95895.02117725182,95895.02117725182,0.0,GLD,0
2008-04-15,95895.02117725182,95895.02117725182,0.0,GLD,0
2008-04-16,95895.02117725182,95895.02117725182,0.0,GLD,0
2008-04-17,95895.02117725182,95895.02117725182,0.0,GLD,0
2008-04-18,95895.02117725182,95895.02117725182,0.0,GLD,0
2008-04-21,95895.02117725182,95895.02117725182,0.0,GLD,0
2008-04-22,95895.02117725182,95895.02117725182,0.0,GLD,0
2008-04-23,95895.02117725182,95895.02117725182,0.0,GLD,0
2008-04-24,95895.02117725182,95895.02117725182,0.0,GLD,0
2008-04-25,95751.55538285065,107.69244873810385,95643.86293411255,XLE,1997
2008-04-28,95913.07116806794,107.69244873810385,95805.37871932983,XLE,1997
2008-04-29,93755.07340348054,107.69244873810385,93647.38095474243,XLE,1997
2008-04-30,94447.51462662507,107.69244873810385,94339.82217788696,XLE,1997
2008-05-01,92381.86927521515,107.69244873810385,92274.17682647705,XLE,1997
2008-05-02,94124.37640488434,107.69244873810385,94016.68395614624,XLE,1997
2008-05-05,95486.09266388703,107.69244873810385,95378.40021514893,XLE,1997
2008-05-06,98013.34010422516,107.69244873810385,97905.64765548706,XLE,1997
2008-05-07,96190.05984604645,107.69244873810385,96082.36739730835,XLE,1997
2008-05-08,98117.23371231843,107.69244873810385,98009.54126358032,XLE,1997
2008-05-09,97932.58982956696,107.69244873810385,97824.89738082886,XLE,1997
2008-05-12,97390.18414032746,107.69244873810385,97282.49169158936,XLE,1997
2008-05-13,98982.76238739777,107.69244873810385,98875.06993865967,XLE,1997
2008-05-14,97851.78622925568,107.69244873810385,97744.09378051758,XLE,1997
2008-05-15,99144.27817261506,107.69244873810385,99036.58572387695,XLE,1997
2008-05-16,102756.31413758088,107.69244873810385,102648.62168884277,XLE,1997
2008-05-19,103390.98844254304,107.69244873810385,103283.29599380493,XLE,1997
2008-05-20,104418.08622849274,107.69244873810385,104310.39377975464,XLE,1997
2008-05-21,102871.76417649079,107.69244873810385,102764.07172775269,XLE,1997
2008-05-22,101371.53834259797,107.69244873810385,101263.84589385986,XLE,1997
2008-05-23,99652.08313095856,107.69244873810385,99544.39068222046,XLE,1997
2008-05-27,99005.84477722931,107.69244873810385,98898.15232849121,XLE,1997
2008-05-28,101094.55728256989,107.69244873810385,100986.86483383179,XLE,1997
2008-05-29,98336.46309006501,107.69244873810385,98228.7706413269,XLE,1997
2008-05-30,99352.04253495026,107.69244873810385,99244.35008621216,XLE,1997
2008-06-02,99940.56729615021,107.69244873810385,99832.87484741211,XLE,1997
2008-06-03,97794.0954905777,107.69244873810385,97686.4030418396,XLE,1997
2008-06-04,96340.09537995148,107.69244873810385,96232.40293121338,XLE,1997
2008-06-05,101359.95905793,107.69244873810385,101252.2666091919,XLE,1997
2008-06-06,99375.04874527741,107.69244873810385,99267.3562965393,XLE,1997
2008-06-09,102294.75775635529,107.69244873810385,102187.06530761719,XLE,1997
2008-06-10,99778.95247757722,107.69244873810385,99671.26002883911,XLE,1997
2008-06-11,100390.65104401398,107.69244873810385,100282.95859527588,XLE,1997
2008-06-12,98867.31234848786,107.69244873810385,98759.61989974976,XLE,1997
2008-06-13,99894.4948993721,99894.4948993721,0.0,GLD,0
2008-06-16,99894.4948993721,99894.4948993721,0.0,GLD,0
2008-06-17,99894.4948993721,99894.4948993721,0.0,GLD,0
2008-06-18,99894.4948993721,99894.4948993721,0.0,GLD,0
2008-06-19,99894.4948993721,99894.4948993721,0.0,GLD,0
2008-06-20,99894.4948993721,99894.4948993721,0.0,GLD,0
2008-06-23,99894.4948993721,99894.4948993721,0.0,GLD,0
2008-06-24,99894.4948993721,99894.4948993721,0.0,GLD,0
2008-06-25,99894.4948993721,99894.4948993721,0.0,GLD,0
2008-06-26,99894.4948993721,99894.4948993721,0.0,GLD,0
2008-06-27,99894.4948993721,99894.4948993721,0.0,GLD,0
2008-06-30,99894.4948993721,99894.4948993721,0.0,GLD,0
2008-07-01,99894.4948993721,99894.4948993721,0.0,GLD,0
2008-07-02,99894.4948993721,99894.4948993721,0.0,GLD,0
2008-07-03,99894.4948993721,99894.4948993721,0.0,GLD,0
2008-07-07,99894.4948993721,99894.4948993721,0.0,GLD,0
2008-07-08,99894.4948993721,99894.4948993721,0.0,GLD,0
2008-07-09,99894.4948993721,99894.4948993721,0.0,GLD,0
2008-07-10,99894.4948993721,99894.4948993721,0.0,GLD,0
2008-07-11,99894.4948993721,99894.4948993721,0.0,GLD,0
2008-07-14,99894.4948993721,99894.4948993721,0.0,GLD,0
2008-07-15,99894.4948993721,99894.4948993721,0.0,GLD,0
2008-07-16,99894.4948993721,99894.4948993721,0.0,GLD,0
2008-07-17,99894.4948993721,99894.4948993721,0.0,GLD,0
2008-07-18,99894.4948993721,99894.4948993721,0.0,GLD,0
2008-07-21,99894.4948993721,99894.4948993721,0.0,GLD,0
2008-07-22,99894.4948993721,99894.4948993721,0.0,GLD,0
2008-07-23,99894.4948993721,99894.4948993721,0.0,GLD,0
2008-07-24,99894.4948993721,99894.4948993721,0.0,GLD,0
2008-07-25,99894.4948993721,99894.4948993721,0.0,GLD,0
2008-07-28,99894.4948993721,99894.4948993721,0.0,GLD,0
2008-07-29,99894.4948993721,99894.4948993721,0.0,GLD,0
2008-07-30,99894.4948993721,99894.4948993721,0.0,GLD,0
2008-07-31,99894.4948993721,99894.4948993721,0.0,GLD,0
2008-08-01,99894.4948993721,99894.4948993721,0.0,GLD,0
2008-08-04,99894.4948993721,99894.4948993721,0.0,GLD,0
2008-08-05,99894.4948993721,99894.4948993721,0.0,GLD,0
2008-08-06,99894.4948993721,99894.4948993721,0.0,GLD,0
2008-08-07,99894.4948993721,99894.4948993721,0.0,GLD,0
2008-08-08,99894.4948993721,99894.4948993721,0.0,GLD,0
2008-08-11,99894.4948993721,99894.4948993721,0.0,GLD,0
2008-08-12,99894.4948993721,99894.4948993721,0.0,GLD,0
2008-08-13,99894.4948993721,99894.4948993721,0.0,GLD,0
2008-08-14,99894.4948993721,99894.4948993721,0.0,GLD,0
2008-08-15,99894.4948993721,99894.4948993721,0.0,GLD,0
2008-08-18,99894.4948993721,99894.4948993721,0.0,GLD,0
2008-08-19,99894.4948993721,99894.4948993721,0.0,GLD,0
2008-08-20,99894.4948993721,99894.4948993721,0.0,GLD,0
2008-08-21,99894.4948993721,99894.4948993721,0.0,GLD,0
2008-08-22,99894.4948993721,99894.4948993721,0.0,GLD,0
2008-08-25,99894.4948993721,99894.4948993721,0.0,GLD,0
2008-08-26,99894.4948993721,99894.4948993721,0.0,GLD,0
2008-08-27,99894.4948993721,99894.4948993721,0.0,GLD,0
2008-08-28,99894.4948993721,99894.4948993721,0.0,GLD,0
2008-08-29,99894.4948993721,99894.4948993721,0.0,GLD,0
2008-09-02,99894.4948993721,99894.4948993721,0.0,GLD,0
2008-09-03,99894.4948993721,99894.4948993721,0.0,GLD,0
2008-09-04,99894.4948993721,99894.4948993721,0.0,GLD,0
2008-09-05,99894.4948993721,99894.4948993721,0.0,GLD,0
2008-09-08,99894.4948993721,99894.4948993721,0.0,GLD,0
2008-09-09,99894.4948993721,99894.4948993721,0.0,GLD,0
2008-09-10,99894.4948993721,99894.4948993721,0.0,GLD,0
2008-09-11,99894.4948993721,99894.4948993721,0.0,GLD,0
2008-09-12,99894.4948993721,99894.4948993721,0.0,GLD,0
2008-09-15,99894.4948993721,99894.4948993721,0.0,GLD,0
2008-09-16,99894.4948993721,99894.4948993721,0.0,GLD,0
2008-09-17,99894.4948993721,99894.4948993721,0.0,GLD,0
2008-09-18,99894.4948993721,99894.4948993721,0.0,GLD,0
2008-09-19,99894.4948993721,99894.4948993721,0.0,GLD,0
2008-09-22,99894.4948993721,99894.4948993721,0.0,GLD,0
2008-09-23,99894.4948993721,99894.4948993721,0.0,GLD,0
2008-09-24,99894.4948993721,99894.4948993721,0.0,GLD,0
2008-09-25,99894.4948993721,99894.4948993721,0.0,GLD,0
2008-09-26,99894.4948993721,99894.4948993721,0.0,GLD,0
2008-09-29,99894.4948993721,99894.4948993721,0.0,GLD,0
2008-09-30,99894.4948993721,99894.4948993721,0.0,GLD,0
2008-10-01,99894.4948993721,99894.4948993721,0.0,GLD,0
2008-10-02,99894.4948993721,99894.4948993721,0.0,GLD,0
2008-10-03,99894.4948993721,99894.4948993721,0.0,GLD,0
2008-10-06,99894.4948993721,99894.4948993721,0.0,GLD,0
2008-10-07,99894.4948993721,99894.4948993721,0.0,GLD,0
2008-10-08,99894.4948993721,99894.4948993721,0.0,GLD,0
2008-10-09,99894.4948993721,99894.4948993721,0.0,GLD,0
2008-10-10,99894.4948993721,99894.4948993721,0.0,IEF,0
2008-10-13,99894.4948993721,99894.4948993721,0.0,IEF,0
2008-10-14,99894.4948993721,99894.4948993721,0.0,IEF,0
2008-10-15,99894.4948993721,99894.4948993721,0.0,IEF,0
2008-10-16,99894.4948993721,99894.4948993721,0.0,IEF,0
2008-10-17,99894.4948993721,99894.4948993721,0.0,IEF,0
2008-10-20,99894.4948993721,99894.4948993721,0.0,IEF,0
2008-10-21,99894.4948993721,99894.4948993721,0.0,IEF,0
2008-10-22,99894.4948993721,99894.4948993721,0.0,IEF,0
2008-10-23,99894.4948993721,99894.4948993721,0.0,IEF,0
2008-10-24,99894.4948993721,99894.4948993721,0.0,TLT,0
2008-10-27,99894.4948993721,99894.4948993721,0.0,TLT,0
2008-10-28,99894.4948993721,99894.4948993721,0.0,TLT,0
2008-10-29,99894.4948993721,99894.4948993721,0.0,TLT,0
2008-10-30,99894.4948993721,99894.4948993721,0.0,TLT,0
2008-10-31,99894.4948993721,99894.4948993721,0.0,TLT,0
2008-11-03,99894.4948993721,99894.4948993721,0.0,TLT,0
2008-11-04,99894.4948993721,99894.4948993721,0.0,TLT,0
2008-11-05,99894.4948993721,99894.4948993721,0.0,TLT,0
2008-11-06,99894.4948993721,99894.4948993721,0.0,TLT,0
2008-11-07,99894.4948993721,99894.4948993721,0.0,TLT,0
2008-11-10,99894.4948993721,99894.4948993721,0.0,TLT,0
2008-11-11,99894.4948993721,99894.4948993721,0.0,TLT,0
2008-11-12,99894.4948993721,99894.4948993721,0.0,TLT,0
2008-11-13,99894.4948993721,99894.4948993721,0.0,TLT,0
2008-11-14,99894.4948993721,99894.4948993721,0.0,TLT,0
2008-11-17,99894.4948993721,99894.4948993721,0.0,TLT,0
2008-11-18,99894.4948993721,99894.4948993721,0.0,TLT,0
2008-11-19,99894.4948993721,99894.4948993721,0.0,TLT,0
2008-11-20,99894.4948993721,99894.4948993721,0.0,TLT,0
2008-11-21,99894.4948993721,99894.4948993721,0.0,TLT,0
2008-11-24,99894.4948993721,99894.4948993721,0.0,TLT,0
2008-11-25,99894.4948993721,99894.4948993721,0.0,TLT,0
2008-11-26,99894.4948993721,99894.4948993721,0.0,TLT,0
2008-11-28,99894.4948993721,99894.4948993721,0.0,TLT,0
2008-12-01,99894.4948993721,99894.4948993721,0.0,TLT,0
2008-12-02,99894.4948993721,99894.4948993721,0.0,TLT,0
2008-12-03,99894.4948993721,99894.4948993721,0.0,TLT,0
2008-12-04,99894.4948993721,99894.4948993721,0.0,TLT,0
2008-12-05,99894.4948993721,99894.4948993721,0.0,TLT,0
2008-12-08,99894.4948993721,99894.4948993721,0.0,TLT,0
2008-12-09,99894.4948993721,99894.4948993721,0.0,TLT,0
2008-12-10,99894.4948993721,99894.4948993721,0.0,TLT,0
2008-12-11,99894.4948993721,99894.4948993721,0.0,TLT,0
2008-12-12,99894.4948993721,99894.4948993721,0.0,TLT,0
2008-12-15,99894.4948993721,99894.4948993721,0.0,TLT,0
2008-12-16,99894.4948993721,99894.4948993721,0.0,TLT,0
2008-12-17,99894.4948993721,99894.4948993721,0.0,TLT,0
2008-12-18,99894.4948993721,99894.4948993721,0.0,TLT,0
2008-12-19,99894.4948993721,99894.4948993721,0.0,TLT,0
2008-12-22,99894.4948993721,99894.4948993721,0.0,TLT,0
2008-12-23,99894.4948993721,99894.4948993721,0.0,TLT,0
2008-12-24,99894.4948993721,99894.4948993721,0.0,TLT,0
2008-12-26,99894.4948993721,99894.4948993721,0.0,TLT,0
2008-12-29,99894.4948993721,99894.4948993721,0.0,TLT,0
2008-12-30,99894.4948993721,99894.4948993721,0.0,TLT,0
2008-12-31,99894.4948993721,99894.4948993721,0.0,TLT,0
2009-01-02,99894.4948993721,99894.4948993721,0.0,TLT,0
2009-01-05,99894.4948993721,99894.4948993721,0.0,TLT,0
2009-01-06,99894.4948993721,99894.4948993721,0.0,TLT,0
2009-01-07,99894.4948993721,99894.4948993721,0.0,TLT,0
2009-01-08,99894.4948993721,99894.4948993721,0.0,TLT,0
2009-01-09,99894.4948993721,99894.4948993721,0.0,GLD,0
2009-01-12,99894.4948993721,99894.4948993721,0.0,GLD,0
2009-01-13,99894.4948993721,99894.4948993721,0.0,GLD,0
2009-01-14,99894.4948993721,99894.4948993721,0.0,GLD,0
2009-01-15,99894.4948993721,99894.4948993721,0.0,GLD,0
2009-01-16,99894.4948993721,99894.4948993721,0.0,GLD,0
2009-01-20,99894.4948993721,99894.4948993721,0.0,GLD,0
2009-01-21,99894.4948993721,99894.4948993721,0.0,GLD,0
2009-01-22,99894.4948993721,99894.4948993721,0.0,GLD,0
2009-01-23,99894.4948993721,99894.4948993721,0.0,GLD,0
2009-01-26,99894.4948993721,99894.4948993721,0.0,GLD,0
2009-01-27,99894.4948993721,99894.4948993721,0.0,GLD,0
2009-01-28,99894.4948993721,99894.4948993721,0.0,GLD,0
2009-01-29,99894.4948993721,99894.4948993721,0.0,GLD,0
2009-01-30,99894.4948993721,99894.4948993721,0.0,TLT,0
2009-02-02,99894.4948993721,99894.4948993721,0.0,TLT,0
2009-02-03,99894.4948993721,99894.4948993721,0.0,TLT,0
2009-02-04,99894.4948993721,99894.4948993721,0.0,TLT,0
2009-02-05,99894.4948993721,99894.4948993721,0.0,TLT,0
2009-02-06,99894.4948993721,99894.4948993721,0.0,TLT,0
2009-02-09,99894.4948993721,99894.4948993721,0.0,TLT,0
2009-02-10,99894.4948993721,99894.4948993721,0.0,TLT,0
2009-02-11,99894.4948993721,99894.4948993721,0.0,TLT,0
2009-02-12,99894.4948993721,99894.4948993721,0.0,TLT,0
2009-02-13,99894.4948993721,99894.4948993721,0.0,TLT,0
2009-02-17,99894.4948993721,99894.4948993721,0.0,TLT,0
2009-02-18,99894.4948993721,99894.4948993721,0.0,TLT,0
2009-02-19,99894.4948993721,99894.4948993721,0.0,TLT,0
2009-02-20,99894.4948993721,99894.4948993721,0.0,TLT,0
2009-02-23,99894.4948993721,99894.4948993721,0.0,TLT,0
2009-02-24,99894.4948993721,99894.4948993721,0.0,TLT,0
2009-02-25,99894.4948993721,99894.4948993721,0.0,TLT,0
2009-02-26,99894.4948993721,99894.4948993721,0.0,TLT,0
2009-02-27,99894.4948993721,99894.4948993721,0.0,TLT,0
2009-03-02,99894.4948993721,99894.4948993721,0.0,TLT,0
2009-03-03,99894.4948993721,99894.4948993721,0.0,TLT,0
2009-03-04,99894.4948993721,99894.4948993721,0.0,TLT,0
2009-03-05,99894.4948993721,99894.4948993721,0.0,TLT,0
2009-03-06,99894.4948993721,99894.4948993721,0.0,TLT,0
2009-03-09,99894.4948993721,99894.4948993721,0.0,TLT,0
2009-03-10,99894.4948993721,99894.4948993721,0.0,TLT,0
2009-03-11,99894.4948993721,99894.4948993721,0.0,TLT,0
2009-03-12,99894.4948993721,99894.4948993721,0.0,TLT,0
2009-03-13,99894.4948993721,99894.4948993721,0.0,TLT,0
2009-03-16,99894.4948993721,99894.4948993721,0.0,TLT,0
2009-03-17,99894.4948993721,99894.4948993721,0.0,TLT,0
2009-03-18,99894.4948993721,99894.4948993721,0.0,TLT,0
2009-03-19,99894.4948993721,99894.4948993721,0.0,TLT,0
2009-03-20,99894.4948993721,99894.4948993721,0.0,TLT,0
2009-03-23,99894.4948993721,99894.4948993721,0.0,TLT,0
2009-03-24,99894.4948993721,99894.4948993721,0.0,TLT,0
2009-03-25,99894.4948993721,99894.4948993721,0.0,TLT,0
2009-03-26,99894.4948993721,99894.4948993721,0.0,TLT,0
2009-03-27,99894.4948993721,99894.4948993721,0.0,TLT,0
2009-03-30,99894.4948993721,99894.4948993721,0.0,TLT,0
2009-03-31,99894.4948993721,99894.4948993721,0.0,TLT,0
2009-04-01,99894.4948993721,99894.4948993721,0.0,TLT,0
2009-04-02,99894.4948993721,99894.4948993721,0.0,TLT,0
2009-04-03,99894.4948993721,99894.4948993721,0.0,TLT,0
2009-04-06,99894.4948993721,99894.4948993721,0.0,TLT,0
2009-04-07,99894.4948993721,99894.4948993721,0.0,TLT,0
2009-04-08,99894.4948993721,99894.4948993721,0.0,TLT,0
2009-04-09,99894.4948993721,99894.4948993721,0.0,TLT,0
2009-04-13,99894.4948993721,99894.4948993721,0.0,TLT,0
2009-04-14,99894.4948993721,99894.4948993721,0.0,TLT,0
2009-04-15,99894.4948993721,99894.4948993721,0.0,TLT,0
2009-04-16,99894.4948993721,99894.4948993721,0.0,TLT,0
2009-04-17,99745.04707848215,113.16648518228612,99631.88059329987,XLP,7047
2009-04-20,97805.58576237345,113.16648518228612,97692.41927719116,XLP,7047
2009-04-21,98797.88064324045,113.16648518228612,98684.71415805817,XLP,7047
2009-04-22,97489.96218525553,113.16648518228612,97376.79570007324,XLP,7047
2009-04-23,97489.96218525553,113.16648518228612,97376.79570007324,XLP,7047
2009-04-24,97083.94730602884,113.16648518228612,96970.78082084656,XLP,7047
2009-04-27,97670.29451309824,113.16648518228612,97557.12802791595,XLP,7047
2009-04-28,98121.35047089243,113.16648518228612,98008.18398571014,XLP,7047
2009-04-29,99745.04707848215,113.16648518228612,99631.88059329987,XLP,7047
2009-04-30,99339.13300739908,113.16648518228612,99225.9665222168,XLP,7047
2009-05-01,99745.04707848215,113.16648518228612,99631.88059329987,XLP,7047
2009-05-04,101278.52711807871,113.16648518228612,101165.36063289642,XLP,7047
2009-05-05,100421.57053028727,113.16648518228612,100308.40404510498,XLP,7047
2009-05-06,101053.01258026743,113.16648518228612,100939.84609508514,XLP,7047
2009-05-07,101458.96697460795,113.16648518228612,101345.80048942566,XLP,7047
2009-05-08,102766.88543259287,113.16648518228612,102653.71894741058,XLP,7047
2009-05-11,102270.82871948862,113.16648518228612,102157.66223430634,XLP,7047
2009-05-12,103488.5507711091,113.16648518228612,103375.38428592682,XLP,7047
2009-05-13,101594.23134171152,113.16648518228612,101481.06485652924,XLP,7047
2009-05-14,101955.05729042673,113.16648518228612,101841.89080524445,XLP,7047
2009-05-15,101007.93789898539,113.16648518228612,100894.7714138031,XLP,7047
2009-05-18,103127.7315429368,113.16648518228612,103014.56505775452,XLP,7047
2009-05-19,103714.11907326365,113.16648518228612,103600.95258808136,XLP,7047
2009-05-20,103849.3632787385,113.16648518228612,103736.19679355621,XLP,7047
2009-05-21,102902.23716675425,113.16648518228612,102789.07068157196,XLP,7047
2009-05-22,103378.55515809917,103378.55515809917,0.0,TLT,0
2009-05-26,103378.55515809917,103378.55515809917,0.0,TLT,0
2009-05-27,103378.55515809917,103378.55515809917,0.0,TLT,0
2009-05-28,103378.55515809917,103378.55515809917,0.0,TLT,0
2009-05-29,103378.55515809917,103378.55515809917,0.0,TLT,0
2009-06-01,103378.55515809917,103378.55515809917,0.0,TLT,0
2009-06-02,103378.55515809917,103378.55515809917,0.0,TLT,0
2009-06-03,103378.55515809917,103378.55515809917,0.0,TLT,0
2009-06-04,103378.55515809917,103378.55515809917,0.0,TLT,0
2009-06-05,103223.88108796549,107.8343321747816,103116.04675579071,XLP,6821
2009-06-08,103616.77083367777,107.8343321747816,103508.93650150299,XLP,6821
2009-06-09,102700.03243035746,107.8343321747816,102592.19809818268,XLP,6821
2009-06-10,101564.92075700236,107.8343321747816,101457.08642482758,XLP,6821
2009-06-11,102001.50467175913,107.8343321747816,101893.67033958435,XLP,6821
2009-06-12,102787.30367822123,107.8343321747816,102679.46934604645,XLP,6821
2009-06-15,100298.92823190165,107.8343321747816,100191.09389972687,XLP,6821
2009-06-16,98989.26105279398,107.8343321747816,98881.4267206192,XLP,6821
2009-06-17,99993.29672402811,107.8343321747816,99885.46239185333,XLP,6821
2009-06-18,101826.87761086893,107.8343321747816,101719.04327869415,XLP,6821
2009-06-19,100650.88068816472,100650.88068816472,0.0,TLT,0
2009-06-22,100650.88068816472,100650.88068816472,0.0,TLT,0
2009-06-23,100650.88068816472,100650.88068816472,0.0,TLT,0
2009-06-24,100650.88068816472,100650.88068816472,0.0,TLT,0
2009-06-25,100650.88068816472,100650.88068816472,0.0,TLT,0
2009-06-26,100650.88068816472,100650.88068816472,0.0,TLT,0
2009-06-29,100650.88068816472,100650.88068816472,0.0,TLT,0
2009-06-30,100650.88068816472,100650.88068816472,0.0,TLT,0
2009-07-01,100650.88068816472,100650.88068816472,0.0,TLT,0
2009-07-02,100650.88068816472,100650.88068816472,0.0,TLT,0
2009-07-06,100650.88068816472,100650.88068816472,0.0,TLT,0
2009-07-07,100650.88068816472,100650.88068816472,0.0,TLT,0
2009-07-08,100650.88068816472,100650.88068816472,0.0,TLT,0
2009-07-09,100650.88068816472,100650.88068816472,0.0,TLT,0
2009-07-10,100650.88068816472,100650.88068816472,0.0,TLT,0
2009-07-13,100650.88068816472,100650.88068816472,0.0,TLT,0
2009-07-14,100650.88068816472,100650.88068816472,0.0,TLT,0
2009-07-15,100650.88068816472,100650.88068816472,0.0,TLT,0
2009-07-16,100650.88068816472,100650.88068816472,0.0,TLT,0
2009-07-17,100650.88068816472,100650.88068816472,0.0,TLT,0
2009-07-20,100650.88068816472,100650.88068816472,0.0,TLT,0
2009-07-21,100650.88068816472,100650.88068816472,0.0,TLT,0
2009-07-22,100650.88068816472,100650.88068816472,0.0,TLT,0
2009-07-23,100650.88068816472,100650.88068816472,0.0,TLT,0
2009-07-24,100500.28970255853,106.29929842949787,100393.99040412903,XLP,6346
2009-07-27,100131.9457789898,106.29929842949787,100025.6464805603,XLP,6346
2009-07-28,100254.71094813348,106.29929842949787,100148.41164970398,XLP,6346
2009-07-29,100786.75588526727,106.29929842949787,100680.45658683777,XLP,6346
2009-07-30,100664.03308024407,106.29929842949787,100557.73378181458,XLP,6346
2009-07-31,100459.34780611993,106.29929842949787,100353.04850769043,XLP,6346
2009-08-03,100582.13113131524,106.29929842949787,100475.83183288574,XLP,6346
2009-08-04,100745.80793681146,106.29929842949787,100639.50863838196,XLP,6346
2009-08-05,100090.99783053399,106.29929842949787,99984.69853210449,XLP,6346
2009-08-06,99067.8438006878,106.29929842949787,98961.5445022583,XLP,6346
2009-08-07,99477.12356867791,106.29929842949787,99370.82427024841,XLP,6346
2009-08-10,99558.98920550347,106.29929842949787,99452.68990707397,XLP,6346
2009-08-11,99558.98920550347,106.29929842949787,99452.68990707397,XLP,6346
2009-08-12,99518.0594130993,106.29929842949787,99411.7601146698,XLP,6346
2009-08-13,100090.99783053399,106.29929842949787,99984.69853210449,XLP,6346
2009-08-14,99968.26897349358,106.29929842949787,99861.96967506409,XLP,6346
2009-08-17,98945.03021540643,106.29929842949787,98838.73091697693,XLP,6346
2009-08-18,99108.76148905755,106.29929842949787,99002.46219062805,XLP,6346
2009-08-19,99763.58975138665,106.29929842949787,99657.29045295715,XLP,6346
2009-08-20,100254.71094813348,106.29929842949787,100148.41164970398,XLP,6346
2009-08-21,101359.74271883965,106.29929842949787,101253.44342041016,XLP,6346
2009-08-24,101400.64830317498,106.29929842949787,101294.34900474548,XLP,6346
2009-08-25,101564.3795768261,106.29929842949787,101458.0802783966,XLP,6346
2009-08-26,101891.79976000787,106.29929842949787,101785.50046157837,XLP,6346
2009-08-27,101891.79976000787,106.29929842949787,101785.50046157837,XLP,6346
2009-08-28,101482.53209605218,106.29929842949787,101376.23279762268,XLP,6346
2009-08-31,101687.14474596978,106.29929842949787,101580.84544754028,XLP,6346
2009-09-01,100745.80793681146,106.29929842949787,100639.50863838196,XLP,6346
2009-09-02,100827.67357363702,106.29929842949787,100721.37427520752,XLP,6346
2009-09-03,101032.32253565789,106.29929842949787,100926.0232372284,XLP,6346
2009-09-04,101616.57070262147,101616.57070262147,0.0,GLD,0
2009-09-08,101616.57070262147,101616.57070262147,0.0,GLD,0
2009-09-09,101616.57070262147,101616.57070262147,0.0,GLD,0
2009-09-10,101616.57070262147,101616.57070262147,0.0,GLD,0
2009-09-11,101616.57070262147,101616.57070262147,0.0,GLD,0
2009-09-14,101616.57070262147,101616.57070262147,0.0,GLD,0
2009-09-15,101616.57070262147,101616.57070262147,0.0,GLD,0
2009-09-16,101616.57070262147,101616.57070262147,0.0,GLD,0
2009-09-17,101616.57070262147,101616.57070262147,0.0,GLD,0
2009-09-18,101464.53827224732,109.58468948364316,101354.95358276367,XLK,6024
2009-09-21,101027.83136306763,109.58468948364316,100918.24667358398,XLK,6024
2009-09-22,101561.50126968384,109.58468948364316,101451.9165802002,XLK,6024
2009-09-23,101561.50126968384,109.58468948364316,101451.9165802002,XLK,6024
2009-09-24,100591.15892349243,109.58468948364316,100481.57423400879,XLK,6024
2009-09-25,99960.3996308899,109.58468948364316,99850.81494140625,XLK,6024
2009-09-28,101610.01149307251,109.58468948364316,101500.42680358887,XLK,6024
2009-09-29,101076.35307632446,109.58468948364316,100966.76838684082,XLK,6024
2009-09-30,101367.43739639282,109.58468948364316,101257.85270690918,XLK,6024
2009-10-01,98359.30948196411,109.58468948364316,98249.72479248047,XLK,6024
2009-10-02,98211.93489477539,98211.93489477539,0.0,GLD,0
2009-10-05,98211.93489477539,98211.93489477539,0.0,GLD,0
2009-10-06,98211.93489477539,98211.93489477539,0.0,GLD,0
2009-10-07,98211.93489477539,98211.93489477539,0.0,GLD,0
2009-10-08,98211.93489477539,98211.93489477539,0.0,GLD,0
2009-10-09,98211.93489477539,98211.93489477539,0.0,GLD,0
2009-10-12,98211.93489477539,98211.93489477539,0.0,GLD,0
2009-10-13,98211.93489477539,98211.93489477539,0.0,GLD,0
2009-10-14,98211.93489477539,98211.93489477539,0.0,GLD,0
2009-10-15,98211.93489477539,98211.93489477539,0.0,GLD,0
2009-10-16,98064.98522393704,98.5379983663588,97966.44722557068,XLF,10522
2009-10-19,98515.56712357998,98.5379983663588,98417.02912521362,XLF,10522
2009-10-20,97743.126674819,98.5379983663588,97644.58867645264,XLF,10522
2009-10-21,95876.50764291287,98.5379983663588,95777.96964454651,XLF,10522
2009-10-22,98708.6822530508,98.5379983663588,98610.14425468445,XLF,10522
2009-10-23,97292.62505166531,98.5379983663588,97194.08705329895,XLF,10522
2009-10-26,94782.27888696194,98.5379983663588,94683.74088859558,XLF,10522
2009-10-27,94074.2703553915,98.5379983663588,93975.73235702515,XLF,10522
2009-10-28,91177.75413911343,98.5379983663588,91079.21614074707,XLF,10522
2009-10-29,94975.39401643277,98.5379983663588,94876.8560180664,XLF,10522
2009-10-30,90398.41385084152,90398.41385084152,0.0,GLD,0
2009-11-02,90398.41385084152,90398.41385084152,0.0,GLD,0
2009-11-03,90398.41385084152,90398.41385084152,0.0,GLD,0
2009-11-04,90398.41385084152,90398.41385084152,0.0,GLD,0
2009-11-05,90398.41385084152,90398.41385084152,0.0,GLD,0
2009-11-06,90398.41385084152,90398.41385084152,0.0,GLD,0
2009-11-09,90398.41385084152,90398.41385084152,0.0,GLD,0
2009-11-10,90398.41385084152,90398.41385084152,0.0,GLD,0
2009-11-11,90398.41385084152,90398.41385084152,0.0,GLD,0
2009-11-12,90398.41385084152,90398.41385084152,0.0,GLD,0
2009-11-13,90263.1722985363,102.13742838859616,90161.0348701477,VNQ,4025
2009-11-16,92448.6215172863,102.13742838859616,92346.4840888977,VNQ,4025
2009-11-17,90841.6478215313,102.13742838859616,90739.5103931427,VNQ,4025
2009-11-18,92491.47496806145,102.13742838859616,92389.33753967285,VNQ,4025
2009-11-19,90370.24450884819,102.13742838859616,90268.1070804596,VNQ,4025
2009-11-20,89727.50416384697,102.13742838859616,89625.36673545837,VNQ,4025
2009-11-23,90863.05151568413,102.13742838859616,90760.91408729553,VNQ,4025
2009-11-24,89513.2138787365,102.13742838859616,89411.0764503479,VNQ,4025
2009-11-25,89877.47588740349,102.13742838859616,89775.33845901489,VNQ,4025
2009-11-27,87263.51519213677,102.13742838859616,87161.37776374817,VNQ,4025
2009-11-30,90520.30068026543,102.13742838859616,90418.16325187683,VNQ,4025
2009-12-01,91848.71926890373,102.13742838859616,91746.58184051514,VNQ,4025
2009-12-02,93348.51327525139,102.13742838859616,93246.3758468628,VNQ,4025
2009-12-03,92298.63443957329,102.13742838859616,92196.49701118469,VNQ,4025
2009-12-04,95019.71340762138,102.13742838859616,94917.57597923279,VNQ,4025
2009-12-07,93027.0970402813,102.13742838859616,92924.9596118927,VNQ,4025
2009-12-08,92491.47496806145,102.13742838859616,92389.33753967285,VNQ,4025
2009-12-09,92298.63443957329,102.13742838859616,92196.49701118469,VNQ,4025
2009-12-10,91934.3724309063,102.13742838859616,91832.2350025177,VNQ,4025
2009-12-11,93412.77809725761,102.13742838859616,93310.64066886902,VNQ,4025
2009-12-14,95105.44334040642,102.13742838859616,95003.30591201782,VNQ,4025
2009-12-15,94162.69813166618,102.13742838859616,94060.56070327759,VNQ,4025
2009-12-16,94848.30728159905,102.13742838859616,94746.16985321045,VNQ,4025
2009-12-17,94269.8240815258,102.13742838859616,94167.6866531372,VNQ,4025
2009-12-18,94749.02319079399,94749.02319079399,0.0,GLD,0
2009-12-21,94749.02319079399,94749.02319079399,0.0,GLD,0
2009-12-22,94749.02319079399,94749.02319079399,0.0,GLD,0
2009-12-23,94749.02319079399,94749.02319079399,0.0,GLD,0
2009-12-24,94749.02319079399,94749.02319079399,0.0,GLD,0
2009-12-28,94749.02319079399,94749.02319079399,0.0,GLD,0
2009-12-29,94749.02319079399,94749.02319079399,0.0,GLD,0
2009-12-30,94749.02319079399,94749.02319079399,0.0,GLD,0
2009-12-31,94749.02319079399,94749.02319079399,0.0,GLD,0
2010-01-04,94749.02319079399,94749.02319079399,0.0,GLD,0
2010-01-05,94749.02319079399,94749.02319079399,0.0,GLD,0
2010-01-06,94749.02319079399,94749.02319079399,0.0,GLD,0
2010-01-07,94749.02319079399,94749.02319079399,0.0,GLD,0
2010-01-08,94607.28337968636,114.07597459602403,94493.20740509033,VNQ,3932
2010-01-11,95158.52594865608,114.07597459602403,95044.44997406006,VNQ,3932
2010-01-12,93568.4631511097,114.07597459602403,93454.38717651367,VNQ,3932
2010-01-13,95455.28887285042,114.07597459602403,95341.2128982544,VNQ,3932
2010-01-14,95370.51982225227,114.07597459602403,95256.44384765625,VNQ,3932
2010-01-15,94649.65665544319,114.07597459602403,94535.58068084717,VNQ,3932
2010-01-19,96578.98314775276,114.07597459602403,96464.90717315674,VNQ,3932
2010-01-20,95497.72964586067,114.07597459602403,95383.65367126465,VNQ,3932
2010-01-21,92762.81593431282,114.07597459602403,92648.7399597168,VNQ,3932
2010-01-22,90295.17597192574,90295.17597192574,0.0,GLD,0
2010-01-25,90295.17597192574,90295.17597192574,0.0,GLD,0
2010-01-26,90295.17597192574,90295.17597192574,0.0,GLD,0
2010-01-27,90295.17597192574,90295.17597192574,0.0,GLD,0
2010-01-28,90295.17597192574,90295.17597192574,0.0,GLD,0
2010-01-29,90295.17597192574,90295.17597192574,0.0,GLD,0
2010-02-01,90295.17597192574,90295.17597192574,0.0,GLD,0
2010-02-02,90295.17597192574,90295.17597192574,0.0,GLD,0
2010-02-03,90295.17597192574,90295.17597192574,0.0,GLD,0
2010-02-04,90295.17597192574,90295.17597192574,0.0,GLD,0
2010-02-05,90295.17597192574,90295.17597192574,0.0,GLD,0
2010-02-08,90295.17597192574,90295.17597192574,0.0,GLD,0
2010-02-09,90295.17597192574,90295.17597192574,0.0,GLD,0
2010-02-10,90295.17597192574,90295.17597192574,0.0,GLD,0
2010-02-11,90295.17597192574,90295.17597192574,0.0,GLD,0
2010-02-12,90295.17597192574,90295.17597192574,0.0,GLD,0
2010-02-16,90295.17597192574,90295.17597192574,0.0,GLD,0
2010-02-17,90295.17597192574,90295.17597192574,0.0,GLD,0
2010-02-18,90295.17597192574,90295.17597192574,0.0,GLD,0
2010-02-19,90295.17597192574,90295.17597192574,0.0,GLD,0
2010-02-22,90295.17597192574,90295.17597192574,0.0,GLD,0
2010-02-23,90295.17597192574,90295.17597192574,0.0,GLD,0
2010-02-24,90295.17597192574,90295.17597192574,0.0,GLD,0
2010-02-25,90295.17597192574,90295.17597192574,0.0,GLD,0
2010-02-26,90295.17597192574,90295.17597192574,0.0,GLD,0
2010-03-01,90295.17597192574,90295.17597192574,0.0,GLD,0
2010-03-02,90295.17597192574,90295.17597192574,0.0,GLD,0
2010-03-03,90295.17597192574,90295.17597192574,0.0,GLD,0
2010-03-04,90295.17597192574,90295.17597192574,0.0,GLD,0
2010-03-05,90295.17597192574,90295.17597192574,0.0,GLD,0
2010-03-08,90295.17597192574,90295.17597192574,0.0,GLD,0
2010-03-09,90295.17597192574,90295.17597192574,0.0,GLD,0
2010-03-10,90295.17597192574,90295.17597192574,0.0,GLD,0
2010-03-11,90295.17597192574,90295.17597192574,0.0,GLD,0
2010-03-12,90295.17597192574,90295.17597192574,0.0,GLD,0
2010-03-15,90295.17597192574,90295.17597192574,0.0,GLD,0
2010-03-16,90295.17597192574,90295.17597192574,0.0,GLD,0
2010-03-17,90295.17597192574,90295.17597192574,0.0,GLD,0
2010-03-18,90295.17597192574,90295.17597192574,0.0,GLD,0
2010-03-19,90160.09577366161,106.63026424693817,90053.46550941467,VNQ,3405
2010-03-22,91298.40365024853,106.63026424693817,91191.77338600159,VNQ,3405
2010-03-23,91041.38943287182,106.63026424693817,90934.75916862488,VNQ,3405
2010-03-24,91537.09682079601,106.63026424693817,91430.46655654907,VNQ,3405
2010-03-25,91760.8850631361,106.63026424693817,91654.25479888916,VNQ,3405
2010-03-26,91279.98518558788,106.63026424693817,91173.35492134094,VNQ,3405
2010-03-29,91557.4376639967,106.63026424693817,91450.80739974976,VNQ,3405
2010-03-30,91427.91740986156,106.63026424693817,91321.28714561462,VNQ,3405
2010-03-31,90392.09958645153,106.63026424693817,90285.46932220459,VNQ,3405
2010-04-01,90854.54852672863,106.63026424693817,90747.91826248169,VNQ,3405
2010-04-05,92852.22455593395,106.63026424693817,92745.59429168701,VNQ,3405
2010-04-06,94979.4273337965,106.63026424693817,94872.79706954956,VNQ,3405
2010-04-07,92889.21085926342,106.63026424693817,92782.58059501648,VNQ,3405
2010-04-08,93000.24770351696,106.63026424693817,92893.61743927002,VNQ,3405
2010-04-09,94313.5244998579,106.63026424693817,94206.89423561096,VNQ,3405
2010-04-12,93721.60076710033,106.63026424693817,93614.9705028534,VNQ,3405
2010-04-13,96015.277629817,106.63026424693817,95908.64736557007,VNQ,3405
2010-04-14,96163.28129383373,106.63026424693817,96056.65102958679,VNQ,3405
2010-04-15,93536.64327236461,106.63026424693817,93430.01300811768,VNQ,3405
2010-04-16,91390.96357914257,106.63026424693817,91284.33331489563,VNQ,3405
2010-04-19,91797.90383907604,106.63026424693817,91691.2735748291,VNQ,3405
2010-04-20,93351.69227215099,106.63026424693817,93245.06200790405,VNQ,3405
2010-04-21,94979.4273337965,106.63026424693817,94872.79706954956,VNQ,3405
2010-04-22,96440.75325580883,106.63026424693817,96334.12299156189,VNQ,3405
2010-04-23,97717.06972690868,106.63026424693817,97610.43946266174,VNQ,3405
2010-04-26,98493.95095440197,106.63026424693817,98387.32069015503,VNQ,3405
2010-04-27,95349.43324657726,106.63026424693817,95242.80298233032,VNQ,3405
2010-04-28,95645.323673213,106.63026424693817,95538.69340896606,VNQ,3405
2010-04-29,99955.25089832592,106.63026424693817,99848.62063407898,VNQ,3405
2010-04-30,96847.64805408764,106.63026424693817,96741.0177898407,VNQ,3405
2010-05-03,100066.20980831432,106.63026424693817,99959.57954406738,VNQ,3405
2010-05-04,97791.02285000133,106.63026424693817,97684.3925857544,VNQ,3405
2010-05-05,96477.7395591383,106.63026424693817,96371.10929489136,VNQ,3405
2010-05-06,92519.32184788036,106.63026424693817,92412.69158363342,VNQ,3405
2010-05-07,90829.23209051896,90829.23209051896,0.0,GLD,0
2010-05-10,90829.23209051896,90829.23209051896,0.0,GLD,0
2010-05-11,90829.23209051896,90829.23209051896,0.0,GLD,0
2010-05-12,90829.23209051896,90829.23209051896,0.0,GLD,0
2010-05-13,90829.23209051896,90829.23209051896,0.0,GLD,0
2010-05-14,90829.23209051896,90829.23209051896,0.0,GLD,0
2010-05-17,90829.23209051896,90829.23209051896,0.0,GLD,0
2010-05-18,90829.23209051896,90829.23209051896,0.0,GLD,0
2010-05-19,90829.23209051896,90829.23209051896,0.0,GLD,0
2010-05-20,90829.23209051896,90829.23209051896,0.0,GLD,0
2010-05-21,90829.23209051896,90829.23209051896,0.0,GLD,0
2010-05-24,90829.23209051896,90829.23209051896,0.0,GLD,0
2010-05-25,90829.23209051896,90829.23209051896,0.0,GLD,0
2010-05-26,90829.23209051896,90829.23209051896,0.0,GLD,0
2010-05-27,90829.23209051896,90829.23209051896,0.0,GLD,0
2010-05-28,90829.23209051896,90829.23209051896,0.0,GLD,0
2010-06-01,90829.23209051896,90829.23209051896,0.0,GLD,0
2010-06-02,90829.23209051896,90829.23209051896,0.0,GLD,0
2010-06-03,90829.23209051896,90829.23209051896,0.0,GLD,0
2010-06-04,90829.23209051896,90829.23209051896,0.0,GLD,0
2010-06-07,90829.23209051896,90829.23209051896,0.0,GLD,0
2010-06-08,90829.23209051896,90829.23209051896,0.0,GLD,0
2010-06-09,90829.23209051896,90829.23209051896,0.0,GLD,0
2010-06-10,90829.23209051896,90829.23209051896,0.0,GLD,0
2010-06-11,90829.23209051896,90829.23209051896,0.0,GLD,0
2010-06-14,90829.23209051896,90829.23209051896,0.0,GLD,0
2010-06-15,90829.23209051896,90829.23209051896,0.0,GLD,0
2010-06-16,90829.23209051896,90829.23209051896,0.0,GLD,0
2010-06-17,90829.23209051896,90829.23209051896,0.0,GLD,0
2010-06-18,90829.23209051896,90829.23209051896,0.0,GLD,0
2010-06-21,90829.23209051896,90829.23209051896,0.0,GLD,0
2010-06-22,90829.23209051896,90829.23209051896,0.0,GLD,0
2010-06-23,90829.23209051896,90829.23209051896,0.0,GLD,0
2010-06-24,90829.23209051896,90829.23209051896,0.0,GLD,0
2010-06-25,90829.23209051896,90829.23209051896,0.0,GLD,0
2010-06-28,90829.23209051896,90829.23209051896,0.0,GLD,0
2010-06-29,90829.23209051896,90829.23209051896,0.0,GLD,0
2010-06-30,90829.23209051896,90829.23209051896,0.0,GLD,0
2010-07-01,90829.23209051896,90829.23209051896,0.0,GLD,0
2010-07-02,90829.23209051896,90829.23209051896,0.0,GLD,0
2010-07-06,90829.23209051896,90829.23209051896,0.0,GLD,0
2010-07-07,90829.23209051896,90829.23209051896,0.0,GLD,0
2010-07-08,90829.23209051896,90829.23209051896,0.0,GLD,0
2010-07-09,90829.23209051896,90829.23209051896,0.0,GLD,0
2010-07-12,90829.23209051896,90829.23209051896,0.0,GLD,0
2010-07-13,90829.23209051896,90829.23209051896,0.0,GLD,0
2010-07-14,90829.23209051896,90829.23209051896,0.0,GLD,0
2010-07-15,90829.23209051896,90829.23209051896,0.0,GLD,0
2010-07-16,90829.23209051896,90829.23209051896,0.0,GLD,0
2010-07-19,90829.23209051896,90829.23209051896,0.0,GLD,0
2010-07-20,90829.23209051896,90829.23209051896,0.0,GLD,0
2010-07-21,90829.23209051896,90829.23209051896,0.0,GLD,0
2010-07-22,90829.23209051896,90829.23209051896,0.0,GLD,0
2010-07-23,90829.23209051896,90829.23209051896,0.0,GLD,0
2010-07-26,90829.23209051896,90829.23209051896,0.0,GLD,0
2010-07-27,90829.23209051896,90829.23209051896,0.0,GLD,0
2010-07-28,90829.23209051896,90829.23209051896,0.0,GLD,0
2010-07-29,90829.23209051896,90829.23209051896,0.0,GLD,0
2010-07-30,90829.23209051896,90829.23209051896,0.0,GLD,0
2010-08-02,90829.23209051896,90829.23209051896,0.0,GLD,0
2010-08-03,90829.23209051896,90829.23209051896,0.0,GLD,0
2010-08-04,90829.23209051896,90829.23209051896,0.0,GLD,0
2010-08-05,90829.23209051896,90829.23209051896,0.0,GLD,0
2010-08-06,90693.35801825333,110.64317450333328,90582.71484375,VNQ,3200
2010-08-09,91728.68516669083,110.64317450333328,91618.0419921875,VNQ,3200
2010-08-10,90833.75718817521,110.64317450333328,90723.11401367188,VNQ,3200
2010-08-11,88570.07310614396,110.64317450333328,88459.42993164062,VNQ,3200
2010-08-12,87464.51890692521,110.64317450333328,87353.87573242188,VNQ,3200
2010-08-13,87464.51890692521,110.64317450333328,87353.87573242188,VNQ,3200
2010-08-16,87394.35899481583,110.64317450333328,87283.7158203125,VNQ,3200
2010-08-17,89394.82286200333,110.64317450333328,89284.1796875,VNQ,3200
2010-08-18,89482.54869208146,110.64317450333328,89371.90551757812,VNQ,3200
2010-08-19,87201.29258856583,110.64317450333328,87090.6494140625,VNQ,3200
2010-08-20,86790.34651007463,86790.34651007463,0.0,TLT,0
2010-08-23,86790.34651007463,86790.34651007463,0.0,TLT,0
2010-08-24,86790.34651007463,86790.34651007463,0.0,TLT,0
2010-08-25,86790.34651007463,86790.34651007463,0.0,TLT,0
2010-08-26,86790.34651007463,86790.34651007463,0.0,TLT,0
2010-08-27,86790.34651007463,86790.34651007463,0.0,TLT,0
2010-08-30,86790.34651007463,86790.34651007463,0.0,TLT,0
2010-08-31,86790.34651007463,86790.34651007463,0.0,TLT,0
2010-09-01,86790.34651007463,86790.34651007463,0.0,TLT,0
2010-09-02,86790.34651007463,86790.34651007463,0.0,TLT,0
2010-09-03,86790.34651007463,86790.34651007463,0.0,TLT,0
2010-09-07,86790.34651007463,86790.34651007463,0.0,TLT,0
2010-09-08,86790.34651007463,86790.34651007463,0.0,TLT,0
2010-09-09,86790.34651007463,86790.34651007463,0.0,TLT,0
2010-09-10,86790.34651007463,86790.34651007463,0.0,TLT,0
2010-09-13,86790.34651007463,86790.34651007463,0.0,TLT,0
2010-09-14,86790.34651007463,86790.34651007463,0.0,TLT,0
2010-09-15,86790.34651007463,86790.34651007463,0.0,TLT,0
2010-09-16,86790.34651007463,86790.34651007463,0.0,TLT,0
2010-09-17,86790.34651007463,86790.34651007463,0.0,TLT,0
2010-09-20,86790.34651007463,86790.34651007463,0.0,TLT,0
2010-09-21,86790.34651007463,86790.34651007463,0.0,TLT,0
2010-09-22,86790.34651007463,86790.34651007463,0.0,TLT,0
2010-09-23,86790.34651007463,86790.34651007463,0.0,TLT,0
2010-09-24,86790.34651007463,86790.34651007463,0.0,TLT,0
2010-09-27,86790.34651007463,86790.34651007463,0.0,TLT,0
2010-09-28,86790.34651007463,86790.34651007463,0.0,TLT,0
2010-09-29,86790.34651007463,86790.34651007463,0.0,TLT,0
2010-09-30,86790.34651007463,86790.34651007463,0.0,TLT,0
2010-10-01,86660.50311419774,98.23919627476425,86562.26391792297,VNQ,2989
2010-10-04,87454.33081576634,98.23919627476425,87356.09161949158,VNQ,2989
2010-10-05,88843.60625788975,98.23919627476425,88745.36706161499,VNQ,2989
2010-10-06,88363.94714877415,98.23919627476425,88265.70795249939,VNQ,2989
2010-10-07,88612.02899501134,98.23919627476425,88513.78979873657,VNQ,2989
2010-10-08,88860.09373805333,98.23919627476425,88761.85454177856,VNQ,2989
2010-10-11,88843.60625788975,98.23919627476425,88745.36706161499,VNQ,2989
2010-10-12,89472.01185557652,98.23919627476425,89373.77265930176,VNQ,2989
2010-10-13,90398.21828791905,98.23919627476425,90299.97909164429,VNQ,2989
2010-10-14,90166.63532397557,98.23919627476425,90068.3961277008,VNQ,2989
2010-10-15,90050.88089892674,98.23919627476425,89952.64170265198,VNQ,2989
2010-10-18,91208.56767604161,98.23919627476425,91110.32847976685,VNQ,2989
2010-10-19,90083.98128268529,98.23919627476425,89985.74208641052,VNQ,2989
2010-10-20,92052.02885005284,98.23919627476425,91953.78965377808,VNQ,2989
2010-10-21,91952.8075136881,98.23919627476425,91854.56831741333,VNQ,2989
2010-10-22,92002.4295840006,98.23919627476425,91904.19038772583,VNQ,2989
2010-10-25,92167.80037829686,98.23919627476425,92069.5611820221,VNQ,2989
2010-10-26,91506.2544893961,98.23919627476425,91408.01529312134,VNQ,2989
2010-10-27,90861.27019450474,98.23919627476425,90763.03099822998,VNQ,2989
2010-10-28,90298.96844622899,98.23919627476425,90200.72924995422,VNQ,2989
2010-10-29,90315.47302958775,98.23919627476425,90217.23383331299,VNQ,2989
2010-11-01,91092.80184886265,98.23919627476425,90994.56265258789,VNQ,2989
2010-11-02,91721.26445720006,98.23919627476425,91623.0252609253,VNQ,2989
2010-11-03,91721.26445720006,98.23919627476425,91623.0252609253,VNQ,2989
2010-11-04,93838.21244189549,98.23919627476425,93739.97324562073,VNQ,2989
2010-11-05,94847.05581233311,98.23919627476425,94748.81661605835,VNQ,2989
2010-11-08,94334.34192797948,98.23919627476425,94236.10273170471,VNQ,2989
2010-11-09,90513.92140338231,98.23919627476425,90415.68220710754,VNQ,2989
2010-11-10,91638.58191058446,98.23919627476425,91540.34271430969,VNQ,2989
2010-11-11,90910.90366694737,98.23919627476425,90812.66447067261,VNQ,2989
2010-11-12,90067.41968867589,98.23919627476425,89969.18049240112,VNQ,2989
2010-11-15,89207.41402385045,98.23919627476425,89109.17482757568,VNQ,2989
2010-11-16,86147.80633303929,98.23919627476425,86049.56713676453,VNQ,2989
2010-11-17,86809.34652087498,98.23919627476425,86711.10732460022,VNQ,2989
2010-11-18,87586.64683482457,98.23919627476425,87488.4076385498,VNQ,2989
2010-11-19,88049.70444247533,98.23919627476425,87951.46524620056,VNQ,2989
2010-11-22,88281.2874064188,98.23919627476425,88183.04821014404,VNQ,2989
2010-11-23,87586.64683482457,98.23919627476425,87488.4076385498,VNQ,2989
2010-11-24,89273.5748839121,98.23919627476425,89175.33568763733,VNQ,2989
2010-11-26,89091.67670199681,98.23919627476425,88993.43750572205,VNQ,2989
2010-11-29,89042.05463168431,98.23919627476425,88943.81543540955,VNQ,2989
2010-11-30,88645.0951723795,98.23919627476425,88546.85597610474,VNQ,2989
2010-12-01,89157.83756205846,98.23919627476425,89059.59836578369,VNQ,2989
2010-12-02,90530.47729632664,98.23919627476425,90432.23810005188,VNQ,2989
2010-12-03,90513.92140338231,98.23919627476425,90415.68220710754,VNQ,2989
2010-12-06,90695.88799807835,98.23919627476425,90597.64880180359,VNQ,2989
2010-12-07,90894.35917613316,98.23919627476425,90796.1199798584,VNQ,2989
2010-12-08,89554.76281497288,98.23919627476425,89456.52361869812,VNQ,2989
2010-12-09,88760.86670062352,98.23919627476425,88662.62750434875,VNQ,2989
2010-12-10,89072.4129402113,113.88701552868588,88958.52592468262,XLB,3260
2010-12-13,89550.03283614636,113.88701552868588,89436.14582061768,XLB,3260
2010-12-14,89478.37710494519,113.88701552868588,89364.4900894165,XLB,3260
2010-12-15,89000.7820808363,113.88701552868588,88886.89506530762,XLB,3260
2010-12-16,89836.61223525525,113.88701552868588,89722.72521972656,XLB,3260
2010-12-17,90542.02696914197,113.88701552868588,90428.13995361328,XLB,3260
2010-12-20,90830.91944808484,113.88701552868588,90717.03243255615,XLB,3260
2010-12-21,91745.79848403455,113.88701552868588,91631.91146850586,XLB,3260
2010-12-22,91697.67771834851,113.88701552868588,91583.79070281982,XLB,3260
2010-12-23,91938.41834182263,113.88701552868588,91824.53132629395,XLB,3260
2010-12-27,92082.84281844617,113.88701552868588,91968.95580291748,XLB,3260
2010-12-28,92275.45024032117,113.88701552868588,92161.56322479248,XLB,3260
2010-12-29,92660.6837379408,113.88701552868588,92546.79672241211,XLB,3260
2010-12-30,92660.6837379408,113.88701552868588,92546.79672241211,XLB,3260
2010-12-31,92588.44973678113,113.88701552868588,92474.56272125244,XLB,3260
2011-01-03,93334.82836837292,113.88701552868588,93220.94135284424,XLB,3260
2011-01-04,92708.86046523572,113.88701552868588,92594.97344970703,XLB,3260
2011-01-05,92925.50650710583,113.88701552868588,92811.61949157715,XLB,3260
2011-01-06,92444.00038833142,113.88701552868588,92330.11337280273,XLB,3260
2011-01-07,92071.40631512165,111.64112881183974,91959.76518630981,XLE,2221
2011-01-10,91707.71824291706,111.64112881183974,91596.07711410522,XLE,2221
2011-01-11,93229.64005688191,111.64112881183974,93117.99892807007,XLE,2221
2011-01-12,94509.08056286335,111.64112881183974,94397.43943405151,XLE,2221
2011-01-13,94239.75855663777,111.64112881183974,94128.11742782593,XLE,2221
2011-01-14,95263.29740551472,111.64112881183974,95151.65627670288,XLE,2221
2011-01-18,95855.89393261433,111.64112881183974,95744.25280380249,XLE,2221
2011-01-19,94697.6347735262,111.64112881183974,94585.99364471436,XLE,2221
2011-01-20,94024.25350597859,111.64112881183974,93912.61237716675,XLE,2221
2011-01-21,94522.55174664021,111.64112881183974,94410.91061782837,XLE,2221
2011-01-24,94872.71780041218,111.64112881183974,94761.07667160034,XLE,2221
2011-01-25,94603.37037685871,111.64112881183974,94491.72924804688,XLE,2221
2011-01-26,96865.97854259968,111.64112881183974,96754.33741378784,XLE,2221
2011-01-27,96300.35827282429,111.64112881183974,96188.71714401245,XLE,2221
2011-01-28,95882.84477261067,111.64112881183974,95771.20364379883,XLE,2221
2011-01-31,98630.32235744954,111.64112881183974,98518.6812286377,XLE,2221
2011-02-01,100233.01196697712,111.64112881183974,100121.37083816528,XLE,2221
2011-02-02,100152.21028164387,111.64112881183974,100040.56915283203,XLE,2221
2011-02-03,100206.04418209553,111.64112881183974,100094.40305328369,XLE,2221
2011-02-04,99950.1594698763,111.64112881183974,99838.51834106445,XLE,2221
2011-02-07,100529.29328564167,111.64112881183974,100417.65215682983,XLE,2221
2011-02-08,100192.62383297444,111.64112881183974,100080.9827041626,XLE,2221
2011-02-09,98926.61214855671,111.64112881183974,98814.97101974487,XLE,2221
2011-02-10,99936.69675854206,111.64112881183974,99825.05562973022,XLE,2221
2011-02-11,99923.25946453572,111.64112881183974,99811.61833572388,XLE,2221
2011-02-14,102118.52865627766,111.64112881183974,102006.88752746582,XLE,2221
2011-02-15,101054.57625607014,111.64112881183974,100942.9351272583,XLE,2221
2011-02-16,102401.34726360798,111.64112881183974,102289.70613479614,XLE,2221
2011-02-17,103411.41492870808,111.64112881183974,103299.77379989624,XLE,2221
2011-02-18,103842.45044735432,111.64112881183974,103730.80931854248,XLE,2221
2011-02-22,102832.34889248371,111.64112881183974,102720.70776367188,XLE,2221
2011-02-23,104919.8740313387,111.64112881183974,104808.23290252686,XLE,2221
2011-02-24,103438.41660336018,111.64112881183974,103326.77547454834,XLE,2221
2011-02-25,104924.06494626522,104924.06494626522,0.0,GLD,0
2011-02-28,104924.06494626522,104924.06494626522,0.0,GLD,0
2011-03-01,104924.06494626522,104924.06494626522,0.0,GLD,0
2011-03-02,104924.06494626522,104924.06494626522,0.0,GLD,0
2011-03-03,104924.06494626522,104924.06494626522,0.0,GLD,0
2011-03-04,104924.06494626522,104924.06494626522,0.0,GLD,0
2011-03-07,104924.06494626522,104924.06494626522,0.0,GLD,0
2011-03-08,104924.06494626522,104924.06494626522,0.0,GLD,0
2011-03-09,104924.06494626522,104924.06494626522,0.0,GLD,0
2011-03-10,104924.06494626522,104924.06494626522,0.0,GLD,0
2011-03-11,104924.06494626522,104924.06494626522,0.0,GLD,0
2011-03-14,104924.06494626522,104924.06494626522,0.0,GLD,0
2011-03-15,104924.06494626522,104924.06494626522,0.0,GLD,0
2011-03-16,104924.06494626522,104924.06494626522,0.0,GLD,0
2011-03-17,104924.06494626522,104924.06494626522,0.0,GLD,0
2011-03-18,104924.06494626522,104924.06494626522,0.0,GLD,0
2011-03-21,104924.06494626522,104924.06494626522,0.0,GLD,0
2011-03-22,104924.06494626522,104924.06494626522,0.0,GLD,0
2011-03-23,104924.06494626522,104924.06494626522,0.0,GLD,0
2011-03-24,104924.06494626522,104924.06494626522,0.0,GLD,0
2011-03-25,104924.06494626522,104924.06494626522,0.0,GLD,0
2011-03-28,104924.06494626522,104924.06494626522,0.0,GLD,0
2011-03-29,104924.06494626522,104924.06494626522,0.0,GLD,0
2011-03-30,104924.06494626522,104924.06494626522,0.0,GLD,0
2011-03-31,104924.06494626522,104924.06494626522,0.0,GLD,0
2011-04-01,104924.06494626522,104924.06494626522,0.0,GLD,0
2011-04-04,104924.06494626522,104924.06494626522,0.0,GLD,0
2011-04-05,104924.06494626522,104924.06494626522,0.0,GLD,0
2011-04-06,104924.06494626522,104924.06494626522,0.0,GLD,0
2011-04-07,104924.06494626522,104924.06494626522,0.0,GLD,0
2011-04-08,104924.06494626522,104924.06494626522,0.0,GLD,0
2011-04-11,104924.06494626522,104924.06494626522,0.0,GLD,0
2011-04-12,104924.06494626522,104924.06494626522,0.0,GLD,0
2011-04-13,104924.06494626522,104924.06494626522,0.0,GLD,0
2011-04-14,104924.06494626522,104924.06494626522,0.0,GLD,0
2011-04-15,104767.10720182705,128.6109097127919,104638.49629211426,XLE,2228
2011-04-18,103208.22792936611,128.6109097127919,103079.61701965332,XLE,2228
2011-04-19,104251.98249174404,128.6109097127919,104123.37158203125,XLE,2228
2011-04-20,106705.65180326748,128.6109097127919,106577.04089355469,XLE,2228
2011-04-21,107193.63874174404,128.6109097127919,107065.02783203125,XLE,2228
2011-04-25,106637.84562040615,128.6109097127919,106509.23471069336,XLE,2228
2011-04-26,107695.19881559658,128.6109097127919,107566.58790588379,XLE,2228
2011-04-27,107640.99976469326,128.6109097127919,107512.38885498047,XLE,2228
2011-04-28,107627.4436276083,128.6109097127919,107498.83271789551,XLE,2228
2011-04-29,109226.98281217861,128.6109097127919,109098.37190246582,XLE,2228
2011-05-02,107776.54413725185,128.6109097127919,107647.93322753906,XLE,2228
2011-05-03,105078.92385221767,128.6109097127919,104950.31294250488,XLE,2228
2011-05-04,103221.76706816006,128.6109097127919,103093.15615844727,XLE,2228
2011-05-05,101079.88890959072,128.6109097127919,100951.27799987793,XLE,2228
2011-05-06,101527.21593595791,128.6109097127919,101398.60502624512,XLE,2228
2011-05-09,103303.06139494228,128.6109097127919,103174.45048522949,XLE,2228
2011-05-10,103791.05683256435,128.6109097127919,103662.44592285156,XLE,2228
2011-05-11,100795.21003080654,128.6109097127919,100666.59912109375,XLE,2228
2011-05-12,100646.1180203085,128.6109097127919,100517.5071105957,XLE,2228
2011-05-13,100158.08008695889,128.6109097127919,100029.4691772461,XLE,2228
2011-05-16,99398.9619076376,128.6109097127919,99270.3509979248,XLE,2228
2011-05-17,99398.9619076376,128.6109097127919,99270.3509979248,XLE,2228
2011-05-18,101405.21920133877,128.6109097127919,101276.60829162598,XLE,2228
2011-05-19,101418.7498409872,128.6109097127919,101290.13893127441,XLE,2228
2011-05-20,101296.76160551357,128.6109097127919,101168.15069580078,XLE,2228
2011-05-23,99724.28370024014,128.6109097127919,99595.67279052734,XLE,2228
2011-05-24,101134.13895536709,128.6109097127919,101005.5280456543,XLE,2228
2011-05-25,102842.1357357626,128.6109097127919,102713.5248260498,XLE,2228
2011-05-26,103357.29444242764,128.6109097127919,103228.68353271484,XLE,2228
2011-05-27,103614.84404875088,128.6109097127919,103486.23313903809,XLE,2228
2011-05-31,104658.67510343838,128.6109097127919,104530.06419372559,XLE,2228
2011-06-01,102164.35437895107,128.6109097127919,102035.74346923828,XLE,2228
2011-06-02,102123.65197111416,128.6109097127919,101995.04106140137,XLE,2228
2011-06-03,102150.83223844814,128.6109097127919,102022.22132873535,XLE,2228
2011-06-06,99846.28043485928,128.6109097127919,99717.66952514648,XLE,2228
2011-06-07,99846.28043485928,128.6109097127919,99717.66952514648,XLE,2228
2011-06-08,100144.54094816494,128.6109097127919,100015.93003845215,XLE,2228
2011-06-09,101500.10366178799,128.6109097127919,101371.4927520752,XLE,2228
2011-06-10,99534.5147793417,128.6109097127919,99405.9038696289,XLE,2228
2011-06-13,97962.05387235928,128.6109097127919,97833.44296264648,XLE,2228
2011-06-14,100049.61399198818,128.6109097127919,99921.00308227539,XLE,2228
2011-06-15,97758.69481779385,128.6109097127919,97630.08390808105,XLE,2228
2011-06-16,97907.76983000088,128.6109097127919,97779.15892028809,XLE,2228
2011-06-17,97509.79342349147,97509.79342349147,0.0,GLD,0
2011-06-20,97509.79342349147,97509.79342349147,0.0,GLD,0
2011-06-21,97509.79342349147,97509.79342349147,0.0,GLD,0
2011-06-22,97509.79342349147,97509.79342349147,0.0,GLD,0
2011-06-23,97509.79342349147,97509.79342349147,0.0,GLD,0
2011-06-24,97509.79342349147,97509.79342349147,0.0,GLD,0
2011-06-27,97509.79342349147,97509.79342349147,0.0,GLD,0
2011-06-28,97509.79342349147,97509.79342349147,0.0,GLD,0
2011-06-29,97509.79342349147,97509.79342349147,0.0,GLD,0
2011-06-30,97509.79342349147,97509.79342349147,0.0,GLD,0
2011-07-01,97509.79342349147,97509.79342349147,0.0,GLD,0
2011-07-05,97509.79342349147,97509.79342349147,0.0,GLD,0
2011-07-06,97509.79342349147,97509.79342349147,0.0,GLD,0
2011-07-07,97509.79342349147,97509.79342349147,0.0,GLD,0
2011-07-08,97509.79342349147,97509.79342349147,0.0,GLD,0
2011-07-11,97509.79342349147,97509.79342349147,0.0,GLD,0
2011-07-12,97509.79342349147,97509.79342349147,0.0,GLD,0
2011-07-13,97509.79342349147,97509.79342349147,0.0,GLD,0
2011-07-14,97509.79342349147,97509.79342349147,0.0,GLD,0
2011-07-15,97509.79342349147,97509.79342349147,0.0,GLD,0
2011-07-18,97509.79342349147,97509.79342349147,0.0,GLD,0
2011-07-19,97509.79342349147,97509.79342349147,0.0,GLD,0
2011-07-20,97509.79342349147,97509.79342349147,0.0,GLD,0
2011-07-21,97509.79342349147,97509.79342349147,0.0,GLD,0
2011-07-22,97509.79342349147,97509.79342349147,0.0,GLD,0
2011-07-25,97509.79342349147,97509.79342349147,0.0,GLD,0
2011-07-26,97509.79342349147,97509.79342349147,0.0,GLD,0
2011-07-27,97509.79342349147,97509.79342349147,0.0,GLD,0
2011-07-28,97509.79342349147,97509.79342349147,0.0,GLD,0
2011-07-29,97509.79342349147,97509.79342349147,0.0,GLD,0
2011-08-01,97509.79342349147,97509.79342349147,0.0,GLD,0
2011-08-02,97509.79342349147,97509.79342349147,0.0,GLD,0
2011-08-03,97509.79342349147,97509.79342349147,0.0,GLD,0
2011-08-04,97509.79342349147,97509.79342349147,0.0,GLD,0
2011-08-05,97509.79342349147,97509.79342349147,0.0,GLD,0
2011-08-08,97509.79342349147,97509.79342349147,0.0,GLD,0
2011-08-09,97509.79342349147,97509.79342349147,0.0,GLD,0
2011-08-10,97509.79342349147,97509.79342349147,0.0,GLD,0
2011-08-11,97509.79342349147,97509.79342349147,0.0,GLD,0
2011-08-12,97509.79342349147,97509.79342349147,0.0,GLD,0
2011-08-15,97509.79342349147,97509.79342349147,0.0,GLD,0
2011-08-16,97509.79342349147,97509.79342349147,0.0,GLD,0
2011-08-17,97509.79342349147,97509.79342349147,0.0,GLD,0
2011-08-18,97509.79342349147,97509.79342349147,0.0,GLD,0
2011-08-19,97509.79342349147,97509.79342349147,0.0,GLD,0
2011-08-22,97509.79342349147,97509.79342349147,0.0,GLD,0
2011-08-23,97509.79342349147,97509.79342349147,0.0,GLD,0
2011-08-24,97509.79342349147,97509.79342349147,0.0,GLD,0
2011-08-25,97509.79342349147,97509.79342349147,0.0,GLD,0
2011-08-26,97509.79342349147,97509.79342349147,0.0,GLD,0
2011-08-29,97509.79342349147,97509.79342349147,0.0,GLD,0
2011-08-30,97509.79342349147,97509.79342349147,0.0,GLD,0
2011-08-31,97509.79342349147,97509.79342349147,0.0,GLD,0
2011-09-01,97509.79342349147,97509.79342349147,0.0,GLD,0
2011-09-02,97509.79342349147,97509.79342349147,0.0,GLD,0
2011-09-06,97509.79342349147,97509.79342349147,0.0,GLD,0
2011-09-07,97509.79342349147,97509.79342349147,0.0,GLD,0
2011-09-08,97509.79342349147,97509.79342349147,0.0,GLD,0
2011-09-09,97509.79342349147,97509.79342349147,0.0,GLD,0
2011-09-12,97509.79342349147,97509.79342349147,0.0,GLD,0
2011-09-13,97509.79342349147,97509.79342349147,0.0,GLD,0
2011-09-14,97509.79342349147,97509.79342349147,0.0,GLD,0
2011-09-15,97509.79342349147,97509.79342349147,0.0,GLD,0
2011-09-16,97509.79342349147,97509.79342349147,0.0,GLD,0
2011-09-19,97509.79342349147,97509.79342349147,0.0,GLD,0
2011-09-20,97509.79342349147,97509.79342349147,0.0,GLD,0
2011-09-21,97509.79342349147,97509.79342349147,0.0,GLD,0
2011-09-22,97509.79342349147,97509.79342349147,0.0,GLD,0
2011-09-23,97509.79342349147,97509.79342349147,0.0,GLD,0
2011-09-26,97509.79342349147,97509.79342349147,0.0,GLD,0
2011-09-27,97509.79342349147,97509.79342349147,0.0,GLD,0
2011-09-28,97509.79342349147,97509.79342349147,0.0,GLD,0
2011-09-29,97509.79342349147,97509.79342349147,0.0,GLD,0
2011-09-30,97509.79342349147,97509.79342349147,0.0,GLD,0
2011-10-03,97509.79342349147,97509.79342349147,0.0,GLD,0
2011-10-04,97509.79342349147,97509.79342349147,0.0,GLD,0
2011-10-05,97509.79342349147,97509.79342349147,0.0,GLD,0
2011-10-06,97509.79342349147,97509.79342349147,0.0,GLD,0
2011-10-07,97509.79342349147,97509.79342349147,0.0,GLD,0
2011-10-10,97509.79342349147,97509.79342349147,0.0,GLD,0
2011-10-11,97509.79342349147,97509.79342349147,0.0,GLD,0
2011-10-12,97509.79342349147,97509.79342349147,0.0,GLD,0
2011-10-13,97509.79342349147,97509.79342349147,0.0,GLD,0
2011-10-14,97509.79342349147,97509.79342349147,0.0,GLD,0
2011-10-17,97509.79342349147,97509.79342349147,0.0,GLD,0
2011-10-18,97509.79342349147,97509.79342349147,0.0,GLD,0
2011-10-19,97509.79342349147,97509.79342349147,0.0,GLD,0
2011-10-20,97509.79342349147,97509.79342349147,0.0,GLD,0
2011-10-21,97509.79342349147,97509.79342349147,0.0,GLD,0
2011-10-24,97509.79342349147,97509.79342349147,0.0,GLD,0
2011-10-25,97509.79342349147,97509.79342349147,0.0,GLD,0
2011-10-26,97509.79342349147,97509.79342349147,0.0,GLD,0
2011-10-27,97509.79342349147,97509.79342349147,0.0,GLD,0
2011-10-28,97363.9003040266,101.82066077708441,97262.07964324951,XLU,4458
2011-10-31,96919.42506522655,101.82066077708441,96817.60440444946,XLU,4458
2011-11-01,94891.38402671336,101.82066077708441,94789.56336593628,XLU,4458
2011-11-02,96558.27883643626,101.82066077708441,96456.45817565918,XLU,4458
2011-11-03,97725.05503577708,101.82066077708441,97623.234375,XLU,4458
2011-11-04,97280.55428809642,101.82066077708441,97178.73362731934,XLU,4458
2011-11-07,97808.42656058788,101.82066077708441,97706.60589981079,XLU,4458
2011-11-08,98447.36449927806,101.82066077708441,98345.54383850098,XLU,4458
2011-11-09,96308.22378272533,101.82066077708441,96206.40312194824,XLU,4458
2011-11-10,96947.18723029613,101.82066077708441,96845.36656951904,XLU,4458
2011-11-11,98188.92164520358,98188.92164520358,0.0,TLT,0
2011-11-14,98188.92164520358,98188.92164520358,0.0,TLT,0
2011-11-15,98188.92164520358,98188.92164520358,0.0,TLT,0
2011-11-16,98188.92164520358,98188.92164520358,0.0,TLT,0
2011-11-17,98188.92164520358,98188.92164520358,0.0,TLT,0
2011-11-18,98188.92164520358,98188.92164520358,0.0,TLT,0
2011-11-21,98188.92164520358,98188.92164520358,0.0,TLT,0
2011-11-22,98188.92164520358,98188.92164520358,0.0,TLT,0
2011-11-23,98188.92164520358,98188.92164520358,0.0,TLT,0
2011-11-25,98188.92164520358,98188.92164520358,0.0,TLT,0
2011-11-28,98188.92164520358,98188.92164520358,0.0,TLT,0
2011-11-29,98188.92164520358,98188.92164520358,0.0,TLT,0
2011-11-30,98188.92164520358,98188.92164520358,0.0,TLT,0
2011-12-01,98188.92164520358,98188.92164520358,0.0,TLT,0
2011-12-02,98188.92164520358,98188.92164520358,0.0,TLT,0
2011-12-05,98188.92164520358,98188.92164520358,0.0,TLT,0
2011-12-06,98188.92164520358,98188.92164520358,0.0,TLT,0
2011-12-07,98188.92164520358,98188.92164520358,0.0,TLT,0
2011-12-08,98188.92164520358,98188.92164520358,0.0,TLT,0
2011-12-09,98188.92164520358,98188.92164520358,0.0,TLT,0
2011-12-12,98188.92164520358,98188.92164520358,0.0,TLT,0
2011-12-13,98188.92164520358,98188.92164520358,0.0,TLT,0
2011-12-14,98188.92164520358,98188.92164520358,0.0,TLT,0
2011-12-15,98188.92164520358,98188.92164520358,0.0,TLT,0
2011-12-16,98188.92164520358,98188.92164520358,0.0,TLT,0
2011-12-19,98188.92164520358,98188.92164520358,0.0,TLT,0
2011-12-20,98188.92164520358,98188.92164520358,0.0,TLT,0
2011-12-21,98188.92164520358,98188.92164520358,0.0,TLT,0
2011-12-22,98188.92164520358,98188.92164520358,0.0,TLT,0
2011-12-23,98188.92164520358,98188.92164520358,0.0,TLT,0
2011-12-27,98188.92164520358,98188.92164520358,0.0,TLT,0
2011-12-28,98188.92164520358,98188.92164520358,0.0,TLT,0
2011-12-29,98188.92164520358,98188.92164520358,0.0,TLT,0
2011-12-30,98042.03432832335,117.15640817259555,97924.87792015076,XLU,4319
2012-01-03,96300.16803918456,117.15640817259555,96183.01163101196,XLU,4319
2012-01-04,95755.8281305847,117.15640817259555,95638.67172241211,XLU,4319
2012-01-05,95946.33638940429,117.15640817259555,95829.17998123169,XLU,4319
2012-01-06,95429.22253785704,117.15640817259555,95312.06612968445,XLU,4319
2012-01-09,95565.33634744262,117.15640817259555,95448.17993927002,XLU,4319
2012-01-10,95701.40072999572,117.15640817259555,95584.24432182312,XLU,4319
2012-01-11,95265.91562257384,117.15640817259555,95148.75921440125,XLU,4319
2012-01-12,95129.843002182,117.15640817259555,95012.6865940094,XLU,4319
2012-01-13,94791.00598577021,137.37097600458947,94653.63500976562,XLE,2214
2012-01-17,95458.93731359004,137.37097600458947,95321.56633758545,XLE,2214
2012-01-18,97026.50883916377,137.37097600458947,96889.13786315918,XLE,2214
2012-01-19,97421.76101354121,137.37097600458947,97284.39003753662,XLE,2214
2012-01-20,97435.45155766963,137.37097600458947,97298.08058166504,XLE,2214
2012-01-23,98212.42583135127,137.37097600458947,98075.05485534668,XLE,2214
2012-01-24,97926.13214543818,137.37097600458947,97788.7611694336,XLE,2214
2012-01-25,99125.68056157588,137.37097600458947,98988.30958557129,XLE,2214
2012-01-26,97776.23715642451,137.37097600458947,97638.86618041992,XLE,2214
2012-01-27,97279.8240846014,108.89871533869882,97170.9253692627,XLU,4440
2012-01-30,96664.29880078792,108.89871533869882,96555.40008544922,XLU,4440
2012-01-31,97139.94775708675,108.89871533869882,97031.04904174805,XLU,4440
2012-02-01,97475.64416821956,108.89871533869882,97366.74545288086,XLU,4440
2012-02-02,97307.8383057928,108.89871533869882,97198.9395904541,XLU,4440
2012-02-03,97559.61061414241,108.89871533869882,97450.71189880371,XLU,4440
2012-02-06,97139.94775708675,108.89871533869882,97031.04904174805,XLU,4440
2012-02-07,97839.41408093928,108.89871533869882,97730.51536560059,XLU,4440
2012-02-08,97951.33546765803,108.89871533869882,97842.43675231934,XLU,4440
2012-02-09,97671.52353223323,108.89871533869882,97562.62481689453,XLU,4440
2012-02-10,97475.64416821956,108.89871533869882,97366.74545288086,XLU,4440
2012-02-13,97363.79053052425,108.89871533869882,97254.89181518555,XLU,4440
2012-02-14,97391.72006543636,108.89871533869882,97282.82135009766,XLU,4440
2012-02-15,97195.88304456233,108.89871533869882,97086.98432922363,XLU,4440
2012-02-16,98231.13046582698,108.89871533869882,98122.23175048828,XLU,4440
2012-02-17,98175.15283521175,108.89871533869882,98066.25411987305,XLU,4440
2012-02-21,97811.42526563167,108.89871533869882,97702.52655029297,XLU,4440
2012-02-22,97923.32124646663,108.89871533869882,97814.42253112793,XLU,4440
2012-02-23,97839.41408093928,108.89871533869882,97730.51536560059,XLU,4440
2012-02-24,98259.05153211116,108.89871533869882,98150.15281677246,XLU,4440
2012-02-27,98231.13046582698,108.89871533869882,98122.23175048828,XLU,4440
2012-02-28,97755.46457227229,108.89871533869882,97646.5658569336,XLU,4440
2012-02-29,97727.49269422053,108.89871533869882,97618.59397888184,XLU,4440
2012-03-01,97979.29887708186,108.89871533869882,97870.40016174316,XLU,4440
2012-03-02,97923.32124646663,108.89871533869882,97814.42253112793,XLU,4440
2012-03-05,98147.20636304378,108.89871533869882,98038.30764770508,XLU,4440
2012-03-06,97755.46457227229,108.89871533869882,97646.5658569336,XLU,4440
2012-03-07,97811.42526563167,108.89871533869882,97702.52655029297,XLU,4440
2012-03-08,98119.18367322444,108.89871533869882,98010.28495788574,XLU,4440
2012-03-09,98510.916995368,108.89871533869882,98402.0182800293,XLU,4440
2012-03-12,99630.05464490413,108.89871533869882,99521.15592956543,XLU,4440
2012-03-13,99965.81033643245,108.89871533869882,99856.91162109375,XLU,4440
2012-03-14,98482.93664868831,108.89871533869882,98374.03793334961,XLU,4440
2012-03-15,98398.97867139339,108.89871533869882,98290.07995605469,XLU,4440
2012-03-16,98319.9070924139,108.89871533869882,98211.0083770752,XLU,4440
2012-03-19,97642.17973645686,108.89871533869882,97533.28102111816,XLU,4440
2012-03-20,97755.18510755061,108.89871533869882,97646.28639221191,XLU,4440
2012-03-21,97557.50192578792,108.89871533869882,97448.60321044922,XLU,4440
2012-03-22,97783.37716992854,108.89871533869882,97674.47845458984,XLU,4440
2012-03-23,97811.63698132991,108.89871533869882,97702.73826599121,XLU,4440
2012-03-26,98489.35586865901,108.89871533869882,98380.45715332031,XLU,4440
2012-03-27,98969.38310559749,108.89871533869882,98860.48439025879,XLU,4440
2012-03-28,98150.4921906805,108.89871533869882,98041.5934753418,XLU,4440
2012-03-29,98545.79080518245,108.89871533869882,98436.89208984375,XLU,4440
2012-03-30,99054.11172803401,108.89871533869882,98945.21301269531,XLU,4440
2012-04-02,99562.3564332342,108.89871533869882,99453.45771789551,XLU,4440
2012-04-03,99505.90455945491,108.89871533869882,99397.00584411621,XLU,4440
2012-04-04,99364.70712598323,108.89871533869882,99255.80841064453,XLU,4440
2012-04-05,98630.54483350276,108.89871533869882,98521.64611816406,XLU,4440
2012-04-09,98122.2239106512,108.89871533869882,98013.3251953125,XLU,4440
2012-04-10,96851.58250745296,108.89871533869882,96742.68379211426,XLU,4440
2012-04-11,97077.45775159358,108.89871533869882,96968.55903625488,XLU,4440
2012-04-12,97388.09549268245,108.89871533869882,97279.19677734375,XLU,4440
2012-04-13,97049.21487744807,108.89871533869882,96940.31616210938,XLU,4440
2012-04-16,97952.83441480159,108.89871533869882,97843.93569946289,XLU,4440
2012-04-17,98461.10452588557,108.89871533869882,98352.20581054688,XLU,4440
2012-04-18,98291.68115552425,108.89871533869882,98182.78244018555,XLU,4440
2012-04-19,98037.54609998225,108.89871533869882,97928.64738464355,XLU,4440
2012-04-20,98997.63444837093,108.89871533869882,98888.73573303223,XLU,4440
2012-04-23,98574.05061658382,108.89871533869882,98465.15190124512,XLU,4440
2012-04-24,99251.76950391292,108.89871533869882,99142.87078857422,XLU,4440
2012-04-25,99760.07348950862,108.89871533869882,99651.17477416992,XLU,4440
2012-04-26,100324.81241162776,108.89871533869882,100215.91369628906,XLU,4440
2012-04-27,100663.60834058284,108.89871533869882,100554.70962524414,XLU,4440
2012-04-30,100804.83117993831,108.89871533869882,100695.93246459961,XLU,4440
2012-05-01,101313.14363416194,108.89871533869882,101204.24491882324,XLU,4440
2012-05-02,100720.11949475764,108.89871533869882,100611.22077941895,XLU,4440
2012-05-03,100409.50715955257,108.89871533869882,100300.60844421387,XLU,4440
2012-05-04,100550.7215302801,108.89871533869882,100441.8228149414,XLU,4440
2012-05-07,100353.02987988948,108.89871533869882,100244.13116455078,XLU,4440
2012-05-08,100522.4786561346,108.89871533869882,100413.5799407959,XLU,4440
2012-05-09,100578.95593579768,108.89871533869882,100470.05722045898,XLU,4440
2012-05-10,101510.79294141292,108.89871533869882,101401.89422607422,XLU,4440
2012-05-11,101567.270221076,108.89871533869882,101458.3715057373,XLU,4440
2012-05-14,101454.29872449397,108.89871533869882,101345.40000915527,XLU,4440
2012-05-15,100748.34543164729,108.89871533869882,100639.4467163086,XLU,4440
2012-05-16,100889.55980237483,108.89871533869882,100780.66108703613,XLU,4440
2012-05-17,100324.81241162776,108.89871533869882,100215.91369628906,XLU,4440
2012-05-18,99977.10188409328,99977.10188409328,0.0,TLT,0
2012-05-21,99977.10188409328,99977.10188409328,0.0,TLT,0
2012-05-22,99977.10188409328,99977.10188409328,0.0,TLT,0
2012-05-23,99977.10188409328,99977.10188409328,0.0,TLT,0
2012-05-24,99977.10188409328,99977.10188409328,0.0,TLT,0
2012-05-25,99977.10188409328,99977.10188409328,0.0,TLT,0
2012-05-29,99977.10188409328,99977.10188409328,0.0,TLT,0
2012-05-30,99977.10188409328,99977.10188409328,0.0,TLT,0
2012-05-31,99977.10188409328,99977.10188409328,0.0,TLT,0
2012-06-01,99977.10188409328,99977.10188409328,0.0,TLT,0
2012-06-04,99977.10188409328,99977.10188409328,0.0,TLT,0
2012-06-05,99977.10188409328,99977.10188409328,0.0,TLT,0
2012-06-06,99977.10188409328,99977.10188409328,0.0,TLT,0
2012-06-07,99977.10188409328,99977.10188409328,0.0,TLT,0
2012-06-08,99977.10188409328,99977.10188409328,0.0,TLT,0
2012-06-11,99977.10188409328,99977.10188409328,0.0,TLT,0
2012-06-12,99977.10188409328,99977.10188409328,0.0,TLT,0
2012-06-13,99977.10188409328,99977.10188409328,0.0,TLT,0
2012-06-14,99977.10188409328,99977.10188409328,0.0,TLT,0
2012-06-15,99977.10188409328,99977.10188409328,0.0,TLT,0
2012-06-18,99977.10188409328,99977.10188409328,0.0,TLT,0
2012-06-19,99977.10188409328,99977.10188409328,0.0,TLT,0
2012-06-20,99977.10188409328,99977.10188409328,0.0,TLT,0
2012-06-21,99977.10188409328,99977.10188409328,0.0,TLT,0
2012-06-22,99977.10188409328,99977.10188409328,0.0,TLT,0
2012-06-25,99977.10188409328,99977.10188409328,0.0,TLT,0
2012-06-26,99977.10188409328,99977.10188409328,0.0,TLT,0
2012-06-27,99977.10188409328,99977.10188409328,0.0,TLT,0
2012-06-28,99977.10188409328,99977.10188409328,0.0,TLT,0
2012-06-29,99977.10188409328,99977.10188409328,0.0,TLT,0
2012-07-02,99977.10188409328,99977.10188409328,0.0,TLT,0
2012-07-03,99977.10188409328,99977.10188409328,0.0,TLT,0
2012-07-05,99977.10188409328,99977.10188409328,0.0,TLT,0
2012-07-06,99977.10188409328,99977.10188409328,0.0,TLT,0
2012-07-09,99977.10188409328,99977.10188409328,0.0,TLT,0
2012-07-10,99977.10188409328,99977.10188409328,0.0,TLT,0
2012-07-11,99977.10188409328,99977.10188409328,0.0,TLT,0
2012-07-12,99977.10188409328,99977.10188409328,0.0,TLT,0
2012-07-13,99827.5431812849,121.74130903148034,99705.80187225342,XLY,2674
2012-07-16,99187.5025776472,121.74130903148034,99065.76126861572,XLY,2674
2012-07-17,100170.38200269603,121.74130903148034,100048.64069366455,XLY,2674
2012-07-18,100696.0647953596,121.74130903148034,100574.32348632812,XLY,2674
2012-07-19,101358.95452009105,121.74130903148034,101237.21321105957,XLY,2674
2012-07-20,100124.65315900707,121.74130903148034,100002.91184997559,XLY,2674
2012-07-23,98661.72798047923,121.74130903148034,98539.98667144775,XLY,2674
2012-07-24,97998.89945875072,121.74130903148034,97877.15814971924,XLY,2674
2012-07-25,97793.18596540355,121.74130903148034,97671.44465637207,XLY,2674
2012-07-26,99370.32614789867,121.74130903148034,99248.58483886719,XLY,2674
2012-07-27,101336.13600049877,121.74130903148034,101214.39469146729,XLY,2674
2012-07-30,100947.54793439769,121.74130903148034,100825.80662536621,XLY,2674
2012-07-31,99644.62780652904,121.74130903148034,99522.88649749756,XLY,2674
2012-08-01,99233.21102033519,121.74130903148034,99111.46971130371,XLY,2674
2012-08-02,99484.66355787181,121.74130903148034,99362.92224884033,XLY,2674
2012-08-03,101450.41220746898,121.74130903148034,101328.6708984375,XLY,2674
2012-08-06,101816.17155347728,121.74130903148034,101694.4302444458,XLY,2674
2012-08-07,102776.18145643138,121.74130903148034,102654.4401473999,XLY,2674
2012-08-08,102273.3171833601,121.74130903148034,102151.57587432861,XLY,2674
2012-08-09,102204.7188175764,121.74130903148034,102082.97750854492,XLY,2674
2012-08-10,102113.28153119945,121.74130903148034,101991.54022216797,XLY,2674
2012-08-13,102159.01037488841,121.74130903148034,102037.26906585693,XLY,2674
2012-08-14,102410.43231092357,121.74130903148034,102288.69100189209,XLY,2674
2012-08-15,102730.45261274242,121.74130903148034,102608.71130371094,XLY,2674
2012-08-16,103576.21691022777,121.74130903148034,103454.47560119629,XLY,2674
2012-08-17,103964.79477582836,121.74130903148034,103843.05346679688,XLY,2674
2012-08-20,103530.52886854076,121.74130903148034,103408.78755950928,XLY,2674
2012-08-21,103393.29133497142,121.74130903148034,103271.55002593994,XLY,2674
2012-08-22,103690.47271619701,121.74130903148034,103568.73140716553,XLY,2674
2012-08-23,102981.86434827709,121.74130903148034,102860.1230392456,XLY,2674
2012-08-24,103827.59804426097,121.74130903148034,103705.85673522949,XLY,2674
2012-08-27,103667.62359510326,121.74130903148034,103545.88228607178,XLY,2674
2012-08-28,103873.33708845043,121.74130903148034,103751.59577941895,XLY,2674
2012-08-29,104376.23196302318,121.74130903148034,104254.4906539917,XLY,2674
2012-08-30,103804.73872266673,121.74130903148034,103682.99741363525,XLY,2674
2012-08-31,104239.05563245677,121.74130903148034,104117.3143234253,XLY,2674
2012-09-04,103987.6438969221,121.74130903148034,103865.90258789062,XLY,2674
2012-09-05,104147.59794507884,121.74130903148034,104025.85663604736,XLY,2674
2012-09-06,106479.1161411848,121.74130903148034,106357.37483215332,XLY,2674
2012-09-07,107050.52777753734,121.74130903148034,106928.78646850586,XLY,2674
2012-09-10,106890.53292737865,121.74130903148034,106768.79161834717,XLY,2674
2012-09-11,106844.85508619212,121.74130903148034,106723.11377716064,XLY,2674
2012-09-12,107370.57868085765,121.74130903148034,107248.83737182617,XLY,2674
2012-09-13,108742.06657300853,121.74130903148034,108620.32526397705,XLY,2674
2012-09-14,109176.3630817976,121.74130903148034,109054.62177276611,XLY,2674
2012-09-17,108764.9054936018,121.74130903148034,108643.16418457031,XLY,2674
2012-09-18,108239.17169843578,121.74130903148034,108117.4303894043,XLY,2674
2012-09-19,109359.19685254955,121.74130903148034,109237.45554351807,XLY,2674
2012-09-20,109222.08172498607,121.74130903148034,109100.34041595459,XLY,2674
2012-09-21,109144.0682972517,121.74130903148034,109022.32698822021,XLY,2674
2012-09-24,108845.86686597728,121.74130903148034,108724.1255569458,XLY,2674
2012-09-25,107561.38924299144,121.74130903148034,107439.64793395996,XLY,2674
2012-09-26,106827.41223035716,121.74130903148034,106705.67092132568,XLY,2674
2012-09-27,107905.45212446117,121.74130903148034,107783.71081542969,XLY,2674
2012-09-28,107446.68461500072,121.74130903148034,107324.94330596924,XLY,2674
2012-10-01,107377.89243970775,121.74130903148034,107256.15113067627,XLY,2674
2012-10-02,107171.47511182689,121.74130903148034,107049.73380279541,XLY,2674
2012-10-03,108020.12615095043,121.74130903148034,107898.38484191895,XLY,2674
2012-10-04,109006.48394666576,121.74130903148034,108884.74263763428,XLY,2674
2012-10-05,109327.59570203685,121.74130903148034,109205.85439300537,XLY,2674
2012-10-08,109121.14777265453,121.74130903148034,108999.40646362305,XLY,2674
2012-10-09,107377.89243970775,121.74130903148034,107256.15113067627,XLY,2674
2012-10-10,106712.71780286693,121.74130903148034,106590.97649383545,XLY,2674
2012-10-11,106231.01956830882,121.74130903148034,106109.27825927734,XLY,2674
2012-10-12,105890.29378599835,113.2698449583113,105777.02394104004,VNQ,2748
2012-10-15,106592.51479429913,113.2698449583113,106479.24494934082,VNQ,2748
2012-10-16,107245.76021666241,113.2698449583113,107132.4903717041,VNQ,2748
2012-10-17,106951.80187315655,113.2698449583113,106838.53202819824,VNQ,2748
2012-10-18,108046.02674193097,113.2698449583113,107932.75689697266,VNQ,2748
2012-10-19,107147.79856199933,113.2698449583113,107034.52871704102,VNQ,2748
2012-10-22,106608.8679437132,113.2698449583113,106495.59809875488,VNQ,2748
2012-10-23,105530.98574156476,113.2698449583113,105417.71589660645,VNQ,2748
2012-10-24,105449.37723631573,113.2698449583113,105336.10739135742,VNQ,2748
2012-10-25,105155.37696165753,113.2698449583113,105042.10711669922,VNQ,2748
2012-10-26,104240.84804625226,113.2698449583113,104127.57820129395,VNQ,2748
2012-10-31,105253.3490991087,113.2698449583113,105140.07925415039,VNQ,2748
2012-11-01,105759.61534971905,113.2698449583113,105646.34550476074,VNQ,2748
2012-11-02,106461.88877196026,113.2698449583113,106348.61892700195,VNQ,2748
2012-11-05,105759.61534971905,113.2698449583113,105646.34550476074,VNQ,2748
2012-11-06,106216.9060143919,113.2698449583113,106103.6361694336,VNQ,2748
2012-11-07,105743.29364866925,113.2698449583113,105630.02380371094,VNQ,2748
2012-11-08,104485.78887266827,113.2698449583113,104372.51902770996,VNQ,2748
2012-11-09,104208.21512694073,113.2698449583113,104094.94528198242,VNQ,2748
2012-11-12,103963.22188658429,113.2698449583113,103849.95204162598,VNQ,2748
2012-11-13,103881.55048460675,113.2698449583113,103768.28063964844,VNQ,2748
2012-11-14,101938.15688414288,113.2698449583113,101824.88703918457,VNQ,2748
2012-11-15,101464.55500120831,113.2698449583113,101351.28515625,VNQ,2748
2012-11-16,102085.12557310773,113.2698449583113,101971.85572814941,VNQ,2748
2012-11-19,103342.64083189679,113.2698449583113,103229.37098693848,VNQ,2748
2012-11-20,104110.20105833722,113.2698449583113,103996.9312133789,VNQ,2748
2012-11-21,103930.56800169659,113.2698449583113,103817.29815673828,VNQ,2748
2012-11-23,104698.11774534894,113.2698449583113,104584.84790039062,VNQ,2748
2012-11-26,104910.41516966534,113.2698449583113,104797.14532470703,VNQ,2748
2012-11-27,104322.50896544171,113.2698449583113,104209.2391204834,VNQ,2748
2012-11-28,104191.87246031476,113.2698449583113,104078.60261535645,VNQ,2748
2012-11-29,104763.4464807005,113.2698449583113,104650.17663574219,VNQ,2748
2012-11-30,104975.76487059308,113.2698449583113,104862.49502563477,VNQ,2748
2012-12-03,105400.38068480206,113.2698449583113,105287.11083984375,VNQ,2748
2012-12-04,105563.66059202862,113.2698449583113,105450.39074707031,VNQ,2748
2012-12-05,105237.04836363507,113.2698449583113,105123.77851867676,VNQ,2748
2012-12-06,106216.9060143919,113.2698449583113,106103.6361694336,VNQ,2748
2012-12-07,106608.8679437132,113.2698449583113,106495.59809875488,VNQ,2748
2012-12-10,106559.85042662335,113.2698449583113,106446.58058166504,VNQ,2748
2012-12-11,106821.14440245343,113.2698449583113,106707.87455749512,VNQ,2748
2012-12-12,106527.19654173566,113.2698449583113,106413.92669677734,VNQ,2748
2012-12-13,105710.65024656964,113.2698449583113,105597.38040161133,VNQ,2748
2012-12-14,105694.29709715558,113.2698449583113,105581.02725219727,VNQ,2748
2012-12-17,106249.58086485577,113.2698449583113,106136.31101989746,VNQ,2748
2012-12-18,107343.75331968976,113.2698449583113,107230.48347473145,VNQ,2748
2012-12-19,107196.80559630108,113.2698449583113,107083.53575134277,VNQ,2748
2012-12-20,108601.24761290265,113.2698449583113,108487.97776794434,VNQ,2748
2012-12-21,108097.15865123655,108.54472148801142,107988.61392974854,XLV,3306
2012-12-24,107667.4633997717,108.54472148801142,107558.91867828369,XLV,3306
2012-12-26,107291.36655223752,108.54472148801142,107182.82183074951,XLV,3306
2012-12-27,107130.31911266233,108.54472148801142,107021.77439117432,XLV,3306
2012-12-28,106082.90540874387,108.54472148801142,105974.36068725586,XLV,3306
2012-12-31,107210.8806666174,108.54472148801142,107102.3359451294,XLV,3306
2013-01-02,109332.50727641965,108.54472148801142,109223.96255493164,XLV,3306
2013-01-03,109466.75551402952,108.54472148801142,109358.2107925415,XLV,3306
2013-01-04,109950.22572887327,108.54472148801142,109841.68100738525,XLV,3306
2013-01-07,110299.28375804807,108.54472148801142,110190.73903656006,XLV,3306
2013-01-08,110326.18385112668,108.54472148801142,110217.63912963867,XLV,3306
2013-01-09,111534.70805156614,108.54472148801142,111426.16333007812,XLV,3306
2013-01-10,112313.49916637327,108.54472148801142,112204.95444488525,XLV,3306
2013-01-11,111950.6547926321,115.48548110866977,111835.16931152344,XLF,10176
2013-01-14,111623.86243423367,115.48548110866977,111508.376953125,XLF,10176
2013-01-15,112081.35620864773,115.48548110866977,111965.87072753906,XLF,10176
2013-01-16,112146.7845533743,115.48548110866977,112031.29907226562,XLF,10176
2013-01-17,112081.35620864773,115.48548110866977,111965.87072753906,XLF,10176
2013-01-18,112212.14496597195,115.48548110866977,112096.65948486328,XLF,10176
2013-01-22,113257.9018629446,115.48548110866977,113142.41638183594,XLF,10176
2013-01-23,113192.5511549368,115.48548110866977,113077.06567382812,XLF,10176
2013-01-24,113780.82398208523,115.48548110866977,113665.33850097656,XLF,10176
2013-01-25,114303.72669204617,115.48548110866977,114188.2412109375,XLF,10176
2013-01-28,113846.20380386258,115.48548110866977,113730.7183227539,XLF,10176
2013-01-29,114303.72669204617,115.48548110866977,114188.2412109375,XLF,10176
2013-01-30,113780.82398208523,115.48548110866977,113665.33850097656,XLF,10176
2013-01-31,113715.48297866726,115.48548110866977,113599.9974975586,XLF,10176
2013-02-01,115218.80158218289,115.48548110866977,115103.31610107422,XLF,10176
2013-02-04,113911.56421646023,115.48548110866977,113796.07873535156,XLF,10176
2013-02-05,115022.72034438992,115.48548110866977,114907.23486328125,XLF,10176
2013-02-06,115218.80158218289,115.48548110866977,115103.31610107422,XLF,10176
2013-02-07,114891.98011001492,115.48548110866977,114776.49462890625,XLF,10176
2013-02-08,115153.42176040554,115.48548110866977,115037.93627929688,XLF,10176
2013-02-11,115676.33417495633,115.48548110866977,115560.84869384766,XLF,10176
2013-02-12,116591.40906509304,115.48548110866977,116475.92358398438,XLF,10176
2013-02-13,116329.9868238821,115.48548110866977,116214.50134277344,XLF,10176
2013-02-14,116722.12989028836,115.48548110866977,116606.64440917969,XLF,10176
2013-02-15,116199.23688491726,115.48548110866977,116083.7514038086,XLF,10176
2013-02-19,117310.42212661648,115.48548110866977,117194.93664550781,XLF,10176
2013-02-20,115545.61334976101,115.48548110866977,115430.12786865234,XLF,10176
2013-02-21,114630.54816421414,115.48548110866977,114515.06268310547,XLF,10176
2013-02-22,116068.5257643118,115.48548110866977,115953.04028320312,XLF,10176
2013-02-25,112931.09979995633,115.48548110866977,112815.61431884766,XLF,10176
2013-02-26,113519.39203628445,115.48548110866977,113403.90655517578,XLF,10176
2013-02-27,115284.1522901907,115.48548110866977,115168.66680908203,XLF,10176
2013-02-28,115088.05164321804,115.48548110866977,114972.56616210938,XLF,10176
2013-03-01,115414.86341079617,115.48548110866977,115299.3779296875,XLF,10176
2013-03-04,116395.32782730008,115.48548110866977,116279.8423461914,XLF,10176
2013-03-05,117375.76313003445,115.48548110866977,117260.27764892578,XLF,10176
2013-03-06,118160.10749038601,115.48548110866977,118044.62200927734,XLF,10176
2013-03-07,119009.82196792508,115.48548110866977,118894.3364868164,XLF,10176
2013-03-08,119336.65314468289,115.48548110866977,119221.16766357422,XLF,10176
2013-03-11,120251.69892105008,115.48548110866977,120136.2134399414,XLF,10176
2013-03-12,119598.05597671414,115.48548110866977,119482.57049560547,XLF,10176
2013-03-13,119924.8774488821,115.48548110866977,119809.39196777344,XLF,10176
2013-03-14,120709.28003677273,115.48548110866977,120593.79455566406,XLF,10176
2013-03-15,121115.86353286648,115.48548110866977,121000.37805175781,XLF,10176
2013-03-18,119935.37781509304,115.48548110866977,119819.89233398438,XLF,10176
2013-03-19,119279.55133804226,115.48548110866977,119164.0658569336,XLF,10176
2013-03-20,120066.53534683133,115.48548110866977,119951.04986572266,XLF,10176
2013-03-21,118623.72486099148,115.48548110866977,118508.23937988281,XLF,10176
2013-03-22,119345.15436538601,115.48548110866977,119229.66888427734,XLF,10176
2013-03-25,119017.2362745657,115.48548110866977,118901.75079345703,XLF,10176
2013-03-26,119804.2299879446,115.48548110866977,119688.74450683594,XLF,10176
2013-03-27,119213.95801528836,115.48548110866977,119098.47253417969,XLF,10176
2013-03-28,119541.87610610867,115.48548110866977,119426.390625,XLF,10176
2013-04-01,118951.65265640164,115.48548110866977,118836.16717529297,XLF,10176
2013-04-02,119673.03363784695,115.48548110866977,119557.54815673828,XLF,10176
2013-04-03,117705.5736158743,115.48548110866977,117590.08813476562,XLF,10176
2013-04-04,118754.87268813992,115.48548110866977,118639.38720703125,XLF,10176
2013-04-05,118361.35156997586,115.48548110866977,118245.86608886719,XLF,10176
2013-04-08,119541.87610610867,115.48548110866977,119426.390625,XLF,10176
2013-04-09,119869.7747877493,115.48548110866977,119754.28930664062,XLF,10176
2013-04-10,121509.34583267117,115.48548110866977,121393.8603515625,XLF,10176
2013-04-11,121771.6997145071,115.48548110866977,121656.21423339844,XLF,10176
2013-04-12,121247.02106460476,115.48548110866977,121131.5355834961,XLF,10176
2013-04-15,118689.30847915554,115.48548110866977,118573.82299804688,XLF,10176
2013-04-16,120525.64008315945,115.48548110866977,120410.15460205078,XLF,10176
2013-04-17,118295.79706558133,115.48548110866977,118180.31158447266,XLF,10176
2013-04-18,117049.70832046414,115.48548110866977,116934.22283935547,XLF,10176
2013-04-19,118689.30847915554,115.48548110866977,118573.82299804688,XLF,10176
2013-04-22,118820.44660171414,115.48548110866977,118704.96112060547,XLF,10176
2013-04-23,120984.69629653836,115.48548110866977,120869.21081542969,XLF,10176
2013-04-24,121706.11609634304,115.48548110866977,121590.63061523438,XLF,10176
2013-04-25,122427.52619155789,115.48548110866977,122312.04071044922,XLF,10176
2013-04-26,121902.84754165554,115.48548110866977,121787.36206054688,XLF,10176
2013-04-29,122427.52619155789,115.48548110866977,122312.04071044922,XLF,10176
2013-04-30,122755.45398696804,115.48548110866977,122639.96850585938,XLF,10176
2013-05-01,121378.21741470242,115.48548110866977,121262.73193359375,XLF,10176
2013-05-02,122427.52619155789,115.48548110866977,122312.04071044922,XLF,10176
2013-05-03,123739.1694410696,115.48548110866977,123623.68395996094,XLF,10176
2013-05-06,125050.82239517117,115.48548110866977,124935.3369140625,XLF,10176
2013-05-07,125706.67798599148,115.48548110866977,125591.19250488281,XLF,10176
2013-05-08,126755.98676284695,115.48548110866977,126640.50128173828,XLF,10176
2013-05-09,125837.83551772976,115.48548110866977,125722.3500366211,XLF,10176
2013-05-10,126362.49475845242,115.48548110866977,126247.00927734375,XLF,10176
2013-05-13,126755.98676284695,115.48548110866977,126640.50128173828,XLF,10176
2013-05-14,128920.21704849148,115.48548110866977,128804.73156738281,XLF,10176
2013-05-15,130100.76099380398,115.48548110866977,129985.27551269531,XLF,10176
2013-05-16,129248.1351393118,115.48548110866977,129132.64965820312,XLF,10176
2013-05-17,130953.29950698758,115.48548110866977,130837.8140258789,XLF,10176
2013-05-20,131215.6339796438,115.48548110866977,131100.14849853516,XLF,10176
2013-05-21,131543.55207046412,115.48548110866977,131428.06658935547,XLF,10176
2013-05-22,130166.27667983914,115.48548110866977,130050.79119873047,XLF,10176
2013-05-23,129379.30237563992,115.48548110866977,129263.81689453125,XLF,10176
2013-05-24,129122.94424471569,161.22351870250714,128961.72072601318,XLV,3218
2013-05-28,130435.64577517223,161.22351870250714,130274.42225646973,XLV,3218
2013-05-29,128387.8142016859,161.22351870250714,128226.5906829834,XLV,3218
2013-05-30,129306.67458376598,161.22351870250714,129145.45106506348,XLV,3218
2013-05-31,126471.27119478893,161.22351870250714,126310.04767608643,XLV,3218
2013-06-03,127153.87353548718,161.22351870250714,126992.65001678467,XLV,3218
2013-06-04,126366.20351443005,161.22351870250714,126204.97999572754,XLV,3218
2013-06-05,124528.42137179089,161.22351870250714,124367.19785308838,XLV,3218
2013-06-06,126339.99490389538,161.22351870250714,126178.77138519287,XLV,3218
2013-06-07,127495.1624301405,161.22351870250714,127333.93891143799,XLV,3218
2013-06-10,127678.92959627819,161.22351870250714,127517.70607757568,XLV,3218
2013-06-11,127153.87353548718,161.22351870250714,126992.65001678467,XLV,3218
2013-06-12,125867.3683398695,161.22351870250714,125706.14482116699,XLV,3218
2013-06-13,127810.15678438854,161.22351870250714,127648.93326568604,XLV,3218
2013-06-14,127600.20555910778,161.22351870250714,127438.98204040527,XLV,3218
2013-06-17,127888.96675142956,161.22351870250714,127727.74323272705,XLV,3218
2013-06-18,128965.37341341686,161.22351870250714,128804.14989471436,XLV,3218
2013-06-19,126917.56639132214,161.22351870250714,126756.34287261963,XLV,3218
2013-06-20,123662.01503786755,161.22351870250714,123500.79151916504,XLV,3218
2013-06-21,124880.47605166149,161.22351870250714,124719.25253295898,XLV,3218
2013-06-24,123825.50275454235,161.22351870250714,123664.27923583984,XLV,3218
2013-06-25,124458.49900850964,161.22351870250714,124297.27548980713,XLV,3218
2013-06-26,126251.87995943737,161.22351870250714,126090.65644073486,XLV,3218
2013-06-27,126700.2497485609,161.22351870250714,126539.0262298584,XLV,3218
2013-06-28,125724.4055865736,161.22351870250714,125563.1820678711,XLV,3218
2013-07-01,126067.29032168102,161.22351870250714,125906.06680297852,XLV,3218
2013-07-02,125803.53472170544,161.22351870250714,125642.31120300293,XLV,3218
2013-07-03,125618.92053255749,161.22351870250714,125457.69701385498,XLV,3218
2013-07-05,127333.17234835339,161.22351870250714,127171.94882965088,XLV,3218
2013-07-08,128045.2609103651,161.22351870250714,127884.0373916626,XLV,3218
2013-07-09,128414.4524615736,161.22351870250714,128253.2289428711,XLV,3218
2013-07-10,129258.41882357311,161.22351870250714,129097.1953048706,XLV,3218
2013-07-11,130919.94652590466,161.22351870250714,130758.72300720215,XLV,3218
2013-07-12,131711.1642230482,161.22351870250714,131549.9407043457,XLV,3218
2013-07-15,131843.0297473402,161.22351870250714,131681.8062286377,XLV,3218
2013-07-16,131078.1679690809,161.22351870250714,130916.94445037842,XLV,3218
2013-07-17,131421.05270418833,161.22351870250714,131259.82918548584,XLV,3218
2013-07-18,131790.24425539683,161.22351870250714,131629.02073669434,XLV,3218
2013-07-19,133530.913368556,161.22351870250714,133369.68984985352,XLV,3218
2013-07-22,134190.21643862437,161.22351870250714,134028.99291992188,XLV,3218
2013-07-23,133715.49073061656,161.22351870250714,133554.26721191406,XLV,3218
2013-07-24,133504.52062258433,161.22351870250714,133343.29710388184,XLV,3218
2013-07-25,134163.9096225233,161.22351870250714,134002.6861038208,XLV,3218
2013-07-26,134630.09719254784,137.1656549196632,134492.93153762817,XLF,10070
2013-07-29,133652.681735776,137.1656549196632,133515.51608085632,XLF,10070
2013-07-30,133587.49317529015,137.1656549196632,133450.32752037048,XLF,10070
2013-07-31,133652.681735776,137.1656549196632,133515.51608085632,XLF,10070
2013-08-01,135803.01110627464,137.1656549196632,135665.84545135498,XLF,10070
2013-08-02,135737.8225457888,137.1656549196632,135600.65689086914,XLF,10070
2013-08-05,135477.18354584984,137.1656549196632,135340.01789093018,XLF,10070
2013-08-06,134239.11948563866,137.1656549196632,134101.953830719,XLF,10070
2013-08-07,133326.89258935265,137.1656549196632,133189.72693443298,XLF,10070
2013-08-08,133652.681735776,137.1656549196632,133515.51608085632,XLF,10070
2013-08-09,133196.52507188133,137.1656549196632,133059.35941696167,XLF,10070
2013-08-12,132675.2758825045,137.1656549196632,132538.11022758484,XLF,10070
2013-08-13,133326.89258935265,137.1656549196632,133189.72693443298,XLF,10070
2013-08-14,132805.5665719729,137.1656549196632,132668.40091705322,XLF,10070
2013-08-15,130850.74526192955,137.1656549196632,130713.57960700989,XLF,10070
2013-08-16,130590.06784798912,137.1656549196632,130452.90219306946,XLF,10070
2013-08-19,128895.89514138512,137.1656549196632,128758.72948646545,XLF,10070
2013-08-20,130133.94959809593,137.1656549196632,129996.78394317627,XLF,10070
2013-08-21,129221.70349480919,137.1656549196632,129084.53783988953,XLF,10070
2013-08-22,130720.45457246117,137.1656549196632,130583.2889175415,XLF,10070
2013-08-23,130850.74526192955,137.1656549196632,130713.57960700989,XLF,10070
2013-08-26,130003.61089112572,137.1656549196632,129866.44523620605,XLF,10070
2013-08-27,126875.93328835777,137.1656549196632,126738.76763343811,XLF,10070
2013-08-28,127071.3837278109,137.1656549196632,126934.21807289124,XLF,10070
2013-08-29,127397.19208123497,137.1656549196632,127260.02642631531,XLF,10070
2013-08-30,126810.7255208712,137.1656549196632,126673.55986595154,XLF,10070
2013-09-03,127853.34874512962,137.1656549196632,127716.18309020996,XLF,10070
2013-09-04,128830.74499490074,137.1656549196632,128693.57933998108,XLF,10070
2013-09-05,129156.56295182518,137.1656549196632,129019.39729690552,XLF,10070
2013-09-06,129156.56295182518,137.1656549196632,129019.39729690552,XLF,10070
2013-09-09,130655.28521897606,137.1656549196632,130518.1195640564,XLF,10070
2013-09-10,132219.10001160912,137.1656549196632,132081.93435668945,XLF,10070
2013-09-11,132349.4195115786,137.1656549196632,132212.25385665894,XLF,10070
2013-09-12,131372.0136583071,137.1656549196632,131234.84800338745,XLF,10070
2013-09-13,131368.76175807003,142.8857204723754,131225.87603759766,XLY,2509
2013-09-16,131957.2393314648,142.8857204723754,131814.35361099243,XLY,2509
2013-09-17,132720.03490183834,142.8857204723754,132577.14918136597,XLY,2509
2013-09-18,134245.6930401135,142.8857204723754,134102.8073196411,XLY,2509
2013-09-19,134202.06807826046,142.8857204723754,134059.1823577881,XLY,2509
2013-09-20,133393.30263255123,142.8857204723754,133250.41691207886,XLY,2509
2013-09-23,132365.95296595577,142.8857204723754,132223.0672454834,XLY,2509
2013-09-24,132715.69920466427,142.8857204723754,132572.8134841919,XLY,2509
2013-09-25,131906.90504572872,142.8857204723754,131764.01932525635,XLY,2509
2013-09-26,133152.87721751217,142.8857204723754,133009.9914970398,XLY,2509
2013-09-27,133174.72798274044,142.8857204723754,133031.84226226807,XLY,2509
2013-09-30,132671.99767420773,142.8857204723754,132529.11195373535,XLY,2509
2013-10-01,133743.04887125973,142.8857204723754,133600.16315078735,XLY,2509
2013-10-02,133699.33776972775,142.8857204723754,133556.45204925537,XLY,2509
2013-10-03,132191.10855982784,142.8857204723754,132048.22283935547,XLY,2509
2013-10-04,133437.02330515865,142.8857204723754,133294.13758468628,XLY,2509
2013-10-07,131557.1779491711,142.8857204723754,131414.29222869873,XLY,2509
2013-10-08,129480.60870860104,142.8857204723754,129337.72298812866,XLY,2509
2013-10-09,128890.44662592892,142.8857204723754,128747.56090545654,XLY,2509
2013-10-10,131885.05428050045,142.8857204723754,131742.16856002808,XLY,2509
2013-10-11,132623.69111278348,146.75817516140523,132476.93293762207,XLB,3966
2013-10-14,133090.71097209744,146.75817516140523,132943.95279693604,XLB,3966
2013-10-15,132281.1534006863,146.75817516140523,132134.3952255249,XLB,3966
2013-10-16,133619.91138866238,146.75817516140523,133473.15321350098,XLB,3966
2013-10-17,135363.4179041653,146.75817516140523,135216.6597290039,XLB,3966
2013-10-18,135768.21181896023,146.75817516140523,135621.45364379883,XLB,3966
2013-10-21,135737.06102397732,146.75817516140523,135590.30284881592,XLB,3966
2013-10-22,137698.5323298245,146.75817516140523,137551.7741546631,XLB,3966
2013-10-23,136795.7039225369,146.75817516140523,136648.9457473755,XLB,3966
2013-10-24,137480.6885721951,146.75817516140523,137333.9303970337,XLB,3966
2013-10-25,137885.34632518582,146.75817516140523,137738.5881500244,XLB,3966
2013-10-28,137200.39193370633,146.75817516140523,137053.63375854492,XLB,3966
2013-10-29,137480.6885721951,146.75817516140523,137333.9303970337,XLB,3966
2013-10-30,136639.98020580105,146.75817516140523,136493.22203063965,XLB,3966
2013-10-31,136422.03054454617,146.75817516140523,136275.27236938477,XLB,3966
2013-11-01,136110.65875652127,146.75817516140523,135963.90058135986,XLB,3966
2013-11-04,136671.0553553372,146.75817516140523,136524.29718017578,XLB,3966
2013-11-05,136079.55334880642,146.75817516140523,135932.79517364502,XLB,3966
2013-11-06,137013.6081965237,146.75817516140523,136866.8500213623,XLB,3966
2013-11-07,135207.80009105496,146.75817516140523,135061.04191589355,XLB,3966
2013-11-08,137729.6831248074,146.75817516140523,137582.924949646,XLB,3966
2013-11-11,137667.39666393094,146.75817516140523,137520.63848876953,XLB,3966
2013-11-12,137231.49734142117,146.75817516140523,137084.73916625977,XLB,3966
2013-11-13,137978.76845195584,146.75817516140523,137832.01027679443,XLB,3966
2013-11-14,139130.69731548123,146.75817516140523,138983.93914031982,XLB,3966
2013-11-15,140033.67701366238,146.75817516140523,139886.91883850098,XLB,3966
2013-11-18,139161.87836864285,146.75817516140523,139015.12019348145,XLB,3966
2013-11-19,138725.96391704373,146.75817516140523,138579.20574188232,XLB,3966
2013-11-20,137605.18584850125,146.75817516140523,137458.42767333984,XLB,3966
2013-11-21,138725.96391704373,146.75817516140523,138579.20574188232,XLB,3966
2013-11-22,139024.84996035197,163.99452211955213,138860.85543823242,XLI,3434
2013-11-25,138721.5139923344,163.99452211955213,138557.51947021484,XLI,3434
2013-11-26,138997.34065249065,163.99452211955213,138833.3461303711,XLI,3434
2013-11-27,139548.90227511027,163.99452211955213,139384.90775299072,XLI,3434
2013-11-29,139162.80258944133,163.99452211955213,138998.80806732178,XLI,3434
2013-12-02,138583.6268615971,163.99452211955213,138419.63233947754,XLI,3434
2013-12-03,137397.72679903606,163.99452211955213,137233.7322769165,XLI,3434
2013-12-04,136846.1127777348,163.99452211955213,136682.11825561523,XLI,3434
2013-12-05,136901.27548983195,163.99452211955213,136737.2809677124,XLI,3434
2013-12-06,138997.34065249065,163.99452211955213,138833.3461303711,XLI,3434
2013-12-09,139355.82623293498,163.99452211955213,139191.83171081543,XLI,3434
2013-12-10,139052.477165247,163.99452211955213,138888.48264312744,XLI,3434
2013-12-11,136873.713783289,163.99452211955213,136709.71926116943,XLI,3434
2013-12-12,137011.58781435588,163.99452211955213,136847.59329223633,XLI,3434
2013-12-13,137425.31470491985,163.99452211955213,137261.3201828003,XLI,3434
2013-12-16,138721.5139923344,163.99452211955213,138557.51947021484,XLI,3434
2013-12-17,138666.36437990764,163.99452211955213,138502.3698577881,XLI,3434
2013-12-18,140983.04109194377,163.99452211955213,140819.04656982422,XLI,3434
2013-12-19,141120.86272432902,163.99452211955213,140956.86820220947,XLI,3434
2013-12-20,142254.5867996464,163.99452211955213,142090.59227752686,XLI,3434
2013-12-23,142809.01725008586,163.99452211955213,142645.0227279663,XLI,3434
2013-12-24,143474.27091219524,163.99452211955213,143310.27639007568,XLI,3434
2013-12-26,144472.17760470012,163.99452211955213,144308.18308258057,XLI,3434
2013-12-27,144305.86418917277,163.99452211955213,144141.86966705322,XLI,3434
2013-12-30,144167.2565765629,163.99452211955213,144003.26205444336,XLI,3434
2013-12-31,145026.59495546916,163.99452211955213,144862.6004333496,XLI,3434
2014-01-02,143003.01026918986,163.99452211955213,142839.0157470703,XLI,3434
2014-01-03,143391.14040377238,163.99452211955213,143227.14588165283,XLI,3434
2014-01-06,142559.52092745402,163.99452211955213,142395.52640533447,XLI,3434
2014-01-07,143446.57820894817,163.99452211955213,143282.5836868286,XLI,3434
2014-01-08,143197.06878664592,163.99452211955213,143033.07426452637,XLI,3434
2014-01-09,143890.08065035442,163.99452211955213,143726.08612823486,XLI,3434
2014-01-10,144111.80567171672,163.99452211955213,143947.81114959717,XLI,3434
2014-01-13,142365.5017090092,163.99452211955213,142201.50718688965,XLI,3434
2014-01-14,143862.40104677776,163.99452211955213,143698.4065246582,XLI,3434
2014-01-15,144888.01354220012,163.99452211955213,144724.01902008057,XLI,3434
2014-01-16,144527.65470888713,163.99452211955213,144363.66018676758,XLI,3434
2014-01-17,143806.96324160197,163.99452211955213,143642.96871948242,XLI,3434
2014-01-21,143945.5184555302,163.99452211955213,143781.52393341064,XLI,3434
2014-01-22,144389.02089693645,163.99452211955213,144225.0263748169,XLI,3434
2014-01-23,142670.3965378056,163.99452211955213,142506.40201568604,XLI,3434
2014-01-24,138235.28042605022,163.99452211955213,138071.28590393066,XLI,3434
2014-01-27,138373.86183931926,163.99452211955213,138209.8673171997,XLI,3434
2014-01-28,139676.71575930217,163.99452211955213,139512.72123718262,XLI,3434
2014-01-29,138179.88191988567,163.99452211955213,138015.8873977661,XLI,3434
2014-01-30,139538.13434603313,163.99452211955213,139374.13982391357,XLI,3434
2014-01-31,138845.14868166545,163.99452211955213,138681.1541595459,XLI,3434
2014-02-03,134992.07712557414,163.99452211955213,134828.0826034546,XLI,3434
2014-02-04,135851.37620546916,163.99452211955213,135687.3816833496,XLI,3434
2014-02-05,135795.93840029338,163.99452211955213,135631.94387817383,XLI,3434
2014-02-06,137680.9154739628,163.99452211955213,137516.92095184326,XLI,3434
2014-02-07,140064.81969454387,163.99452211955213,139900.82517242432,XLI,3434
2014-02-10,139177.77551272014,163.99452211955213,139013.7809906006,XLI,3434
2014-02-11,140730.034057642,163.99452211955213,140566.03953552246,XLI,3434
2014-02-12,141533.90843203166,163.99452211955213,141369.9139099121,XLI,3434
2014-02-13,141644.79714205363,163.99452211955213,141480.80261993408,XLI,3434
2014-02-14,142133.01142422488,188.86901013186434,141944.14241409302,XLV,2951
2014-02-18,143449.81907574466,188.86901013186434,143260.9500656128,XLV,2951
2014-02-19,142571.95106045535,188.86901013186434,142383.0820503235,XLV,2951
2014-02-20,143864.3419067078,188.86901013186434,143675.47289657593,XLV,2951
2014-02-21,143596.16230694583,188.86901013186434,143407.29329681396,XLV,2951
2014-02-24,144669.06082073977,188.86901013186434,144480.1918106079,XLV,2951
2014-02-25,144303.27028576663,188.86901013186434,144114.40127563477,XLV,2951
2014-02-26,144303.27028576663,188.86901013186434,144114.40127563477,XLV,2951
2014-02-27,145132.39474789432,188.86901013186434,144943.52573776245,XLV,2951
2014-02-28,145132.39474789432,188.86901013186434,144943.52573776245,XLV,2951
2014-03-03,144059.40617672732,188.86901013186434,143870.53716659546,XLV,2951
2014-03-04,146790.50858609012,188.86901013186434,146601.63957595825,XLV,2951
2014-03-05,146424.77433697513,188.86901013186434,146235.90532684326,XLV,2951
2014-03-06,145522.51203076175,188.86901013186434,145333.64302062988,XLV,2951
2014-03-07,145156.77778164676,188.86901013186434,144967.9087715149,XLV,2951
2014-03-10,145766.36488262942,188.86901013186434,145577.49587249756,XLV,2951
2014-03-11,145473.7572204285,188.86901013186434,145284.88821029663,XLV,2951
2014-03-12,145449.36292950442,188.86901013186434,145260.49391937256,XLV,2951
2014-03-13,143474.2021094971,188.86901013186434,143285.33309936523,XLV,2951
2014-03-14,142693.90000073245,188.86901013186434,142505.0309906006,XLV,2951
2014-03-17,144083.84549633792,188.86901013186434,143894.97648620605,XLV,2951
2014-03-18,145620.05542294314,188.86901013186434,145431.18641281128,XLV,2951
2014-03-19,145181.1270438843,188.86901013186434,144992.25803375244,XLV,2951
2014-03-20,145181.1270438843,188.86901013186434,144992.25803375244,XLV,2951
2014-03-21,142550.6975204163,188.86901013186434,142361.82851028442,XLV,2951
2014-03-24,140960.20551220706,188.86901013186434,140771.3365020752,XLV,2951
2014-03-25,142208.14178768924,188.86901013186434,142019.27277755737,XLV,2951
2014-03-26,142257.0879699402,188.86901013186434,142068.21895980835,XLV,2951
2014-03-27,141938.96029965213,188.86901013186434,141750.09128952026,XLV,2951
2014-03-28,141400.64235226443,188.86901013186434,141211.77334213257,XLV,2951
2014-03-31,143309.25077359012,188.86901013186434,143120.38176345825,XLV,2951
2014-04-01,144214.56377331546,188.86901013186434,144025.6947631836,XLV,2951
2014-04-02,144850.83037106326,188.86901013186434,144661.9613609314,XLV,2951
2014-04-03,144532.69144360354,188.86901013186434,144343.82243347168,XLV,2951
2014-04-04,142134.72251431277,188.86901013186434,141945.8535041809,XLV,2951
2014-04-07,140715.49711529544,188.86901013186434,140526.62810516357,XLV,2951
2014-04-08,139565.4532043152,188.86901013186434,139376.58419418335,XLV,2951
2014-04-09,142550.6975204163,188.86901013186434,142361.82851028442,XLV,2951
2014-04-10,137803.68332974246,188.86901013186434,137614.8143196106,XLV,2951
2014-04-11,136098.34880619432,144.87755375291454,135953.4712524414,VNQ,3056
2014-04-14,136908.629934124,144.87755375291454,136763.7523803711,VNQ,3056
2014-04-15,138529.15721683885,144.87755375291454,138384.27966308594,VNQ,3056
2014-04-16,139416.63573246385,144.87755375291454,139271.75817871094,VNQ,3056
2014-04-17,138606.2613428154,144.87755375291454,138461.3837890625,VNQ,3056
2014-04-21,139397.27226810838,144.87755375291454,139252.39471435547,VNQ,3056
2014-04-22,139705.99187260057,144.87755375291454,139561.11431884766,VNQ,3056
2014-04-23,139146.4798486748,144.87755375291454,139001.60229492188,VNQ,3056
2014-04-24,139725.30870609666,144.87755375291454,139580.43115234375,VNQ,3056
2014-04-25,138768.5912424374,142.83202231410542,138625.7592201233,XLU,4675
2014-04-28,139443.83791029933,142.83202231410542,139301.00588798523,XLU,4675
2014-04-29,138865.08944571498,142.83202231410542,138722.25742340088,XLU,4675
2014-04-30,139090.15977919582,142.83202231410542,138947.3277568817,XLU,4675
2014-05-01,139669.0063291836,142.83202231410542,139526.1743068695,XLU,4675
2014-05-02,136807.07934439662,142.83202231410542,136664.24732208252,XLU,4675
2014-05-05,138029.02730048183,142.83202231410542,137886.19527816772,XLU,4675
2014-05-06,137353.65579665187,142.83202231410542,137210.82377433777,XLU,4675
2014-05-07,139572.48137534145,142.83202231410542,139429.64935302734,XLU,4675
2014-05-08,138061.1636453915,142.83202231410542,137918.3316230774,XLU,4675
2014-05-09,136035.30772269252,142.83202231410542,135892.47570037842,XLU,4675
2014-05-12,134781.25017226223,142.83202231410542,134638.41814994812,XLU,4675
2014-05-13,135102.75629103664,142.83202231410542,134959.92426872253,XLU,4675
2014-05-14,135778.02970946315,142.83202231410542,135635.19768714905,XLU,4675
2014-05-15,135231.39975607875,142.83202231410542,135088.56773376465,XLU,4675
2014-05-16,135649.4129949856,142.83202231410542,135506.5809726715,XLU,4675
2014-05-19,133559.25763190273,142.83202231410542,133416.42560958862,XLU,4675
2014-05-20,133559.25763190273,142.83202231410542,133416.42560958862,XLU,4675
2014-05-21,133655.71125090602,142.83202231410542,133512.87922859192,XLU,4675
2014-05-22,134749.02465880397,142.83202231410542,134606.19263648987,XLU,4675
2014-05-23,134427.45612204555,142.83202231410542,134284.62409973145,XLU,4675
2014-05-27,135488.63318503383,142.83202231410542,135345.80116271973,XLU,4675
2014-05-28,136292.55006850246,142.83202231410542,136149.71804618835,XLU,4675
2014-05-29,136678.40021193508,142.83202231410542,136535.56818962097,XLU,4675
2014-05-30,137167.22900632574,194.5437531824282,136972.6852531433,XLE,2239
2014-06-02,136994.818216836,194.5437531824282,136800.27446365356,XLE,2239
2014-06-03,137469.02902845098,194.5437531824282,137274.48527526855,XLE,2239
2014-06-04,137397.19831708624,194.5437531824282,137202.6545639038,XLE,2239
2014-06-05,138187.6265397425,194.5437531824282,137993.08278656006,XLE,2239
2014-06-06,139322.90196469976,194.5437531824282,139128.35821151733,XLE,2239
2014-06-09,139538.53929761602,194.5437531824282,139343.9955444336,XLE,2239
2014-06-10,139308.56998685552,194.5437531824282,139114.0262336731,XLE,2239
2014-06-11,139840.29661420538,194.5437531824282,139645.75286102295,XLE,2239
2014-06-12,140300.20961240484,194.5437531824282,140105.6658592224,XLE,2239
2014-06-13,141636.71352246954,194.5437531824282,141442.1697692871,XLE,2239
2014-06-16,142484.62339643194,194.5437531824282,142290.0796432495,XLE,2239
2014-06-17,142384.03477719976,194.5437531824282,142189.49102401733,XLE,2239
2014-06-18,143461.90542081548,194.5437531824282,143267.36166763306,XLE,2239
2014-06-19,144482.25170758917,194.5437531824282,144287.70795440674,XLE,2239
2014-06-20,145917.37978223516,194.5437531824282,145722.83602905273,XLE,2239
2014-06-23,146437.1061540003,194.5437531824282,146242.56240081787,XLE,2239
2014-06-24,143361.8548913355,194.5437531824282,143167.31113815308,XLE,2239
2014-06-25,144444.6879182215,194.5437531824282,144250.14416503906,XLE,2239
2014-06-26,144603.48418286993,194.5437531824282,144408.9404296875,XLE,2239
2014-06-27,144603.48418286993,194.5437531824282,144408.9404296875,XLE,2239
2014-06-30,144719.01119855596,194.5437531824282,144524.46744537354,XLE,2239
2014-07-01,144805.60094312383,194.5437531824282,144611.0571899414,XLE,2239
2014-07-02,144589.11804059698,194.5437531824282,144394.57428741455,XLE,2239
2014-07-03,145137.74751905157,194.5437531824282,144943.20376586914,XLE,2239
2014-07-07,144025.9857621546,194.5437531824282,143831.44200897217,XLE,2239
2014-07-08,143794.9829774256,194.5437531824282,143600.43922424316,XLE,2239
2014-07-09,144747.8801408167,194.5437531824282,144553.33638763428,XLE,2239
2014-07-10,143361.8548913355,194.5437531824282,143167.31113815308,XLE,2239
2014-07-11,142264.57885221197,194.5437531824282,142070.03509902954,XLE,2239
2014-07-14,143491.80783704473,194.5437531824282,143297.2640838623,XLE,2239
2014-07-15,142870.97183850958,194.5437531824282,142676.42808532715,XLE,2239
2014-07-16,145036.6208100672,194.5437531824282,144842.07705688477,XLE,2239
2014-07-17,142697.655691659,194.5437531824282,142503.11193847656,XLE,2239
2014-07-18,143116.37492994024,194.5437531824282,142921.8311767578,XLE,2239
2014-07-21,143332.98594907476,194.5437531824282,143138.44219589233,XLE,2239
2014-07-22,144358.04692701055,194.5437531824282,144163.50317382812,XLE,2239
2014-07-23,145282.07514814092,194.5437531824282,145087.5313949585,XLE,2239
2014-07-24,145412.07079938604,194.5437531824282,145217.5270462036,XLE,2239
2014-07-25,144343.6807847376,194.5437531824282,144149.13703155518,XLE,2239
2014-07-28,143997.11681989385,194.5437531824282,143802.57306671143,XLE,2239
2014-07-29,143636.18671277715,194.5437531824282,143441.64295959473,XLE,2239
2014-07-30,142784.27960065557,194.5437531824282,142589.73584747314,XLE,2239
2014-07-31,139709.07104352667,194.5437531824282,139514.52729034424,XLE,2239
2014-08-01,138582.8833566065,194.5437531824282,138388.33960342407,XLE,2239
2014-08-04,140907.3456750269,194.5437531824282,140712.80192184448,XLE,2239
2014-08-05,137832.1029534693,194.5437531824282,137637.55920028687,XLE,2239
2014-08-06,138236.34501508428,194.5437531824282,138041.80126190186,XLE,2239
2014-08-07,137370.08030179693,194.5437531824282,137175.5365486145,XLE,2239
2014-08-08,139665.75908902838,194.5437531824282,139471.21533584595,XLE,2239
2014-08-11,139680.15085462286,194.5437531824282,139485.60710144043,XLE,2239
2014-08-12,138655.08987668707,194.5437531824282,138460.54612350464,XLE,2239
2014-08-13,139102.61826947881,194.5437531824282,138908.0745162964,XLE,2239
2014-08-14,138308.57715848638,194.5437531824282,138114.03340530396,XLE,2239
2014-08-15,138916.8241354933,157.17577810195507,138759.64835739136,XLK,4057
2014-08-18,140223.559345912,157.17577810195507,140066.38356781006,XLK,4057
2014-08-19,141106.46260900405,157.17577810195507,140949.2868309021,XLK,4057
2014-08-20,141106.46260900405,157.17577810195507,140949.2868309021,XLK,4057
2014-08-21,141777.43442220596,157.17577810195507,141620.258644104,XLK,4057
2014-08-22,141812.76664800552,157.17577810195507,141655.59086990356,XLK,4057
2014-08-25,141954.00269384292,157.17577810195507,141796.82691574097,XLK,4057
2014-08-26,142024.65166921524,157.17577810195507,141867.47589111328,XLK,4057
2014-08-27,141989.3658720961,157.17577810195507,141832.19009399414,XLK,4057
2014-08-28,141777.43442220596,157.17577810195507,141620.258644104,XLK,4057
2014-08-29,142413.16686696914,157.17577810195507,142255.9910888672,XLK,4057
2014-09-02,142448.42171163467,157.17577810195507,142291.24593353271,XLK,4057
2014-09-03,141671.4686972609,157.17577810195507,141514.29291915894,XLK,4057
2014-09-04,141600.866150569,157.17577810195507,141443.69037246704,XLK,4057
2014-09-05,142448.42171163467,157.17577810195507,142291.24593353271,XLK,4057
2014-09-08,142660.38411397842,157.17577810195507,142503.20833587646,XLK,4057
2014-09-09,141636.10551900772,157.17577810195507,141478.92974090576,XLK,4057
2014-09-10,142483.80036611465,157.17577810195507,142326.6245880127,XLK,4057
2014-09-11,142801.60468358902,157.17577810195507,142644.42890548706,XLK,4057
2014-09-12,142201.2508933058,157.17577810195507,142044.07511520386,XLK,4057
2014-09-15,141353.6334273329,157.17577810195507,141196.45764923096,XLK,4057
2014-09-16,142413.16686696914,157.17577810195507,142255.9910888672,XLK,4057
2014-09-17,142695.63895864395,157.17577810195507,142538.463180542,XLK,4057
2014-09-18,143543.27190084365,157.17577810195507,143386.0961227417,XLK,4057
2014-09-19,143238.23547048477,157.17577810195507,143081.0596923828,XLK,4057
2014-09-22,142280.56655568985,157.17577810195507,142123.3907775879,XLK,4057
2014-09-23,141961.36937780288,157.17577810195507,141804.19359970093,XLK,4057
2014-09-24,142883.55130453018,157.17577810195507,142726.37552642822,XLK,4057
2014-09-25,139762.3368346205,157.17577810195507,139605.16105651855,XLK,4057
2014-09-26,140864.65482318404,147.36792743208935,140717.28689575195,XLV,2616
2014-09-29,140558.79087054732,147.36792743208935,140411.42294311523,XLV,2616
2014-09-30,139794.01123797896,147.36792743208935,139646.64331054688,XLV,2616
2014-10-01,138330.0156325102,147.36792743208935,138182.64770507812,XLV,2616
2014-10-02,138045.95633685592,147.36792743208935,137898.58840942383,XLV,2616
2014-10-03,140886.5293349028,147.36792743208935,140739.1614074707,XLV,2616
2014-10-06,140231.0224684477,147.36792743208935,140083.65454101562,XLV,2616
2014-10-07,138002.2272719145,147.36792743208935,137854.85934448242,XLV,2616
2014-10-08,141520.2016066313,147.36792743208935,141372.83367919922,XLV,2616
2014-10-09,138592.2303541899,147.36792743208935,138444.8624267578,XLV,2616
2014-10-10,137740.04248797896,147.36792743208935,137592.67456054688,XLV,2616
2014-10-13,134484.32279193404,147.36792743208935,134336.95486450195,XLV,2616
2014-10-14,133479.1730116606,147.36792743208935,133331.80508422852,XLV,2616
2014-10-15,132386.68485248092,147.36792743208935,132239.31692504883,XLV,2616
2014-10-16,131709.32343280318,147.36792743208935,131561.9555053711,XLV,2616
2014-10-17,133806.93143451217,147.36792743208935,133659.56350708008,XLV,2616
2014-10-20,135423.86899554732,147.36792743208935,135276.50106811523,XLV,2616
2014-10-21,139007.37705218795,147.36792743208935,138860.00912475586,XLV,2616
2014-10-22,138308.16107928756,147.36792743208935,138160.79315185547,XLV,2616
2014-10-23,140668.03369891646,147.36792743208935,140520.66577148438,XLV,2616
2014-10-24,142634.5942152739,147.36792743208935,142487.2262878418,XLV,2616
2014-10-27,142787.4962538481,147.36792743208935,142640.12832641602,XLV,2616
2014-10-28,143836.37509906295,147.36792743208935,143689.00717163086,XLV,2616
2014-10-29,143901.89884173873,147.36792743208935,143754.53091430664,XLV,2616
2014-10-30,146545.79084002975,147.36792743208935,146398.42291259766,XLV,2616
2014-10-31,147135.75400531295,147.36792743208935,146988.38607788086,XLV,2616
2014-11-03,147310.550514102,147.36792743208935,147163.18258666992,XLV,2616
2014-11-04,147332.4549635649,147.36792743208935,147185.0870361328,XLV,2616
2014-11-05,147179.4930495024,147.36792743208935,147032.1251220703,XLV,2616
2014-11-06,148075.33014667037,147.36792743208935,147927.96221923828,XLV,2616
2014-11-07,146611.36447894576,147.36792743208935,146463.99655151367,XLV,2616
2014-11-10,148097.16474139693,147.36792743208935,147949.79681396484,XLV,2616
2014-11-11,148643.458717227,147.36792743208935,148496.09078979492,XLV,2616
2014-11-12,148424.9231642485,147.36792743208935,148277.5552368164,XLV,2616
2014-11-13,148315.68033587935,147.36792743208935,148168.31240844727,XLV,2616
2014-11-14,146651.86759443095,158.2939803104673,146493.57361412048,XLU,4657
2014-11-17,148575.10250158122,158.2939803104673,148416.80852127075,XLU,4657
2014-11-18,148998.86100644877,158.2939803104673,148840.5670261383,XLU,4657
2014-11-19,148868.45669240764,158.2939803104673,148710.16271209717,XLU,4657
2014-11-20,148542.45034856608,158.2939803104673,148384.15636825562,XLU,4657
2014-11-21,149129.29196805766,158.2939803104673,148970.9979877472,XLU,4657
2014-11-24,147890.5353686314,158.2939803104673,147732.24138832092,XLU,4657
2014-11-25,147890.5353686314,158.2939803104673,147732.24138832092,XLU,4657
2014-11-26,148542.45034856608,158.2939803104673,148384.15636825562,XLU,4657
2014-11-28,150107.17776174357,158.2939803104673,149948.8837814331,XLU,4657
2014-12-01,150400.56748266032,158.2939803104673,150242.27350234985,XLU,4657
2014-12-02,151411.0965468388,158.2939803104673,151252.80256652832,XLU,4657
2014-12-03,150987.36468953898,158.2939803104673,150829.07070922852,XLU,4657
2014-12-04,150856.8804327946,158.2939803104673,150698.58645248413,XLU,4657
2014-12-05,149683.39260930827,158.2939803104673,149525.0986289978,XLU,4657
2014-12-08,150889.5503508549,158.2939803104673,150731.25637054443,XLU,4657
2014-12-09,151639.2707869511,158.2939803104673,151480.97680664062,XLU,4657
2014-12-10,149748.55479497722,158.2939803104673,149590.26081466675,XLU,4657
2014-12-11,151248.13778753093,158.2939803104673,151089.84380722046,XLU,4657
2014-12-12,149589.30479973604,149589.30479973604,0.0,TLT,0
2014-12-15,149589.30479973604,149589.30479973604,0.0,TLT,0
2014-12-16,149589.30479973604,149589.30479973604,0.0,TLT,0
2014-12-17,149589.30479973604,149589.30479973604,0.0,TLT,0
2014-12-18,149589.30479973604,149589.30479973604,0.0,TLT,0
2014-12-19,149589.30479973604,149589.30479973604,0.0,TLT,0
2014-12-22,149589.30479973604,149589.30479973604,0.0,TLT,0
2014-12-23,149589.30479973604,149589.30479973604,0.0,TLT,0
2014-12-24,149589.30479973604,149589.30479973604,0.0,TLT,0
2014-12-26,149589.30479973604,149589.30479973604,0.0,TLT,0
2014-12-29,149589.30479973604,149589.30479973604,0.0,TLT,0
2014-12-30,149589.30479973604,149589.30479973604,0.0,TLT,0
2014-12-31,149589.30479973604,149589.30479973604,0.0,TLT,0
2015-01-02,149589.30479973604,149589.30479973604,0.0,TLT,0
2015-01-05,149589.30479973604,149589.30479973604,0.0,TLT,0
2015-01-06,149589.30479973604,149589.30479973604,0.0,TLT,0
2015-01-07,149589.30479973604,149589.30479973604,0.0,TLT,0
2015-01-08,149589.30479973604,149589.30479973604,0.0,TLT,0
2015-01-09,149589.30479973604,149589.30479973604,0.0,TLT,0
2015-01-12,149589.30479973604,149589.30479973604,0.0,TLT,0
2015-01-13,149589.30479973604,149589.30479973604,0.0,TLT,0
2015-01-14,149589.30479973604,149589.30479973604,0.0,TLT,0
2015-01-15,149589.30479973604,149589.30479973604,0.0,TLT,0
2015-01-16,149589.30479973604,149589.30479973604,0.0,TLT,0
2015-01-20,149589.30479973604,149589.30479973604,0.0,TLT,0
2015-01-21,149589.30479973604,149589.30479973604,0.0,TLT,0
2015-01-22,149589.30479973604,149589.30479973604,0.0,TLT,0
2015-01-23,149589.30479973604,149589.30479973604,0.0,TLT,0
2015-01-26,149589.30479973604,149589.30479973604,0.0,TLT,0
2015-01-27,149589.30479973604,149589.30479973604,0.0,TLT,0
2015-01-28,149589.30479973604,149589.30479973604,0.0,TLT,0
2015-01-29,149589.30479973604,149589.30479973604,0.0,TLT,0
2015-01-30,149589.30479973604,149589.30479973604,0.0,TLT,0
2015-02-02,149589.30479973604,149589.30479973604,0.0,TLT,0
2015-02-03,149589.30479973604,149589.30479973604,0.0,TLT,0
2015-02-04,149589.30479973604,149589.30479973604,0.0,TLT,0
2015-02-05,149589.30479973604,149589.30479973604,0.0,TLT,0
2015-02-06,149589.30479973604,149589.30479973604,0.0,TLT,0
2015-02-09,149589.30479973604,149589.30479973604,0.0,TLT,0
2015-02-10,149589.30479973604,149589.30479973604,0.0,TLT,0
2015-02-11,149589.30479973604,149589.30479973604,0.0,TLT,0
2015-02-12,149589.30479973604,149589.30479973604,0.0,TLT,0
2015-02-13,149589.30479973604,149589.30479973604,0.0,TLT,0
2015-02-17,149589.30479973604,149589.30479973604,0.0,TLT,0
2015-02-18,149589.30479973604,149589.30479973604,0.0,TLT,0
2015-02-19,149589.30479973604,149589.30479973604,0.0,TLT,0
2015-02-20,149365.55965890695,202.13243951607728,149163.42721939087,XLV,2465
2015-02-23,150047.5194214802,202.13243951607728,149845.3869819641,XLV,2465
2015-02-24,149861.53295984078,202.13243951607728,149659.4005203247,XLV,2465
2015-02-25,149799.5280693989,202.13243951607728,149597.3956298828,XLV,2465
2015-02-26,150212.87519922067,202.13243951607728,150010.7427597046,XLV,2465
2015-02-27,149489.55063333322,202.13243951607728,149287.41819381714,XLV,2465
2015-03-02,150832.78305520822,202.13243951607728,150630.65061569214,XLV,2465
2015-03-03,149468.891739748,202.13243951607728,149266.75930023193,XLV,2465
2015-03-04,150192.1598862629,202.13243951607728,149990.02744674683,XLV,2465
2015-03-05,150729.46978082467,202.13243951607728,150527.3373413086,XLV,2465
2015-03-06,147774.33588495065,202.13243951607728,147572.20344543457,XLV,2465
2015-03-09,148683.56228341867,202.13243951607728,148481.4298439026,XLV,2465
2015-03-10,147030.34302224923,202.13243951607728,146828.21058273315,XLV,2465
2015-03-11,146947.65102853585,202.13243951607728,146745.51858901978,XLV,2465
2015-03-12,148890.18883218576,202.13243951607728,148688.05639266968,XLV,2465
2015-03-13,148600.91730584909,202.13243951607728,148398.784866333,XLV,2465
2015-03-16,151886.72514428903,202.13243951607728,151684.59270477295,XLV,2465
2015-03-17,151452.80374994088,202.13243951607728,151250.6713104248,XLV,2465
2015-03-18,153416.00985040475,202.13243951607728,153213.87741088867,XLV,2465
2015-03-19,154304.58675851632,202.13243951607728,154102.45431900024,XLV,2465
2015-03-20,155419.4617699604,202.13243951607728,155217.32933044434,XLV,2465
2015-03-23,154984.3179558735,202.13243951607728,154782.18551635742,XLV,2465
2015-03-24,153637.33364572335,202.13243951607728,153435.20120620728,XLV,2465
2015-03-25,150839.67562188912,202.13243951607728,150637.54318237305,XLV,2465
2015-03-26,150487.32723703195,202.13243951607728,150285.19479751587,XLV,2465
2015-03-27,151564.94665612985,202.13243951607728,151362.81421661377,XLV,2465
2015-03-30,153098.48162164498,202.13243951607728,152896.3491821289,XLV,2465
2015-03-31,150445.90601434518,202.13243951607728,150243.7735748291,XLV,2465
2015-04-01,148933.07695855905,202.13243951607728,148730.94451904297,XLV,2465
2015-04-02,149388.98310174752,202.13243951607728,149186.85066223145,XLV,2465
2015-04-06,149617.03020562936,202.13243951607728,149414.89776611328,XLV,2465
2015-04-07,149969.28455819894,202.13243951607728,149767.15211868286,XLV,2465
2015-04-08,151233.40761651803,202.13243951607728,151031.27517700195,XLV,2465
2015-04-09,152373.21058740426,202.13243951607728,152171.07814788818,XLV,2465
2015-04-10,153678.71725549508,202.13243951607728,153476.584815979,XLV,2465
2015-04-13,152849.8320435505,202.13243951607728,152647.69960403442,XLV,2465
2015-04-14,153098.48162164498,202.13243951607728,152896.3491821289,XLV,2465
2015-04-15,153492.24182596017,202.13243951607728,153290.1093864441,XLV,2465
2015-04-16,153409.30534829904,202.13243951607728,153207.17290878296,XLV,2465
2015-04-17,152083.01754464913,202.13243951607728,151880.88510513306,XLV,2465
2015-04-20,153015.5827568989,202.13243951607728,152813.4503173828,XLV,2465
2015-04-21,154031.06564035226,202.13243951607728,153828.93320083618,XLV,2465
2015-04-22,154279.7716378193,202.13243951607728,154077.63919830322,XLV,2465
2015-04-23,154859.94144906808,202.13243951607728,154657.809009552,XLV,2465
2015-04-24,154362.6422928791,202.13243951607728,154160.50985336304,XLV,2465
2015-04-27,151564.94665612985,202.13243951607728,151362.81421661377,XLV,2465
2015-04-28,152311.02703561593,202.13243951607728,152108.89459609985,XLV,2465
2015-04-29,150922.61209955026,202.13243951607728,150720.47966003418,XLV,2465
2015-04-30,148808.74746789742,202.13243951607728,148606.61502838135,XLV,2465
2015-05-01,150818.96971216012,202.13243951607728,150616.83727264404,XLV,2465
2015-05-04,151772.18441476632,202.13243951607728,151570.05197525024,XLV,2465
2015-05-05,149865.67038049508,202.13243951607728,149663.537940979,XLV,2465
2015-05-06,149285.42534341622,202.13243951607728,149083.29290390015,XLV,2465
2015-05-07,149989.99046792794,202.13243951607728,149787.85802841187,XLV,2465
2015-05-08,152414.60360040475,202.13243951607728,152212.47116088867,XLV,2465
2015-05-11,152497.5588845234,202.13243951607728,152295.42644500732,XLV,2465
2015-05-12,151523.48782052804,202.13243951607728,151321.35538101196,XLV,2465
2015-05-13,151689.30435647775,202.13243951607728,151487.17191696167,XLV,2465
2015-05-14,153782.3408364277,202.13243951607728,153580.20839691162,XLV,2465
2015-05-15,154093.14575662423,202.13243951607728,153891.01331710815,XLV,2465
2015-05-18,155004.98625268746,202.13243951607728,154802.8538131714,XLV,2465
2015-05-19,155730.3701256733,202.13243951607728,155528.23768615723,XLV,2465
2015-05-20,155937.59848108102,202.13243951607728,155735.46604156494,XLV,2465
2015-05-21,155958.3326004963,202.13243951607728,155756.20016098022,XLV,2465
2015-05-22,155585.29711236764,202.13243951607728,155383.16467285156,XLV,2465
2015-05-26,154010.32211770822,202.13243951607728,153808.18967819214,XLV,2465
2015-05-27,155792.5160645466,202.13243951607728,155590.38362503052,XLV,2465
2015-05-28,155896.11143579293,202.13243951607728,155693.97899627686,XLV,2465
2015-05-29,155502.4076508503,202.13243951607728,155300.27521133423,XLV,2465
2015-06-01,156124.12092675973,202.13243951607728,155921.98848724365,XLV,2465
2015-06-02,155108.61923684884,202.13243951607728,154906.48679733276,XLV,2465
2015-06-03,155398.71824731637,202.13243951607728,155196.5858078003,XLV,2465
2015-06-04,154321.1364411335,202.13243951607728,154119.00400161743,XLV,2465
2015-06-05,154259.0657280903,202.13243951607728,154056.93328857422,XLV,2465
2015-06-08,153492.24182596017,202.13243951607728,153290.1093864441,XLV,2465
2015-06-09,153450.74537744332,202.13243951607728,153248.61293792725,XLV,2465
2015-06-10,155336.62872781564,202.13243951607728,155134.49628829956,XLV,2465
2015-06-11,156393.53283395577,202.13243951607728,156191.4003944397,XLV,2465
2015-06-12,154466.23766412545,202.13243951607728,154264.10522460938,XLV,2465
2015-06-15,154652.71309366036,202.13243951607728,154450.5806541443,XLV,2465
2015-06-16,155419.4617699604,202.13243951607728,155217.32933044434,XLV,2465
2015-06-17,155564.54418649484,202.13243951607728,155362.41174697876,XLV,2465
2015-06-18,157761.23245706368,202.13243951607728,157559.1000175476,XLV,2465
2015-06-19,157638.58614435006,202.13243951607728,157436.45370483398,XLV,2465
2015-06-22,158865.46301355172,202.13243951607728,158663.33057403564,XLV,2465
2015-06-23,159177.29288568307,202.13243951607728,158975.160446167,XLV,2465
2015-06-24,157576.2709473591,202.13243951607728,157374.13850784302,XLV,2465
2015-06-25,158449.50178613473,202.13243951607728,158247.36934661865,XLV,2465
2015-06-26,158220.83406915475,202.13243951607728,158018.70162963867,XLV,2465
2015-06-29,154353.0133866291,202.13243951607728,154150.88094711304,XLV,2465
2015-06-30,154893.62381448556,202.13243951607728,154691.49137496948,XLV,2465
2015-07-01,156557.25244989205,202.13243951607728,156355.12001037598,XLV,2465
2015-07-02,155829.42373742867,202.13243951607728,155627.2912979126,XLV,2465
2015-07-06,155767.0145081501,202.13243951607728,155564.88206863403,XLV,2465
2015-07-07,156515.6901787739,202.13243951607728,156313.5577392578,XLV,2465
2015-07-08,153833.07125558663,202.13243951607728,153630.93881607056,XLV,2465
2015-07-09,154664.93729104806,202.13243951607728,154462.80485153198,XLV,2465
2015-07-10,156744.4237183552,202.13243951607728,156542.2912788391,XLV,2465
2015-07-13,158075.25328149606,202.13243951607728,157873.12084197998,XLV,2465
2015-07-14,159655.63513269235,202.13243951607728,159453.50269317627,XLV,2465
2015-07-15,159863.61574640084,202.13243951607728,159661.48330688477,XLV,2465
2015-07-16,160612.20678796578,202.13243951607728,160410.0743484497,XLV,2465
2015-07-17,160258.70180597116,202.13243951607728,160056.56936645508,XLV,2465
2015-07-20,160778.53109826852,202.13243951607728,160576.39865875244,XLV,2465
2015-07-21,160071.44590844918,202.13243951607728,159869.3134689331,XLV,2465
2015-07-22,160425.08253564645,202.13243951607728,160222.95009613037,XLV,2465
2015-07-23,159842.7781914692,202.13243951607728,159640.64575195312,XLV,2465
2015-07-24,155850.17666330148,202.13243951607728,155648.0442237854,XLV,2465
2015-07-27,155704.65229501534,202.13243951607728,155502.51985549927,XLV,2465
2015-07-28,158511.93922509957,202.13243951607728,158309.8067855835,XLV,2465
2015-07-29,158782.2444390278,202.13243951607728,158580.11199951172,XLV,2465
2015-07-30,158553.50149621774,202.13243951607728,158351.36905670166,XLV,2465
2015-07-31,159468.47326745797,202.13243951607728,159266.3408279419,XLV,2465
2015-08-03,159343.69242181588,202.13243951607728,159141.5599822998,XLV,2465
2015-08-04,159260.53026666451,202.13243951607728,159058.39782714844,XLV,2465
2015-08-05,160591.4256524067,202.13243951607728,160389.29321289062,XLV,2465
2015-08-06,157097.9098938923,202.13243951607728,156895.77745437622,XLV,2465
2015-08-07,156827.529454134,202.13243951607728,156625.39701461792,XLV,2465
2015-08-10,158096.01561059762,202.13243951607728,157893.88317108154,XLV,2465
2015-08-11,156765.2236603718,202.13243951607728,156563.0912208557,XLV,2465
2015-08-12,156869.1293381672,202.13243951607728,156666.99689865112,XLV,2465
2015-08-13,156515.6901787739,202.13243951607728,156313.5577392578,XLV,2465
2015-08-14,156952.3102997761,202.13243951607728,156750.17786026,XLV,2465
2015-08-17,158532.72036065866,202.13243951607728,158330.58792114258,XLV,2465
2015-08-18,158303.99622430612,202.13243951607728,158101.86378479004,XLV,2465
2015-08-19,157659.38608636666,202.13243951607728,157457.2536468506,XLV,2465
2015-08-20,153999.4801949482,202.13243951607728,153797.34775543213,XLV,2465
2015-08-21,149299.90631570626,202.13243951607728,149097.7738761902,XLV,2465
2015-08-24,142957.4849366169,202.13243951607728,142755.35249710083,XLV,2465
2015-08-25,141522.67446985055,202.13243951607728,141320.54203033447,XLV,2465
2015-08-26,147490.7627152424,202.13243951607728,147288.63027572632,XLV,2465
2015-08-27,150360.39305200387,202.13243951607728,150158.2606124878,XLV,2465
2015-08-28,149283.89074118424,149283.89074118424,0.0,TLT,0
2015-08-31,149283.89074118424,149283.89074118424,0.0,TLT,0
2015-09-01,149283.89074118424,149283.89074118424,0.0,TLT,0
2015-09-02,149283.89074118424,149283.89074118424,0.0,TLT,0
2015-09-03,149283.89074118424,149283.89074118424,0.0,TLT,0
2015-09-04,149283.89074118424,149283.89074118424,0.0,TLT,0
2015-09-08,149283.89074118424,149283.89074118424,0.0,TLT,0
2015-09-09,149283.89074118424,149283.89074118424,0.0,TLT,0
2015-09-10,149283.89074118424,149283.89074118424,0.0,TLT,0
2015-09-11,149283.89074118424,149283.89074118424,0.0,TLT,0
2015-09-14,149283.89074118424,149283.89074118424,0.0,TLT,0
2015-09-15,149283.89074118424,149283.89074118424,0.0,TLT,0
2015-09-16,149283.89074118424,149283.89074118424,0.0,TLT,0
2015-09-17,149283.89074118424,149283.89074118424,0.0,TLT,0
2015-09-18,149283.89074118424,149283.89074118424,0.0,TLT,0
2015-09-21,149283.89074118424,149283.89074118424,0.0,TLT,0
2015-09-22,149283.89074118424,149283.89074118424,0.0,TLT,0
2015-09-23,149283.89074118424,149283.89074118424,0.0,TLT,0
2015-09-24,149283.89074118424,149283.89074118424,0.0,TLT,0
2015-09-25,149283.89074118424,149283.89074118424,0.0,TLT,0
2015-09-28,149283.89074118424,149283.89074118424,0.0,TLT,0
2015-09-29,149283.89074118424,149283.89074118424,0.0,TLT,0
2015-09-30,149283.89074118424,149283.89074118424,0.0,TLT,0
2015-10-01,149283.89074118424,149283.89074118424,0.0,TLT,0
2015-10-02,149283.89074118424,149283.89074118424,0.0,TLT,0
2015-10-05,149283.89074118424,149283.89074118424,0.0,TLT,0
2015-10-06,149283.89074118424,149283.89074118424,0.0,TLT,0
2015-10-07,149283.89074118424,149283.89074118424,0.0,TLT,0
2015-10-08,149283.89074118424,149283.89074118424,0.0,TLT,0
2015-10-09,149283.89074118424,149283.89074118424,0.0,TLT,0
2015-10-12,149283.89074118424,149283.89074118424,0.0,TLT,0
2015-10-13,149283.89074118424,149283.89074118424,0.0,TLT,0
2015-10-14,149283.89074118424,149283.89074118424,0.0,TLT,0
2015-10-15,149283.89074118424,149283.89074118424,0.0,TLT,0
2015-10-16,149283.89074118424,149283.89074118424,0.0,TLT,0
2015-10-19,149283.89074118424,149283.89074118424,0.0,TLT,0
2015-10-20,149283.89074118424,149283.89074118424,0.0,TLT,0
2015-10-21,149283.89074118424,149283.89074118424,0.0,TLT,0
2015-10-22,149283.89074118424,149283.89074118424,0.0,TLT,0
2015-10-23,149283.89074118424,149283.89074118424,0.0,TLT,0
2015-10-26,149283.89074118424,149283.89074118424,0.0,TLT,0
2015-10-27,149283.89074118424,149283.89074118424,0.0,TLT,0
2015-10-28,149283.89074118424,149283.89074118424,0.0,TLT,0
2015-10-29,149283.89074118424,149283.89074118424,0.0,TLT,0
2015-10-30,149283.89074118424,149283.89074118424,0.0,TLT,0
2015-11-02,149283.89074118424,149283.89074118424,0.0,TLT,0
2015-11-03,149283.89074118424,149283.89074118424,0.0,TLT,0
2015-11-04,149283.89074118424,149283.89074118424,0.0,TLT,0
2015-11-05,149283.89074118424,149283.89074118424,0.0,TLT,0
2015-11-06,149060.552622509,168.47350568772526,148892.0791168213,XLV,2451
2015-11-09,147919.21037931443,168.47350568772526,147750.7368736267,XLV,2451
2015-11-10,148915.26572294236,168.47350568772526,148746.79221725464,XLV,2451
2015-11-11,147441.91126508714,168.47350568772526,147273.4377593994,XLV,2451
2015-11-12,144889.45633573533,168.47350568772526,144720.9828300476,XLV,2451
2015-11-13,144536.69686384202,168.47350568772526,144368.2233581543,XLV,2451
2015-11-16,146342.0541865349,168.47350568772526,146173.58068084717,XLV,2451
2015-11-17,146964.60280103685,168.47350568772526,146796.12929534912,XLV,2451
2015-11-18,149828.32268781663,168.47350568772526,149659.8491821289,XLV,2451
2015-11-19,147317.43707151414,168.47350568772526,147148.96356582642,XLV,2451
2015-11-20,148583.23480863572,168.47350568772526,148414.761302948,XLV,2451
2015-11-23,148209.70937986375,168.47350568772526,148041.23587417603,XLV,2451
2015-11-24,148666.2238375664,168.47350568772526,148497.75033187866,XLV,2451
2015-11-25,149475.55386610032,168.47350568772526,149307.0803604126,XLV,2451
2015-11-27,149766.00611753465,168.47350568772526,149597.53261184692,XLV,2451
2015-11-30,147732.45701475145,168.47350568772526,147563.98350906372,XLV,2451
2015-12-01,150222.63277311326,168.47350568772526,150054.15926742554,XLV,2451
2015-12-02,148956.8069865227,168.47350568772526,148788.33348083496,XLV,2451
2015-12-03,145698.75831480027,168.47350568772526,145530.28480911255,XLV,2451
2015-12-04,149122.76634473802,168.47350568772526,148954.2928390503,XLV,2451
2015-12-07,148292.67970914842,168.47350568772526,148124.2062034607,XLV,2451
2015-12-08,148624.72932310106,168.47350568772526,148456.25581741333,XLV,2451
2015-12-09,147130.62760801316,168.47350568772526,146962.15410232544,XLV,2451
2015-12-10,148230.5033862114,168.47350568772526,148062.02988052368,XLV,2451
2015-12-11,145614.59943536948,200.07123712729663,145414.5281982422,XLY,2079
2015-12-14,146359.80495599937,200.07123712729663,146159.73371887207,XLY,2079
2015-12-15,147160.74782709312,200.07123712729663,146960.67658996582,XLY,2079
2015-12-16,149619.710328619,200.07123712729663,149419.6390914917,XLY,2079
2015-12-17,147160.74782709312,200.07123712729663,146960.67658996582,XLY,2079
2015-12-18,144850.61388544273,200.07123712729663,144650.54264831543,XLY,2079
2015-12-21,145580.22754053306,200.07123712729663,145380.15630340576,XLY,2079
2015-12-22,146646.39074091148,200.07123712729663,146446.31950378418,XLY,2079
2015-12-23,147394.62581018638,200.07123712729663,147194.55457305908,XLY,2079
2015-12-24,147001.78376154136,200.07123712729663,146801.71252441406,XLY,2079
2015-12-28,147375.8933654232,200.07123712729663,147175.8221282959,XLY,2079
2015-12-29,149078.1031661434,200.07123712729663,148878.0319290161,XLY,2079
2015-12-30,147880.93974451255,200.07123712729663,147680.86850738525,XLY,2079
2015-12-31,146403.1861892147,200.07123712729663,146203.1149520874,XLY,2079
2016-01-04,143896.65501550864,200.07123712729663,143696.58377838135,XLY,2079
2016-01-05,143709.5843520565,200.07123712729663,143509.5131149292,XLY,2079
2016-01-06,142306.69712976646,200.07123712729663,142106.62589263916,XLY,2079
2016-01-07,139388.65490869712,200.07123712729663,139188.58367156982,XLY,2079
2016-01-08,137685.5990866909,137685.5990866909,0.0,IEF,0
2016-01-11,137685.5990866909,137685.5990866909,0.0,IEF,0
2016-01-12,137685.5990866909,137685.5990866909,0.0,IEF,0
2016-01-13,137685.5990866909,137685.5990866909,0.0,IEF,0
2016-01-14,137685.5990866909,137685.5990866909,0.0,IEF,0
2016-01-15,137685.5990866909,137685.5990866909,0.0,IEF,0
2016-01-19,137685.5990866909,137685.5990866909,0.0,IEF,0
2016-01-20,137685.5990866909,137685.5990866909,0.0,IEF,0
2016-01-21,137685.5990866909,137685.5990866909,0.0,IEF,0
2016-01-22,137685.5990866909,137685.5990866909,0.0,IEF,0
2016-01-25,137685.5990866909,137685.5990866909,0.0,IEF,0
2016-01-26,137685.5990866909,137685.5990866909,0.0,IEF,0
2016-01-27,137685.5990866909,137685.5990866909,0.0,IEF,0
2016-01-28,137685.5990866909,137685.5990866909,0.0,IEF,0
2016-01-29,137685.5990866909,137685.5990866909,0.0,IEF,0
2016-02-01,137685.5990866909,137685.5990866909,0.0,IEF,0
2016-02-02,137685.5990866909,137685.5990866909,0.0,IEF,0
2016-02-03,137685.5990866909,137685.5990866909,0.0,IEF,0
2016-02-04,137685.5990866909,137685.5990866909,0.0,IEF,0
2016-02-05,137685.5990866909,137685.5990866909,0.0,IEF,0
2016-02-08,137685.5990866909,137685.5990866909,0.0,IEF,0
2016-02-09,137685.5990866909,137685.5990866909,0.0,IEF,0
2016-02-10,137685.5990866909,137685.5990866909,0.0,IEF,0
2016-02-11,137685.5990866909,137685.5990866909,0.0,IEF,0
2016-02-12,137685.5990866909,137685.5990866909,0.0,IEF,0
2016-02-16,137685.5990866909,137685.5990866909,0.0,IEF,0
2016-02-17,137685.5990866909,137685.5990866909,0.0,IEF,0
2016-02-18,137685.5990866909,137685.5990866909,0.0,IEF,0
2016-02-19,137685.5990866909,137685.5990866909,0.0,IEF,0
2016-02-22,137685.5990866909,137685.5990866909,0.0,IEF,0
2016-02-23,137685.5990866909,137685.5990866909,0.0,IEF,0
2016-02-24,137685.5990866909,137685.5990866909,0.0,IEF,0
2016-02-25,137685.5990866909,137685.5990866909,0.0,IEF,0
2016-02-26,137685.5990866909,137685.5990866909,0.0,IEF,0
2016-02-29,137685.5990866909,137685.5990866909,0.0,IEF,0
2016-03-01,137685.5990866909,137685.5990866909,0.0,IEF,0
2016-03-02,137685.5990866909,137685.5990866909,0.0,IEF,0
2016-03-03,137685.5990866909,137685.5990866909,0.0,IEF,0
2016-03-04,137685.5990866909,137685.5990866909,0.0,IEF,0
2016-03-07,137685.5990866909,137685.5990866909,0.0,IEF,0
2016-03-08,137685.5990866909,137685.5990866909,0.0,IEF,0
2016-03-09,137685.5990866909,137685.5990866909,0.0,IEF,0
2016-03-10,137685.5990866909,137685.5990866909,0.0,IEF,0
2016-03-11,137685.5990866909,137685.5990866909,0.0,IEF,0
2016-03-14,137685.5990866909,137685.5990866909,0.0,IEF,0
2016-03-15,137685.5990866909,137685.5990866909,0.0,IEF,0
2016-03-16,137685.5990866909,137685.5990866909,0.0,IEF,0
2016-03-17,137685.5990866909,137685.5990866909,0.0,IEF,0
2016-03-18,137479.66365005303,189.3725581340841,137290.29109191895,XLY,1946
2016-03-21,137549.96325637627,189.3725581340841,137360.5906982422,XLY,1946
2016-03-22,137321.4115901165,189.3725581340841,137132.03903198242,XLY,1946
2016-03-23,136354.48393203545,189.3725581340841,136165.11137390137,XLY,1946
2016-03-24,136530.2552180462,189.3725581340841,136340.8826599121,XLY,1946
2016-03-28,137145.61061050225,189.3725581340841,136956.23805236816,XLY,1946
2016-03-29,138534.4992213421,189.3725581340841,138345.126663208,XLY,1946
2016-03-30,139413.59320022393,189.3725581340841,139224.22064208984,XLY,1946
2016-03-31,139255.29659988213,189.3725581340841,139065.92404174805,XLY,1946
2016-04-01,139835.47991897393,189.3725581340841,139646.10736083984,XLY,1946
2016-04-04,138745.50196792412,189.3725581340841,138556.12940979004,XLY,1946
2016-04-05,137567.52702285576,189.3725581340841,137378.15446472168,XLY,1946
2016-04-06,138868.52256728936,189.3725581340841,138679.15000915527,XLY,1946
2016-04-07,137303.8181300335,189.3725581340841,137114.4455718994,XLY,1946
2016-04-08,137092.85992385674,189.3725581340841,136903.48736572266,XLY,1946
2016-04-11,136583.0059046917,189.3725581340841,136393.63334655762,XLY,1946
2016-04-12,137620.3074031048,189.3725581340841,137430.9348449707,XLY,1946
2016-04-13,139554.20725967217,189.3725581340841,139364.8347015381,XLY,1946
2016-04-14,139554.20725967217,189.3725581340841,139364.8347015381,XLY,1946
2016-04-15,139940.93675185967,189.3725581340841,139751.5641937256,XLY,1946
2016-04-18,141259.5851435833,189.3725581340841,141070.21258544922,XLY,1946
2016-04-19,140486.022231596,189.3725581340841,140296.6496734619,XLY,1946
2016-04-20,140661.8083644085,189.3725581340841,140472.4358062744,XLY,1946
2016-04-21,140169.5329585247,189.3725581340841,139980.16040039062,XLY,1946
2016-04-22,139888.23060561944,189.3725581340841,139698.85804748535,XLY,1946
2016-04-25,140046.51235915947,189.3725581340841,139857.1398010254,XLY,1946
2016-04-26,140380.50601150322,189.3725581340841,140191.13345336914,XLY,1946
2016-04-27,140239.90679885674,189.3725581340841,140050.53424072266,XLY,1946
2016-04-28,138727.92335464287,189.3725581340841,138538.5507965088,XLY,1946
2016-04-29,139431.0975794964,189.3725581340841,139241.7250213623,XLY,1946
2016-05-02,141382.60574294854,189.3725581340841,141193.23318481445,XLY,1946
2016-05-03,140081.63989211846,189.3725581340841,139892.26733398438,XLY,1946
2016-05-04,139448.70588638115,189.3725581340841,139259.33332824707,XLY,1946
2016-05-05,138552.06298782158,189.3725581340841,138362.6904296875,XLY,1946
2016-05-06,139154.24241986466,174.35367551041418,138979.88874435425,XLP,3365
2016-05-09,139911.24675717545,174.35367551041418,139736.89308166504,XLP,3365
2016-05-10,141294.83703580094,174.35367551041418,141120.48336029053,XLP,3365
2016-05-11,140172.30176892472,174.35367551041418,139997.9480934143,XLP,3365
2016-05-12,140929.3317791481,174.35367551041418,140754.9781036377,XLP,3365
2016-05-13,139154.24241986466,174.35367551041418,138979.88874435425,XLP,3365
2016-05-16,140041.78068127824,174.35367551041418,139867.42700576782,XLP,3365
2016-05-17,137300.81216778947,174.35367551041418,137126.45849227905,XLP,3365
2016-05-18,135708.44976391984,174.35367551041418,135534.09608840942,XLP,3365
2016-05-19,137039.7956654091,174.35367551041418,136865.44198989868,XLP,3365
2016-05-20,136334.97152295304,174.35367551041418,136160.61784744263,XLP,3365
2016-05-23,136465.50544705582,174.35367551041418,136291.1517715454,XLP,3365
2016-05-24,137614.08588376237,174.35367551041418,137439.73220825195,XLP,3365
2016-05-25,137822.8965183754,174.35367551041418,137648.542842865,XLP,3365
2016-05-26,138371.09022107316,174.35367551041418,138196.73654556274,XLP,3365
2016-05-27,138527.72066083146,174.35367551041418,138353.36698532104,XLP,3365
2016-05-31,137640.19523587418,174.35367551041418,137465.84156036377,XLP,3365
2016-06-01,139049.83068433,174.35367551041418,138875.47700881958,XLP,3365
2016-06-02,139102.02371564103,174.35367551041418,138927.67004013062,XLP,3365
2016-06-03,139989.5876499672,174.35367551041418,139815.2339744568,XLP,3365
2016-06-06,140146.2052532692,174.35367551041418,139971.8515777588,XLP,3365
2016-06-07,139989.5876499672,174.35367551041418,139815.2339744568,XLP,3365
2016-06-08,140824.94571652604,174.35367551041418,140650.59204101562,XLP,3365
2016-06-09,141373.0880733986,174.35367551041418,141198.73439788818,XLP,3365
2016-06-10,141477.49980893327,174.35367551041418,141303.14613342285,XLP,3365
2016-06-13,140302.8356930275,174.35367551041418,140128.4820175171,XLP,3365
2016-06-14,140851.02939572526,174.35367551041418,140676.67572021484,XLP,3365
2016-06-15,140433.356780674,174.35367551041418,140259.00310516357,XLP,3365
2016-06-16,141164.27743878556,174.35367551041418,140989.92376327515,XLP,3365
2016-06-17,140594.4029613991,174.35367551041418,140420.04928588867,XLP,3365
2016-06-20,141040.82923855973,174.35367551041418,140866.47556304932,XLP,3365
2016-06-21,141408.47818341447,174.35367551041418,141234.12450790405,XLP,3365
2016-06-22,141487.31969800187,174.35367551041418,141312.96602249146,XLP,3365
2016-06-23,142353.92169919205,174.35367551041418,142179.56802368164,XLP,3365
2016-06-24,139204.97130468942,161.6013210163219,139043.3699836731,XLU,3707
2016-06-27,140915.1090076313,161.6013210163219,140753.507686615,XLU,3707
2016-06-28,141439.14925268746,161.6013210163219,141277.54793167114,XLU,3707
2016-06-29,141825.34222296334,161.6013210163219,141663.74090194702,XLU,3707
2016-06-30,144886.94320562936,161.6013210163219,144725.34188461304,XLU,3707
2016-07-01,144914.53245810128,161.6013210163219,144752.93113708496,XLU,3707
2016-07-05,145990.25876501657,161.6013210163219,145828.65744400024,XLU,3707
2016-07-06,146293.64155462838,161.6013210163219,146132.04023361206,XLU,3707
2016-07-07,143590.58772543527,161.6013210163219,143428.98640441895,XLU,3707
2016-07-08,145080.02554968453,161.6013210163219,144918.4242286682,XLU,3707
2016-07-11,144969.6826808796,161.6013210163219,144808.08135986328,XLU,3707
2016-07-12,142983.76558188058,161.6013210163219,142822.16426086426,XLU,3707
2016-07-13,144114.65625265695,161.6013210163219,143953.05493164062,XLU,3707
2016-07-14,143176.84792593576,161.6013210163219,143015.24660491943,XLU,3707
2016-07-15,143590.58772543527,161.6013210163219,143428.98640441895,XLU,3707
2016-07-18,144004.32752493478,161.6013210163219,143842.72620391846,XLU,3707
2016-07-19,143756.09495810128,161.6013210163219,143594.49363708496,XLU,3707
2016-07-20,142928.5587947712,161.6013210163219,142766.95747375488,XLU,3707
2016-07-21,143783.67006949044,161.6013210163219,143622.06874847412,XLU,3707
2016-07-22,145686.8194110737,161.6013210163219,145525.21809005737,XLU,3707
2016-07-25,145438.6292674885,161.6013210163219,145277.02794647217,XLU,3707
2016-07-26,144169.80647543527,161.6013210163219,144008.20515441895,XLU,3707
2016-07-27,142514.8897006855,161.6013210163219,142353.2883796692,XLU,3707
2016-07-28,143066.49091604806,161.6013210163219,142904.88959503174,XLU,3707
2016-07-29,143921.559767519,161.6013210163219,143759.9584465027,XLU,3707
2016-08-01,144004.32752493478,161.6013210163219,143842.72620391846,XLU,3707
2016-08-02,143066.49091604806,161.6013210163219,142904.88959503174,XLU,3707
2016-08-03,142211.45034674264,161.6013210163219,142049.84902572632,XLU,3707
2016-08-04,142128.72501257516,161.6013210163219,141967.12369155884,XLU,3707
2016-08-05,140087.6294086323,161.6013210163219,139926.02808761597,XLU,3707
2016-08-08,140032.43676260568,161.6013210163219,139870.83544158936,XLU,3707
2016-08-09,140004.84751013375,161.6013210163219,139843.24618911743,XLU,3707
2016-08-10,140032.43676260568,161.6013210163219,139870.83544158936,XLU,3707
2016-08-11,140363.42294577218,161.6013210163219,140201.82162475586,XLU,3707
2016-08-12,140556.51943091012,161.6013210163219,140394.9181098938,XLU,3707
2016-08-15,138405.03853491403,161.6013210163219,138243.4372138977,XLU,3707
2016-08-16,136777.7110126362,161.6013210163219,136616.10969161987,XLU,3707
2016-08-17,138818.80661657907,161.6013210163219,138657.20529556274,XLU,3707
2016-08-18,140528.95846060372,161.6013210163219,140367.3571395874,XLU,3707
2016-08-19,138818.80661657907,161.6013210163219,138657.20529556274,XLU,3707
2016-08-22,139177.35377005197,161.6013210163219,139015.75244903564,XLU,3707
2016-08-23,138570.58819082833,161.6013210163219,138408.986869812,XLU,3707
2016-08-24,138515.45210913278,161.6013210163219,138353.85078811646,XLU,3707
2016-08-25,138598.14916113473,161.6013210163219,138436.5478401184,XLU,3707
2016-08-26,135729.57395819284,161.6013210163219,135567.9726371765,XLU,3707
2016-08-29,136832.88951758004,161.6013210163219,136671.28819656372,XLU,3707
2016-08-30,135398.57363394357,161.6013210163219,135236.97231292725,XLU,3707
2016-08-31,135950.20313147164,161.6013210163219,135788.60181045532,XLU,3707
2016-09-01,135260.69807699777,161.6013210163219,135099.09675598145,XLU,3707
2016-09-02,137053.5045497761,161.6013210163219,136891.90322875977,XLU,3707
2016-09-06,138542.9989383564,161.6013210163219,138381.3976173401,XLU,3707
2016-09-07,138570.58819082833,161.6013210163219,138408.986869812,XLU,3707
2016-09-08,139039.49235418893,161.6013210163219,138877.8910331726,XLU,3707
2016-09-09,133826.36805227853,161.6013210163219,133664.7667312622,XLU,3707
2016-09-12,136198.4922626362,161.6013210163219,136036.89094161987,XLU,3707
2016-09-13,134322.8756091938,161.6013210163219,134161.2742881775,XLU,3707
2016-09-14,134846.9441364155,161.6013210163219,134685.34281539917,XLU,3707
2016-09-15,135867.5060794697,161.6013210163219,135705.90475845337,XLU,3707
2016-09-16,137191.59222296334,161.6013210163219,137029.99090194702,XLU,3707
2016-09-19,138554.6794727192,161.6013210163219,138393.07815170288,XLU,3707
2016-09-20,138304.33988455392,161.6013210163219,138142.7385635376,XLU,3707
2016-09-21,141113.904349123,161.6013210163219,140952.3030281067,XLU,3707
2016-09-22,141976.25585821725,161.6013210163219,141814.65453720093,XLU,3707
2016-09-23,141864.97967794992,161.6013210163219,141703.3783569336,XLU,3707
2016-09-26,141503.34976843453,161.6013210163219,141341.7484474182,XLU,3707
2016-09-27,139667.39885214425,161.6013210163219,139505.79753112793,XLU,3707
2016-09-28,139472.6761424885,161.6013210163219,139311.07482147217,XLU,3707
2016-09-29,137386.37149695016,161.6013210163219,137224.77017593384,XLU,3707
2016-09-30,136440.54517630197,161.6013210163219,136278.94385528564,XLU,3707
2016-10-03,134521.1335895405,161.6013210163219,134359.53226852417,XLU,3707
2016-10-04,131711.54084280587,161.6013210163219,131549.93952178955,XLU,3707
2016-10-05,131433.3291805134,161.6013210163219,131271.72785949707,XLU,3707
2016-10-06,131405.51367071725,161.6013210163219,131243.91234970093,XLU,3707
2016-10-07,130845.99843657877,165.48757232095522,130680.51086425781,XLK,3024
2016-10-10,131751.5811392155,165.48757232095522,131586.09356689453,XLK,3024
2016-10-11,130269.70070708658,165.48757232095522,130104.21313476562,XLK,3024
2016-10-12,130489.21248687174,165.48757232095522,130323.72491455078,XLK,3024
2016-10-13,129665.91353667642,165.48757232095522,129500.42596435547,XLK,3024
2016-10-14,129770.51480164149,148.8011251888529,129621.71367645264,XLE,2710
2016-10-17,129139.10084595301,148.8011251888529,128990.29972076416,XLE,2710
2016-10-18,129659.08333649256,148.8011251888529,129510.28221130371,XLE,2710
2016-10-19,131497.56295075038,148.8011251888529,131348.76182556152,XLE,2710
2016-10-20,131348.99800171473,148.8011251888529,131200.19687652588,XLE,2710
2016-10-21,130494.75212921717,148.8011251888529,130345.95100402832,XLE,2710
2016-10-24,130104.79885925868,148.8011251888529,129955.99773406982,XLE,2710
2016-10-25,129510.50804962733,148.8011251888529,129361.70692443848,XLE,2710
2016-10-26,129807.66896118739,148.8011251888529,129658.86783599854,XLE,2710
2016-10-27,129324.78894104579,148.8011251888529,129175.98781585693,XLE,2710
2016-10-28,128971.96915497401,148.8011251888529,128823.16802978516,XLE,2710
2016-10-31,127579.18438782313,148.8011251888529,127430.38326263428,XLE,2710
2016-11-01,127597.76146759608,148.8011251888529,127448.96034240723,XLE,2710
2016-11-02,126186.40995850184,148.8011251888529,126037.60883331299,XLE,2710
2016-11-03,126687.80503143885,148.8011251888529,126539.00390625,XLE,2710
2016-11-04,125811.90269301036,125811.90269301036,0.0,TIPX,0
2016-11-07,125811.90269301036,125811.90269301036,0.0,TIPX,0
2016-11-08,125811.90269301036,125811.90269301036,0.0,TIPX,0
2016-11-09,125811.90269301036,125811.90269301036,0.0,TIPX,0
2016-11-10,125811.90269301036,125811.90269301036,0.0,TIPX,0
2016-11-11,125811.90269301036,125811.90269301036,0.0,GLD,0
2016-11-14,125811.90269301036,125811.90269301036,0.0,GLD,0
2016-11-15,125811.90269301036,125811.90269301036,0.0,GLD,0
2016-11-16,125811.90269301036,125811.90269301036,0.0,GLD,0
2016-11-17,125811.90269301036,125811.90269301036,0.0,GLD,0
2016-11-18,125623.67576286891,139.05566856959194,125484.62009429932,XLF,6700
2016-11-21,126076.69967339137,139.05566856959194,125937.64400482178,XLF,6700
2016-11-22,126133.27335045436,139.05566856959194,125994.21768188477,XLF,6700
2016-11-23,126869.42123100856,139.05566856959194,126730.36556243896,XLF,6700
2016-11-25,127039.33395073512,139.05566856959194,126900.27828216553,XLF,6700
2016-11-28,125567.05096886256,139.05566856959194,125427.99530029297,XLF,6700
2016-11-29,125906.7869536648,139.05566856959194,125767.73128509521,XLF,6700
2016-11-30,127605.60744927028,139.05566856959194,127466.55178070068,XLF,6700
2016-12-01,129814.0894286404,139.05566856959194,129675.0337600708,XLF,6700
2016-12-02,128398.41846153834,139.05566856959194,128259.36279296875,XLF,6700
2016-12-05,129927.28789970973,139.05566856959194,129788.23223114014,XLF,6700
2016-12-06,131059.83489678004,139.05566856959194,130920.77922821045,XLF,6700
2016-12-07,133098.39137718774,139.05566856959194,132959.33570861816,XLF,6700
2016-12-08,134344.2007415066,139.05566856959194,134205.145072937,XLF,6700
2016-12-09,134627.2863738308,139.05566856959194,134488.23070526123,XLF,6700
2016-12-12,133324.8777739773,139.05566856959194,133185.82210540771,XLF,6700
2016-12-13,133664.65209648706,139.05566856959194,133525.59642791748,XLF,6700
2016-12-14,133041.77936241723,139.05566856959194,132902.72369384766,XLF,6700
2016-12-15,134174.32635948755,139.05566856959194,134035.27069091797,XLF,6700
2016-12-16,133019.5434920559,139.05566856959194,132880.48782348633,XLF,6700
2016-12-19,133076.4366500149,139.05566856959194,132937.3809814453,XLF,6700
2016-12-20,134726.08264610864,139.05566856959194,134587.02697753906,XLF,6700
2016-12-21,134384.7748152981,139.05566856959194,134245.71914672852,XLF,6700
2016-12-22,134043.44142601587,139.05566856959194,133904.3857574463,XLF,6700
2016-12-23,134270.98849938012,139.05566856959194,134131.93283081055,XLF,6700
2016-12-27,134441.62963554956,139.05566856959194,134302.57396697998,XLF,6700
2016-12-28,133076.4366500149,139.05566856959194,132937.3809814453,XLF,6700
2016-12-29,132109.40631554223,139.05566856959194,131970.35064697266,XLF,6700
2016-12-30,132393.84654686548,139.05566856959194,132254.7908782959,XLF,6700
2017-01-03,133872.8258483181,139.05566856959194,133733.77017974854,XLF,6700
2017-01-04,134953.60416100122,139.05566856959194,134814.54849243164,XLF,6700
2017-01-05,133588.41117546655,139.05566856959194,133449.35550689697,XLF,6700
2017-01-06,134043.44142601587,139.05566856959194,133904.3857574463,XLF,6700
2017-01-09,133133.31702873803,139.05566856959194,132994.26136016846,XLF,6700
2017-01-10,133417.75726006128,139.05566856959194,133278.7015914917,XLF,6700
2017-01-11,134270.98849938012,139.05566856959194,134131.93283081055,XLF,6700
2017-01-12,133133.31702873803,139.05566856959194,132994.26136016846,XLF,6700
2017-01-13,133472.25779148293,160.6567477817589,133311.60104370117,VNQ,2268
2017-01-17,134505.0411624546,160.6567477817589,134344.38441467285,VNQ,2268
2017-01-18,134730.92926975442,160.6567477817589,134570.27252197266,VNQ,2268
2017-01-19,133359.26615329934,160.6567477817589,133198.60940551758,VNQ,2268
2017-01-20,134327.52489658547,160.6567477817589,134166.8681488037,VNQ,2268
2017-01-23,135457.15577121926,160.6567477817589,135296.4990234375,VNQ,2268
2017-01-24,135489.48729892922,160.6567477817589,135328.83055114746,VNQ,2268
2017-01-25,134601.89731785012,160.6567477817589,134441.24057006836,VNQ,2268
2017-01-26,134343.67768284035,160.6567477817589,134183.0209350586,VNQ,2268
2017-01-27,132638.4961248398,135.05490550995455,132503.44121932983,XLK,2865
2017-01-30,131567.79330501557,135.05490550995455,131432.73839950562,XLK,2865
2017-01-31,130914.93212947846,135.05490550995455,130779.8772239685,XLK,2865
2017-02-01,131907.284176445,135.05490550995455,131772.22927093506,XLK,2865
2017-02-02,131646.13314876557,135.05490550995455,131511.07824325562,XLK,2865
2017-02-03,132111.45010025788,167.00440628814977,131944.44569396973,XLB,3017
2017-02-06,131756.7330096512,167.00440628814977,131589.72860336304,XLB,3017
2017-02-07,130718.02800782013,167.00440628814977,130551.02360153198,XLB,3017
2017-02-08,131022.0597193985,167.00440628814977,130855.05531311035,XLB,3017
2017-02-09,130971.36283142853,167.00440628814977,130804.35842514038,XLB,3017
2017-02-10,132162.1124614029,167.00440628814977,131995.10805511475,XLB,3017
2017-02-13,133251.53736908722,167.00440628814977,133084.53296279907,XLB,3017
2017-02-14,133226.2061885147,167.00440628814977,133059.20178222656,XLB,3017
2017-02-15,133048.8764155655,167.00440628814977,132881.87200927734,XLB,3017
2017-02-16,133048.8764155655,167.00440628814977,132881.87200927734,XLB,3017
2017-02-17,132271.93130184748,168.19889523126767,132103.7324066162,XLK,2777
2017-02-21,132955.386612669,168.19889523126767,132787.18771743774,XLK,2777
2017-02-22,133107.26439358332,168.19889523126767,132939.06549835205,XLK,2777
2017-02-23,133081.94613339045,168.19889523126767,132913.74723815918,XLK,2777
2017-02-24,132986.6607867222,176.89125547220465,132809.76953125,XLV,2056
2017-02-27,133626.0392657261,176.89125547220465,133449.1480102539,XLV,2056
2017-02-28,133359.6119585972,176.89125547220465,133182.720703125,XLV,2056
2017-03-01,134691.60731992533,176.89125547220465,134514.71606445312,XLV,2056
2017-03-02,134265.41774473002,176.89125547220465,134088.5264892578,XLV,2056
2017-03-03,134798.19392881205,176.89125547220465,134621.30267333984,XLV,2056
2017-03-06,134283.11159238627,176.89125547220465,134106.22033691406,XLV,2056
2017-03-07,133341.85536680033,176.89125547220465,133164.96411132812,XLV,2056
2017-03-08,133874.66292295267,176.89125547220465,133697.77166748047,XLV,2056
2017-03-09,134602.88710508158,176.89125547220465,134425.99584960938,XLV,2056
2017-03-10,135117.87532529642,176.89125547220465,134940.98406982422,XLV,2056
2017-03-13,135011.33577451517,176.89125547220465,134834.44451904297,XLV,2056
2017-03-14,134514.05708799174,176.89125547220465,134337.16583251953,XLV,2056
2017-03-15,136201.247029398,176.89125547220465,136024.35577392578,XLV,2056
2017-03-16,134886.97688779642,176.89125547220465,134710.08563232422,XLV,2056
2017-03-17,134145.5293780308,176.89125547220465,133968.6381225586,XLV,2056
2017-03-20,133949.4068804722,176.89125547220465,133772.515625,XLV,2056
2017-03-21,132897.75233945658,176.89125547220465,132720.86108398438,XLV,2056
2017-03-22,132933.4537554722,176.89125547220465,132756.5625,XLV,2056
2017-03-23,132523.45216855814,176.89125547220465,132346.56091308594,XLV,2056
2017-03-24,132594.79225644877,176.89125547220465,132417.90100097656,XLV,2056
2017-03-27,132951.2417193394,176.89125547220465,132774.3504638672,XLV,2056
2017-03-28,133040.40114316752,176.89125547220465,132863.5098876953,XLV,2056
2017-03-29,133076.02412900736,176.89125547220465,132899.13287353516,XLV,2056
2017-03-30,133093.85915098002,176.89125547220465,132916.9678955078,XLV,2056
2017-03-31,132322.43416411785,156.99126250651898,132165.44290161133,XLU,3374
2017-04-03,132296.6539746037,156.99126250651898,132139.66271209717,XLU,3374
2017-04-04,132708.78949553875,156.99126250651898,132551.79823303223,XLU,3374
2017-04-05,133455.77145202068,156.99126250651898,133298.78018951416,XLU,3374
2017-04-06,133120.89927489666,156.99126250651898,132963.90801239014,XLU,3374
2017-04-07,132554.2499371281,156.99126250651898,132397.25867462158,XLU,3374
2017-04-10,132786.06571013835,156.99126250651898,132629.07444763184,XLU,3374
2017-04-11,132734.55681426433,156.99126250651898,132577.5655517578,XLU,3374
2017-04-12,133713.3674145451,156.99126250651898,133556.37615203857,XLU,3374
2017-04-13,133275.47744567302,156.99126250651898,133118.4861831665,XLU,3374
2017-04-17,133867.90697295574,156.99126250651898,133710.91571044922,XLU,3374
2017-04-18,134177.0504437199,156.99126250651898,134020.05918121338,XLU,3374
2017-04-19,133249.74873931316,156.99126250651898,133092.75747680664,XLU,3374
2017-04-20,132734.55681426433,156.99126250651898,132577.5655517578,XLU,3374
2017-04-21,133005.16415331082,161.13059160427656,132844.03356170654,VNQ,2178
2017-04-24,131537.77420732693,161.13059160427656,131376.64361572266,VNQ,2178
2017-04-25,132084.14359972195,161.13059160427656,131923.01300811768,VNQ,2178
2017-04-26,131100.7518074246,161.13059160427656,130939.62121582031,VNQ,2178
2017-04-27,130757.28211137967,161.13059160427656,130596.15151977539,VNQ,2178
2017-04-28,129399.1726906033,161.13059160427656,129238.04209899902,VNQ,2178
2017-05-01,130164.04497453885,161.13059160427656,130002.91438293457,VNQ,2178
2017-05-02,129945.54208299832,161.13059160427656,129784.41149139404,VNQ,2178
2017-05-03,128212.80642626004,161.13059160427656,128051.67583465576,VNQ,2178
2017-05-04,127588.36289903836,161.13059160427656,127427.23230743408,VNQ,2178
2017-05-05,128405.042367487,152.12754967693763,128252.91481781006,XLY,1549
2017-05-08,128646.83725884442,152.12754967693763,128494.70970916748,XLY,1549
2017-05-09,129386.46254113202,152.12754967693763,129234.33499145508,XLY,1549
2017-05-10,128945.5236754704,152.12754967693763,128793.39612579346,XLY,1549
2017-05-11,128177.4880843449,152.12754967693763,128025.36053466797,XLY,1549
2017-05-12,127609.64982319264,160.17694950489386,127449.47287368774,XLK,2507
2017-05-15,128320.76854420094,160.17694950489386,128160.59159469604,XLK,2507
2017-05-16,128917.19285679249,160.17694950489386,128757.0159072876,XLK,2507
2017-05-17,125407.51335621266,160.17694950489386,125247.33640670776,XLK,2507
2017-05-18,126141.58434772877,160.17694950489386,125981.40739822388,XLK,2507
2017-05-19,126875.62664890675,160.17694950489386,126715.44969940186,XLK,2507
2017-05-22,127884.92405414967,160.17694950489386,127724.74710464478,XLK,2507
2017-05-23,128114.32243442921,160.17694950489386,127954.14548492432,XLK,2507
2017-05-24,128641.93775272755,160.17694950489386,128481.76080322266,XLK,2507
2017-05-25,129559.50258350758,160.17694950489386,129399.32563400269,XLK,2507
2017-05-26,129490.69358921437,160.17694950489386,129330.51663970947,XLK,2507
2017-05-30,130041.18467045216,160.17694950489386,129881.00772094727,XLK,2507
2017-05-31,129834.75768757252,160.17694950489386,129674.58073806763,XLK,2507
2017-06-01,130155.90776920704,160.17694950489386,129995.73081970215,XLK,2507
2017-06-02,131348.7085771599,160.17694950489386,131188.53162765503,XLK,2507
2017-06-05,131463.42211246875,160.17694950489386,131303.24516296387,XLK,2507
2017-06-06,131211.12884235766,160.17694950489386,131050.95189285278,XLK,2507
2017-06-07,131623.99237156298,160.17694950489386,131463.8154220581,XLK,2507
2017-06-08,131922.19974613574,160.17694950489386,131762.02279663086,XLK,2507
2017-06-09,128279.92797903637,156.01038794139458,128123.91759109497,XLU,3127
2017-06-12,128041.21366934398,156.01038794139458,127885.20328140259,XLU,3127
2017-06-13,128351.54704336742,156.01038794139458,128195.53665542603,XLU,3127
2017-06-14,129043.820927187,156.01038794139458,128887.8105392456,XLU,3127
2017-06-15,129783.89254431346,156.01038794139458,129627.88215637207,XLU,3127
2017-06-16,130378.35224966625,156.01038794139458,130222.34186172485,XLU,3127
2017-06-19,129945.16665320018,156.01038794139458,129789.15626525879,XLU,3127
2017-06-20,130017.33443121532,156.01038794139458,129861.32404327393,XLU,3127
2017-06-21,129247.22670416454,156.01038794139458,129091.21631622314,XLU,3127
2017-06-22,128645.58600668529,156.01038794139458,128489.5756187439,XLU,3127
2017-06-23,127828.74281947903,145.16745631984668,127683.57536315918,XLV,1823
2017-06-26,127701.78706996731,145.16745631984668,127556.61961364746,XLV,1823
2017-06-27,126543.45493953518,145.16745631984668,126398.28748321533,XLV,1823
2017-06-28,127209.93089931301,145.16745631984668,127064.76344299316,XLV,1823
2017-06-29,126051.59876888088,145.16745631984668,125906.43131256104,XLV,1823
2017-06-30,125877.0485216885,145.16745631984668,125731.88106536865,XLV,1823
2017-07-03,126099.20717494778,145.16745631984668,125954.03971862793,XLV,1823
2017-07-05,126844.97484462551,145.16745631984668,126699.80738830566,XLV,1823
2017-07-06,125210.66992061428,145.16745631984668,125065.50246429443,XLV,1823
2017-07-07,125845.36521785549,145.16745631984668,125700.19776153564,XLV,1823
2017-07-10,125607.32318752102,145.16745631984668,125462.15573120117,XLV,1823
2017-07-11,125464.5257860928,145.16745631984668,125319.35832977295,XLV,1823
2017-07-12,126321.39364497951,145.16745631984668,126176.22618865967,XLV,1823
2017-07-13,126432.38256709866,145.16745631984668,126287.21511077881,XLV,1823
2017-07-14,127289.2643343716,145.16745631984668,127144.09687805176,XLV,1823
2017-07-17,126829.10537593655,145.16745631984668,126683.9379196167,XLV,1823
2017-07-18,126924.26655452541,145.16745631984668,126779.09909820557,XLV,1823
2017-07-19,127955.67075221828,145.16745631984668,127810.50329589844,XLV,1823
2017-07-20,128796.62741725735,145.16745631984668,128651.4599609375,XLV,1823
2017-07-21,128653.83001582912,145.16745631984668,128508.66255950928,XLV,1823
2017-07-24,128606.23551814846,145.16745631984668,128461.06806182861,XLV,1823
2017-07-25,127685.9454180508,145.16745631984668,127540.77796173096,XLV,1823
2017-07-26,127257.51148860744,145.16745631984668,127112.3440322876,XLV,1823
2017-07-27,126384.81588619045,145.16745631984668,126239.6484298706,XLV,1823
2017-07-28,127019.49727504543,145.16745631984668,126874.32981872559,XLV,1823
2017-07-31,126908.42490260891,145.16745631984668,126763.25744628906,XLV,1823
2017-08-01,126622.80228298,145.16745631984668,126477.63482666016,XLV,1823
2017-08-02,126337.23529689602,145.16745631984668,126192.06784057617,XLV,1823
2017-08-03,126543.45493953518,145.16745631984668,126398.28748321533,XLV,1823
2017-08-04,126257.87404506496,145.16745631984668,126112.70658874512,XLV,1823
2017-08-07,126527.6271960049,145.16745631984668,126382.45973968506,XLV,1823
2017-08-08,125940.54030483059,145.16745631984668,125795.37284851074,XLV,1823
2017-08-09,126083.36552303127,145.16745631984668,125938.19806671143,XLV,1823
2017-08-10,124512.45502345852,145.16745631984668,124367.28756713867,XLV,1823
2017-08-11,124487.94282522683,138.4608248758741,124349.48200035095,XLF,5879
2017-08-14,126197.57900801186,138.4608248758741,126059.11818313599,XLF,5879
2017-08-15,126298.15111914162,138.4608248758741,126159.69029426575,XLF,5879
2017-08-16,126046.74887457375,138.4608248758741,125908.28804969788,XLF,5879
2017-08-17,123884.55501165871,138.4608248758741,123746.09418678284,XLF,5879
2017-08-18,123934.85788717751,138.4608248758741,123796.39706230164,XLF,5879
2017-08-21,123582.84989157204,138.4608248758741,123444.38906669617,XLF,5879
2017-08-22,124940.51171865944,138.4608248758741,124802.05089378357,XLF,5879
2017-08-23,124538.21206083779,138.4608248758741,124399.75123596191,XLF,5879
2017-08-24,124538.21206083779,138.4608248758741,124399.75123596191,XLF,5879
2017-08-25,124890.22005644326,138.4608248758741,124751.75923156738,XLF,5879
2017-08-28,124085.68802061562,138.4608248758741,123947.22719573975,XLF,5879
2017-08-29,123683.44442930703,138.4608248758741,123544.98360443115,XLF,5879
2017-08-30,124186.26013174538,138.4608248758741,124047.7993068695,XLF,5879
2017-08-31,124337.1014784861,138.4608248758741,124198.64065361023,XLF,5879
2017-09-01,124689.09826078896,138.4608248758741,124550.63743591309,XLF,5879
2017-09-05,122024.08869543557,138.4608248758741,121885.62787055969,XLF,5879
2017-09-06,122325.78260221962,138.4608248758741,122187.32177734375,XLF,5879
2017-09-07,120213.89161482338,138.4608248758741,120075.43078994751,XLF,5879
2017-09-08,120957.16186942678,153.4312862358638,120803.73058319092,XLK,2266
2017-09-11,122664.17359580618,153.4312862358638,122510.74230957031,XLK,2266
2017-09-12,122955.64413871389,153.4312862358638,122802.21285247803,XLK,2266
2017-09-13,122789.09818687063,153.4312862358638,122635.66690063477,XLK,2266
2017-09-14,122372.75491752248,153.4312862358638,122219.32363128662,XLK,2266
2017-09-15,122872.07294120413,153.4312862358638,122718.64165496826,XLK,2266
2017-09-18,122976.51964988332,153.4312862358638,122823.08836364746,XLK,2266
2017-09-19,123519.69785728079,153.4312862358638,123366.26657104492,XLK,2266
2017-09-20,123018.31389274221,153.4312862358638,122864.88260650635,XLK,2266
2017-09-21,122349.7616008721,153.4312862358638,122196.33031463623,XLK,2266
2017-09-22,122412.42271079641,153.4312862358638,122258.99142456055,XLK,2266
2017-09-25,120970.88870658498,153.4312862358638,120817.45742034912,XLK,2266
2017-09-26,121409.62884940725,153.4312862358638,121256.19756317139,XLK,2266
2017-09-27,122642.25214805227,153.4312862358638,122488.8208618164,XLK,2266
2017-09-28,122788.49309959036,153.4312862358638,122635.06181335449,XLK,2266
2017-09-29,123624.16185416799,153.4312862358638,123470.73056793213,XLK,2266
2017-10-02,123812.17111625295,153.4312862358638,123658.73983001709,XLK,2266
2017-10-03,124104.67030753713,153.4312862358638,123951.23902130127,XLK,2266
2017-10-04,124021.09046592336,153.4312862358638,123867.6591796875,XLK,2266
2017-10-05,125211.95409812551,153.4312862358638,125058.52281188965,XLK,2266
2017-10-06,125024.77273120123,144.21879901128705,124880.55393218994,XLE,2595
2017-10-09,125281.62570132452,144.21879901128705,125137.40690231323,XLE,2595
2017-10-10,125391.67443408209,144.21879901128705,125247.4556350708,XLE,2595
2017-10-11,125685.23341311651,144.21879901128705,125541.01461410522,XLE,2595
2017-10-12,125226.58648623663,144.21879901128705,125082.36768722534,XLE,2595
2017-10-13,124778.73551205068,135.36216381459963,124643.37334823608,XLF,5554
2017-10-16,125589.64019039541,135.36216381459963,125454.27802658081,XLF,5554
2017-10-17,124969.5546839562,135.36216381459963,124834.1925201416,XLF,5554
2017-10-18,125637.35292843252,135.36216381459963,125501.99076461792,XLF,5554
2017-10-19,125732.76781109243,135.36216381459963,125597.40564727783,XLF,5554
2017-10-20,126830.82998591238,139.3882058220479,126691.44178009033,XLK,2249
2017-10-23,126229.5272210198,139.3882058220479,126090.13901519775,XLK,2249
2017-10-24,126582.01445704275,139.3882058220479,126442.6262512207,XLK,2249
2017-10-25,125897.75888377005,139.3882058220479,125758.370677948,XLK,2249
2017-10-26,126416.1431572991,139.3882058220479,126276.75495147705,XLK,2249
2017-10-27,129816.71070414358,139.3882058220479,129677.32249832153,XLK,2249
2017-10-30,130106.9811890679,139.3882058220479,129967.59298324585,XLK,2249
2017-10-31,130666.83757715994,139.3882058220479,130527.44937133789,XLK,2249
2017-11-01,130687.53931742483,139.3882058220479,130548.15111160278,XLK,2249
2017-11-02,130749.77322703176,139.3882058220479,130610.38502120972,XLK,2249
2017-11-03,131786.550353344,139.3882058220479,131647.16214752197,XLK,2249
2017-11-06,132076.83799677662,139.3882058220479,131937.4497909546,XLK,2249
2017-11-07,132139.03758936696,139.3882058220479,131999.64938354492,XLK,2249
2017-11-08,132864.7395394402,139.3882058220479,132725.35133361816,XLK,2249
2017-11-09,131807.24351435475,139.3882058220479,131667.85530853271,XLK,2249
2017-11-10,131807.24351435475,139.3882058220479,131667.85530853271,XLK,2249
2017-11-13,131765.78855830006,139.3882058220479,131626.40035247803,XLK,2249
2017-11-14,131496.2283928948,139.3882058220479,131356.84018707275,XLK,2249
2017-11-15,130521.67659693533,139.3882058220479,130382.28839111328,XLK,2249
2017-11-16,132346.35526591114,139.3882058220479,132206.9670600891,XLK,2249
2017-11-17,131496.2283928948,139.3882058220479,131356.84018707275,XLK,2249
2017-11-20,131993.8851883965,139.3882058220479,131854.49698257446,XLK,2249
2017-11-21,133383.14097147755,139.3882058220479,133243.75276565552,XLK,2249
2017-11-22,133134.29970484547,139.3882058220479,132994.91149902344,XLK,2249
2017-11-24,133480.11520275314,134.08082088668016,133346.03438186646,XLP,3019
2017-11-27,133553.15329632003,134.08082088668016,133419.07247543335,XLP,3019
2017-11-28,134648.72469982345,134.08082088668016,134514.64387893677,XLP,3019
2017-11-29,135354.79415401656,134.08082088668016,135220.71333312988,XLP,3019
2017-11-30,136596.44174465377,134.08082088668016,136462.3609237671,XLP,3019
2017-12-01,136527.5603375817,172.53702215201338,136355.0233154297,XLY,1527
2017-12-04,138108.3138318444,172.53702215201338,137935.77680969238,XLY,1527
2017-12-05,137317.9254346276,172.53702215201338,137145.3884124756,XLY,1527
2017-12-06,136428.79091314322,172.53702215201338,136256.2538909912,XLY,1527
2017-12-07,136781.6137509728,172.53702215201338,136609.0767288208,XLY,1527
2017-12-08,137019.6972222691,160.839354074531,136858.85786819458,XLF,5689
2017-12-11,136677.6983552342,160.839354074531,136516.85900115967,XLF,5689
2017-12-12,138045.78063062482,160.839354074531,137884.9412765503,XLF,5689
2017-12-13,136335.63438276105,160.839354074531,136174.79502868652,XLF,5689
2017-12-14,135456.15757039838,160.839354074531,135295.31821632385,XLF,5689
2017-12-15,136673.50990537458,160.839354074531,136512.67055130005,XLF,5689
2017-12-18,137900.74741605573,160.839354074531,137739.9080619812,XLF,5689
2017-12-19,137311.7059636479,160.839354074531,137150.86660957336,XLF,5689
2017-12-20,137066.25846151166,160.839354074531,136905.41910743713,XLF,5689
2017-12-21,138244.34136632734,160.839354074531,138083.5020122528,XLF,5689
2017-12-22,137851.614512003,160.839354074531,137690.77515792847,XLF,5689
2017-12-26,137458.94191221052,160.839354074531,137298.102558136,XLF,5689
2017-12-27,137606.17786077314,160.839354074531,137445.3385066986,XLF,5689
2017-12-28,138146.15151456647,160.839354074531,137985.31216049194,XLF,5689
2017-12-29,136753.99704763226,166.76743337445077,136587.2296142578,XLE,2656
2018-01-02,139003.33554860883,166.76743337445077,138836.56811523438,XLE,2656
2018-01-03,141082.58078786664,166.76743337445077,140915.8133544922,XLE,2656
2018-01-04,141933.2092058354,166.76743337445077,141766.44177246094,XLE,2656
2018-01-05,141876.44052907758,166.76743337445077,141709.67309570312,XLE,2656
2018-01-08,142727.04868337445,166.76743337445077,142560.28125,XLE,2656
2018-01-09,142367.9358904057,166.76743337445077,142201.16845703125,XLE,2656
2018-01-10,142197.8021013432,166.76743337445077,142031.03466796875,XLE,2656
2018-01-11,145108.72922536664,166.76743337445077,144941.9617919922,XLE,2656
2018-01-12,146507.50009939008,166.76743337445077,146340.73266601562,XLE,2656
2018-01-16,144655.07627126508,166.76743337445077,144488.30883789062,XLE,2656
2018-01-17,145921.54563161664,166.76743337445077,145754.7781982422,XLE,2656
2018-01-18,144730.69016286664,166.76743337445077,144563.9227294922,XLE,2656
2018-01-19,144541.65036794476,166.76743337445077,144374.8829345703,XLE,2656
2018-01-22,147660.52329274945,166.76743337445077,147493.755859375,XLE,2656
2018-01-23,147433.7424089604,166.76743337445077,147266.97497558594,XLE,2656
2018-01-24,147036.7365495854,166.76743337445077,146869.96911621094,XLE,2656
2018-01-25,145883.69309255414,166.76743337445077,145716.9256591797,XLE,2656
2018-01-26,146238.72263777736,162.3219190883974,146076.40071868896,XLY,1445
2018-01-29,145836.64900649074,162.3219190883974,145674.32708740234,XLY,1445
2018-01-30,145113.00246108058,162.3219190883974,144950.6805419922,XLY,1445
2018-01-31,144643.9000212002,162.3219190883974,144481.57810211182,XLY,1445
2018-02-01,143035.74881423,162.3219190883974,142873.4268951416,XLY,1445
2018-02-02,141668.7910734463,162.3219190883974,141506.4691543579,XLY,1445
2018-02-05,136897.87230360988,162.3219190883974,136735.55038452148,XLY,1445
2018-02-06,140395.66264021877,162.3219190883974,140233.34072113037,XLY,1445
2018-02-07,139966.78850996975,162.3219190883974,139804.46659088135,XLY,1445
2018-02-08,134391.78862441066,162.3219190883974,134229.46670532227,XLY,1445
2018-02-09,135086.9749581814,135086.9749581814,0.0,GLD,0
2018-02-12,135086.9749581814,135086.9749581814,0.0,GLD,0
2018-02-13,135086.9749581814,135086.9749581814,0.0,GLD,0
2018-02-14,135086.9749581814,135086.9749581814,0.0,GLD,0
2018-02-15,135086.9749581814,135086.9749581814,0.0,GLD,0
2018-02-16,135086.9749581814,135086.9749581814,0.0,SHY,0
2018-02-20,135086.9749581814,135086.9749581814,0.0,SHY,0
2018-02-21,135086.9749581814,135086.9749581814,0.0,SHY,0
2018-02-22,135086.9749581814,135086.9749581814,0.0,SHY,0
2018-02-23,134884.87392112543,150.84921714593656,134734.0247039795,XLK,2132
2018-02-26,136995.8990828686,150.84921714593656,136845.04986572266,XLK,2132
2018-02-27,135614.83733054926,150.84921714593656,135463.98811340332,XLK,2132
2018-02-28,134648.0509993725,150.84921714593656,134497.20178222656,XLK,2132
2018-03-01,132418.64284202387,150.84921714593656,132267.79362487793,XLK,2132
2018-03-02,133681.34599754144,150.84921714593656,133530.4967803955,XLK,2132
2018-03-05,135042.66098472406,150.84921714593656,134891.81176757812,XLK,2132
2018-03-06,135338.6266066723,150.84921714593656,135187.77738952637,XLK,2132
2018-03-07,136088.3774459057,150.84921714593656,135937.52822875977,XLK,2132
2018-03-08,136680.29242393305,150.84921714593656,136529.4432067871,XLK,2132
2018-03-09,139264.8739669018,150.84921714593656,139114.02474975586,XLK,2132
2018-03-12,139698.91241905023,150.84921714593656,139548.0632019043,XLK,2132
2018-03-13,138100.7745101147,150.84921714593656,137949.92529296875,XLK,2132
2018-03-14,137982.39151450922,150.84921714593656,137831.54229736328,XLK,2132
2018-03-15,138061.2972457104,150.84921714593656,137910.44802856445,XLK,2132
2018-03-16,137918.85702964594,150.84921714593656,137768.0078125,XLK,2132
2018-03-19,135187.60614463617,150.84921714593656,135036.75692749023,XLK,2132
2018-03-20,135128.2601210766,150.84921714593656,134977.41090393066,XLK,2132
2018-03-21,134316.79657432367,150.84921714593656,134165.94735717773,XLK,2132
2018-03-22,130853.33758994867,150.84921714593656,130702.48837280273,XLK,2132
2018-03-23,127179.18110547449,127179.18110547449,0.0,TLT,0
2018-03-26,127179.18110547449,127179.18110547449,0.0,TLT,0
2018-03-27,127179.18110547449,127179.18110547449,0.0,TLT,0
2018-03-28,127179.18110547449,127179.18110547449,0.0,TLT,0
2018-03-29,127179.18110547449,127179.18110547449,0.0,TLT,0
2018-04-02,127179.18110547449,127179.18110547449,0.0,TLT,0
2018-04-03,127179.18110547449,127179.18110547449,0.0,TLT,0
2018-04-04,127179.18110547449,127179.18110547449,0.0,TLT,0
2018-04-05,127179.18110547449,127179.18110547449,0.0,TLT,0
2018-04-06,127179.18110547449,127179.18110547449,0.0,TLT,0
2018-04-09,127179.18110547449,127179.18110547449,0.0,TLT,0
2018-04-10,127179.18110547449,127179.18110547449,0.0,TLT,0
2018-04-11,127179.18110547449,127179.18110547449,0.0,TLT,0
2018-04-12,127179.18110547449,127179.18110547449,0.0,TLT,0
2018-04-13,127179.18110547449,127179.18110547449,0.0,TLT,0
2018-04-16,127179.18110547449,127179.18110547449,0.0,TLT,0
2018-04-17,127179.18110547449,127179.18110547449,0.0,TLT,0
2018-04-18,127179.18110547449,127179.18110547449,0.0,TLT,0
2018-04-19,127179.18110547449,127179.18110547449,0.0,TLT,0
2018-04-20,127179.18110547449,127179.18110547449,0.0,GLD,0
2018-04-23,127179.18110547449,127179.18110547449,0.0,GLD,0
2018-04-24,127179.18110547449,127179.18110547449,0.0,GLD,0
2018-04-25,127179.18110547449,127179.18110547449,0.0,GLD,0
2018-04-26,127179.18110547449,127179.18110547449,0.0,GLD,0
2018-04-27,126988.94254266741,163.23400461199344,126825.70853805542,XLE,2397
2018-04-30,126971.74299966815,163.23400461199344,126808.50899505615,XLE,2397
2018-05-01,126198.61394083026,163.23400461199344,126035.37993621826,XLE,2397
2018-05-02,126714.0424572182,163.23400461199344,126550.8084526062,XLE,2397
2018-05-03,126421.95197259905,163.23400461199344,126258.71796798706,XLE,2397
2018-05-04,127040.43144571307,163.23400461199344,126877.19744110107,XLE,2397
2018-05-07,127212.25314294818,163.23400461199344,127049.01913833618,XLE,2397
2018-05-08,128208.70194589617,163.23400461199344,128045.46794128418,XLE,2397
2018-05-09,130820.1430317116,163.23400461199344,130656.90902709961,XLE,2397
2018-05-10,131799.4837299538,163.23400461199344,131636.2497253418,XLE,2397
2018-05-11,131988.39524423602,163.23400461199344,131825.16123962402,XLE,2397
2018-05-14,132899.00177728655,163.23400461199344,132735.76777267456,XLE,2397
2018-05-15,132933.32771265032,163.23400461199344,132770.09370803833,XLE,2397
2018-05-16,133397.21246301653,163.23400461199344,133233.97845840454,XLE,2397
2018-05-17,135407.33704339984,163.23400461199344,135244.10303878784,XLE,2397
2018-05-18,134359.30789911273,163.23400461199344,134196.07389450073,XLE,2397
2018-05-21,135733.7443195534,163.23400461199344,135570.5103149414,XLE,2397
2018-05-22,133929.78565942767,163.23400461199344,133766.55165481567,XLE,2397
2018-05-23,133912.5861164284,163.23400461199344,133749.3521118164,XLE,2397
2018-05-24,131713.54087793353,163.23400461199344,131550.30687332153,XLE,2397
2018-05-25,128294.62651025775,163.23400461199344,128131.39250564575,XLE,2397
2018-05-29,127899.48506891253,163.23400461199344,127736.25106430054,XLE,2397
2018-05-30,131765.05721246722,163.23400461199344,131601.82320785522,XLE,2397
2018-05-31,130768.60840951922,163.23400461199344,130605.37440490723,XLE,2397
2018-06-01,130993.98314905168,154.1013817787316,130839.88176727295,XLI,1977
2018-06-04,130802.71165704729,154.1013817787316,130648.61027526855,XLI,1977
2018-06-05,130959.17086267473,154.1013817787316,130805.069480896,XLI,1977
2018-06-06,132054.47580194473,154.1013817787316,131900.37442016602,XLI,1977
2018-06-07,132610.77855157852,154.1013817787316,132456.6771697998,XLI,1977
2018-06-08,132647.32896985626,155.13481702422723,132492.19415283203,VNQ,2204
2018-06-11,132449.13678540802,155.13481702422723,132294.0019683838,VNQ,2204
2018-06-12,133242.07367505645,155.13481702422723,133086.93885803223,VNQ,2204
2018-06-13,130648.40697278595,155.13481702422723,130493.27215576172,VNQ,2204
2018-06-14,131887.45073499298,155.13481702422723,131732.31591796875,VNQ,2204
2018-06-15,131410.52943084715,193.63062713621184,131216.89880371094,XLY,1255
2018-06-18,131188.13345764158,193.63062713621184,130994.50283050537,XLY,1255
2018-06-19,131024.28793762205,193.63062713621184,130830.65731048584,XLY,1255
2018-06-20,131644.63549468992,193.63062713621184,131451.0048675537,XLY,1255
2018-06-21,130708.29741333006,193.63062713621184,130514.66678619385,XLY,1255
2018-06-22,130485.88229034422,193.63062713621184,130292.25166320801,XLY,1255
2018-06-25,127653.46701477049,193.63062713621184,127459.83638763428,XLY,1255
2018-06-26,128566.38491485594,193.63062713621184,128372.75428771973,XLY,1255
2018-06-27,126904.38505981443,193.63062713621184,126710.75443267822,XLY,1255
2018-06-28,127899.22571990965,193.63062713621184,127705.59509277344,XLY,1255
2018-06-29,127738.39734232902,164.36682856558764,127574.03051376343,XLU,3085
2018-07-02,128646.81912577628,164.36682856558764,128482.4522972107,XLU,3085
2018-07-03,129015.10935938834,164.36682856558764,128850.74253082275,XLU,3085
2018-07-05,129702.5805393505,164.36682856558764,129538.21371078491,XLU,3085
2018-07-06,130709.24443400382,164.36682856558764,130544.87760543823,XLU,3085
2018-07-09,126682.64769709586,164.36682856558764,126518.28086853027,XLU,3085
2018-07-10,127885.71343577384,164.36682856558764,127721.34660720825,XLU,3085
2018-07-11,129039.66988718986,164.36682856558764,128875.30305862427,XLU,3085
2018-07-12,129137.86492503165,164.36682856558764,128973.49809646606,XLU,3085
2018-07-13,129162.43722117423,164.36682856558764,128998.07039260864,XLU,3085
2018-07-16,129039.66988718986,164.36682856558764,128875.30305862427,XLU,3085
2018-07-17,128941.463081007,164.36682856558764,128777.0962524414,XLU,3085
2018-07-18,128278.55242884635,164.36682856558764,128114.18560028076,XLU,3085
2018-07-19,129457.08117640494,164.36682856558764,129292.71434783936,XLU,3085
2018-07-20,128164.03683289528,164.62452515601763,127999.41230773926,XLV,1670
2018-07-23,128429.59934815406,164.62452515601763,128264.97482299805,XLV,1670
2018-07-24,129595.10319336891,164.62452515601763,129430.47866821289,XLV,1670
2018-07-25,131247.45678528785,164.62452515601763,131082.83226013184,XLV,1670
2018-07-26,130878.65322693824,164.62452515601763,130714.02870178223,XLV,1670
2018-07-27,129545.73002145576,160.851664522168,129384.8783569336,XLK,1933
2018-07-30,127528.88980386543,160.851664522168,127368.03813934326,XLK,1933
2018-07-31,127871.07882211494,160.851664522168,127710.22715759277,XLK,1933
2018-08-01,129023.54630563545,160.851664522168,128862.69464111328,XLK,1933
2018-08-02,130644.2359647541,160.851664522168,130483.38430023193,XLK,1933
2018-08-03,130720.13662911033,133.88594246482535,130586.25068664551,XLI,1950
2018-08-06,130909.52490425682,133.88594246482535,130775.63896179199,XLI,1950
2018-08-07,131839.20858955954,133.88594246482535,131705.32264709473,XLI,1950
2018-08-08,131253.8753376064,133.88594246482535,131119.9893951416,XLI,1950
2018-08-09,130530.76323128318,133.88594246482535,130396.87728881836,XLI,1950
2018-08-10,128990.20155822563,161.4736529521906,128828.72790527344,XLV,1627
2018-08-13,129033.38647186088,161.4736529521906,128871.91281890869,XLV,1627
2018-08-14,129637.04428588676,161.4736529521906,129475.57063293457,XLV,1627
2018-08-15,129421.47969543266,161.4736529521906,129260.00604248047,XLV,1627
2018-08-16,130686.32969390678,161.4736529521906,130524.85604095459,XLV,1627
2018-08-17,131088.75996124075,161.4736529521906,130927.28630828857,XLV,1627
2018-08-20,131519.96362029837,161.4736529521906,131358.4899673462,XLV,1627
2018-08-21,131519.96362029837,161.4736529521906,131358.4899673462,XLV,1627
2018-08-22,131649.3197528057,161.4736529521906,131487.84609985352,XLV,1627
2018-08-23,131606.19690429495,161.4736529521906,131444.72325134277,XLV,1627
2018-08-24,132238.64052306936,161.4736529521906,132077.1668701172,XLV,1627
2018-08-27,132712.95461761282,161.4736529521906,132551.48096466064,XLV,1627
2018-08-28,132784.8384448223,161.4736529521906,132623.36479187012,XLV,1627
2018-08-29,133647.20852386282,161.4736529521906,133485.73487091064,XLV,1627
2018-08-30,133546.62578307913,161.4736529521906,133385.15213012695,XLV,1627
2018-08-31,133517.8523913555,161.4736529521906,133356.37873840332,XLV,1627
2018-09-04,132454.20511352347,161.4736529521906,132292.7314605713,XLV,1627
2018-09-05,132986.05357848929,161.4736529521906,132824.5799255371,XLV,1627
2018-09-06,132986.05357848929,161.4736529521906,132824.5799255371,XLV,1627
2018-09-07,132788.8423989887,205.35828338810825,132583.4841156006,XLY,1230
2018-09-10,133282.13928924748,205.35828338810825,133076.78100585938,XLY,1230
2018-09-11,134348.9488290424,205.35828338810825,134143.5905456543,XLY,1230
2018-09-12,134601.31691681096,205.35828338810825,134395.95863342285,XLY,1230
2018-09-13,134830.75012909123,205.35828338810825,134625.39184570312,XLY,1230
2018-09-14,134326.00456939885,205.35828338810825,134120.64628601074,XLY,1230
2018-09-17,132662.69119964787,205.35828338810825,132457.33291625977,XLY,1230
2018-09-18,134348.9488290424,205.35828338810825,134143.5905456543,XLY,1230
2018-09-19,134406.27663360783,205.35828338810825,134200.91835021973,XLY,1230
2018-09-20,135323.99071441838,205.35828338810825,135118.63243103027,XLY,1230
2018-09-21,134323.85939178654,185.76979217716143,134138.08959960938,XLI,1890
2018-09-24,132026.76649627872,185.76979217716143,131840.99670410156,XLI,1890
2018-09-25,131624.3311172504,185.76979217716143,131438.56132507324,XLI,1890
2018-09-26,131540.48140106388,185.76979217716143,131354.71160888672,XLI,1890
2018-09-27,131724.89309845158,185.76979217716143,131539.1233062744,XLI,1890
2018-09-28,131247.32892633244,168.70685601994046,131078.6220703125,XLE,2382
2018-10-01,133064.49623132512,168.70685601994046,132895.78937530518,XLE,2382
2018-10-02,133202.9761507587,168.70685601994046,133034.26929473877,XLE,2382
2018-10-03,134275.9683611469,168.70685601994046,134107.26150512695,XLE,2382
2018-10-04,133722.14863611027,168.70685601994046,133553.44178009033,XLE,2382
2018-10-05,133704.84773278996,168.70685601994046,133536.14087677002,XLE,2382
2018-10-08,133600.99687982365,168.70685601994046,133432.2900238037,XLE,2382
2018-10-09,134795.15901971623,168.70685601994046,134626.4521636963,XLE,2382
2018-10-10,130572.38470483586,168.70685601994046,130403.67784881592,XLE,2382
2018-10-11,126159.2641069965,168.70685601994046,125990.55725097656,XLE,2382
2018-10-12,126315.87711319538,126315.87711319538,0.0,SHY,0
2018-10-15,126315.87711319538,126315.87711319538,0.0,SHY,0
2018-10-16,126315.87711319538,126315.87711319538,0.0,SHY,0
2018-10-17,126315.87711319538,126315.87711319538,0.0,SHY,0
2018-10-18,126315.87711319538,126315.87711319538,0.0,SHY,0
2018-10-19,126315.87711319538,126315.87711319538,0.0,GLD,0
2018-10-22,126315.87711319538,126315.87711319538,0.0,GLD,0
2018-10-23,126315.87711319538,126315.87711319538,0.0,GLD,0
2018-10-24,126315.87711319538,126315.87711319538,0.0,GLD,0
2018-10-25,126315.87711319538,126315.87711319538,0.0,GLD,0
2018-10-26,126315.87711319538,126315.87711319538,0.0,GLD,0
2018-10-29,126315.87711319538,126315.87711319538,0.0,GLD,0
2018-10-30,126315.87711319538,126315.87711319538,0.0,GLD,0
2018-10-31,126315.87711319538,126315.87711319538,0.0,GLD,0
2018-11-01,126315.87711319538,126315.87711319538,0.0,GLD,0
2018-11-02,126315.87711319538,126315.87711319538,0.0,GLD,0
2018-11-05,126315.87711319538,126315.87711319538,0.0,GLD,0
2018-11-06,126315.87711319538,126315.87711319538,0.0,GLD,0
2018-11-07,126315.87711319538,126315.87711319538,0.0,GLD,0
2018-11-08,126315.87711319538,126315.87711319538,0.0,GLD,0
2018-11-09,126315.87711319538,126315.87711319538,0.0,GLD,0
2018-11-12,126315.87711319538,126315.87711319538,0.0,GLD,0
2018-11-13,126315.87711319538,126315.87711319538,0.0,GLD,0
2018-11-14,126315.87711319538,126315.87711319538,0.0,GLD,0
2018-11-15,126315.87711319538,126315.87711319538,0.0,GLD,0
2018-11-16,126315.87711319538,126315.87711319538,0.0,AGG,0
2018-11-19,126315.87711319538,126315.87711319538,0.0,AGG,0
2018-11-20,126315.87711319538,126315.87711319538,0.0,AGG,0
2018-11-21,126315.87711319538,126315.87711319538,0.0,AGG,0
2018-11-23,126315.87711319538,126315.87711319538,0.0,TLT,0
2018-11-26,126315.87711319538,126315.87711319538,0.0,TLT,0
2018-11-27,126315.87711319538,126315.87711319538,0.0,TLT,0
2018-11-28,126315.87711319538,126315.87711319538,0.0,TLT,0
2018-11-29,126315.87711319538,126315.87711319538,0.0,TLT,0
2018-11-30,126315.87711319538,126315.87711319538,0.0,TLT,0
2018-12-03,126315.87711319538,126315.87711319538,0.0,TLT,0
2018-12-04,126315.87711319538,126315.87711319538,0.0,TLT,0
2018-12-06,126315.87711319538,126315.87711319538,0.0,TLT,0
2018-12-07,126315.87711319538,126315.87711319538,0.0,TLT,0
2018-12-10,126315.87711319538,126315.87711319538,0.0,TLT,0
2018-12-11,126315.87711319538,126315.87711319538,0.0,TLT,0
2018-12-12,126315.87711319538,126315.87711319538,0.0,TLT,0
2018-12-13,126315.87711319538,126315.87711319538,0.0,TLT,0
2018-12-14,126315.87711319538,126315.87711319538,0.0,TLT,0
2018-12-17,126315.87711319538,126315.87711319538,0.0,TLT,0
2018-12-18,126315.87711319538,126315.87711319538,0.0,TLT,0
2018-12-19,126315.87711319538,126315.87711319538,0.0,TLT,0
2018-12-20,126315.87711319538,126315.87711319538,0.0,TLT,0
2018-12-21,126315.87711319538,126315.87711319538,0.0,TLT,0
2018-12-24,126315.87711319538,126315.87711319538,0.0,TLT,0
2018-12-26,126315.87711319538,126315.87711319538,0.0,TLT,0
2018-12-27,126315.87711319538,126315.87711319538,0.0,TLT,0
2018-12-28,126315.87711319538,126315.87711319538,0.0,TLT,0
2018-12-31,126315.87711319538,126315.87711319538,0.0,TLT,0
2019-01-02,126315.87711319538,126315.87711319538,0.0,TLT,0
2019-01-03,126315.87711319538,126315.87711319538,0.0,TLT,0
2019-01-04,126315.87711319538,126315.87711319538,0.0,TLT,0
2019-01-07,126315.87711319538,126315.87711319538,0.0,TLT,0
2019-01-08,126315.87711319538,126315.87711319538,0.0,TLT,0
2019-01-09,126315.87711319538,126315.87711319538,0.0,TLT,0
2019-01-10,126315.87711319538,126315.87711319538,0.0,TLT,0
2019-01-11,126315.87711319538,126315.87711319538,0.0,GLD,0
2019-01-14,126315.87711319538,126315.87711319538,0.0,GLD,0
2019-01-15,126315.87711319538,126315.87711319538,0.0,GLD,0
2019-01-16,126315.87711319538,126315.87711319538,0.0,GLD,0
2019-01-17,126315.87711319538,126315.87711319538,0.0,GLD,0
2019-01-18,126315.87711319538,126315.87711319538,0.0,GLD,0
2019-01-22,126315.87711319538,126315.87711319538,0.0,GLD,0
2019-01-23,126315.87711319538,126315.87711319538,0.0,GLD,0
2019-01-24,126315.87711319538,126315.87711319538,0.0,GLD,0
2019-01-25,126315.87711319538,126315.87711319538,0.0,GLD,0
2019-01-28,126315.87711319538,126315.87711319538,0.0,GLD,0
2019-01-29,126315.87711319538,126315.87711319538,0.0,GLD,0
2019-01-30,126315.87711319538,126315.87711319538,0.0,GLD,0
2019-01-31,126315.87711319538,126315.87711319538,0.0,GLD,0
2019-02-01,126315.87711319538,126315.87711319538,0.0,GLD,0
2019-02-04,126315.87711319538,126315.87711319538,0.0,GLD,0
2019-02-05,126315.87711319538,126315.87711319538,0.0,GLD,0
2019-02-06,126315.87711319538,126315.87711319538,0.0,GLD,0
2019-02-07,126315.87711319538,126315.87711319538,0.0,GLD,0
2019-02-08,126126.93133360859,163.07827574726252,125963.85305786133,VNQ,1929
2019-02-11,126471.34095580097,163.07827574726252,126308.26268005371,VNQ,1929
2019-02-12,125677.6917935085,163.07827574726252,125514.61351776123,VNQ,1929
2019-02-13,126321.56500823017,163.07827574726252,126158.48673248291,VNQ,1929
2019-02-14,126725.91738707539,163.07827574726252,126562.83911132812,VNQ,1929
2019-02-15,127197.75197281834,177.8709913730272,127019.88098144531,XLI,1880
2019-02-19,127147.36409440037,177.8709913730272,126969.49310302734,XLI,1880
2019-02-20,127751.51662125584,177.8709913730272,127573.64562988281,XLI,1880
2019-02-21,127231.28651871678,177.8709913730272,127053.41552734375,XLI,1880
2019-02-22,128070.39601578709,177.8709913730272,127892.52502441406,XLI,1880
2019-02-25,128573.8301588535,177.8709913730272,128395.95916748047,XLI,1880
2019-02-26,128221.41621842381,177.8709913730272,128043.54522705078,XLI,1880
2019-02-27,128724.87904801365,177.8709913730272,128547.00805664062,XLI,1880
2019-02-28,128288.55702652928,177.8709913730272,128110.68603515625,XLI,1880
2019-03-01,128405.97096695896,177.8709913730272,128228.09997558594,XLI,1880
2019-03-04,127835.46773209568,177.8709913730272,127657.59674072266,XLI,1880
2019-03-05,127013.13985123631,177.8709913730272,126835.26885986328,XLI,1880
2019-03-06,125821.65944352146,177.8709913730272,125643.78845214844,XLI,1880
2019-03-07,125066.44368424412,177.8709913730272,124888.5726928711,XLI,1880
2019-03-08,124441.4025388889,181.22053205296106,124260.18200683594,XLK,1896
2019-03-11,127111.39905988499,181.22053205296106,126930.17852783203,XLK,1896
2019-03-12,127858.98188459202,181.22053205296106,127677.76135253906,XLK,1896
2019-03-13,128695.56989728734,181.22053205296106,128514.34936523438,XLK,1896
2019-03-14,128962.57099592015,181.22053205296106,128781.35046386719,XLK,1896
2019-03-15,130131.01388399693,147.32989351841388,129983.68399047852,XLU,2738
2019-03-18,129639.58307497593,147.32989351841388,129492.25318145752,XLU,2738
2019-03-19,128165.28020327183,147.32989351841388,128017.95030975342,XLU,2738
2019-03-20,128500.35473482701,147.32989351841388,128353.0248413086,XLU,2738
2019-03-21,129862.95216982457,147.32989351841388,129715.62227630615,XLU,2738
2019-03-22,130409.80277961155,170.7628015842056,130239.03997802734,XLK,1886
2019-03-25,129841.3494409885,170.7628015842056,129670.5866394043,XLK,1886
2019-03-26,130551.8801416721,170.7628015842056,130381.11734008789,XLK,1886
2019-03-27,129805.88046210667,170.7628015842056,129635.11766052246,XLK,1886
2019-03-28,130338.69215339085,170.7628015842056,130167.92935180664,XLK,1886
2019-03-29,131617.64741462131,170.7628015842056,131446.8846130371,XLK,1886
2019-04-01,133411.75901740452,170.7628015842056,133240.9962158203,XLK,1886
2019-04-02,133873.58958381077,170.7628015842056,133702.82678222656,XLK,1886
2019-04-03,134957.09854071995,170.7628015842056,134786.33573913574,XLK,1886
2019-04-04,134388.67398017307,170.7628015842056,134217.91117858887,XLK,1886
2019-04-05,135028.18038886448,170.7628015842056,134857.41758728027,XLK,1886
2019-04-08,135543.30795234104,170.7628015842056,135372.54515075684,XLK,1886
2019-04-09,134903.8303217258,170.7628015842056,134733.0675201416,XLK,1886
2019-04-10,135845.2906946506,170.7628015842056,135674.5278930664,XLK,1886
2019-04-11,135667.64363044163,170.7628015842056,135496.88082885742,XLK,1886
2019-04-12,136200.43495874974,183.16811304661678,136017.26684570312,XLY,1220
2019-04-15,136476.3292763767,183.16811304661678,136293.16116333008,XLY,1220
2019-04-16,137074.09874659154,183.16811304661678,136890.93063354492,XLY,1220
2019-04-17,137338.5071633396,183.16811304661678,137155.33905029297,XLY,1220
2019-04-18,137292.507712656,183.16811304661678,137109.33959960938,XLY,1220
2019-04-22,136775.19539576146,183.16811304661678,136592.02728271484,XLY,1220
2019-04-23,138407.61742334935,183.16811304661678,138224.44931030273,XLY,1220
2019-04-24,138534.04610376927,183.16811304661678,138350.87799072266,XLY,1220
2019-04-25,137809.8107216892,183.16811304661678,137626.64260864258,XLY,1220
2019-04-26,138486.40896690177,197.33480155753205,138289.07416534424,XLK,1869
2019-04-29,138521.6010140209,197.33480155753205,138324.26621246338,XLK,1869
2019-04-30,138750.39209831046,197.33480155753205,138553.05729675293,XLK,1869
2019-05-01,138398.35755241202,197.33480155753205,138201.0227508545,XLK,1869
2019-05-02,137676.63539970206,197.33480155753205,137479.30059814453,XLK,1869
2019-05-03,138563.46101327037,149.7366766462219,138413.72433662415,XLF,5581
2019-05-06,137626.60224480723,149.7366766462219,137476.865568161,XLF,5581
2019-05-07,135358.30972809886,149.7366766462219,135208.57305145264,XLF,5581
2019-05-08,135062.46631379222,149.7366766462219,134912.729637146,XLF,5581
2019-05-09,134766.59096474742,149.7366766462219,134616.8542881012,XLF,5581
2019-05-10,135654.16378731822,149.7366766462219,135504.427110672,XLF,5581
2019-05-13,131709.3507418165,149.7366766462219,131559.6140651703,XLF,5581
2019-05-14,132744.85591645335,149.7366766462219,132595.11923980713,XLF,5581
2019-05-15,132251.7729143629,149.7366766462219,132102.03623771667,XLF,5581
2019-05-16,133583.16408295726,149.7366766462219,133433.42740631104,XLF,5581
2019-05-17,132298.47714636038,137.01886388967978,132161.4582824707,VNQ,1924
2019-05-20,130388.11389562796,137.01886388967978,130251.09503173828,VNQ,1924
2019-05-21,131501.24841711234,137.01886388967978,131364.22955322266,VNQ,1924
2019-05-22,131892.32513830374,137.01886388967978,131755.30627441406,VNQ,1924
2019-05-23,132193.1703226299,137.01886388967978,132056.15145874023,VNQ,1924
2019-05-24,132202.6037149391,166.2874345741002,132036.316280365,XLU,2705
2019-05-28,130039.86466693494,166.2874345741002,129873.57723236084,XLU,2705
2019-05-29,128318.50009250257,166.2874345741002,128152.21265792847,XLU,2705
2019-05-30,128119.8949937782,166.2874345741002,127953.6075592041,XLU,2705
2019-05-31,128715.7309274635,166.2874345741002,128549.4434928894,XLU,2705
2019-06-03,129995.7210283241,166.2874345741002,129829.43359375,XLU,2705
2019-06-04,130106.0904436073,166.2874345741002,129939.8030090332,XLU,2705
2019-06-05,132886.69596957776,166.2874345741002,132720.40853500366,XLU,2705
2019-06-06,133703.23977756116,166.2874345741002,133536.95234298706,XLU,2705
2019-06-07,132710.1523714027,166.2874345741002,132543.8649368286,XLU,2705
2019-06-10,131805.35224246595,166.2874345741002,131639.06480789185,XLU,2705
2019-06-11,131010.85961627576,166.2874345741002,130844.57218170166,XLU,2705
2019-06-12,132710.1523714027,166.2874345741002,132543.8649368286,XLU,2705
2019-06-13,132974.98324679944,166.2874345741002,132808.69581222534,XLU,2705
2019-06-14,133963.2825959644,156.57086500737933,133806.71173095703,XLB,2640
2019-06-17,132737.817202898,156.57086500737933,132581.24633789062,XLB,2640
2019-06-18,133778.32226881597,156.57086500737933,133621.7514038086,XLB,2640
2019-06-19,133038.42053541754,156.57086500737933,132881.84967041016,XLB,2640
2019-06-20,134726.32702955816,156.57086500737933,134569.75616455078,XLB,2640
2019-06-21,134298.34820875738,156.57086500737933,134141.77734375,XLB,2640
2019-06-24,134810.06573805425,156.57086500737933,134653.49487304688,XLB,2640
2019-06-25,134879.84631666754,156.57086500737933,134723.27545166016,XLB,2640
2019-06-26,134647.241031023,156.57086500737933,134490.67016601562,XLB,2640
2019-06-27,135089.1779817066,156.57086500737933,134932.60711669922,XLB,2640
2019-06-28,135821.37297467992,175.11554364964832,135646.25743103027,XLK,1839
2019-07-01,137976.63349561498,175.11554364964832,137801.51795196533,XLK,1839
2019-07-02,138341.6638834934,175.11554364964832,138166.54833984375,XLK,1839
2019-07-03,139401.91742353246,175.11554364964832,139226.8018798828,XLK,1839
2019-07-05,139141.21751050756,175.11554364964832,138966.1019668579,XLK,1839
2019-07-08,138080.92187909887,175.11554364964832,137905.80633544922,XLK,1839
2019-07-09,138567.63841657445,175.11554364964832,138392.5228729248,XLK,1839
2019-07-10,139662.67345838354,175.11554364964832,139487.5579147339,XLK,1839
2019-07-11,140184.1294062595,175.11554364964832,140009.01386260986,XLK,1839
2019-07-12,141209.64353589818,175.11554364964832,141034.52799224854,XLK,1839
2019-07-15,141678.9623072605,175.11554364964832,141503.84676361084,XLK,1839
2019-07-16,140357.92467145727,175.11554364964832,140182.80912780762,XLK,1839
2019-07-17,139992.92234449193,175.11554364964832,139817.80680084229,XLK,1839
2019-07-18,141035.8342402439,175.11554364964832,140860.71869659424,XLK,1839
2019-07-19,140007.43995723152,246.67945918464102,139760.76049804688,XLY,1210
2019-07-22,140087.51457271003,246.67945918464102,139840.8351135254,XLY,1210
2019-07-23,141037.11051997566,246.67945918464102,140790.43106079102,XLY,1210
2019-07-24,141746.41799983406,246.67945918464102,141499.7385406494,XLY,1210
2019-07-25,140957.01744136238,246.67945918464102,140710.33798217773,XLY,1210
2019-07-26,141174.18421257212,195.33467949106125,140978.84953308105,XLK,1806
2019-07-29,141088.83902824594,195.33467949106125,140893.50434875488,XLK,1806
2019-07-30,140184.102913744,195.33467949106125,139988.76823425293,XLK,1806
2019-07-31,138067.4624260731,195.33467949106125,137872.12774658203,XLK,1806
2019-08-01,137367.61538017466,195.33467949106125,137172.2807006836,XLK,1806
2019-08-02,135131.47234428598,195.33467949106125,134936.13766479492,XLK,1806
2019-08-05,129498.46971977426,195.33467949106125,129303.1350402832,XLK,1806
2019-08-06,131649.26757133676,195.33467949106125,131453.9328918457,XLK,1806
2019-08-07,132468.60338676645,195.33467949106125,132273.2687072754,XLK,1806
2019-08-08,135711.87195671274,195.33467949106125,135516.53727722168,XLK,1806
2019-08-09,133774.22093065074,175.2661577015242,133598.95477294922,VNQ,1863
2019-08-12,133421.29818589977,175.2661577015242,133246.03202819824,VNQ,1863
2019-08-13,133612.42795427135,175.2661577015242,133437.16179656982,VNQ,1863
2019-08-14,131583.14349229625,175.2661577015242,131407.87733459473,VNQ,1863
2019-08-15,132891.9140687733,175.2661577015242,132716.64791107178,VNQ,1863
2019-08-16,134058.35982130244,134058.35982130244,0.0,TLT,0
2019-08-19,134058.35982130244,134058.35982130244,0.0,TLT,0
2019-08-20,134058.35982130244,134058.35982130244,0.0,TLT,0
2019-08-21,134058.35982130244,134058.35982130244,0.0,TLT,0
2019-08-22,134058.35982130244,134058.35982130244,0.0,TLT,0
2019-08-23,134058.35982130244,134058.35982130244,0.0,TLT,0
2019-08-26,134058.35982130244,134058.35982130244,0.0,TLT,0
2019-08-27,134058.35982130244,134058.35982130244,0.0,TLT,0
2019-08-28,134058.35982130244,134058.35982130244,0.0,TLT,0
2019-08-29,134058.35982130244,134058.35982130244,0.0,TLT,0
2019-08-30,134058.35982130244,134058.35982130244,0.0,TLT,0
2019-09-03,134058.35982130244,134058.35982130244,0.0,TLT,0
2019-09-04,134058.35982130244,134058.35982130244,0.0,TLT,0
2019-09-05,134058.35982130244,134058.35982130244,0.0,TLT,0
2019-09-06,134058.35982130244,134058.35982130244,0.0,TLT,0
2019-09-09,134058.35982130244,134058.35982130244,0.0,TLT,0
2019-09-10,134058.35982130244,134058.35982130244,0.0,TLT,0
2019-09-11,134058.35982130244,134058.35982130244,0.0,TLT,0
2019-09-12,134058.35982130244,134058.35982130244,0.0,TLT,0
2019-09-13,134058.35982130244,134058.35982130244,0.0,GLD,0
2019-09-16,134058.35982130244,134058.35982130244,0.0,GLD,0
2019-09-17,134058.35982130244,134058.35982130244,0.0,GLD,0
2019-09-18,134058.35982130244,134058.35982130244,0.0,GLD,0
2019-09-19,134058.35982130244,134058.35982130244,0.0,GLD,0
2019-09-20,134058.35982130244,134058.35982130244,0.0,SHY,0
2019-09-23,134058.35982130244,134058.35982130244,0.0,SHY,0
2019-09-24,134058.35982130244,134058.35982130244,0.0,SHY,0
2019-09-25,134058.35982130244,134058.35982130244,0.0,SHY,0
2019-09-26,134058.35982130244,134058.35982130244,0.0,SHY,0
2019-09-27,133857.80736588672,156.17042206958286,133701.63694381714,XLE,2979
2019-09-30,132893.61885117725,156.17042206958286,132737.44842910767,XLE,2979
2019-10-01,129821.85465668872,156.17042206958286,129665.68423461914,XLE,2979
2019-10-02,126637.93931245044,156.17042206958286,126481.76889038086,XLE,2979
2019-10-03,128005.69696091846,156.17042206958286,127849.52653884888,XLE,2979
2019-10-04,128427.45596717457,141.91939185718365,128285.53657531738,XLU,2390
2019-10-07,127932.29571174244,141.91939185718365,127790.37631988525,XLU,2390
2019-10-08,126743.91474555591,141.91939185718365,126601.99535369873,XLU,2390
2019-10-09,127357.91674445728,141.91939185718365,127215.9973526001,XLU,2390
2019-10-10,127219.2999536858,141.91939185718365,127077.38056182861,XLU,2390
2019-10-11,126743.91474555591,141.91939185718365,126601.99535369873,XLU,2390
2019-10-14,125931.87964271168,141.91939185718365,125789.96025085449,XLU,2390
2019-10-15,125535.74049781421,141.91939185718365,125393.82110595703,XLU,2390
2019-10-16,125813.05613349537,141.91939185718365,125671.13674163818,XLU,2390
2019-10-17,126129.93098090748,141.91939185718365,125988.0115890503,XLU,2390
2019-10-18,126545.85429023365,141.91939185718365,126403.93489837646,XLU,2390
2019-10-21,127041.02366279224,141.91939185718365,126899.10427093506,XLU,2390
2019-10-22,127575.80694984058,141.91939185718365,127433.8875579834,XLU,2390
2019-10-23,128090.76048682789,141.91939185718365,127948.8410949707,XLU,2390
2019-10-24,128526.5135462151,141.91939185718365,128384.59415435791,XLU,2390
2019-10-25,127219.2999536858,141.91939185718365,127077.38056182861,XLU,2390
2019-10-28,125476.3333017693,141.91939185718365,125334.41390991211,XLU,2390
2019-10-29,125595.17504523853,141.91939185718365,125453.25565338135,XLU,2390
2019-10-30,126704.3190653191,141.91939185718365,126562.39967346191,XLU,2390
2019-10-31,127397.55801032642,141.91939185718365,127255.63861846924,XLU,2390
2019-11-01,127080.63757728199,141.91939185718365,126938.7181854248,XLU,2390
2019-11-04,125456.51266883472,141.91939185718365,125314.59327697754,XLU,2390
2019-11-05,124169.11059211353,141.91939185718365,124027.19120025635,XLU,2390
2019-11-06,124644.48668311695,141.91939185718365,124502.56729125977,XLU,2390
2019-11-07,122960.93634437183,141.91939185718365,122819.01695251465,XLU,2390
2019-11-08,122445.95545600513,141.91939185718365,122304.03606414795,XLU,2390
2019-11-11,121693.33666633228,141.91939185718365,121551.4172744751,XLU,2390
2019-11-12,121990.42734931568,141.91939185718365,121848.5079574585,XLU,2390
2019-11-13,123792.8011972771,141.91939185718365,123650.88180541992,XLU,2390
2019-11-14,124228.54513953785,141.91939185718365,124086.62574768066,XLU,2390
2019-11-15,124624.65693305591,141.91939185718365,124482.73754119873,XLU,2390
2019-11-18,124882.14281867603,141.91939185718365,124740.22342681885,XLU,2390
2019-11-19,124565.24061988453,141.91939185718365,124423.32122802734,XLU,2390
2019-11-20,125317.87764381031,141.91939185718365,125175.95825195312,XLU,2390
2019-11-21,124882.14281867603,141.91939185718365,124740.22342681885,XLU,2390
2019-11-22,124921.75673316578,141.91939185718365,124779.8373413086,XLU,2390
2019-11-25,124505.85165809254,141.91939185718365,124363.93226623535,XLU,2390
2019-11-26,124921.75673316578,141.91939185718365,124779.8373413086,XLU,2390
2019-11-27,125139.62870429615,141.91939185718365,124997.70931243896,XLU,2390
2019-11-29,125020.77784370045,141.91939185718365,124878.85845184326,XLU,2390
2019-12-02,124208.75185798267,141.91939185718365,124066.83246612549,XLU,2390
2019-12-03,124545.43822120289,141.91939185718365,124403.5188293457,XLU,2390
2019-12-04,125496.1721689568,141.91939185718365,125354.25277709961,XLU,2390
2019-12-05,125713.99855445484,141.91939185718365,125572.07916259766,XLU,2390
2019-12-06,125337.70739387134,141.91939185718365,125195.78800201416,XLU,2390
2019-12-09,124901.95433448414,141.91939185718365,124760.03494262695,XLU,2390
2019-12-10,124882.14281867603,141.91939185718365,124740.22342681885,XLU,2390
2019-12-11,125218.85653327564,141.91939185718365,125076.93714141846,XLU,2390
2019-12-12,124684.08236335377,141.91939185718365,124542.16297149658,XLU,2390
2019-12-13,125654.61870978931,141.91939185718365,125512.69931793213,XLU,2390
2019-12-16,127219.2999536858,141.91939185718365,127077.38056182861,XLU,2390
2019-12-17,127635.2141458855,141.91939185718365,127493.29475402832,XLU,2390
2019-12-18,128150.16768287281,141.91939185718365,128008.24829101562,XLU,2390
2019-12-19,128189.80894874195,141.91939185718365,128047.88955688477,XLU,2390
2019-12-20,129070.08574317554,141.91939185718365,128928.16635131836,XLU,2390
2019-12-23,127872.44177650074,141.91939185718365,127730.52238464355,XLU,2390
2019-12-24,128052.08563636402,141.91939185718365,127910.16624450684,XLU,2390
2019-12-26,128271.67162726978,141.91939185718365,128129.7522354126,XLU,2390
2019-12-27,128650.88938544849,141.91939185718365,128508.96999359131,XLU,2390
2019-12-30,128630.92287849048,141.91939185718365,128489.0034866333,XLU,2390
2019-12-31,129129.98526404957,141.91939185718365,128988.06587219238,XLU,2390
2020-01-02,127513.13582252125,141.91939185718365,127371.21643066406,XLU,2390
2020-01-03,127390.41445695498,206.37423478701385,127184.04022216797,XLK,1448
2020-01-06,127693.42153703311,206.37423478701385,127487.0473022461,XLK,1448
2020-01-07,127638.29519425967,206.37423478701385,127431.92095947266,XLK,1448
2020-01-08,129001.91543351748,206.37423478701385,128795.54119873047,XLK,1448
2020-01-09,130461.90182267764,206.37423478701385,130255.52758789062,XLK,1448
2020-01-10,130158.86160050967,206.37423478701385,129952.48736572266,XLK,1448
2020-01-13,131784.1275917206,206.37423478701385,131577.7533569336,XLK,1448
2020-01-14,131164.3594642792,206.37423478701385,130957.98522949219,XLK,1448
2020-01-15,131315.85195695498,206.37423478701385,131109.47772216797,XLK,1448
2020-01-16,133078.8233314667,206.37423478701385,132872.4490966797,XLK,1448
2020-01-17,133974.1016517792,206.37423478701385,133767.7274169922,XLK,1448
2020-01-21,133919.03054582217,206.37423478701385,133712.65631103516,XLK,1448
2020-01-22,134401.10433732608,206.37423478701385,134194.73010253906,XLK,1448
2020-01-23,135034.68166886905,206.37423478701385,134828.30743408203,XLK,1448
2020-01-24,134401.10433732608,206.37423478701385,134194.73010253906,XLK,1448
2020-01-27,131205.6545082245,206.37423478701385,130999.2802734375,XLK,1448
2020-01-28,133712.4338050995,206.37423478701385,133506.0595703125,XLK,1448
2020-01-29,134056.78011857608,206.37423478701385,133850.40588378906,XLK,1448
2020-01-30,135213.72628556826,206.37423478701385,135007.35205078125,XLK,1448
2020-01-31,131508.67263566592,206.37423478701385,131302.2984008789,XLK,1448
2020-02-03,133244.10293351748,206.37423478701385,133037.72869873047,XLK,1448
2020-02-04,136728.83901750186,206.37423478701385,136522.46478271484,XLK,1448
2020-02-05,137527.67385636905,206.37423478701385,137321.29962158203,XLK,1448
2020-02-06,138781.05245744326,206.37423478701385,138574.67822265625,XLK,1448
2020-02-07,137513.89779435733,206.37423478701385,137307.5235595703,XLK,1448
2020-02-10,139373.32369767764,206.37423478701385,139166.94946289062,XLK,1448
2020-02-11,138905.0038734589,206.37423478701385,138698.62963867188,XLK,1448
2020-02-12,140406.3184486542,206.37423478701385,140199.9442138672,XLK,1448
2020-02-13,140034.43105851748,206.37423478701385,139828.05682373047,XLK,1448
2020-02-14,140640.48940812686,206.37423478701385,140434.11517333984,XLK,1448
2020-02-18,140117.09847795108,206.37423478701385,139910.72424316406,XLK,1448
2020-02-19,141783.6816078339,206.37423478701385,141577.30737304688,XLK,1448
2020-02-20,140309.919156662,206.37423478701385,140103.544921875,XLK,1448
2020-02-21,137169.5956703339,206.37423478701385,136963.22143554688,XLK,1448
2020-02-24,131508.67263566592,206.37423478701385,131302.2984008789,XLK,1448
2020-02-25,127307.74703752139,206.37423478701385,127101.37280273438,XLK,1448
2020-02-26,127886.27535783389,206.37423478701385,127679.90112304688,XLK,1448
2020-02-27,120999.52584611514,206.37423478701385,120793.15161132812,XLK,1448
2020-02-28,121922.38943254092,206.37423478701385,121716.0151977539,XLK,1448
2020-03-02,128960.58724748233,206.37423478701385,128754.21301269531,XLK,1448
2020-03-03,124071.00216447451,206.37423478701385,123864.6279296875,XLK,1448
2020-03-04,129387.55679093936,206.37423478701385,129181.18255615234,XLK,1448
2020-03-05,125310.6157509003,206.37423478701385,125104.24151611328,XLK,1448
2020-03-06,122482.45246626284,122482.45246626284,0.0,GLD,0
2020-03-09,122482.45246626284,122482.45246626284,0.0,GLD,0
2020-03-10,122482.45246626284,122482.45246626284,0.0,GLD,0
2020-03-11,122482.45246626284,122482.45246626284,0.0,GLD,0
2020-03-12,122482.45246626284,122482.45246626284,0.0,GLD,0
2020-03-13,122482.45246626284,122482.45246626284,0.0,GLD,0
2020-03-16,122482.45246626284,122482.45246626284,0.0,GLD,0
2020-03-17,122482.45246626284,122482.45246626284,0.0,GLD,0
2020-03-18,122482.45246626284,122482.45246626284,0.0,GLD,0
2020-03-19,122482.45246626284,122482.45246626284,0.0,GLD,0
2020-03-20,122482.45246626284,122482.45246626284,0.0,GLD,0
2020-03-23,122482.45246626284,122482.45246626284,0.0,GLD,0
2020-03-24,122482.45246626284,122482.45246626284,0.0,GLD,0
2020-03-25,122482.45246626284,122482.45246626284,0.0,GLD,0
2020-03-26,122482.45246626284,122482.45246626284,0.0,GLD,0
2020-03-27,122482.45246626284,122482.45246626284,0.0,GLD,0
2020-03-30,122482.45246626284,122482.45246626284,0.0,GLD,0
2020-03-31,122482.45246626284,122482.45246626284,0.0,GLD,0
2020-04-01,122482.45246626284,122482.45246626284,0.0,GLD,0
2020-04-02,122482.45246626284,122482.45246626284,0.0,GLD,0
2020-04-03,122482.45246626284,122482.45246626284,0.0,GLD,0
2020-04-06,122482.45246626284,122482.45246626284,0.0,GLD,0
2020-04-07,122482.45246626284,122482.45246626284,0.0,GLD,0
2020-04-08,122482.45246626284,122482.45246626284,0.0,GLD,0
2020-04-09,122482.45246626284,122482.45246626284,0.0,GLD,0
2020-04-13,122482.45246626284,122482.45246626284,0.0,GLD,0
2020-04-14,122482.45246626284,122482.45246626284,0.0,GLD,0
2020-04-15,122482.45246626284,122482.45246626284,0.0,GLD,0
2020-04-16,122482.45246626284,122482.45246626284,0.0,GLD,0
2020-04-17,122482.45246626284,122482.45246626284,0.0,GLD,0
2020-04-20,122482.45246626284,122482.45246626284,0.0,GLD,0
2020-04-21,122482.45246626284,122482.45246626284,0.0,GLD,0
2020-04-22,122482.45246626284,122482.45246626284,0.0,GLD,0
2020-04-23,122482.45246626284,122482.45246626284,0.0,GLD,0
2020-04-24,122482.45246626284,122482.45246626284,0.0,GLD,0
2020-04-27,122482.45246626284,122482.45246626284,0.0,GLD,0
2020-04-28,122482.45246626284,122482.45246626284,0.0,GLD,0
2020-04-29,122482.45246626284,122482.45246626284,0.0,GLD,0
2020-04-30,122482.45246626284,122482.45246626284,0.0,GLD,0
2020-05-01,122482.45246626284,122482.45246626284,0.0,GLD,0
2020-05-04,122482.45246626284,122482.45246626284,0.0,GLD,0
2020-05-05,122482.45246626284,122482.45246626284,0.0,GLD,0
2020-05-06,122482.45246626284,122482.45246626284,0.0,GLD,0
2020-05-07,122482.45246626284,122482.45246626284,0.0,GLD,0
2020-05-08,122482.45246626284,122482.45246626284,0.0,TLT,0
2020-05-11,122482.45246626284,122482.45246626284,0.0,TLT,0
2020-05-12,122482.45246626284,122482.45246626284,0.0,TLT,0
2020-05-13,122482.45246626284,122482.45246626284,0.0,TLT,0
2020-05-14,122482.45246626284,122482.45246626284,0.0,TLT,0
2020-05-15,122482.45246626284,122482.45246626284,0.0,TLT,0
2020-05-18,122482.45246626284,122482.45246626284,0.0,TLT,0
2020-05-19,122482.45246626284,122482.45246626284,0.0,TLT,0
2020-05-20,122482.45246626284,122482.45246626284,0.0,TLT,0
2020-05-21,122482.45246626284,122482.45246626284,0.0,TLT,0
2020-05-22,122482.45246626284,122482.45246626284,0.0,TLT,0
2020-05-26,122482.45246626284,122482.45246626284,0.0,TLT,0
2020-05-27,122482.45246626284,122482.45246626284,0.0,TLT,0
2020-05-28,122482.45246626284,122482.45246626284,0.0,TLT,0
2020-05-29,122299.22186213687,145.48577815249155,122153.73608398438,XLK,1304
2020-06-01,122261.82458430484,145.48577815249155,122116.33880615234,XLK,1304
2020-06-02,123408.91320735171,145.48577815249155,123263.42742919922,XLK,1304
2020-06-03,124368.97564631655,145.48577815249155,124223.48986816406,XLK,1304
2020-06-04,123346.56451350405,145.48577815249155,123201.07873535156,XLK,1304
2020-06-05,126588.40808039859,145.48577815249155,126442.9223022461,XLK,1304
2020-06-08,127224.27123957827,145.48577815249155,127078.78546142578,XLK,1304
2020-06-09,127822.76696711734,145.48577815249155,127677.28118896484,XLK,1304
2020-06-10,129954.89929133609,145.48577815249155,129809.4135131836,XLK,1304
2020-06-11,122511.19946223452,145.48577815249155,122365.71368408203,XLK,1304
2020-06-12,123908.75540843203,123908.75540843203,0.0,TLT,0
2020-06-15,123908.75540843203,123908.75540843203,0.0,TLT,0
2020-06-16,123908.75540843203,123908.75540843203,0.0,TLT,0
2020-06-17,123908.75540843203,123908.75540843203,0.0,TLT,0
2020-06-18,123908.75540843203,123908.75540843203,0.0,TLT,0
2020-06-19,123908.75540843203,123908.75540843203,0.0,TLT,0
2020-06-22,123908.75540843203,123908.75540843203,0.0,TLT,0
2020-06-23,123908.75540843203,123908.75540843203,0.0,TLT,0
2020-06-24,123908.75540843203,123908.75540843203,0.0,TLT,0
2020-06-25,123908.75540843203,123908.75540843203,0.0,TLT,0
2020-06-26,123908.75540843203,123908.75540843203,0.0,TLT,0
2020-06-29,123908.75540843203,123908.75540843203,0.0,TLT,0
2020-06-30,123908.75540843203,123908.75540843203,0.0,TLT,0
2020-07-01,123908.75540843203,123908.75540843203,0.0,TLT,0
2020-07-02,123908.75540843203,123908.75540843203,0.0,TLT,0
2020-07-06,123908.75540843203,123908.75540843203,0.0,TLT,0
2020-07-07,123908.75540843203,123908.75540843203,0.0,TLT,0
2020-07-08,123908.75540843203,123908.75540843203,0.0,TLT,0
2020-07-09,123908.75540843203,123908.75540843203,0.0,TLT,0
2020-07-10,123723.46876564028,199.04023780825082,123524.42852783203,XLK,1192
2020-07-13,121163.41340675356,199.04023780825082,120964.37316894531,XLK,1192
2020-07-14,122557.73292579653,199.04023780825082,122358.69268798828,XLK,1192
2020-07-15,123220.60285987856,199.04023780825082,123021.56262207031,XLK,1192
2020-07-16,121700.5645908356,199.04023780825082,121501.52435302734,XLK,1192
2020-07-17,122294.863968277,199.04023780825082,122095.82373046875,XLK,1192
2020-07-20,125414.9879917145,199.04023780825082,125215.94775390625,XLK,1192
2020-07-21,124157.77320899966,199.04023780825082,123958.7329711914,XLK,1192
2020-07-22,125152.11903419497,199.04023780825082,124953.07879638672,XLK,1192
2020-07-23,121906.26716651919,199.04023780825082,121707.22692871094,XLK,1192
2020-07-24,120431.9274448395,199.04023780825082,120232.88720703125,XLK,1192
2020-07-27,122329.1583408356,199.04023780825082,122130.11810302734,XLK,1192
2020-07-28,120900.51716651919,199.04023780825082,120701.47692871094,XLK,1192
2020-07-29,122649.16639747622,199.04023780825082,122450.12615966797,XLK,1192
2020-07-30,123334.89924659731,199.04023780825082,123135.85900878906,XLK,1192
2020-07-31,126409.30653419497,199.04023780825082,126210.26629638672,XLK,1192
2020-08-03,129517.96272315981,199.04023780825082,129318.92248535156,XLK,1192
2020-08-04,129849.42952003481,199.04023780825082,129650.38928222656,XLK,1192
2020-08-05,130329.43251075747,199.04023780825082,130130.39227294922,XLK,1192
2020-08-06,132158.08375587466,199.04023780825082,131959.0435180664,XLK,1192
2020-08-07,130192.29139747622,199.04023780825082,129993.25115966797,XLK,1192
2020-08-10,129826.5393222809,199.04023780825082,129627.49908447266,XLK,1192
2020-08-11,127495.04945411684,199.04023780825082,127296.0092163086,XLK,1192
2020-08-12,130386.60798683169,199.04023780825082,130187.56774902344,XLK,1192
2020-08-13,130443.72889747622,199.04023780825082,130244.68865966797,XLK,1192
2020-08-14,130352.29542579653,199.04023780825082,130153.25518798828,XLK,1192
2020-08-17,131220.91340675356,199.04023780825082,131021.87316894531,XLK,1192
2020-08-18,131712.33876075747,199.04023780825082,131513.29852294922,XLK,1192
2020-08-19,131552.33473243716,199.04023780825082,131353.2944946289,XLK,1192
2020-08-20,133300.96577491763,199.04023780825082,133101.92553710938,XLK,1192
2020-08-21,134992.46681251528,199.04023780825082,134793.42657470703,XLK,1192
2020-08-24,136158.20265235903,199.04023780825082,135959.16241455078,XLK,1192
2020-08-25,136843.97187843325,199.04023780825082,136644.931640625,XLK,1192
2020-08-26,139621.17945899966,199.04023780825082,139422.1392211914,XLK,1192
2020-08-27,139735.4758457184,199.04023780825082,139536.43560791016,XLK,1192
2020-08-28,140958.38716163638,199.04023780825082,140759.34692382812,XLK,1192
2020-08-31,141404.13215675356,199.04023780825082,141205.0919189453,XLK,1192
2020-09-01,144101.3468173981,199.04023780825082,143902.30657958984,XLK,1192
2020-09-02,145381.41542091372,199.04023780825082,145182.37518310547,XLK,1192
2020-09-03,137106.82264747622,199.04023780825082,136907.78240966797,XLK,1192
2020-09-04,135198.19667091372,199.04023780825082,134999.15643310547,XLK,1192
2020-09-08,129095.10792579653,199.04023780825082,128896.06768798828,XLK,1192
2020-09-09,133300.96577491763,199.04023780825082,133101.92553710938,XLK,1192
2020-09-10,130295.16542091372,199.04023780825082,130096.12518310547,XLK,1192
2020-09-11,129107.18508787539,129107.18508787539,0.0,TLT,0
2020-09-14,129107.18508787539,129107.18508787539,0.0,TLT,0
2020-09-15,129107.18508787539,129107.18508787539,0.0,TLT,0
2020-09-16,129107.18508787539,129107.18508787539,0.0,TLT,0
2020-09-17,129107.18508787539,129107.18508787539,0.0,TLT,0
2020-09-18,129107.18508787539,129107.18508787539,0.0,GLD,0
2020-09-21,129107.18508787539,129107.18508787539,0.0,GLD,0
2020-09-22,129107.18508787539,129107.18508787539,0.0,GLD,0
2020-09-23,129107.18508787539,129107.18508787539,0.0,GLD,0
2020-09-24,129107.18508787539,129107.18508787539,0.0,GLD,0
2020-09-25,129107.18508787539,129107.18508787539,0.0,GLD,0
2020-09-28,129107.18508787539,129107.18508787539,0.0,GLD,0
2020-09-29,129107.18508787539,129107.18508787539,0.0,GLD,0
2020-09-30,129107.18508787539,129107.18508787539,0.0,GLD,0
2020-10-01,129107.18508787539,129107.18508787539,0.0,GLD,0
2020-10-02,129107.18508787539,129107.18508787539,0.0,GLD,0
2020-10-05,129107.18508787539,129107.18508787539,0.0,GLD,0
2020-10-06,129107.18508787539,129107.18508787539,0.0,GLD,0
2020-10-07,129107.18508787539,129107.18508787539,0.0,GLD,0
2020-10-08,129107.18508787539,129107.18508787539,0.0,GLD,0
2020-10-09,129107.18508787539,129107.18508787539,0.0,GLD,0
2020-10-12,129107.18508787539,129107.18508787539,0.0,GLD,0
2020-10-13,129107.18508787539,129107.18508787539,0.0,GLD,0
2020-10-14,129107.18508787539,129107.18508787539,0.0,GLD,0
2020-10-15,129107.18508787539,129107.18508787539,0.0,GLD,0
2020-10-16,129107.18508787539,129107.18508787539,0.0,GLD,0
2020-10-19,129107.18508787539,129107.18508787539,0.0,GLD,0
2020-10-20,129107.18508787539,129107.18508787539,0.0,GLD,0
2020-10-21,129107.18508787539,129107.18508787539,0.0,GLD,0
2020-10-22,129107.18508787539,129107.18508787539,0.0,GLD,0
2020-10-23,128914.10187098697,191.95727870181145,128722.14459228516,XLK,1131
2020-10-26,126120.99644801333,191.95727870181145,125929.03916931152,XLK,1131
2020-10-27,126751.34221980289,191.95727870181145,126559.38494110107,XLK,1131
2020-10-28,121382.46609828189,191.95727870181145,121190.50881958008,XLK,1131
2020-10-29,123403.93703791812,191.95727870181145,123211.97975921631,XLK,1131
2020-10-30,120676.04842707828,191.95727870181145,120484.09114837646,XLK,1131
2020-11-02,120980.35328242496,191.95727870181145,120788.39600372314,XLK,1131
2020-11-03,123110.53041407779,191.95727870181145,122918.57313537598,XLK,1131
2020-11-04,127892.49837062076,191.95727870181145,127700.54109191895,XLK,1131
2020-11-05,131859.35972163395,191.95727870181145,131667.40244293213,XLK,1131
2020-11-06,132326.68072077946,191.95727870181145,132134.72344207764,XLK,1131
2020-11-09,131370.30266139226,191.95727870181145,131178.34538269043,XLK,1131
2020-11-10,128924.93970057681,191.95727870181145,128732.982421875,XLK,1131
2020-11-11,131978.91237208562,191.95727870181145,131786.9550933838,XLK,1131
2020-11-12,130805.14781520083,191.95727870181145,130613.19053649902,XLK,1131
2020-11-13,131913.6869311066,191.95727870181145,131721.72965240479,XLK,1131
2020-11-16,133185.25081965642,191.95727870181145,132993.2935409546,XLK,1131
2020-11-17,132446.24200007634,191.95727870181145,132254.2847213745,XLK,1131
2020-11-18,131033.36351344302,191.95727870181145,130841.40623474121,XLK,1131
2020-11-19,132087.58404872136,191.95727870181145,131895.62677001953,XLK,1131
2020-11-20,130729.06728694156,191.95727870181145,130537.11000823975,XLK,1131
2020-11-23,130696.46750971988,191.95727870181145,130504.51023101807,XLK,1131
2020-11-24,132511.41566798405,191.95727870181145,132319.45838928223,XLK,1131
2020-11-25,132794.0189776154,191.95727870181145,132602.06169891357,XLK,1131
2020-11-27,133500.436648819,191.95727870181145,133308.4793701172,XLK,1131
2020-11-30,134391.62378260808,191.95727870181145,134199.66650390625,XLK,1131
2020-12-01,136108.78986689763,191.95727870181145,135916.8325881958,XLK,1131
2020-12-02,135902.2929720612,191.95727870181145,135710.33569335938,XLK,1131
2020-12-03,135815.34872767644,191.95727870181145,135623.3914489746,XLK,1131
2020-12-04,137173.88274714665,191.95727870181145,136981.92546844482,XLK,1131
2020-12-07,137565.11458918767,191.95727870181145,137373.15731048584,XLK,1131
2020-12-08,138010.69089839177,191.95727870181145,137818.73361968994,XLK,1131
2020-12-09,135369.7551607819,191.95727870181145,135177.79788208008,XLK,1131
2020-12-10,135565.39696833806,191.95727870181145,135373.43968963623,XLK,1131
2020-12-11,135282.80228755192,191.95727870181145,135090.8450088501,XLK,1131
2020-12-14,135771.87660548405,191.95727870181145,135579.91932678223,XLK,1131
2020-12-15,138032.46147486882,191.95727870181145,137840.504196167,XLK,1131
2020-12-16,138967.12935969548,191.95727870181145,138775.17208099365,XLK,1131
2020-12-17,140064.78750178532,191.95727870181145,139872.8302230835,XLK,1131
2020-12-18,139575.7218126984,191.95727870181145,139383.76453399658,XLK,1131
2020-12-21,139715.1725802155,191.95727870181145,139523.21530151367,XLK,1131
2020-12-22,140924.33266017155,191.95727870181145,140732.37538146973,XLK,1131
2020-12-23,139856.7891878815,191.95727870181145,139664.8319091797,XLK,1131
2020-12-24,140782.6987948151,191.95727870181145,140590.74151611328,XLK,1131
2020-12-28,142373.1589159699,191.95727870181145,142181.20163726807,XLK,1131
2020-12-29,141697.75331446843,191.95727870181145,141505.7960357666,XLK,1131
2020-12-30,141621.5260958405,191.95727870181145,141429.56881713867,XLK,1131
2020-12-31,141828.50620600895,191.95727870181145,141636.54892730713,XLK,1131
2021-01-04,139519.06481501774,191.95727870181145,139327.10753631592,XLK,1131
2021-01-05,140423.22110316472,191.95727870181145,140231.2638244629,XLK,1131
2021-01-06,138004.88368556218,191.95727870181145,137812.92640686035,XLK,1131
2021-01-07,141719.5325197907,191.95727870181145,141527.57524108887,XLK,1131
2021-01-08,142207.95642399217,224.43194889451843,141983.52447509766,XLY,874
2021-01-11,139558.24383854296,224.43194889451843,139333.81188964844,XLY,874
2021-01-12,141686.44504093553,224.43194889451843,141462.01309204102,XLY,874
2021-01-13,141678.05658268358,224.43194889451843,141453.62463378906,XLY,874
2021-01-14,140777.95767521288,224.43194889451843,140553.52572631836,XLY,874
2021-01-15,139274.9641935692,164.43810103990836,139110.5260925293,XLB,2029
2021-01-19,139755.00028060534,164.43810103990836,139590.56217956543,XLB,2029
2021-01-20,140216.63059829333,164.43810103990836,140052.19249725342,XLB,2029
2021-01-21,138167.05762313463,164.43810103990836,138002.61952209473,XLB,2029
2021-01-22,137502.3446409569,164.43810103990836,137337.906539917,XLB,2029
2021-01-25,136782.2595503197,164.43810103990836,136617.82144927979,XLB,2029
2021-01-26,134898.88030074694,164.43810103990836,134734.44219970703,XLB,2029
2021-01-27,130929.1010572777,164.43810103990836,130764.6629562378,XLB,2029
2021-01-28,133181.67929671862,164.43810103990836,133017.2411956787,XLB,2029
2021-01-29,130401.06519284823,130401.06519284823,0.0,GLD,0
2021-02-01,130401.06519284823,130401.06519284823,0.0,GLD,0
2021-02-02,130401.06519284823,130401.06519284823,0.0,GLD,0
2021-02-03,130401.06519284823,130401.06519284823,0.0,GLD,0
2021-02-04,130401.06519284823,130401.06519284823,0.0,GLD,0
2021-02-05,130401.06519284823,130401.06519284823,0.0,GLD,0
2021-02-08,130401.06519284823,130401.06519284823,0.0,GLD,0
2021-02-09,130401.06519284823,130401.06519284823,0.0,GLD,0
2021-02-10,130401.06519284823,130401.06519284823,0.0,GLD,0
2021-02-11,130401.06519284823,130401.06519284823,0.0,GLD,0
2021-02-12,130206.02709308626,180.62725177766697,130025.3998413086,XLB,1922
2021-02-16,129961.14336505892,180.62725177766697,129780.51611328125,XLB,1922
2021-02-17,129891.22686115267,180.62725177766697,129710.599609375,XLB,1922
2021-02-18,129086.62984577181,180.62725177766697,128906.00259399414,XLB,1922
2021-02-19,131447.8808681107,180.62725177766697,131267.253616333,XLB,1922
2021-02-22,131955.11278644565,180.62725177766697,131774.48553466797,XLB,1922
2021-02-23,132409.83400836948,180.62725177766697,132229.2067565918,XLB,1922
2021-02-24,133564.2481624222,180.62725177766697,133383.62091064453,XLB,1922
2021-02-25,130485.86907306673,180.62725177766697,130305.24182128906,XLB,1922
2021-02-26,128631.3308155594,128631.3308155594,0.0,TIPX,0
2021-03-01,128631.3308155594,128631.3308155594,0.0,TIPX,0
2021-03-02,128631.3308155594,128631.3308155594,0.0,TIPX,0
2021-03-03,128631.3308155594,128631.3308155594,0.0,TIPX,0
2021-03-04,128631.3308155594,128631.3308155594,0.0,TIPX,0
2021-03-05,128631.3308155594,128631.3308155594,0.0,TIPX,0
2021-03-08,128631.3308155594,128631.3308155594,0.0,TIPX,0
2021-03-09,128631.3308155594,128631.3308155594,0.0,TIPX,0
2021-03-10,128631.3308155594,128631.3308155594,0.0,TIPX,0
2021-03-11,128631.3308155594,128631.3308155594,0.0,TIPX,0
2021-03-12,128438.88356067086,140.7136349811626,128298.1699256897,XLF,4009
2021-03-15,127700.91399051095,140.7136349811626,127560.20035552979,XLF,4009
2021-03-16,126372.5687642231,140.7136349811626,126231.85512924194,XLF,4009
2021-03-17,127221.222300066,140.7136349811626,127080.50866508484,XLF,4009
2021-03-18,127885.41020633126,140.7136349811626,127744.6965713501,XLF,4009
2021-03-19,126409.44047976876,140.7136349811626,126268.7268447876,XLF,4009
2021-03-22,124782.41294719125,140.7136349811626,124641.69931221008,XLF,4009
2021-03-23,123040.44231463815,140.7136349811626,122899.72867965698,XLF,4009
2021-03-24,123485.19686938668,140.7136349811626,123344.48323440552,XLF,4009
2021-03-25,125560.7028317585,140.7136349811626,125419.98919677734,XLF,4009
2021-03-26,127525.0201554432,140.7136349811626,127384.30652046204,XLF,4009
2021-03-29,126413.13376857186,140.7136349811626,126272.4201335907,XLF,4009
2021-03-30,127302.66581775094,140.7136349811626,127161.95218276978,XLF,4009
2021-03-31,126339.00036288644,140.7136349811626,126198.28672790527,XLF,4009
2021-04-01,127895.66424418832,140.7136349811626,127754.95060920715,XLF,4009
2021-04-05,128896.34669925118,140.7136349811626,128755.63306427002,XLF,4009
2021-04-06,128636.9141888752,140.7136349811626,128496.20055389404,XLF,4009
2021-04-07,129266.97549487496,140.7136349811626,129126.2618598938,XLF,4009
2021-04-08,129304.03072787667,140.7136349811626,129163.31709289551,XLF,4009
2021-04-09,130415.90182162667,140.7136349811626,130275.18818664551,XLF,4009
2021-04-12,130971.85266162301,140.7136349811626,130831.13902664185,XLF,4009
2021-04-13,129748.76998950387,140.7136349811626,129608.0563545227,XLF,4009
2021-04-14,130527.12869311715,140.7136349811626,130386.41505813599,XLF,4009
2021-04-15,130415.90182162667,140.7136349811626,130275.18818664551,XLF,4009
2021-04-16,131342.4814572468,140.7136349811626,131201.76782226562,XLF,4009
2021-04-19,130971.85266162301,140.7136349811626,130831.13902664185,XLF,4009
2021-04-20,128525.70261050606,140.7136349811626,128384.9889755249,XLF,4009
2021-04-21,130304.7208295002,140.7136349811626,130164.00719451904,XLF,4009
2021-04-22,128859.29146624947,140.7136349811626,128718.57783126831,XLF,4009
2021-04-23,130875.53740442467,154.85736597252253,130720.68003845215,XLE,3259
2021-04-26,131755.43159998133,154.85736597252253,131600.5742340088,XLE,3259
2021-04-27,133350.23361337854,154.85736597252253,133195.376247406,XLE,3259
2021-04-28,137942.22806680872,154.85736597252253,137787.37070083618,XLE,3259
2021-04-29,139482.080205328,154.85736597252253,139327.22283935547,XLE,3259
2021-04-30,135962.4536947079,154.85736597252253,135807.59632873535,XLE,3259
2021-05-03,139702.016457922,154.85736597252253,139547.15909194946,XLE,3259
2021-05-04,139784.52829492762,154.85736597252253,139629.67092895508,XLE,3259
2021-05-05,144294.03577554895,154.85736597252253,144139.17840957642,XLE,3259
2021-05-06,145036.45582712366,154.85736597252253,144881.59846115112,XLE,3259
2021-05-07,147621.17610681726,154.85736597252253,147466.31874084473,XLE,3259
2021-05-10,147676.17571008875,154.85736597252253,147521.3183441162,XLE,3259
2021-05-11,143881.60091150476,154.85736597252253,143726.74354553223,XLE,3259
2021-05-12,144569.021359808,154.85736597252253,144414.16399383545,XLE,3259
2021-05-13,142809.2329686947,154.85736597252253,142654.37560272217,XLE,3259
2021-05-14,147236.21618021204,154.85736597252253,147081.3588142395,XLE,3259
2021-05-17,150645.8310521908,154.85736597252253,150490.97368621826,XLE,3259
2021-05-18,147153.7167753048,154.85736597252253,146998.85940933228,XLE,3259
2021-05-19,143496.60368860437,154.85736597252253,143341.74632263184,XLE,3259
2021-05-20,143276.6425718136,154.85736597252253,143121.78520584106,XLE,3259
2021-05-21,143363.99155182077,143363.99155182077,0.0,TIPX,0
2021-05-24,143363.99155182077,143363.99155182077,0.0,TIPX,0
2021-05-25,143363.99155182077,143363.99155182077,0.0,TIPX,0
2021-05-26,143363.99155182077,143363.99155182077,0.0,TIPX,0
2021-05-27,143363.99155182077,143363.99155182077,0.0,TIPX,0
2021-05-28,143363.99155182077,143363.99155182077,0.0,TIPX,0
2021-06-01,143363.99155182077,143363.99155182077,0.0,TIPX,0
2021-06-02,143363.99155182077,143363.99155182077,0.0,TIPX,0
2021-06-03,143363.99155182077,143363.99155182077,0.0,TIPX,0
2021-06-04,143363.99155182077,143363.99155182077,0.0,TIPX,0
2021-06-07,143363.99155182077,143363.99155182077,0.0,TIPX,0
2021-06-08,143363.99155182077,143363.99155182077,0.0,TIPX,0
2021-06-09,143363.99155182077,143363.99155182077,0.0,TIPX,0
2021-06-10,143363.99155182077,143363.99155182077,0.0,TIPX,0
2021-06-11,143363.99155182077,143363.99155182077,0.0,TIPX,0
2021-06-14,143363.99155182077,143363.99155182077,0.0,TIPX,0
2021-06-15,143363.99155182077,143363.99155182077,0.0,TIPX,0
2021-06-16,143363.99155182077,143363.99155182077,0.0,TIPX,0
2021-06-17,143363.99155182077,143363.99155182077,0.0,TIPX,0
2021-06-18,143363.99155182077,143363.99155182077,0.0,TIPX,0
2021-06-21,143363.99155182077,143363.99155182077,0.0,TIPX,0
2021-06-22,143363.99155182077,143363.99155182077,0.0,TIPX,0
2021-06-23,143363.99155182077,143363.99155182077,0.0,TIPX,0
2021-06-24,143363.99155182077,143363.99155182077,0.0,TIPX,0
2021-06-25,143149.53815007975,180.6036560611974,142968.93449401855,XLE,3031
2021-06-28,138318.4540932255,180.6036560611974,138137.8504371643,XLE,3031
2021-06-29,137646.75108266642,180.6036560611974,137466.14742660522,XLE,3031
2021-06-30,139351.8504555302,180.6036560611974,139171.246799469,XLE,3031
2021-07-01,141780.30184484294,180.6036560611974,141599.69818878174,XLE,3031
2021-07-02,141470.29218602946,180.6036560611974,141289.68852996826,XLE,3031
2021-07-06,136871.71537328532,180.6036560611974,136691.11171722412,XLE,3031
2021-07-07,134649.92938161662,180.6036560611974,134469.32572555542,XLE,3031
2021-07-08,133874.8936722355,180.6036560611974,133694.29001617432,XLE,3031
2021-07-09,136716.68741918376,180.6036560611974,136536.08376312256,XLE,3031
2021-07-12,136510.0220215397,180.6036560611974,136329.41836547852,XLE,3031
2021-07-13,135476.64878392985,180.6036560611974,135296.04512786865,XLE,3031
2021-07-14,131446.43072057536,180.6036560611974,131265.82706451416,XLE,3031
2021-07-15,129612.19148946574,180.6036560611974,129431.58783340454,XLE,3031
2021-07-16,125943.67834020426,180.6036560611974,125763.07468414307,XLE,3031
2021-07-19,121500.08323217204,180.6036560611974,121319.47957611084,XLE,3031
2021-07-20,123127.69175267985,180.6036560611974,122947.08809661865,XLE,3031
2021-07-21,127416.22421956828,180.6036560611974,127235.62056350708,XLE,3031
2021-07-22,125995.33890844157,180.6036560611974,125814.73525238037,XLE,3031
2021-07-23,125530.30129552653,180.6036560611974,125349.69763946533,XLE,3031
2021-07-26,128630.49038244059,180.6036560611974,128449.8867263794,XLE,3031
2021-07-27,127442.07762838175,180.6036560611974,127261.47397232056,XLE,3031
2021-07-28,128604.61384893229,180.6036560611974,128424.0101928711,XLE,3031
2021-07-29,129844.69873357585,180.6036560611974,129664.09507751465,XLE,3031
2021-07-30,127777.91757131388,180.6036560611974,127597.31391525269,XLE,3031
2021-08-02,126822.03518605998,180.6036560611974,126641.43152999878,XLE,3031
2021-08-03,128992.13748479655,180.6036560611974,128811.53382873535,XLE,3031
2021-08-04,125504.45944906046,180.6036560611974,125323.85579299927,XLE,3031
2021-08-05,126925.37944722941,180.6036560611974,126744.77579116821,XLE,3031
2021-08-06,128087.93879247477,180.6036560611974,127907.33513641357,XLE,3031
2021-08-09,126279.51828313639,180.6036560611974,126098.9146270752,XLE,3031
2021-08-10,128501.26958776286,180.6036560611974,128320.66593170166,XLE,3031
2021-08-11,129508.8472282963,180.6036560611974,129328.24357223511,XLE,3031
2021-08-12,129379.6495583134,180.6036560611974,129199.0459022522,XLE,3031
2021-08-13,127855.40842366984,180.6036560611974,127674.80476760864,XLE,3031
2021-08-16,125504.45944906046,180.6036560611974,125323.85579299927,XLE,3031
2021-08-17,124212.74868322184,180.6036560611974,124032.14502716064,XLE,3031
2021-08-18,121629.25777746012,180.6036560611974,121448.65412139893,XLE,3031
2021-08-19,118477.44280935099,180.6036560611974,118296.8391532898,XLE,3031
2021-08-20,118557.94757255747,118557.94757255747,0.0,TIPX,0
2021-08-23,118557.94757255747,118557.94757255747,0.0,TIPX,0
2021-08-24,118557.94757255747,118557.94757255747,0.0,TIPX,0
2021-08-25,118557.94757255747,118557.94757255747,0.0,TIPX,0
2021-08-26,118557.94757255747,118557.94757255747,0.0,TIPX,0
2021-08-27,118557.94757255747,118557.94757255747,0.0,TIPX,0
2021-08-30,118557.94757255747,118557.94757255747,0.0,TIPX,0
2021-08-31,118557.94757255747,118557.94757255747,0.0,TIPX,0
2021-09-01,118557.94757255747,118557.94757255747,0.0,TIPX,0
2021-09-02,118557.94757255747,118557.94757255747,0.0,TIPX,0
2021-09-03,118557.94757255747,118557.94757255747,0.0,TIPX,0
2021-09-07,118557.94757255747,118557.94757255747,0.0,TIPX,0
2021-09-08,118557.94757255747,118557.94757255747,0.0,TIPX,0
2021-09-09,118557.94757255747,118557.94757255747,0.0,TIPX,0
2021-09-10,118380.57277645114,130.70870555880538,118249.86407089233,XLE,2903
2021-09-13,121770.44409526828,130.70870555880538,121639.73538970947,XLE,2903
2021-09-14,120013.65423931125,130.70870555880538,119882.94553375244,XLE,2903
2021-09-15,124492.26129879,130.70870555880538,124361.5525932312,XLE,2903
2021-09-16,123081.84608425143,130.70870555880538,122951.13737869263,XLE,2903
2021-09-17,122166.36410869601,130.70870555880538,122035.6554031372,XLE,2903
2021-09-20,118439.76366008761,130.70870555880538,118309.05495452881,XLE,2903
2021-09-21,118715.24212993625,130.70870555880538,118584.53342437744,XLE,2903
2021-09-22,122371.71051754,130.70870555880538,122241.0018119812,XLE,2903
2021-09-23,126654.29553188327,130.70870555880538,126523.58682632446,XLE,2903
2021-09-24,127605.96755565646,130.70870555880538,127475.25885009766,XLE,2903
2021-09-27,132138.95935405733,130.70870555880538,132008.25064849854,XLE,2903
2021-09-28,132589.7845875168,130.70870555880538,132459.075881958,XLE,2903
2021-09-29,132589.7845875168,130.70870555880538,132459.075881958,XLE,2903
2021-09-30,130586.20916713717,130.70870555880538,130455.50046157837,XLE,2903
2021-10-01,134565.14572890475,179.73218520358205,134385.41354370117,VNQ,1524
2021-10-04,134591.1790235825,179.73218520358205,134411.4468383789,VNQ,1524
2021-10-05,133666.80521376804,179.73218520358205,133487.07302856445,VNQ,1524
2021-10-06,134942.69245131686,179.73218520358205,134762.96026611328,VNQ,1524
2021-10-07,135307.2748487778,179.73218520358205,135127.54266357422,VNQ,1524
2021-10-08,134031.3411024399,179.73218520358205,133851.60891723633,VNQ,1524
2021-10-11,134369.85532363132,179.73218520358205,134190.12313842773,VNQ,1524
2021-10-12,136127.43408950046,179.73218520358205,135947.70190429688,VNQ,1524
2021-10-13,137116.93183119968,179.73218520358205,136937.1996459961,VNQ,1524
2021-10-14,138783.39987929538,179.73218520358205,138603.6676940918,VNQ,1524
2021-10-15,138679.25507338718,179.73218520358205,138499.5228881836,VNQ,1524
2021-10-18,139030.79175551608,179.73218520358205,138851.0595703125,VNQ,1524
2021-10-19,139095.83429702,179.73218520358205,138916.1021118164,VNQ,1524
2021-10-20,141283.11939223483,179.73218520358205,141103.38720703125,VNQ,1524
2021-10-21,141478.38654311374,179.73218520358205,141298.65435791016,VNQ,1524
2021-10-22,142142.36927016452,179.73218520358205,141962.63708496094,VNQ,1524
2021-10-25,142598.05075820163,179.73218520358205,142418.31857299805,VNQ,1524
2021-10-26,142988.64319594577,179.73218520358205,142808.9110107422,VNQ,1524
2021-10-27,141777.8450086899,179.73218520358205,141598.11282348633,VNQ,1524
2021-10-28,143756.77072890475,179.73218520358205,143577.03854370117,VNQ,1524
2021-10-29,142142.36927016452,179.73218520358205,141962.63708496094,VNQ,1524
2021-11-01,142845.40775283054,179.73218520358205,142665.67556762695,VNQ,1524
2021-11-02,143522.42456801608,179.73218520358205,143342.6923828125,VNQ,1524
2021-11-03,144004.1509779282,179.73218520358205,143824.4187927246,VNQ,1524
2021-11-04,142637.1297682114,179.73218520358205,142457.3975830078,VNQ,1524
2021-11-05,143366.2131727524,179.73218520358205,143186.48098754883,VNQ,1524
2021-11-08,143249.03427870944,179.73218520358205,143069.30209350586,VNQ,1524
2021-11-09,143496.4029005356,179.73218520358205,143316.67071533203,VNQ,1524
2021-11-10,142832.3969190903,179.73218520358205,142652.66473388672,VNQ,1524
2021-11-11,143066.75470717624,179.73218520358205,142887.02252197266,VNQ,1524
2021-11-12,142962.60990126804,179.73218520358205,142782.87771606445,VNQ,1524
2021-11-15,143965.0835951157,179.73218520358205,143785.3514099121,VNQ,1524
2021-11-16,143014.66486342624,179.73218520358205,142834.93267822266,VNQ,1524
2021-11-17,143457.34714492038,179.73218520358205,143277.6149597168,VNQ,1524
2021-11-18,143483.3804395981,179.73218520358205,143303.64825439453,VNQ,1524
2021-11-19,142637.1297682114,179.73218520358205,142457.3975830078,VNQ,1524
2021-11-22,141934.06803115085,179.73218520358205,141754.33584594727,VNQ,1524
2021-11-23,143079.77716811374,179.73218520358205,142900.04498291016,VNQ,1524
2021-11-24,144811.31101210788,179.73218520358205,144631.5788269043,VNQ,1524
2021-11-26,140367.14435245516,158.3367352676578,140208.8076171875,XLK,872
2021-11-29,143872.57477237703,158.3367352676578,143714.23803710938,XLK,872
2021-11-30,142673.13568546297,158.3367352676578,142514.7989501953,XLK,872
2021-12-01,140721.92657901766,158.3367352676578,140563.58984375,XLK,872
2021-12-02,142014.29242374422,158.3367352676578,141855.95568847656,XLK,872
2021-12-03,139431.52461704257,139431.52461704257,0.0,TIPX,0
2021-12-06,139431.52461704257,139431.52461704257,0.0,TIPX,0
2021-12-07,139431.52461704257,139431.52461704257,0.0,TIPX,0
2021-12-08,139431.52461704257,139431.52461704257,0.0,TIPX,0
2021-12-09,139431.52461704257,139431.52461704257,0.0,TIPX,0
2021-12-10,139431.52461704257,139431.52461704257,0.0,TIPX,0
2021-12-13,139431.52461704257,139431.52461704257,0.0,TIPX,0
2021-12-14,139431.52461704257,139431.52461704257,0.0,TIPX,0
2021-12-15,139431.52461704257,139431.52461704257,0.0,TIPX,0
2021-12-16,139431.52461704257,139431.52461704257,0.0,TIPX,0
2021-12-17,139431.52461704257,139431.52461704257,0.0,TIPX,0
2021-12-20,139431.52461704257,139431.52461704257,0.0,TIPX,0
2021-12-21,139431.52461704257,139431.52461704257,0.0,TIPX,0
2021-12-22,139431.52461704257,139431.52461704257,0.0,TIPX,0
2021-12-23,139431.52461704257,139431.52461704257,0.0,TIPX,0
2021-12-27,139431.52461704257,139431.52461704257,0.0,TIPX,0
2021-12-28,139431.52461704257,139431.52461704257,0.0,TIPX,0
2021-12-29,139431.52461704257,139431.52461704257,0.0,TIPX,0
2021-12-30,139431.52461704257,139431.52461704257,0.0,TIPX,0
2021-12-31,139431.52461704257,139431.52461704257,0.0,TIPX,0
2022-01-03,139431.52461704257,139431.52461704257,0.0,TIPX,0
2022-01-04,139431.52461704257,139431.52461704257,0.0,TIPX,0
2022-01-05,139431.52461704257,139431.52461704257,0.0,TIPX,0
2022-01-06,139431.52461704257,139431.52461704257,0.0,TIPX,0
2022-01-07,139222.95387209323,175.79057253268547,139047.16329956055,XLE,2594
2022-01-10,138792.249968895,175.79057253268547,138616.4593963623,XLE,2594
2022-01-11,143507.2435525742,175.79057253268547,143331.4529800415,XLE,2594
2022-01-12,143779.25613344577,175.79057253268547,143603.4655609131,XLE,2594
2022-01-13,143053.87935579685,175.79057253268547,142878.08878326416,XLE,2594
2022-01-14,146408.780349144,175.79057253268547,146232.98977661133,XLE,2594
2022-01-18,146998.1557840195,175.79057253268547,146822.36521148682,XLE,2594
2022-01-19,145932.76575411228,175.79057253268547,145756.9751815796,XLE,2594
2022-01-20,144595.34335268405,175.79057253268547,144419.55278015137,XLE,2594
2022-01-21,141526.7821384163,141526.7821384163,0.0,GLD,0
2022-01-24,141526.7821384163,141526.7821384163,0.0,GLD,0
2022-01-25,141526.7821384163,141526.7821384163,0.0,GLD,0
2022-01-26,141526.7821384163,141526.7821384163,0.0,GLD,0
2022-01-27,141526.7821384163,141526.7821384163,0.0,GLD,0
2022-01-28,141526.7821384163,141526.7821384163,0.0,GLD,0
2022-01-31,141526.7821384163,141526.7821384163,0.0,GLD,0
2022-02-01,141526.7821384163,141526.7821384163,0.0,GLD,0
2022-02-02,141526.7821384163,141526.7821384163,0.0,GLD,0
2022-02-03,141526.7821384163,141526.7821384163,0.0,GLD,0
2022-02-04,141526.7821384163,141526.7821384163,0.0,GLD,0
2022-02-07,141526.7821384163,141526.7821384163,0.0,GLD,0
2022-02-08,141526.7821384163,141526.7821384163,0.0,GLD,0
2022-02-09,141526.7821384163,141526.7821384163,0.0,GLD,0
2022-02-10,141526.7821384163,141526.7821384163,0.0,GLD,0
2022-02-11,141526.7821384163,141526.7821384163,0.0,SHY,0
2022-02-14,141526.7821384163,141526.7821384163,0.0,SHY,0
2022-02-15,141526.7821384163,141526.7821384163,0.0,SHY,0
2022-02-16,141526.7821384163,141526.7821384163,0.0,SHY,0
2022-02-17,141526.7821384163,141526.7821384163,0.0,SHY,0
2022-02-18,141526.7821384163,141526.7821384163,0.0,GLD,0
2022-02-22,141526.7821384163,141526.7821384163,0.0,GLD,0
2022-02-23,141526.7821384163,141526.7821384163,0.0,GLD,0
2022-02-24,141526.7821384163,141526.7821384163,0.0,GLD,0
2022-02-25,141526.7821384163,141526.7821384163,0.0,GLD,0
2022-02-28,141526.7821384163,141526.7821384163,0.0,GLD,0
2022-03-01,141526.7821384163,141526.7821384163,0.0,GLD,0
2022-03-02,141526.7821384163,141526.7821384163,0.0,GLD,0
2022-03-03,141526.7821384163,141526.7821384163,0.0,GLD,0
2022-03-04,141526.7821384163,141526.7821384163,0.0,GLD,0
2022-03-07,141526.7821384163,141526.7821384163,0.0,GLD,0
2022-03-08,141526.7821384163,141526.7821384163,0.0,GLD,0
2022-03-09,141526.7821384163,141526.7821384163,0.0,GLD,0
2022-03-10,141526.7821384163,141526.7821384163,0.0,GLD,0
2022-03-11,141526.7821384163,141526.7821384163,0.0,GLD,0
2022-03-14,141526.7821384163,141526.7821384163,0.0,GLD,0
2022-03-15,141526.7821384163,141526.7821384163,0.0,GLD,0
2022-03-16,141526.7821384163,141526.7821384163,0.0,GLD,0
2022-03-17,141526.7821384163,141526.7821384163,0.0,GLD,0
2022-03-18,141526.7821384163,141526.7821384163,0.0,GLD,0
2022-03-21,141526.7821384163,141526.7821384163,0.0,GLD,0
2022-03-22,141526.7821384163,141526.7821384163,0.0,GLD,0
2022-03-23,141526.7821384163,141526.7821384163,0.0,GLD,0
2022-03-24,141526.7821384163,141526.7821384163,0.0,GLD,0
2022-03-25,141526.7821384163,141526.7821384163,0.0,GLD,0
2022-03-28,141526.7821384163,141526.7821384163,0.0,GLD,0
2022-03-29,141526.7821384163,141526.7821384163,0.0,GLD,0
2022-03-30,141526.7821384163,141526.7821384163,0.0,GLD,0
2022-03-31,141526.7821384163,141526.7821384163,0.0,GLD,0
2022-04-01,141315.2623635979,302.07915131762275,141013.18321228027,XLY,785
2022-04-04,144482.23715607836,302.07915131762275,144180.15800476074,XLY,785
2022-04-05,141102.11119477465,302.07915131762275,140800.03204345703,XLY,785
2022-04-06,137508.8220864983,302.07915131762275,137206.74293518066,XLY,785
2022-04-07,138209.22041718676,302.07915131762275,137907.14126586914,XLY,785
2022-04-08,136528.408708313,180.95557568361983,136347.4531326294,XLU,1973
2022-04-11,134668.15414593508,180.95557568361983,134487.19857025146,XLU,1973
2022-04-12,135181.93615887454,180.95557568361983,135000.98058319092,XLU,1973
2022-04-13,134916.22421429446,180.95557568361983,134735.26863861084,XLU,1973
2022-04-14,134987.09277508548,180.95557568361983,134806.13719940186,XLU,1973
2022-04-18,134260.70507977298,180.95557568361983,134079.74950408936,XLU,1973
2022-04-19,135128.78473828128,180.95557568361983,134947.82916259766,XLU,1973
2022-04-20,136227.2323777466,180.95557568361983,136046.276802063,XLU,1973
2022-04-21,133977.2157838135,180.95557568361983,133796.26020812988,XLU,1973
2022-04-22,131529.87982445912,131529.87982445912,0.0,GLD,0
2022-04-25,131529.87982445912,131529.87982445912,0.0,GLD,0
2022-04-26,131529.87982445912,131529.87982445912,0.0,GLD,0
2022-04-27,131529.87982445912,131529.87982445912,0.0,GLD,0
2022-04-28,131529.87982445912,131529.87982445912,0.0,GLD,0
2022-04-29,131529.87982445912,131529.87982445912,0.0,SHY,0
2022-05-02,131529.87982445912,131529.87982445912,0.0,SHY,0
2022-05-03,131529.87982445912,131529.87982445912,0.0,SHY,0
2022-05-04,131529.87982445912,131529.87982445912,0.0,SHY,0
2022-05-05,131529.87982445912,131529.87982445912,0.0,SHY,0
2022-05-06,131529.87982445912,131529.87982445912,0.0,SHY,0
2022-05-09,131529.87982445912,131529.87982445912,0.0,SHY,0
2022-05-10,131529.87982445912,131529.87982445912,0.0,SHY,0
2022-05-11,131529.87982445912,131529.87982445912,0.0,SHY,0
2022-05-12,131529.87982445912,131529.87982445912,0.0,SHY,0
2022-05-13,131529.87982445912,131529.87982445912,0.0,SHY,0
2022-05-16,131529.87982445912,131529.87982445912,0.0,SHY,0
2022-05-17,131529.87982445912,131529.87982445912,0.0,SHY,0
2022-05-18,131529.87982445912,131529.87982445912,0.0,SHY,0
2022-05-19,131529.87982445912,131529.87982445912,0.0,SHY,0
2022-05-20,131529.87982445912,131529.87982445912,0.0,SHY,0
2022-05-23,131529.87982445912,131529.87982445912,0.0,SHY,0
2022-05-24,131529.87982445912,131529.87982445912,0.0,SHY,0
2022-05-25,131529.87982445912,131529.87982445912,0.0,SHY,0
2022-05-26,131529.87982445912,131529.87982445912,0.0,SHY,0
2022-05-27,131529.87982445912,131529.87982445912,0.0,IEF,0
2022-05-31,131529.87982445912,131529.87982445912,0.0,IEF,0
2022-06-01,131529.87982445912,131529.87982445912,0.0,IEF,0
2022-06-02,131529.87982445912,131529.87982445912,0.0,IEF,0
2022-06-03,131529.87982445912,131529.87982445912,0.0,IEF,0
2022-06-06,131529.87982445912,131529.87982445912,0.0,IEF,0
2022-06-07,131529.87982445912,131529.87982445912,0.0,IEF,0
2022-06-08,131529.87982445912,131529.87982445912,0.0,IEF,0
2022-06-09,131529.87982445912,131529.87982445912,0.0,IEF,0
2022-06-10,131529.87982445912,131529.87982445912,0.0,TIPX,0
2022-06-13,131529.87982445912,131529.87982445912,0.0,TIPX,0
2022-06-14,131529.87982445912,131529.87982445912,0.0,TIPX,0
2022-06-15,131529.87982445912,131529.87982445912,0.0,TIPX,0
2022-06-16,131529.87982445912,131529.87982445912,0.0,TIPX,0
2022-06-17,131529.87982445912,131529.87982445912,0.0,GLD,0
2022-06-21,131529.87982445912,131529.87982445912,0.0,GLD,0
2022-06-22,131529.87982445912,131529.87982445912,0.0,GLD,0
2022-06-23,131529.87982445912,131529.87982445912,0.0,GLD,0
2022-06-24,131529.87982445912,131529.87982445912,0.0,GLD,0
2022-06-27,131529.87982445912,131529.87982445912,0.0,GLD,0
2022-06-28,131529.87982445912,131529.87982445912,0.0,GLD,0
2022-06-29,131529.87982445912,131529.87982445912,0.0,GLD,0
2022-06-30,131529.87982445912,131529.87982445912,0.0,GLD,0
2022-07-01,131529.87982445912,131529.87982445912,0.0,SHY,0
2022-07-05,131529.87982445912,131529.87982445912,0.0,SHY,0
2022-07-06,131529.87982445912,131529.87982445912,0.0,SHY,0
2022-07-07,131529.87982445912,131529.87982445912,0.0,SHY,0
2022-07-08,131529.87982445912,131529.87982445912,0.0,IEF,0
2022-07-11,131529.87982445912,131529.87982445912,0.0,IEF,0
2022-07-12,131529.87982445912,131529.87982445912,0.0,IEF,0
2022-07-13,131529.87982445912,131529.87982445912,0.0,IEF,0
2022-07-14,131529.87982445912,131529.87982445912,0.0,IEF,0
2022-07-15,131529.87982445912,131529.87982445912,0.0,TLT,0
2022-07-18,131529.87982445912,131529.87982445912,0.0,TLT,0
2022-07-19,131529.87982445912,131529.87982445912,0.0,TLT,0
2022-07-20,131529.87982445912,131529.87982445912,0.0,TLT,0
2022-07-21,131529.87982445912,131529.87982445912,0.0,TLT,0
2022-07-22,131529.87982445912,131529.87982445912,0.0,TLT,0
2022-07-25,131529.87982445912,131529.87982445912,0.0,TLT,0
2022-07-26,131529.87982445912,131529.87982445912,0.0,TLT,0
2022-07-27,131529.87982445912,131529.87982445912,0.0,TLT,0
2022-07-28,131529.87982445912,131529.87982445912,0.0,TLT,0
2022-07-29,131529.87982445912,131529.87982445912,0.0,TLT,0
2022-08-01,131529.87982445912,131529.87982445912,0.0,TLT,0
2022-08-02,131529.87982445912,131529.87982445912,0.0,TLT,0
2022-08-03,131529.87982445912,131529.87982445912,0.0,TLT,0
2022-08-04,131529.87982445912,131529.87982445912,0.0,TLT,0
2022-08-05,131529.87982445912,131529.87982445912,0.0,TLT,0
2022-08-08,131529.87982445912,131529.87982445912,0.0,TLT,0
2022-08-09,131529.87982445912,131529.87982445912,0.0,TLT,0
2022-08-10,131529.87982445912,131529.87982445912,0.0,TLT,0
2022-08-11,131529.87982445912,131529.87982445912,0.0,TLT,0
2022-08-12,131333.1760774193,197.34471755602863,131135.83135986328,XLY,794
2022-08-15,132236.1790376244,197.34471755602863,132038.83432006836,XLY,794
2022-08-16,133694.87053542712,197.34471755602863,133497.5258178711,XLY,794
2022-08-17,132259.33171706775,197.34471755602863,132061.98699951172,XLY,794
2022-08-18,132220.756033474,197.34471755602863,132023.41131591797,XLY,794
2022-08-19,129496.28780227283,197.34471755602863,129298.9430847168,XLY,794
2022-08-22,125907.46498733142,197.34471755602863,125710.12026977539,XLY,794
2022-08-23,126262.46062331775,197.34471755602863,126065.11590576172,XLY,794
2022-08-24,126802.7140412865,197.34471755602863,126605.36932373047,XLY,794
2022-08-25,128315.44057326892,197.34471755602863,128118.09585571289,XLY,794
2022-08-26,123068.46300573734,166.6450049438863,122901.81800079346,XLE,1663
2022-08-29,124922.94551916508,166.6450049438863,124756.30051422119,XLE,1663
2022-08-30,120694.71168585209,166.6450049438863,120528.0666809082,XLE,1663
2022-08-31,119596.85915441898,166.6450049438863,119430.2141494751,XLE,1663
2022-09-01,116659.31794805912,166.6450049438863,116492.67294311523,XLE,1663
2022-09-02,118617.76449777606,118617.76449777606,0.0,SHY,0
2022-09-06,118617.76449777606,118617.76449777606,0.0,SHY,0
2022-09-07,118617.76449777606,118617.76449777606,0.0,SHY,0
2022-09-08,118617.76449777606,118617.76449777606,0.0,SHY,0
2022-09-09,118617.76449777606,118617.76449777606,0.0,SHY,0
2022-09-12,118617.76449777606,118617.76449777606,0.0,SHY,0
2022-09-13,118617.76449777606,118617.76449777606,0.0,SHY,0
2022-09-14,118617.76449777606,118617.76449777606,0.0,SHY,0
2022-09-15,118617.76449777606,118617.76449777606,0.0,SHY,0
2022-09-16,118617.76449777606,118617.76449777606,0.0,SHY,0
2022-09-19,118617.76449777606,118617.76449777606,0.0,SHY,0
2022-09-20,118617.76449777606,118617.76449777606,0.0,SHY,0
2022-09-21,118617.76449777606,118617.76449777606,0.0,SHY,0
2022-09-22,118617.76449777606,118617.76449777606,0.0,SHY,0
2022-09-23,118617.76449777606,118617.76449777606,0.0,SHY,0
2022-09-26,118617.76449777606,118617.76449777606,0.0,SHY,0
2022-09-27,118617.76449777606,118617.76449777606,0.0,SHY,0
2022-09-28,118617.76449777606,118617.76449777606,0.0,SHY,0
2022-09-29,118617.76449777606,118617.76449777606,0.0,SHY,0
2022-09-30,118617.76449777606,118617.76449777606,0.0,SHY,0
2022-10-03,118617.76449777606,118617.76449777606,0.0,SHY,0
2022-10-04,118617.76449777606,118617.76449777606,0.0,SHY,0
2022-10-05,118617.76449777606,118617.76449777606,0.0,SHY,0
2022-10-06,118617.76449777606,118617.76449777606,0.0,SHY,0
2022-10-07,118617.76449777606,118617.76449777606,0.0,GLD,0
2022-10-10,118617.76449777606,118617.76449777606,0.0,GLD,0
2022-10-11,118617.76449777606,118617.76449777606,0.0,GLD,0
2022-10-12,118617.76449777606,118617.76449777606,0.0,GLD,0
2022-10-13,118617.76449777606,118617.76449777606,0.0,GLD,0
2022-10-14,118617.76449777606,118617.76449777606,0.0,GLD,0
2022-10-17,118617.76449777606,118617.76449777606,0.0,GLD,0
2022-10-18,118617.76449777606,118617.76449777606,0.0,GLD,0
2022-10-19,118617.76449777606,118617.76449777606,0.0,GLD,0
2022-10-20,118617.76449777606,118617.76449777606,0.0,GLD,0
2022-10-21,118617.76449777606,118617.76449777606,0.0,GLD,0
2022-10-24,118617.76449777606,118617.76449777606,0.0,GLD,0
2022-10-25,118617.76449777606,118617.76449777606,0.0,GLD,0
2022-10-26,118617.76449777606,118617.76449777606,0.0,GLD,0
2022-10-27,118617.76449777606,118617.76449777606,0.0,GLD,0
2022-10-28,118617.76449777606,118617.76449777606,0.0,GLD,0
2022-10-31,118617.76449777606,118617.76449777606,0.0,GLD,0
2022-11-01,118617.76449777606,118617.76449777606,0.0,GLD,0
2022-11-02,118617.76449777606,118617.76449777606,0.0,GLD,0
2022-11-03,118617.76449777606,118617.76449777606,0.0,GLD,0
2022-11-04,118617.76449777606,118617.76449777606,0.0,TIPX,0
2022-11-07,118617.76449777606,118617.76449777606,0.0,TIPX,0
2022-11-08,118617.76449777606,118617.76449777606,0.0,TIPX,0
2022-11-09,118617.76449777606,118617.76449777606,0.0,TIPX,0
2022-11-10,118617.76449777606,118617.76449777606,0.0,TIPX,0
2022-11-11,118617.76449777606,118617.76449777606,0.0,TIPX,0
2022-11-14,118617.76449777606,118617.76449777606,0.0,TIPX,0
2022-11-15,118617.76449777606,118617.76449777606,0.0,TIPX,0
2022-11-16,118617.76449777606,118617.76449777606,0.0,TIPX,0
2022-11-17,118617.76449777606,118617.76449777606,0.0,TIPX,0
2022-11-18,118440.38474822619,187.2183816490433,118253.16636657715,XLE,1431
2022-11-21,116840.10637450793,187.2183816490433,116652.88799285889,XLE,1431
2022-11-22,120492.37053466418,187.2183816490433,120305.15215301514,XLE,1431
2022-11-23,119188.89976287463,187.2183816490433,119001.68138122559,XLE,1431
2022-11-25,118750.11886382678,187.2183816490433,118562.90048217773,XLE,1431
2022-11-28,115497.93248534777,187.2183816490433,115310.71410369873,XLE,1431
2022-11-29,117240.19507384875,187.2183816490433,117052.9766921997,XLE,1431
2022-11-30,117820.9274346886,187.2183816490433,117633.70905303955,XLE,1431
2022-12-01,117433.75433135607,187.2183816490433,117246.53594970703,XLE,1431
2022-12-02,116736.86894775012,187.2183816490433,116549.65056610107,XLE,1431
2022-12-05,113278.18588042834,187.2183816490433,113090.9674987793,XLE,1431
2022-12-06,110297.01958251574,187.2183816490433,110109.8012008667,XLE,1431
2022-12-07,110038.89326263049,187.2183816490433,109851.67488098145,XLE,1431
2022-12-08,109548.49365020373,187.2183816490433,109361.27526855469,XLE,1431
2022-12-09,106729.91202458956,106729.91202458956,0.0,SHY,0
2022-12-12,106729.91202458956,106729.91202458956,0.0,SHY,0
2022-12-13,106729.91202458956,106729.91202458956,0.0,SHY,0
2022-12-14,106729.91202458956,106729.91202458956,0.0,SHY,0
2022-12-15,106729.91202458956,106729.91202458956,0.0,SHY,0
2022-12-16,106729.91202458956,106729.91202458956,0.0,SHY,0
2022-12-19,106729.91202458956,106729.91202458956,0.0,SHY,0
2022-12-20,106729.91202458956,106729.91202458956,0.0,SHY,0
2022-12-21,106729.91202458956,106729.91202458956,0.0,SHY,0
2022-12-22,106729.91202458956,106729.91202458956,0.0,SHY,0
2022-12-23,106729.91202458956,106729.91202458956,0.0,SHY,0
2022-12-27,106729.91202458956,106729.91202458956,0.0,SHY,0
2022-12-28,106729.91202458956,106729.91202458956,0.0,SHY,0
2022-12-29,106729.91202458956,106729.91202458956,0.0,SHY,0
2022-12-30,106729.91202458956,106729.91202458956,0.0,SHY,0
2023-01-03,106729.91202458956,106729.91202458956,0.0,SHY,0
2023-01-04,106729.91202458956,106729.91202458956,0.0,SHY,0
2023-01-05,106729.91202458956,106729.91202458956,0.0,SHY,0
2023-01-06,106729.91202458956,106729.91202458956,0.0,SHY,0
2023-01-09,106729.91202458956,106729.91202458956,0.0,SHY,0
2023-01-10,106729.91202458956,106729.91202458956,0.0,SHY,0
2023-01-11,106729.91202458956,106729.91202458956,0.0,SHY,0
2023-01-12,106729.91202458956,106729.91202458956,0.0,SHY,0
2023-01-13,106729.91202458956,106729.91202458956,0.0,SHY,0
2023-01-17,106729.91202458956,106729.91202458956,0.0,SHY,0
2023-01-18,106729.91202458956,106729.91202458956,0.0,SHY,0
2023-01-19,106729.91202458956,106729.91202458956,0.0,SHY,0
2023-01-20,106570.26690076449,140.1843507156591,106430.08255004883,XLE,1291
2023-01-23,106711.41092847445,140.1843507156591,106571.22657775879,XLE,1291
2023-01-24,106299.71950696566,140.1843507156591,106159.53515625,XLE,1291
2023-01-25,106311.48971723177,140.1843507156591,106171.30536651611,XLE,1291
2023-01-26,109663.89183972933,140.1843507156591,109523.70748901367,XLE,1291
2023-01-27,107452.49094556429,140.1843507156591,107312.30659484863,XLE,1291
2023-01-30,104994.05352948763,140.1843507156591,104853.86917877197,XLE,1291
2023-01-31,105923.30916761019,140.1843507156591,105783.12481689453,XLE,1291
2023-02-01,103841.31163953402,140.1843507156591,103701.12728881836,XLE,1291
2023-02-02,101476.97680829623,140.1843507156591,101336.79245758057,XLE,1291
2023-02-03,101253.48070691683,140.1843507156591,101113.29635620117,XLE,1291
2023-02-06,100794.70844434359,140.1843507156591,100654.52409362793,XLE,1291
2023-02-07,104064.7781922684,140.1843507156591,103924.59384155273,XLE,1291
2023-02-08,103135.5127045975,140.1843507156591,102995.32835388184,XLE,1291
2023-02-09,102253.30835889437,140.1843507156591,102113.12400817871,XLE,1291
2023-02-10,106252.66821454623,140.1843507156591,106112.48386383057,XLE,1291
2023-02-13,105982.13067029574,140.1843507156591,105841.94631958008,XLE,1291
2023-02-14,106017.43145154574,140.1843507156591,105877.24710083008,XLE,1291
2023-02-15,104217.69243024447,140.1843507156591,104077.50807952881,XLE,1291
2023-02-16,103194.3243577347,140.1843507156591,103054.14000701904,XLE,1291
2023-02-17,99524.34324811556,140.1843507156591,99384.1588973999,XLE,1291
2023-02-21,99030.30960248568,140.1843507156591,98890.12525177002,XLE,1291
2023-02-22,98371.59150861361,140.1843507156591,98231.40715789795,XLE,1291
2023-02-23,99853.69244550326,140.1843507156591,99713.5080947876,XLE,1291
2023-02-24,99574.94242664339,99574.94242664339,0.0,SHY,0
2023-02-27,99574.94242664339,99574.94242664339,0.0,SHY,0
2023-02-28,99574.94242664339,99574.94242664339,0.0,SHY,0
2023-03-01,99574.94242664339,99574.94242664339,0.0,SHY,0
2023-03-02,99574.94242664339,99574.94242664339,0.0,SHY,0
2023-03-03,99574.94242664339,99574.94242664339,0.0,GLD,0
2023-03-06,99574.94242664339,99574.94242664339,0.0,GLD,0
2023-03-07,99574.94242664339,99574.94242664339,0.0,GLD,0
2023-03-08,99574.94242664339,99574.94242664339,0.0,GLD,0
2023-03-09,99574.94242664339,99574.94242664339,0.0,GLD,0
2023-03-10,99574.94242664339,99574.94242664339,0.0,GLD,0
2023-03-13,99574.94242664339,99574.94242664339,0.0,GLD,0
2023-03-14,99574.94242664339,99574.94242664339,0.0,GLD,0
2023-03-15,99574.94242664339,99574.94242664339,0.0,GLD,0
2023-03-16,99574.94242664339,99574.94242664339,0.0,GLD,0
2023-03-17,99574.94242664339,99574.94242664339,0.0,GLD,0
2023-03-20,99574.94242664339,99574.94242664339,0.0,GLD,0
2023-03-21,99574.94242664339,99574.94242664339,0.0,GLD,0
2023-03-22,99574.94242664339,99574.94242664339,0.0,GLD,0
2023-03-23,99574.94242664339,99574.94242664339,0.0,GLD,0
2023-03-24,99574.94242664339,99574.94242664339,0.0,GLD,0
2023-03-27,99574.94242664339,99574.94242664339,0.0,GLD,0
2023-03-28,99574.94242664339,99574.94242664339,0.0,GLD,0
2023-03-29,99574.94242664339,99574.94242664339,0.0,GLD,0
2023-03-30,99574.94242664339,99574.94242664339,0.0,GLD,0
2023-03-31,99574.94242664339,99574.94242664339,0.0,GLD,0
2023-04-03,99574.94242664339,99574.94242664339,0.0,GLD,0
2023-04-04,99574.94242664339,99574.94242664339,0.0,GLD,0
2023-04-05,99574.94242664339,99574.94242664339,0.0,GLD,0
2023-04-06,99574.94242664339,99574.94242664339,0.0,GLD,0
2023-04-10,99574.94242664339,99574.94242664339,0.0,GLD,0
2023-04-11,99574.94242664339,99574.94242664339,0.0,GLD,0
2023-04-12,99574.94242664339,99574.94242664339,0.0,GLD,0
2023-04-13,99574.94242664339,99574.94242664339,0.0,GLD,0
2023-04-14,99574.94242664339,99574.94242664339,0.0,GLD,0
2023-04-17,99574.94242664339,99574.94242664339,0.0,GLD,0
2023-04-18,99574.94242664339,99574.94242664339,0.0,GLD,0
2023-04-19,99574.94242664339,99574.94242664339,0.0,GLD,0
2023-04-20,99574.94242664339,99574.94242664339,0.0,GLD,0
2023-04-21,99574.94242664339,99574.94242664339,0.0,GLD,0
2023-04-24,99574.94242664339,99574.94242664339,0.0,GLD,0
2023-04-25,99574.94242664339,99574.94242664339,0.0,GLD,0
2023-04-26,99574.94242664339,99574.94242664339,0.0,GLD,0
2023-04-27,99574.94242664339,99574.94242664339,0.0,GLD,0
2023-04-28,99574.94242664339,99574.94242664339,0.0,GLD,0
2023-05-01,99574.94242664339,99574.94242664339,0.0,GLD,0
2023-05-02,99574.94242664339,99574.94242664339,0.0,GLD,0
2023-05-03,99574.94242664339,99574.94242664339,0.0,GLD,0
2023-05-04,99574.94242664339,99574.94242664339,0.0,GLD,0
2023-05-05,99574.94242664339,99574.94242664339,0.0,GLD,0
2023-05-08,99574.94242664339,99574.94242664339,0.0,GLD,0
2023-05-09,99574.94242664339,99574.94242664339,0.0,GLD,0
2023-05-10,99574.94242664339,99574.94242664339,0.0,GLD,0
2023-05-11,99574.94242664339,99574.94242664339,0.0,GLD,0
2023-05-12,99574.94242664339,99574.94242664339,0.0,GLD,0
2023-05-15,99574.94242664339,99574.94242664339,0.0,GLD,0
2023-05-16,99574.94242664339,99574.94242664339,0.0,GLD,0
2023-05-17,99574.94242664339,99574.94242664339,0.0,GLD,0
2023-05-18,99574.94242664339,99574.94242664339,0.0,GLD,0
2023-05-19,99426.03122099306,151.89412077332963,99274.13710021973,XLI,1034
2023-05-22,99406.13568266298,151.89412077332963,99254.24156188965,XLI,1034
2023-05-23,98212.19827421571,151.89412077332963,98060.30415344238,XLI,1034
2023-05-24,96948.64225920106,151.89412077332963,96796.74813842773,XLI,1034
2023-05-25,97267.01820524599,151.89412077332963,97115.12408447266,XLI,1034
2023-05-26,97993.32368620302,151.89412077332963,97841.42956542969,XLI,1034
2023-05-30,97844.0834823456,151.89412077332963,97692.18936157227,XLI,1034
2023-05-31,96510.86941679384,151.89412077332963,96358.97529602051,XLI,1034
2023-06-01,97744.58212431337,151.89412077332963,97592.68800354004,XLI,1034
2023-06-02,100279.25447791291,118.41120093537029,100160.84327697754,XLK,611
2023-06-05,99703.15091651154,118.41120093537029,99584.73971557617,XLK,611
2023-06-06,99679.12523596955,118.41120093537029,99560.71403503418,XLK,611
2023-06-07,98190.82895606232,118.41120093537029,98072.41775512695,XLK,611
2023-06-08,99253.05864661408,118.41120093537029,99134.64744567871,XLK,611
2023-06-09,99745.16089575959,118.41120093537029,99626.74969482422,XLK,611
2023-06-12,101911.61160987092,118.41120093537029,101793.20040893555,XLK,611
2023-06-13,102529.73447364045,118.41120093537029,102411.32327270508,XLK,611
2023-06-14,103585.95075171662,118.41120093537029,103467.53955078125,XLK,611
2023-06-15,104918.22461646271,118.41120093537029,104799.81341552734,XLK,611
2023-06-16,104054.04596656037,118.41120093537029,103935.634765625,XLK,611
2023-06-20,103351.64209693146,118.41120093537029,103233.2308959961,XLK,611
2023-06-21,101824.12345069123,118.41120093537029,101705.71224975586,XLK,611
2023-06-22,102654.04895728303,118.41120093537029,102535.63775634766,XLK,611
2023-06-23,101541.47441809846,118.41120093537029,101423.06321716309,XLK,611
2023-06-26,100813.79556983185,118.41120093537029,100695.38436889648,XLK,611
2023-06-27,102798.36153357697,118.41120093537029,102679.9503326416,XLK,611
2023-06-28,102858.51430457307,118.41120093537029,102740.1031036377,XLK,611
2023-06-29,103038.93532508088,118.41120093537029,102920.52412414551,XLK,611
2023-06-30,104674.68607276154,118.41120093537029,104556.27487182617,XLK,611
2023-07-03,104452.18981116486,118.41120093537029,104333.77861022949,XLK,611
2023-07-05,103808.68941443635,118.41120093537029,103690.27821350098,XLK,611
2023-07-06,103532.06311743928,118.41120093537029,103413.6519165039,XLK,611
2023-07-07,103081.01988928986,118.41120093537029,102962.60868835449,XLK,611
2023-07-10,103351.64209693146,118.41120093537029,103233.2308959961,XLK,611
2023-07-11,103574.15700476838,118.41120093537029,103455.74580383301,XLK,611
2023-07-12,104746.85634558869,118.41120093537029,104628.44514465332,XLK,611
2023-07-13,106111.97556250764,118.41120093537029,105993.56436157227,XLK,611
2023-07-14,105955.6268381424,118.41120093537029,105837.21563720703,XLK,611
2023-07-17,107308.72855323029,118.41120093537029,107190.31735229492,XLK,611
2023-07-18,108523.5217813797,118.41120093537029,108405.11058044434,XLK,611
2023-07-19,108252.8995737381,118.41120093537029,108134.48837280273,XLK,611
2023-07-20,106093.944648201,118.41120093537029,105975.53344726562,XLK,611
2023-07-21,106039.82393592072,118.41120093537029,105921.41273498535,XLK,611
2023-07-24,106226.25836890412,118.41120093537029,106107.84716796875,XLK,611
2023-07-25,107441.04227393342,118.41120093537029,107322.63107299805,XLK,611
2023-07-26,105997.7207254715,118.41120093537029,105879.30952453613,XLK,611
2023-07-27,105691.0273660965,118.41120093537029,105572.61616516113,XLK,611
2023-07-28,107128.33550208283,118.41120093537029,107009.92430114746,XLK,611
2023-07-31,107374.88541358185,118.41120093537029,107256.47421264648,XLK,611
2023-08-01,107555.28778784943,118.41120093537029,107436.87658691406,XLK,611
2023-08-02,104897.19165747834,118.41120093537029,104778.78045654297,XLK,611
2023-08-03,104470.20207923127,118.41120093537029,104351.7908782959,XLK,611
2023-08-04,103050.9341806717,118.41120093537029,102932.52297973633,XLK,611
2023-08-07,103339.60594886017,118.41120093537029,103221.1947479248,XLK,611
2023-08-08,102545.77956336213,118.41120093537029,102427.36836242676,XLK,611
2023-08-09,101222.74491065217,118.41120093537029,101104.3337097168,XLK,611
2023-08-10,101234.76241248322,118.41120093537029,101116.35121154785,XLK,611
2023-08-11,100489.04332678986,118.41120093537029,100370.63212585449,XLK,611
2023-08-14,102088.73224585725,118.41120093537029,101970.32104492188,XLK,611
2023-08-15,101084.41777747346,118.41120093537029,100966.00657653809,XLK,611
2023-08-16,100122.22516577912,118.41120093537029,100003.81396484375,XLK,611
2023-08-17,99172.05005591584,118.41120093537029,99053.63885498047,XLK,611
2023-08-18,99322.3946909256,118.41120093537029,99203.98348999023,XLK,611
2023-08-21,101216.72217505646,118.41120093537029,101098.3109741211,XLK,611
2023-08-22,101102.46733802033,118.41120093537029,100984.05613708496,XLK,611
2023-08-23,102924.6525186844,118.41120093537029,102806.24131774902,XLK,611
2023-08-24,100555.20018714142,118.41120093537029,100436.78898620605,XLK,611
2023-08-25,101577.5735391922,118.41120093537029,101459.16233825684,XLK,611
2023-08-28,102407.47107642365,118.41120093537029,102289.05987548828,XLK,611
2023-08-29,104458.19390052033,118.41120093537029,104339.78269958496,XLK,611
2023-08-30,105245.97890418244,118.41120093537029,105127.56770324707,XLK,611
2023-08-31,105757.16558020783,118.41120093537029,105638.75437927246,XLK,611
2023-09-01,106081.9085001297,118.41120093537029,105963.49729919434,XLK,611
2023-09-05,106460.79077857209,118.41120093537029,106342.37957763672,XLK,611
2023-09-06,105336.19873755646,118.41120093537029,105217.7875366211,XLK,611
2023-09-07,103814.70282691193,118.41120093537029,103696.29162597656,XLK,611
2023-09-08,104031.19499915314,118.41120093537029,103912.78379821777,XLK,611
2023-09-11,104572.43941443635,118.41120093537029,104454.02821350098,XLK,611
2023-09-12,102678.09328406525,118.41120093537029,102559.68208312988,XLK,611
2023-09-13,102936.68866675568,118.41120093537029,102818.27746582031,XLK,611
2023-09-14,103682.40775244904,118.41120093537029,103563.99655151367,XLK,611
2023-09-15,101691.82837622834,118.41120093537029,101573.41717529297,XLK,611
2023-09-18,102179.98694556428,118.41120093537029,102061.5757446289,XLK,611
2023-09-19,102125.74503272248,118.41120093537029,102007.33383178711,XLK,611
2023-09-20,100522.66249793244,118.41120093537029,100404.25129699707,XLK,611
2023-09-21,98991.89008277131,118.41120093537029,98873.47888183594,XLK,611
2023-09-22,99202.80702918244,118.41120093537029,99084.39582824707,XLK,611
2023-09-25,99522.2264475174,118.41120093537029,99403.81524658203,XLK,611
2023-09-26,97732.30858557892,118.41120093537029,97613.89738464355,XLK,611
2023-09-27,97882.97020667267,118.41120093537029,97764.5590057373,XLK,611
2023-09-28,98576.02298682404,118.41120093537029,98457.61178588867,XLK,611
2023-09-29,98913.53858130646,118.41120093537029,98795.1273803711,XLK,611
2023-10-02,99974.22995703889,118.41120093537029,99855.81875610352,XLK,611
2023-10-03,98280.74112647248,118.41120093537029,98162.32992553711,XLK,611
2023-10-04,99504.14891761017,118.41120093537029,99385.7377166748,XLK,611
2023-10-05,99636.74233191682,118.41120093537029,99518.33113098145,XLK,611
2023-10-06,101498.97963660432,118.41120093537029,101380.56843566895,XLK,611
2023-10-09,102023.2932657547,118.41120093537029,101904.88206481934,XLK,611
2023-10-10,102179.98694556428,118.41120093537029,102061.5757446289,XLK,611
2023-10-11,103126.16243689728,118.41120093537029,103007.75123596191,XLK,611
2023-10-12,103222.60079138947,118.41120093537029,103104.1895904541,XLK,611
2023-10-13,101746.06096595002,118.41120093537029,101627.64976501465,XLK,611
2023-10-16,102722.39675086213,118.41120093537029,102603.98554992676,XLK,611
2023-10-17,102246.2836527176,118.41120093537029,102127.87245178223,XLK,611
2023-10-18,101197.6470712967,118.41120093537029,101079.23587036133,XLK,611
2023-10-19,100619.07288306428,118.41120093537029,100500.6616821289,XLK,611
2023-10-20,98771.35959172822,98771.35959172822,0.0,GLD,0
2023-10-23,98771.35959172822,98771.35959172822,0.0,GLD,0
2023-10-24,98771.35959172822,98771.35959172822,0.0,GLD,0
2023-10-25,98771.35959172822,98771.35959172822,0.0,GLD,0
2023-10-26,98771.35959172822,98771.35959172822,0.0,GLD,0
2023-10-27,98771.35959172822,98771.35959172822,0.0,GLD,0
2023-10-30,98771.35959172822,98771.35959172822,0.0,GLD,0
2023-10-31,98771.35959172822,98771.35959172822,0.0,GLD,0
2023-11-01,98771.35959172822,98771.35959172822,0.0,GLD,0
2023-11-02,98771.35959172822,98771.35959172822,0.0,GLD,0
2023-11-03,98771.35959172822,98771.35959172822,0.0,GLD,0
2023-11-06,98771.35959172822,98771.35959172822,0.0,GLD,0
2023-11-07,98771.35959172822,98771.35959172822,0.0,GLD,0
2023-11-08,98771.35959172822,98771.35959172822,0.0,GLD,0
2023-11-09,98771.35959172822,98771.35959172822,0.0,GLD,0
2023-11-10,98771.35959172822,98771.35959172822,0.0,GLD,0
2023-11-13,98771.35959172822,98771.35959172822,0.0,GLD,0
2023-11-14,98771.35959172822,98771.35959172822,0.0,GLD,0
2023-11-15,98771.35959172822,98771.35959172822,0.0,GLD,0
2023-11-16,98771.35959172822,98771.35959172822,0.0,GLD,0
2023-11-17,98623.68834058382,176.18757764436305,98447.50076293945,XLK,546
2023-11-20,100050.8314985428,176.18757764436305,99874.64392089844,XLK,546
2023-11-21,99243.02043286897,176.18757764436305,99066.83285522461,XLK,546
2023-11-22,99684.6375898514,176.18757764436305,99508.45001220703,XLK,546
2023-11-24,99490.7599348221,176.18757764436305,99314.57235717773,XLK,546
2023-11-27,99485.37791577913,176.18757764436305,99309.19033813477,XLK,546
2023-11-28,99673.87355176546,176.18757764436305,99497.6859741211,XLK,546
2023-11-29,99749.26347486116,176.18757764436305,99573.0758972168,XLK,546
2023-11-30,99894.67796460725,176.18757764436305,99718.49038696289,XLK,546
2023-12-01,100120.86439649202,176.18757764436305,99944.67681884766,XLK,546
2023-12-04,98903.74495069124,176.18757764436305,98727.55737304688,XLK,546
2023-12-05,99496.14195386507,176.18757764436305,99319.9543762207,XLK,546
2023-12-06,98655.98878614046,176.18757764436305,98479.8012084961,XLK,546
2023-12-07,99851.58015576936,176.18757764436305,99675.392578125,XLK,546
2023-12-08,100702.50569287874,176.18757764436305,100526.31811523438,XLK,546
2023-12-11,101580.34965650178,176.18757764436305,101404.16207885742,XLK,546
2023-12-12,102253.53526441194,176.18757764436305,102077.34768676758,XLK,546
2023-12-13,103152.90730420686,176.18757764436305,102976.7197265625,XLK,546
2023-12-14,102899.81077710725,176.18757764436305,102723.62319946289,XLK,546
2023-12-15,103416.80952588655,176.18757764436305,103240.62194824219,XLK,546
2023-12-18,103725.5507978592,176.18757764436305,103549.36322021484,XLK,546
2023-12-19,104119.56291333772,176.18757764436305,103943.37533569336,XLK,546
2023-12-20,102548.91313306428,176.18757764436305,102372.72555541992,XLK,546
2023-12-21,103698.55738965608,176.18757764436305,103522.36981201172,XLK,546
2023-12-22,103833.49943677522,176.18757764436305,103657.31185913086,XLK,546
2023-12-26,104265.29399243928,176.18757764436305,104089.10641479492,XLK,546
2023-12-27,104259.88697949983,176.18757764436305,104083.69940185547,XLK,546
2023-12-28,104384.03999463655,176.18757764436305,104207.85241699219,XLK,546
2023-12-29,104065.57609693147,176.18757764436305,103889.38851928711,XLK,546
2024-01-02,101345.27372876741,176.18757764436305,101169.08615112305,XLK,546
2024-01-03,100314.37547437288,176.18757764436305,100138.18789672852,XLK,546
2024-01-04,99580.3380598221,176.18757764436305,99404.15048217773,XLK,546
2024-01-05,99553.34465161897,176.18757764436305,99377.15707397461,XLK,546
2024-01-08,102046.95237866975,176.18757764436305,101870.76480102539,XLK,546
2024-01-09,102208.87950269319,176.18757764436305,102032.69192504883,XLK,546
2024-01-10,103077.85063306428,176.18757764436305,102901.66305541992,XLK,546
2024-01-11,103601.39778272249,176.18757764436305,103425.21020507812,XLK,546
2024-01-12,103936.04939405061,176.18757764436305,103759.86181640625,XLK,546
2024-01-16,104195.11946240999,176.18757764436305,104018.93188476562,XLK,546
2024-01-17,103682.36967603303,176.18757764436305,103506.18209838867,XLK,546
2024-01-18,105781.9652876053,176.18757764436305,105605.77770996094,XLK,546
2024-01-19,108216.17918531038,176.18757764436305,108039.99160766602,XLK,546
2024-01-22,108691.16319409944,176.18757764436305,108514.97561645508,XLK,546
2024-01-23,109128.36476270296,176.18757764436305,108952.1771850586,XLK,546
2024-01-24,109878.58989087678,176.18757764436305,109702.40231323242,XLK,546
2024-01-25,110337.37785474397,176.18757764436305,110161.19027709961,XLK,546
2024-01-26,109068.98759595491,176.18757764436305,108892.80001831055,XLK,546
2024-01-29,110067.50209180452,176.18757764436305,109891.31451416016,XLK,546
2024-01-30,109160.74852124788,176.18757764436305,108984.56094360352,XLK,546
2024-01-31,106872.23237744905,176.18757764436305,106696.04479980469,XLK,546
2024-02-01,108216.17918531038,176.18757764436305,108039.99160766602,XLK,546
2024-02-02,109333.45634595491,176.18757764436305,109157.26876831055,XLK,546
2024-02-05,109581.73738233186,176.18757764436305,109405.5498046875,XLK,546
2024-02-06,109079.78495923616,176.18757764436305,108903.5973815918,XLK,546
2024-02-07,110520.88304273225,176.18757764436305,110344.69546508789,XLK,546
2024-02-08,110866.3236860428,176.18757764436305,110690.13610839844,XLK,546
2024-02-09,112355.99324170686,176.18757764436305,112179.8056640625,XLK,546
2024-02-12,111503.20982495882,176.18757764436305,111327.02224731445,XLK,546
2024-02-13,109614.12114087678,176.18757764436305,109437.93356323242,XLK,546
2024-02-14,110758.36671582796,176.18757764436305,110582.1791381836,XLK,546
2024-02-15,110526.28172437288,176.18757764436305,110350.09414672852,XLK,546
2024-02-16,109511.5711836014,176.18757764436305,109335.38360595703,XLK,546
2024-02-20,108399.70103589632,176.18757764436305,108223.51345825195,XLK,546
2024-02-21,107719.63377515413,176.18757764436305,107543.44619750977,XLK,546
2024-02-22,111238.74940625764,176.18757764436305,111062.56182861328,XLK,546
2024-02-23,110979.65434400178,176.18757764436305,110803.46676635742,XLK,546
2024-02-26,111087.61131421663,176.18757764436305,110911.42373657227,XLK,546
2024-02-27,111184.77925244905,176.18757764436305,111008.59167480469,XLK,546
2024-02-28,110661.22377149202,176.18757764436305,110485.03619384766,XLK,546
2024-02-29,111891.81492749788,176.18757764436305,111715.62734985352,XLK,546
2024-03-01,113932.04170362093,176.18757764436305,113755.85412597656,XLK,546
2024-03-04,113932.04170362093,176.18757764436305,113755.85412597656,XLK,546
2024-03-05,111136.1827863846,176.18757764436305,110959.99520874023,XLK,546
2024-03-06,112015.97627393343,176.18757764436305,111839.78869628906,XLK,546
2024-03-07,113780.92027417757,176.18757764436305,113604.7326965332,XLK,546
2024-03-08,112091.54115430452,176.18757764436305,111915.35357666016,XLK,546
2024-03-11,111783.88295117952,176.18757764436305,111607.69537353516,XLK,546
2024-03-12,114072.38243238069,176.18757764436305,113896.19485473633,XLK,546
2024-03-13,112841.782945076,176.18757764436305,112665.59536743164,XLK,546
2024-03-14,112863.36100904085,176.18757764436305,112687.17343139648,XLK,546
2024-03-15,111163.18452588655,176.18757764436305,110986.99694824219,XLK,546
2024-03-18,111708.67631665803,176.18757764436305,111532.48873901367,XLK,546
2024-03-19,112287.15171949007,176.18757764436305,112110.9641418457,XLK,546
2024-03-20,113541.42875806428,176.18757764436305,113365.24118041992,XLK,546
2024-03-21,113622.53395215608,176.18757764436305,113446.34637451172,XLK,546
2024-03-22,113660.3663801346,176.18757764436305,113484.17880249023,XLK,546
2024-03-25,112908.88322583772,176.18757764436305,112732.69564819336,XLK,546
2024-03-26,112443.93843213655,176.18757764436305,112267.75085449219,XLK,546
2024-03-27,113017.02348462678,176.18757764436305,112840.83590698242,XLK,546
2024-03-28,112773.72456494905,176.18757764436305,112597.53698730469,XLK,546
2024-04-01,113087.28965894319,176.18757764436305,112911.10208129883,XLK,546
2024-04-02,112000.61335889436,176.18757764436305,111824.42578125,XLK,546
2024-04-03,112297.96574536897,176.18757764436305,112121.77816772461,XLK,546
2024-04-04,110524.69877759553,176.18757764436305,110348.51119995117,XLK,546
2024-04-05,111789.78151074983,176.18757764436305,111613.59393310547,XLK,546
2024-04-08,111660.02986280061,176.18757764436305,111483.84228515625,XLK,546
2024-04-09,112222.28422681428,176.18757764436305,112046.09664916992,XLK,546
2024-04-10,110849.08622876741,176.18757764436305,110672.89865112305,XLK,546
2024-04-11,113060.26292554475,176.18757764436305,112884.07534790039,XLK,546
2024-04-12,111232.92582837678,176.18757764436305,111056.73825073242,XLK,546
2024-04-15,109124.4657148514,176.18757764436305,108948.27813720703,XLK,546
2024-04-16,109254.20903150178,176.18757764436305,109078.02145385742,XLK,546
2024-04-17,107680.97654859163,176.18757764436305,107504.78897094727,XLK,546
2024-04-18,106453.72624341585,176.18757764436305,106277.53866577148,XLK,546
2024-04-19,104264.16926709749,176.18757764436305,104087.98168945312,XLK,546
2024-04-22,105194.050523201,176.18757764436305,105017.86294555664,XLK,546
2024-04-23,106751.07862989046,176.18757764436305,106574.8910522461,XLK,546
2024-04-24,107237.65147534944,176.18757764436305,107061.46389770508,XLK,546
2024-04-25,107005.18324414827,176.18757764436305,106828.9956665039,XLK,546
2024-04-26,108210.78883496858,176.18757764436305,108034.60125732422,XLK,546
2024-04-29,108675.73362866975,176.18757764436305,108499.54605102539,XLK,546
2024-04-30,106286.12550489046,176.18757764436305,106109.9379272461,XLK,546
2024-05-01,105199.45753614046,176.18757764436305,105023.2699584961,XLK,546
2024-05-02,106713.23787061311,176.18757764436305,106537.05029296875,XLK,546
2024-05-03,109681.31306592561,176.18757764436305,109505.12548828125,XLK,546
2024-05-06,110968.0155195389,176.18757764436305,110791.82794189453,XLK,546
2024-05-07,110605.77897779085,176.18757764436305,110429.59140014648,XLK,546
2024-05-08,110919.36073438264,176.18757764436305,110743.17315673828,XLK,546
2024-05-09,110886.92698804475,176.18757764436305,110710.73941040039,XLK,546
2024-05-10,111297.8016523514,176.18757764436305,111121.61407470703,XLK,546
2024-05-13,111822.21525708772,176.18757764436305,111646.02767944336,XLK,546
2024-05-14,112811.5653242264,176.18757764436305,112635.37774658203,XLK,546
2024-05-15,115347.13780347444,176.18757764436305,115170.95022583008,XLK,546
2024-05-16,114947.06883374788,176.18757764436305,114770.88125610352,XLK,546
2024-05-17,114692.9725507889,176.18757764436305,114516.78497314453,XLK,546
2024-05-20,116039.14381543733,176.18757764436305,115862.95623779297,XLK,546
2024-05-21,116228.37260572053,176.18757764436305,116052.18502807617,XLK,546
2024-05-22,116487.86757032014,176.18757764436305,116311.67999267578,XLK,546
2024-05-23,115541.75694409944,176.18757764436305,115365.56936645508,XLK,546
2024-05-24,116166.76335112764,412.62248198701127,115754.14086914062,VUG,328
2024-05-28,116795.28654448701,412.62248198701127,116382.6640625,VUG,328
2024-05-29,116381.70304839326,412.62248198701127,115969.08056640625,VUG,328
2024-05-30,114704.63688628389,412.62248198701127,114292.01440429688,VUG,328
2024-05-31,114610.18473784639,412.62248198701127,114197.56225585938,VUG,328
2024-06-03,115489.43254058076,412.62248198701127,115076.81005859375,VUG,328
2024-06-04,115981.18229644014,412.62248198701127,115568.55981445312,VUG,328
2024-06-05,118000.16203276826,412.62248198701127,117587.53955078125,VUG,328
2024-06-06,118133.68229644014,412.62248198701127,117721.05981445312,VUG,328
2024-06-07,118013.18473784639,412.62248198701127,117600.56225585938,VUG,328
2024-06-10,118371.40422026826,412.62248198701127,117958.78173828125,VUG,328
2024-06-11,119550.25431792451,412.62248198701127,119137.6318359375,VUG,328
2024-06-12,121158.94377104951,412.62248198701127,120746.3212890625,VUG,328
2024-06-13,121298.96037261201,412.62248198701127,120886.337890625,VUG,328
2024-06-14,121715.78703276826,412.62248198701127,121303.16455078125,VUG,328
2024-06-17,122709.01603667451,412.62248198701127,122296.3935546875,VUG,328
2024-06-18,122936.96842925264,412.62248198701127,122524.34594726562,VUG,328
2024-06-20,122122.85417144014,412.62248198701127,121710.23168945312,VUG,328
2024-06-21,122005.62980620576,412.62248198701127,121593.00732421875,VUG,328
2024-06-24,120817.00016753389,412.62248198701127,120404.37768554688,VUG,328
2024-06-25,122481.06364409639,412.62248198701127,122068.44116210938,VUG,328
2024-06-26,123008.60832183076,412.62248198701127,122595.98583984375,VUG,328
2024-06-27,123365.92692534639,412.62248198701127,122953.30444335938,VUG,328
2024-06-28,122355.22087065889,412.62248198701127,121942.59838867188,VUG,328
2024-07-01,123232.27653472139,412.62248198701127,122819.65405273438,VUG,328
2024-07-02,124291.89030425264,412.62248198701127,123879.26782226562,VUG,328
2024-07-03,125211.33732573701,412.62248198701127,124798.71484375,VUG,328
2024-07-05,126707.86735503389,412.62248198701127,126295.24487304688,VUG,328
2024-07-08,126720.90006987764,412.62248198701127,126308.27758789062,VUG,328
2024-07-09,127024.11589019014,412.62248198701127,126611.49340820312,VUG,328
2024-07-10,128201.13420073701,412.62248198701127,127788.51171875,VUG,328
2024-07-11,125530.85905425264,412.62248198701127,125118.23657226562,VUG,328
2024-07-12,126290.52018706514,412.62248198701127,125877.89770507812,VUG,328
2024-07-15,126603.52555815889,412.62248198701127,126190.90307617188,VUG,328
2024-07-16,126580.71330229951,412.62248198701127,126168.0908203125,VUG,328
2024-07-17,123131.19792144014,412.62248198701127,122718.57543945312,VUG,328
2024-07-18,122149.80046050264,412.62248198701127,121737.17797851562,VUG,328
2024-07-19,121419.48796050264,412.62248198701127,121006.86547851562,VUG,328
2024-07-22,123300.73332183076,412.62248198701127,122888.11083984375,VUG,328
2024-07-23,123287.69059722139,412.62248198701127,122875.06811523438,VUG,328
2024-07-24,118719.85417144014,412.62248198701127,118307.23168945312,VUG,328
2024-07-25,117357.00456206514,412.62248198701127,116944.38208007812,VUG,328
2024-07-26,118348.17155425264,412.62248198701127,117935.54907226562,VUG,328
2024-07-29,118683.98918120576,412.62248198701127,118271.36669921875,VUG,328
2024-07-30,117298.32731597139,412.62248198701127,116885.70483398438,VUG,328
2024-07-31,120167.47648589326,412.62248198701127,119754.85400390625,VUG,328
2024-08-01,118201.44840972139,412.62248198701127,117788.82592773438,VUG,328
2024-08-02,115707.23503081514,412.62248198701127,115294.61254882812,VUG,328
2024-08-05,111618.67619292451,412.62248198701127,111206.0537109375,VUG,328
2024-08-06,113043.48625151826,412.62248198701127,112630.86376953125,VUG,328
2024-08-07,111977.33610503389,412.62248198701127,111564.71362304688,VUG,328
2024-08-08,115325.77287261201,412.62248198701127,114913.150390625,VUG,328
2024-08-09,116137.61491362764,412.62248198701127,115724.99243164062,VUG,328
2024-08-12,116594.08024565889,412.62248198701127,116181.45776367188,VUG,328
2024-08-13,119182.83586089326,412.62248198701127,118770.21337890625,VUG,328
2024-08-14,119437.15397612764,412.62248198701127,119024.53149414062,VUG,328
2024-08-15,121810.71964995576,412.62248198701127,121398.09716796875,VUG,328
2024-08-16,122074.81730620576,412.62248198701127,121662.19482421875,VUG,328
2024-08-19,123551.77824370576,412.62248198701127,123139.15576171875,VUG,328
2024-08-20,123427.88737456514,412.62248198701127,123015.26489257812,VUG,328
2024-08-21,124004.98039214326,412.62248198701127,123592.35791015625,VUG,328
2024-08-22,122192.20182769014,412.62248198701127,121779.57934570312,VUG,328
2024-08-23,123587.65324370576,412.62248198701127,123175.03076171875,VUG,328
2024-08-26,122873.62663237764,412.62248198701127,122461.00415039062,VUG,328
2024-08-27,123242.05607573701,412.62248198701127,122829.43359375,VUG,328
2024-08-28,121944.41007964326,412.62248198701127,121531.78759765625,VUG,328
2024-08-29,121654.21696440889,412.62248198701127,121241.59448242188,VUG,328
2024-08-30,122857.32072417451,412.62248198701127,122444.6982421875,VUG,328
2024-09-03,119235.00675933076,412.62248198701127,118822.38427734375,VUG,328
2024-09-04,118853.52458159639,412.62248198701127,118440.90209960938,VUG,328
2024-09-05,118964.38273589326,412.62248198701127,118551.76025390625,VUG,328
2024-09-06,116558.21525542451,412.62248198701127,116145.5927734375,VUG,328
2024-09-09,118002.57438628389,412.62248198701127,117589.95190429688,VUG,328
2024-09-10,118833.96549956514,412.62248198701127,118421.34301757812,VUG,328
2024-09-11,121240.14298979951,412.62248198701127,120827.5205078125,VUG,328
2024-09-12,122423.68766753389,412.62248198701127,122011.06518554688,VUG,328
2024-09-13,122522.61683642198,129.45395647812984,122393.16287994385,XLU,1615
2024-09-16,123457.63175188829,129.45395647812984,123328.17779541016,XLU,1615
2024-09-17,123364.12409960557,129.45395647812984,123234.67014312744,XLU,1615
2024-09-18,122429.0968626671,129.45395647812984,122299.64290618896,XLU,1615
2024-09-19,121712.25825487901,129.45395647812984,121582.80429840088,XLU,1615
2024-09-20,124922.48229204942,129.45395647812984,124793.02833557129,XLU,1615
2024-09-23,126160.3589934044,129.45395647812984,126030.90503692627,XLU,1615
2024-09-24,125266.0788649254,129.45395647812984,125136.62490844727,XLU,1615
2024-09-25,125925.00655352403,129.45395647812984,125795.5525970459,XLU,1615
2024-09-26,125062.10921465684,129.45395647812984,124932.65525817871,XLU,1615
2024-09-27,126301.55074297715,129.45395647812984,126172.09678649902,XLU,1615
2024-09-30,126866.35470568467,129.45395647812984,126736.90074920654,XLU,1615
2024-10-01,127886.16599261094,129.45395647812984,127756.71203613281,XLU,1615
2024-10-02,127948.90692889024,129.45395647812984,127819.45297241211,XLU,1615
2024-10-03,127901.85122668077,129.45395647812984,127772.39727020264,XLU,1615
2024-10-04,127697.88157641221,129.45395647812984,127568.42761993408,XLU,1615
2024-10-07,124764.01583849717,129.45395647812984,124634.56188201904,XLU,1615
2024-10-08,124826.7814177208,129.45395647812984,124697.32746124268,XLU,1615
2024-10-09,123759.91442858506,129.45395647812984,123630.46047210693,XLU,1615
2024-10-10,123383.37023913194,129.45395647812984,123253.91628265381,XLU,1615
2024-10-11,124093.49819382478,138.91903122712392,123954.57916259766,XLE,1380
2024-10-14,124040.09731491853,138.91903122712392,123901.1782836914,XLE,1380
2024-10-15,120046.71810349275,138.91903122712392,119907.79907226562,XLE,1380
2024-10-16,120621.01970871736,138.91903122712392,120482.10067749023,XLE,1380
2024-10-17,121195.32131394197,138.91903122712392,121056.40228271484,XLE,1380
2024-10-18,120794.64626511384,138.91903122712392,120655.72723388672,XLE,1380
2024-10-21,120434.03240402986,138.91903122712392,120295.11337280273,XLE,1380
2024-10-22,120714.50283249666,138.91903122712392,120575.58380126953,XLE,1380
2024-10-23,120086.78981980134,138.91903122712392,119947.87078857422,XLE,1380
2024-10-24,120073.43960007478,138.91903122712392,119934.52056884766,XLE,1380
2024-10-25,119674.22361242869,146.16675436594232,119528.05685806274,XLF,2601
2024-10-28,121160.9501482258,146.16675436594232,121014.78339385986,XLF,2601
2024-10-29,120417.59184134104,146.16675436594232,120271.4250869751,XLF,2601
2024-10-30,120955.89160406687,146.16675436594232,120809.72484970093,XLF,2601
2024-10-31,119289.73512137034,146.16675436594232,119143.5683670044,XLF,2601
2024-11-01,119520.53158864977,119520.53158864977,0.0,GLD,0
2024-11-04,119520.53158864977,119520.53158864977,0.0,GLD,0
2024-11-05,119520.53158864977,119520.53158864977,0.0,GLD,0
2024-11-06,119520.53158864977,119520.53158864977,0.0,GLD,0
2024-11-07,119520.53158864977,119520.53158864977,0.0,GLD,0
2024-11-08,119520.53158864977,119520.53158864977,0.0,GLD,0
2024-11-11,119520.53158864977,119520.53158864977,0.0,GLD,0
2024-11-12,119520.53158864977,119520.53158864977,0.0,GLD,0
2024-11-13,119520.53158864977,119520.53158864977,0.0,GLD,0
2024-11-14,119520.53158864977,119520.53158864977,0.0,GLD,0
2024-11-15,119341.81217572404,195.53689191056765,119146.27528381348,XLY,563
2024-11-18,120441.49886700822,195.53689191056765,120245.96197509766,XLY,563
2024-11-19,120530.81635663225,195.53689191056765,120335.27946472168,XLY,563
2024-11-20,120000.50396344377,195.53689191056765,119804.9670715332,XLY,563
2024-11-21,120212.62548443986,195.53689191056765,120017.0885925293,XLY,563
2024-11-22,121943.10996625139,195.53689191056765,121747.57307434082,XLY,563
2024-11-25,123187.93650433733,195.53689191056765,122992.39961242676,XLY,563
2024-11-26,123634.5153617592,195.53689191056765,123438.97846984863,XLY,563
2024-11-27,123026.0447959633,195.53689191056765,122830.50790405273,XLY,563
2024-11-29,124287.6231956215,195.53689191056765,124092.08630371094,XLY,563
2024-12-02,125370.56661603166,195.53689191056765,125175.0297241211,XLY,563
2024-12-03,125275.6823539467,195.53689191056765,125080.14546203613,XLY,563
2024-12-04,126436.7667655678,195.53689191056765,126241.22987365723,XLY,563
2024-12-05,127469.4631919594,195.53689191056765,127273.92630004883,XLY,563
2024-12-06,130148.91915509416,195.53689191056765,129953.3822631836,XLY,563
2024-12-09,129735.84402081682,195.53689191056765,129540.30712890625,XLY,563
2024-12-10,129947.96554181291,195.53689191056765,129752.42864990234,XLY,563
2024-12-11,132225.50568768693,195.53689191056765,132029.96879577637,XLY,563
2024-12-12,131131.37717816545,195.53689191056765,130935.84028625488,XLY,563
2024-12-13,131650.53884503557,195.53689191056765,131455.001953125,XLY,563
2024-12-16,133431.24454877092,195.53689191056765,133235.70765686035,XLY,563
2024-12-17,133849.90363690568,195.53689191056765,133654.36674499512,XLY,563
2024-12-18,127826.72455975725,195.53689191056765,127631.18766784668,XLY,563
2024-12-19,127653.68212506486,195.53689191056765,127458.1452331543,XLY,563
2024-12-20,127785.78407102586,127785.78407102586,0.0,SHY,0
2024-12-23,127785.78407102586,127785.78407102586,0.0,SHY,0
2024-12-24,127785.78407102586,127785.78407102586,0.0,SHY,0
2024-12-26,127785.78407102586,127785.78407102586,0.0,SHY,0
2024-12-27,127785.78407102586,127785.78407102586,0.0,SHY,0
2024-12-30,127785.78407102586,127785.78407102586,0.0,SHY,0
