date,equity,cash,position_value,position,shares
2005-01-03,99850.0,78.32084655761719,99771.67915344238,SPY,1219
2005-01-04,98630.78609466553,78.32084655761719,98552.46524810791,SPY,1219
2005-01-05,97950.74383544922,78.32084655761719,97872.4229888916,SPY,1219
2005-01-06,98448.34344482422,78.32084655761719,98370.0225982666,SPY,1219
2005-01-07,98307.3705291748,78.32084655761719,98229.04968261719,SPY,1219
2005-01-10,98771.79621124268,78.32084655761719,98693.47536468506,SPY,1219
2005-01-11,98091.74465179443,78.32084655761719,98013.42380523682,SPY,1219
2005-01-12,98415.23461914062,78.32084655761719,98336.91377258301,SPY,1219
2005-01-13,97627.28176879883,78.32084655761719,97548.96092224121,SPY,1219
2005-01-14,98141.44509124756,78.32084655761719,98063.12424468994,SPY,1219
2005-01-18,99161.58753204346,78.32084655761719,99083.26668548584,SPY,1219
2005-01-19,98124.8999786377,78.32084655761719,98046.57913208008,SPY,1219
2005-01-20,97527.75998687744,78.32084655761719,97449.43914031982,SPY,1219
2005-01-21,96930.64789581299,78.32084655761719,96852.32704925537,SPY,1219
2005-01-24,96739.90013885498,78.32084655761719,96661.57929229736,SPY,1219
2005-01-25,97013.54086303711,78.32084655761719,96935.22001647949,SPY,1219
2005-01-26,97303.8383026123,78.32084655761719,97225.51745605469,SPY,1219
2005-01-27,97469.72653961182,78.32084655761719,97391.4056930542,SPY,1219
2005-01-28,97469.72653961182,78.32084655761719,97391.4056930542,SPY,1219
2005-01-31,98075.16233825684,78.32084655761719,97996.84149169922,SPY,1219
2005-02-01,98697.15254974365,78.32084655761719,98618.83170318604,SPY,1219
2005-02-02,98995.72719573975,78.32084655761719,98917.40634918213,SPY,1219
2005-02-03,98738.60368347168,78.32084655761719,98660.28283691406,SPY,1219
2005-02-04,99791.93865203857,78.32084655761719,99713.61780548096,SPY,1219
2005-02-07,99659.20574188232,78.32084655761719,99580.8848953247,SPY,1219
2005-02-08,99775.32843780518,78.32084655761719,99697.00759124756,SPY,1219
2005-02-09,99028.89182281494,78.32084655761719,98950.57097625732,SPY,1219
2005-02-10,99385.5371170044,78.32084655761719,99307.21627044678,SPY,1219
2005-02-11,100239.75411987305,78.32084655761719,100161.43327331543,SPY,1219
2005-02-14,100165.12905883789,78.32084655761719,100086.80821228027,SPY,1219
2005-02-15,100538.34736633301,78.32084655761719,100460.02651977539,SPY,1219
2005-02-16,100604.71382141113,78.32084655761719,100526.39297485352,SPY,1219
2005-02-17,99791.93865203857,78.32084655761719,99713.61780548096,SPY,1219
2005-02-18,99924.62506103516,78.32084655761719,99846.30421447754,SPY,1219
2005-02-22,98440.06623840332,78.32084655761719,98361.7453918457,SPY,1219
2005-02-23,99145.02381896973,78.32084655761719,99066.70297241211,SPY,1219
2005-02-24,99800.21585845947,78.32084655761719,99721.89501190186,SPY,1219
2005-02-25,100787.1192703247,78.32084655761719,100708.79842376709,SPY,1219
2005-02-28,100123.65002441406,78.32084655761719,100045.32917785645,SPY,1219
2005-03-01,100621.2868347168,78.32084655761719,100542.96598815918,SPY,1219
2005-03-02,100571.4840927124,78.32084655761719,100493.16324615479,SPY,1219
2005-03-03,100612.96312713623,78.32084655761719,100534.64228057861,SPY,1219
2005-03-04,101865.32305908203,78.32084655761719,101787.00221252441,SPY,1219
2005-03-07,101915.04209899902,78.32084655761719,101836.7212524414,SPY,1219
2005-03-08,101533.57448577881,78.32084655761719,101455.25363922119,SPY,1219
2005-03-09,100405.68885803223,78.32084655761719,100327.36801147461,SPY,1219
2005-03-10,100629.5640411377,78.32084655761719,100551.24319458008,SPY,1219
2005-03-11,99924.62506103516,78.32084655761719,99846.30421447754,SPY,1219
2005-03-14,100546.61527252197,78.32084655761719,100468.29442596436,SPY,1219
2005-03-15,99717.28569030762,78.32084655761719,99638.96484375,SPY,1219
2005-03-16,98871.2993927002,78.32084655761719,98792.97854614258,SPY,1219
2005-03-17,99070.3801574707,78.32084655761719,98992.05931091309,SPY,1219
2005-03-18,98776.44632720947,78.32084655761719,98698.12548065186,SPY,1219
2005-03-21,98410.11019134521,78.32084655761719,98331.7893447876,SPY,1219
2005-03-22,97410.9769744873,78.32084655761719,97332.65612792969,SPY,1219
2005-03-23,97494.26055145264,78.32084655761719,97415.93970489502,SPY,1219
2005-03-24,97610.81105804443,78.32084655761719,97532.49021148682,SPY,1219
2005-03-28,97752.323387146,78.32084655761719,97674.00254058838,SPY,1219
2005-03-29,97102.91609191895,78.32084655761719,97024.59524536133,SPY,1219
2005-03-30,98476.71845245361,78.32084655761719,98398.397605896,SPY,1219
2005-03-31,98293.54108428955,78.32084655761719,98215.22023773193,SPY,1219
2005-04-01,97852.2636795044,78.32084655761719,97773.94283294678,SPY,1219
2005-04-04,98018.80293273926,78.32084655761719,97940.48208618164,SPY,1219
2005-04-05,98485.08866119385,78.32084655761719,98406.76781463623,SPY,1219
2005-04-06,98826.41647338867,78.32084655761719,98748.09562683105,SPY,1219
2005-04-07,99359.28256225586,78.32084655761719,99280.96171569824,SPY,1219
2005-04-08,98326.82661437988,78.32084655761719,98248.50576782227,SPY,1219
2005-04-11,98401.75858306885,78.32084655761719,98323.43773651123,SPY,1219
2005-04-12,98909.6721496582,78.32084655761719,98831.35130310059,SPY,1219
2005-04-13,97744.08338165283,78.32084655761719,97665.76253509521,SPY,1219
2005-04-14,96470.10041046143,78.32084655761719,96391.77956390381,SPY,1219
2005-04-15,95121.26917266846,78.32084655761719,95042.94832611084,SPY,1219
2005-04-18,95412.66403961182,78.32084655761719,95334.3431930542,SPY,1219
2005-04-19,96170.37253570557,78.32084655761719,96092.05168914795,SPY,1219
2005-04-20,94829.8743057251,78.32084655761719,94751.55345916748,SPY,1219
2005-04-21,96669.93449401855,78.32084655761719,96591.61364746094,SPY,1219
2005-04-22,96303.58905792236,78.32084655761719,96225.26821136475,SPY,1219
2005-04-25,96936.37683868408,78.32084655761719,96858.05599212646,SPY,1219
2005-04-26,95995.528175354,78.32084655761719,95917.20732879639,SPY,1219
2005-04-27,96370.16941833496,78.32084655761719,96291.84857177734,SPY,1219
2005-04-28,95162.87841033936,78.32084655761719,95084.55756378174,SPY,1219
2005-04-29,96453.4529953003,78.32084655761719,96375.13214874268,SPY,1219
2005-05-02,96994.66139221191,78.32084655761719,96916.3405456543,SPY,1219
2005-05-03,97161.19134521484,78.32084655761719,97082.87049865723,SPY,1219
2005-05-04,97910.51103210449,78.32084655761719,97832.19018554688,SPY,1219
2005-05-05,97877.22550201416,78.32084655761719,97798.90465545654,SPY,1219
2005-05-06,97569.18321990967,78.32084655761719,97490.86237335205,SPY,1219
2005-05-09,98176.97197723389,78.32084655761719,98098.65113067627,SPY,1219
2005-05-10,97161.19134521484,78.32084655761719,97082.87049865723,SPY,1219
2005-05-11,97694.06673431396,78.32084655761719,97615.74588775635,SPY,1219
2005-05-12,96619.99224853516,78.32084655761719,96541.67140197754,SPY,1219
2005-05-13,96428.50047302246,78.32084655761719,96350.17962646484,SPY,1219
2005-05-16,97327.7026977539,78.32084655761719,97249.38185119629,SPY,1219
2005-05-17,97977.12859344482,78.32084655761719,97898.8077468872,SPY,1219
2005-05-18,98984.6134185791,78.32084655761719,98906.29257202148,SPY,1219
2005-05-19,99400.88249969482,78.32084655761719,99322.5616531372,SPY,1219
2005-05-20,99259.34226989746,78.32084655761719,99181.02142333984,SPY,1219
2005-05-23,99808.87437438965,78.32084655761719,99730.55352783203,SPY,1219
2005-05-24,99575.75476074219,78.32084655761719,99497.43391418457,SPY,1219
2005-05-25,99500.81349182129,78.32084655761719,99422.49264526367,SPY,1219
2005-05-26,100033.67028045654,78.32084655761719,99955.34943389893,SPY,1219
2005-05-27,100200.22813415527,78.32084655761719,100121.90728759766,SPY,1219
2005-05-31,99559.08874511719,78.32084655761719,99480.76789855957,SPY,1219
2005-06-01,100408.38592529297,78.32084655761719,100330.06507873535,SPY,1219
2005-06-02,100624.84882354736,78.32084655761719,100546.52797698975,SPY,1219
2005-06-03,100116.98175811768,78.32084655761719,100038.66091156006,SPY,1219
2005-06-06,100025.37447357178,78.32084655761719,99947.05362701416,SPY,1219
2005-06-07,100100.33434295654,78.32084655761719,100022.01349639893,SPY,1219
2005-06-08,99917.13837432861,78.32084655761719,99838.817527771,SPY,1219
2005-06-09,100391.73851013184,78.32084655761719,100313.41766357422,SPY,1219
2005-06-10,100158.56309509277,78.32084655761719,100080.24224853516,SPY,1219
2005-06-13,100475.0034866333,78.32084655761719,100396.68264007568,SPY,1219
2005-06-14,100708.1044998169,78.32084655761719,100629.78365325928,SPY,1219
2005-06-15,100899.62417602539,78.32084655761719,100821.30332946777,SPY,1219
2005-06-16,101157.71491241455,78.32084655761719,101079.39406585693,SPY,1219
2005-06-17,101532.2445526123,78.32084655761719,101453.92370605469,SPY,1219
2005-06-20,101565.69748687744,78.32084655761719,101487.37664031982,SPY,1219
2005-06-21,101624.22384643555,78.32084655761719,101545.90299987793,SPY,1219
2005-06-22,101707.78643035889,78.32084655761719,101629.46558380127,SPY,1219
2005-06-23,100278.27568054199,78.32084655761719,100199.95483398438,SPY,1219
2005-06-24,99542.6459350586,78.32084655761719,99464.32508850098,SPY,1219
2005-06-27,99684.7534790039,78.32084655761719,99606.43263244629,SPY,1219
2005-06-28,100520.74202728271,78.32084655761719,100442.4211807251,SPY,1219
2005-06-29,100253.19295501709,78.32084655761719,100174.87210845947,SPY,1219
2005-06-30,99709.79900360107,78.32084655761719,99631.47815704346,SPY,1219
2005-07-01,100002.4308013916,78.32084655761719,99924.10995483398,SPY,1219
2005-07-05,100804.96641540527,78.32084655761719,100726.64556884766,SPY,1219
2005-07-06,99960.63555908203,78.32084655761719,99882.31471252441,SPY,1219
2005-07-07,100353.5238571167,78.32084655761719,100275.20301055908,SPY,1219
2005-07-08,101498.78231811523,78.32084655761719,101420.46147155762,SPY,1219
2005-07-11,102017.14004516602,78.32084655761719,101938.8191986084,SPY,1219
2005-07-12,102284.6519165039,78.32084655761719,102206.33106994629,SPY,1219
2005-07-13,102426.75016021729,78.32084655761719,102348.42931365967,SPY,1219
2005-07-14,102828.00866699219,78.32084655761719,102749.68782043457,SPY,1219
2005-07-15,102769.49160766602,78.32084655761719,102691.1707611084,SPY,1219
2005-07-18,102359.85359191895,78.32084655761719,102281.53274536133,SPY,1219
2005-07-19,102919.96936035156,78.32084655761719,102841.64851379395,SPY,1219
2005-07-20,103271.06241607666,78.32084655761719,103192.74156951904,SPY,1219
2005-07-21,102669.17000579834,78.32084655761719,102590.84915924072,SPY,1219
2005-07-22,103354.71800231934,78.32084655761719,103276.39715576172,SPY,1219
2005-07-25,103062.08620452881,78.32084655761719,102983.76535797119,SPY,1219
2005-07-26,103187.49983215332,78.32084655761719,103109.1789855957,SPY,1219
2005-07-27,103563.69421386719,78.32084655761719,103485.37336730957,SPY,1219
2005-07-28,104215.72417449951,78.32084655761719,104137.4033279419,SPY,1219
2005-07-29,103521.85247039795,78.32084655761719,103443.53162384033,SPY,1219
2005-08-01,103446.65079498291,78.32084655761719,103368.3299484253,SPY,1219
2005-08-02,104065.23712158203,78.32084655761719,103986.91627502441,SPY,1219
2005-08-03,104341.13780212402,78.32084655761719,104262.8169555664,SPY,1219
2005-08-04,103505.13065338135,78.32084655761719,103426.80980682373,SPY,1219
2005-08-05,102802.93524169922,78.32084655761719,102724.6143951416,SPY,1219
2005-08-08,102610.67154693604,78.32084655761719,102532.35070037842,SPY,1219
2005-08-09,103229.27647399902,78.32084655761719,103150.9556274414,SPY,1219
2005-08-10,103179.16682434082,78.32084655761719,103100.8459777832,SPY,1219
2005-08-11,103588.74903869629,78.32084655761719,103510.42819213867,SPY,1219
2005-08-12,102953.3943939209,78.32084655761719,102875.07354736328,SPY,1219
2005-08-15,103588.74903869629,78.32084655761719,103510.42819213867,SPY,1219
2005-08-16,102242.83807373047,78.32084655761719,102164.51722717285,SPY,1219
2005-08-17,102234.49576568604,78.32084655761719,102156.17491912842,SPY,1219
2005-08-18,102226.13485717773,78.32084655761719,102147.81401062012,SPY,1219
2005-08-19,102460.13799285889,78.32084655761719,102381.81714630127,SPY,1219
2005-08-22,102460.13799285889,78.32084655761719,102381.81714630127,SPY,1219
2005-08-23,102267.9300994873,78.32084655761719,102189.60925292969,SPY,1219
2005-08-24,101356.72127532959,78.32084655761719,101278.40042877197,SPY,1219
2005-08-25,101724.48964691162,78.32084655761719,101646.168800354,SPY,1219
2005-08-26,101030.64584350586,78.32084655761719,100952.32499694824,SPY,1219
2005-08-29,101808.1173324585,78.32084655761719,101729.79648590088,SPY,1219
2005-08-30,101273.12149047852,78.32084655761719,101194.8006439209,SPY,1219
2005-08-31,102552.1637878418,78.32084655761719,102473.84294128418,SPY,1219
2005-09-01,102476.90631103516,78.32084655761719,102398.58546447754,SPY,1219
2005-09-02,102293.00352478027,78.32084655761719,102214.68267822266,SPY,1219
2005-09-06,103488.44603729248,78.32084655761719,103410.12519073486,SPY,1219
2005-09-07,103663.97861480713,78.32084655761719,103585.65776824951,SPY,1219
2005-09-08,103321.2650680542,78.32084655761719,103242.94422149658,SPY,1219
2005-09-09,104240.81620025635,78.32084655761719,104162.49535369873,SPY,1219
2005-09-12,104031.82138824463,78.32084655761719,103953.50054168701,SPY,1219
2005-09-13,103454.97450256348,78.32084655761719,103376.65365600586,SPY,1219
2005-09-14,103078.79872131348,78.32084655761719,103000.47787475586,SPY,1219
2005-09-15,103028.63327026367,78.32084655761719,102950.31242370605,SPY,1219
2005-09-16,103760.7289276123,78.32084655761719,103682.40808105469,SPY,1219
2005-09-19,103416.53664398193,78.32084655761719,103338.21579742432,SPY,1219
2005-09-20,102543.40296936035,78.32084655761719,102465.08212280273,SPY,1219
2005-09-21,101586.34400177002,78.32084655761719,101508.0231552124,SPY,1219
2005-09-22,101947.32320404053,78.32084655761719,101869.00235748291,SPY,1219
2005-09-23,102031.31359863281,78.32084655761719,101952.9927520752,SPY,1219
2005-09-26,102148.81272888184,78.32084655761719,102070.49188232422,SPY,1219
2005-09-27,102123.61840057373,78.32084655761719,102045.29755401611,SPY,1219
2005-09-28,102224.33991241455,78.32084655761719,102146.01906585693,SPY,1219
2005-09-29,103055.53884124756,78.32084655761719,102977.21799468994,SPY,1219
2005-09-30,103374.55539703369,78.32084655761719,103296.23455047607,SPY,1219
2005-10-03,103005.16878509521,78.32084655761719,102926.8479385376,SPY,1219
2005-10-04,101846.58309173584,78.32084655761719,101768.26224517822,SPY,1219
2005-10-05,100511.7115020752,78.32084655761719,100433.39065551758,SPY,1219
2005-10-06,100150.71369934082,78.32084655761719,100072.3928527832,SPY,1219
2005-10-07,100494.94318389893,78.32084655761719,100416.62233734131,SPY,1219
2005-10-10,99647.00383758545,78.32084655761719,99568.68299102783,SPY,1219
2005-10-11,99504.29177856445,78.32084655761719,99425.97093200684,SPY,1219
2005-10-12,98723.49080657959,78.32084655761719,98645.16996002197,SPY,1219
2005-10-13,98664.76914215088,78.32084655761719,98586.44829559326,SPY,1219
2005-10-14,99705.75340270996,78.32084655761719,99627.43255615234,SPY,1219
2005-10-17,100075.17721557617,78.32084655761719,99996.85636901855,SPY,1219
2005-10-18,98992.18380737305,78.32084655761719,98913.86296081543,SPY,1219
2005-10-19,100637.62734222412,78.32084655761719,100559.3064956665,SPY,1219
2005-10-20,98866.20286560059,78.32084655761719,98787.88201904297,SPY,1219
2005-10-21,99252.404296875,78.32084655761719,99174.08345031738,SPY,1219
2005-10-24,100788.79331207275,78.32084655761719,100710.47246551514,SPY,1219
2005-10-25,100587.26658630371,78.32084655761719,100508.9457397461,SPY,1219
2005-10-26,100293.46295928955,78.32084655761719,100215.14211273193,SPY,1219
2005-10-27,99227.2378692627,78.32084655761719,99148.91702270508,SPY,1219
2005-10-28,100654.47006225586,78.32084655761719,100576.14921569824,SPY,1219
2005-10-31,100931.50537109375,78.32084655761719,100853.18452453613,SPY,1219
2005-11-01,101233.72570800781,78.32084655761719,101155.4048614502,SPY,1219
2005-11-02,102291.5712890625,78.32084655761719,102213.25044250488,SPY,1219
2005-11-03,102728.08697509766,78.32084655761719,102649.76612854004,SPY,1219
2005-11-04,102593.75442504883,78.32084655761719,102515.43357849121,SPY,1219
2005-11-07,102694.55033874512,78.32084655761719,102616.2294921875,SPY,1219
2005-11-08,102694.55033874512,78.32084655761719,102616.2294921875,SPY,1219
2005-11-09,102828.83638763428,78.32084655761719,102750.51554107666,SPY,1219
2005-11-10,103626.41497802734,78.32084655761719,103548.09413146973,SPY,1219
2005-11-11,103979.03327178955,78.32084655761719,103900.71242523193,SPY,1219
2005-11-14,103920.23720550537,78.32084655761719,103841.91635894775,SPY,1219
2005-11-15,103542.45248413086,78.32084655761719,103464.13163757324,SPY,1219
2005-11-16,103752.33081817627,78.32084655761719,103674.00997161865,SPY,1219
2005-11-17,104717.79719543457,78.32084655761719,104639.47634887695,SPY,1219
2005-11-18,105129.16505432129,78.32084655761719,105050.84420776367,SPY,1219
2005-11-21,105658.0506439209,78.32084655761719,105579.72979736328,SPY,1219
2005-11-22,106111.4369506836,78.32084655761719,106033.11610412598,SPY,1219
2005-11-23,106724.26643371582,78.32084655761719,106645.9455871582,SPY,1219
2005-11-25,106808.21962738037,78.32084655761719,106729.89878082275,SPY,1219
2005-11-28,106052.66878509521,78.32084655761719,105974.3479385376,SPY,1219
2005-11-29,105935.14175415039,78.32084655761719,105856.82090759277,SPY,1219
2005-11-30,105364.1819152832,78.32084655761719,105285.86106872559,SPY,1219
2005-12-01,106438.8330154419,78.32084655761719,106360.51216888428,SPY,1219
2005-12-02,106573.14696502686,78.32084655761719,106494.82611846924,SPY,1219
2005-12-05,106346.50031280518,78.32084655761719,106268.17946624756,SPY,1219
2005-12-06,106547.98053741455,78.32084655761719,106469.65969085693,SPY,1219
2005-12-07,105926.71574401855,78.32084655761719,105848.39489746094,SPY,1219
2005-12-08,105859.53086853027,78.32084655761719,105781.21002197266,SPY,1219
2005-12-09,106136.61267852783,78.32084655761719,106058.29183197021,SPY,1219
2005-12-12,106237.36209106445,78.32084655761719,106159.04124450684,SPY,1219
2005-12-13,106959.3297958374,78.32084655761719,106881.00894927979,SPY,1219
2005-12-14,107379.11436462402,78.32084655761719,107300.7935180664,SPY,1219
2005-12-15,107068.50521850586,78.32084655761719,106990.18437194824,SPY,1219
2005-12-16,106724.12693023682,78.32084655761719,106645.8060836792,SPY,1219
2005-12-19,106175.57135009766,78.32084655761719,106097.25050354004,SPY,1219
2005-12-20,106276.81367492676,78.32084655761719,106198.49282836914,SPY,1219
2005-12-21,106445.64078521729,78.32084655761719,106367.31993865967,SPY,1219
2005-12-22,107002.65957641602,78.32084655761719,106924.3387298584,SPY,1219
2005-12-23,107061.762550354,78.32084655761719,106983.44170379639,SPY,1219
2005-12-27,105972.99369812012,78.32084655761719,105894.6728515625,SPY,1219
2005-12-28,106209.3032913208,78.32084655761719,106130.98244476318,SPY,1219
2005-12-29,105736.71200561523,78.32084655761719,105658.39115905762,SPY,1219
2005-12-30,105162.78539276123,78.32084655761719,105084.46454620361,SPY,1219
2006-01-03,107011.09488677979,78.32084655761719,106932.77404022217,SPY,1219
2006-01-04,107517.48321533203,78.32084655761719,107439.16236877441,SPY,1219
2006-01-05,107584.99359893799,78.32084655761719,107506.67275238037,SPY,1219
2006-01-06,108479.63871002197,78.32084655761719,108401.31786346436,SPY,1219
2006-01-09,108758.11555480957,78.32084655761719,108679.79470825195,SPY,1219
2006-01-10,108867.83039093018,78.32084655761719,108789.50954437256,SPY,1219
2006-01-11,109213.919921875,78.32084655761719,109135.59907531738,SPY,1219
2006-01-12,108783.45868682861,78.32084655761719,108705.137840271,SPY,1219
2006-01-13,108682.16056060791,78.32084655761719,108603.8397140503,SPY,1219
2006-01-17,108386.81309509277,78.32084655761719,108308.49224853516,SPY,1219
2006-01-18,107956.36116027832,78.32084655761719,107878.0403137207,SPY,1219
2006-01-19,108369.89597320557,78.32084655761719,108291.57512664795,SPY,1219
2006-01-20,106395.01962280273,78.32084655761719,106316.69877624512,SPY,1219
2006-01-23,106774.76669311523,78.32084655761719,106696.44584655762,SPY,1219
2006-01-24,106884.54663085938,78.32084655761719,106806.22578430176,SPY,1219
2006-01-25,106977.31644439697,78.32084655761719,106898.99559783936,SPY,1219
2006-01-26,107568.15087890625,78.32084655761719,107489.83003234863,SPY,1219
2006-01-27,108563.98251342773,78.32084655761719,108485.66166687012,SPY,1219
2006-01-30,108479.63871002197,78.32084655761719,108401.31786346436,SPY,1219
2006-01-31,107686.26382446289,78.32084655761719,107607.94297790527,SPY,1219
2006-02-01,108437.41565704346,78.32084655761719,108359.09481048584,SPY,1219
2006-02-02,107179.88479614258,78.32084655761719,107101.56394958496,SPY,1219
2006-02-03,106648.17193603516,78.32084655761719,106569.85108947754,SPY,1219
2006-02-06,106926.68598175049,78.32084655761719,106848.36513519287,SPY,1219
2006-02-07,105981.42900848389,78.32084655761719,105903.10816192627,SPY,1219
2006-02-08,106943.56590270996,78.32084655761719,106865.24505615234,SPY,1219
2006-02-09,106766.3127822876,78.32084655761719,106687.99193572998,SPY,1219
2006-02-10,106960.44582366943,78.32084655761719,106882.12497711182,SPY,1219
2006-02-13,106766.3127822876,78.32084655761719,106687.99193572998,SPY,1219
2006-02-14,107897.25818634033,78.32084655761719,107818.93733978271,SPY,1219
2006-02-15,108277.06105804443,78.32084655761719,108198.74021148682,SPY,1219
2006-02-16,109087.29726409912,78.32084655761719,109008.9764175415,SPY,1219
2006-02-17,108791.88469696045,78.32084655761719,108713.56385040283,SPY,1219
2006-02-21,108521.82456207275,78.32084655761719,108443.50371551514,SPY,1219
2006-02-22,109180.09497833252,78.32084655761719,109101.7741317749,SPY,1219
2006-02-23,109019.7682800293,78.32084655761719,108941.44743347168,SPY,1219
2006-02-24,109298.2730255127,78.32084655761719,109219.95217895508,SPY,1219
2006-02-27,109340.50537872314,78.32084655761719,109262.18453216553,SPY,1219
2006-02-28,108302.39488983154,78.32084655761719,108224.07404327393,SPY,1219
2006-03-01,109264.54108428955,78.32084655761719,109186.22023773193,SPY,1219
2006-03-02,109256.09647369385,78.32084655761719,109177.77562713623,SPY,1219
2006-03-03,108749.67094421387,78.32084655761719,108671.35009765625,SPY,1219
2006-03-06,108251.74582672119,78.32084655761719,108173.42498016357,SPY,1219
2006-03-07,108082.97451782227,78.32084655761719,108004.65367126465,SPY,1219
2006-03-08,108310.78369903564,78.32084655761719,108232.46285247803,SPY,1219
2006-03-09,107584.99359893799,78.32084655761719,107506.67275238037,SPY,1219
2006-03-10,108606.24276733398,78.32084655761719,108527.92192077637,SPY,1219
2006-03-13,108808.79251861572,78.32084655761719,108730.4716720581,SPY,1219
2006-03-14,109948.14533233643,78.32084655761719,109869.82448577881,SPY,1219
2006-03-15,110437.64443969727,78.32084655761719,110359.32359313965,SPY,1219
2006-03-16,110665.55592346191,78.32084655761719,110587.2350769043,SPY,1219
2006-03-17,110757.91652679443,78.32084655761719,110679.59568023682,SPY,1219
2006-03-20,110579.94728851318,78.32084655761719,110501.62644195557,SPY,1219
2006-03-21,109885.11766052246,78.32084655761719,109806.79681396484,SPY,1219
2006-03-22,110554.52975463867,78.32084655761719,110476.20890808105,SPY,1219
2006-03-23,110325.70684814453,78.32084655761719,110247.38600158691,SPY,1219
2006-03-24,110410.51566314697,78.32084655761719,110332.19481658936,SPY,1219
2006-03-27,110249.51934814453,78.32084655761719,110171.19850158691,SPY,1219
2006-03-28,109571.60684204102,78.32084655761719,109493.2859954834,SPY,1219
2006-03-29,110257.97325897217,78.32084655761719,110179.65241241455,SPY,1219
2006-03-30,110063.06829833984,78.32084655761719,109984.74745178223,SPY,1219
2006-03-31,110088.50443267822,78.32084655761719,110010.1835861206,SPY,1219
2006-04-03,110003.74211883545,78.32084655761719,109925.42127227783,SPY,1219
2006-04-04,110707.05355834961,78.32084655761719,110628.73271179199,SPY,1219
2006-04-05,111088.36306762695,78.32084655761719,111010.04222106934,SPY,1219
2006-04-06,110969.72930908203,78.32084655761719,110891.40846252441,SPY,1219
2006-04-07,109842.82020568848,78.32084655761719,109764.49935913086,SPY,1219
2006-04-10,110012.21463012695,78.32084655761719,109933.89378356934,SPY,1219
2006-04-11,109080.10818481445,78.32084655761719,109001.78733825684,SPY,1219
2006-04-12,109283.56005859375,78.32084655761719,109205.23921203613,SPY,1219
2006-04-13,109139.48086547852,78.32084655761719,109061.1600189209,SPY,1219
2006-04-17,109097.08110809326,78.32084655761719,109018.76026153564,SPY,1219
2006-04-18,110825.7059173584,78.32084655761719,110747.38507080078,SPY,1219
2006-04-19,111037.518699646,78.32084655761719,110959.19785308838,SPY,1219
2006-04-20,111190.02390289307,78.32084655761719,111111.70305633545,SPY,1219
2006-04-21,111206.94102478027,78.32084655761719,111128.62017822266,SPY,1219
2006-04-24,111003.62865447998,78.32084655761719,110925.30780792236,SPY,1219
2006-04-25,110546.05724334717,78.32084655761719,110467.73639678955,SPY,1219
2006-04-26,110571.48407745361,78.32084655761719,110493.163230896,SPY,1219
2006-04-27,111105.32669067383,78.32084655761719,111027.00584411621,SPY,1219
2006-04-28,111478.10788726807,78.32084655761719,111399.78704071045,SPY,1219
2006-05-01,110571.48407745361,78.32084655761719,110493.163230896,SPY,1219
2006-05-02,111401.88318634033,78.32084655761719,111323.56233978271,SPY,1219
2006-05-03,110986.6371307373,78.32084655761719,110908.31628417969,SPY,1219
2006-05-04,111384.91956329346,78.32084655761719,111306.59871673584,SPY,1219
2006-05-05,112367.87967681885,78.32084655761719,112289.55883026123,SPY,1219
2006-05-08,112232.26369476318,78.32084655761719,112153.94284820557,SPY,1219
2006-05-09,112452.54898834229,78.32084655761719,112374.22814178467,SPY,1219
2006-05-10,112393.26000976562,78.32084655761719,112314.93916320801,SPY,1219
2006-05-11,111037.518699646,78.32084655761719,110959.19785308838,SPY,1219
2006-05-12,109588.57046508789,78.32084655761719,109510.24961853027,SPY,1219
2006-05-15,109808.84645843506,78.32084655761719,109730.52561187744,SPY,1219
2006-05-16,109647.92454528809,78.32084655761719,109569.60369873047,SPY,1219
2006-05-17,107563.39846038818,78.32084655761719,107485.07761383057,SPY,1219
2006-05-18,107021.11123657227,78.32084655761719,106942.79039001465,SPY,1219
2006-05-19,107775.25774383545,78.32084655761719,107696.93689727783,SPY,1219
2006-05-22,106953.34044647217,78.32084655761719,106875.01959991455,SPY,1219
2006-05-23,106139.87705993652,78.32084655761719,106061.5562133789,SPY,1219
2006-05-24,106987.23049163818,78.32084655761719,106908.90964508057,SPY,1219
2006-05-25,108309.10035705566,78.32084655761719,108230.77951049805,SPY,1219
2006-05-26,108859.86939239502,78.32084655761719,108781.5485458374,SPY,1219
2006-05-30,106927.90431213379,78.32084655761719,106849.58346557617,SPY,1219
2006-05-31,108122.68650817871,78.32084655761719,108044.3656616211,SPY,1219
2006-06-01,109156.40728759766,78.32084655761719,109078.08644104004,SPY,1219
2006-06-02,109385.19299316406,78.32084655761719,109306.87214660645,SPY,1219
2006-06-05,107792.18416595459,78.32084655761719,107713.86331939697,SPY,1219
2006-06-06,107529.49911499023,78.32084655761719,107451.17826843262,SPY,1219
2006-06-07,106724.5919418335,78.32084655761719,106646.27109527588,SPY,1219
2006-06-08,106631.34781646729,78.32084655761719,106553.02696990967,SPY,1219
2006-06-09,106292.37296295166,78.32084655761719,106214.05211639404,SPY,1219
2006-06-12,105140.0463256836,78.32084655761719,105061.72547912598,SPY,1219
2006-06-13,103919.8837966919,78.32084655761719,103841.56295013428,SPY,1219
2006-06-14,104724.87467193604,78.32084655761719,104646.55382537842,SPY,1219
2006-06-15,106944.85863494873,78.32084655761719,106866.53778839111,SPY,1219
2006-06-16,106166.12231445312,78.32084655761719,106087.80146789551,SPY,1219
2006-06-19,105332.10541534424,78.32084655761719,105253.78456878662,SPY,1219
2006-06-20,105689.46682739258,78.32084655761719,105611.14598083496,SPY,1219
2006-06-21,106472.4998550415,78.32084655761719,106394.17900848389,SPY,1219
2006-06-22,106004.44708251953,78.32084655761719,105926.12623596191,SPY,1219
2006-06-23,105987.40905761719,78.32084655761719,105909.08821105957,SPY,1219
2006-06-26,106455.4711303711,78.32084655761719,106377.15028381348,SPY,1219
2006-06-27,105536.31990814209,78.32084655761719,105457.99906158447,SPY,1219
2006-06-28,106251.26593780518,78.32084655761719,106172.94509124756,SPY,1219
2006-06-29,108395.9552230835,78.32084655761719,108317.63437652588,SPY,1219
2006-06-30,108404.47423553467,78.32084655761719,108326.15338897705,SPY,1219
2006-07-03,108847.05367279053,78.32084655761719,108768.73282623291,SPY,1219
2006-07-05,108225.76097869873,78.32084655761719,108147.44013214111,SPY,1219
2006-07-06,108540.66683197021,78.32084655761719,108462.3459854126,SPY,1219
2006-07-07,107834.25841522217,78.32084655761719,107755.93756866455,SPY,1219
2006-07-10,108038.48220825195,78.32084655761719,107960.16136169434,SPY,1219
2006-07-11,108515.09119415283,78.32084655761719,108436.77034759521,SPY,1219
2006-07-12,107357.64012908936,78.32084655761719,107279.31928253174,SPY,1219
2006-07-13,105612.90731811523,78.32084655761719,105534.58647155762,SPY,1219
2006-07-14,105204.40393066406,78.32084655761719,105126.08308410645,SPY,1219
2006-07-17,105051.21981048584,78.32084655761719,104972.89896392822,SPY,1219
2006-07-18,105587.35958099365,78.32084655761719,105509.03873443604,SPY,1219
2006-07-19,107051.27188873291,78.32084655761719,106972.9510421753,SPY,1219
2006-07-20,106319.30643463135,78.32084655761719,106240.98558807373,SPY,1219
2006-07-21,105570.35875701904,78.32084655761719,105492.03791046143,SPY,1219
2006-07-24,107493.8048248291,78.32084655761719,107415.48397827148,SPY,1219
2006-07-25,107876.80697631836,78.32084655761719,107798.48612976074,SPY,1219
2006-07-26,108021.49068450928,78.32084655761719,107943.16983795166,SPY,1219
2006-07-27,107919.36483764648,78.32084655761719,107841.04399108887,SPY,1219
2006-07-28,109000.23779296875,78.32084655761719,108921.91694641113,SPY,1219
2006-07-31,108889.60223388672,78.32084655761719,108811.2813873291,SPY,1219
2006-08-01,108353.42526245117,78.32084655761719,108275.10441589355,SPY,1219
2006-08-02,109085.353515625,78.32084655761719,109007.03266906738,SPY,1219
2006-08-03,109374.70233154297,78.32084655761719,109296.38148498535,SPY,1219
2006-08-04,109187.4793624878,78.32084655761719,109109.15851593018,SPY,1219
2006-08-07,108932.15079498291,78.32084655761719,108853.8299484253,SPY,1219
2006-08-08,108515.09119415283,78.32084655761719,108436.77034759521,SPY,1219
2006-08-09,108149.15496826172,78.32084655761719,108070.8341217041,SPY,1219
2006-08-10,108481.08954620361,78.32084655761719,108402.768699646,SPY,1219
2006-08-11,108174.68410491943,78.32084655761719,108096.36325836182,SPY,1219
2006-08-14,108259.77192687988,78.32084655761719,108181.45108032227,SPY,1219
2006-08-15,109553.45278930664,78.32084655761719,109475.13194274902,SPY,1219
2006-08-16,110464.07569885254,78.32084655761719,110385.75485229492,SPY,1219
2006-08-17,110744.96130371094,78.32084655761719,110666.64045715332,SPY,1219
2006-08-18,111306.7232131958,78.32084655761719,111228.40236663818,SPY,1219
2006-08-21,110830.06772613525,78.32084655761719,110751.74687957764,SPY,1219
2006-08-22,110821.57661437988,78.32084655761719,110743.25576782227,SPY,1219
2006-08-23,110515.21767425537,78.32084655761719,110436.89682769775,SPY,1219
2006-08-24,110421.54573822021,78.32084655761719,110343.2248916626,SPY,1219
2006-08-25,110557.70113372803,78.32084655761719,110479.38028717041,SPY,1219
2006-08-28,111085.36839294434,78.32084655761719,111007.04754638672,SPY,1219
2006-08-29,111213.06057739258,78.32084655761719,111134.73973083496,SPY,1219
2006-08-30,111281.13827514648,78.32084655761719,111202.81742858887,SPY,1219
2006-08-31,111264.12815093994,78.32084655761719,111185.80730438232,SPY,1219
2006-09-01,111927.99730682373,78.32084655761719,111849.67646026611,SPY,1219
2006-09-05,112140.71221160889,78.32084655761719,112062.39136505127,SPY,1219
2006-09-06,111153.47399139404,78.32084655761719,111075.15314483643,SPY,1219
2006-09-07,110642.82615661621,78.32084655761719,110564.5053100586,SPY,1219
2006-09-08,110957.7041091919,78.32084655761719,110879.38326263428,SPY,1219
2006-09-11,111068.36756896973,78.32084655761719,110990.04672241211,SPY,1219
2006-09-12,112157.7409362793,78.32084655761719,112079.42008972168,SPY,1219
2006-09-13,112608.83938598633,78.32084655761719,112530.51853942871,SPY,1219
2006-09-14,112617.37699890137,78.32084655761719,112539.05615234375,SPY,1219
2006-09-15,112881.5221862793,78.32084655761719,112803.20133972168,SPY,1219
2006-09-18,113035.35732269287,78.32084655761719,112957.03647613525,SPY,1219
2006-09-19,112753.25338745117,78.32084655761719,112674.93254089355,SPY,1219
2006-09-20,113351.64891052246,78.32084655761719,113273.32806396484,SPY,1219
2006-09-21,112804.56276702881,78.32084655761719,112726.24192047119,SPY,1219
2006-09-22,112462.61183929443,78.32084655761719,112384.29099273682,SPY,1219
2006-09-25,113325.99887084961,78.32084655761719,113247.67802429199,SPY,1219
2006-09-26,114266.30812072754,78.32084655761719,114187.98727416992,SPY,1219
2006-09-27,114403.07733154297,78.32084655761719,114324.75648498535,SPY,1219
2006-09-28,114360.36136627197,78.32084655761719,114282.04051971436,SPY,1219
2006-09-29,114266.30812072754,78.32084655761719,114187.98727416992,SPY,1219
2006-10-02,113838.88806152344,78.32084655761719,113760.56721496582,SPY,1219
2006-10-03,114078.27603149414,78.32084655761719,113999.95518493652,SPY,1219
2006-10-04,115411.79908752441,78.32084655761719,115333.4782409668,SPY,1219
2006-10-05,115634.00952911377,78.32084655761719,115555.68868255615,SPY,1219
2006-10-06,115488.7027053833,78.32084655761719,115410.38185882568,SPY,1219
2006-10-09,115557.07801055908,78.32084655761719,115478.75716400146,SPY,1219
2006-10-10,115710.95034790039,78.32084655761719,115632.62950134277,SPY,1219
2006-10-11,115574.2183380127,78.32084655761719,115495.89749145508,SPY,1219
2006-10-12,116574.3187789917,78.32084655761719,116495.99793243408,SPY,1219
2006-10-13,116873.55374145508,78.32084655761719,116795.23289489746,SPY,1219
2006-10-16,117053.05751800537,78.32084655761719,116974.73667144775,SPY,1219
2006-10-17,116685.50305175781,78.32084655761719,116607.1822052002,SPY,1219
2006-10-18,116839.33818817139,78.32084655761719,116761.01734161377,SPY,1219
2006-10-19,117027.41677856445,78.32084655761719,116949.09593200684,SPY,1219
2006-10-20,117053.05751800537,78.32084655761719,116974.73667144775,SPY,1219
2006-10-23,117591.55954742432,78.32084655761719,117513.2387008667,SPY,1219
2006-10-24,117942.11318969727,78.32084655761719,117863.79234313965,SPY,1219
2006-10-25,118343.84600830078,78.32084655761719,118265.52516174316,SPY,1219
2006-10-26,118711.48417663574,78.32084655761719,118633.16333007812,SPY,1219
2006-10-27,117967.77252960205,78.32084655761719,117889.45168304443,SPY,1219
2006-10-30,117882.20109558105,78.32084655761719,117803.88024902344,SPY,1219
2006-10-31,117865.09796905518,78.32084655761719,117786.77712249756,SPY,1219
2006-11-01,117070.13274383545,78.32084655761719,116991.81189727783,SPY,1219
2006-11-02,117001.7388381958,78.32084655761719,116923.41799163818,SPY,1219
2006-11-03,116796.56642150879,78.32084655761719,116718.24557495117,SPY,1219
2006-11-06,118113.06075286865,78.32084655761719,118034.73990631104,SPY,1219
2006-11-07,118566.11225128174,78.32084655761719,118487.79140472412,SPY,1219
2006-11-08,118822.57544708252,78.32084655761719,118744.2546005249,SPY,1219
2006-11-09,118198.53918457031,78.32084655761719,118120.2183380127,SPY,1219
2006-11-10,118249.81136322021,78.32084655761719,118171.4905166626,SPY,1219
2006-11-13,118540.47151184082,78.32084655761719,118462.1506652832,SPY,1219
2006-11-14,119429.49928283691,78.32084655761719,119351.1784362793,SPY,1219
2006-11-15,119771.42230987549,78.32084655761719,119693.10146331787,SPY,1219
2006-11-16,120079.20418548584,78.32084655761719,120000.88333892822,SPY,1219
2006-11-17,120113.354637146,78.32084655761719,120035.03379058838,SPY,1219
2006-11-20,120181.75784301758,78.32084655761719,120103.43699645996,SPY,1219
2006-11-21,120301.4146270752,78.32084655761719,120223.09378051758,SPY,1219
2006-11-22,120540.73749542236,78.32084655761719,120462.41664886475,SPY,1219
2006-11-24,120053.55414581299,78.32084655761719,119975.23329925537,SPY,1219
2006-11-27,118403.70230102539,78.32084655761719,118325.38145446777,SPY,1219
2006-11-28,118916.58219146729,78.32084655761719,118838.26134490967,SPY,1219
2006-11-29,120156.08920288086,78.32084655761719,120077.76835632324,SPY,1219
2006-11-30,120207.3427810669,78.32084655761719,120129.02193450928,SPY,1219
2006-12-01,119942.38847351074,78.32084655761719,119864.06762695312,SPY,1219
2006-12-04,120857.04768371582,78.32084655761719,120778.7268371582,SPY,1219
2006-12-05,121378.47448730469,78.32084655761719,121300.15364074707,SPY,1219
2006-12-06,121275.90222930908,78.32084655761719,121197.58138275146,SPY,1219
2006-12-07,120745.96571350098,78.32084655761719,120667.64486694336,SPY,1219
2006-12-08,120968.1668548584,78.32084655761719,120889.84600830078,SPY,1219
2006-12-11,121318.67399597168,78.32084655761719,121240.35314941406,SPY,1219
2006-12-12,121224.56494903564,78.32084655761719,121146.24410247803,SPY,1219
2006-12-13,121352.8430480957,78.32084655761719,121274.52220153809,SPY,1219
2006-12-14,122421.42109680176,78.32084655761719,122343.10025024414,SPY,1219
2006-12-15,122432.57207489014,78.32084655761719,122354.25122833252,SPY,1219
2006-12-18,122097.28941345215,78.32084655761719,122018.96856689453,SPY,1219
2006-12-19,122329.42320251465,78.32084655761719,122251.10235595703,SPY,1219
2006-12-20,122260.58288574219,78.32084655761719,122182.26203918457,SPY,1219
2006-12-21,121813.6230392456,78.32084655761719,121735.30219268799,SPY,1219
2006-12-22,121065.81929016113,78.32084655761719,120987.49844360352,SPY,1219
2006-12-26,121779.28658294678,78.32084655761719,121700.96573638916,SPY,1219
2006-12-27,122578.69731903076,78.32084655761719,122500.37647247314,SPY,1219
2006-12-28,122320.82048797607,78.32084655761719,122242.49964141846,SPY,1219
2006-12-29,121813.6230392456,78.32084655761719,121735.30219268799,SPY,1219
2007-01-03,121598.75048065186,78.32084655761719,121520.42963409424,SPY,1219
2007-01-04,121856.61801147461,78.32084655761719,121778.29716491699,SPY,1219
2007-01-05,120885.32038879395,78.32084655761719,120806.99954223633,SPY,1219
2007-01-08,121444.05042266846,78.32084655761719,121365.72957611084,SPY,1219
2007-01-09,121340.86434936523,78.32084655761719,121262.54350280762,SPY,1219
2007-01-10,121744.86642456055,78.32084655761719,121666.54557800293,SPY,1219
2007-01-11,122277.834815979,78.32084655761719,122199.51396942139,SPY,1219
2007-01-12,123206.1746673584,78.32084655761719,123127.85382080078,SPY,1219
2007-01-16,122965.5404663086,78.32084655761719,122887.21961975098,SPY,1219
2007-01-17,123017.0637512207,78.32084655761719,122938.74290466309,SPY,1219
2007-01-18,122604.46826171875,78.32084655761719,122526.14741516113,SPY,1219
2007-01-19,122845.18616485596,78.32084655761719,122766.86531829834,SPY,1219
2007-01-22,122466.8620300293,78.32084655761719,122388.54118347168,SPY,1219
2007-01-23,122827.94353485107,78.32084655761719,122749.62268829346,SPY,1219
2007-01-24,123816.45588684082,78.32084655761719,123738.1350402832,SPY,1219
2007-01-25,122363.79685974121,78.32084655761719,122285.4760131836,SPY,1219
2007-01-26,122252.03597259521,78.32084655761719,122173.7151260376,SPY,1219
2007-01-29,122183.28865814209,78.32084655761719,122104.96781158447,SPY,1219
2007-01-30,122819.37802124023,78.32084655761719,122741.05717468262,SPY,1219
2007-01-31,123644.56900024414,78.32084655761719,123566.24815368652,SPY,1219
2007-02-01,124383.83513641357,78.32084655761719,124305.51428985596,SPY,1219
2007-02-02,124555.77782440186,78.32084655761719,124477.45697784424,SPY,1219
2007-02-05,124590.13288116455,78.32084655761719,124511.81203460693,SPY,1219
2007-02-06,124624.53443908691,78.32084655761719,124546.2135925293,SPY,1219
2007-02-07,124899.63529968262,78.32084655761719,124821.314453125,SPY,1219
2007-02-08,124736.27672576904,78.32084655761719,124657.95587921143,SPY,1219
2007-02-09,123807.87177276611,78.32084655761719,123729.5509262085,SPY,1219
2007-02-12,123386.71076965332,78.32084655761719,123308.3899230957,SPY,1219
2007-02-13,124426.83010864258,78.32084655761719,124348.50926208496,SPY,1219
2007-02-14,125243.44627380371,78.32084655761719,125165.1254272461,SPY,1219
2007-02-15,125406.71184539795,78.32084655761719,125328.39099884033,SPY,1219
2007-02-16,125346.5951461792,78.32084655761719,125268.27429962158,SPY,1219
2007-02-20,125613.0281906128,78.32084655761719,125534.70734405518,SPY,1219
2007-02-21,125561.44910430908,78.32084655761719,125483.12825775146,SPY,1219
2007-02-22,125466.8285446167,78.32084655761719,125388.50769805908,SPY,1219
2007-02-23,124976.93882751465,78.32084655761719,124898.61798095703,SPY,1219
2007-02-26,124865.18724060059,78.32084655761719,124786.86639404297,SPY,1219
2007-02-27,119991.35419464111,78.32084655761719,119913.0333480835,SPY,1219
2007-02-28,121220.50074768066,78.32084655761719,121142.17990112305,SPY,1219
2007-03-01,120859.51224517822,78.32084655761719,120781.1913986206,SPY,1219
2007-03-02,119277.83110046387,78.32084655761719,119199.51025390625,SPY,1219
2007-03-05,118143.18420410156,78.32084655761719,118064.86335754395,SPY,1219
2007-03-06,120163.18527984619,78.32084655761719,120084.86443328857,SPY,1219
2007-03-07,120042.88677978516,78.32084655761719,119964.56593322754,SPY,1219
2007-03-08,121057.16077423096,78.32084655761719,120978.83992767334,SPY,1219
2007-03-09,121091.59953308105,78.32084655761719,121013.27868652344,SPY,1219
2007-03-12,121272.08913421631,78.32084655761719,121193.76828765869,SPY,1219
2007-03-13,118916.81469726562,78.32084655761719,118838.49385070801,SPY,1219
2007-03-14,119802.18747711182,78.32084655761719,119723.8666305542,SPY,1219
2007-03-15,119965.57395172119,78.32084655761719,119887.25310516357,SPY,1219
2007-03-16,119629.81697845459,78.32084655761719,119551.49613189697,SPY,1219
2007-03-19,121071.04602050781,78.32084655761719,120992.7251739502,SPY,1219
2007-03-20,121735.52899169922,78.32084655761719,121657.2081451416,SPY,1219
2007-03-21,123737.70152282715,78.32084655761719,123659.38067626953,SPY,1219
2007-03-22,123642.74615478516,78.32084655761719,123564.42530822754,SPY,1219
2007-03-23,123824.01697540283,78.32084655761719,123745.69612884521,SPY,1219
2007-03-26,123660.01668548584,78.32084655761719,123581.69583892822,SPY,1219
2007-03-27,123366.60366821289,78.32084655761719,123288.28282165527,SPY,1219
2007-03-28,122469.1033859253,78.32084655761719,122390.78253936768,SPY,1219
2007-03-29,122598.53471374512,78.32084655761719,122520.2138671875,SPY,1219
2007-03-30,122624.42655944824,78.32084655761719,122546.10571289062,SPY,1219
2007-04-02,122762.51640319824,78.32084655761719,122684.19555664062,SPY,1219
2007-04-03,124082.90753173828,78.32084655761719,124004.58668518066,SPY,1219
2007-04-04,124220.95087432861,78.32084655761719,124142.630027771,SPY,1219
2007-04-05,124557.5634689331,78.32084655761719,124479.24262237549,SPY,1219
2007-04-09,124730.119972229,78.32084655761719,124651.79912567139,SPY,1219
2007-04-10,124876.84043121338,78.32084655761719,124798.51958465576,SPY,1219
2007-04-11,124367.68993377686,78.32084655761719,124289.36908721924,SPY,1219
2007-04-12,124920.02140808105,78.32084655761719,124841.70056152344,SPY,1219
2007-04-13,125489.60481262207,78.32084655761719,125411.28396606445,SPY,1219
2007-04-16,126680.55531311035,78.32084655761719,126602.23446655273,SPY,1219
2007-04-17,127017.11210632324,78.32084655761719,126938.79125976562,SPY,1219
2007-04-18,127172.45388031006,78.32084655761719,127094.13303375244,SPY,1219
2007-04-19,127137.89421844482,78.32084655761719,127059.5733718872,SPY,1219
2007-04-20,128337.46603393555,78.32084655761719,128259.14518737793,SPY,1219
2007-04-23,127854.21668243408,78.32084655761719,127775.89583587646,SPY,1219
2007-04-24,127905.97247314453,78.32084655761719,127827.65162658691,SPY,1219
2007-04-25,129079.68964385986,78.32084655761719,129001.36879730225,SPY,1219
2007-04-26,129226.36360168457,78.32084655761719,129148.04275512695,SPY,1219
2007-04-27,129122.82411956787,78.32084655761719,129044.50327301025,SPY,1219
2007-04-30,128052.6650314331,78.32084655761719,127974.34418487549,SPY,1219
2007-05-01,128380.61911010742,78.32084655761719,128302.2982635498,SPY,1219
2007-05-02,129131.45473480225,78.32084655761719,129053.13388824463,SPY,1219
2007-05-03,129830.49736785889,78.32084655761719,129752.17652130127,SPY,1219
2007-05-04,130322.3959350586,78.32084655761719,130244.07508850098,SPY,1219
2007-05-07,130348.30638122559,78.32084655761719,130269.98553466797,SPY,1219
2007-05-08,130175.69407653809,78.32084655761719,130097.37322998047,SPY,1219
2007-05-09,130529.5027999878,78.32084655761719,130451.18195343018,SPY,1219
2007-05-10,129165.92139434814,78.32084655761719,129087.60054779053,SPY,1219
2007-05-11,130270.59364318848,78.32084655761719,130192.27279663086,SPY,1219
2007-05-14,129985.8112411499,78.32084655761719,129907.49039459229,SPY,1219
2007-05-15,130020.32440185547,78.32084655761719,129942.00355529785,SPY,1219
2007-05-16,130909.22196960449,78.32084655761719,130830.90112304688,SPY,1219
2007-05-17,130650.32211303711,78.32084655761719,130572.00126647949,SPY,1219
2007-05-18,131789.48892211914,78.32084655761719,131711.16807556152,SPY,1219
2007-05-21,131720.48120117188,78.32084655761719,131642.16035461426,SPY,1219
2007-05-22,131616.87661743164,78.32084655761719,131538.55577087402,SPY,1219
2007-05-23,131634.14714813232,78.32084655761719,131555.8263015747,SPY,1219
2007-05-24,130443.23384857178,78.32084655761719,130364.91300201416,SPY,1219
2007-05-25,130986.9347076416,78.32084655761719,130908.61386108398,SPY,1219
2007-05-29,131461.5813446045,78.32084655761719,131383.26049804688,SPY,1219
2007-05-30,132531.6939315796,78.32084655761719,132453.37308502197,SPY,1219
2007-05-31,132393.65058898926,78.32084655761719,132315.32974243164,SPY,1219
2007-06-01,133049.57734680176,78.32084655761719,132971.25650024414,SPY,1219
2007-06-04,133066.70837402344,78.32084655761719,132988.38752746582,SPY,1219
2007-06-05,132540.34314727783,78.32084655761719,132462.02230072021,SPY,1219
2007-06-06,131116.3567352295,78.32084655761719,131038.03588867188,SPY,1219
2007-06-07,128751.73556518555,78.32084655761719,128673.41471862793,SPY,1219
2007-06-08,130425.92611694336,78.32084655761719,130347.60527038574,SPY,1219
2007-06-11,130650.32211303711,78.32084655761719,130572.00126647949,SPY,1219
2007-06-12,129226.36360168457,78.32084655761719,129148.04275512695,SPY,1219
2007-06-13,131159.48191070557,78.32084655761719,131081.16106414795,SPY,1219
2007-06-14,131996.6143875122,78.32084655761719,131918.2935409546,SPY,1219
2007-06-15,132747.2175064087,78.32084655761719,132668.89665985107,SPY,1219
2007-06-18,132591.1875152588,78.32084655761719,132512.86666870117,SPY,1219
2007-06-19,132920.555229187,78.32084655761719,132842.2343826294,SPY,1219
2007-06-20,131074.47779083252,78.32084655761719,130996.1569442749,SPY,1219
2007-06-21,131802.45344543457,78.32084655761719,131724.13259887695,SPY,1219
2007-06-22,130563.0859375,78.32084655761719,130484.76509094238,SPY,1219
2007-06-25,129939.08687591553,78.32084655761719,129860.76602935791,SPY,1219
2007-06-26,128604.24318695068,78.32084655761719,128525.92234039307,SPY,1219
2007-06-27,130433.11519622803,78.32084655761719,130354.79434967041,SPY,1219
2007-06-28,130415.7237625122,78.32084655761719,130337.40291595459,SPY,1219
2007-06-29,130459.02564239502,78.32084655761719,130380.7047958374,SPY,1219
2007-07-02,131637.75563812256,78.32084655761719,131559.43479156494,SPY,1219
2007-07-03,132114.53202819824,78.32084655761719,132036.21118164062,SPY,1219
2007-07-05,131975.7911682129,78.32084655761719,131897.47032165527,SPY,1219
2007-07-06,132669.2071609497,78.32084655761719,132590.8863143921,SPY,1219
2007-07-09,132773.2116546631,78.32084655761719,132694.89080810547,SPY,1219
2007-07-10,130883.74863433838,78.32084655761719,130805.42778778076,SPY,1219
2007-07-11,131811.18636322021,78.32084655761719,131732.8655166626,SPY,1219
2007-07-12,133891.32273864746,78.32084655761719,133813.00189208984,SPY,1219
2007-07-13,134289.9864807129,78.32084655761719,134211.66563415527,SPY,1219
2007-07-16,134272.62294769287,78.32084655761719,134194.30210113525,SPY,1219
2007-07-17,134203.23391723633,78.32084655761719,134124.9130706787,SPY,1219
2007-07-18,133960.56296539307,78.32084655761719,133882.24211883545,SPY,1219
2007-07-19,134480.63193511963,78.32084655761719,134402.311088562,SPY,1219
2007-07-20,133119.84059906006,78.32084655761719,133041.51975250244,SPY,1219
2007-07-23,133527.26515960693,78.32084655761719,133448.94431304932,SPY,1219
2007-07-24,131213.10704803467,78.32084655761719,131134.78620147705,SPY,1219
2007-07-25,131481.7907485962,78.32084655761719,131403.46990203857,SPY,1219
2007-07-26,128370.24005126953,78.32084655761719,128291.91920471191,SPY,1219
2007-07-27,125848.09155273438,78.32084655761719,125769.77070617676,SPY,1219
2007-07-30,127815.56491851807,78.32084655761719,127737.24407196045,SPY,1219
2007-07-31,126376.79113769531,78.32084655761719,126298.4702911377,SPY,1219
2007-08-01,126992.16888427734,78.32084655761719,126913.84803771973,SPY,1219
2007-08-02,128006.27547454834,78.32084655761719,127927.95462799072,SPY,1219
2007-08-03,124712.74713897705,78.32084655761719,124634.42629241943,SPY,1219
2007-08-06,126801.45832824707,78.32084655761719,126723.13748168945,SPY,1219
2007-08-07,128153.59114837646,78.32084655761719,128075.27030181885,SPY,1219
2007-08-08,129939.08687591553,78.32084655761719,129860.76602935791,SPY,1219
2007-08-09,126090.77180480957,78.32084655761719,126012.45095825195,SPY,1219
2007-08-10,125501.47190856934,78.32084655761719,125423.15106201172,SPY,1219
2007-08-13,125952.14254760742,78.32084655761719,125873.8217010498,SPY,1219
2007-08-14,124027.95246124268,78.32084655761719,123949.63161468506,SPY,1219
2007-08-15,122320.51358032227,78.32084655761719,122242.19273376465,SPY,1219
2007-08-16,123239.27419281006,78.32084655761719,123160.95334625244,SPY,1219
2007-08-17,125501.47190856934,78.32084655761719,125423.15106201172,SPY,1219
2007-08-20,125440.73209381104,78.32084655761719,125362.41124725342,SPY,1219
2007-08-21,125692.08016204834,78.32084655761719,125613.75931549072,SPY,1219
2007-08-22,127182.86083984375,78.32084655761719,127104.53999328613,SPY,1219
2007-08-23,127070.1699295044,78.32084655761719,126991.84908294678,SPY,1219
2007-08-24,128638.95165252686,78.32084655761719,128560.63080596924,SPY,1219
2007-08-27,127442.8860244751,78.32084655761719,127364.56517791748,SPY,1219
2007-08-28,124643.39530944824,78.32084655761719,124565.07446289062,SPY,1219
2007-08-29,127087.54276275635,78.32084655761719,127009.22191619873,SPY,1219
2007-08-30,126749.51653289795,78.32084655761719,126671.19568634033,SPY,1219
2007-08-31,127997.53325653076,78.32084655761719,127919.21240997314,SPY,1219
2007-09-04,129289.02856445312,78.32084655761719,129210.70771789551,SPY,1219
2007-09-05,128170.88957977295,78.32084655761719,128092.56873321533,SPY,1219
2007-09-06,128465.59532928467,78.32084655761719,128387.27448272705,SPY,1219
2007-09-07,126680.16470336914,78.32084655761719,126601.84385681152,SPY,1219
2007-09-10,126437.45655059814,78.32084655761719,126359.13570404053,SPY,1219
2007-09-11,127910.91089630127,78.32084655761719,127832.59004974365,SPY,1219
2007-09-12,128240.28791046143,78.32084655761719,128161.96706390381,SPY,1219
2007-09-13,129141.66638946533,78.32084655761719,129063.34554290771,SPY,1219
2007-09-14,129132.91487121582,78.32084655761719,129054.5940246582,SPY,1219
2007-09-17,128439.6104812622,78.32084655761719,128361.28963470459,SPY,1219
2007-09-18,132218.51792144775,78.32084655761719,132140.19707489014,SPY,1219
2007-09-19,132998.54697418213,78.32084655761719,132920.2261276245,SPY,1219
2007-09-20,132062.50653076172,78.32084655761719,131984.1856842041,SPY,1219
2007-09-21,132418.67751312256,78.32084655761719,132340.35666656494,SPY,1219
2007-09-24,132174.88123321533,78.32084655761719,132096.56038665771,SPY,1219
2007-09-25,131913.57261657715,78.32084655761719,131835.25177001953,SPY,1219
2007-09-26,132610.22509002686,78.32084655761719,132531.90424346924,SPY,1219
2007-09-27,133394.04863739014,78.32084655761719,133315.72779083252,SPY,1219
2007-09-28,132949.8695602417,78.32084655761719,132871.54871368408,SPY,1219
2007-10-01,134447.7091140747,78.32084655761719,134369.3882675171,SPY,1219
2007-10-02,134264.82935333252,78.32084655761719,134186.5085067749,SPY,1219
2007-10-03,133994.8994216919,78.32084655761719,133916.57857513428,SPY,1219
2007-10-04,134203.9221343994,78.32084655761719,134125.6012878418,SPY,1219
2007-10-05,135797.42387390137,78.32084655761719,135719.10302734375,SPY,1219
2007-10-08,135074.71215057373,78.32084655761719,134996.3913040161,SPY,1219
2007-10-09,136346.1375579834,78.32084655761719,136267.81671142578,SPY,1219
2007-10-10,136119.72341156006,78.32084655761719,136041.40256500244,SPY,1219
2007-10-11,135466.6053237915,78.32084655761719,135388.2844772339,SPY,1219
2007-10-12,136215.51580047607,78.32084655761719,136137.19495391846,SPY,1219
2007-10-15,135066.0071334839,78.32084655761719,134987.68628692627,SPY,1219
2007-10-16,133994.8994216919,78.32084655761719,133916.57857513428,SPY,1219
2007-10-17,134404.1282272339,78.32084655761719,134325.80738067627,SPY,1219
2007-10-18,133916.46126556396,78.32084655761719,133838.14041900635,SPY,1219
2007-10-19,130415.74236297607,78.32084655761719,130337.42151641846,SPY,1219
2007-10-22,131173.3857574463,78.32084655761719,131095.06491088867,SPY,1219
2007-10-23,132235.79775238037,78.32084655761719,132157.47690582275,SPY,1219
2007-10-24,131991.9363708496,78.32084655761719,131913.615524292,SPY,1219
2007-10-25,132305.47509002686,78.32084655761719,132227.15424346924,SPY,1219
2007-10-26,133855.51684570312,78.32084655761719,133777.1959991455,SPY,1219
2007-10-29,134299.64012145996,78.32084655761719,134221.31927490234,SPY,1219
2007-10-30,133367.92428588867,78.32084655761719,133289.60343933105,SPY,1219
2007-10-31,134752.49631500244,78.32084655761719,134674.17546844482,SPY,1219
2007-11-01,131600.12689971924,78.32084655761719,131521.80605316162,SPY,1219
2007-11-02,131748.09358978271,78.32084655761719,131669.7727432251,SPY,1219
2007-11-05,130746.69111633301,78.32084655761719,130668.37026977539,SPY,1219
2007-11-06,132505.79278564453,78.32084655761719,132427.4719390869,SPY,1219
2007-11-07,128883.11064147949,78.32084655761719,128804.78979492188,SPY,1219
2007-11-08,128229.96465301514,78.32084655761719,128151.64380645752,SPY,1219
2007-11-09,126470.89088439941,78.32084655761719,126392.5700378418,SPY,1219
2007-11-12,125216.8383102417,78.32084655761719,125138.51746368408,SPY,1219
2007-11-13,129031.1145324707,78.32084655761719,128952.79368591309,SPY,1219
2007-11-14,128674.07862854004,78.32084655761719,128595.75778198242,SPY,1219
2007-11-15,126819.1845703125,78.32084655761719,126740.86372375488,SPY,1219
2007-11-16,127036.90299987793,78.32084655761719,126958.58215332031,SPY,1219
2007-11-19,125269.15211486816,78.32084655761719,125190.83126831055,SPY,1219
2007-11-20,126035.44472503662,78.32084655761719,125957.123878479,SPY,1219
2007-11-21,123457.80174255371,78.32084655761719,123379.4808959961,SPY,1219
2007-11-23,125591.32144927979,78.32084655761719,125513.00060272217,SPY,1219
2007-11-26,122822.12158966064,78.32084655761719,122743.80074310303,SPY,1219
2007-11-27,124232.89237213135,78.32084655761719,124154.57152557373,SPY,1219
2007-11-28,128203.83100128174,78.32084655761719,128125.51015472412,SPY,1219
2007-11-29,128247.39328765869,78.32084655761719,128169.07244110107,SPY,1219
2007-11-30,129536.23802947998,78.32084655761719,129457.91718292236,SPY,1219
2007-12-03,128682.79294586182,78.32084655761719,128604.4720993042,SPY,1219
2007-12-04,127533.2470779419,78.32084655761719,127454.92623138428,SPY,1219
2007-12-05,129666.84118652344,78.32084655761719,129588.52033996582,SPY,1219
2007-12-06,131521.6887435913,78.32084655761719,131443.3678970337,SPY,1219
2007-12-07,131495.57369232178,78.32084655761719,131417.25284576416,SPY,1219
2007-12-10,132514.46990203857,78.32084655761719,132436.14905548096,SPY,1219
2007-12-11,128883.11064147949,78.32084655761719,128804.78979492188,SPY,1219
2007-12-12,130154.50814819336,78.32084655761719,130076.18730163574,SPY,1219
2007-12-13,129884.47591400146,78.32084655761719,129806.15506744385,SPY,1219
2007-12-14,128238.66967010498,78.32084655761719,128160.34882354736,SPY,1219
2007-12-17,126409.94646453857,78.32084655761719,126331.62561798096,SPY,1219
2007-12-18,127115.31325531006,78.32084655761719,127036.99240875244,SPY,1219
2007-12-19,127115.31325531006,78.32084655761719,127036.99240875244,SPY,1219
2007-12-20,127916.43523406982,78.32084655761719,127838.1143875122,SPY,1219
2007-12-21,129759.28549194336,78.32084655761719,129680.96464538574,SPY,1219
2007-12-24,130722.25010681152,78.32084655761719,130643.9292602539,SPY,1219
2007-12-26,131002.4102935791,78.32084655761719,130924.08944702148,SPY,1219
2007-12-27,129356.53894805908,78.32084655761719,129278.21810150146,SPY,1219
2007-12-28,129032.67697143555,78.32084655761719,128954.35612487793,SPY,1219
2007-12-31,128078.38017272949,78.32084655761719,128000.05932617188,SPY,1219
2008-01-02,126957.80452728271,78.32084655761719,126879.4836807251,SPY,1219
2008-01-03,126896.5345993042,78.32084655761719,126818.21375274658,SPY,1219
2008-01-04,123788.68539428711,78.32084655761719,123710.36454772949,SPY,1219
2008-01-07,123683.68577575684,78.32084655761719,123605.36492919922,SPY,1219
2008-01-08,121687.60489654541,78.32084655761719,121609.2840499878,SPY,1219
2008-01-09,122965.77297210693,78.32084655761719,122887.45212554932,SPY,1219
2008-01-10,123771.22885894775,78.32084655761719,123692.90801239014,SPY,1219
2008-01-11,122773.1651687622,78.32084655761719,122694.84432220459,SPY,1219
2008-01-14,123762.37503814697,78.32084655761719,123684.05419158936,SPY,1219
2008-01-15,121039.7600402832,78.32084655761719,120961.43919372559,SPY,1219
2008-01-16,119997.94805908203,78.32084655761719,119919.62721252441,SPY,1219
2008-01-17,116890.10815429688,78.32084655761719,116811.78730773926,SPY,1219
2008-01-18,115690.76884460449,78.32084655761719,115612.44799804688,SPY,1219
2008-01-22,114517.64688873291,78.32084655761719,114439.3260421753,SPY,1219
2008-01-23,117266.59084320068,78.32084655761719,117188.26999664307,SPY,1219
2008-01-24,118255.84721374512,78.32084655761719,118177.5263671875,SPY,1219
2008-01-25,116548.66873931885,78.32084655761719,116470.34789276123,SPY,1219
2008-01-28,118474.68167114258,78.32084655761719,118396.36082458496,SPY,1219
2008-01-29,119061.293800354,78.32084655761719,118982.97295379639,SPY,1219
2008-01-30,118185.77926635742,78.32084655761719,118107.4584197998,SPY,1219
2008-01-31,120339.41537475586,78.32084655761719,120261.09452819824,SPY,1219
2008-02-01,122274.14262390137,78.32084655761719,122195.82177734375,SPY,1219
2008-02-04,120733.32669830322,78.32084655761719,120655.0058517456,SPY,1219
2008-02-05,117502.9376373291,78.32084655761719,117424.61679077148,SPY,1219
2008-02-06,116557.4574584961,78.32084655761719,116479.13661193848,SPY,1219
2008-02-07,117327.81427001953,78.32084655761719,117249.49342346191,SPY,1219
2008-02-08,116574.99769592285,78.32084655761719,116496.67684936523,SPY,1219
2008-02-11,117170.25904083252,78.32084655761719,117091.9381942749,SPY,1219
2008-02-12,118255.84721374512,78.32084655761719,118177.5263671875,SPY,1219
2008-02-13,119463.97524261475,78.32084655761719,119385.65439605713,SPY,1219
2008-02-14,118413.43964385986,78.32084655761719,118335.11879730225,SPY,1219
2008-02-15,118387.12928771973,78.32084655761719,118308.80844116211,SPY,1219
2008-02-19,118719.82648468018,78.32084655761719,118641.50563812256,SPY,1219
2008-02-20,119070.01741790771,78.32084655761719,118991.6965713501,SPY,1219
2008-02-21,118080.73314666748,78.32084655761719,118002.41230010986,SPY,1219
2008-02-22,118807.33236694336,78.32084655761719,118729.01152038574,SPY,1219
2008-02-25,120304.38140106201,78.32084655761719,120226.0605545044,SPY,1219
2008-02-26,121206.09468841553,78.32084655761719,121127.77384185791,SPY,1219
2008-02-27,121083.59203338623,78.32084655761719,121005.27118682861,SPY,1219
2008-02-28,119901.69995880127,78.32084655761719,119823.37911224365,SPY,1219
2008-02-29,117231.55686950684,78.32084655761719,117153.23602294922,SPY,1219
2008-03-03,116951.40598297119,78.32084655761719,116873.08513641357,SPY,1219
2008-03-04,116504.96694946289,78.32084655761719,116426.64610290527,SPY,1219
2008-03-05,117240.28048706055,78.32084655761719,117161.95964050293,SPY,1219
2008-03-06,114815.28221130371,78.32084655761719,114736.9613647461,SPY,1219
2008-03-07,113633.49243927002,78.32084655761719,113555.1715927124,SPY,1219
2008-03-10,112136.3969039917,78.32084655761719,112058.07605743408,SPY,1219
2008-03-11,116163.508934021,78.32084655761719,116085.18808746338,SPY,1219
2008-03-12,115077.93006134033,78.32084655761719,114999.60921478271,SPY,1219
2008-03-13,115331.83569335938,78.32084655761719,115253.51484680176,SPY,1219
2008-03-14,113545.91215515137,78.32084655761719,113467.59130859375,SPY,1219
2008-03-17,112399.06335449219,78.32084655761719,112320.74250793457,SPY,1219
2008-03-18,117065.23152160645,78.32084655761719,116986.91067504883,SPY,1219
2008-03-19,114167.44665527344,78.32084655761719,114089.12580871582,SPY,1219
2008-03-20,116280.69185638428,78.32084655761719,116202.37100982666,SPY,1219
2008-03-24,118603.35037994385,78.32084655761719,118525.02953338623,SPY,1219
2008-03-25,118717.69673156738,78.32084655761719,118639.37588500977,SPY,1219
2008-03-26,117266.06072998047,78.32084655761719,117187.73988342285,SPY,1219
2008-03-27,116896.55321502686,78.32084655761719,116818.23236846924,SPY,1219
2008-03-28,115779.24195098877,78.32084655761719,115700.92110443115,SPY,1219
2008-03-31,116183.92294311523,78.32084655761719,116105.60209655762,SPY,1219
2008-04-01,120266.13884735107,78.32084655761719,120187.81800079346,SPY,1219
2008-04-02,120345.32102203369,78.32084655761719,120267.00017547607,SPY,1219
2008-04-03,120644.44438171387,78.32084655761719,120566.12353515625,SPY,1219
2008-04-04,120512.47409057617,78.32084655761719,120434.15324401855,SPY,1219
2008-04-07,120574.12532806396,78.32084655761719,120495.80448150635,SPY,1219
2008-04-08,120450.87865447998,78.32084655761719,120372.55780792236,SPY,1219
2008-04-09,119579.92123413086,78.32084655761719,119501.60038757324,SPY,1219
2008-04-10,119747.0929031372,78.32084655761719,119668.77205657959,SPY,1219
2008-04-11,117424.44367980957,78.32084655761719,117346.12283325195,SPY,1219
2008-04-14,117028.51420593262,78.32084655761719,116950.193359375,SPY,1219
2008-04-15,117301.22490692139,78.32084655761719,117222.90406036377,SPY,1219
2008-04-16,120477.29131317139,78.32084655761719,120398.97046661377,SPY,1219
2008-04-17,120653.27030181885,78.32084655761719,120574.94945526123,SPY,1219
2008-04-18,121911.34057617188,78.32084655761719,121833.01972961426,SPY,1219
2008-04-21,121972.95461273193,78.32084655761719,121894.63376617432,SPY,1219
2008-04-22,121436.29402923584,78.32084655761719,121357.97318267822,SPY,1219
2008-04-23,121242.72830200195,78.32084655761719,121164.40745544434,SPY,1219
2008-04-24,121770.59086608887,78.32084655761719,121692.27001953125,SPY,1219
2008-04-25,122896.6908493042,78.32084655761719,122818.37000274658,SPY,1219
2008-04-28,122923.1035079956,78.32084655761719,122844.78266143799,SPY,1219
2008-04-29,122439.23104095459,78.32084655761719,122360.91019439697,SPY,1219
2008-04-30,121717.78414916992,78.32084655761719,121639.4633026123,SPY,1219
2008-05-01,124233.97119903564,78.32084655761719,124155.65035247803,SPY,1219
2008-05-02,124577.12185668945,78.32084655761719,124498.80101013184,SPY,1219
2008-05-05,123978.88443756104,78.32084655761719,123900.56359100342,SPY,1219
2008-05-06,125052.15910339355,78.32084655761719,124973.83825683594,SPY,1219
2008-05-07,122826.32529449463,78.32084655761719,122748.00444793701,SPY,1219
2008-05-08,122509.69889831543,78.32084655761719,122431.37805175781,SPY,1219
2008-05-09,122280.87599182129,78.32084655761719,122202.55514526367,SPY,1219
2008-05-12,123653.33911895752,78.32084655761719,123575.0182723999,SPY,1219
2008-05-13,123670.90725708008,78.32084655761719,123592.58641052246,SPY,1219
2008-05-14,123926.10562133789,78.32084655761719,123847.78477478027,SPY,1219
2008-05-15,125474.53843688965,78.32084655761719,125396.21759033203,SPY,1219
2008-05-16,125588.89408874512,78.32084655761719,125510.5732421875,SPY,1219
2008-05-19,125932.00754547119,78.32084655761719,125853.68669891357,SPY,1219
2008-05-20,124911.42799377441,78.32084655761719,124833.1071472168,SPY,1219
2008-05-21,122799.90333557129,78.32084655761719,122721.58248901367,SPY,1219
2008-05-22,122817.54587554932,78.32084655761719,122739.2250289917,SPY,1219
2008-05-23,121172.31624603271,78.32084655761719,121093.9953994751,SPY,1219
2008-05-27,122069.70492553711,78.32084655761719,121991.38407897949,SPY,1219
2008-05-28,122632.77816772461,78.32084655761719,122554.45732116699,SPY,1219
2008-05-29,123248.62092590332,78.32084655761719,123170.3000793457,SPY,1219
2008-05-30,123556.57950592041,78.32084655761719,123478.2586593628,SPY,1219
2008-06-02,122280.87599182129,78.32084655761719,122202.55514526367,SPY,1219
2008-06-03,121568.27362060547,78.32084655761719,121489.95277404785,SPY,1219
2008-06-04,121506.62238311768,78.32084655761719,121428.30153656006,SPY,1219
2008-06-05,123934.8850402832,78.32084655761719,123856.56419372559,SPY,1219
2008-06-06,119984.58362579346,78.32084655761719,119906.26277923584,SPY,1219
2008-06-09,120274.93686676025,78.32084655761719,120196.61602020264,SPY,1219
2008-06-10,119676.67154693604,78.32084655761719,119598.35070037842,SPY,1219
2008-06-11,117917.14206695557,78.32084655761719,117838.82122039795,SPY,1219
2008-06-12,118365.82245635986,78.32084655761719,118287.50160980225,SPY,1219
2008-06-13,119861.44855499268,78.32084655761719,119783.12770843506,SPY,1219
2008-06-16,119931.83271026611,78.32084655761719,119853.5118637085,SPY,1219
2008-06-17,119351.16342926025,78.32084655761719,119272.84258270264,SPY,1219
2008-06-18,118189.8434677124,78.32084655761719,118111.52262115479,SPY,1219
2008-06-19,118339.42839813232,78.32084655761719,118261.1075515747,SPY,1219
2008-06-20,116419.80472564697,78.32084655761719,116341.48387908936,SPY,1219
2008-06-23,116304.89105987549,78.32084655761719,116226.57021331787,SPY,1219
2008-06-24,116075.01722717285,78.32084655761719,115996.69638061523,SPY,1219
2008-06-25,116623.20079803467,78.32084655761719,116544.87995147705,SPY,1219
2008-06-26,113457.84825897217,78.32084655761719,113379.52741241455,SPY,1219
2008-06-27,112838.88062286377,78.32084655761719,112760.55977630615,SPY,1219
2008-06-30,113236.76314544678,78.32084655761719,113158.44229888916,SPY,1219
2008-07-01,113590.42306518555,78.32084655761719,113512.10221862793,SPY,1219
2008-07-02,111645.21445465088,78.32084655761719,111566.89360809326,SPY,1219
2008-07-03,111760.1932220459,78.32084655761719,111681.87237548828,SPY,1219
2008-07-07,110619.52907562256,78.32084655761719,110541.20822906494,SPY,1219
2008-07-08,112582.49182891846,78.32084655761719,112504.17098236084,SPY,1219
2008-07-09,110416.21670532227,78.32084655761719,110337.89585876465,SPY,1219
2008-07-10,110867.16635131836,78.32084655761719,110788.84550476074,SPY,1219
2008-07-11,109576.18255615234,78.32084655761719,109497.86170959473,SPY,1219
2008-07-14,108585.94036102295,78.32084655761719,108507.61951446533,SPY,1219
2008-07-15,107056.29401397705,78.32084655761719,106977.97316741943,SPY,1219
2008-07-16,109682.31680297852,78.32084655761719,109603.9959564209,SPY,1219
2008-07-17,110778.69324493408,78.32084655761719,110700.37239837646,SPY,1219
2008-07-18,111468.38914489746,78.32084655761719,111390.06829833984,SPY,1219
2008-07-21,111530.2728881836,78.32084655761719,111451.95204162598,SPY,1219
2008-07-22,112794.6766204834,78.32084655761719,112716.35577392578,SPY,1219
2008-07-23,113404.75323486328,78.32084655761719,113326.43238830566,SPY,1219
2008-07-24,111052.81758117676,78.32084655761719,110974.49673461914,SPY,1219
2008-07-25,111026.27471923828,78.32084655761719,110947.95387268066,SPY,1219
2008-07-28,109399.38514709473,78.32084655761719,109321.06430053711,SPY,1219
2008-07-29,111733.63175964355,78.32084655761719,111655.31091308594,SPY,1219
2008-07-30,113723.03507232666,78.32084655761719,113644.71422576904,SPY,1219
2008-07-31,112219.9780883789,78.32084655761719,112141.65724182129,SPY,1219
2008-08-01,111627.54401397705,78.32084655761719,111549.22316741943,SPY,1219
2008-08-04,110593.01411437988,78.32084655761719,110514.69326782227,SPY,1219
2008-08-05,113572.73402404785,78.32084655761719,113494.41317749023,SPY,1219
2008-08-06,114076.70429229736,78.32084655761719,113998.38344573975,SPY,1219
2008-08-07,112379.1050567627,78.32084655761719,112300.78421020508,SPY,1219
2008-08-08,114465.77949523926,78.32084655761719,114387.45864868164,SPY,1219
2008-08-11,115650.6011428833,78.32084655761719,115572.28029632568,SPY,1219
2008-08-12,114448.11835479736,78.32084655761719,114369.79750823975,SPY,1219
2008-08-13,113758.43175506592,78.32084655761719,113680.1109085083,SPY,1219
2008-08-14,114616.1177444458,78.32084655761719,114537.79689788818,SPY,1219
2008-08-15,115173.14583587646,78.32084655761719,115094.82498931885,SPY,1219
2008-08-18,113599.28618621826,78.32084655761719,113520.96533966064,SPY,1219
2008-08-19,112361.40671539307,78.32084655761719,112283.08586883545,SPY,1219
2008-08-20,112883.06602478027,78.32084655761719,112804.74517822266,SPY,1219
2008-08-21,113077.61757659912,78.32084655761719,112999.2967300415,SPY,1219
2008-08-22,114713.31446838379,78.32084655761719,114634.99362182617,SPY,1219
2008-08-25,112387.94957733154,78.32084655761719,112309.62873077393,SPY,1219
2008-08-26,112715.0852355957,78.32084655761719,112636.76438903809,SPY,1219
2008-08-27,113811.48027801514,78.32084655761719,113733.15943145752,SPY,1219
2008-08-28,115190.78837585449,78.32084655761719,115112.46752929688,SPY,1219
2008-08-29,113952.9089050293,78.32084655761719,113874.58805847168,SPY,1219
2008-09-02,113245.60766601562,78.32084655761719,113167.28681945801,SPY,1219
2008-09-03,113148.3458404541,78.32084655761719,113070.02499389648,SPY,1219
2008-09-04,109744.22844696045,78.32084655761719,109665.90760040283,SPY,1219
2008-09-05,110089.01594543457,78.32084655761719,110010.69509887695,SPY,1219
2008-09-08,112361.40671539307,78.32084655761719,112283.08586883545,SPY,1219
2008-09-09,109028.03618621826,78.32084655761719,108949.71533966064,SPY,1219
2008-09-10,109470.14131164551,78.32084655761719,109391.82046508789,SPY,1219
2008-09-11,111052.81758117676,78.32084655761719,110974.49673461914,SPY,1219
2008-09-12,111565.63236999512,78.32084655761719,111487.3115234375,SPY,1219
2008-09-15,106260.47316741943,78.32084655761719,106182.15232086182,SPY,1219
2008-09-16,108037.73818969727,78.32084655761719,107959.41734313965,SPY,1219
2008-09-17,103183.56583404541,78.32084655761719,103105.2449874878,SPY,1219
2008-09-18,106242.81202697754,78.32084655761719,106164.49118041992,SPY,1219
2008-09-19,110459.00707244873,78.32084655761719,110380.68622589111,SPY,1219
2008-09-22,107960.08125305176,78.32084655761719,107881.76040649414,SPY,1219
2008-09-23,105505.61054229736,78.32084655761719,105427.28969573975,SPY,1219
2008-09-24,105843.52516937256,78.32084655761719,105765.20432281494,SPY,1219
2008-09-25,107497.65512084961,78.32084655761719,107419.33427429199,SPY,1219
2008-09-26,107550.9733505249,78.32084655761719,107472.65250396729,SPY,1219
2008-09-29,99129.25992584229,78.32084655761719,99050.93907928467,SPY,1219
2008-09-30,103228.94166564941,78.32084655761719,103150.6208190918,SPY,1219
2008-10-01,103291.23461914062,78.32084655761719,103212.91377258301,SPY,1219
2008-10-02,99547.22164916992,78.32084655761719,99468.9008026123,SPY,1219
2008-10-03,98204.38906097412,78.32084655761719,98126.0682144165,SPY,1219
2008-10-06,93206.49092102051,78.32084655761719,93128.17007446289,SPY,1219
2008-10-07,89035.61590576172,78.32084655761719,88957.2950592041,SPY,1219
2008-10-08,86794.59481811523,78.32084655761719,86716.27397155762,SPY,1219
2008-10-09,80738.40468597412,78.32084655761719,80660.0838394165,SPY,1219
2008-10-10,78781.9427947998,78.32084655761719,78703.62194824219,SPY,1219
2008-10-13,90209.50048065186,78.32084655761719,90131.17963409424,SPY,1219
2008-10-14,88875.57751464844,78.32084655761719,88797.25666809082,SPY,1219
2008-10-15,80133.72220611572,78.32084655761719,80055.4013595581,SPY,1219
2008-10-16,83468.59007263184,78.32084655761719,83390.26922607422,SPY,1219
2008-10-17,82970.60915374756,78.32084655761719,82892.28830718994,SPY,1219
2008-10-20,87950.6880493164,78.32084655761719,87872.36720275879,SPY,1219
2008-10-21,85327.24142456055,78.32084655761719,85248.92057800293,SPY,1219
2008-10-22,80685.05855560303,78.32084655761719,80606.73770904541,SPY,1219
2008-10-23,81618.82974243164,78.32084655761719,81540.50889587402,SPY,1219
2008-10-24,77483.53276443481,78.32084655761719,77405.2119178772,SPY,1219
2008-10-27,74735.6025352478,78.32084655761719,74657.28168869019,SPY,1219
2008-10-28,83459.68045043945,78.32084655761719,83381.35960388184,SPY,1219
2008-10-29,82854.93286895752,78.32084655761719,82776.6120223999,SPY,1219
2008-10-30,85718.5486831665,78.32084655761719,85640.22783660889,SPY,1219
2008-10-31,86189.82863616943,78.32084655761719,86111.50778961182,SPY,1219
2008-11-03,86438.86094665527,78.32084655761719,86360.54010009766,SPY,1219
2008-11-04,89373.57703399658,78.32084655761719,89295.25618743896,SPY,1219
2008-11-05,85620.72884368896,78.32084655761719,85542.40799713135,SPY,1219
2008-11-06,80880.68893432617,78.32084655761719,80802.36808776855,SPY,1219
2008-11-07,83548.61856842041,78.32084655761719,83470.2977218628,SPY,1219
2008-11-10,82454.77178955078,78.32084655761719,82376.45094299316,SPY,1219
2008-11-11,79911.37226104736,78.32084655761719,79833.05141448975,SPY,1219
2008-11-12,76398.6049079895,78.32084655761719,76320.28406143188,SPY,1219
2008-11-13,81156.39430999756,78.32084655761719,81078.07346343994,SPY,1219
2008-11-14,77110.03079986572,78.32084655761719,77031.7099533081,SPY,1219
2008-11-17,76087.34939575195,78.32084655761719,76009.02854919434,SPY,1219
2008-11-18,77519.11080169678,78.32084655761719,77440.78995513916,SPY,1219
2008-11-19,72556.80464935303,78.32084655761719,72478.48380279541,SPY,1219
2008-11-20,67176.50422286987,78.32084655761719,67098.18337631226,SPY,1219
2008-11-21,70795.96383666992,78.32084655761719,70717.6429901123,SPY,1219
2008-11-24,75696.05143737793,78.32084655761719,75617.73059082031,SPY,1219
2008-11-25,76256.28345870972,78.32084655761719,76177.9626121521,SPY,1219
2008-11-26,79199.92311859131,78.32084655761719,79121.60227203369,SPY,1219
2008-11-28,80195.90355682373,78.32084655761719,80117.58271026611,SPY,1219
2008-12-01,73099.25927734375,78.32084655761719,73020.93843078613,SPY,1219
2008-12-02,75909.4917602539,78.32084655761719,75831.17091369629,SPY,1219
2008-12-03,77732.56042480469,78.32084655761719,77654.23957824707,SPY,1219
2008-12-04,75936.14622497559,78.32084655761719,75857.82537841797,SPY,1219
2008-12-05,78275.01505279541,78.32084655761719,78196.6942062378,SPY,1219
2008-12-08,81005.20973968506,78.32084655761719,80926.88889312744,SPY,1219
2008-12-09,79671.2495727539,78.32084655761719,79592.92872619629,SPY,1219
2008-12-10,80213.7228012085,78.32084655761719,80135.40195465088,SPY,1219
2008-12-11,78283.93397521973,78.32084655761719,78205.61312866211,SPY,1219
2008-12-12,79217.6958618164,78.32084655761719,79139.37501525879,SPY,1219
2008-12-15,78114.9673614502,78.32084655761719,78036.64651489258,SPY,1219
2008-12-16,81787.8056564331,78.32084655761719,81709.48480987549,SPY,1219
2008-12-17,80996.32801818848,78.32084655761719,80918.00717163086,SPY,1219
2008-12-18,79484.49161529541,78.32084655761719,79406.1707687378,SPY,1219
2008-12-19,79142.91269683838,78.32084655761719,79064.59185028076,SPY,1219
2008-12-22,78129.83843231201,78.32084655761719,78051.5175857544,SPY,1219
2008-12-23,77322.97821044922,78.32084655761719,77244.6573638916,SPY,1219
2008-12-24,77771.27264022827,78.32084655761719,77692.95179367065,SPY,1219
2008-12-26,78219.51126861572,78.32084655761719,78141.1904220581,SPY,1219
2008-12-29,77995.34777832031,78.32084655761719,77917.0269317627,SPY,1219
2008-12-30,79842.20643615723,78.32084655761719,79763.88558959961,SPY,1219
2008-12-31,80980.75942993164,78.32084655761719,80902.43858337402,SPY,1219
2009-01-02,83419.34534454346,78.32084655761719,83341.02449798584,SPY,1219
2009-01-05,83320.69778442383,78.32084655761719,83242.37693786621,SPY,1219
2009-01-06,83876.5633468628,78.32084655761719,83798.24250030518,SPY,1219
2009-01-07,81366.31914520264,78.32084655761719,81287.99829864502,SPY,1219
2009-01-08,81698.02121734619,78.32084655761719,81619.70037078857,SPY,1219
2009-01-09,79949.7822189331,78.32084655761719,79871.46137237549,SPY,1219
2009-01-12,78031.20017242432,78.32084655761719,77952.8793258667,SPY,1219
2009-01-13,78174.6841506958,78.32084655761719,78096.36330413818,SPY,1219
2009-01-14,75718.18133926392,78.32084655761719,75639.8604927063,SPY,1219
2009-01-15,75745.07761001587,78.32084655761719,75666.75676345825,SPY,1219
2009-01-16,76336.79091644287,78.32084655761719,76258.47006988525,SPY,1219
2009-01-20,72311.41337966919,78.32084655761719,72233.09253311157,SPY,1219
2009-01-21,75431.28778457642,78.32084655761719,75352.9669380188,SPY,1219
2009-01-22,74265.81991958618,78.32084655761719,74187.49907302856,SPY,1219
2009-01-23,74588.53796768188,78.32084655761719,74510.21712112427,SPY,1219
2009-01-26,75099.59966278076,78.32084655761719,75021.27881622314,SPY,1219
2009-01-27,75861.6374168396,78.32084655761719,75783.31657028198,SPY,1219
2009-01-28,78425.6695098877,78.32084655761719,78347.34866333008,SPY,1219
2009-01-29,75879.56826400757,78.32084655761719,75801.24741744995,SPY,1219
2009-01-30,74337.54330825806,78.32084655761719,74259.22246170044,SPY,1219
2009-02-02,74113.40771865845,78.32084655761719,74035.08687210083,SPY,1219
2009-02-03,75153.39685440063,78.32084655761719,75075.07600784302,SPY,1219
2009-02-04,74785.79588699341,78.32084655761719,74707.47504043579,SPY,1219
2009-02-05,75897.5177116394,78.32084655761719,75819.19686508179,SPY,1219
2009-02-06,78058.14294433594,78.32084655761719,77979.82209777832,SPY,1219
2009-02-09,78165.69082641602,78.32084655761719,78087.3699798584,SPY,1219
2009-02-10,74588.53796768188,78.32084655761719,74510.21712112427,SPY,1219
2009-02-11,75027.88092422485,78.32084655761719,74949.56007766724,SPY,1219
2009-02-12,75081.65021514893,78.32084655761719,75003.32936859131,SPY,1219
2009-02-13,74274.76209259033,78.32084655761719,74196.44124603271,SPY,1219
2009-02-17,71101.09049606323,78.32084655761719,71022.76964950562,SPY,1219
2009-02-18,70930.75674819946,78.32084655761719,70852.43590164185,SPY,1219
2009-02-19,70168.71899414062,78.32084655761719,70090.39814758301,SPY,1219
2009-02-20,69487.33750152588,78.32084655761719,69409.01665496826,SPY,1219
2009-02-23,67003.94306945801,78.32084655761719,66925.62222290039,SPY,1219
2009-02-24,69541.10679244995,78.32084655761719,69462.78594589233,SPY,1219
2009-02-25,68994.2578048706,78.32084655761719,68915.93695831299,SPY,1219
2009-02-26,67873.58915710449,78.32084655761719,67795.26831054688,SPY,1219
2009-02-27,66358.45582199097,78.32084655761719,66280.13497543335,SPY,1219
2009-03-02,63373.006969451904,78.32084655761719,63294.68612289429,SPY,1219
2009-03-03,62897.8720703125,78.32084655761719,62819.55122375488,SPY,1219
2009-03-04,64386.08588409424,78.32084655761719,64307.76503753662,SPY,1219
2009-03-05,61759.28187561035,78.32084655761719,61680.961029052734,SPY,1219
2009-03-06,61866.8623085022,78.32084655761719,61788.54146194458,SPY,1219
2009-03-09,61140.6722984314,78.32084655761719,61062.35145187378,SPY,1219
2009-03-10,64780.56452178955,78.32084655761719,64702.24367523193,SPY,1219
2009-03-11,65201.93943023682,78.32084655761719,65123.6185836792,SPY,1219
2009-03-12,67765.98547363281,78.32084655761719,67687.6646270752,SPY,1219
2009-03-13,68294.93616485596,78.32084655761719,68216.61531829834,SPY,1219
2009-03-16,68088.76397323608,78.32084655761719,68010.44312667847,SPY,1219
2009-03-17,70168.71899414062,78.32084655761719,70090.39814758301,SPY,1219
2009-03-18,71737.59836959839,78.32084655761719,71659.27752304077,SPY,1219
2009-03-19,70850.0539855957,78.32084655761719,70771.73313903809,SPY,1219
2009-03-20,69343.0397529602,78.32084655761719,69264.71890640259,SPY,1219
2009-03-23,74318.27787780762,78.32084655761719,74239.95703125,SPY,1219
2009-03-24,72855.48159790039,78.32084655761719,72777.16075134277,SPY,1219
2009-03-25,73623.01113891602,78.32084655761719,73544.6902923584,SPY,1219
2009-03-26,75121.86441802979,78.32084655761719,75043.54357147217,SPY,1219
2009-03-27,73767.4483909607,78.32084655761719,73689.12754440308,SPY,1219
2009-03-30,71221.17044067383,78.32084655761719,71142.84959411621,SPY,1219
2009-03-31,71880.28717803955,78.32084655761719,71801.96633148193,SPY,1219
2009-04-01,73270.82065582275,78.32084655761719,73192.49980926514,SPY,1219
2009-04-02,75410.80402374268,78.32084655761719,75332.48317718506,SPY,1219
2009-04-03,76160.23531341553,78.32084655761719,76081.91446685791,SPY,1219
2009-04-06,75564.32760238647,78.32084655761719,75486.00675582886,SPY,1219
2009-04-07,73803.58444213867,78.32084655761719,73725.26359558105,SPY,1219
2009-04-08,74598.16370773315,78.32084655761719,74519.84286117554,SPY,1219
2009-04-09,77559.81791687012,78.32084655761719,77481.4970703125,SPY,1219
2009-04-13,77577.88361740112,78.32084655761719,77499.5627708435,SPY,1219
2009-04-14,76241.51469039917,78.32084655761719,76163.19384384155,SPY,1219
2009-04-15,77054.15965652466,78.32084655761719,76975.83880996704,SPY,1219
2009-04-16,78182.85905456543,78.32084655761719,78104.53820800781,SPY,1219
2009-04-17,78706.56441497803,78.32084655761719,78628.24356842041,SPY,1219
2009-04-20,75410.80402374268,78.32084655761719,75332.48317718506,SPY,1219
2009-04-21,76882.58432769775,78.32084655761719,76804.26348114014,SPY,1219
2009-04-22,76413.09001922607,78.32084655761719,76334.76917266846,SPY,1219
2009-04-23,77162.49805831909,78.32084655761719,77084.17721176147,SPY,1219
2009-04-24,78327.32885742188,78.32084655761719,78249.00801086426,SPY,1219
2009-04-27,77586.87694168091,78.32084655761719,77508.55609512329,SPY,1219
2009-04-28,77343.09926223755,78.32084655761719,77264.77841567993,SPY,1219
2009-04-29,78986.45489501953,78.32084655761719,78908.13404846191,SPY,1219
2009-04-30,79013.55577087402,78.32084655761719,78935.2349243164,SPY,1219
2009-05-01,79437.9253540039,78.32084655761719,79359.60450744629,SPY,1219
2009-05-04,82137.74548339844,78.32084655761719,82059.42463684082,SPY,1219
2009-05-05,81857.8178024292,78.32084655761719,81779.49695587158,SPY,1219
2009-05-06,83275.4242553711,78.32084655761719,83197.10340881348,SPY,1219
2009-05-07,82119.6844329834,78.32084655761719,82041.36358642578,SPY,1219
2009-05-08,84033.91397094727,78.32084655761719,83955.59312438965,SPY,1219
2009-05-11,82462.7513885498,78.32084655761719,82384.43054199219,SPY,1219
2009-05-12,82218.98300933838,78.32084655761719,82140.66216278076,SPY,1219
2009-05-13,80151.28104400635,78.32084655761719,80072.96019744873,SPY,1219
2009-05-14,80837.5079574585,78.32084655761719,80759.18711090088,SPY,1219
2009-05-15,80178.35401916504,78.32084655761719,80100.03317260742,SPY,1219
2009-05-18,82453.77666473389,78.32084655761719,82375.45581817627,SPY,1219
2009-05-19,82354.43158721924,78.32084655761719,82276.11074066162,SPY,1219
2009-05-20,81803.66255187988,78.32084655761719,81725.34170532227,SPY,1219
2009-05-21,80629.83377838135,78.32084655761719,80551.51293182373,SPY,1219
2009-05-22,80458.22589874268,78.32084655761719,80379.90505218506,SPY,1219
2009-05-26,82516.95314025879,78.32084655761719,82438.63229370117,SPY,1219
2009-05-27,81045.20073699951,78.32084655761719,80966.8798904419,SPY,1219
2009-05-28,82173.83968353271,78.32084655761719,82095.5188369751,SPY,1219
2009-05-29,83627.58683776855,78.32084655761719,83549.26599121094,SPY,1219
2009-06-01,85650.16407775879,78.32084655761719,85571.84323120117,SPY,1219
2009-06-02,85722.42687988281,78.32084655761719,85644.1060333252,SPY,1219
2009-06-03,84638.87545776367,78.32084655761719,84560.55461120605,SPY,1219
2009-06-04,85433.48727416992,78.32084655761719,85355.1664276123,SPY,1219
2009-06-05,85451.5576248169,78.32084655761719,85373.23677825928,SPY,1219
2009-06-08,85099.39504241943,78.32084655761719,85021.07419586182,SPY,1219
2009-06-09,85532.80445098877,78.32084655761719,85454.48360443115,SPY,1219
2009-06-10,85316.11834716797,78.32084655761719,85237.79750061035,SPY,1219
2009-06-11,85695.29810333252,78.32084655761719,85616.9772567749,SPY,1219
2009-06-12,85930.09175872803,78.32084655761719,85851.77091217041,SPY,1219
2009-06-15,83961.68836975098,78.32084655761719,83883.36752319336,SPY,1219
2009-06-16,82823.96309661865,78.32084655761719,82745.64225006104,SPY,1219
2009-06-17,82742.74417114258,78.32084655761719,82664.42332458496,SPY,1219
2009-06-18,83347.66845703125,78.32084655761719,83269.34761047363,SPY,1219
2009-06-19,83654.59471130371,78.32084655761719,83576.2738647461,SPY,1219
2009-06-22,81148.38681030273,78.32084655761719,81070.06596374512,SPY,1219
2009-06-23,81211.96319580078,78.32084655761719,81133.64234924316,SPY,1219
2009-06-24,81911.12673187256,78.32084655761719,81832.80588531494,SPY,1219
2009-06-25,83690.90281677246,78.32084655761719,83612.58197021484,SPY,1219
2009-06-26,83472.97978210449,78.32084655761719,83394.65893554688,SPY,1219
2009-06-29,84253.91095733643,78.32084655761719,84175.59011077881,SPY,1219
2009-06-30,83572.89217376709,78.32084655761719,83494.57132720947,SPY,1219
2009-07-01,83917.94007873535,78.32084655761719,83839.61923217773,SPY,1219
2009-07-02,81629.62731170654,78.32084655761719,81551.30646514893,SPY,1219
2009-07-06,81620.60608673096,78.32084655761719,81542.28524017334,SPY,1219
2009-07-07,80040.57108306885,78.32084655761719,79962.25023651123,SPY,1219
2009-07-08,79986.06242370605,78.32084655761719,79907.74157714844,SPY,1219
2009-07-09,80140.46487426758,78.32084655761719,80062.14402770996,SPY,1219
2009-07-10,79949.77291870117,78.32084655761719,79871.45207214355,SPY,1219
2009-07-13,81892.99127960205,78.32084655761719,81814.67043304443,SPY,1219
2009-07-14,82356.09632873535,78.32084655761719,82277.77548217773,SPY,1219
2009-07-15,84762.4104385376,78.32084655761719,84684.08959197998,SPY,1219
2009-07-16,84626.19924163818,78.32084655761719,84547.87839508057,SPY,1219
2009-07-17,85552.38143920898,78.32084655761719,85474.06059265137,SPY,1219
2009-07-20,86460.42818450928,78.32084655761719,86382.10733795166,SPY,1219
2009-07-21,86859.9754486084,78.32084655761719,86781.65460205078,SPY,1219
2009-07-22,86841.83069610596,78.32084655761719,86763.50984954834,SPY,1219
2009-07-23,88757.79007720947,78.32084655761719,88679.46923065186,SPY,1219
2009-07-24,89121.01063537598,78.32084655761719,89042.68978881836,SPY,1219
2009-07-27,89384.34670257568,78.32084655761719,89306.02585601807,SPY,1219
2009-07-28,88966.66398620605,78.32084655761719,88888.34313964844,SPY,1219
2009-07-29,88748.70375061035,78.32084655761719,88670.38290405273,SPY,1219
2009-07-30,89674.88594818115,78.32084655761719,89596.56510162354,SPY,1219
2009-07-31,89802.03871917725,78.32084655761719,89723.71787261963,SPY,1219
2009-08-03,91282.15203094482,78.32084655761719,91203.8311843872,SPY,1219
2009-08-04,91518.24771881104,78.32084655761719,91439.92687225342,SPY,1219
2009-08-05,91254.94885253906,78.32084655761719,91176.62800598145,SPY,1219
2009-08-06,90782.71097564697,78.32084655761719,90704.39012908936,SPY,1219
2009-08-07,91972.28504180908,78.32084655761719,91893.96419525146,SPY,1219
2009-08-10,91781.60238647461,78.32084655761719,91703.28153991699,SPY,1219
2009-08-11,90637.47855377197,78.32084655761719,90559.15770721436,SPY,1219
2009-08-12,91609.04588317871,78.32084655761719,91530.7250366211,SPY,1219
2009-08-13,92308.25592041016,78.32084655761719,92229.93507385254,SPY,1219
2009-08-14,91599.98745727539,78.32084655761719,91521.66661071777,SPY,1219
2009-08-17,89347.99209594727,78.32084655761719,89269.67124938965,SPY,1219
2009-08-18,90056.3349609375,78.32084655761719,89978.01411437988,SPY,1219
2009-08-19,90846.28736114502,78.32084655761719,90767.9665145874,SPY,1219
2009-08-20,91781.60238647461,78.32084655761719,91703.28153991699,SPY,1219
2009-08-21,93579.52322387695,78.32084655761719,93501.20237731934,SPY,1219
2009-08-24,93570.40899658203,78.32084655761719,93492.08815002441,SPY,1219
2009-08-25,93752.06112670898,78.32084655761719,93673.74028015137,SPY,1219
2009-08-26,93761.12885284424,78.32084655761719,93682.80800628662,SPY,1219
2009-08-27,93970.00276184082,78.32084655761719,93891.6819152832,SPY,1219
2009-08-28,93951.79290771484,78.32084655761719,93873.47206115723,SPY,1219
2009-08-31,93116.40887451172,78.32084655761719,93038.0880279541,SPY,1219
2009-09-01,91064.23829650879,78.32084655761719,90985.91744995117,SPY,1219
2009-09-02,90719.1531906128,78.32084655761719,90640.83234405518,SPY,1219
2009-09-03,91472.85328674316,78.32084655761719,91394.53244018555,SPY,1219
2009-09-04,92753.18831634521,78.32084655761719,92674.8674697876,SPY,1219
2009-09-08,93552.27354431152,78.32084655761719,93473.9526977539,SPY,1219
2009-09-09,94269.63763427734,78.32084655761719,94191.31678771973,SPY,1219
2009-09-10,95232.11863708496,78.32084655761719,95153.79779052734,SPY,1219
2009-09-11,95213.94598388672,78.32084655761719,95135.6251373291,SPY,1219
2009-09-14,95677.09753417969,78.32084655761719,95598.77668762207,SPY,1219
2009-09-15,96076.60759735107,78.32084655761719,95998.28675079346,SPY,1219
2009-09-16,97529.50843048096,78.32084655761719,97451.18758392334,SPY,1219
2009-09-17,97384.19230651855,78.32084655761719,97305.87145996094,SPY,1219
2009-09-18,97446.24345397949,78.32084655761719,97367.92260742188,SPY,1219
2009-09-21,97199.8803100586,78.32084655761719,97121.55946350098,SPY,1219
2009-09-22,97765.56691741943,78.32084655761719,97687.24607086182,SPY,1219
2009-09-23,96953.56366729736,78.32084655761719,96875.24282073975,SPY,1219
2009-09-24,95886.0644454956,78.32084655761719,95807.74359893799,SPY,1219
2009-09-25,95375.1748046875,78.32084655761719,95296.85395812988,SPY,1219
2009-09-28,97081.29305267334,78.32084655761719,97002.97220611572,SPY,1219
2009-09-29,96789.3215713501,78.32084655761719,96711.00072479248,SPY,1219
2009-09-30,96415.27554321289,78.32084655761719,96336.95469665527,SPY,1219
2009-10-01,94024.91133117676,78.32084655761719,93946.59048461914,SPY,1219
2009-10-02,93586.93550872803,78.32084655761719,93508.61466217041,SPY,1219
2009-10-05,94982.88172149658,78.32084655761719,94904.56087493896,SPY,1219
2009-10-06,96342.25012207031,78.32084655761719,96263.9292755127,SPY,1219
2009-10-07,96606.86962127686,78.32084655761719,96528.54877471924,SPY,1219
2009-10-08,97345.87535095215,78.32084655761719,97267.55450439453,SPY,1219
2009-10-09,97938.93254089355,78.32084655761719,97860.61169433594,SPY,1219
2009-10-12,98322.14859771729,78.32084655761719,98243.82775115967,SPY,1219
2009-10-13,98121.39379119873,78.32084655761719,98043.07294464111,SPY,1219
2009-10-14,99809.29288482666,78.32084655761719,99730.97203826904,SPY,1219
2009-10-15,100174.21538543701,78.32084655761719,100095.8945388794,SPY,1219
2009-10-16,99426.0954284668,78.32084655761719,99347.77458190918,SPY,1219
2009-10-19,100247.20360565186,78.32084655761719,100168.88275909424,SPY,1219
2009-10-20,99718.04830932617,78.32084655761719,99639.72746276855,SPY,1219
2009-10-21,98823.9612121582,78.32084655761719,98745.64036560059,SPY,1219
2009-10-22,99827.5213394165,78.32084655761719,99749.20049285889,SPY,1219
2009-10-23,98687.04319763184,78.32084655761719,98608.72235107422,SPY,1219
2009-10-26,97619.58117675781,78.32084655761719,97541.2603302002,SPY,1219
2009-10-27,97172.5283279419,78.32084655761719,97094.20748138428,SPY,1219
2009-10-28,95338.68069458008,78.32084655761719,95260.35984802246,SPY,1219
2009-10-29,97382.36946105957,78.32084655761719,97304.04861450195,SPY,1219
2009-10-30,94563.1622543335,78.32084655761719,94484.84140777588,SPY,1219
2009-11-02,95256.56894683838,78.32084655761719,95178.24810028076,SPY,1219
2009-11-03,95557.63605499268,78.32084655761719,95479.31520843506,SPY,1219
2009-11-04,95803.99919891357,78.32084655761719,95725.67835235596,SPY,1219
2009-11-05,97564.81211090088,78.32084655761719,97486.49126434326,SPY,1219
2009-11-06,97820.30808258057,78.32084655761719,97741.98723602295,SPY,1219
2009-11-09,100046.5046005249,78.32084655761719,99968.18375396729,SPY,1219
2009-11-10,100064.70515441895,78.32084655761719,99986.38430786133,SPY,1219
2009-11-11,100575.67849731445,78.32084655761719,100497.35765075684,SPY,1219
2009-11-12,99553.78761291504,78.32084655761719,99475.46676635742,SPY,1219
2009-11-13,100092.13153839111,78.32084655761719,100013.8106918335,SPY,1219
2009-11-16,101542.80961608887,78.32084655761719,101464.48876953125,SPY,1219
2009-11-17,101661.42477416992,78.32084655761719,101583.1039276123,SPY,1219
2009-11-18,101597.5228805542,78.32084655761719,101519.20203399658,SPY,1219
2009-11-19,100274.62068939209,78.32084655761719,100196.29984283447,SPY,1219
2009-11-20,99918.78451538086,78.32084655761719,99840.46366882324,SPY,1219
2009-11-23,101186.95484161377,78.32084655761719,101108.63399505615,SPY,1219
2009-11-24,101342.06410980225,78.32084655761719,101263.74326324463,SPY,1219
2009-11-25,101697.87238311768,78.32084655761719,101619.55153656006,SPY,1219
2009-11-27,100046.5046005249,78.32084655761719,99968.18375396729,SPY,1219
2009-11-30,100384.10301971436,78.32084655761719,100305.78217315674,SPY,1219
2009-12-01,101624.92136383057,78.32084655761719,101546.60051727295,SPY,1219
2009-12-02,101579.27582550049,78.32084655761719,101500.95497894287,SPY,1219
2009-12-03,100785.5103302002,78.32084655761719,100707.18948364258,SPY,1219
2009-12-04,101360.29256439209,78.32084655761719,101281.97171783447,SPY,1219
2009-12-07,101205.21119689941,78.32084655761719,101126.8903503418,SPY,1219
2009-12-08,100082.99871063232,78.32084655761719,100004.6778640747,SPY,1219
2009-12-09,100457.0354385376,78.32084655761719,100378.71459197998,SPY,1219
2009-12-10,101022.74994659424,78.32084655761719,100944.42910003662,SPY,1219
2009-12-11,101451.54644012451,78.32084655761719,101373.2255935669,SPY,1219
2009-12-14,102144.94383239746,78.32084655761719,102066.62298583984,SPY,1219
2009-12-15,101670.49250030518,78.32084655761719,101592.17165374756,SPY,1219
2009-12-16,101825.62966918945,78.32084655761719,101747.30882263184,SPY,1219
2009-12-17,100603.05838012695,78.32084655761719,100524.73753356934,SPY,1219
2009-12-18,101171.75826263428,78.32084655761719,101093.43741607666,SPY,1219
2009-12-21,102199.11768341064,78.32084655761719,102120.79683685303,SPY,1219
2009-12-22,102566.01183319092,78.32084655761719,102487.6909866333,SPY,1219
2009-12-23,102767.8268661499,78.32084655761719,102689.50601959229,SPY,1219
2009-12-24,103253.98719024658,78.32084655761719,103175.66634368896,SPY,1219
2009-12-28,103474.11437988281,78.32084655761719,103395.7935333252,SPY,1219
2009-12-29,103327.36602020264,78.32084655761719,103249.04517364502,SPY,1219
2009-12-30,103290.69520568848,78.32084655761719,103212.37435913086,SPY,1219
2009-12-31,102300.0158996582,78.32084655761719,102221.69505310059,SPY,1219
2010-01-04,104033.70003509521,78.32084655761719,103955.3791885376,SPY,1219
2010-01-05,104308.83809661865,78.32084655761719,104230.51725006104,SPY,1219
2010-01-06,104382.2169265747,78.32084655761719,104303.89608001709,SPY,1219
2010-01-07,104822.5643081665,78.32084655761719,104744.24346160889,SPY,1219
2010-01-08,105171.07189941406,78.32084655761719,105092.75105285645,SPY,1219
2010-01-11,105317.8667602539,78.32084655761719,105239.54591369629,SPY,1219
2010-01-12,104336.39468383789,78.32084655761719,104258.07383728027,SPY,1219
2010-01-13,105216.98714447021,78.32084655761719,105138.6662979126,SPY,1219
2010-01-14,105501.33243560791,78.32084655761719,105423.0115890503,SPY,1219
2010-01-15,104318.04532623291,78.32084655761719,104239.7244796753,SPY,1219
2010-01-19,105620.56140899658,78.32084655761719,105542.24056243896,SPY,1219
2010-01-20,104547.37044525146,78.32084655761719,104469.04959869385,SPY,1219
2010-01-21,102538.50174713135,78.32084655761719,102460.18090057373,SPY,1219
2010-01-22,100254.47638702393,78.32084655761719,100176.15554046631,SPY,1219
2010-01-25,100768.16539764404,78.32084655761719,100689.84455108643,SPY,1219
2010-01-26,100346.2138748169,78.32084655761719,100267.89302825928,SPY,1219
2010-01-27,100823.19486999512,78.32084655761719,100744.8740234375,SPY,1219
2010-01-28,99667.41784667969,78.32084655761719,99589.09700012207,SPY,1219
2010-01-29,98585.03825378418,78.32084655761719,98506.71740722656,SPY,1219
2010-02-01,100116.87015533447,78.32084655761719,100038.54930877686,SPY,1219
2010-02-02,101327.68595123291,78.32084655761719,101249.3651046753,SPY,1219
2010-02-03,100823.19486999512,78.32084655761719,100744.8740234375,SPY,1219
2010-02-04,97713.60652160645,78.32084655761719,97635.28567504883,SPY,1219
2010-02-05,97915.40295410156,78.32084655761719,97837.08210754395,SPY,1219
2010-02-08,97209.11544036865,78.32084655761719,97130.79459381104,SPY,1219
2010-02-09,98429.12916564941,78.32084655761719,98350.8083190918,SPY,1219
2010-02-10,98236.45626068115,78.32084655761719,98158.13541412354,SPY,1219
2010-02-11,99263.81568145752,78.32084655761719,99185.4948348999,SPY,1219
2010-02-12,99181.23892211914,78.32084655761719,99102.91807556152,SPY,1219
2010-02-16,100740.61811065674,78.32084655761719,100662.29726409912,SPY,1219
2010-02-17,101217.6084060669,78.32084655761719,101139.28755950928,SPY,1219
2010-02-18,101813.86487579346,78.32084655761719,101735.54402923584,SPY,1219
2010-02-19,102024.84063720703,78.32084655761719,101946.51979064941,SPY,1219
2010-02-22,102043.17139434814,78.32084655761719,101964.85054779053,SPY,1219
2010-02-23,100804.82691192627,78.32084655761719,100726.50606536865,SPY,1219
2010-02-24,101731.29741668701,78.32084655761719,101652.9765701294,SPY,1219
2010-02-25,101593.7283859253,78.32084655761719,101515.40753936768,SPY,1219
2010-02-26,101657.91858673096,78.32084655761719,101579.59774017334,SPY,1219
2010-03-01,102712.76949310303,78.32084655761719,102634.44864654541,SPY,1219
2010-03-02,102997.11478424072,78.32084655761719,102918.7939376831,SPY,1219
2010-03-03,103088.87087249756,78.32084655761719,103010.55002593994,SPY,1219
2010-03-04,103400.77275085449,78.32084655761719,103322.45190429688,SPY,1219
2010-03-05,104877.55657958984,78.32084655761719,104799.23573303223,SPY,1219
2010-03-08,104895.87803649902,78.32084655761719,104817.5571899414,SPY,1219
2010-03-09,105070.2015838623,78.32084655761719,104991.88073730469,SPY,1219
2010-03-10,105538.00325012207,78.32084655761719,105459.68240356445,SPY,1219
2010-03-11,105978.29483032227,78.32084655761719,105899.97398376465,SPY,1219
2010-03-12,105987.46485900879,78.32084655761719,105909.14401245117,SPY,1219
2010-03-15,106014.97494506836,78.32084655761719,105936.65409851074,SPY,1219
2010-03-16,106858.90589141846,78.32084655761719,106780.58504486084,SPY,1219
2010-03-17,107491.81457519531,78.32084655761719,107413.4937286377,SPY,1219
2010-03-18,107436.79440307617,78.32084655761719,107358.47355651855,SPY,1219
2010-03-19,106893.37255096436,78.32084655761719,106815.05170440674,SPY,1219
2010-03-22,107464.41609191895,78.32084655761719,107386.09524536133,SPY,1219
2010-03-23,108219.67862701416,78.32084655761719,108141.35778045654,SPY,1219
2010-03-24,107694.68983459473,78.32084655761719,107616.36898803711,SPY,1219
2010-03-25,107519.6873703003,78.32084655761719,107441.36652374268,SPY,1219
2010-03-26,107455.21816253662,78.32084655761719,107376.897315979,SPY,1219
2010-03-29,108136.7763595581,78.32084655761719,108058.45551300049,SPY,1219
2010-03-30,108210.4713973999,78.32084655761719,108132.15055084229,SPY,1219
2010-03-31,107842.02410888672,78.32084655761719,107763.7032623291,SPY,1219
2010-04-01,108578.90008544922,78.32084655761719,108500.5792388916,SPY,1219
2010-04-05,109463.13823699951,78.32084655761719,109384.8173904419,SPY,1219
2010-04-06,109720.99646759033,78.32084655761719,109642.67562103271,SPY,1219
2010-04-07,109094.71884918213,78.32084655761719,109016.39800262451,SPY,1219
2010-04-08,109472.34546661377,78.32084655761719,109394.02462005615,SPY,1219
2010-04-09,110190.76048278809,78.32084655761719,110112.43963623047,SPY,1219
2010-04-12,110365.76294708252,78.32084655761719,110287.4421005249,SPY,1219
2010-04-13,110448.66521453857,78.32084655761719,110370.34436798096,SPY,1219
2010-04-14,111701.25765228271,78.32084655761719,111622.9368057251,SPY,1219
2010-04-15,111793.3857498169,78.32084655761719,111715.06490325928,SPY,1219
2010-04-16,110015.76731872559,78.32084655761719,109937.44647216797,SPY,1219
2010-04-19,110430.21355438232,78.32084655761719,110351.8927078247,SPY,1219
2010-04-20,111415.72193145752,78.32084655761719,111337.4010848999,SPY,1219
2010-04-21,111213.13497924805,78.32084655761719,111134.81413269043,SPY,1219
2010-04-22,111544.70684814453,78.32084655761719,111466.38600158691,SPY,1219
2010-04-23,112272.34769439697,78.32084655761719,112194.02684783936,SPY,1219
2010-04-26,111848.66632843018,78.32084655761719,111770.34548187256,SPY,1219
2010-04-27,109205.24280548096,78.32084655761719,109126.92195892334,SPY,1219
2010-04-28,110034.1538772583,78.32084655761719,109955.83303070068,SPY,1219
2010-04-29,111397.34467315674,78.32084655761719,111319.02382659912,SPY,1219
2010-04-30,109509.1743850708,78.32084655761719,109430.85353851318,SPY,1219
2010-05-03,110927.56205749512,78.32084655761719,110849.2412109375,SPY,1219
2010-05-04,108320.97675323486,78.32084655761719,108242.65590667725,SPY,1219
2010-05-05,107676.26607513428,78.32084655761719,107597.94522857666,SPY,1219
2010-05-06,104102.56825256348,78.32084655761719,104024.24740600586,SPY,1219
2010-05-07,102555.17706298828,78.32084655761719,102476.85621643066,SPY,1219
2010-05-10,107068.37501525879,78.32084655761719,106990.05416870117,SPY,1219
2010-05-11,106764.41553497314,78.32084655761719,106686.09468841553,SPY,1219
2010-05-12,108256.52614593506,78.32084655761719,108178.20529937744,SPY,1219
2010-05-13,106911.77770996094,78.32084655761719,106833.45686340332,SPY,1219
2010-05-14,104977.54337310791,78.32084655761719,104899.2225265503,SPY,1219
2010-05-17,105032.81465148926,78.32084655761719,104954.49380493164,SPY,1219
2010-05-18,103605.17324829102,78.32084655761719,103526.8524017334,SPY,1219
2010-05-19,103015.73384857178,78.32084655761719,102937.41300201416,SPY,1219
2010-05-20,99128.86931610107,78.32084655761719,99050.54846954346,SPY,1219
2010-05-21,100574.86937713623,78.32084655761719,100496.54853057861,SPY,1219
2010-05-24,99285.44802093506,78.32084655761719,99207.12717437744,SPY,1219
2010-05-25,99386.77404785156,78.32084655761719,99308.45320129395,SPY,1219
2010-05-26,98788.00651550293,78.32084655761719,98709.68566894531,SPY,1219
2010-05-27,102094.67607879639,78.32084655761719,102016.35523223877,SPY,1219
2010-05-28,100814.4154510498,78.32084655761719,100736.09460449219,SPY,1219
2010-06-01,99119.60628509521,78.32084655761719,99041.2854385376,SPY,1219
2010-06-02,101698.57920074463,78.32084655761719,101620.25835418701,SPY,1219
2010-06-03,102048.60272979736,78.32084655761719,101970.28188323975,SPY,1219
2010-06-04,98465.6976776123,78.32084655761719,98387.37683105469,SPY,1219
2010-06-07,97240.64322662354,78.32084655761719,97162.32238006592,SPY,1219
2010-06-08,98281.46938323975,78.32084655761719,98203.14853668213,SPY,1219
2010-06-09,97756.43408966064,78.32084655761719,97678.11324310303,SPY,1219
2010-06-10,100611.74479675293,78.32084655761719,100533.42395019531,SPY,1219
2010-06-11,101099.8953704834,78.32084655761719,101021.57452392578,SPY,1219
2010-06-14,100943.33526611328,78.32084655761719,100865.01441955566,SPY,1219
2010-06-15,103236.75386047363,78.32084655761719,103158.43301391602,SPY,1219
2010-06-16,103199.91564178467,78.32084655761719,103121.59479522705,SPY,1219
2010-06-17,103365.67367553711,78.32084655761719,103287.35282897949,SPY,1219
2010-06-18,103477.70426940918,78.32084655761719,103399.38342285156,SPY,1219
2010-06-21,103181.54768371582,78.32084655761719,103103.2268371582,SPY,1219
2010-06-22,101478.7310180664,78.32084655761719,101400.41017150879,SPY,1219
2010-06-23,101164.10417175293,78.32084655761719,101085.78332519531,SPY,1219
2010-06-24,99489.06729888916,78.32084655761719,99410.74645233154,SPY,1219
2010-06-25,99905.50378417969,78.32084655761719,99827.18293762207,SPY,1219
2010-06-28,99590.82113647461,78.32084655761719,99512.50028991699,SPY,1219
2010-06-29,96518.37791442871,78.32084655761719,96440.0570678711,SPY,1219
2010-06-30,95602.17486572266,78.32084655761719,95523.85401916504,SPY,1219
2010-07-01,95176.46604919434,78.32084655761719,95098.14520263672,SPY,1219
2010-07-02,94658.27572631836,78.32084655761719,94579.95487976074,SPY,1219
2010-07-06,95278.33148956299,78.32084655761719,95200.01064300537,SPY,1219
2010-07-07,98276.70766448975,78.32084655761719,98198.38681793213,SPY,1219
2010-07-08,99248.41449737549,78.32084655761719,99170.09365081787,SPY,1219
2010-07-09,99988.77806091309,78.32084655761719,99910.45721435547,SPY,1219
2010-07-12,100053.55417633057,78.32084655761719,99975.23332977295,SPY,1219
2010-07-13,101562.0331954956,78.32084655761719,101483.71234893799,SPY,1219
2010-07-14,101552.77016448975,78.32084655761719,101474.44931793213,SPY,1219
2010-07-15,101580.54065704346,78.32084655761719,101502.21981048584,SPY,1219
2010-07-16,98785.7279586792,78.32084655761719,98707.40711212158,SPY,1219
2010-07-19,99368.75019836426,78.32084655761719,99290.42935180664,SPY,1219
2010-07-20,100469.99996185303,78.32084655761719,100391.67911529541,SPY,1219
2010-07-21,99165.11231994629,78.32084655761719,99086.79147338867,SPY,1219
2010-07-22,101376.92137908936,78.32084655761719,101298.60053253174,SPY,1219
2010-07-23,102256.10020446777,78.32084655761719,102177.77935791016,SPY,1219
2010-07-26,103320.33504486084,78.32084655761719,103242.01419830322,SPY,1219
2010-07-27,103311.12781524658,78.32084655761719,103232.80696868896,SPY,1219
2010-07-28,102644.82199859619,78.32084655761719,102566.50115203857,SPY,1219
2010-07-29,102145.07403564453,78.32084655761719,102066.75318908691,SPY,1219
2010-07-30,102126.52007293701,78.32084655761719,102048.1992263794,SPY,1219
2010-08-02,104430.92224121094,78.32084655761719,104352.60139465332,SPY,1219
2010-08-03,103931.14637756348,78.32084655761719,103852.82553100586,SPY,1219
2010-08-04,104625.21338653564,78.32084655761719,104546.89253997803,SPY,1219
2010-08-05,104514.16861724854,78.32084655761719,104435.84777069092,SPY,1219
2010-08-06,104088.45050048828,78.32084655761719,104010.12965393066,SPY,1219
2010-08-09,104643.76734924316,78.32084655761719,104565.44650268555,SPY,1219
2010-08-10,104079.18746948242,78.32084655761719,104000.8666229248,SPY,1219
2010-08-11,101228.87098693848,78.32084655761719,101150.55014038086,SPY,1219
2010-08-12,100608.81522369385,78.32084655761719,100530.49437713623,SPY,1219
2010-08-13,100312.66793823242,78.32084655761719,100234.3470916748,SPY,1219
2010-08-16,100266.3992843628,78.32084655761719,100188.07843780518,SPY,1219
2010-08-17,101497.24777984619,78.32084655761719,101418.92693328857,SPY,1219
2010-08-18,101682.34099578857,78.32084655761719,101604.02014923096,SPY,1219
2010-08-19,99914.73891448975,78.32084655761719,99836.41806793213,SPY,1219
2010-08-20,99590.82113647461,78.32084655761719,99512.50028991699,SPY,1219
2010-08-23,99211.39027404785,78.32084655761719,99133.06942749023,SPY,1219
2010-08-24,97739.93547821045,78.32084655761719,97661.61463165283,SPY,1219
2010-08-25,98119.3663406372,78.32084655761719,98041.04549407959,SPY,1219
2010-08-26,97462.34215545654,78.32084655761719,97384.02130889893,SPY,1219
2010-08-27,98970.77467346191,78.32084655761719,98892.4538269043,SPY,1219
2010-08-30,97536.35340118408,78.32084655761719,97458.03255462646,SPY,1219
2010-08-31,97536.35340118408,78.32084655761719,97458.03255462646,SPY,1219
2010-09-01,100451.52970123291,78.32084655761719,100373.2088546753,SPY,1219
2010-09-02,101386.17510986328,78.32084655761719,101307.85426330566,SPY,1219
2010-09-03,102700.32578277588,78.32084655761719,102622.00493621826,SPY,1219
2010-09-07,101543.55363464355,78.32084655761719,101465.23278808594,SPY,1219
2010-09-08,102256.10020446777,78.32084655761719,102177.77935791016,SPY,1219
2010-09-09,102728.11487579346,78.32084655761719,102649.79402923584,SPY,1219
2010-09-10,103246.34239959717,78.32084655761719,103168.02155303955,SPY,1219
2010-09-13,104393.88871765137,78.32084655761719,104315.56787109375,SPY,1219
2010-09-14,104329.06610107422,78.32084655761719,104250.7452545166,SPY,1219
2010-09-15,104727.06022644043,78.32084655761719,104648.73937988281,SPY,1219
2010-09-16,104699.27113342285,78.32084655761719,104620.95028686523,SPY,1219
2010-09-17,104738.33210754395,78.32084655761719,104660.01126098633,SPY,1219
2010-09-20,106338.61371612549,78.32084655761719,106260.29286956787,SPY,1219
2010-09-21,106124.6153793335,78.32084655761719,106046.29453277588,SPY,1219
2010-09-22,105603.57918548584,78.32084655761719,105525.25833892822,SPY,1219
2010-09-23,104747.63233947754,78.32084655761719,104669.31149291992,SPY,1219
2010-09-24,106906.16036987305,78.32084655761719,106827.83952331543,SPY,1219
2010-09-27,106394.43370819092,78.32084655761719,106316.1128616333,SPY,1219
2010-09-28,106766.6196899414,78.32084655761719,106688.29884338379,SPY,1219
2010-09-29,106580.5220489502,78.32084655761719,106502.20120239258,SPY,1219
2010-09-30,106264.18395996094,78.32084655761719,106185.86311340332,SPY,1219
2010-10-01,106710.77179718018,78.32084655761719,106632.45095062256,SPY,1219
2010-10-04,105910.63564300537,78.32084655761719,105832.31479644775,SPY,1219
2010-10-05,108041.21647644043,78.32084655761719,107962.89562988281,SPY,1219
2010-10-06,108031.94414520264,78.32084655761719,107953.62329864502,SPY,1219
2010-10-07,107901.66649627686,78.32084655761719,107823.34564971924,SPY,1219
2010-10-08,108506.45127868652,78.32084655761719,108428.1304321289,SPY,1219
2010-10-11,108608.79103088379,78.32084655761719,108530.47018432617,SPY,1219
2010-10-12,108943.76678466797,78.32084655761719,108865.44593811035,SPY,1219
2010-10-13,109790.37619781494,78.32084655761719,109712.05535125732,SPY,1219
2010-10-14,109362.37952423096,78.32084655761719,109284.05867767334,SPY,1219
2010-10-15,109585.71529388428,78.32084655761719,109507.39444732666,SPY,1219
2010-10-18,110125.30545043945,78.32084655761719,110046.98460388184,SPY,1219
2010-10-19,108683.20218658447,78.32084655761719,108604.88134002686,SPY,1219
2010-10-20,109743.87503814697,78.32084655761719,109665.55419158936,SPY,1219
2010-10-21,109985.76477050781,78.32084655761719,109907.4439239502,SPY,1219
2010-10-22,110190.45357513428,78.32084655761719,110112.13272857666,SPY,1219
2010-10-25,110516.09189605713,78.32084655761719,110437.77104949951,SPY,1219
2010-10-26,110534.69235992432,78.32084655761719,110456.3715133667,SPY,1219
2010-10-27,110218.35427093506,78.32084655761719,110140.03342437744,SPY,1219
2010-10-28,110236.99193572998,78.32084655761719,110158.67108917236,SPY,1219
2010-10-29,110320.69402313232,78.32084655761719,110242.3731765747,SPY,1219
2010-11-01,110357.91355133057,78.32084655761719,110279.59270477295,SPY,1219
2010-11-02,111232.47016143799,78.32084655761719,111154.14931488037,SPY,1219
2010-11-03,111679.06729888916,78.32084655761719,111600.74645233154,SPY,1219
2010-11-04,113828.33229827881,78.32084655761719,113750.01145172119,SPY,1219
2010-11-05,114256.27317047119,78.32084655761719,114177.95232391357,SPY,1219
2010-11-08,114042.28413391113,78.32084655761719,113963.96328735352,SPY,1219
2010-11-09,113223.5103149414,78.32084655761719,113145.18946838379,SPY,1219
2010-11-10,113679.43558502197,78.32084655761719,113601.11473846436,SPY,1219
2010-11-11,113251.44821166992,78.32084655761719,113173.1273651123,SPY,1219
2010-11-12,111911.6567993164,78.32084655761719,111833.33595275879,SPY,1219
2010-11-15,111753.52495574951,78.32084655761719,111675.2041091919,SPY,1219
2010-11-16,110013.65616607666,78.32084655761719,109935.33531951904,SPY,1219
2010-11-17,110069.50405883789,78.32084655761719,109991.18321228027,SPY,1219
2010-11-18,111688.38613128662,78.32084655761719,111610.065284729,SPY,1219
2010-11-19,111995.40538787842,78.32084655761719,111917.0845413208,SPY,1219
2010-11-22,111902.41236877441,78.32084655761719,111824.0915222168,SPY,1219
2010-11-23,110283.49309539795,78.32084655761719,110205.17224884033,SPY,1219
2010-11-24,111911.6567993164,78.32084655761719,111833.33595275879,SPY,1219
2010-11-26,110609.1314163208,78.32084655761719,110530.81056976318,SPY,1219
2010-11-29,110944.10717010498,78.32084655761719,110865.78632354736,SPY,1219
2010-11-30,110320.69402313232,78.32084655761719,110242.3731765747,SPY,1219
2010-12-01,112665.28249359131,78.32084655761719,112586.96164703369,SPY,1219
2010-12-02,114107.39505767822,78.32084655761719,114029.0742111206,SPY,1219
2010-12-03,114414.45151519775,78.32084655761719,114336.13066864014,SPY,1219
2010-12-06,114293.50199890137,78.32084655761719,114215.18115234375,SPY,1219
2010-12-07,114358.64082336426,78.32084655761719,114280.31997680664,SPY,1219
2010-12-08,114777.29076385498,78.32084655761719,114698.96991729736,SPY,1219
2010-12-09,115223.85070037842,78.32084655761719,115145.5298538208,SPY,1219
2010-12-10,115893.79290771484,78.32084655761719,115815.47206115723,SPY,1219
2010-12-13,115968.1947631836,78.32084655761719,115889.87391662598,SPY,1219
2010-12-14,116070.55311584473,78.32084655761719,115992.23226928711,SPY,1219
2010-12-15,115540.21669006348,78.32084655761719,115461.89584350586,SPY,1219
2010-12-16,116210.0751953125,78.32084655761719,116131.75434875488,SPY,1219
2010-12-17,116334.49369812012,78.32084655761719,116256.1728515625,SPY,1219
2010-12-20,116615.0723953247,78.32084655761719,116536.75154876709,SPY,1219
2010-12-21,117353.9944229126,78.32084655761719,117275.67357635498,SPY,1219
2010-12-22,117718.73091888428,78.32084655761719,117640.41007232666,SPY,1219
2010-12-23,117550.36882019043,78.32084655761719,117472.04797363281,SPY,1219
2010-12-27,117597.15828704834,78.32084655761719,117518.83744049072,SPY,1219
2010-12-28,117765.51108551025,78.32084655761719,117687.19023895264,SPY,1219
2010-12-29,117849.65958404541,78.32084655761719,117771.3387374878,SPY,1219
2010-12-30,117662.60401916504,78.32084655761719,117584.28317260742,SPY,1219
2010-12-31,117690.67211914062,78.32084655761719,117612.35127258301,SPY,1219
2011-01-03,118906.54724121094,78.32084655761719,118828.22639465332,SPY,1219
2011-01-04,118841.0643081665,78.32084655761719,118762.74346160889,SPY,1219
2011-01-05,119458.35790252686,78.32084655761719,119380.03705596924,SPY,1219
2011-01-06,119224.55007171631,78.32084655761719,119146.22922515869,SPY,1219
2011-01-07,118990.6957397461,78.32084655761719,118912.37489318848,SPY,1219
2011-01-10,118841.0643081665,78.32084655761719,118762.74346160889,SPY,1219
2011-01-11,119261.97420501709,78.32084655761719,119183.65335845947,SPY,1219
2011-01-12,120337.50882720947,78.32084655761719,120259.18798065186,SPY,1219
2011-01-13,120141.1251296997,78.32084655761719,120062.80428314209,SPY,1219
2011-01-14,121010.89212036133,78.32084655761719,120932.57127380371,SPY,1219
2011-01-18,121216.67835235596,78.32084655761719,121138.35750579834,SPY,1219
2011-01-19,120028.87133026123,78.32084655761719,119950.55048370361,SPY,1219
2011-01-20,119869.89316558838,78.32084655761719,119791.57231903076,SPY,1219
2011-01-21,120141.1251296997,78.32084655761719,120062.80428314209,SPY,1219
2011-01-24,120823.86445617676,78.32084655761719,120745.54360961914,SPY,1219
2011-01-25,120889.34738922119,78.32084655761719,120811.02654266357,SPY,1219
2011-01-26,121357.00025177002,78.32084655761719,121278.6794052124,SPY,1219
2011-01-27,121656.2631149292,78.32084655761719,121577.94226837158,SPY,1219
2011-01-28,119533.17826843262,78.32084655761719,119454.857421875,SPY,1219
2011-01-31,120431.04125976562,78.32084655761719,120352.72041320801,SPY,1219
2011-02-01,122357.73310852051,78.32084655761719,122279.41226196289,SPY,1219
2011-02-02,122123.92527770996,78.32084655761719,122045.60443115234,SPY,1219
2011-02-03,122395.14794158936,78.32084655761719,122316.82709503174,SPY,1219
2011-02-04,122741.18167114258,78.32084655761719,122662.86082458496,SPY,1219
2011-02-07,123508.16249847412,78.32084655761719,123429.8416519165,SPY,1219
2011-02-08,124069.3198928833,78.32084655761719,123990.99904632568,SPY,1219
2011-02-09,123788.75049591064,78.32084655761719,123710.42964935303,SPY,1219
2011-02-10,123835.48416137695,78.32084655761719,123757.16331481934,SPY,1219
2011-02-11,124574.35968780518,78.32084655761719,124496.03884124756,SPY,1219
2011-02-14,124873.62255096436,78.32084655761719,124795.30170440674,SPY,1219
2011-02-15,124480.84585571289,78.32084655761719,124402.52500915527,SPY,1219
2011-02-16,125266.45504760742,78.32084655761719,125188.1342010498,SPY,1219
2011-02-17,125640.61267852783,78.32084655761719,125562.29183197021,SPY,1219
2011-02-18,125902.48860931396,78.32084655761719,125824.16776275635,SPY,1219
2011-02-22,123377.20593261719,78.32084655761719,123298.88508605957,SPY,1219
2011-02-23,122619.63694000244,78.32084655761719,122541.31609344482,SPY,1219
2011-02-24,122535.41403961182,78.32084655761719,122457.0931930542,SPY,1219
2011-02-25,123844.84949493408,78.32084655761719,123766.52864837646,SPY,1219
2011-02-28,124611.76522064209,78.32084655761719,124533.44437408447,SPY,1219
2011-03-01,122535.41403961182,78.32084655761719,122457.0931930542,SPY,1219
2011-03-02,122797.33647155762,78.32084655761719,122719.015625,SPY,1219
2011-03-03,124911.07458496094,78.32084655761719,124832.75373840332,SPY,1219
2011-03-04,123975.75025939941,78.32084655761719,123897.4294128418,SPY,1219
2011-03-07,123003.06690216064,78.32084655761719,122924.74605560303,SPY,1219
2011-03-08,124078.6759262085,78.32084655761719,124000.35507965088,SPY,1219
2011-03-09,123900.98569488525,78.32084655761719,123822.66484832764,SPY,1219
2011-03-10,121609.52014923096,78.32084655761719,121531.19930267334,SPY,1219
2011-03-11,122451.26554107666,78.32084655761719,122372.94469451904,SPY,1219
2011-03-14,121712.4086151123,78.32084655761719,121634.08776855469,SPY,1219
2011-03-15,120318.83396148682,78.32084655761719,120240.5131149292,SPY,1219
2011-03-16,118092.82344818115,78.32084655761719,118014.50260162354,SPY,1219
2011-03-17,119654.76950073242,78.32084655761719,119576.4486541748,SPY,1219
2011-03-18,120089.685546875,78.32084655761719,120011.36470031738,SPY,1219
2011-03-21,121949.62033081055,78.32084655761719,121871.29948425293,SPY,1219
2011-03-22,121526.88758850098,78.32084655761719,121448.56674194336,SPY,1219
2011-03-23,121874.44655609131,78.32084655761719,121796.12570953369,SPY,1219
2011-03-24,123039.23550415039,78.32084655761719,122960.91465759277,SPY,1219
2011-03-25,123414.98347473145,78.32084655761719,123336.66262817383,SPY,1219
2011-03-28,123114.3999786377,78.32084655761719,123036.07913208008,SPY,1219
2011-03-29,123941.03249359131,78.32084655761719,123862.71164703369,SPY,1219
2011-03-30,124795.86331176758,78.32084655761719,124717.54246520996,SPY,1219
2011-03-31,124626.73859405518,78.32084655761719,124548.41774749756,SPY,1219
2011-04-01,125152.75971221924,78.32084655761719,125074.43886566162,SPY,1219
2011-04-04,125256.11318969727,78.32084655761719,125177.79234313965,SPY,1219
2011-04-05,125237.33602142334,78.32084655761719,125159.01517486572,SPY,1219
2011-04-06,125631.86116027832,78.32084655761719,125553.5403137207,SPY,1219
2011-04-07,125312.46329498291,78.32084655761719,125234.1424484253,SPY,1219
2011-04-08,124880.37451934814,78.32084655761719,124802.05367279053,SPY,1219
2011-04-11,124504.60794830322,78.32084655761719,124426.2871017456,SPY,1219
2011-04-12,123574.65915679932,78.32084655761719,123496.3383102417,SPY,1219
2011-04-13,123565.27522277832,78.32084655761719,123486.9543762207,SPY,1219
2011-04-14,123659.17966461182,78.32084655761719,123580.8588180542,SPY,1219
2011-04-15,124110.07350921631,78.32084655761719,124031.75266265869,SPY,1219
2011-04-18,122719.87483978271,78.32084655761719,122641.5539932251,SPY,1219
2011-04-19,123424.35810852051,78.32084655761719,123346.03726196289,SPY,1219
2011-04-20,125105.84004211426,78.32084655761719,125027.51919555664,SPY,1219
2011-04-21,125744.60787200928,78.32084655761719,125666.28702545166,SPY,1219
2011-04-25,125613.06539154053,78.32084655761719,125534.74454498291,SPY,1219
2011-04-26,126693.30593109131,78.32084655761719,126614.98508453369,SPY,1219
2011-04-27,127519.97564697266,78.32084655761719,127441.65480041504,SPY,1219
2011-04-28,127933.2035522461,78.32084655761719,127854.88270568848,SPY,1219
2011-04-29,128233.85214996338,78.32084655761719,128155.53130340576,SPY,1219
2011-05-02,128036.58493041992,78.32084655761719,127958.2640838623,SPY,1219
2011-05-03,127576.2978515625,78.32084655761719,127497.97700500488,SPY,1219
2011-05-04,126730.8974685669,78.32084655761719,126652.57662200928,SPY,1219
2011-05-05,125584.94149017334,78.32084655761719,125506.62064361572,SPY,1219
2011-05-06,126139.10511016846,78.32084655761719,126060.78426361084,SPY,1219
2011-05-09,126627.525390625,78.32084655761719,126549.20454406738,SPY,1219
2011-05-10,127707.82173156738,78.32084655761719,127629.50088500977,SPY,1219
2011-05-11,126364.5241317749,78.32084655761719,126286.20328521729,SPY,1219
2011-05-12,126965.70042419434,78.32084655761719,126887.37957763672,SPY,1219
2011-05-13,125988.78546142578,78.32084655761719,125910.46461486816,SPY,1219
2011-05-16,125190.36985015869,78.32084655761719,125112.04900360107,SPY,1219
2011-05-17,125171.55548095703,78.32084655761719,125093.23463439941,SPY,1219
2011-05-18,126289.37825775146,78.32084655761719,126211.05741119385,SPY,1219
2011-05-19,126589.99895477295,78.32084655761719,126511.67810821533,SPY,1219
2011-05-20,125584.94149017334,78.32084655761719,125506.62064361572,SPY,1219
2011-05-23,124128.88787841797,78.32084655761719,124050.56703186035,SPY,1219
2011-05-24,124025.55300140381,78.32084655761719,123947.23215484619,SPY,1219
2011-05-25,124438.89250946045,78.32084655761719,124360.57166290283,SPY,1219
2011-05-26,125011.89839935303,78.32084655761719,124933.57755279541,SPY,1219
2011-05-27,125490.89754486084,78.32084655761719,125412.57669830322,SPY,1219
2011-05-31,126796.5943069458,78.32084655761719,126718.27346038818,SPY,1219
2011-06-01,123950.40712738037,78.32084655761719,123872.08628082275,SPY,1219
2011-06-02,123818.92044830322,78.32084655761719,123740.5996017456,SPY,1219
2011-06-03,122588.3695602417,78.32084655761719,122510.04871368408,SPY,1219
2011-06-06,121292.05673217773,78.32084655761719,121213.73588562012,SPY,1219
2011-06-07,121216.9108581543,78.32084655761719,121138.59001159668,SPY,1219
2011-06-08,120709.68550872803,78.32084655761719,120631.36466217041,SPY,1219
2011-06-09,121630.22246551514,78.32084655761719,121551.90161895752,SPY,1219
2011-06-10,119939.38449859619,78.32084655761719,119861.06365203857,SPY,1219
2011-06-13,120033.33544158936,78.32084655761719,119955.01459503174,SPY,1219
2011-06-14,121555.08589172363,78.32084655761719,121476.76504516602,SPY,1219
2011-06-15,119394.5304107666,78.32084655761719,119316.20956420898,SPY,1219
2011-06-16,119657.59677124023,78.32084655761719,119579.27592468262,SPY,1219
2011-06-17,120014.41876983643,78.32084655761719,119936.09792327881,SPY,1219
2011-06-20,120628.03877258301,78.32084655761719,120549.71792602539,SPY,1219
2011-06-21,122280.02967071533,78.32084655761719,122201.70882415771,SPY,1219
2011-06-22,121543.73030853271,78.32084655761719,121465.4094619751,SPY,1219
2011-06-23,121194.42289733887,78.32084655761719,121116.10205078125,SPY,1219
2011-06-24,119787.89302062988,78.32084655761719,119709.57217407227,SPY,1219
2011-06-27,120854.60172271729,78.32084655761719,120776.28087615967,SPY,1219
2011-06-28,122431.08403778076,78.32084655761719,122352.76319122314,SPY,1219
2011-06-29,123478.9225692749,78.32084655761719,123400.60172271729,SPY,1219
2011-06-30,124658.92669677734,78.32084655761719,124580.60585021973,SPY,1219
2011-07-01,126499.75880432129,78.32084655761719,126421.43795776367,SPY,1219
2011-07-05,126395.86591339111,78.32084655761719,126317.5450668335,SPY,1219
2011-07-06,126546.88307952881,78.32084655761719,126468.56223297119,SPY,1219
2011-07-07,127859.14580535889,78.32084655761719,127780.82495880127,SPY,1219
2011-07-08,126952.83820343018,78.32084655761719,126874.51735687256,SPY,1219
2011-07-11,124658.92669677734,78.32084655761719,124580.60585021973,SPY,1219
2011-07-12,124120.81527709961,78.32084655761719,124042.49443054199,SPY,1219
2011-07-13,124536.22873687744,78.32084655761719,124457.90789031982,SPY,1219
2011-07-14,123677.14771270752,78.32084655761719,123598.8268661499,SPY,1219
2011-07-15,124394.63270568848,78.32084655761719,124316.31185913086,SPY,1219
2011-07-18,123375.0482788086,78.32084655761719,123296.72743225098,SPY,1219
2011-07-19,125376.37448883057,78.32084655761719,125298.05364227295,SPY,1219
2011-07-20,125300.84730529785,78.32084655761719,125222.52645874023,SPY,1219
2011-07-21,127037.83302307129,78.32084655761719,126959.51217651367,SPY,1219
2011-07-22,127122.7999420166,78.32084655761719,127044.47909545898,SPY,1219
2011-07-25,126414.80118560791,78.32084655761719,126336.4803390503,SPY,1219
2011-07-26,125942.7772140503,78.32084655761719,125864.45636749268,SPY,1219
2011-07-27,123365.65504455566,78.32084655761719,123287.33419799805,SPY,1219
2011-07-28,123006.91719818115,78.32084655761719,122928.59635162354,SPY,1219
2011-07-29,122166.7900466919,78.32084655761719,122088.46920013428,SPY,1219
2011-08-01,121647.54879760742,78.32084655761719,121569.2279510498,SPY,1219
2011-08-02,118541.79214477539,78.32084655761719,118463.47129821777,SPY,1219
2011-08-03,119183.73135375977,78.32084655761719,119105.41050720215,SPY,1219
2011-08-04,113604.59661865234,78.32084655761719,113526.27577209473,SPY,1219
2011-08-05,113434.72788238525,78.32084655761719,113356.40703582764,SPY,1219
2011-08-08,106052.53858184814,78.32084655761719,105974.21773529053,SPY,1219
2011-08-09,110980.2943725586,78.32084655761719,110901.97352600098,SPY,1219
2011-08-10,106080.8763885498,78.32084655761719,106002.55554199219,SPY,1219
2011-08-11,110838.67974090576,78.32084655761719,110760.35889434814,SPY,1219
2011-08-12,111584.41883850098,78.32084655761719,111506.09799194336,SPY,1219
2011-08-15,113944.4642944336,78.32084655761719,113866.14344787598,SPY,1219
2011-08-16,112972.11574554443,78.32084655761719,112893.79489898682,SPY,1219
2011-08-17,113047.65222930908,78.32084655761719,112969.33138275146,SPY,1219
2011-08-18,108176.59065246582,78.32084655761719,108098.2698059082,SPY,1219
2011-08-19,106411.23922729492,78.32084655761719,106332.9183807373,SPY,1219
2011-08-22,106496.21544647217,78.32084655761719,106417.89459991455,SPY,1219
2011-08-23,109998.5246887207,78.32084655761719,109920.20384216309,SPY,1219
2011-08-24,111546.67849731445,78.32084655761719,111468.35765075684,SPY,1219
2011-08-25,109847.47032165527,78.32084655761719,109769.14947509766,SPY,1219
2011-08-26,111442.85070800781,78.32084655761719,111364.5298614502,SPY,1219
2011-08-29,114643.03261566162,78.32084655761719,114564.711769104,SPY,1219
2011-08-30,114945.10414886475,78.32084655761719,114866.78330230713,SPY,1219
2011-08-31,115454.85916137695,78.32084655761719,115376.53831481934,SPY,1219
2011-09-01,114246.52652740479,78.32084655761719,114168.20568084717,SPY,1219
2011-09-02,111329.52738189697,78.32084655761719,111251.20653533936,SPY,1219
2011-09-06,110517.6915359497,78.32084655761719,110439.37068939209,SPY,1219
2011-09-07,113632.89722442627,78.32084655761719,113554.57637786865,SPY,1219
2011-09-08,112452.93029785156,78.32084655761719,112374.60945129395,SPY,1219
2011-09-09,109507.59334564209,78.32084655761719,109429.27249908447,SPY,1219
2011-09-12,110215.62930297852,78.32084655761719,110137.3084564209,SPY,1219
2011-09-13,111225.72749328613,78.32084655761719,111147.40664672852,SPY,1219
2011-09-14,112764.45086669922,78.32084655761719,112686.1300201416,SPY,1219
2011-09-15,114709.09216308594,78.32084655761719,114630.77131652832,SPY,1219
2011-09-16,115387.5719833374,78.32084655761719,115309.25113677979,SPY,1219
2011-09-19,114239.41184997559,78.32084655761719,114161.09100341797,SPY,1219
2011-09-20,114106.53943634033,78.32084655761719,114028.21858978271,SPY,1219
2011-09-21,110747.48166656494,78.32084655761719,110669.16082000732,SPY,1219
2011-09-22,107170.15675354004,78.32084655761719,107091.83590698242,SPY,1219
2011-09-23,107815.39754486084,78.32084655761719,107737.07669830322,SPY,1219
2011-09-26,110377.37893676758,78.32084655761719,110299.05809020996,SPY,1219
2011-09-27,111610.99890136719,78.32084655761719,111532.67805480957,SPY,1219
2011-09-28,109333.63250732422,78.32084655761719,109255.3116607666,SPY,1219
2011-09-29,110197.1032409668,78.32084655761719,110118.78239440918,SPY,1219
2011-09-30,107445.34131622314,78.32084655761719,107367.02046966553,SPY,1219
2011-10-03,104389.89891815186,78.32084655761719,104311.57807159424,SPY,1219
2011-10-04,106676.75154876709,78.32084655761719,106598.43070220947,SPY,1219
2011-10-05,108650.45606994629,78.32084655761719,108572.13522338867,SPY,1219
2011-10-06,110614.63715362549,78.32084655761719,110536.31630706787,SPY,1219
2011-10-07,109874.47819519043,78.32084655761719,109796.15734863281,SPY,1219
2011-10-10,113546.69337463379,78.32084655761719,113468.37252807617,SPY,1219
2011-10-11,113660.57471466064,78.32084655761719,113582.25386810303,SPY,1219
2011-10-12,114656.90856170654,78.32084655761719,114578.58771514893,SPY,1219
2011-10-13,114429.1923828125,78.32084655761719,114350.87153625488,SPY,1219
2011-10-14,116383.8779296875,78.32084655761719,116305.55708312988,SPY,1219
2011-10-17,114163.49405670166,78.32084655761719,114085.17321014404,SPY,1219
2011-10-18,116393.39206695557,78.32084655761719,116315.07122039795,SPY,1219
2011-10-19,115017.50645446777,78.32084655761719,114939.18560791016,SPY,1219
2011-10-20,115520.41649627686,78.32084655761719,115442.09564971924,SPY,1219
2011-10-21,117712.3137588501,78.32084655761719,117633.99291229248,SPY,1219
2011-10-24,119154.67742919922,78.32084655761719,119076.3565826416,SPY,1219
2011-10-25,116839.36608886719,78.32084655761719,116761.04524230957,SPY,1219
2011-10-26,118025.47116851807,78.32084655761719,117947.15032196045,SPY,1219
2011-10-27,122134.14623260498,78.32084655761719,122055.82538604736,SPY,1219
2011-10-28,122105.71542358398,78.32084655761719,122027.39457702637,SPY,1219
2011-10-31,119164.14506530762,78.32084655761719,119085.82421875,SPY,1219
2011-11-01,115843.00434112549,78.32084655761719,115764.68349456787,SPY,1219
2011-11-02,117731.32343292236,78.32084655761719,117653.00258636475,SPY,1219
2011-11-03,119875.81741333008,78.32084655761719,119797.49656677246,SPY,1219
2011-11-04,119145.18189239502,78.32084655761719,119066.8610458374,SPY,1219
2011-11-07,119885.30364990234,78.32084655761719,119806.98280334473,SPY,1219
2011-11-08,121422.50178527832,78.32084655761719,121344.1809387207,SPY,1219
2011-11-09,116943.76119232178,78.32084655761719,116865.44034576416,SPY,1219
2011-11-10,118044.48084259033,78.32084655761719,117966.15999603271,SPY,1219
2011-11-11,120264.85541534424,78.32084655761719,120186.53456878662,SPY,1219
2011-11-14,119126.16291809082,78.32084655761719,119047.8420715332,SPY,1219
2011-11-15,119714.49559020996,78.32084655761719,119636.17474365234,SPY,1219
2011-11-16,117816.71816253662,78.32084655761719,117738.397315979,SPY,1219
2011-11-17,115947.39014434814,78.32084655761719,115869.06929779053,SPY,1219
2011-11-18,115824.05046844482,78.32084655761719,115745.7296218872,SPY,1219
2011-11-21,113622.60186767578,78.32084655761719,113544.28102111816,SPY,1219
2011-11-22,113176.64644622803,78.32084655761719,113098.32559967041,SPY,1219
2011-11-23,110681.05941009521,78.32084655761719,110602.7385635376,SPY,1219
2011-11-25,110472.2878036499,78.32084655761719,110393.96695709229,SPY,1219
2011-11-28,113670.07955169678,78.32084655761719,113591.75870513916,SPY,1219
2011-11-29,113992.67669677734,78.32084655761719,113914.35585021973,SPY,1219
2011-11-30,118680.17959594727,78.32084655761719,118601.85874938965,SPY,1219
2011-12-01,118661.23502349854,78.32084655761719,118582.91417694092,SPY,1219
2011-12-02,118556.83992004395,78.32084655761719,118478.51907348633,SPY,1219
2011-12-05,119847.33080291748,78.32084655761719,119769.00995635986,SPY,1219
2011-12-06,119885.30364990234,78.32084655761719,119806.98280334473,SPY,1219
2011-12-07,120331.2869720459,78.32084655761719,120252.96612548828,SPY,1219
2011-12-08,117693.35988616943,78.32084655761719,117615.03903961182,SPY,1219
2011-12-09,119686.0461807251,78.32084655761719,119607.72533416748,SPY,1219
2011-12-12,117940.06713867188,78.32084655761719,117861.74629211426,SPY,1219
2011-12-13,116839.36608886719,78.32084655761719,116761.04524230957,SPY,1219
2011-12-14,115596.31568908691,78.32084655761719,115517.9948425293,SPY,1219
2011-12-15,116013.8217010498,78.32084655761719,115935.50085449219,SPY,1219
2011-12-16,116185.68998718262,78.32084655761719,116107.369140625,SPY,1219
2011-12-19,114944.34152984619,78.32084655761719,114866.02068328857,SPY,1219
2011-12-20,118420.18231201172,78.32084655761719,118341.8614654541,SPY,1219
2011-12-21,118649.3772277832,78.32084655761719,118571.05638122559,SPY,1219
2011-12-22,119699.77332305908,78.32084655761719,119621.45247650146,SPY,1219
2011-12-23,120769.26279449463,78.32084655761719,120690.94194793701,SPY,1219
2011-12-27,120864.74827575684,78.32084655761719,120786.42742919922,SPY,1219
2011-12-28,119279.60744476318,78.32084655761719,119201.28659820557,SPY,1219
2011-12-29,120511.45106506348,78.32084655761719,120433.13021850586,SPY,1219
2011-12-30,119919.3983001709,78.32084655761719,119841.07745361328,SPY,1219
2012-01-03,121829.21022796631,78.32084655761719,121750.88938140869,SPY,1219
2012-01-04,122020.19049072266,78.32084655761719,121941.86964416504,SPY,1219
2012-01-05,122344.85228729248,78.32084655761719,122266.53144073486,SPY,1219
2012-01-06,122029.73252868652,78.32084655761719,121951.4116821289,SPY,1219
2012-01-09,122325.81471252441,78.32084655761719,122247.4938659668,SPY,1219
2012-01-10,123385.7342453003,78.32084655761719,123307.41339874268,SPY,1219
2012-01-11,123452.54711151123,78.32084655761719,123374.22626495361,SPY,1219
2012-01-12,123748.60139465332,78.32084655761719,123670.2805480957,SPY,1219
2012-01-13,123108.79193878174,78.32084655761719,123030.47109222412,SPY,1219
2012-01-17,123586.2007446289,78.32084655761719,123507.87989807129,SPY,1219
2012-01-18,124951.81890106201,78.32084655761719,124873.4980545044,SPY,1219
2012-01-19,125610.68453216553,78.32084655761719,125532.36368560791,SPY,1219
2012-01-20,126078.56060028076,78.32084655761719,126000.23975372314,SPY,1219
2012-01-23,125753.90810394287,78.32084655761719,125675.58725738525,SPY,1219
2012-01-24,125610.68453216553,78.32084655761719,125532.36368560791,SPY,1219
2012-01-25,126661.06202697754,78.32084655761719,126582.74118041992,SPY,1219
2012-01-26,126011.72913360596,78.32084655761719,125933.40828704834,SPY,1219
2012-01-27,125954.44900512695,78.32084655761719,125876.12815856934,SPY,1219
2012-01-30,125524.74108886719,78.32084655761719,125446.42024230957,SPY,1219
2012-01-31,125476.96579742432,78.32084655761719,125398.6449508667,SPY,1219
2012-02-01,126575.1185836792,78.32084655761719,126496.79773712158,SPY,1219
2012-02-02,126775.65018463135,78.32084655761719,126697.32933807373,SPY,1219
2012-02-03,128551.76197814941,78.32084655761719,128473.4411315918,SPY,1219
2012-02-06,128465.81853485107,78.32084655761719,128387.49768829346,SPY,1219
2012-02-07,128790.51753234863,78.32084655761719,128712.19668579102,SPY,1219
2012-02-08,129172.48735809326,78.32084655761719,129094.16651153564,SPY,1219
2012-02-09,129334.82290649414,78.32084655761719,129256.50205993652,SPY,1219
2012-02-10,128379.87509155273,78.32084655761719,128301.55424499512,SPY,1219
2012-02-13,129334.82290649414,78.32084655761719,129256.50205993652,SPY,1219
2012-02-14,129172.48735809326,78.32084655761719,129094.16651153564,SPY,1219
2012-02-15,128570.88325500488,78.32084655761719,128492.56240844727,SPY,1219
2012-02-16,129993.69783782959,78.32084655761719,129915.37699127197,SPY,1219
2012-02-17,130337.43441009521,78.32084655761719,130259.1135635376,SPY,1219
2012-02-21,130394.76103973389,78.32084655761719,130316.44019317627,SPY,1219
2012-02-22,129974.57656097412,78.32084655761719,129896.2557144165,SPY,1219
2012-02-23,130547.5545501709,78.32084655761719,130469.23370361328,SPY,1219
2012-02-24,130834.00169372559,78.32084655761719,130755.68084716797,SPY,1219
2012-02-27,131053.61737060547,78.32084655761719,130975.29652404785,SPY,1219
2012-02-28,131435.6429977417,78.32084655761719,131357.32215118408,SPY,1219
2012-02-29,130919.9637374878,78.32084655761719,130841.64289093018,SPY,1219
2012-03-01,131597.94134521484,78.32084655761719,131519.62049865723,SPY,1219
2012-03-02,131196.8688430786,78.32084655761719,131118.547996521,SPY,1219
2012-03-05,130662.17060852051,78.32084655761719,130583.84976196289,SPY,1219
2012-03-06,128752.28427886963,78.32084655761719,128673.96343231201,SPY,1219
2012-03-07,129649.90546417236,78.32084655761719,129571.58461761475,SPY,1219
2012-03-08,130939.0385131836,78.32084655761719,130860.71766662598,SPY,1219
2012-03-09,131445.1664352417,78.32084655761719,131366.84558868408,SPY,1219
2012-03-12,131454.6619720459,78.32084655761719,131376.34112548828,SPY,1219
2012-03-13,133822.86373138428,78.32084655761719,133744.54288482666,SPY,1219
2012-03-14,133679.630859375,78.32084655761719,133601.31001281738,SPY,1219
2012-03-15,134453.0753479004,78.32084655761719,134374.75450134277,SPY,1219
2012-03-16,134639.21018981934,78.32084655761719,134560.88934326172,SPY,1219
2012-03-19,135166.7007446289,78.32084655761719,135088.3798980713,SPY,1219
2012-03-20,134773.45903778076,78.32084655761719,134695.13819122314,SPY,1219
2012-03-21,134552.9040374756,78.32084655761719,134474.58319091797,SPY,1219
2012-03-22,133584.18257904053,78.32084655761719,133505.8617324829,SPY,1219
2012-03-23,134015.750541687,78.32084655761719,133937.4296951294,SPY,1219
2012-03-26,135895.61572265625,78.32084655761719,135817.29487609863,SPY,1219
2012-03-27,135473.6083984375,78.32084655761719,135395.28755187988,SPY,1219
2012-03-28,134802.22465515137,78.32084655761719,134723.90380859375,SPY,1219
2012-03-29,134572.07181549072,78.32084655761719,134493.7509689331,SPY,1219
2012-03-30,135128.3558883667,78.32084655761719,135050.03504180908,SPY,1219
2012-04-02,136116.1614227295,78.32084655761719,136037.84057617188,SPY,1219
2012-04-03,135559.87734985352,78.32084655761719,135481.5565032959,SPY,1219
2012-04-04,134217.19356536865,78.32084655761719,134138.87271881104,SPY,1219
2012-04-05,134150.0458908081,78.32084655761719,134071.7250442505,SPY,1219
2012-04-09,132644.2918395996,78.32084655761719,132565.970993042,SPY,1219
2012-04-10,130419.16484832764,78.32084655761719,130340.84400177002,SPY,1219
2012-04-11,131474.16455841064,78.32084655761719,131395.84371185303,SPY,1219
2012-04-12,133190.95947265625,78.32084655761719,133112.63862609863,SPY,1219
2012-04-13,131608.48780822754,78.32084655761719,131530.16696166992,SPY,1219
2012-04-16,131522.14445495605,78.32084655761719,131443.82360839844,SPY,1219
2012-04-17,133469.08290863037,78.32084655761719,133390.76206207275,SPY,1219
2012-04-18,133018.35646820068,78.32084655761719,132940.03562164307,SPY,1219
2012-04-19,132164.74398040771,78.32084655761719,132086.4231338501,SPY,1219
2012-04-20,132385.30828094482,78.32084655761719,132306.9874343872,SPY,1219
2012-04-23,131272.73083496094,78.32084655761719,131194.40998840332,SPY,1219
2012-04-24,131771.46507263184,78.32084655761719,131693.14422607422,SPY,1219
2012-04-25,133574.5661392212,78.32084655761719,133496.24529266357,SPY,1219
2012-04-26,134504.88694000244,78.32084655761719,134426.56609344482,SPY,1219
2012-04-27,134725.50704193115,78.32084655761719,134647.18619537354,SPY,1219
2012-04-30,134226.7821044922,78.32084655761719,134148.46125793457,SPY,1219
2012-05-01,135061.18961334229,78.32084655761719,134982.86876678467,SPY,1219
2012-05-02,134658.32216644287,78.32084655761719,134580.00131988525,SPY,1219
2012-05-03,133632.17177581787,78.32084655761719,133553.85092926025,SPY,1219
2012-05-04,131474.16455841064,78.32084655761719,131395.84371185303,SPY,1219
2012-05-07,131570.12435150146,78.32084655761719,131491.80350494385,SPY,1219
2012-05-08,131042.6058959961,78.32084655761719,130964.28504943848,SPY,1219
2012-05-09,130265.73892211914,78.32084655761719,130187.41807556152,SPY,1219
2012-05-10,130534.24591827393,78.32084655761719,130455.92507171631,SPY,1219
2012-05-11,130141.05071258545,78.32084655761719,130062.72986602783,SPY,1219
2012-05-14,128702.3885345459,78.32084655761719,128624.06768798828,SPY,1219
2012-05-15,127963.89431762695,78.32084655761719,127885.57347106934,SPY,1219
2012-05-16,127474.77651977539,78.32084655761719,127396.45567321777,SPY,1219
2012-05-17,125585.35070037842,78.32084655761719,125507.0298538208,SPY,1219
2012-05-18,124511.1646118164,78.32084655761719,124432.84376525879,SPY,1219
2012-05-21,126649.95755004883,78.32084655761719,126571.63670349121,SPY,1219
2012-05-22,126870.512550354,78.32084655761719,126792.19170379639,SPY,1219
2012-05-23,126937.63232421875,78.32084655761719,126859.31147766113,SPY,1219
2012-05-24,127186.9994430542,78.32084655761719,127108.67859649658,SPY,1219
2012-05-25,126774.62715911865,78.32084655761719,126696.30631256104,SPY,1219
2012-05-29,128309.16542816162,78.32084655761719,128230.844581604,SPY,1219
2012-05-30,126448.50522613525,78.32084655761719,126370.18437957764,SPY,1219
2012-05-31,126170.3724899292,78.32084655761719,126092.05164337158,SPY,1219
2012-06-01,122995.7476196289,78.32084655761719,122917.42677307129,SPY,1219
2012-06-04,122938.25358581543,78.32084655761719,122859.93273925781,SPY,1219
2012-06-05,123868.58368682861,78.32084655761719,123790.262840271,SPY,1219
2012-06-06,126649.95755004883,78.32084655761719,126571.63670349121,SPY,1219
2012-06-07,126726.63796234131,78.32084655761719,126648.31711578369,SPY,1219
2012-06-08,127733.74147796631,78.32084655761719,127655.42063140869,SPY,1219
2012-06-11,126112.82265472412,78.32084655761719,126034.5018081665,SPY,1219
2012-06-12,127561.10127258301,78.32084655761719,127482.78042602539,SPY,1219
2012-06-13,126745.84294128418,78.32084655761719,126667.52209472656,SPY,1219
2012-06-14,128088.59182739258,78.32084655761719,128010.27098083496,SPY,1219
2012-06-15,129397.75757598877,78.32084655761719,129319.43672943115,SPY,1219
2012-06-18,129648.42672729492,78.32084655761719,129570.1058807373,SPY,1219
2012-06-19,130901.68878173828,78.32084655761719,130823.36793518066,SPY,1219
2012-06-20,130689.57839202881,78.32084655761719,130611.25754547119,SPY,1219
2012-06-21,127758.88930511475,78.32084655761719,127680.56845855713,SPY,1219
2012-06-22,128742.20282745361,78.32084655761719,128663.881980896,SPY,1219
2012-06-25,126679.12307739258,78.32084655761719,126600.80223083496,SPY,1219
2012-06-26,127315.37984466553,78.32084655761719,127237.05899810791,SPY,1219
2012-06-27,128462.60995483398,78.32084655761719,128384.28910827637,SPY,1219
2012-06-28,128096.2645187378,78.32084655761719,128017.94367218018,SPY,1219
2012-06-29,131287.3414993286,78.32084655761719,131209.020652771,SPY,1219
2012-07-02,131682.57345581055,78.32084655761719,131604.25260925293,SPY,1219
2012-07-03,132550.2757949829,78.32084655761719,132471.9549484253,SPY,1219
2012-07-05,131952.50338745117,78.32084655761719,131874.18254089355,SPY,1219
2012-07-06,130699.24133300781,78.32084655761719,130620.9204864502,SPY,1219
2012-07-09,130535.32474517822,78.32084655761719,130457.0038986206,SPY,1219
2012-07-10,129397.75757598877,78.32084655761719,129319.43672943115,SPY,1219
2012-07-11,129417.06485748291,78.32084655761719,129338.7440109253,SPY,1219
2012-07-12,128790.41522979736,78.32084655761719,128712.09438323975,SPY,1219
2012-07-13,130949.92908477783,78.32084655761719,130871.60823822021,SPY,1219
2012-07-16,130641.4031906128,78.32084655761719,130563.08234405518,SPY,1219
2012-07-17,131538.00135040283,78.32084655761719,131459.68050384521,SPY,1219
2012-07-18,132511.68913269043,78.32084655761719,132433.3682861328,SPY,1219
2012-07-19,132858.79238891602,78.32084655761719,132780.4715423584,SPY,1219
2012-07-20,131644.06119537354,78.32084655761719,131565.74034881592,SPY,1219
2012-07-23,130313.65371704102,78.32084655761719,130235.3328704834,SPY,1219
2012-07-24,129195.3101272583,78.32084655761719,129116.98928070068,SPY,1219
2012-07-25,129224.25244903564,78.32084655761719,129145.93160247803,SPY,1219
2012-07-26,131354.8332824707,78.32084655761719,131276.5124359131,SPY,1219
2012-07-27,133774.59552764893,78.32084655761719,133696.2746810913,SPY,1219
2012-07-30,133774.59552764893,78.32084655761719,133696.2746810913,SPY,1219
2012-07-31,132839.51300811768,78.32084655761719,132761.19216156006,SPY,1219
2012-08-01,132723.7716217041,78.32084655761719,132645.45077514648,SPY,1219
2012-08-02,131807.92198181152,78.32084655761719,131729.6011352539,SPY,1219
2012-08-03,134420.5803375244,78.32084655761719,134342.2594909668,SPY,1219
2012-08-06,134680.84732818604,78.32084655761719,134602.52648162842,SPY,1219
2012-08-07,135355.6721572876,78.32084655761719,135277.35131072998,SPY,1219
2012-08-08,135519.57014465332,78.32084655761719,135441.2492980957,SPY,1219
2012-08-09,135635.29293060303,78.32084655761719,135556.9720840454,SPY,1219
2012-08-10,135857.01976013184,78.32084655761719,135778.69891357422,SPY,1219
2012-08-13,135789.5186767578,78.32084655761719,135711.1978302002,SPY,1219
2012-08-14,135808.78875732422,78.32084655761719,135730.4679107666,SPY,1219
2012-08-15,135963.0703048706,78.32084655761719,135884.749458313,SPY,1219
2012-08-16,136965.70970916748,78.32084655761719,136887.38886260986,SPY,1219
2012-08-17,137148.85917663574,78.32084655761719,137070.53833007812,SPY,1219
2012-08-20,137158.46631622314,78.32084655761719,137080.14546966553,SPY,1219
2012-08-21,136743.9084777832,78.32084655761719,136665.5876312256,SPY,1219
2012-08-22,136801.78382110596,78.32084655761719,136723.46297454834,SPY,1219
2012-08-23,135683.4309310913,78.32084655761719,135605.1100845337,SPY,1219
2012-08-24,136502.93016815186,78.32084655761719,136424.60932159424,SPY,1219
2012-08-27,136531.8445892334,78.32084655761719,136453.52374267578,SPY,1219
2012-08-28,136396.88892364502,78.32084655761719,136318.5680770874,SPY,1219
2012-08-29,136502.93016815186,78.32084655761719,136424.60932159424,SPY,1219
2012-08-30,135519.57014465332,78.32084655761719,135441.2492980957,SPY,1219
2012-08-31,136165.4991531372,78.32084655761719,136087.1783065796,SPY,1219
2012-09-04,136040.13202667236,78.32084655761719,135961.81118011475,SPY,1219
2012-09-05,135924.45574188232,78.32084655761719,135846.1348953247,SPY,1219
2012-09-06,138681.68620300293,78.32084655761719,138603.3653564453,SPY,1219
2012-09-07,139221.54606628418,78.32084655761719,139143.22521972656,SPY,1219
2012-09-10,138431.04495239258,78.32084655761719,138352.72410583496,SPY,1219
2012-09-11,138816.67906951904,78.32084655761719,138738.35822296143,SPY,1219
2012-09-12,139279.45861053467,78.32084655761719,139201.13776397705,SPY,1219
2012-09-13,141400.35790252686,78.32084655761719,141322.03705596924,SPY,1219
2012-09-14,142026.96102905273,78.32084655761719,141948.64018249512,SPY,1219
2012-09-17,141544.95790863037,78.32084655761719,141466.63706207275,SPY,1219
2012-09-18,141429.26302337646,78.32084655761719,141350.94217681885,SPY,1219
2012-09-19,141506.35264587402,78.32084655761719,141428.0317993164,SPY,1219
2012-09-20,141516.09928894043,78.32084655761719,141437.7784423828,SPY,1219
2012-09-21,141456.92191314697,78.32084655761719,141378.60106658936,SPY,1219
2012-09-24,141243.68619537354,78.32084655761719,141165.36534881592,SPY,1219
2012-09-25,139741.4104309082,78.32084655761719,139663.0895843506,SPY,1219
2012-09-26,138956.3313522339,78.32084655761719,138878.01050567627,SPY,1219
2012-09-27,140264.79028320312,78.32084655761719,140186.4694366455,SPY,1219
2012-09-28,139615.45738983154,78.32084655761719,139537.13654327393,SPY,1219
2012-10-01,139983.74657440186,78.32084655761719,139905.42572784424,SPY,1219
2012-10-02,140129.10919952393,78.32084655761719,140050.7883529663,SPY,1219
2012-10-03,140700.9525604248,78.32084655761719,140622.6317138672,SPY,1219
2012-10-04,141708.93029785156,78.32084655761719,141630.60945129395,SPY,1219
2012-10-05,141718.64904022217,78.32084655761719,141640.32819366455,SPY,1219
2012-10-08,141234.03255462646,78.32084655761719,141155.71170806885,SPY,1219
2012-10-09,139838.31884765625,78.32084655761719,139759.99800109863,SPY,1219
2012-10-10,138946.66841125488,78.32084655761719,138868.34756469727,SPY,1219
2012-10-11,139024.22304534912,78.32084655761719,138945.9021987915,SPY,1219
2012-10-12,138568.6697845459,78.32084655761719,138490.34893798828,SPY,1219
2012-10-15,139722.01944732666,78.32084655761719,139643.69860076904,SPY,1219
2012-10-16,141137.07763671875,78.32084655761719,141058.75679016113,SPY,1219
2012-10-17,141776.81269073486,78.32084655761719,141698.49184417725,SPY,1219
2012-10-18,141408.45840454102,78.32084655761719,141330.1375579834,SPY,1219
2012-10-19,139053.30487060547,78.32084655761719,138974.98402404785,SPY,1219
2012-10-22,139072.6679534912,78.32084655761719,138994.3471069336,SPY,1219
2012-10-23,137143.9486541748,78.32084655761719,137065.6278076172,SPY,1219
2012-10-24,136756.2033843994,78.32084655761719,136677.8825378418,SPY,1219
2012-10-25,137153.63019561768,78.32084655761719,137075.30934906006,SPY,1219
2012-10-26,137076.11276245117,78.32084655761719,136997.79191589355,SPY,1219
2012-10-31,137076.11276245117,78.32084655761719,136997.79191589355,SPY,1219
2012-11-01,138510.534034729,78.32084655761719,138432.2131881714,SPY,1219
2012-11-02,137279.63903808594,78.32084655761719,137201.31819152832,SPY,1219
2012-11-05,137560.69204711914,78.32084655761719,137482.37120056152,SPY,1219
2012-11-06,138636.5242767334,78.32084655761719,138558.20343017578,SPY,1219
2012-11-07,135496.30096435547,78.32084655761719,135417.98011779785,SPY,1219
2012-11-08,133868.0535583496,78.32084655761719,133789.732711792,SPY,1219
2012-11-09,133984.3250579834,78.32084655761719,133906.00421142578,SPY,1219
2012-11-12,134090.93361663818,78.32084655761719,134012.61277008057,SPY,1219
2012-11-13,133625.73601531982,78.32084655761719,133547.4151687622,SPY,1219
2012-11-14,131822.96045684814,78.32084655761719,131744.63961029053,SPY,1219
2012-11-15,131600.05249786377,78.32084655761719,131521.73165130615,SPY,1219
2012-11-16,132249.43189239502,78.32084655761719,132171.1110458374,SPY,1219
2012-11-19,134924.4855041504,78.32084655761719,134846.16465759277,SPY,1219
2012-11-20,134982.60265350342,78.32084655761719,134904.2818069458,SPY,1219
2012-11-21,135234.611038208,78.32084655761719,135156.2901916504,SPY,1219
2012-11-23,137076.11276245117,78.32084655761719,136997.79191589355,SPY,1219
2012-11-26,136785.34101104736,78.32084655761719,136707.02016448975,SPY,1219
2012-11-27,136087.46090698242,78.32084655761719,136009.1400604248,SPY,1219
2012-11-28,137182.72132110596,78.32084655761719,137104.40047454834,SPY,1219
2012-11-29,137822.3819732666,78.32084655761719,137744.06112670898,SPY,1219
2012-11-30,137851.42659759521,78.32084655761719,137773.1057510376,SPY,1219
2012-12-03,137173.00257873535,78.32084655761719,137094.68173217773,SPY,1219
2012-12-04,136979.1950454712,78.32084655761719,136900.87419891357,SPY,1219
2012-12-05,137221.47538757324,78.32084655761719,137143.15454101562,SPY,1219
2012-12-06,137686.7008895874,78.32084655761719,137608.38004302979,SPY,1219
2012-12-07,138103.47218322754,78.32084655761719,138025.15133666992,SPY,1219
2012-12-10,138161.64513397217,78.32084655761719,138083.32428741455,SPY,1219
2012-12-11,139101.72187805176,78.32084655761719,139023.40103149414,SPY,1219
2012-12-12,139169.613571167,78.32084655761719,139091.29272460938,SPY,1219
2012-12-13,138316.68000030518,78.32084655761719,138238.35915374756,SPY,1219
2012-12-14,137803.06539154053,78.32084655761719,137724.7445449829,SPY,1219
2012-12-17,139421.55685424805,78.32084655761719,139343.23600769043,SPY,1219
2012-12-18,140972.33332824707,78.32084655761719,140894.01248168945,SPY,1219
2012-12-19,139925.60152435303,78.32084655761719,139847.2806777954,SPY,1219
2012-12-20,140730.03438568115,78.32084655761719,140651.71353912354,SPY,1219
2012-12-21,139453.26134490967,78.32084655761719,139374.94049835205,SPY,1219
2012-12-24,139023.87893676758,78.32084655761719,138945.55809020996,SPY,1219
2012-12-26,138438.1689300537,78.32084655761719,138359.8480834961,SPY,1219
2012-12-27,138252.73160552979,78.32084655761719,138174.41075897217,SPY,1219
2012-12-28,136759.3003616333,78.32084655761719,136680.97951507568,SPY,1219
2012-12-31,139082.42389678955,78.32084655761719,139004.10305023193,SPY,1219
2013-01-02,142645.1474456787,78.32084655761719,142566.8265991211,SPY,1219
2013-01-03,142322.9781112671,78.32084655761719,142244.65726470947,SPY,1219
2013-01-04,142947.65608978271,78.32084655761719,142869.3352432251,SPY,1219
2013-01-07,142557.24165344238,78.32084655761719,142478.92080688477,SPY,1219
2013-01-08,142147.33393096924,78.32084655761719,142069.01308441162,SPY,1219
2013-01-09,142508.43403625488,78.32084655761719,142430.11318969727,SPY,1219
2013-01-10,143640.71867370605,78.32084655761719,143562.39782714844,SPY,1219
2013-01-11,143630.99993133545,78.32084655761719,143552.67908477783,SPY,1219
2013-01-14,143533.36609649658,78.32084655761719,143455.04524993896,SPY,1219
2013-01-15,143630.99993133545,78.32084655761719,143552.67908477783,SPY,1219
2013-01-16,143611.45084381104,78.32084655761719,143533.12999725342,SPY,1219
2013-01-17,144538.73046875,78.32084655761719,144460.40962219238,SPY,1219
2013-01-18,144860.77890014648,78.32084655761719,144782.45805358887,SPY,1219
2013-01-22,145641.64497375488,78.32084655761719,145563.32412719727,SPY,1219
2013-01-23,145875.88061523438,78.32084655761719,145797.55976867676,SPY,1219
2013-01-24,145914.99739074707,78.32084655761719,145836.67654418945,SPY,1219
2013-01-25,146734.8500366211,78.32084655761719,146656.52919006348,SPY,1219
2013-01-28,146559.24305725098,78.32084655761719,146480.92221069336,SPY,1219
2013-01-29,147135.06691741943,78.32084655761719,147056.74607086182,SPY,1219
2013-01-30,146559.24305725098,78.32084655761719,146480.92221069336,SPY,1219
2013-01-31,146198.1057510376,78.32084655761719,146119.78490447998,SPY,1219
2013-02-01,147701.1999359131,78.32084655761719,147622.87908935547,SPY,1219
2013-02-04,146041.89905548096,78.32084655761719,145963.57820892334,SPY,1219
2013-02-05,147515.79051208496,78.32084655761719,147437.46966552734,SPY,1219
2013-02-06,147623.12448883057,78.32084655761719,147544.80364227295,SPY,1219
2013-02-07,147427.9033203125,78.32084655761719,147349.58247375488,SPY,1219
2013-02-08,148247.82106781006,78.32084655761719,148169.50022125244,SPY,1219
2013-02-11,148218.4881362915,78.32084655761719,148140.1672897339,SPY,1219
2013-02-12,148462.6099243164,78.32084655761719,148384.2890777588,SPY,1219
2013-02-13,148589.4278869629,78.32084655761719,148511.10704040527,SPY,1219
2013-02-14,148726.14129638672,78.32084655761719,148647.8204498291,SPY,1219
2013-02-15,148550.46921539307,78.32084655761719,148472.14836883545,SPY,1219
2013-02-19,149663.15826416016,78.32084655761719,149584.83741760254,SPY,1219
2013-02-20,147798.79656982422,78.32084655761719,147720.4757232666,SPY,1219
2013-02-21,146900.8498764038,78.32084655761719,146822.5290298462,SPY,1219
2013-02-22,148335.71755981445,78.32084655761719,148257.39671325684,SPY,1219
2013-02-25,145514.80841064453,78.32084655761719,145436.4875640869,SPY,1219
2013-02-26,146510.3889389038,78.32084655761719,146432.0680923462,SPY,1219
2013-02-27,148355.21084594727,78.32084655761719,148276.88999938965,SPY,1219
2013-02-28,148062.38374328613,78.32084655761719,147984.06289672852,SPY,1219
2013-03-01,148550.46921539307,78.32084655761719,148472.14836883545,SPY,1219
2013-03-04,149341.04473114014,78.32084655761719,149262.72388458252,SPY,1219
2013-03-05,150678.2506790161,78.32084655761719,150599.9298324585,SPY,1219
2013-03-06,150883.28359222412,78.32084655761719,150804.9627456665,SPY,1219
2013-03-07,151156.57090759277,78.32084655761719,151078.25006103516,SPY,1219
2013-03-08,151800.76077270508,78.32084655761719,151722.43992614746,SPY,1219
2013-03-11,152376.6311340332,78.32084655761719,152298.3102874756,SPY,1219
2013-03-12,152035.01501464844,78.32084655761719,151956.69416809082,SPY,1219
2013-03-13,152249.8317718506,78.32084655761719,152171.51092529297,SPY,1219
2013-03-14,153059.87267303467,78.32084655761719,152981.55182647705,SPY,1219
2013-03-15,152858.00183868408,78.32084655761719,152779.68099212646,SPY,1219
2013-03-18,152014.80561065674,78.32084655761719,151936.48476409912,SPY,1219
2013-03-19,151661.8153076172,78.32084655761719,151583.49446105957,SPY,1219
2013-03-20,152720.62811279297,78.32084655761719,152642.30726623535,SPY,1219
2013-03-21,151416.6425933838,78.32084655761719,151338.32174682617,SPY,1219
2013-03-22,152632.45261383057,78.32084655761719,152554.13176727295,SPY,1219
2013-03-25,151995.1077194214,78.32084655761719,151916.78687286377,SPY,1219
2013-03-26,153210.94564056396,78.32084655761719,153132.62479400635,SPY,1219
2013-03-27,153210.94564056396,78.32084655761719,153132.62479400635,SPY,1219
2013-03-28,153681.4815750122,78.32084655761719,153603.1607284546,SPY,1219
2013-04-01,153073.70211791992,78.32084655761719,152995.3812713623,SPY,1219
2013-04-02,153828.6205444336,78.32084655761719,153750.29969787598,SPY,1219
2013-04-03,152269.70636749268,78.32084655761719,152191.38552093506,SPY,1219
2013-04-04,152887.34407043457,78.32084655761719,152809.02322387695,SPY,1219
2013-04-05,152201.00555419922,78.32084655761719,152122.6847076416,SPY,1219
2013-04-08,153230.5319290161,78.32084655761719,153152.2110824585,SPY,1219
2013-04-09,153759.938331604,78.32084655761719,153681.6174850464,SPY,1219
2013-04-10,155642.35177612305,78.32084655761719,155564.03092956543,SPY,1219
2013-04-11,156152.1160888672,78.32084655761719,156073.79524230957,SPY,1219
2013-04-12,155769.73705291748,78.32084655761719,155691.41620635986,SPY,1219
2013-04-15,152161.86087799072,78.32084655761719,152083.5400314331,SPY,1219
2013-04-16,154406.95546722412,78.32084655761719,154328.6346206665,SPY,1219
2013-04-17,152152.05843353271,78.32084655761719,152073.7375869751,SPY,1219
2013-04-18,151201.07251739502,78.32084655761719,151122.7516708374,SPY,1219
2013-04-19,152514.81398010254,78.32084655761719,152436.49313354492,SPY,1219
2013-04-22,153191.34075164795,78.32084655761719,153113.01990509033,SPY,1219
2013-04-23,154769.76681518555,78.32084655761719,154691.44596862793,SPY,1219
2013-04-24,154867.82846069336,78.32084655761719,154789.50761413574,SPY,1219
2013-04-25,155495.305809021,78.32084655761719,155416.98496246338,SPY,1219
2013-04-26,155220.8745651245,78.32084655761719,155142.5537185669,SPY,1219
2013-04-29,156259.980178833,78.32084655761719,156181.6593322754,SPY,1219
2013-04-30,156632.56607055664,78.32084655761719,156554.24522399902,SPY,1219
2013-05-01,155260.00064086914,78.32084655761719,155181.67979431152,SPY,1219
2013-05-02,156701.16458129883,78.32084655761719,156622.8437347412,SPY,1219
2013-05-03,158289.45819091797,78.32084655761719,158211.13734436035,SPY,1219
2013-05-06,158691.43281555176,78.32084655761719,158613.11196899414,SPY,1219
2013-05-07,159495.43786621094,78.32084655761719,159417.11701965332,SPY,1219
2013-05-08,160220.93035888672,78.32084655761719,160142.6095123291,SPY,1219
2013-05-09,159769.8877105713,78.32084655761719,159691.56686401367,SPY,1219
2013-05-10,160289.5288696289,78.32084655761719,160211.2080230713,SPY,1219
2013-05-13,160416.97924804688,78.32084655761719,160338.65840148926,SPY,1219
2013-05-14,162073.88996887207,78.32084655761719,161995.56912231445,SPY,1219
2013-05-15,162946.5679321289,78.32084655761719,162868.2470855713,SPY,1219
2013-05-16,162181.7540588379,78.32084655761719,162103.43321228027,SPY,1219
2013-05-17,163750.46138000488,78.32084655761719,163672.14053344727,SPY,1219
2013-05-20,163740.65893554688,78.32084655761719,163662.33808898926,SPY,1219
2013-05-21,163975.97340393066,78.32084655761719,163897.65255737305,SPY,1219
2013-05-22,162760.2470855713,78.32084655761719,162681.92623901367,SPY,1219
2013-05-23,162289.59954833984,78.32084655761719,162211.27870178223,SPY,1219
2013-05-24,162152.328125,78.32084655761719,162074.00727844238,SPY,1219
2013-05-28,163122.9747314453,78.32084655761719,163044.6538848877,SPY,1219
2013-05-29,162064.08752441406,78.32084655761719,161985.76667785645,SPY,1219
2013-05-30,162662.20404052734,78.32084655761719,162583.88319396973,SPY,1219
2013-05-31,160328.8130493164,78.32084655761719,160250.4922027588,SPY,1219
2013-06-03,161211.10745239258,78.32084655761719,161132.78660583496,SPY,1219
2013-06-04,160436.5841369629,78.32084655761719,160358.26329040527,SPY,1219
2013-06-05,158191.47094726562,78.32084655761719,158113.150100708,SPY,1219
2013-06-06,159622.8882446289,78.32084655761719,159544.5673980713,SPY,1219
2013-06-07,161652.32905578613,78.32084655761719,161574.00820922852,SPY,1219
2013-06-10,161652.32905578613,78.32084655761719,161574.00820922852,SPY,1219
2013-06-11,159985.6344909668,78.32084655761719,159907.31364440918,SPY,1219
2013-06-12,158662.0440826416,78.32084655761719,158583.72323608398,SPY,1219
2013-06-13,161073.89183044434,78.32084655761719,160995.57098388672,SPY,1219
2013-06-14,160064.07264709473,78.32084655761719,159985.7518005371,SPY,1219
2013-06-17,161299.40385437012,78.32084655761719,161221.0830078125,SPY,1219
2013-06-18,162573.9634399414,78.32084655761719,162495.6425933838,SPY,1219
2013-06-19,160328.8130493164,78.32084655761719,160250.4922027588,SPY,1219
2013-06-20,156358.0604248047,78.32084655761719,156279.73957824707,SPY,1219
2013-06-21,156859.77073669434,78.32084655761719,156781.44989013672,SPY,1219
2013-06-24,154878.62602996826,78.32084655761719,154800.30518341064,SPY,1219
2013-06-25,156366.93284606934,78.32084655761719,156288.61199951172,SPY,1219
2013-06-26,157914.37983703613,78.32084655761719,157836.05899047852,SPY,1219
2013-06-27,158840.85034179688,78.32084655761719,158762.52949523926,SPY,1219
2013-06-28,158190.20611572266,78.32084655761719,158111.88526916504,SPY,1219
2013-07-01,159116.76962280273,78.32084655761719,159038.44877624512,SPY,1219
2013-07-02,158968.9517364502,78.32084655761719,158890.63088989258,SPY,1219
2013-07-03,159037.9408569336,78.32084655761719,158959.62001037598,SPY,1219
2013-07-05,160752.84782409668,78.32084655761719,160674.52697753906,SPY,1219
2013-07-08,161669.44148254395,78.32084655761719,161591.12063598633,SPY,1219
2013-07-09,162832.58428955078,78.32084655761719,162754.26344299316,SPY,1219
2013-07-10,162891.6965637207,78.32084655761719,162813.3757171631,SPY,1219
2013-07-11,165109.31826782227,78.32084655761719,165030.99742126465,SPY,1219
2013-07-12,165178.32598876953,78.32084655761719,165100.0051422119,SPY,1219
2013-07-15,165809.14212036133,78.32084655761719,165730.8212738037,SPY,1219
2013-07-16,165188.10983276367,78.32084655761719,165109.78898620605,SPY,1219
2013-07-17,165611.97720336914,78.32084655761719,165533.65635681152,SPY,1219
2013-07-18,166518.80561828613,78.32084655761719,166440.48477172852,SPY,1219
2013-07-19,166814.45999145508,78.32084655761719,166736.13914489746,SPY,1219
2013-07-22,167139.68910217285,78.32084655761719,167061.36825561523,SPY,1219
2013-07-23,166784.81085205078,78.32084655761719,166706.49000549316,SPY,1219
2013-07-24,166173.80421447754,78.32084655761719,166095.48336791992,SPY,1219
2013-07-25,166577.8434906006,78.32084655761719,166499.52264404297,SPY,1219
2013-07-26,166755.31051635742,78.32084655761719,166676.9896697998,SPY,1219
2013-07-29,166242.77473449707,78.32084655761719,166164.45388793945,SPY,1219
2013-07-30,166242.77473449707,78.32084655761719,166164.45388793945,SPY,1219
2013-07-31,166361.09228515625,78.32084655761719,166282.77143859863,SPY,1219
2013-08-01,168282.9852142334,78.32084655761719,168204.66436767578,SPY,1219
2013-08-02,168568.83714294434,78.32084655761719,168490.51629638672,SPY,1219
2013-08-05,168322.39959716797,78.32084655761719,168244.07875061035,SPY,1219
2013-08-06,167366.33575439453,78.32084655761719,167288.0149078369,SPY,1219
2013-08-07,166824.28103637695,78.32084655761719,166745.96018981934,SPY,1219
2013-08-08,167435.3992767334,78.32084655761719,167357.07843017578,SPY,1219
2013-08-09,166952.38243103027,78.32084655761719,166874.06158447266,SPY,1219
2013-08-12,166755.31051635742,78.32084655761719,166676.9896697998,SPY,1219
2013-08-13,167248.14840698242,78.32084655761719,167169.8275604248,SPY,1219
2013-08-14,166390.61122131348,78.32084655761719,166312.29037475586,SPY,1219
2013-08-15,164064.64181518555,78.32084655761719,163986.32096862793,SPY,1219
2013-08-16,163522.5126953125,78.32084655761719,163444.19184875488,SPY,1219
2013-08-19,162477.74324035645,78.32084655761719,162399.42239379883,SPY,1219
2013-08-20,163276.05654907227,78.32084655761719,163197.73570251465,SPY,1219
2013-08-21,162270.72007751465,78.32084655761719,162192.39923095703,SPY,1219
2013-08-22,163749.1965484619,78.32084655761719,163670.8757019043,SPY,1219
2013-08-23,164301.12811279297,78.32084655761719,164222.80726623535,SPY,1219
2013-08-26,163690.084274292,78.32084655761719,163611.76342773438,SPY,1219
2013-08-27,161058.39764404297,78.32084655761719,160980.07679748535,SPY,1219
2013-08-28,161630.13870239258,78.32084655761719,161551.81785583496,SPY,1219
2013-08-29,161886.3600921631,78.32084655761719,161808.03924560547,SPY,1219
2013-08-30,161373.86151123047,78.32084655761719,161295.54066467285,SPY,1219
2013-09-03,162103.2415008545,78.32084655761719,162024.92065429688,SPY,1219
2013-09-04,163443.68392944336,78.32084655761719,163365.36308288574,SPY,1219
2013-09-05,163650.59548950195,78.32084655761719,163572.27464294434,SPY,1219
2013-09-06,163729.46145629883,78.32084655761719,163651.1406097412,SPY,1219
2013-09-09,165296.5877380371,78.32084655761719,165218.2668914795,SPY,1219
2013-09-10,166518.80561828613,78.32084655761719,166440.48477172852,SPY,1219
2013-09-11,167041.12524414062,78.32084655761719,166962.804397583,SPY,1219
2013-09-12,166597.59718322754,78.32084655761719,166519.27633666992,SPY,1219
2013-09-13,166972.1547241211,78.32084655761719,166893.83387756348,SPY,1219
2013-09-16,167938.02101135254,78.32084655761719,167859.70016479492,SPY,1219
2013-09-17,168687.15469360352,78.32084655761719,168608.8338470459,SPY,1219
2013-09-18,170638.64096069336,78.32084655761719,170560.32011413574,SPY,1219
2013-09-19,170352.77043151855,78.32084655761719,170274.44958496094,SPY,1219
2013-09-20,169162.34074401855,78.32084655761719,169084.01989746094,SPY,1219
2013-09-23,168379.89363098145,78.32084655761719,168301.57278442383,SPY,1219
2013-09-24,167983.72235107422,78.32084655761719,167905.4015045166,SPY,1219
2013-09-25,167498.36184692383,78.32084655761719,167420.0410003662,SPY,1219
2013-09-26,168142.16110229492,78.32084655761719,168063.8402557373,SPY,1219
2013-09-27,167369.66523742676,78.32084655761719,167291.34439086914,SPY,1219
2013-09-30,166478.2380065918,78.32084655761719,166399.91716003418,SPY,1219
2013-10-01,167795.50425720215,78.32084655761719,167717.18341064453,SPY,1219
2013-10-02,167637.04690551758,78.32084655761719,167558.72605895996,SPY,1219
2013-10-03,166091.9621734619,78.32084655761719,166013.6413269043,SPY,1219
2013-10-04,167349.8557434082,78.32084655761719,167271.5348968506,SPY,1219
2013-10-07,165903.85568237305,78.32084655761719,165825.53483581543,SPY,1219
2013-10-08,163972.4951171875,78.32084655761719,163894.17427062988,SPY,1219
2013-10-09,164091.3706817627,78.32084655761719,164013.04983520508,SPY,1219
2013-10-10,167627.18865966797,78.32084655761719,167548.86781311035,SPY,1219
2013-10-11,168706.7223815918,78.32084655761719,168628.40153503418,SPY,1219
2013-10-14,169380.09637451172,78.32084655761719,169301.7755279541,SPY,1219
2013-10-15,168152.00074768066,78.32084655761719,168073.67990112305,SPY,1219
2013-10-16,170499.36068725586,78.32084655761719,170421.03984069824,SPY,1219
2013-10-17,171638.34149169922,78.32084655761719,171560.0206451416,SPY,1219
2013-10-18,172797.150390625,78.32084655761719,172718.82954406738,SPY,1219
2013-10-21,172807.0086364746,78.32084655761719,172728.687789917,SPY,1219
2013-10-22,173807.36018371582,78.32084655761719,173729.0393371582,SPY,1219
2013-10-23,172975.435836792,78.32084655761719,172897.11499023438,SPY,1219
2013-10-24,173549.8367614746,78.32084655761719,173471.515914917,SPY,1219
2013-10-25,174342.14212036133,78.32084655761719,174263.8212738037,SPY,1219
2013-10-28,174619.45643615723,78.32084655761719,174541.1355895996,SPY,1219
2013-10-29,175550.46545410156,78.32084655761719,175472.14460754395,SPY,1219
2013-10-30,174678.9407196045,78.32084655761719,174600.61987304688,SPY,1219
2013-10-31,174183.70336914062,78.32084655761719,174105.382522583,SPY,1219
2013-11-01,174599.70274353027,78.32084655761719,174521.38189697266,SPY,1219
2013-11-04,175213.70405578613,78.32084655761719,175135.38320922852,SPY,1219
2013-11-05,174659.13122558594,78.32084655761719,174580.81037902832,SPY,1219
2013-11-06,175550.46545410156,78.32084655761719,175472.14460754395,SPY,1219
2013-11-07,173331.9323272705,78.32084655761719,173253.6114807129,SPY,1219
2013-11-08,175669.35961914062,78.32084655761719,175591.038772583,SPY,1219
2013-11-11,175699.0273590088,78.32084655761719,175620.70651245117,SPY,1219
2013-11-12,175342.5122680664,78.32084655761719,175264.1914215088,SPY,1219
2013-11-13,176748.89334106445,78.32084655761719,176670.57249450684,SPY,1219
2013-11-14,177630.33212280273,78.32084655761719,177552.01127624512,SPY,1219
2013-11-15,178402.9395904541,78.32084655761719,178324.61874389648,SPY,1219
2013-11-18,177778.94982910156,78.32084655761719,177700.62898254395,SPY,1219
2013-11-19,177392.61819458008,78.32084655761719,177314.29734802246,SPY,1219
2013-11-20,176838.06396484375,78.32084655761719,176759.74311828613,SPY,1219
2013-11-21,178264.25453186035,78.32084655761719,178185.93368530273,SPY,1219
2013-11-22,179155.66316223145,78.32084655761719,179077.34231567383,SPY,1219
2013-11-25,178977.3591156006,78.32084655761719,178899.03826904297,SPY,1219
2013-11-26,179026.85494995117,78.32084655761719,178948.53410339355,SPY,1219
2013-11-27,179462.62661743164,78.32084655761719,179384.30577087402,SPY,1219
2013-11-29,179343.80685424805,78.32084655761719,179265.48600769043,SPY,1219
2013-12-02,178878.29304504395,78.32084655761719,178799.97219848633,SPY,1219
2013-12-03,178105.68557739258,78.32084655761719,178027.36473083496,SPY,1219
2013-12-04,178086.0062866211,78.32084655761719,178007.68544006348,SPY,1219
2013-12-05,177303.55917358398,78.32084655761719,177225.23832702637,SPY,1219
2013-12-06,179284.35977172852,78.32084655761719,179206.0389251709,SPY,1219
2013-12-09,179739.99673461914,78.32084655761719,179661.67588806152,SPY,1219
2013-12-10,179096.17887878418,78.32084655761719,179017.85803222656,SPY,1219
2013-12-11,177085.65473937988,78.32084655761719,177007.33389282227,SPY,1219
2013-12-12,176501.30256652832,78.32084655761719,176422.9817199707,SPY,1219
2013-12-13,176481.49307250977,78.32084655761719,176403.17222595215,SPY,1219
2013-12-16,177580.81768798828,78.32084655761719,177502.49684143066,SPY,1219
2013-12-17,177016.33081054688,78.32084655761719,176938.00996398926,SPY,1219
2013-12-18,180036.99034118652,78.32084655761719,179958.6694946289,SPY,1219
2013-12-19,179829.11155700684,78.32084655761719,179750.79071044922,SPY,1219
2013-12-20,180874.6622314453,78.32084655761719,180796.3413848877,SPY,1219
2013-12-23,181840.65872192383,78.32084655761719,181762.3378753662,SPY,1219
2013-12-24,182238.96905517578,78.32084655761719,182160.64820861816,SPY,1219
2013-12-26,183164.9931488037,78.32084655761719,183086.6723022461,SPY,1219
2013-12-27,183154.98609924316,78.32084655761719,183076.66525268555,SPY,1219
2013-12-30,183125.1509552002,78.32084655761719,183046.83010864258,SPY,1219
2013-12-31,183991.5047607422,78.32084655761719,183913.18391418457,SPY,1219
2014-01-02,182228.96200561523,78.32084655761719,182150.64115905762,SPY,1219
2014-01-03,182199.1082611084,78.32084655761719,182120.78741455078,SPY,1219
2014-01-06,181671.3572998047,78.32084655761719,181593.03645324707,SPY,1219
2014-01-07,182786.58531188965,78.32084655761719,182708.26446533203,SPY,1219
2014-01-08,182826.39030456543,78.32084655761719,182748.0694580078,SPY,1219
2014-01-09,182945.91688537598,78.32084655761719,182867.59603881836,SPY,1219
2014-01-10,183443.81410217285,78.32084655761719,183365.49325561523,SPY,1219
2014-01-13,181004.04705810547,78.32084655761719,180925.72621154785,SPY,1219
2014-01-14,182975.84503173828,78.32084655761719,182897.52418518066,SPY,1219
2014-01-15,183961.63241577148,78.32084655761719,183883.31156921387,SPY,1219
2014-01-16,183722.65365600586,78.32084655761719,183644.33280944824,SPY,1219
2014-01-17,182945.91688537598,78.32084655761719,182867.59603881836,SPY,1219
2014-01-21,183483.65629577637,78.32084655761719,183405.33544921875,SPY,1219
2014-01-22,183603.1270751953,78.32084655761719,183524.8062286377,SPY,1219
2014-01-23,182099.53997802734,78.32084655761719,182021.21913146973,SPY,1219
2014-01-24,178215.89332580566,78.32084655761719,178137.57247924805,SPY,1219
2014-01-27,177339.6626739502,78.32084655761719,177261.34182739258,SPY,1219
2014-01-28,178395.16459655762,78.32084655761719,178316.84375,SPY,1219
2014-01-29,176682.433883667,78.32084655761719,176604.11303710938,SPY,1219
2014-01-30,178554.5147705078,78.32084655761719,178476.1939239502,SPY,1219
2014-01-31,177508.87109375,78.32084655761719,177430.55024719238,SPY,1219
2014-02-03,173515.7793121338,78.32084655761719,173437.45846557617,SPY,1219
2014-02-04,174730.6314086914,78.32084655761719,174652.3105621338,SPY,1219
2014-02-05,174511.51794433594,78.32084655761719,174433.19709777832,SPY,1219
2014-02-06,176811.7815093994,78.32084655761719,176733.4606628418,SPY,1219
2014-02-07,179002.5255432129,78.32084655761719,178924.20469665527,SPY,1219
2014-02-10,179331.17713928223,78.32084655761719,179252.8562927246,SPY,1219
2014-02-11,181292.9122619629,78.32084655761719,181214.59141540527,SPY,1219
2014-02-12,181382.5850982666,78.32084655761719,181304.26425170898,SPY,1219
2014-02-13,182318.56044006348,78.32084655761719,182240.23959350586,SPY,1219
2014-02-14,183324.32472229004,78.32084655761719,183246.00387573242,SPY,1219
2014-02-18,183543.41958618164,78.32084655761719,183465.09873962402,SPY,1219
2014-02-19,182328.56748962402,78.32084655761719,182250.2466430664,SPY,1219
2014-02-20,183404.0463104248,78.32084655761719,183325.7254638672,SPY,1219
2014-02-21,183194.92129516602,78.32084655761719,183116.6004486084,SPY,1219
2014-02-24,184210.56242370605,78.32084655761719,184132.24157714844,SPY,1219
2014-02-25,184140.84788513184,78.32084655761719,184062.52703857422,SPY,1219
2014-02-26,184150.81773376465,78.32084655761719,184072.49688720703,SPY,1219
2014-02-27,185116.77702331543,78.32084655761719,185038.4561767578,SPY,1219
2014-02-28,185584.82049560547,78.32084655761719,185506.49964904785,SPY,1219
2014-03-03,184280.29556274414,78.32084655761719,184201.97471618652,SPY,1219
2014-03-04,186869.36853027344,78.32084655761719,186791.04768371582,SPY,1219
2014-03-05,187038.68855285645,78.32084655761719,186960.36770629883,SPY,1219
2014-03-06,187466.83403015137,78.32084655761719,187388.51318359375,SPY,1219
2014-03-07,187546.49981689453,78.32084655761719,187468.1789703369,SPY,1219
2014-03-10,187446.857131958,78.32084655761719,187368.5362854004,SPY,1219
2014-03-11,186520.88883972168,78.32084655761719,186442.56799316406,SPY,1219
2014-03-12,186570.5892791748,78.32084655761719,186492.2684326172,SPY,1219
2014-03-13,184479.45072937012,78.32084655761719,184401.1298828125,SPY,1219
2014-03-14,183961.63241577148,78.32084655761719,183883.31156921387,SPY,1219
2014-03-17,185624.58828735352,78.32084655761719,185546.2674407959,SPY,1219
2014-03-18,186948.99711608887,78.32084655761719,186870.67626953125,SPY,1219
2014-03-19,185953.23988342285,78.32084655761719,185874.91903686523,SPY,1219
2014-03-20,187038.68855285645,78.32084655761719,186960.36770629883,SPY,1219
2014-03-21,186313.49366760254,78.32084655761719,186235.17282104492,SPY,1219
2014-03-24,185543.3600616455,78.32084655761719,185465.0392150879,SPY,1219
2014-03-25,186423.51541137695,78.32084655761719,186345.19456481934,SPY,1219
2014-03-26,185083.2961883545,78.32084655761719,185004.97534179688,SPY,1219
2014-03-27,184693.20726013184,78.32084655761719,184614.88641357422,SPY,1219
2014-03-28,185603.42095947266,78.32084655761719,185525.10011291504,SPY,1219
2014-03-31,187123.67407226562,78.32084655761719,187045.353225708,SPY,1219
2014-04-01,188363.87860107422,78.32084655761719,188285.5577545166,SPY,1219
2014-04-02,188994.0251159668,78.32084655761719,188915.70426940918,SPY,1219
2014-04-03,188743.99768066406,78.32084655761719,188665.67683410645,SPY,1219
2014-04-04,186513.560256958,78.32084655761719,186435.2394104004,SPY,1219
2014-04-07,184453.11247253418,78.32084655761719,184374.79162597656,SPY,1219
2014-04-08,185213.33203125,78.32084655761719,185135.01118469238,SPY,1219
2014-04-09,187203.6188659668,78.32084655761719,187125.29801940918,SPY,1219
2014-04-10,183272.91304016113,78.32084655761719,183194.59219360352,SPY,1219
2014-04-11,181622.62408447266,78.32084655761719,181544.30323791504,SPY,1219
2014-04-14,183052.8695526123,78.32084655761719,182974.5487060547,SPY,1219
2014-04-15,184313.12538146973,78.32084655761719,184234.8045349121,SPY,1219
2014-04-16,186243.46292114258,78.32084655761719,186165.14207458496,SPY,1219
2014-04-17,186503.55320739746,78.32084655761719,186425.23236083984,SPY,1219
2014-04-21,187153.65802001953,78.32084655761719,187075.3371734619,SPY,1219
2014-04-22,188003.77362060547,78.32084655761719,187925.45277404785,SPY,1219
2014-04-23,187563.7424468994,78.32084655761719,187485.4216003418,SPY,1219
2014-04-24,187943.86152648926,78.32084655761719,187865.54067993164,SPY,1219
2014-04-25,186403.55711364746,78.32084655761719,186325.23626708984,SPY,1219
2014-04-28,186993.58242797852,78.32084655761719,186915.2615814209,SPY,1219
2014-04-29,187863.78652954102,78.32084655761719,187785.4656829834,SPY,1219
2014-04-30,188423.88369750977,78.32084655761719,188345.56285095215,SPY,1219
2014-05-01,188443.879196167,78.32084655761719,188365.55834960938,SPY,1219
2014-05-02,188173.80046081543,78.32084655761719,188095.4796142578,SPY,1219
2014-05-05,188533.90544128418,78.32084655761719,188455.58459472656,SPY,1219
2014-05-06,186893.64213562012,78.32084655761719,186815.3212890625,SPY,1219
2014-05-07,187993.8409729004,78.32084655761719,187915.52012634277,SPY,1219
2014-05-08,187793.7371826172,78.32084655761719,187715.41633605957,SPY,1219
2014-05-09,188073.86016845703,78.32084655761719,187995.5393218994,SPY,1219
2014-05-12,189904.16441345215,78.32084655761719,189825.84356689453,SPY,1219
2014-05-13,190074.1912536621,78.32084655761719,189995.8704071045,SPY,1219
2014-05-14,189174.02180480957,78.32084655761719,189095.70095825195,SPY,1219
2014-05-15,187513.70719909668,78.32084655761719,187435.38635253906,SPY,1219
2014-05-16,188163.84921264648,78.32084655761719,188085.52836608887,SPY,1219
2014-05-19,188853.96362304688,78.32084655761719,188775.64277648926,SPY,1219
2014-05-20,187663.71994018555,78.32084655761719,187585.39909362793,SPY,1219
2014-05-21,189244.03395080566,78.32084655761719,189165.71310424805,SPY,1219
2014-05-22,189704.15362548828,78.32084655761719,189625.83277893066,SPY,1219
2014-05-23,190464.3173828125,78.32084655761719,190385.99653625488,SPY,1219
2014-05-27,191634.52836608887,78.32084655761719,191556.20751953125,SPY,1219
2014-05-28,191494.50407409668,78.32084655761719,191416.18322753906,SPY,1219
2014-05-29,192484.68116760254,78.32084655761719,192406.36032104492,SPY,1219
2014-05-30,192794.7322998047,78.32084655761719,192716.41145324707,SPY,1219
2014-06-02,193014.75718688965,78.32084655761719,192936.43634033203,SPY,1219
2014-06-03,192914.76109313965,78.32084655761719,192836.44024658203,SPY,1219
2014-06-04,193304.83142089844,78.32084655761719,193226.51057434082,SPY,1219
2014-06-05,194565.10585021973,78.32084655761719,194486.7850036621,SPY,1219
2014-06-06,195495.2406463623,78.32084655761719,195416.9197998047,SPY,1219
2014-06-09,195695.30723571777,78.32084655761719,195616.98638916016,SPY,1219
2014-06-10,195715.32133483887,78.32084655761719,195637.00048828125,SPY,1219
2014-06-11,195035.15817260742,78.32084655761719,194956.8373260498,SPY,1219
2014-06-12,193654.91075134277,78.32084655761719,193576.58990478516,SPY,1219
2014-06-13,194245.02906799316,78.32084655761719,194166.70822143555,SPY,1219
2014-06-16,194405.01165771484,78.32084655761719,194326.69081115723,SPY,1219
2014-06-17,194945.1505279541,78.32084655761719,194866.82968139648,SPY,1219
2014-06-18,196375.41459655762,78.32084655761719,196297.09375,SPY,1219
2014-06-19,196595.43948364258,78.32084655761719,196517.11863708496,SPY,1219
2014-06-20,196994.40083312988,78.32084655761719,196916.07998657227,SPY,1219
2014-06-23,196934.11672973633,78.32084655761719,196855.7958831787,SPY,1219
2014-06-24,195748.26275634766,78.32084655761719,195669.94190979004,SPY,1219
2014-06-25,196632.64041137695,78.32084655761719,196554.31956481934,SPY,1219
2014-06-26,196491.89070129395,78.32084655761719,196413.56985473633,SPY,1219
2014-06-27,196873.8698272705,78.32084655761719,196795.5489807129,SPY,1219
2014-06-30,196773.3157196045,78.32084655761719,196694.99487304688,SPY,1219
2014-07-01,198089.89375305176,78.32084655761719,198011.57290649414,SPY,1219
2014-07-02,198290.87176513672,78.32084655761719,198212.5509185791,SPY,1219
2014-07-03,199265.6104736328,78.32084655761719,199187.2896270752,SPY,1219
2014-07-07,198572.2223815918,78.32084655761719,198493.90153503418,SPY,1219
2014-07-08,197295.8585510254,78.32084655761719,197217.53770446777,SPY,1219
2014-07-09,198180.3478088379,78.32084655761719,198102.02696228027,SPY,1219
2014-07-10,197396.4126586914,78.32084655761719,197318.0918121338,SPY,1219
2014-07-11,197667.70042419434,78.32084655761719,197589.37957763672,SPY,1219
2014-07-14,198662.67643737793,78.32084655761719,198584.3555908203,SPY,1219
2014-07-15,198290.87176513672,78.32084655761719,198212.5509185791,SPY,1219
2014-07-16,199024.5298614502,78.32084655761719,198946.20901489258,SPY,1219
2014-07-17,196763.29006958008,78.32084655761719,196684.96922302246,SPY,1219
2014-07-18,198773.2375946045,78.32084655761719,198694.91674804688,SPY,1219
2014-07-21,198401.37712097168,78.32084655761719,198323.05627441406,SPY,1219
2014-07-22,199265.6104736328,78.32084655761719,199187.2896270752,SPY,1219
2014-07-23,199707.87370300293,78.32084655761719,199629.5528564453,SPY,1219
2014-07-24,199717.84355163574,78.32084655761719,199639.52270507812,SPY,1219
2014-07-25,198783.28184509277,78.32084655761719,198704.96099853516,SPY,1219
2014-07-28,198863.74745178223,78.32084655761719,198785.4266052246,SPY,1219
2014-07-29,198009.4839477539,78.32084655761719,197931.1631011963,SPY,1219
2014-07-30,198039.54229736328,78.32084655761719,197961.22145080566,SPY,1219
2014-07-31,194130.20840454102,78.32084655761719,194051.8875579834,SPY,1219
2014-08-01,193537.2628173828,78.32084655761719,193458.9419708252,SPY,1219
2014-08-04,194934.19485473633,78.32084655761719,194855.8740081787,SPY,1219
2014-08-05,193044.87133789062,78.32084655761719,192966.550491333,SPY,1219
2014-08-06,193105.1926422119,78.32084655761719,193026.8717956543,SPY,1219
2014-08-07,192059.95817565918,78.32084655761719,191981.63732910156,SPY,1219
2014-08-08,194280.92796325684,78.32084655761719,194202.60711669922,SPY,1219
2014-08-11,194843.72219848633,78.32084655761719,194765.4013519287,SPY,1219
2014-08-12,194572.41583251953,78.32084655761719,194494.0949859619,SPY,1219
2014-08-13,195888.91946411133,78.32084655761719,195810.5986175537,SPY,1219
2014-08-14,196813.51132202148,78.32084655761719,196735.19047546387,SPY,1219
2014-08-15,196773.3157196045,78.32084655761719,196694.99487304688,SPY,1219
2014-08-18,198421.50282287598,78.32084655761719,198343.18197631836,SPY,1219
2014-08-19,199456.67443847656,78.32084655761719,199378.35359191895,SPY,1219
2014-08-20,199989.2801208496,78.32084655761719,199910.959274292,SPY,1219
2014-08-21,200572.16285705566,78.32084655761719,200493.84201049805,SPY,1219
2014-08-22,200260.642288208,78.32084655761719,200182.3214416504,SPY,1219
2014-08-25,201275.65100097656,78.32084655761719,201197.33015441895,SPY,1219
2014-08-26,201406.3006591797,78.32084655761719,201327.97981262207,SPY,1219
2014-08-27,201325.8536529541,78.32084655761719,201247.53280639648,SPY,1219
2014-08-28,201215.32969665527,78.32084655761719,201137.00885009766,SPY,1219
2014-08-29,201788.20538330078,78.32084655761719,201709.88453674316,SPY,1219
2014-09-02,201687.66987609863,78.32084655761719,201609.34902954102,SPY,1219
2014-09-03,201577.2017211914,78.32084655761719,201498.8808746338,SPY,1219
2014-09-04,201285.6580505371,78.32084655761719,201207.3372039795,SPY,1219
2014-09-05,202190.14280700684,78.32084655761719,202111.82196044922,SPY,1219
2014-09-08,201667.5627746582,78.32084655761719,201589.2419281006,SPY,1219
2014-09-09,200391.29194641113,78.32084655761719,200312.97109985352,SPY,1219
2014-09-10,201144.98274230957,78.32084655761719,201066.66189575195,SPY,1219
2014-09-11,201376.11210632324,78.32084655761719,201297.79125976562,SPY,1219
2014-09-12,200200.35818481445,78.32084655761719,200122.03733825684,SPY,1219
2014-09-15,200049.5456237793,78.32084655761719,199971.22477722168,SPY,1219
2014-09-16,201557.00161743164,78.32084655761719,201478.68077087402,SPY,1219
2014-09-17,201828.34518432617,78.32084655761719,201750.02433776855,SPY,1219
2014-09-18,202903.69380187988,78.32084655761719,202825.37295532227,SPY,1219
2014-09-19,202720.90704345703,78.32084655761719,202642.5861968994,SPY,1219
2014-09-22,201155.97561645508,78.32084655761719,201077.65476989746,SPY,1219
2014-09-23,200004.90451049805,78.32084655761719,199926.58366394043,SPY,1219
2014-09-24,201569.92893981934,78.32084655761719,201491.60809326172,SPY,1219
2014-09-25,198318.75386047363,78.32084655761719,198240.43301391602,SPY,1219
2014-09-26,199893.8225402832,78.32084655761719,199815.5016937256,SPY,1219
2014-09-29,199530.36947631836,78.32084655761719,199452.04862976074,SPY,1219
2014-09-30,199005.3155822754,78.32084655761719,198926.99473571777,SPY,1219
2014-10-01,196309.47595214844,78.32084655761719,196231.15510559082,SPY,1219
2014-10-02,196339.75750732422,78.32084655761719,196261.4366607666,SPY,1219
2014-10-03,198500.4617919922,78.32084655761719,198422.14094543457,SPY,1219
2014-10-06,198268.2722015381,78.32084655761719,198189.95135498047,SPY,1219
2014-10-07,195208.94230651855,78.32084655761719,195130.62145996094,SPY,1219
2014-10-08,198621.66241455078,78.32084655761719,198543.34156799316,SPY,1219
2014-10-09,194683.90701293945,78.32084655761719,194605.58616638184,SPY,1219
2014-10-10,192462.63961791992,78.32084655761719,192384.3187713623,SPY,1219
2014-10-13,189302.27200317383,78.32084655761719,189223.9511566162,SPY,1219
2014-10-14,189595.17350769043,78.32084655761719,189516.8526611328,SPY,1219
2014-10-15,188312.8203277588,78.32084655761719,188234.49948120117,SPY,1219
2014-10-16,188151.3125,78.32084655761719,188072.99165344238,SPY,1219
2014-10-17,190372.52409362793,78.32084655761719,190294.2032470703,SPY,1219
2014-10-20,192220.3127746582,78.32084655761719,192141.9919281006,SPY,1219
2014-10-21,196026.82330322266,78.32084655761719,195948.50245666504,SPY,1219
2014-10-22,194633.44395446777,78.32084655761719,194555.12310791016,SPY,1219
2014-10-23,196895.09295654297,78.32084655761719,196816.77210998535,SPY,1219
2014-10-24,198409.59852600098,78.32084655761719,198331.27767944336,SPY,1219
2014-10-27,198137.00872802734,78.32084655761719,198058.68788146973,SPY,1219
2014-10-28,200408.81358337402,78.32084655761719,200330.4927368164,SPY,1219
2014-10-29,200105.886428833,78.32084655761719,200027.5655822754,SPY,1219
2014-10-30,201388.18380737305,78.32084655761719,201309.86296081543,SPY,1219
2014-10-31,203690.23301696777,78.32084655761719,203611.91217041016,SPY,1219
2014-11-03,203801.24058532715,78.32084655761719,203722.91973876953,SPY,1219
2014-11-04,203094.57176208496,78.32084655761719,203016.25091552734,SPY,1219
2014-11-05,204376.8133392334,78.32084655761719,204298.49249267578,SPY,1219
2014-11-06,205194.6385345459,78.32084655761719,205116.31768798828,SPY,1219
2014-11-07,205386.53952026367,78.32084655761719,205308.21867370605,SPY,1219
2014-11-10,206032.7010345459,78.32084655761719,205954.38018798828,SPY,1219
2014-11-11,206234.60906982422,78.32084655761719,206156.2882232666,SPY,1219
2014-11-12,206012.5753326416,78.32084655761719,205934.25448608398,SPY,1219
2014-11-13,206244.74632263184,78.32084655761719,206166.42547607422,SPY,1219
2014-11-14,206295.19078063965,78.32084655761719,206216.86993408203,SPY,1219
2014-11-17,206426.4542541504,78.32084655761719,206348.13340759277,SPY,1219
2014-11-18,207617.86976623535,78.32084655761719,207539.54891967773,SPY,1219
2014-11-19,207284.6982574463,78.32084655761719,207206.37741088867,SPY,1219
2014-11-20,207648.20712280273,78.32084655761719,207569.88627624512,SPY,1219
2014-11-21,208758.85942077637,78.32084655761719,208680.53857421875,SPY,1219
2014-11-24,209344.49502563477,78.32084655761719,209266.17417907715,SPY,1219
2014-11-25,209192.9570465088,78.32084655761719,209114.63619995117,SPY,1219
2014-11-26,209728.1295928955,78.32084655761719,209649.8087463379,SPY,1219
2014-11-28,209283.89471435547,78.32084655761719,209205.57386779785,SPY,1219
2014-12-01,207829.95225524902,78.32084655761719,207751.6314086914,SPY,1219
2014-12-02,209172.7755432129,78.32084655761719,209094.45469665527,SPY,1219
2014-12-03,209980.53788757324,78.32084655761719,209902.21704101562,SPY,1219
2014-12-04,209748.32969665527,78.32084655761719,209670.00885009766,SPY,1219
2014-12-05,210091.63845825195,78.32084655761719,210013.31761169434,SPY,1219
2014-12-08,208688.1590576172,78.32084655761719,208609.83821105957,SPY,1219
2014-12-09,208546.79553222656,78.32084655761719,208468.47468566895,SPY,1219
2014-12-10,205204.86878967285,78.32084655761719,205126.54794311523,SPY,1219
2014-12-11,206244.74632263184,78.32084655761719,206166.42547607422,SPY,1219
2014-12-12,202912.78942871094,78.32084655761719,202834.46858215332,SPY,1219
2014-12-15,201519.3914794922,78.32084655761719,201441.07063293457,SPY,1219
2014-12-16,199903.90399169922,78.32084655761719,199825.5831451416,SPY,1219
2014-12-17,203821.49649047852,78.32084655761719,203743.1756439209,SPY,1219
2014-12-18,208859.78553771973,78.32084655761719,208781.4646911621,SPY,1219
2014-12-19,209748.16229248047,78.32084655761719,209669.84144592285,SPY,1219
2014-12-22,210712.614944458,78.32084655761719,210634.2940979004,SPY,1219
2014-12-23,210996.9602355957,78.32084655761719,210918.6393890381,SPY,1219
2014-12-24,211017.2533416748,78.32084655761719,210938.9324951172,SPY,1219
2014-12-26,211697.41650390625,78.32084655761719,211619.09565734863,SPY,1219
2014-12-29,211981.76179504395,78.32084655761719,211903.44094848633,SPY,1219
2014-12-30,210844.6410369873,78.32084655761719,210766.3201904297,SPY,1219
2014-12-31,208753.24208068848,78.32084655761719,208674.92123413086,SPY,1219
2015-01-02,208641.50909423828,78.32084655761719,208563.18824768066,SPY,1219
2015-01-05,204874.98956298828,78.32084655761719,204796.66871643066,SPY,1219
2015-01-06,202946.0284576416,78.32084655761719,202867.70761108398,SPY,1219
2015-01-07,205473.90589904785,78.32084655761719,205395.58505249023,SPY,1219
2015-01-08,209118.66679382324,78.32084655761719,209040.34594726562,SPY,1219
2015-01-09,207443.49041748047,78.32084655761719,207365.16957092285,SPY,1219
2015-01-12,205819.13050842285,78.32084655761719,205740.80966186523,SPY,1219
2015-01-13,205240.39567565918,78.32084655761719,205162.07482910156,SPY,1219
2015-01-14,204001.80938720703,78.32084655761719,203923.4885406494,SPY,1219
2015-01-15,202133.83920288086,78.32084655761719,202055.51835632324,SPY,1219
2015-01-16,204783.6054840088,78.32084655761719,204705.28463745117,SPY,1219
2015-01-20,205220.1397705078,78.32084655761719,205141.8189239502,SPY,1219
2015-01-21,206255.66479492188,78.32084655761719,206177.34394836426,SPY,1219
2015-01-22,209321.78385925293,78.32084655761719,209243.4630126953,SPY,1219
2015-01-23,208174.52584838867,78.32084655761719,208096.20500183105,SPY,1219
2015-01-26,208661.83940124512,78.32084655761719,208583.5185546875,SPY,1219
2015-01-27,205910.45878601074,78.32084655761719,205832.13793945312,SPY,1219
2015-01-28,203270.8483581543,78.32084655761719,203192.52751159668,SPY,1219
2015-01-29,205149.08599853516,78.32084655761719,205070.76515197754,SPY,1219
2015-01-30,202570.2990875244,78.32084655761719,202491.9782409668,SPY,1219
2015-02-02,205077.9764251709,78.32084655761719,204999.65557861328,SPY,1219
2015-02-03,208042.5369567871,78.32084655761719,207964.2161102295,SPY,1219
2015-02-04,207250.6222076416,78.32084655761719,207172.30136108398,SPY,1219
2015-02-05,209342.07696533203,78.32084655761719,209263.7561187744,SPY,1219
2015-02-06,208763.36073303223,78.32084655761719,208685.0398864746,SPY,1219
2015-02-09,207829.3384399414,78.32084655761719,207751.0175933838,SPY,1219
2015-02-10,210042.58903503418,78.32084655761719,209964.26818847656,SPY,1219
2015-02-11,210164.42207336426,78.32084655761719,210086.10122680664,SPY,1219
2015-02-12,212184.76725769043,78.32084655761719,212106.4464111328,SPY,1219
2015-02-13,213057.8730316162,78.32084655761719,212979.5521850586,SPY,1219
2015-02-17,213392.904586792,78.32084655761719,213314.58374023438,SPY,1219
2015-02-18,213413.17909240723,78.32084655761719,213334.8582458496,SPY,1219
2015-02-19,213260.9342956543,78.32084655761719,213182.61344909668,SPY,1219
2015-02-20,214540.14399719238,78.32084655761719,214461.82315063477,SPY,1219
2015-02-23,214509.71363830566,78.32084655761719,214431.39279174805,SPY,1219
2015-02-24,215118.87882995605,78.32084655761719,215040.55798339844,SPY,1219
2015-02-25,214936.11067199707,78.32084655761719,214857.78982543945,SPY,1219
2015-02-26,214682.3073425293,78.32084655761719,214603.98649597168,SPY,1219
2015-02-27,213951.2719116211,78.32084655761719,213872.95106506348,SPY,1219
2015-03-02,215301.57258605957,78.32084655761719,215223.25173950195,SPY,1219
2015-03-03,214418.29235839844,78.32084655761719,214339.97151184082,SPY,1219
2015-03-04,213514.7190246582,78.32084655761719,213436.3981781006,SPY,1219
2015-03-05,213748.24784851074,78.32084655761719,213669.92700195312,SPY,1219
2015-03-06,210743.1197052002,78.32084655761719,210664.79885864258,SPY,1219
2015-03-09,211616.2068786621,78.32084655761719,211537.8860321045,SPY,1219
2015-03-10,208184.6072998047,78.32084655761719,208106.28645324707,SPY,1219
2015-03-11,207697.34954833984,78.32084655761719,207619.02870178223,SPY,1219
2015-03-12,210336.99717712402,78.32084655761719,210258.6763305664,SPY,1219
2015-03-13,209047.6130218506,78.32084655761719,208969.29217529297,SPY,1219
2015-03-16,211839.59844970703,78.32084655761719,211761.2776031494,SPY,1219
2015-03-17,211210.12155151367,78.32084655761719,211131.80070495605,SPY,1219
2015-03-18,213748.24784851074,78.32084655761719,213669.92700195312,SPY,1219
2015-03-19,212773.60214233398,78.32084655761719,212695.28129577637,SPY,1219
2015-03-20,214651.0771636963,78.32084655761719,214572.75631713867,SPY,1219
2015-03-23,214232.9387359619,78.32084655761719,214154.6178894043,SPY,1219
2015-03-24,213029.58172607422,78.32084655761719,212951.2608795166,SPY,1219
2015-03-25,209909.0749053955,78.32084655761719,209830.7540588379,SPY,1219
2015-03-26,209409.3176422119,78.32084655761719,209330.9967956543,SPY,1219
2015-03-27,209888.63299560547,78.32084655761719,209810.31214904785,SPY,1219
2015-03-30,212448.35443115234,78.32084655761719,212370.03358459473,SPY,1219
2015-03-31,210592.3257446289,78.32084655761719,210514.0048980713,SPY,1219
2015-04-01,209847.8607788086,78.32084655761719,209769.53993225098,SPY,1219
2015-04-02,210602.50019836426,78.32084655761719,210524.17935180664,SPY,1219
2015-04-06,212019.94854736328,78.32084655761719,211941.62770080566,SPY,1219
2015-04-07,211459.0701599121,78.32084655761719,211380.7493133545,SPY,1219
2015-04-08,212172.97456359863,78.32084655761719,212094.65371704102,SPY,1219
2015-04-09,213111.20056152344,78.32084655761719,213032.87971496582,SPY,1219
2015-04-10,214273.69235229492,78.32084655761719,214195.3715057373,SPY,1219
2015-04-13,213304.94299316406,78.32084655761719,213226.62214660645,SPY,1219
2015-04-14,213712.86976623535,78.32084655761719,213634.54891967773,SPY,1219
2015-04-15,214671.38887023926,78.32084655761719,214593.06802368164,SPY,1219
2015-04-16,214610.28634643555,78.32084655761719,214531.96549987793,SPY,1219
2015-04-17,212142.39540100098,78.32084655761719,212064.07455444336,SPY,1219
2015-04-20,214079.91271972656,78.32084655761719,214001.59187316895,SPY,1219
2015-04-21,213825.04916381836,78.32084655761719,213746.72831726074,SPY,1219
2015-04-22,214875.39875793457,78.32084655761719,214797.07791137695,SPY,1219
2015-04-23,215415.90963745117,78.32084655761719,215337.58879089355,SPY,1219
2015-04-24,215915.57389831543,78.32084655761719,215837.2530517578,SPY,1219
2015-04-27,215018.19451904297,78.32084655761719,214939.87367248535,SPY,1219
2015-04-28,215701.46395874023,78.32084655761719,215623.14311218262,SPY,1219
2015-04-29,214814.2218322754,78.32084655761719,214735.90098571777,SPY,1219
2015-04-30,212662.4829711914,78.32084655761719,212584.1621246338,SPY,1219
2015-05-01,214967.19204711914,78.32084655761719,214888.87120056152,SPY,1219
2015-05-04,215579.05430603027,78.32084655761719,215500.73345947266,SPY,1219
2015-05-05,213111.20056152344,78.32084655761719,213032.87971496582,SPY,1219
2015-05-06,212234.13288879395,78.32084655761719,212155.81204223633,SPY,1219
2015-05-07,213080.4911956787,78.32084655761719,213002.1703491211,SPY,1219
2015-05-08,215884.9761352539,78.32084655761719,215806.6552886963,SPY,1219
2015-05-11,214855.04985046387,78.32084655761719,214776.72900390625,SPY,1219
2015-05-12,214212.51542663574,78.32084655761719,214134.19458007812,SPY,1219
2015-05-13,214253.34344482422,78.32084655761719,214175.0225982666,SPY,1219
2015-05-14,216486.64533996582,78.32084655761719,216408.3244934082,SPY,1219
2015-05-15,216721.14138793945,78.32084655761719,216642.82054138184,SPY,1219
2015-05-18,217394.25497436523,78.32084655761719,217315.93412780762,SPY,1219
2015-05-19,217322.82919311523,78.32084655761719,217244.50834655762,SPY,1219
2015-05-20,217169.93338012695,78.32084655761719,217091.61253356934,SPY,1219
2015-05-21,217802.23754882812,78.32084655761719,217723.9167022705,SPY,1219
2015-05-22,217282.05697631836,78.32084655761719,217203.73612976074,SPY,1219
2015-05-26,214946.76873779297,78.32084655761719,214868.44789123535,SPY,1219
2015-05-27,216986.36540222168,78.32084655761719,216908.04455566406,SPY,1219
2015-05-28,216741.60189819336,78.32084655761719,216663.28105163574,SPY,1219
2015-05-29,215395.486328125,78.32084655761719,215317.16548156738,SPY,1219
2015-06-01,215834.0108642578,78.32084655761719,215755.6900177002,SPY,1219
2015-06-02,215619.84512329102,78.32084655761719,215541.5242767334,SPY,1219
2015-06-03,216190.89796447754,78.32084655761719,216112.57711791992,SPY,1219
2015-06-04,214365.4856414795,78.32084655761719,214287.16479492188,SPY,1219
2015-06-05,213998.3682861328,78.32084655761719,213920.0474395752,SPY,1219
2015-06-08,212682.90628051758,78.32084655761719,212604.58543395996,SPY,1219
2015-06-09,212652.25271606445,78.32084655761719,212573.93186950684,SPY,1219
2015-06-10,215201.7252960205,78.32084655761719,215123.4044494629,SPY,1219
2015-06-11,215895.187789917,78.32084655761719,215816.86694335938,SPY,1219
2015-06-12,214243.13179016113,78.32084655761719,214164.81094360352,SPY,1219
2015-06-15,213325.2733001709,78.32084655761719,213246.95245361328,SPY,1219
2015-06-16,214487.89529418945,78.32084655761719,214409.57444763184,SPY,1219
2015-06-17,214834.5149383545,78.32084655761719,214756.19409179688,SPY,1219
2015-06-18,217067.94703674316,78.32084655761719,216989.62619018555,SPY,1219
2015-06-19,216104.57321166992,78.32084655761719,216026.2523651123,SPY,1219
2015-06-22,217211.43101501465,78.32084655761719,217133.11016845703,SPY,1219
2015-06-23,217365.07084655762,78.32084655761719,217286.75,SPY,1219
2015-06-24,215786.9702911377,78.32084655761719,215708.64944458008,SPY,1219
2015-06-25,215131.19233703613,78.32084655761719,215052.87149047852,SPY,1219
2015-06-26,215090.17831420898,78.32084655761719,215011.85746765137,SPY,1219
2015-06-29,210581.35147094727,78.32084655761719,210503.03062438965,SPY,1219
2015-06-30,211021.94065856934,78.32084655761719,210943.61981201172,SPY,1219
2015-07-01,212712.7600250244,78.32084655761719,212634.4391784668,SPY,1219
2015-07-02,212518.03176879883,78.32084655761719,212439.7109222412,SPY,1219
2015-07-06,211913.44229125977,78.32084655761719,211835.12144470215,SPY,1219
2015-07-07,213245.6261138916,78.32084655761719,213167.30526733398,SPY,1219
2015-07-08,209669.31492614746,78.32084655761719,209590.99407958984,SPY,1219
2015-07-09,210048.39237976074,78.32084655761719,209970.07153320312,SPY,1219
2015-07-10,212692.22511291504,78.32084655761719,212613.90426635742,SPY,1219
2015-07-13,215039.00843811035,78.32084655761719,214960.68759155273,SPY,1219
2015-07-14,215971.39389038086,78.32084655761719,215893.07304382324,SPY,1219
2015-07-15,215899.7263031006,78.32084655761719,215821.40545654297,SPY,1219
2015-07-16,217631.52249145508,78.32084655761719,217553.20164489746,SPY,1219
2015-07-17,217815.98329162598,78.32084655761719,217737.66244506836,SPY,1219
2015-07-20,217928.7765045166,78.32084655761719,217850.45565795898,SPY,1219
2015-07-21,217067.9842376709,78.32084655761719,216989.66339111328,SPY,1219
2015-07-22,216678.45332336426,78.32084655761719,216600.13247680664,SPY,1219
2015-07-23,215459.0813140869,78.32084655761719,215380.7604675293,SPY,1219
2015-07-24,213225.09120178223,78.32084655761719,213146.7703552246,SPY,1219
2015-07-27,211985.25868225098,78.32084655761719,211906.93783569336,SPY,1219
2015-07-28,214588.07739257812,78.32084655761719,214509.7565460205,SPY,1219
2015-07-29,216063.7079925537,78.32084655761719,215985.3871459961,SPY,1219
2015-07-30,216114.93367004395,78.32084655761719,216036.61282348633,SPY,1219
2015-07-31,215786.9702911377,78.32084655761719,215708.64944458008,SPY,1219
2015-08-03,215059.41314697266,78.32084655761719,214981.09230041504,SPY,1219
2015-08-04,214639.2844696045,78.32084655761719,214560.96362304688,SPY,1219
2015-08-05,215346.30670166016,78.32084655761719,215267.98585510254,SPY,1219
2015-08-06,213583.8197479248,78.32084655761719,213505.4989013672,SPY,1219
2015-08-07,213173.865524292,78.32084655761719,213095.54467773438,SPY,1219
2015-08-10,215858.76808166504,78.32084655761719,215780.44723510742,SPY,1219
2015-08-11,213911.7087249756,78.32084655761719,213833.38787841797,SPY,1219
2015-08-12,214167.8743133545,78.32084655761719,214089.55346679688,SPY,1219
2015-08-13,213901.53427124023,78.32084655761719,213823.21342468262,SPY,1219
2015-08-14,214680.27989196777,78.32084655761719,214601.95904541016,SPY,1219
2015-08-17,215879.1913909912,78.32084655761719,215800.8705444336,SPY,1219
2015-08-18,215254.08560180664,78.32084655761719,215175.76475524902,SPY,1219
2015-08-19,213553.05458068848,78.32084655761719,213474.73373413086,SPY,1219
2015-08-20,209095.41621398926,78.32084655761719,209017.09536743164,SPY,1219
2015-08-21,202803.47450256348,78.32084655761719,202725.15365600586,SPY,1219
2015-08-24,194267.4054260254,78.32084655761719,194189.08457946777,SPY,1219
2015-08-25,191982.18963623047,78.32084655761719,191903.86878967285,SPY,1219
2015-08-26,199350.14958190918,78.32084655761719,199271.82873535156,SPY,1219
2015-08-27,204279.10510253906,78.32084655761719,204200.78425598145,SPY,1219
2015-08-28,204289.35395812988,78.32084655761719,204211.03311157227,SPY,1219
2015-08-31,202639.5300140381,78.32084655761719,202561.20916748047,SPY,1219
2015-09-01,196593.5050354004,78.32084655761719,196515.18418884277,SPY,1219
2015-09-02,200323.58625793457,78.32084655761719,200245.26541137695,SPY,1219
2015-09-03,200467.1074371338,78.32084655761719,200388.78659057617,SPY,1219
2015-09-04,197433.7809906006,78.32084655761719,197355.46014404297,SPY,1219
2015-09-08,202393.63188171387,78.32084655761719,202315.31103515625,SPY,1219
2015-09-09,199688.2130126953,78.32084655761719,199609.8921661377,SPY,1219
2015-09-10,200774.4615020752,78.32084655761719,200696.14065551758,SPY,1219
2015-09-11,201686.5538482666,78.32084655761719,201608.23300170898,SPY,1219
2015-09-14,200938.4617919922,78.32084655761719,200860.14094543457,SPY,1219
2015-09-15,203449.05940246582,78.32084655761719,203370.7385559082,SPY,1219
2015-09-16,205211.62075805664,78.32084655761719,205133.29991149902,SPY,1219
2015-09-17,204750.4966583252,78.32084655761719,204672.17581176758,SPY,1219
2015-09-18,201405.79844665527,78.32084655761719,201327.47760009766,SPY,1219
2015-09-21,202446.2153930664,78.32084655761719,202367.8945465088,SPY,1219
2015-09-22,199819.5694885254,78.32084655761719,199741.24864196777,SPY,1219
2015-09-23,199500.21812438965,78.32084655761719,199421.89727783203,SPY,1219
2015-09-24,198779.20834350586,78.32084655761719,198700.88749694824,SPY,1219
2015-09-25,198727.62925720215,78.32084655761719,198649.30841064453,SPY,1219
2015-09-28,193742.0725250244,78.32084655761719,193663.7516784668,SPY,1219
2015-09-29,193855.47955322266,78.32084655761719,193777.15870666504,SPY,1219
2015-09-30,197470.98191833496,78.32084655761719,197392.66107177734,SPY,1219
2015-10-01,197986.06596374512,78.32084655761719,197907.7451171875,SPY,1219
2015-10-02,200942.3678894043,78.32084655761719,200864.04704284668,SPY,1219
2015-10-05,204516.70742797852,78.32084655761719,204438.3865814209,SPY,1219
2015-10-06,203816.13955688477,78.32084655761719,203737.81871032715,SPY,1219
2015-10-07,205484.9359741211,78.32084655761719,205406.61512756348,SPY,1219
2015-10-08,207339.0488128662,78.32084655761719,207260.7279663086,SPY,1219
2015-10-09,207462.6302947998,78.32084655761719,207384.3094482422,SPY,1219
2015-10-12,207658.36297607422,78.32084655761719,207580.0421295166,SPY,1219
2015-10-13,206350.17375183105,78.32084655761719,206271.85290527344,SPY,1219
2015-10-14,205361.26148986816,78.32084655761719,205282.94064331055,SPY,1219
2015-10-15,208513.35189819336,78.32084655761719,208435.03105163574,SPY,1219
2015-10-16,209460.98973083496,78.32084655761719,209382.66888427734,SPY,1219
2015-10-19,209563.98049926758,78.32084655761719,209485.65965270996,SPY,1219
2015-10-20,209296.2268218994,78.32084655761719,209217.9059753418,SPY,1219
2015-10-21,207998.28645324707,78.32084655761719,207919.96560668945,SPY,1219
2015-10-22,211510.7794494629,78.32084655761719,211432.45860290527,SPY,1219
2015-10-23,213828.52745056152,78.32084655761719,213750.2066040039,SPY,1219
2015-10-26,213303.1015472412,78.32084655761719,213224.7807006836,SPY,1219
2015-10-27,212891.13847351074,78.32084655761719,212812.81762695312,SPY,1219
2015-10-28,215311.84004211426,78.32084655761719,215233.51919555664,SPY,1219
2015-10-29,215188.1841583252,78.32084655761719,215109.86331176758,SPY,1219
2015-10-30,214261.08123779297,78.32084655761719,214182.76039123535,SPY,1219
2015-11-02,216795.11543273926,78.32084655761719,216716.79458618164,SPY,1219
2015-11-03,217423.4763031006,78.32084655761719,217345.15545654297,SPY,1219
2015-11-04,216764.22006225586,78.32084655761719,216685.89921569824,SPY,1219
2015-11-05,216547.8780670166,78.32084655761719,216469.55722045898,SPY,1219
2015-11-06,216434.60124206543,78.32084655761719,216356.2803955078,SPY,1219
2015-11-09,214415.68829345703,78.32084655761719,214337.3674468994,SPY,1219
2015-11-10,214910.08862304688,78.32084655761719,214831.76777648926,SPY,1219
2015-11-11,214065.47875976562,78.32084655761719,213987.157913208,SPY,1219
2015-11-12,211078.16986083984,78.32084655761719,210999.84901428223,SPY,1219
2015-11-13,208709.04737854004,78.32084655761719,208630.72653198242,SPY,1219
2015-11-16,211881.65409851074,78.32084655761719,211803.33325195312,SPY,1219
2015-11-17,211727.14004516602,78.32084655761719,211648.8191986084,SPY,1219
2015-11-18,215085.21199035645,78.32084655761719,215006.89114379883,SPY,1219
2015-11-19,214899.80256652832,78.32084655761719,214821.4817199707,SPY,1219
2015-11-20,215682.6588897705,78.32084655761719,215604.3380432129,SPY,1219
2015-11-23,215435.44012451172,78.32084655761719,215357.1192779541,SPY,1219
2015-11-24,215723.85891723633,78.32084655761719,215645.5380706787,SPY,1219
2015-11-25,215692.9821472168,78.32084655761719,215614.66130065918,SPY,1219
2015-11-27,215940.2009124756,78.32084655761719,215861.88006591797,SPY,1219
2015-11-30,215043.99336242676,78.32084655761719,214965.67251586914,SPY,1219
2015-12-01,217093.7830810547,78.32084655761719,217015.46223449707,SPY,1219
2015-12-02,214879.15605163574,78.32084655761719,214800.83520507812,SPY,1219
2015-12-03,211871.40524291992,78.32084655761719,211793.0843963623,SPY,1219
2015-12-04,216001.99165344238,78.32084655761719,215923.67080688477,SPY,1219
2015-12-07,214693.76522827148,78.32084655761719,214615.44438171387,SPY,1219
2015-12-08,213251.65266418457,78.32084655761719,213173.33181762695,SPY,1219
2015-12-09,211593.27250671387,78.32084655761719,211514.95166015625,SPY,1219
2015-12-10,212139.12171936035,78.32084655761719,212060.80087280273,SPY,1219
2015-12-11,208029.25622558594,78.32084655761719,207950.93537902832,SPY,1219
2015-12-14,209079.88482666016,78.32084655761719,209001.56398010254,SPY,1219
2015-12-15,211274.01414489746,78.32084655761719,211195.69329833984,SPY,1219
2015-12-16,214364.1278076172,78.32084655761719,214285.80696105957,SPY,1219
2015-12-17,211098.85357666016,78.32084655761719,211020.53273010254,SPY,1219
2015-12-18,207339.49522399902,78.32084655761719,207261.1743774414,SPY,1219
2015-12-21,209049.21266174316,78.32084655761719,208970.89181518555,SPY,1219
2015-12-22,210945.52995300293,78.32084655761719,210867.2091064453,SPY,1219
2015-12-23,213556.73747253418,78.32084655761719,213478.41662597656,SPY,1219
2015-12-24,213204.3516845703,78.32084655761719,213126.0308380127,SPY,1219
2015-12-28,212717.4101409912,78.32084655761719,212639.0892944336,SPY,1219
2015-12-29,214986.62953186035,78.32084655761719,214908.30868530273,SPY,1219
2015-12-30,213463.4747467041,78.32084655761719,213385.15390014648,SPY,1219
2015-12-31,211328.84831237793,78.32084655761719,211250.5274658203,SPY,1219
2016-01-04,208375.72706604004,78.32084655761719,208297.40621948242,SPY,1219
2016-01-05,208727.98265075684,78.32084655761719,208649.66180419922,SPY,1219
2016-01-06,206096.05421447754,78.32084655761719,206017.73336791992,SPY,1219
2016-01-07,201153.31575012207,78.32084655761719,201074.99490356445,SPY,1219
2016-01-08,198946.25910949707,78.32084655761719,198867.93826293945,SPY,1219
2016-01-11,199143.10781860352,78.32084655761719,199064.7869720459,SPY,1219
2016-01-12,200749.20207214355,78.32084655761719,200670.88122558594,SPY,1219
2016-01-13,195744.3752593994,78.32084655761719,195666.0544128418,SPY,1219
2016-01-14,198956.60096740723,78.32084655761719,198878.2801208496,SPY,1219
2016-01-15,194687.42250061035,78.32084655761719,194609.10165405273,SPY,1219
2016-01-19,194946.48976135254,78.32084655761719,194868.16891479492,SPY,1219
2016-01-20,192449.22868347168,78.32084655761719,192370.90783691406,SPY,1219
2016-01-21,193526.9581604004,78.32084655761719,193448.63731384277,SPY,1219
2016-01-22,197495.59033203125,78.32084655761719,197417.26948547363,SPY,1219
2016-01-25,194511.31330871582,78.32084655761719,194432.9924621582,SPY,1219
2016-01-26,197163.9440612793,78.32084655761719,197085.62321472168,SPY,1219
2016-01-27,195019.0687713623,78.32084655761719,194940.7479248047,SPY,1219
2016-01-28,196034.54249572754,78.32084655761719,195956.22164916992,SPY,1219
2016-01-29,200811.43922424316,78.32084655761719,200733.11837768555,SPY,1219
2016-02-01,200738.89741516113,78.32084655761719,200660.57656860352,SPY,1219
2016-02-02,197122.57662963867,78.32084655761719,197044.25578308105,SPY,1219
2016-02-03,198303.81768798828,78.32084655761719,198225.49684143066,SPY,1219
2016-02-04,198614.66864013672,78.32084655761719,198536.3477935791,SPY,1219
2016-02-05,194832.48751831055,78.32084655761719,194754.16667175293,SPY,1219
2016-02-08,192210.97534179688,78.32084655761719,192132.65449523926,SPY,1219
2016-02-09,192221.2799987793,78.32084655761719,192142.95915222168,SPY,1219
2016-02-10,192055.4754638672,78.32084655761719,191977.15461730957,SPY,1219
2016-02-11,189558.25158691406,78.32084655761719,189479.93074035645,SPY,1219
2016-02-12,193464.68380737305,78.32084655761719,193386.36296081543,SPY,1219
2016-02-16,196728.7490081787,78.32084655761719,196650.4281616211,SPY,1219
2016-02-17,199941.03051757812,78.32084655761719,199862.7096710205,SPY,1219
2016-02-18,199122.4241027832,78.32084655761719,199044.1032562256,SPY,1219
2016-02-19,199029.10557556152,78.32084655761719,198950.7847290039,SPY,1219
2016-02-22,201909.7966156006,78.32084655761719,201831.47576904297,SPY,1219
2016-02-23,199360.71464538574,78.32084655761719,199282.39379882812,SPY,1219
2016-02-24,200272.58378601074,78.32084655761719,200194.26293945312,SPY,1219
2016-02-25,202697.3402557373,78.32084655761719,202619.0194091797,SPY,1219
2016-02-26,202230.98942565918,78.32084655761719,202152.66857910156,SPY,1219
2016-02-29,200645.63468933105,78.32084655761719,200567.31384277344,SPY,1219
2016-03-01,205360.3314666748,78.32084655761719,205282.0106201172,SPY,1219
2016-03-02,206282.5796661377,78.32084655761719,206204.25881958008,SPY,1219
2016-03-03,207090.769821167,78.32084655761719,207012.44897460938,SPY,1219
2016-03-04,207764.3298187256,78.32084655761719,207686.00897216797,SPY,1219
2016-03-07,207930.09715270996,78.32084655761719,207851.77630615234,SPY,1219
2016-03-08,205660.85916137695,78.32084655761719,205582.53831481934,SPY,1219
2016-03-09,206676.3886871338,78.32084655761719,206598.06784057617,SPY,1219
2016-03-10,206842.15602111816,78.32084655761719,206763.83517456055,SPY,1219
2016-03-11,210178.70722961426,78.32084655761719,210100.38638305664,SPY,1219
2016-03-14,209909.2423095703,78.32084655761719,209830.9214630127,SPY,1219
2016-03-15,209567.34718322754,78.32084655761719,209489.02633666992,SPY,1219
2016-03-16,210779.6882171631,78.32084655761719,210701.36737060547,SPY,1219
2016-03-17,212116.33615112305,78.32084655761719,212038.01530456543,SPY,1219
2016-03-18,212949.5997314453,78.32084655761719,212871.2788848877,SPY,1219
2016-03-21,213251.65266418457,78.32084655761719,213173.33181762695,SPY,1219
2016-03-22,213137.05520629883,78.32084655761719,213058.7343597412,SPY,1219
2016-03-23,211730.99034118652,78.32084655761719,211652.6694946289,SPY,1219
2016-03-24,211637.26260375977,78.32084655761719,211558.94175720215,SPY,1219
2016-03-28,211762.25772094727,78.32084655761719,211683.93687438965,SPY,1219
2016-03-29,213720.2727508545,78.32084655761719,213641.95190429688,SPY,1219
2016-03-30,214657.698928833,78.32084655761719,214579.3780822754,SPY,1219
2016-03-31,214136.9789428711,78.32084655761719,214058.65809631348,SPY,1219
2016-04-01,215595.12510681152,78.32084655761719,215516.8042602539,SPY,1219
2016-04-04,214897.27290344238,78.32084655761719,214818.95205688477,SPY,1219
2016-04-05,212751.67219543457,78.32084655761719,212673.35134887695,SPY,1219
2016-04-06,215074.36791992188,78.32084655761719,214996.04707336426,SPY,1219
2016-04-07,212501.7191619873,78.32084655761719,212423.3983154297,SPY,1219
2016-04-08,213074.55764770508,78.32084655761719,212996.23680114746,SPY,1219
2016-04-11,212574.65158081055,78.32084655761719,212496.33073425293,SPY,1219
2016-04-12,214553.59213256836,78.32084655761719,214475.27128601074,SPY,1219
2016-04-13,216720.0439605713,78.32084655761719,216641.72311401367,SPY,1219
2016-04-14,216730.36721801758,78.32084655761719,216652.04637145996,SPY,1219
2016-04-15,216490.8490447998,78.32084655761719,216412.5281982422,SPY,1219
2016-04-18,218011.51136779785,78.32084655761719,217933.19052124023,SPY,1219
2016-04-19,218698.91011047363,78.32084655761719,218620.58926391602,SPY,1219
2016-04-20,218907.23530578613,78.32084655761719,218828.91445922852,SPY,1219
2016-04-21,217730.3095550537,78.32084655761719,217651.9887084961,SPY,1219
2016-04-22,217730.3095550537,78.32084655761719,217651.9887084961,SPY,1219
2016-04-25,217355.36140441895,78.32084655761719,217277.04055786133,SPY,1219
2016-04-26,217678.24685668945,78.32084655761719,217599.92601013184,SPY,1219
2016-04-27,218126.12742614746,78.32084655761719,218047.80657958984,SPY,1219
2016-04-28,216147.1496734619,78.32084655761719,216068.8288269043,SPY,1219
2016-04-29,214980.62158203125,78.32084655761719,214902.30073547363,SPY,1219
2016-05-02,216688.7951812744,78.32084655761719,216610.4743347168,SPY,1219
2016-05-03,214803.5637664795,78.32084655761719,214725.24291992188,SPY,1219
2016-05-04,213605.7682952881,78.32084655761719,213527.44744873047,SPY,1219
2016-05-05,213564.14045715332,78.32084655761719,213485.8196105957,SPY,1219
2016-05-06,214345.26693725586,78.32084655761719,214266.94609069824,SPY,1219
2016-05-09,214522.34335327148,78.32084655761719,214444.02250671387,SPY,1219
2016-05-10,217188.68264770508,78.32084655761719,217110.36180114746,SPY,1219
2016-05-11,215157.66079711914,78.32084655761719,215079.33995056152,SPY,1219
2016-05-12,215220.25135803223,78.32084655761719,215141.9305114746,SPY,1219
2016-05-13,213345.36180114746,78.32084655761719,213267.04095458984,SPY,1219
2016-05-16,215449.35327148438,78.32084655761719,215371.03242492676,SPY,1219
2016-05-17,213439.18254089355,78.32084655761719,213360.86169433594,SPY,1219
2016-05-18,213501.6242980957,78.32084655761719,213423.3034515381,SPY,1219
2016-05-19,212762.12565612793,78.32084655761719,212683.8048095703,SPY,1219
2016-05-20,214105.69296264648,78.32084655761719,214027.37211608887,SPY,1219
2016-05-23,213814.05628967285,78.32084655761719,213735.73544311523,SPY,1219
2016-05-24,216584.57678222656,78.32084655761719,216506.25593566895,SPY,1219
2016-05-25,218053.19500732422,78.32084655761719,217974.8741607666,SPY,1219
2016-05-26,218115.63676452637,78.32084655761719,218037.31591796875,SPY,1219
2016-05-27,219053.04434204102,78.32084655761719,218974.7234954834,SPY,1219
2016-05-31,218636.46835327148,78.32084655761719,218558.14750671387,SPY,1219
2016-06-01,219084.2931213379,78.32084655761719,219005.97227478027,SPY,1219
2016-06-02,219750.89654541016,78.32084655761719,219672.57569885254,SPY,1219
2016-06-03,219094.72798156738,78.32084655761719,219016.40713500977,SPY,1219
2016-06-06,220209.1933746338,78.32084655761719,220130.87252807617,SPY,1219
2016-06-07,220552.91134643555,78.32084655761719,220474.59049987793,SPY,1219
2016-06-08,221271.5030670166,78.32084655761719,221193.18222045898,SPY,1219
2016-06-09,220969.50593566895,78.32084655761719,220891.18508911133,SPY,1219
2016-06-10,218876.023727417,78.32084655761719,218797.70288085938,SPY,1219
2016-06-13,217188.68264770508,78.32084655761719,217110.36180114746,SPY,1219
2016-06-14,216761.6531982422,78.32084655761719,216683.33235168457,SPY,1219
2016-06-15,216459.6188659668,78.32084655761719,216381.29801940918,SPY,1219
2016-06-16,217105.3897705078,78.32084655761719,217027.0689239502,SPY,1219
2016-06-17,216297.0880126953,78.32084655761719,216218.7671661377,SPY,1219
2016-06-20,217689.57453918457,78.32084655761719,217611.25369262695,SPY,1219
2016-06-21,218307.3331451416,78.32084655761719,218229.01229858398,SPY,1219
2016-06-22,217951.30166625977,78.32084655761719,217872.98081970215,SPY,1219
2016-06-23,220788.5792236328,78.32084655761719,220710.2583770752,SPY,1219
2016-06-24,212863.0517730713,78.32084655761719,212784.73092651367,SPY,1219
2016-06-27,209052.1887359619,78.32084655761719,208973.8678894043,SPY,1219
2016-06-28,212821.20072937012,78.32084655761719,212742.8798828125,SPY,1219
2016-06-29,216443.67826843262,78.32084655761719,216365.357421875,SPY,1219
2016-06-30,219396.14849853516,78.32084655761719,219317.82765197754,SPY,1219
2016-07-01,219856.80758666992,78.32084655761719,219778.4867401123,SPY,1219
2016-07-05,218275.86116027832,78.32084655761719,218197.5403137207,SPY,1219
2016-07-06,219584.5525970459,78.32084655761719,219506.23175048828,SPY,1219
2016-07-07,219448.4530029297,78.32084655761719,219370.13215637207,SPY,1219
2016-07-08,222715.0478668213,78.32084655761719,222636.72702026367,SPY,1219
2016-07-11,223500.22924804688,78.32084655761719,223421.90840148926,SPY,1219
2016-07-12,225123.02671813965,78.32084655761719,225044.70587158203,SPY,1219
2016-07-13,225091.62913513184,78.32084655761719,225013.30828857422,SPY,1219
2016-07-14,226347.97886657715,78.32084655761719,226269.65802001953,SPY,1219
2016-07-15,226044.36349487305,78.32084655761719,225966.04264831543,SPY,1219
2016-07-18,226651.61283874512,78.32084655761719,226573.2919921875,SPY,1219
2016-07-19,226421.28329467773,78.32084655761719,226342.96244812012,SPY,1219
2016-07-20,227363.54559326172,78.32084655761719,227285.2247467041,SPY,1219
2016-07-21,226505.04118347168,78.32084655761719,226426.72033691406,SPY,1219
2016-07-22,227520.57070922852,78.32084655761719,227442.2498626709,SPY,1219
2016-07-25,226902.8679046631,78.32084655761719,226824.54705810547,SPY,1219
2016-07-26,227007.56991577148,78.32084655761719,226929.24906921387,SPY,1219
2016-07-27,226766.749710083,78.32084655761719,226688.4288635254,SPY,1219
2016-07-28,227028.51403808594,78.32084655761719,226950.19319152832,SPY,1219
2016-07-29,227394.94317626953,78.32084655761719,227316.6223297119,SPY,1219
2016-08-01,227206.46467590332,78.32084655761719,227128.1438293457,SPY,1219
2016-08-02,225751.22018432617,78.32084655761719,225672.89933776855,SPY,1219
2016-08-03,226410.7554321289,78.32084655761719,226332.4345855713,SPY,1219
2016-08-04,226651.61283874512,78.32084655761719,226573.2919921875,SPY,1219
2016-08-05,228504.6654510498,78.32084655761719,228426.3446044922,SPY,1219
2016-08-08,228368.5658569336,78.32084655761719,228290.24501037598,SPY,1219
2016-08-09,228504.6654510498,78.32084655761719,228426.3446044922,SPY,1219
2016-08-10,227939.34155273438,78.32084655761719,227861.02070617676,SPY,1219
2016-08-11,228996.72212219238,78.32084655761719,228918.40127563477,SPY,1219
2016-08-12,228797.92036437988,78.32084655761719,228719.59951782227,SPY,1219
2016-08-15,229457.49281311035,78.32084655761719,229379.17196655273,SPY,1219
2016-08-16,228274.4103088379,78.32084655761719,228196.08946228027,SPY,1219
2016-08-17,228703.6346130371,78.32084655761719,228625.3137664795,SPY,1219
2016-08-18,229216.654006958,78.32084655761719,229138.3331604004,SPY,1219
2016-08-19,228881.5852508545,78.32084655761719,228803.26440429688,SPY,1219
2016-08-22,228871.150390625,78.32084655761719,228792.82954406738,SPY,1219
2016-08-23,229331.82807922363,78.32084655761719,229253.50723266602,SPY,1219
2016-08-24,228159.23623657227,78.32084655761719,228080.91539001465,SPY,1219
2016-08-25,228002.22972106934,78.32084655761719,227923.90887451172,SPY,1219
2016-08-26,227572.91241455078,78.32084655761719,227494.59156799316,SPY,1219
2016-08-29,228693.14395141602,78.32084655761719,228614.8231048584,SPY,1219
2016-08-30,228316.31715393066,78.32084655761719,228237.99630737305,SPY,1219
2016-08-31,227667.1237640381,78.32084655761719,227588.80291748047,SPY,1219
2016-09-01,227677.57722473145,78.32084655761719,227599.25637817383,SPY,1219
2016-09-02,228703.6346130371,78.32084655761719,228625.3137664795,SPY,1219
2016-09-06,229394.58604431152,78.32084655761719,229316.2651977539,SPY,1219
2016-09-07,229373.7349243164,78.32084655761719,229295.4140777588,SPY,1219
2016-09-08,228850.2248687744,78.32084655761719,228771.9040222168,SPY,1219
2016-09-09,223374.62031555176,78.32084655761719,223296.29946899414,SPY,1219
2016-09-12,226578.28981018066,78.32084655761719,226499.96896362305,SPY,1219
2016-09-13,223322.24140930176,78.32084655761719,223243.92056274414,SPY,1219
2016-09-14,223238.46492004395,78.32084655761719,223160.14407348633,SPY,1219
2016-09-15,225468.53033447266,78.32084655761719,225390.20948791504,SPY,1219
2016-09-16,224597.24740600586,78.32084655761719,224518.92655944824,SPY,1219
2016-09-19,224639.37745666504,78.32084655761719,224561.05661010742,SPY,1219
2016-09-20,224649.84951782227,78.32084655761719,224571.52867126465,SPY,1219
2016-09-21,227175.2902984619,78.32084655761719,227096.9694519043,SPY,1219
2016-09-22,228606.31698608398,78.32084655761719,228527.99613952637,SPY,1219
2016-09-23,227354.18955993652,78.32084655761719,227275.8687133789,SPY,1219
2016-09-26,225512.7250366211,78.32084655761719,225434.40419006348,SPY,1219
2016-09-27,226912.2053375244,78.32084655761719,226833.8844909668,SPY,1219
2016-09-28,228038.11001586914,78.32084655761719,227959.78916931152,SPY,1219
2016-09-29,225975.65338134766,78.32084655761719,225897.33253479004,SPY,1219
2016-09-30,227680.36729431152,78.32084655761719,227602.0464477539,SPY,1219
2016-10-03,227133.14164733887,78.32084655761719,227054.82080078125,SPY,1219
2016-10-04,225975.65338134766,78.32084655761719,225897.33253479004,SPY,1219
2016-10-05,226975.2981109619,78.32084655761719,226896.9772644043,SPY,1219
2016-10-06,227133.14164733887,78.32084655761719,227054.82080078125,SPY,1219
2016-10-07,226354.54483032227,78.32084655761719,226276.22398376465,SPY,1219
2016-10-10,227533.01441955566,78.32084655761719,227454.69357299805,SPY,1219
2016-10-11,224660.41458129883,78.32084655761719,224582.0937347412,SPY,1219
2016-10-12,224955.0273284912,78.32084655761719,224876.7064819336,SPY,1219
2016-10-13,224218.4489593506,78.32084655761719,224140.12811279297,SPY,1219
2016-10-14,224334.18104553223,78.32084655761719,224255.8601989746,SPY,1219
2016-10-17,223555.52842712402,78.32084655761719,223477.2075805664,SPY,1219
2016-10-18,224955.0273284912,78.32084655761719,224876.7064819336,SPY,1219
2016-10-19,225554.81788635254,78.32084655761719,225476.49703979492,SPY,1219
2016-10-20,225133.9451904297,78.32084655761719,225055.62434387207,SPY,1219
2016-10-21,225239.1494140625,78.32084655761719,225160.82856750488,SPY,1219
2016-10-24,226196.71989440918,78.32084655761719,226118.39904785156,SPY,1219
2016-10-25,225439.01139831543,78.32084655761719,225360.6905517578,SPY,1219
2016-10-26,224986.59231567383,78.32084655761719,224908.2714691162,SPY,1219
2016-10-27,224386.8017578125,78.32084655761719,224308.48091125488,SPY,1219
2016-10-28,223723.86262512207,78.32084655761719,223645.54177856445,SPY,1219
2016-10-31,223734.40908813477,78.32084655761719,223656.08824157715,SPY,1219
2016-11-01,222113.8808746338,78.32084655761719,222035.56002807617,SPY,1219
2016-11-02,220777.60494995117,78.32084655761719,220699.28410339355,SPY,1219
2016-11-03,219767.41375732422,78.32084655761719,219689.0929107666,SPY,1219
2016-11-04,219525.40312194824,78.32084655761719,219447.08227539062,SPY,1219
2016-11-07,224365.69023132324,78.32084655761719,224287.36938476562,SPY,1219
2016-11-08,225375.9372253418,78.32084655761719,225297.61637878418,SPY,1219
2016-11-09,227764.5529937744,78.32084655761719,227686.2321472168,SPY,1219
2016-11-10,228332.7413635254,78.32084655761719,228254.42051696777,SPY,1219
2016-11-11,227806.627243042,78.32084655761719,227728.30639648438,SPY,1219
2016-11-14,227985.5265045166,78.32084655761719,227907.20565795898,SPY,1219
2016-11-15,229763.8052520752,78.32084655761719,229685.48440551758,SPY,1219
2016-11-16,229332.40469360352,78.32084655761719,229254.0838470459,SPY,1219
2016-11-17,230510.8742828369,78.32084655761719,230432.5534362793,SPY,1219
2016-11-18,229995.32522583008,78.32084655761719,229917.00437927246,SPY,1219
2016-11-21,231731.51112365723,78.32084655761719,231653.1902770996,SPY,1219
2016-11-22,232183.96740722656,78.32084655761719,232105.64656066895,SPY,1219
2016-11-23,232310.28315734863,78.32084655761719,232231.96231079102,SPY,1219
2016-11-25,233173.10287475586,78.32084655761719,233094.78202819824,SPY,1219
2016-11-28,232078.76318359375,78.32084655761719,232000.44233703613,SPY,1219
2016-11-29,232531.2194671631,78.32084655761719,232452.89862060547,SPY,1219
2016-11-30,231973.54035949707,78.32084655761719,231895.21951293945,SPY,1219
2016-12-01,231121.21130371094,78.32084655761719,231042.89045715332,SPY,1219
2016-12-02,231236.94338989258,78.32084655761719,231158.62254333496,SPY,1219
2016-12-05,232625.9330291748,78.32084655761719,232547.6121826172,SPY,1219
2016-12-06,233362.49279785156,78.32084655761719,233284.17195129395,SPY,1219
2016-12-07,236414.02909851074,78.32084655761719,236335.70825195312,SPY,1219
2016-12-08,236992.81973266602,78.32084655761719,236914.4988861084,SPY,1219
2016-12-09,238423.79061889648,78.32084655761719,238345.46977233887,SPY,1219
2016-12-12,238150.30799865723,78.32084655761719,238071.9871520996,SPY,1219
2016-12-13,239739.12242126465,78.32084655761719,239660.80157470703,SPY,1219
2016-12-14,237760.96308898926,78.32084655761719,237682.64224243164,SPY,1219
2016-12-15,238739.55209350586,78.32084655761719,238661.23124694824,SPY,1219
2016-12-16,238272.69905090332,78.32084655761719,238194.3782043457,SPY,1219
2016-12-19,238791.41018676758,78.32084655761719,238713.08934020996,SPY,1219
2016-12-20,239712.20755004883,78.32084655761719,239633.8867034912,SPY,1219
2016-12-21,239045.43672180176,78.32084655761719,238967.11587524414,SPY,1219
2016-12-22,238632.59942626953,78.32084655761719,238554.2785797119,SPY,1219
2016-12-23,238981.89753723145,78.32084655761719,238903.57669067383,SPY,1219
2016-12-27,239574.61991882324,78.32084655761719,239496.29907226562,SPY,1219
2016-12-28,237595.27015686035,78.32084655761719,237516.94931030273,SPY,1219
2016-12-29,237542.42623901367,78.32084655761719,237464.10539245605,SPY,1219
2016-12-30,236674.4727935791,78.32084655761719,236596.15194702148,SPY,1219
2017-01-03,238484.48393249512,78.32084655761719,238406.1630859375,SPY,1219
2017-01-04,239902.76930236816,78.32084655761719,239824.44845581055,SPY,1219
2017-01-05,239712.20755004883,78.32084655761719,239633.8867034912,SPY,1219
2017-01-06,240569.59593200684,78.32084655761719,240491.27508544922,SPY,1219
2017-01-09,239775.72813415527,78.32084655761719,239697.40728759766,SPY,1219
2017-01-10,239775.72813415527,78.32084655761719,239697.40728759766,SPY,1219
2017-01-11,240453.13842773438,78.32084655761719,240374.81758117676,SPY,1219
2017-01-12,239849.83238220215,78.32084655761719,239771.51153564453,SPY,1219
2017-01-13,240400.2387084961,78.32084655761719,240321.91786193848,SPY,1219
2017-01-17,239553.48979187012,78.32084655761719,239475.1689453125,SPY,1219
2017-01-18,240082.71018981934,78.32084655761719,240004.38934326172,SPY,1219
2017-01-19,239193.60801696777,78.32084655761719,239115.28717041016,SPY,1219
2017-01-20,240072.08932495117,78.32084655761719,239993.76847839355,SPY,1219
2017-01-23,239447.65315246582,78.32084655761719,239369.3323059082,SPY,1219
2017-01-24,240982.37742614746,78.32084655761719,240904.05657958984,SPY,1219
2017-01-25,243067.5266265869,78.32084655761719,242989.2057800293,SPY,1219
2017-01-26,242813.53729248047,78.32084655761719,242735.21644592285,SPY,1219
2017-01-27,242432.48818969727,78.32084655761719,242354.16734313965,SPY,1219
2017-01-30,240929.47770690918,78.32084655761719,240851.15686035156,SPY,1219
2017-01-31,240908.23597717285,78.32084655761719,240829.91513061523,SPY,1219
2017-02-01,241003.52615356445,78.32084655761719,240925.20530700684,SPY,1219
2017-02-02,241162.29971313477,78.32084655761719,241083.97886657715,SPY,1219
2017-02-03,242824.1209564209,78.32084655761719,242745.80010986328,SPY,1219
2017-02-06,242390.15353393555,78.32084655761719,242311.83268737793,SPY,1219
2017-02-07,242400.75579833984,78.32084655761719,242322.43495178223,SPY,1219
2017-02-08,242718.2843170166,78.32084655761719,242639.96347045898,SPY,1219
2017-02-09,244157.7370147705,78.32084655761719,244079.4161682129,SPY,1219
2017-02-10,245120.88763427734,78.32084655761719,245042.56678771973,SPY,1219
2017-02-13,246454.57809448242,78.32084655761719,246376.2572479248,SPY,1219
2017-02-14,247438.9704437256,78.32084655761719,247360.64959716797,SPY,1219
2017-02-15,248730.27044677734,78.32084655761719,248651.94960021973,SPY,1219
2017-02-16,248518.59716796875,78.32084655761719,248440.27632141113,SPY,1219
2017-02-17,248910.17413330078,78.32084655761719,248831.85328674316,SPY,1219
2017-02-21,250391.99868774414,78.32084655761719,250313.67784118652,SPY,1219
2017-02-22,250169.79754638672,78.32084655761719,250091.4766998291,SPY,1219
2017-02-23,250339.11756896973,78.32084655761719,250260.7967224121,SPY,1219
2017-02-24,250656.72048950195,78.32084655761719,250578.39964294434,SPY,1219
2017-02-27,251048.27885437012,78.32084655761719,250969.9580078125,SPY,1219
2017-02-28,250370.86856079102,78.32084655761719,250292.5477142334,SPY,1219
2017-03-01,253874.37753295898,78.32084655761719,253796.05668640137,SPY,1219
2017-03-02,252276.09547424316,78.32084655761719,252197.77462768555,SPY,1219
2017-03-03,252434.81323242188,78.32084655761719,252356.49238586426,SPY,1219
2017-03-06,251683.33589172363,78.32084655761719,251605.01504516602,SPY,1219
2017-03-07,250931.87715148926,78.32084655761719,250853.55630493164,SPY,1219
2017-03-08,250466.12153625488,78.32084655761719,250387.80068969727,SPY,1219
2017-03-09,250783.65005493164,78.32084655761719,250705.32920837402,SPY,1219
2017-03-10,251662.13136291504,78.32084655761719,251583.81051635742,SPY,1219
2017-03-13,251789.15393066406,78.32084655761719,251710.83308410645,SPY,1219
2017-03-14,250825.98471069336,78.32084655761719,250747.66386413574,SPY,1219
2017-03-15,252995.80322265625,78.32084655761719,252917.48237609863,SPY,1219
2017-03-16,252498.2966156006,78.32084655761719,252419.97576904297,SPY,1219
2017-03-17,252055.08476257324,78.32084655761719,251976.76391601562,SPY,1219
2017-03-20,251778.6446685791,78.32084655761719,251700.32382202148,SPY,1219
2017-03-21,248546.94427490234,78.32084655761719,248468.62342834473,SPY,1219
2017-03-22,249131.68705749512,78.32084655761719,249053.3662109375,SPY,1219
2017-03-23,248865.886428833,78.32084655761719,248787.5655822754,SPY,1219
2017-03-24,248685.08992004395,78.32084655761719,248606.76907348633,SPY,1219
2017-03-27,248430.0217590332,78.32084655761719,248351.7009124756,SPY,1219
2017-03-28,250237.28002929688,78.32084655761719,250158.95918273926,SPY,1219
2017-03-29,250471.0506591797,78.32084655761719,250392.72981262207,SPY,1219
2017-03-30,251268.35954284668,78.32084655761719,251190.03869628906,SPY,1219
2017-03-31,250683.74696350098,78.32084655761719,250605.42611694336,SPY,1219
2017-04-03,250247.88229370117,78.32084655761719,250169.56144714355,SPY,1219
2017-04-04,250407.34407043457,78.32084655761719,250329.02322387695,SPY,1219
2017-04-05,249663.21391296387,78.32084655761719,249584.89306640625,SPY,1219
2017-04-06,250364.78620910645,78.32084655761719,250286.46536254883,SPY,1219
2017-04-07,250109.6622467041,78.32084655761719,250031.34140014648,SPY,1219
2017-04-10,250258.44735717773,78.32084655761719,250180.12651062012,SPY,1219
2017-04-11,249960.802734375,78.32084655761719,249882.48188781738,SPY,1219
2017-04-12,248865.886428833,78.32084655761719,248787.5655822754,SPY,1219
2017-04-13,247250.04553222656,78.32084655761719,247171.72468566895,SPY,1219
2017-04-17,249439.95254516602,78.32084655761719,249361.6316986084,SPY,1219
2017-04-18,248695.8223876953,78.32084655761719,248617.5015411377,SPY,1219
2017-04-19,248238.6973876953,78.32084655761719,248160.3765411377,SPY,1219
2017-04-20,250258.44735717773,78.32084655761719,250180.12651062012,SPY,1219
2017-04-21,249461.17567443848,78.32084655761719,249382.85482788086,SPY,1219
2017-04-24,252203.86987304688,78.32084655761719,252125.54902648926,SPY,1219
2017-04-25,253670.90705871582,78.32084655761719,253592.5862121582,SPY,1219
2017-04-26,253511.44528198242,78.32084655761719,253433.1244354248,SPY,1219
2017-04-27,253724.04858398438,78.32084655761719,253645.72773742676,SPY,1219
2017-04-28,253171.29859924316,78.32084655761719,253092.97775268555,SPY,1219
2017-05-01,253809.10850524902,78.32084655761719,253730.7876586914,SPY,1219
2017-05-02,253904.73348999023,78.32084655761719,253826.41264343262,SPY,1219
2017-05-03,253596.41220092773,78.32084655761719,253518.09135437012,SPY,1219
2017-05-04,253894.11262512207,78.32084655761719,253815.79177856445,SPY,1219
2017-05-05,254893.42254638672,78.32084655761719,254815.1016998291,SPY,1219
2017-05-08,254850.9204864502,78.32084655761719,254772.59963989258,SPY,1219
2017-05-09,254617.0196533203,78.32084655761719,254538.6988067627,SPY,1219
2017-05-10,255074.07025146484,78.32084655761719,254995.74940490723,SPY,1219
2017-05-11,254553.2572631836,78.32084655761719,254474.93641662598,SPY,1219
2017-05-12,254127.97625732422,78.32084655761719,254049.6554107666,SPY,1219
2017-05-15,255531.23245239258,78.32084655761719,255452.91160583496,SPY,1219
2017-05-16,255297.3874206543,78.32084655761719,255219.06657409668,SPY,1219
2017-05-17,250768.7696838379,78.32084655761719,250690.44883728027,SPY,1219
2017-05-18,251778.6446685791,78.32084655761719,251700.32382202148,SPY,1219
2017-05-19,253415.7644958496,78.32084655761719,253337.443649292,SPY,1219
2017-05-22,254702.0609741211,78.32084655761719,254623.74012756348,SPY,1219
2017-05-23,255265.5248260498,78.32084655761719,255187.2039794922,SPY,1219
2017-05-24,255860.851272583,78.32084655761719,255782.5304260254,SPY,1219
2017-05-25,257083.34815979004,78.32084655761719,257005.02731323242,SPY,1219
2017-05-26,257030.15083312988,78.32084655761719,256951.82998657227,SPY,1219
2017-05-30,256806.9080657959,78.32084655761719,256728.58721923828,SPY,1219
2017-05-31,256743.1270751953,78.32084655761719,256664.8062286377,SPY,1219
2017-06-01,258784.1559753418,78.32084655761719,258705.83512878418,SPY,1219
2017-06-02,259645.30165100098,78.32084655761719,259566.98080444336,SPY,1219
2017-06-05,259453.92147827148,78.32084655761719,259375.60063171387,SPY,1219
2017-06-06,258624.76860046387,78.32084655761719,258546.44775390625,SPY,1219
2017-06-07,259103.17253112793,78.32084655761719,259024.8516845703,SPY,1219
2017-06-08,259230.71591186523,78.32084655761719,259152.39506530762,SPY,1219
2017-06-09,258837.35330200195,78.32084655761719,258759.03245544434,SPY,1219
2017-06-12,258784.1559753418,78.32084655761719,258705.83512878418,SPY,1219
2017-06-13,260049.26652526855,78.32084655761719,259970.94567871094,SPY,1219
2017-06-14,259719.74070739746,78.32084655761719,259641.41986083984,SPY,1219
2017-06-15,259220.09504699707,78.32084655761719,259141.77420043945,SPY,1219
2017-06-16,259276.69625854492,78.32084655761719,259198.3754119873,SPY,1219
2017-06-19,261434.53607177734,78.32084655761719,261356.21522521973,SPY,1219
2017-06-20,259671.95611572266,78.32084655761719,259593.63526916504,SPY,1219
2017-06-21,259607.8775177002,78.32084655761719,259529.55667114258,SPY,1219
2017-06-22,259490.26678466797,78.32084655761719,259411.94593811035,SPY,1219
2017-06-23,259800.11331176758,78.32084655761719,259721.79246520996,SPY,1219
2017-06-26,259971.05157470703,78.32084655761719,259892.7307281494,SPY,1219
2017-06-27,257877.29035949707,78.32084655761719,257798.96951293945,SPY,1219
2017-06-28,260184.73370361328,78.32084655761719,260106.41285705566,SPY,1219
2017-06-29,257898.68089294434,78.32084655761719,257820.36004638672,SPY,1219
2017-06-30,258379.39128112793,78.32084655761719,258301.0704345703,SPY,1219
2017-07-03,258817.33920288086,78.32084655761719,258739.01835632324,SPY,1219
2017-07-05,259415.5301208496,78.32084655761719,259337.209274292,SPY,1219
2017-07-06,257044.04537963867,78.32084655761719,256965.72453308105,SPY,1219
2017-07-07,258710.49813842773,78.32084655761719,258632.17729187012,SPY,1219
2017-07-10,258988.25886535645,78.32084655761719,258909.93801879883,SPY,1219
2017-07-11,258796.04167175293,78.32084655761719,258717.7208251953,SPY,1219
2017-07-12,260740.21795654297,78.32084655761719,260661.89710998535,SPY,1219
2017-07-13,261178.1658782959,78.32084655761719,261099.84503173828,SPY,1219
2017-07-14,262395.93824768066,78.32084655761719,262317.61740112305,SPY,1219
2017-07-17,262363.87104797363,78.32084655761719,262285.550201416,SPY,1219
2017-07-18,262502.85371398926,78.32084655761719,262424.53286743164,SPY,1219
2017-07-19,263923.5199432373,78.32084655761719,263845.1990966797,SPY,1219
2017-07-20,264041.05627441406,78.32084655761719,263962.73542785645,SPY,1219
2017-07-21,263806.03941345215,78.32084655761719,263727.71856689453,SPY,1219
2017-07-24,263741.9422149658,78.32084655761719,263663.6213684082,SPY,1219
2017-07-25,264382.9141998291,78.32084655761719,264304.5933532715,SPY,1219
2017-07-26,264393.572265625,78.32084655761719,264315.2514190674,SPY,1219
2017-07-27,264147.8973388672,78.32084655761719,264069.57649230957,SPY,1219
2017-07-28,263838.1066131592,78.32084655761719,263759.78576660156,SPY,1219
2017-07-31,263688.57748413086,78.32084655761719,263610.25663757324,SPY,1219
2017-08-01,264276.09173583984,78.32084655761719,264197.7708892822,SPY,1219
2017-08-02,264404.24893188477,78.32084655761719,264325.92808532715,SPY,1219
2017-08-03,263891.489944458,78.32084655761719,263813.1690979004,SPY,1219
2017-08-04,264372.2561340332,78.32084655761719,264293.9352874756,SPY,1219
2017-08-07,264863.6245880127,78.32084655761719,264785.3037414551,SPY,1219
2017-08-08,264212.0131378174,78.32084655761719,264133.69229125977,SPY,1219
2017-08-09,264201.3364715576,78.32084655761719,264123.015625,SPY,1219
2017-08-10,260473.11529541016,78.32084655761719,260394.79444885254,SPY,1219
2017-08-11,260857.6612854004,78.32084655761719,260779.34043884277,SPY,1219
2017-08-14,263442.84675598145,78.32084655761719,263364.5259094238,SPY,1219
2017-08-15,263410.7981567383,78.32084655761719,263332.47731018066,SPY,1219
2017-08-16,263870.21101379395,78.32084655761719,263791.8901672363,SPY,1219
2017-08-17,259757.36944580078,78.32084655761719,259679.04859924316,SPY,1219
2017-08-18,259351.45152282715,78.32084655761719,259273.13067626953,SPY,1219
2017-08-21,259554.43838500977,78.32084655761719,259476.11753845215,SPY,1219
2017-08-22,262267.7996520996,78.32084655761719,262189.478805542,SPY,1219
2017-08-23,261327.75080871582,78.32084655761719,261249.4299621582,SPY,1219
2017-08-24,260718.80882263184,78.32084655761719,260640.48797607422,SPY,1219
2017-08-25,261327.75080871582,78.32084655761719,261249.4299621582,SPY,1219
2017-08-28,261338.4832763672,78.32084655761719,261260.16242980957,SPY,1219
2017-08-29,261637.5601348877,78.32084655761719,261559.23928833008,SPY,1219
2017-08-30,262876.6114349365,78.32084655761719,262798.2905883789,SPY,1219
2017-08-31,264457.6880645752,78.32084655761719,264379.3672180176,SPY,1219
2017-09-01,264831.57598876953,78.32084655761719,264753.2551422119,SPY,1219
2017-09-05,262930.05056762695,78.32084655761719,262851.72972106934,SPY,1219
2017-09-06,263827.3927459717,78.32084655761719,263749.07189941406,SPY,1219
2017-09-07,263795.3441467285,78.32084655761719,263717.0233001709,SPY,1219
2017-09-08,263485.5534210205,78.32084655761719,263407.2325744629,SPY,1219
2017-09-11,266295.0976867676,78.32084655761719,266216.77684020996,SPY,1219
2017-09-12,267192.3840637207,78.32084655761719,267114.0632171631,SPY,1219
2017-09-13,267320.5598602295,78.32084655761719,267242.2390136719,SPY,1219
2017-09-14,267235.03492736816,78.32084655761719,267156.71408081055,SPY,1219
2017-09-15,267594.7492980957,78.32084655761719,267516.4284515381,SPY,1219
2017-09-18,268163.7188873291,78.32084655761719,268085.3980407715,SPY,1219
2017-09-19,268432.04917907715,78.32084655761719,268353.72833251953,SPY,1219
2017-09-20,268528.69718933105,78.32084655761719,268450.37634277344,SPY,1219
2017-09-21,267809.39865112305,78.32084655761719,267731.07780456543,SPY,1219
2017-09-22,267863.1167907715,78.32084655761719,267784.79594421387,SPY,1219
2017-09-25,267315.6121368408,78.32084655761719,267237.2912902832,SPY,1219
2017-09-26,267476.63635253906,78.32084655761719,267398.31550598145,SPY,1219
2017-09-27,268517.98332214355,78.32084655761719,268439.66247558594,SPY,1219
2017-09-28,268840.0503540039,78.32084655761719,268761.7295074463,SPY,1219
2017-09-29,269784.76791381836,78.32084655761719,269706.44706726074,SPY,1219
2017-10-02,270954.9230957031,78.32084655761719,270876.6022491455,SPY,1219
2017-10-03,271534.606552124,78.32084655761719,271456.2857055664,SPY,1219
2017-10-04,271856.7665863037,78.32084655761719,271778.4457397461,SPY,1219
2017-10-05,273467.00874328613,78.32084655761719,273388.6878967285,SPY,1219
2017-10-06,273155.6369781494,78.32084655761719,273077.3161315918,SPY,1219
2017-10-09,272704.83613586426,78.32084655761719,272626.51528930664,SPY,1219
2017-10-10,273424.07887268066,78.32084655761719,273345.75802612305,SPY,1219
2017-10-11,273853.4705810547,78.32084655761719,273775.14973449707,SPY,1219
2017-10-12,273445.56240844727,78.32084655761719,273367.24156188965,SPY,1219
2017-10-13,273778.32470703125,78.32084655761719,273700.00386047363,SPY,1219
2017-10-16,274143.3774108887,78.32084655761719,274065.05656433105,SPY,1219
2017-10-17,274336.5432281494,78.32084655761719,274258.2223815918,SPY,1219
2017-10-18,274604.9665222168,78.32084655761719,274526.6456756592,SPY,1219
2017-10-19,274680.1309967041,78.32084655761719,274601.8101501465,SPY,1219
2017-10-20,276097.2073364258,78.32084655761719,276018.88648986816,SPY,1219
2017-10-23,275023.68156433105,78.32084655761719,274945.36071777344,SPY,1219
2017-10-24,275506.77281188965,78.32084655761719,275428.45196533203,SPY,1219
2017-10-25,274143.3774108887,78.32084655761719,274065.05656433105,SPY,1219
2017-10-26,274497.660446167,78.32084655761719,274419.3395996094,SPY,1219
2017-10-27,276741.3786010742,78.32084655761719,276663.0577545166,SPY,1219
2017-10-30,275710.7640991211,78.32084655761719,275632.4432525635,SPY,1219
2017-10-31,276140.19300842285,78.32084655761719,276061.87216186523,SPY,1219
2017-11-01,276505.15270996094,78.32084655761719,276426.8318634033,SPY,1219
2017-11-02,276612.5331878662,78.32084655761719,276534.2123413086,SPY,1219
2017-11-03,277535.76721191406,78.32084655761719,277457.44636535645,SPY,1219
2017-11-06,277965.1403198242,78.32084655761719,277886.8194732666,SPY,1219
2017-11-07,277771.93730163574,78.32084655761719,277693.6164550781,SPY,1219
2017-11-08,278244.2774810791,78.32084655761719,278165.9566345215,SPY,1219
2017-11-09,277235.2023162842,78.32084655761719,277156.88146972656,SPY,1219
2017-11-10,277149.2681732178,78.32084655761719,277070.94732666016,SPY,1219
2017-11-13,277406.92179870605,78.32084655761719,277328.60095214844,SPY,1219
2017-11-14,276762.84353637695,78.32084655761719,276684.52268981934,SPY,1219
2017-11-15,275377.9087982178,78.32084655761719,275299.58795166016,SPY,1219
2017-11-16,277718.2377624512,78.32084655761719,277639.91691589355,SPY,1219
2017-11-17,276902.3842163086,78.32084655761719,276824.063369751,SPY,1219
2017-11-20,277374.72439575195,78.32084655761719,277296.40354919434,SPY,1219
2017-11-21,279189.0322418213,78.32084655761719,279110.7113952637,SPY,1219
2017-11-22,278942.12968444824,78.32084655761719,278863.8088378906,SPY,1219
2017-11-24,279586.20794677734,78.32084655761719,279507.8871002197,SPY,1219
2017-11-27,279446.68586730957,78.32084655761719,279368.36502075195,SPY,1219
2017-11-28,282280.7827453613,78.32084655761719,282202.4618988037,SPY,1219
2017-11-29,282109.1004638672,78.32084655761719,282030.77961730957,SPY,1219
2017-11-30,284578.219039917,78.32084655761719,284499.8981933594,SPY,1219
2017-12-01,283987.78451538086,78.32084655761719,283909.46366882324,SPY,1219
2017-12-04,283644.2339477539,78.32084655761719,283565.9131011963,SPY,1219
2017-12-05,282624.3891143799,78.32084655761719,282546.06826782227,SPY,1219
2017-12-06,282678.03285217285,78.32084655761719,282599.71200561523,SPY,1219
2017-12-07,283569.14387512207,78.32084655761719,283490.82302856445,SPY,1219
2017-12-08,285114.95402526855,78.32084655761719,285036.63317871094,SPY,1219
2017-12-11,285973.83044433594,78.32084655761719,285895.5095977783,SPY,1219
2017-12-12,286478.38662719727,78.32084655761719,286400.06578063965,SPY,1219
2017-12-13,286446.20782470703,78.32084655761719,286367.8869781494,SPY,1219
2017-12-14,285275.9782409668,78.32084655761719,285197.6573944092,SPY,1219
2017-12-15,287650.9412689209,78.32084655761719,287572.6204223633,SPY,1219
2017-12-18,289474.5679473877,78.32084655761719,289396.2471008301,SPY,1219
2017-12-19,288363.0972290039,78.32084655761719,288284.7763824463,SPY,1219
2017-12-20,288212.0800628662,78.32084655761719,288133.7592163086,SPY,1219
2017-12-21,288805.58366394043,78.32084655761719,288727.2628173828,SPY,1219
2017-12-22,288730.0285797119,78.32084655761719,288651.7077331543,SPY,1219
2017-12-26,288384.7109680176,78.32084655761719,288306.39012145996,SPY,1219
2017-12-27,288524.9956665039,78.32084655761719,288446.6748199463,SPY,1219
2017-12-28,289118.4062652588,78.32084655761719,289040.0854187012,SPY,1219
2017-12-29,288028.5306854248,78.32084655761719,287950.2098388672,SPY,1219
2018-01-02,290089.5736846924,78.32084655761719,290011.25283813477,SPY,1219
2018-01-03,291924.007232666,78.32084655761719,291845.6863861084,SPY,1219
2018-01-04,293154.0187072754,78.32084655761719,293075.6978607178,SPY,1219
2018-01-05,295107.08601379395,78.32084655761719,295028.7651672363,SPY,1219
2018-01-08,295646.62966918945,78.32084655761719,295568.30882263184,SPY,1219
2018-01-09,296315.5209503174,78.32084655761719,296237.20010375977,SPY,1219
2018-01-10,295862.3392486572,78.32084655761719,295784.0184020996,SPY,1219
2018-01-11,298020.4766693115,78.32084655761719,297942.1558227539,SPY,1219
2018-01-12,299962.73710632324,78.32084655761719,299884.4162597656,SPY,1219
2018-01-16,298937.5167388916,78.32084655761719,298859.195892334,SPY,1219
2018-01-17,301786.30798339844,78.32084655761719,301707.9871368408,SPY,1219
2018-01-18,301279.07333374023,78.32084655761719,301200.7524871826,SPY,1219
2018-01-19,302649.5555114746,78.32084655761719,302571.234664917,SPY,1219
2018-01-22,305109.6528625488,78.32084655761719,305031.3320159912,SPY,1219
2018-01-23,305757.1350097656,78.32084655761719,305678.814163208,SPY,1219
2018-01-24,305638.3896484375,78.32084655761719,305560.0688018799,SPY,1219
2018-01-25,305767.94187927246,78.32084655761719,305689.62103271484,SPY,1219
2018-01-26,309307.0707397461,78.32084655761719,309228.7498931885,SPY,1219
2018-01-29,307256.83460998535,78.32084655761719,307178.51376342773,SPY,1219
2018-01-30,304106.23223876953,78.32084655761719,304027.9113922119,SPY,1219
2018-01-31,304257.2680053711,78.32084655761719,304178.9471588135,SPY,1219
2018-02-01,303911.9689941406,78.32084655761719,303833.648147583,SPY,1219
2018-02-02,297297.4580383301,78.32084655761719,297219.13719177246,SPY,1219
2018-02-05,284867.1028442383,78.32084655761719,284788.78199768066,SPY,1219
2018-02-06,290478.06297302246,78.32084655761719,290399.74212646484,SPY,1219
2018-02-07,288902.6594848633,78.32084655761719,288824.33863830566,SPY,1219
2018-02-08,278069.1727142334,78.32084655761719,277990.8518676758,SPY,1219
2018-02-09,282245.0698547363,78.32084655761719,282166.7490081787,SPY,1219
2018-02-12,286388.49058532715,78.32084655761719,286310.16973876953,SPY,1219
2018-02-13,287100.6837463379,78.32084655761719,287022.3628997803,SPY,1219
2018-02-14,290974.3419494629,78.32084655761719,290896.0211029053,SPY,1219
2018-02-15,294686.28771972656,78.32084655761719,294607.96687316895,SPY,1219
2018-02-16,294772.51947021484,78.32084655761719,294694.1986236572,SPY,1219
2018-02-20,292927.3906555176,78.32084655761719,292849.06980895996,SPY,1219
2018-02-21,291470.6953277588,78.32084655761719,291392.3744812012,SPY,1219
2018-02-22,291848.43354797363,78.32084655761719,291770.112701416,SPY,1219
2018-02-23,296499.0145263672,78.32084655761719,296420.69367980957,SPY,1219
2018-02-26,299941.1047668457,78.32084655761719,299862.7839202881,SPY,1219
2018-02-27,296196.83139038086,78.32084655761719,296118.51054382324,SPY,1219
2018-02-28,293197.17178344727,78.32084655761719,293118.85093688965,SPY,1219
2018-03-01,288935.0056915283,78.32084655761719,288856.6848449707,SPY,1219
2018-03-02,290424.0844268799,78.32084655761719,290345.76358032227,SPY,1219
2018-03-05,293779.86851501465,78.32084655761719,293701.54766845703,SPY,1219
2018-03-06,294524.4264831543,78.32084655761719,294446.1056365967,SPY,1219
2018-03-07,294416.5065917969,78.32084655761719,294338.18574523926,SPY,1219
2018-03-08,295840.799911499,78.32084655761719,295762.4790649414,SPY,1219
2018-03-09,300987.7714691162,78.32084655761719,300909.4506225586,SPY,1219
2018-03-12,300610.1262512207,78.32084655761719,300531.8054046631,SPY,1219
2018-03-13,298667.9030151367,78.32084655761719,298589.5821685791,SPY,1219
2018-03-14,297135.63400268555,78.32084655761719,297057.31315612793,SPY,1219
2018-03-15,296811.9673309326,78.32084655761719,296733.646484375,SPY,1219
2018-03-16,297133.6809539795,78.32084655761719,297055.3601074219,SPY,1219
2018-03-19,293114.4555206299,78.32084655761719,293036.13467407227,SPY,1219
2018-03-20,293612.81774902344,78.32084655761719,293534.4969024658,SPY,1219
2018-03-21,293049.55850219727,78.32084655761719,292971.23765563965,SPY,1219
2018-03-22,285726.03506469727,78.32084655761719,285647.71421813965,SPY,1219
2018-03-23,279637.5266265869,78.32084655761719,279559.2057800293,SPY,1219
2018-03-26,287285.9815673828,78.32084655761719,287207.6607208252,SPY,1219
2018-03-27,282400.10472106934,78.32084655761719,282321.7838745117,SPY,1219
2018-03-28,281565.873916626,78.32084655761719,281487.55307006836,SPY,1219
2018-03-29,285162.6084136963,78.32084655761719,285084.2875671387,SPY,1219
2018-04-02,279009.24015808105,78.32084655761719,278930.91931152344,SPY,1219
2018-04-03,282584.2307128906,78.32084655761719,282505.909866333,SPY,1219
2018-04-04,285606.82469177246,78.32084655761719,285528.50384521484,SPY,1219
2018-04-05,287860.159286499,78.32084655761719,287781.8384399414,SPY,1219
2018-04-06,281446.79374694824,78.32084655761719,281368.4729003906,SPY,1219
2018-04-09,282833.4397277832,78.32084655761719,282755.1188812256,SPY,1219
2018-04-10,287329.4136505127,78.32084655761719,287251.0928039551,SPY,1219
2018-04-11,285823.48289489746,78.32084655761719,285745.16204833984,SPY,1219
2018-04-12,288174.3769226074,78.32084655761719,288096.0560760498,SPY,1219
2018-04-13,287329.4136505127,78.32084655761719,287251.0928039551,SPY,1219
2018-04-16,289691.0029449463,78.32084655761719,289612.6820983887,SPY,1219
2018-04-17,292789.4124145508,78.32084655761719,292711.09156799316,SPY,1219
2018-04-18,293006.1264190674,78.32084655761719,292927.80557250977,SPY,1219
2018-04-19,291381.1154937744,78.32084655761719,291302.7946472168,SPY,1219
2018-04-20,288911.01109313965,78.32084655761719,288832.69024658203,SPY,1219
2018-04-23,288867.6720123291,78.32084655761719,288789.3511657715,SPY,1219
2018-04-24,284978.50102233887,78.32084655761719,284900.18017578125,SPY,1219
2018-04-25,285682.73318481445,78.32084655761719,285604.41233825684,SPY,1219
2018-04-26,288586.02378845215,78.32084655761719,288507.70294189453,SPY,1219
2018-04-27,288856.86514282227,78.32084655761719,288778.54429626465,SPY,1219
2018-04-30,286635.98835754395,78.32084655761719,286557.6675109863,SPY,1219
2018-05-01,287145.2318572998,78.32084655761719,287066.9110107422,SPY,1219
2018-05-02,285216.7915649414,78.32084655761719,285138.4707183838,SPY,1219
2018-05-03,284588.39349365234,78.32084655761719,284510.0726470947,SPY,1219
2018-05-04,288271.8991546631,78.32084655761719,288193.57830810547,SPY,1219
2018-05-07,289246.8982696533,78.32084655761719,289168.5774230957,SPY,1219
2018-05-08,289246.8982696533,78.32084655761719,289168.5774230957,SPY,1219
2018-05-09,292042.00857543945,78.32084655761719,291963.68772888184,SPY,1219
2018-05-10,294771.9614562988,78.32084655761719,294693.6406097412,SPY,1219
2018-05-11,295671.12648010254,78.32084655761719,295592.8056335449,SPY,1219
2018-05-14,295812.0063934326,78.32084655761719,295733.685546875,SPY,1219
2018-05-15,293775.21839904785,78.32084655761719,293696.89755249023,SPY,1219
2018-05-16,295010.32640075684,78.32084655761719,294932.0055541992,SPY,1219
2018-05-17,294761.22898864746,78.32084655761719,294682.90814208984,SPY,1219
2018-05-18,294024.53901672363,78.32084655761719,293946.218170166,SPY,1219
2018-05-21,296234.4415283203,78.32084655761719,296156.1206817627,SPY,1219
2018-05-22,295411.14779663086,78.32084655761719,295332.82695007324,SPY,1219
2018-05-23,296223.6904602051,78.32084655761719,296145.36961364746,SPY,1219
2018-05-24,295616.98052978516,78.32084655761719,295538.65968322754,SPY,1219
2018-05-25,294912.7855682373,78.32084655761719,294834.4647216797,SPY,1219
2018-05-29,291521.8838043213,78.32084655761719,291443.5629577637,SPY,1219
2018-05-30,295411.14779663086,78.32084655761719,295332.82695007324,SPY,1219
2018-05-31,293601.97367858887,78.32084655761719,293523.65283203125,SPY,1219
2018-06-01,296483.6505432129,78.32084655761719,296405.3296966553,SPY,1219
2018-06-04,297892.05906677246,78.32084655761719,297813.73822021484,SPY,1219
2018-06-05,298108.6986694336,78.32084655761719,298030.377822876,SPY,1219
2018-06-06,300600.4912109375,78.32084655761719,300522.1703643799,SPY,1219
2018-06-07,300567.9403991699,78.32084655761719,300489.6195526123,SPY,1219
2018-06-08,301456.2427520752,78.32084655761719,301377.9219055176,SPY,1219
2018-06-11,301857.1757507324,78.32084655761719,301778.8549041748,SPY,1219
2018-06-12,302247.134475708,78.32084655761719,302168.8136291504,SPY,1219
2018-06-13,301282.86782836914,78.32084655761719,301204.5469818115,SPY,1219
2018-06-14,302041.39474487305,78.32084655761719,301963.07389831543,SPY,1219
2018-06-15,301656.03033447266,78.32084655761719,301577.70948791504,SPY,1219
2018-06-18,301035.7792663574,78.32084655761719,300957.4584197998,SPY,1219
2018-06-19,299882.23429870605,78.32084655761719,299803.91345214844,SPY,1219
2018-06-20,300393.67265319824,78.32084655761719,300315.3518066406,SPY,1219
2018-06-21,298510.9895019531,78.32084655761719,298432.6686553955,SPY,1219
2018-06-22,299055.27627563477,78.32084655761719,298976.95542907715,SPY,1219
2018-06-25,294985.3459777832,78.32084655761719,294907.0251312256,SPY,1219
2018-06-26,295638.29666137695,78.32084655761719,295559.97581481934,SPY,1219
2018-06-27,293189.7687988281,78.32084655761719,293111.4479522705,SPY,1219
2018-06-28,294865.5775909424,78.32084655761719,294787.25674438477,SPY,1219
2018-06-29,295290.05877685547,78.32084655761719,295211.73793029785,SPY,1219
2018-07-02,295921.0981140137,78.32084655761719,295842.77726745605,SPY,1219
2018-07-03,294876.4402618408,78.32084655761719,294798.1194152832,SPY,1219
2018-07-05,297281.4616394043,78.32084655761719,297203.1407928467,SPY,1219
2018-07-06,299795.0911254883,78.32084655761719,299716.77027893066,SPY,1219
2018-07-09,302493.98123168945,78.32084655761719,302415.66038513184,SPY,1219
2018-07-10,303582.2757720947,78.32084655761719,303503.9549255371,SPY,1219
2018-07-11,301362.3104095459,78.32084655761719,301283.9895629883,SPY,1219
2018-07-12,304093.69552612305,78.32084655761719,304015.37467956543,SPY,1219
2018-07-13,304333.0648956299,78.32084655761719,304254.74404907227,SPY,1219
2018-07-16,304061.08891296387,78.32084655761719,303982.76806640625,SPY,1219
2018-07-17,305290.74697875977,78.32084655761719,305212.42613220215,SPY,1219
2018-07-18,305932.79779052734,78.32084655761719,305854.4769439697,SPY,1219
2018-07-19,304779.2900238037,78.32084655761719,304700.9691772461,SPY,1219
2018-07-20,304430.9963378906,78.32084655761719,304352.675491333,SPY,1219
2018-07-23,304996.9340515137,78.32084655761719,304918.61320495605,SPY,1219
2018-07-24,306531.28631591797,78.32084655761719,306452.96546936035,SPY,1219
2018-07-25,309143.03324890137,78.32084655761719,309064.71240234375,SPY,1219
2018-07-26,308413.8020629883,78.32084655761719,308335.48121643066,SPY,1219
2018-07-27,306324.50495910645,78.32084655761719,306246.1841125488,SPY,1219
2018-07-30,304724.8092651367,78.32084655761719,304646.4884185791,SPY,1219
2018-07-31,306226.66651916504,78.32084655761719,306148.3456726074,SPY,1219
2018-08-01,305715.0235595703,78.32084655761719,305636.7027130127,SPY,1219
2018-08-02,307380.1556854248,78.32084655761719,307301.8348388672,SPY,1219
2018-08-03,308696.7151184082,78.32084655761719,308618.3942718506,SPY,1219
2018-08-06,309828.60914611816,78.32084655761719,309750.28829956055,SPY,1219
2018-08-07,310851.5044555664,78.32084655761719,310773.1836090088,SPY,1219
2018-08-08,310720.9105987549,78.32084655761719,310642.58975219727,SPY,1219
2018-08-09,310296.61541748047,78.32084655761719,310218.29457092285,SPY,1219
2018-08-10,308217.97637939453,78.32084655761719,308139.6555328369,SPY,1219
2018-08-13,307064.43141174316,78.32084655761719,306986.11056518555,SPY,1219
2018-08-14,309023.26486206055,78.32084655761719,308944.94401550293,SPY,1219
2018-08-15,306716.2493286133,78.32084655761719,306637.92848205566,SPY,1219
2018-08-16,309197.3094024658,78.32084655761719,309118.9885559082,SPY,1219
2018-08-17,310285.69694519043,78.32084655761719,310207.3760986328,SPY,1219
2018-08-20,310949.3614959717,78.32084655761719,310871.04064941406,SPY,1219
2018-08-21,311678.53688049316,78.32084655761719,311600.21603393555,SPY,1219
2018-08-22,311493.62966918945,78.32084655761719,311415.30882263184,SPY,1219
2018-08-23,311079.91815185547,78.32084655761719,311001.59730529785,SPY,1219
2018-08-24,312951.7758331299,78.32084655761719,312873.45498657227,SPY,1219
2018-08-27,315422.10343933105,78.32084655761719,315343.78259277344,SPY,1219
2018-08-28,315574.36683654785,78.32084655761719,315496.04598999023,SPY,1219
2018-08-29,317272.03117370605,78.32084655761719,317193.71032714844,SPY,1219
2018-08-30,315987.8179473877,78.32084655761719,315909.4971008301,SPY,1219
2018-08-31,315998.7550201416,78.32084655761719,315920.434173584,SPY,1219
2018-09-04,315454.6170501709,78.32084655761719,315376.2962036133,SPY,1219
2018-09-05,314605.91508483887,78.32084655761719,314527.59423828125,SPY,1219
2018-09-06,313659.07707214355,78.32084655761719,313580.75622558594,SPY,1219
2018-09-07,313049.651473999,78.32084655761719,312971.3306274414,SPY,1219
2018-09-10,313593.8638458252,78.32084655761719,313515.5429992676,SPY,1219
2018-09-11,314627.64042663574,78.32084655761719,314549.3195800781,SPY,1219
2018-09-12,314703.7535247803,78.32084655761719,314625.43267822266,SPY,1219
2018-09-13,316564.6183319092,78.32084655761719,316486.29748535156,SPY,1219
2018-09-14,316619.1548919678,78.32084655761719,316540.83404541016,SPY,1219
2018-09-17,314943.1786956787,78.32084655761719,314864.8578491211,SPY,1219
2018-09-18,316651.81730651855,78.32084655761719,316573.49645996094,SPY,1219
2018-09-19,316989.0809173584,78.32084655761719,316910.7600708008,SPY,1219
2018-09-20,319557.32136535645,78.32084655761719,319479.0005187988,SPY,1219
2018-09-21,319265.4056854248,78.32084655761719,319187.0848388672,SPY,1219
2018-09-24,318205.0676422119,78.32084655761719,318126.7467956543,SPY,1219
2018-09-25,317909.87828063965,78.32084655761719,317831.55743408203,SPY,1219
2018-09-26,316958.7993621826,78.32084655761719,316880.478515625,SPY,1219
2018-09-27,317844.29304504395,78.32084655761719,317765.9721984863,SPY,1219
2018-09-28,317877.10426330566,78.32084655761719,317798.78341674805,SPY,1219
2018-10-01,318981.1905975342,78.32084655761719,318902.86975097656,SPY,1219
2018-10-02,318795.371963501,78.32084655761719,318717.05111694336,SPY,1219
2018-10-03,318970.2535247803,78.32084655761719,318891.93267822266,SPY,1219
2018-10-04,316477.79136657715,78.32084655761719,316399.47052001953,SPY,1219
2018-10-05,314706.99000549316,78.32084655761719,314628.66915893555,SPY,1219
2018-10-08,314706.99000549316,78.32084655761719,314628.66915893555,SPY,1219
2018-10-09,314247.8561553955,78.32084655761719,314169.5353088379,SPY,1219
2018-10-10,304300.27227783203,78.32084655761719,304221.9514312744,SPY,1219
2018-10-11,297599.21336364746,78.32084655761719,297520.89251708984,SPY,1219
2018-10-12,301731.32501220703,78.32084655761719,301653.0041656494,SPY,1219
2018-10-15,300036.87855529785,78.32084655761719,299958.55770874023,SPY,1219
2018-10-16,306595.86712646484,78.32084655761719,306517.5462799072,SPY,1219
2018-10-17,306650.4966888428,78.32084655761719,306572.17584228516,SPY,1219
2018-10-18,302223.19567871094,78.32084655761719,302144.8748321533,SPY,1219
2018-10-19,302059.2883911133,78.32084655761719,301980.96754455566,SPY,1219
2018-10-22,300703.779586792,78.32084655761719,300625.4587402344,SPY,1219
2018-10-23,299173.37062072754,78.32084655761719,299095.0497741699,SPY,1219
2018-10-24,290111.2804260254,78.32084655761719,290032.9595794678,SPY,1219
2018-10-25,295314.5927886963,78.32084655761719,295236.2719421387,SPY,1219
2018-10-26,290122.0872955322,78.32084655761719,290043.7664489746,SPY,1219
2018-10-29,288515.21182250977,78.32084655761719,288436.89097595215,SPY,1219
2018-10-30,292789.4124145508,78.32084655761719,292711.09156799316,SPY,1219
2018-10-31,295915.8155822754,78.32084655761719,295837.4947357178,SPY,1219
2018-11-01,299064.01849365234,78.32084655761719,298985.6976470947,SPY,1219
2018-11-02,297293.2543334961,78.32084655761719,297214.9334869385,SPY,1219
2018-11-05,298932.8666229248,78.32084655761719,298854.5457763672,SPY,1219
2018-11-06,300824.0501861572,78.32084655761719,300745.7293395996,SPY,1219
2018-11-07,307262.7495574951,78.32084655761719,307184.4287109375,SPY,1219
2018-11-08,306705.14485168457,78.32084655761719,306626.82400512695,SPY,1219
2018-11-09,303709.91215515137,78.32084655761719,303631.59130859375,SPY,1219
2018-11-12,298036.6032714844,78.32084655761719,297958.28242492676,SPY,1219
2018-11-13,297478.97996520996,78.32084655761719,297400.65911865234,SPY,1219
2018-11-14,295445.7632598877,78.32084655761719,295367.4424133301,SPY,1219
2018-11-15,298528.43673706055,78.32084655761719,298450.11589050293,SPY,1219
2018-11-16,299304.6154937744,78.32084655761719,299226.2946472168,SPY,1219
2018-11-19,294243.3548736572,78.32084655761719,294165.0340270996,SPY,1219
2018-11-20,288799.4269104004,78.32084655761719,288721.1060638428,SPY,1219
2018-11-21,289783.26124572754,78.32084655761719,289704.9403991699,SPY,1219
2018-11-23,287848.3851928711,78.32084655761719,287770.0643463135,SPY,1219
2018-11-26,292494.2788543701,78.32084655761719,292415.9580078125,SPY,1219
2018-11-27,293478.07598876953,78.32084655761719,293399.7551422119,SPY,1219
2018-11-28,300233.7272644043,78.32084655761719,300155.4064178467,SPY,1219
2018-11-29,299577.8563079834,78.32084655761719,299499.5354614258,SPY,1219
2018-11-30,301403.3988342285,78.32084655761719,301325.0779876709,SPY,1219
2018-12-03,305393.3471374512,78.32084655761719,305315.02629089355,SPY,1219
2018-12-04,295500.31842041016,78.32084655761719,295421.99757385254,SPY,1219
2018-12-06,295052.2332458496,78.32084655761719,294973.912399292,SPY,1219
2018-12-07,288198.27851867676,78.32084655761719,288119.95767211914,SPY,1219
2018-12-10,288744.87174987793,78.32084655761719,288666.5509033203,SPY,1219
2018-12-11,288810.3081817627,78.32084655761719,288731.9873352051,SPY,1219
2018-12-12,290264.2878417969,78.32084655761719,290185.96699523926,SPY,1219
2018-12-13,290165.7983856201,78.32084655761719,290087.4775390625,SPY,1219
2018-12-14,284809.46000671387,78.32084655761719,284731.13916015625,SPY,1219
2018-12-17,279223.5547027588,78.32084655761719,279145.2338562012,SPY,1219
2018-12-18,278917.40966796875,78.32084655761719,278839.08882141113,SPY,1219
2018-12-19,274741.66133117676,78.32084655761719,274663.34048461914,SPY,1219
2018-12-20,270270.6678314209,78.32084655761719,270192.3469848633,SPY,1219
2018-12-21,264734.6117706299,78.32084655761719,264656.29092407227,SPY,1219
2018-12-24,257741.58137512207,78.32084655761719,257663.26052856445,SPY,1219
2018-12-26,270759.97163391113,78.32084655761719,270681.6507873535,SPY,1219
2018-12-27,272838.0340576172,78.32084655761719,272759.71321105957,SPY,1219
2018-12-28,272486.24348449707,78.32084655761719,272407.92263793945,SPY,1219
2018-12-31,274872.1807861328,78.32084655761719,274793.8599395752,SPY,1219
2019-01-02,275158.0699157715,78.32084655761719,275079.74906921387,SPY,1219
2019-01-03,268593.9290161133,78.32084655761719,268515.60816955566,SPY,1219
2019-01-04,277588.015914917,78.32084655761719,277509.6950683594,SPY,1219
2019-01-07,279776.10008239746,78.32084655761719,279697.77923583984,SPY,1219
2019-01-08,282403.936416626,78.32084655761719,282325.61557006836,SPY,1219
2019-01-09,283723.3789215088,78.32084655761719,283645.0580749512,SPY,1219
2019-01-10,284723.8978729248,78.32084655761719,284645.5770263672,SPY,1219
2019-01-11,284833.9382171631,78.32084655761719,284755.61737060547,SPY,1219
2019-01-14,283096.6920928955,78.32084655761719,283018.3712463379,SPY,1219
2019-01-15,286340.25958251953,78.32084655761719,286261.9387359619,SPY,1219
2019-01-16,287032.9408569336,78.32084655761719,286954.620010376,SPY,1219
2019-01-17,289210.0135498047,78.32084655761719,289131.69270324707,SPY,1219
2019-01-18,293058.3379211426,78.32084655761719,292980.01707458496,SPY,1219
2019-01-22,289100.06620788574,78.32084655761719,289021.7453613281,SPY,1219
2019-01-23,289704.8230895996,78.32084655761719,289626.502243042,SPY,1219
2019-01-24,289858.7233276367,78.32084655761719,289780.4024810791,SPY,1219
2019-01-25,292310.6736755371,78.32084655761719,292232.3528289795,SPY,1219
2019-01-28,290089.629486084,78.32084655761719,290011.30863952637,SPY,1219
2019-01-29,289704.8230895996,78.32084655761719,289626.502243042,SPY,1219
2019-01-30,294289.89323425293,78.32084655761719,294211.5723876953,SPY,1219
2019-01-31,296873.73947143555,78.32084655761719,296795.41862487793,SPY,1219
2019-02-01,297016.64683532715,78.32084655761719,296938.32598876953,SPY,1219
2019-02-04,299105.7579345703,78.32084655761719,299027.4370880127,SPY,1219
2019-02-05,300359.20599365234,78.32084655761719,300280.8851470947,SPY,1219
2019-02-06,299963.35092163086,78.32084655761719,299885.03007507324,SPY,1219
2019-02-07,297104.6084289551,78.32084655761719,297026.28758239746,SPY,1219
2019-02-08,297467.48487854004,78.32084655761719,297389.1640319824,SPY,1219
2019-02-11,297632.43379211426,78.32084655761719,297554.11294555664,SPY,1219
2019-02-12,301458.6794128418,78.32084655761719,301380.3585662842,SPY,1219
2019-02-13,302437.39862060547,78.32084655761719,302359.07777404785,SPY,1219
2019-02-14,301766.6472930908,78.32084655761719,301688.3264465332,SPY,1219
2019-02-15,305054.20487976074,78.32084655761719,304975.8840332031,SPY,1219
2019-02-19,305582.1418457031,78.32084655761719,305503.8209991455,SPY,1219
2019-02-20,306197.7055969238,78.32084655761719,306119.3847503662,SPY,1219
2019-02-21,305109.1506500244,78.32084655761719,305030.8298034668,SPY,1219
2019-02-22,307000.37141418457,78.32084655761719,306922.05056762695,SPY,1219
2019-02-25,307418.23083496094,78.32084655761719,307339.9099884033,SPY,1219
2019-02-26,307198.33615112305,78.32084655761719,307120.01530456543,SPY,1219
2019-02-27,307066.31005859375,78.32084655761719,306987.98921203613,SPY,1219
2019-02-28,306494.6062011719,78.32084655761719,306416.28535461426,SPY,1219
2019-03-01,308407.9057159424,78.32084655761719,308329.58486938477,SPY,1219
2019-03-04,307286.2419433594,78.32084655761719,307207.92109680176,SPY,1219
2019-03-05,306868.4569244385,78.32084655761719,306790.13607788086,SPY,1219
2019-03-06,305010.196182251,78.32084655761719,304931.87533569336,SPY,1219
2019-03-07,302459.3285675049,78.32084655761719,302381.00772094727,SPY,1219
2019-03-08,301854.571685791,78.32084655761719,301776.2508392334,SPY,1219
2019-03-11,306230.7586212158,78.32084655761719,306152.4377746582,SPY,1219
2019-03-12,307385.23361206055,78.32084655761719,307306.91276550293,SPY,1219
2019-03-13,309419.32453918457,78.32084655761719,309341.00369262695,SPY,1219
2019-03-14,309221.4156036377,78.32084655761719,309143.0947570801,SPY,1219
2019-03-15,310748.75549316406,78.32084655761719,310670.43464660645,SPY,1219
2019-03-18,311875.2739868164,78.32084655761719,311796.9531402588,SPY,1219
2019-03-19,311952.55891418457,78.32084655761719,311874.23806762695,SPY,1219
2019-03-20,311013.8121032715,78.32084655761719,310935.49125671387,SPY,1219
2019-03-21,314525.784286499,78.32084655761719,314447.4634399414,SPY,1219
2019-03-22,308473.7141571045,78.32084655761719,308395.3933105469,SPY,1219
2019-03-25,308241.9151763916,78.32084655761719,308163.594329834,SPY,1219
2019-03-26,310538.9422607422,78.32084655761719,310460.62141418457,SPY,1219
2019-03-27,308915.56817626953,78.32084655761719,308837.2473297119,SPY,1219
2019-03-28,310086.188369751,78.32084655761719,310007.86752319336,SPY,1219
2019-03-29,312040.7995147705,78.32084655761719,311962.4786682129,SPY,1219
2019-04-01,315740.46897888184,78.32084655761719,315662.1481323242,SPY,1219
2019-04-02,315895.22483825684,78.32084655761719,315816.9039916992,SPY,1219
2019-04-03,316392.08042907715,78.32084655761719,316313.75958251953,SPY,1219
2019-04-04,317231.4077606201,78.32084655761719,317153.0869140625,SPY,1219
2019-04-05,318766.5040435791,78.32084655761719,318688.1831970215,SPY,1219
2019-04-08,319009.42610168457,78.32084655761719,318931.10525512695,SPY,1219
2019-04-09,317375.0033416748,78.32084655761719,317296.6824951172,SPY,1219
2019-04-10,318457.2155303955,78.32084655761719,318378.8946838379,SPY,1219
2019-04-11,318368.9005279541,78.32084655761719,318290.5796813965,SPY,1219
2019-04-12,320522.3878326416,78.32084655761719,320444.066986084,SPY,1219
2019-04-15,320312.6490020752,78.32084655761719,320234.3281555176,SPY,1219
2019-04-16,320522.3878326416,78.32084655761719,320444.066986084,SPY,1219
2019-04-17,319738.3038787842,78.32084655761719,319659.98303222656,SPY,1219
2019-04-18,320367.855178833,78.32084655761719,320289.5343322754,SPY,1219
2019-04-22,320643.9232635498,78.32084655761719,320565.6024169922,SPY,1219
2019-04-23,323526.32554626465,78.32084655761719,323448.00469970703,SPY,1219
2019-04-24,322808.4220428467,78.32084655761719,322730.10119628906,SPY,1219
2019-04-25,322609.7318878174,78.32084655761719,322531.41104125977,SPY,1219
2019-04-26,324111.7193450928,78.32084655761719,324033.39849853516,SPY,1219
2019-04-29,324619.58641052246,78.32084655761719,324541.26556396484,SPY,1219
2019-04-30,324785.24214172363,78.32084655761719,324706.921295166,SPY,1219
2019-05-01,322344.67527770996,78.32084655761719,322266.35443115234,SPY,1219
2019-05-02,321648.8319244385,78.32084655761719,321570.51107788086,SPY,1219
2019-05-03,324796.29081726074,78.32084655761719,324717.9699707031,SPY,1219
2019-05-06,323460.0706939697,78.32084655761719,323381.7498474121,SPY,1219
2019-05-07,318059.686416626,78.32084655761719,317981.36557006836,SPY,1219
2019-05-08,317617.962600708,78.32084655761719,317539.6417541504,SPY,1219
2019-05-09,316657.09983825684,78.32084655761719,316578.7789916992,SPY,1219
2019-05-10,318247.4766998291,78.32084655761719,318169.1558532715,SPY,1219
2019-05-13,310251.7696990967,78.32084655761719,310173.44885253906,SPY,1219
2019-05-14,313056.8684539795,78.32084655761719,312978.5476074219,SPY,1219
2019-05-15,314890.20457458496,78.32084655761719,314811.88372802734,SPY,1219
2019-05-16,317805.79008483887,78.32084655761719,317727.46923828125,SPY,1219
2019-05-17,315751.5920562744,78.32084655761719,315673.2712097168,SPY,1219
2019-05-20,313664.3224029541,78.32084655761719,313586.0015563965,SPY,1219
2019-05-21,316491.5929107666,78.32084655761719,316413.272064209,SPY,1219
2019-05-22,315519.6442718506,78.32084655761719,315441.32342529297,SPY,1219
2019-05-23,311665.38635253906,78.32084655761719,311587.06550598145,SPY,1219
2019-05-24,312372.1853790283,78.32084655761719,312293.8645324707,SPY,1219
2019-05-28,309467.722946167,78.32084655761719,309389.4020996094,SPY,1219
2019-05-29,307391.4833679199,78.32084655761719,307313.1625213623,SPY,1219
2019-05-30,308230.88510131836,78.32084655761719,308152.56425476074,SPY,1219
2019-05-31,304078.3129425049,78.32084655761719,303999.99209594727,SPY,1219
2019-06-03,303305.27766418457,78.32084655761719,303226.95681762695,SPY,1219
2019-06-04,309887.3866119385,78.32084655761719,309809.06576538086,SPY,1219
2019-06-05,312570.9499359131,78.32084655761719,312492.62908935547,SPY,1219
2019-06-06,314603.08781433105,78.32084655761719,314524.76696777344,SPY,1219
2019-06-07,317750.47230529785,78.32084655761719,317672.15145874023,SPY,1219
2019-06-10,319208.1534576416,78.32084655761719,319129.832611084,SPY,1219
2019-06-11,319130.9615325928,78.32084655761719,319052.64068603516,SPY,1219
2019-06-12,318567.66508483887,78.32084655761719,318489.34423828125,SPY,1219
2019-06-13,319881.8250579834,78.32084655761719,319803.5042114258,SPY,1219
2019-06-14,319528.6022491455,78.32084655761719,319450.2814025879,SPY,1219
2019-06-17,319649.95167541504,78.32084655761719,319571.6308288574,SPY,1219
2019-06-18,322996.17512512207,78.32084655761719,322917.85427856445,SPY,1219
2019-06-19,323725.12730407715,78.32084655761719,323646.80645751953,SPY,1219
2019-06-20,326817.2684173584,78.32084655761719,326738.9475708008,SPY,1219
2019-06-21,326342.43577575684,78.32084655761719,326264.1149291992,SPY,1219
2019-06-24,325942.8234100342,78.32084655761719,325864.50256347656,SPY,1219
2019-06-25,322746.8545074463,78.32084655761719,322668.5336608887,SPY,1219
2019-06-26,322425.0292816162,78.32084655761719,322346.7084350586,SPY,1219
2019-06-27,323567.99058532715,78.32084655761719,323489.66973876953,SPY,1219
2019-06-28,325232.73210144043,78.32084655761719,325154.4112548828,SPY,1219
2019-07-01,328184.6629180908,78.32084655761719,328106.3420715332,SPY,1219
2019-07-02,329039.0566253662,78.32084655761719,328960.7357788086,SPY,1219
2019-07-03,331669.1250152588,78.32084655761719,331590.8041687012,SPY,1219
2019-07-05,331291.796005249,78.32084655761719,331213.4751586914,SPY,1219
2019-07-08,329471.88941955566,78.32084655761719,329393.56857299805,SPY,1219
2019-07-09,329882.4016571045,78.32084655761719,329804.0808105469,SPY,1219
2019-07-10,331458.15855407715,78.32084655761719,331379.83770751953,SPY,1219
2019-07-11,332235.0255279541,78.32084655761719,332156.7046813965,SPY,1219
2019-07-12,333722.13261413574,78.32084655761719,333643.8117675781,SPY,1219
2019-07-15,333833.1401824951,78.32084655761719,333754.8193359375,SPY,1219
2019-07-16,332756.6569366455,78.32084655761719,332678.3360900879,SPY,1219
2019-07-17,330492.7944793701,78.32084655761719,330414.4736328125,SPY,1219
2019-07-18,331702.4570465088,78.32084655761719,331624.1361999512,SPY,1219
2019-07-19,329860.3043060303,78.32084655761719,329781.98345947266,SPY,1219
2019-07-22,330670.391708374,78.32084655761719,330592.0708618164,SPY,1219
2019-07-23,333034.1014556885,78.32084655761719,332955.78060913086,SPY,1219
2019-07-24,334598.8840789795,78.32084655761719,334520.5632324219,SPY,1219
2019-07-25,333000.8810272217,78.32084655761719,332922.56018066406,SPY,1219
2019-07-26,335231.41145324707,78.32084655761719,335153.09060668945,SPY,1219
2019-07-29,334621.0558319092,78.32084655761719,334542.73498535156,SPY,1219
2019-07-30,333799.9197540283,78.32084655761719,333721.5989074707,SPY,1219
2019-07-31,330148.79750061035,78.32084655761719,330070.47665405273,SPY,1219
2019-08-01,327274.54222106934,78.32084655761719,327196.2213745117,SPY,1219
2019-08-02,324810.9851837158,78.32084655761719,324732.6643371582,SPY,1219
2019-08-05,315045.14643859863,78.32084655761719,314966.825592041,SPY,1219
2019-08-06,319461.9381866455,78.32084655761719,319383.6173400879,SPY,1219
2019-08-07,319650.6956939697,78.32084655761719,319572.3748474121,SPY,1219
2019-08-08,325920.6516571045,78.32084655761719,325842.3308105469,SPY,1219
2019-08-09,323701.2815093994,78.32084655761719,323622.9606628418,SPY,1219
2019-08-12,319761.5916595459,78.32084655761719,319683.2708129883,SPY,1219
2019-08-13,324733.2724456787,78.32084655761719,324654.9515991211,SPY,1219
2019-08-14,315133.9822540283,78.32084655761719,315055.6614074707,SPY,1219
2019-08-15,315966.35301208496,78.32084655761719,315888.03216552734,SPY,1219
2019-08-16,320627.1456451416,78.32084655761719,320548.824798584,SPY,1219
2019-08-19,324489.122756958,78.32084655761719,324410.8019104004,SPY,1219
2019-08-20,322003.13356018066,78.32084655761719,321924.81271362305,SPY,1219
2019-08-21,324622.3392791748,78.32084655761719,324544.0184326172,SPY,1219
2019-08-22,324522.4175872803,78.32084655761719,324444.09674072266,SPY,1219
2019-08-23,316188.2565460205,78.32084655761719,316109.9356994629,SPY,1219
2019-08-26,319684.0277252197,78.32084655761719,319605.7068786621,SPY,1219
2019-08-27,318429.9472503662,78.32084655761719,318351.6264038086,SPY,1219
2019-08-28,320671.6379547119,78.32084655761719,320593.3171081543,SPY,1219
2019-08-29,324766.6044769287,78.32084655761719,324688.2836303711,SPY,1219
2019-08-30,324622.3392791748,78.32084655761719,324544.0184326172,SPY,1219
2019-09-03,322724.6827545166,78.32084655761719,322646.361907959,SPY,1219
2019-09-04,326386.7792816162,78.32084655761719,326308.4584350586,SPY,1219
2019-09-05,330581.66749572754,78.32084655761719,330503.3466491699,SPY,1219
2019-09-06,330836.7914581299,78.32084655761719,330758.47061157227,SPY,1219
2019-09-09,331003.3772125244,78.32084655761719,330925.0563659668,SPY,1219
2019-09-10,330925.62727355957,78.32084655761719,330847.30642700195,SPY,1219
2019-09-11,333278.21394348145,78.32084655761719,333199.8930969238,SPY,1219
2019-09-12,334432.40992736816,78.32084655761719,334354.08908081055,SPY,1219
2019-09-13,334210.4691925049,78.32084655761719,334132.14834594727,SPY,1219
2019-09-16,333178.4782562256,78.32084655761719,333100.15740966797,SPY,1219
2019-09-17,334021.78608703613,78.32084655761719,333943.4652404785,SPY,1219
2019-09-18,334221.5550689697,78.32084655761719,334143.2342224121,SPY,1219
2019-09-19,334199.38331604004,78.32084655761719,334121.0624694824,SPY,1219
2019-09-20,332620.65034484863,78.32084655761719,332542.329498291,SPY,1219
2019-09-23,332542.7144012451,78.32084655761719,332464.3935546875,SPY,1219
2019-09-24,329933.85054016113,78.32084655761719,329855.5296936035,SPY,1219
2019-09-25,331884.89039611816,78.32084655761719,331806.56954956055,SPY,1219
2019-09-26,331193.6971588135,78.32084655761719,331115.37631225586,SPY,1219
2019-09-27,329409.801071167,78.32084655761719,329331.4802246094,SPY,1219
2019-09-30,330937.2339630127,78.32084655761719,330858.9131164551,SPY,1219
2019-10-01,327001.7850189209,78.32084655761719,326923.4641723633,SPY,1219
2019-10-02,321226.86180114746,78.32084655761719,321148.54095458984,SPY,1219
2019-10-03,323857.93461608887,78.32084655761719,323779.61376953125,SPY,1219
2019-10-04,328239.34828186035,78.32084655761719,328161.02743530273,SPY,1219
2019-10-07,326823.40657043457,78.32084655761719,326745.08572387695,SPY,1219
2019-10-08,321750.83686828613,78.32084655761719,321672.5160217285,SPY,1219
2019-10-09,324805.51664733887,78.32084655761719,324727.19580078125,SPY,1219
2019-10-10,327001.7850189209,78.32084655761719,326923.4641723633,SPY,1219
2019-10-11,330390.9383392334,78.32084655761719,330312.6174926758,SPY,1219
2019-10-14,330023.0955657959,78.32084655761719,329944.7747192383,SPY,1219
2019-10-15,333289.67182922363,78.32084655761719,333211.350982666,SPY,1219
2019-10-16,332754.4992828369,78.32084655761719,332676.1784362793,SPY,1219
2019-10-17,333735.5993499756,78.32084655761719,333657.27850341797,SPY,1219
2019-10-18,332275.1653289795,78.32084655761719,332196.8444824219,SPY,1219
2019-10-21,334527.19789123535,78.32084655761719,334448.87704467773,SPY,1219
2019-10-22,333434.49504089355,78.32084655761719,333356.17419433594,SPY,1219
2019-10-23,334404.5092315674,78.32084655761719,334326.18838500977,SPY,1219
2019-10-24,334950.7304534912,78.32084655761719,334872.4096069336,SPY,1219
2019-10-25,336322.0682525635,78.32084655761719,336243.74740600586,SPY,1219
2019-10-28,338217.3439178467,78.32084655761719,338139.02307128906,SPY,1219
2019-10-29,338116.97581481934,78.32084655761719,338038.6549682617,SPY,1219
2019-10-30,339153.87727355957,78.32084655761719,339075.55642700195,SPY,1219
2019-10-31,338250.75035095215,78.32084655761719,338172.42950439453,SPY,1219
2019-11-01,341383.5892791748,78.32084655761719,341305.2684326172,SPY,1219
2019-11-04,342754.8526763916,78.32084655761719,342676.531829834,SPY,1219
2019-11-05,342375.8496246338,78.32084655761719,342297.5287780762,SPY,1219
2019-11-06,342453.8599700928,78.32084655761719,342375.53912353516,SPY,1219
2019-11-07,343657.90519714355,78.32084655761719,343579.58435058594,SPY,1219
2019-11-08,344505.1935272217,78.32084655761719,344426.87268066406,SPY,1219
2019-11-11,343847.40672302246,78.32084655761719,343769.08587646484,SPY,1219
2019-11-12,344572.0807952881,78.32084655761719,344493.75994873047,SPY,1219
2019-11-13,344683.571975708,78.32084655761719,344605.2511291504,SPY,1219
2019-11-14,345185.33808898926,78.32084655761719,345107.01724243164,SPY,1219
2019-11-15,347682.5991668701,78.32084655761719,347604.2783203125,SPY,1219
2019-11-18,347938.98796081543,78.32084655761719,347860.6671142578,SPY,1219
2019-11-19,347838.6198577881,78.32084655761719,347760.29901123047,SPY,1219
2019-11-20,346545.3668060303,78.32084655761719,346467.04595947266,SPY,1219
2019-11-21,345987.98530578613,78.32084655761719,345909.6644592285,SPY,1219
2019-11-22,346757.1888885498,78.32084655761719,346678.8680419922,SPY,1219
2019-11-25,349444.02589416504,78.32084655761719,349365.7050476074,SPY,1219
2019-11-26,350235.55003356934,78.32084655761719,350157.2291870117,SPY,1219
2019-11-27,351796.3893585205,78.32084655761719,351718.0685119629,SPY,1219
2019-11-29,350491.9760284424,78.32084655761719,350413.65518188477,SPY,1219
2019-12-02,347515.34379577637,78.32084655761719,347437.02294921875,SPY,1219
2019-12-03,345185.33808898926,78.32084655761719,345107.01724243164,SPY,1219
2019-12-04,347314.6447906494,78.32084655761719,347236.3239440918,SPY,1219
2019-12-05,347938.98796081543,78.32084655761719,347860.6671142578,SPY,1219
2019-12-06,351116.28199768066,78.32084655761719,351037.96115112305,SPY,1219
2019-12-09,350012.6048736572,78.32084655761719,349934.2840270996,SPY,1219
2019-12-10,349622.36714172363,78.32084655761719,349544.046295166,SPY,1219
2019-12-11,350614.6274871826,78.32084655761719,350536.306640625,SPY,1219
2019-12-12,353635.86363220215,78.32084655761719,353557.54278564453,SPY,1219
2019-12-13,353847.7973175049,78.32084655761719,353769.47647094727,SPY,1219
2019-12-16,356278.1339263916,78.32084655761719,356199.813079834,SPY,1219
2019-12-17,356356.367477417,78.32084655761719,356278.0466308594,SPY,1219
2019-12-18,356378.4648284912,78.32084655761719,356300.1439819336,SPY,1219
2019-12-19,357838.93605041504,78.32084655761719,357760.6152038574,SPY,1219
2019-12-20,359407.5503692627,78.32084655761719,359329.2295227051,SPY,1219
2019-12-23,359956.4500579834,78.32084655761719,359878.1292114258,SPY,1219
2019-12-24,359967.6847381592,78.32084655761719,359889.36389160156,SPY,1219
2019-12-26,361883.38371276855,78.32084655761719,361805.06286621094,SPY,1219
2019-12-27,361793.7294769287,78.32084655761719,361715.4086303711,SPY,1219
2019-12-30,359799.5365447998,78.32084655761719,359721.2156982422,SPY,1219
2019-12-31,360673.46073913574,78.32084655761719,360595.1398925781,SPY,1219
2020-01-02,364045.72483825684,78.32084655761719,363967.4039916992,SPY,1219
2020-01-03,361289.69410705566,78.32084655761719,361211.37326049805,SPY,1219
2020-01-06,362667.7280731201,78.32084655761719,362589.4072265625,SPY,1219
2020-01-07,361648.01344299316,78.32084655761719,361569.69259643555,SPY,1219
2020-01-08,363575.1703033447,78.32084655761719,363496.8494567871,SPY,1219
2020-01-09,366039.91777038574,78.32084655761719,365961.5969238281,SPY,1219
2020-01-10,364986.83390808105,78.32084655761719,364908.51306152344,SPY,1219
2020-01-13,367496.37129211426,78.32084655761719,367418.05044555664,SPY,1219
2020-01-14,366936.2741241455,78.32084655761719,366857.9532775879,SPY,1219
2020-01-15,367765.29679870605,78.32084655761719,367686.97595214844,SPY,1219
2020-01-16,370823.95707702637,78.32084655761719,370745.63623046875,SPY,1219
2020-01-17,371977.78105163574,78.32084655761719,371899.4602050781,SPY,1219
2020-01-21,371249.46128845215,78.32084655761719,371171.14044189453,SPY,1219
2020-01-22,371294.3256072998,78.32084655761719,371216.0047607422,SPY,1219
2020-01-23,371720.0902252197,78.32084655761719,371641.7693786621,SPY,1219
2020-01-24,368415.1226043701,78.32084655761719,368336.8017578125,SPY,1219
2020-01-27,362510.888961792,78.32084655761719,362432.5681152344,SPY,1219
2020-01-28,366308.8060760498,78.32084655761719,366230.4852294922,SPY,1219
2020-01-29,366006.36253356934,78.32084655761719,365928.0416870117,SPY,1219
2020-01-30,367193.9277496338,78.32084655761719,367115.6069030762,SPY,1219
2020-01-31,360527.89350891113,78.32084655761719,360449.5726623535,SPY,1219
2020-02-03,363205.5790863037,78.32084655761719,363127.2582397461,SPY,1219
2020-02-04,368739.9611053467,78.32084655761719,368661.64025878906,SPY,1219
2020-02-05,372997.23527526855,78.32084655761719,372918.91442871094,SPY,1219
2020-02-06,374252.1341705322,78.32084655761719,374173.8133239746,SPY,1219
2020-02-07,372257.7924346924,78.32084655761719,372179.47158813477,SPY,1219
2020-02-10,375036.2553253174,78.32084655761719,374957.93447875977,SPY,1219
2020-02-11,375686.08113098145,78.32084655761719,375607.7602844238,SPY,1219
2020-02-12,378106.00148010254,78.32084655761719,378027.6806335449,SPY,1219
2020-02-13,377702.78062438965,78.32084655761719,377624.45977783203,SPY,1219
2020-02-14,378307.7049102783,78.32084655761719,378229.3840637207,SPY,1219
2020-02-18,377333.00340270996,78.32084655761719,377254.68255615234,SPY,1219
2020-02-19,379136.80198669434,78.32084655761719,379058.4811401367,SPY,1219
2020-02-20,377579.53395080566,78.32084655761719,377501.21310424805,SPY,1219
2020-02-21,373691.962600708,78.32084655761719,373613.6417541504,SPY,1219
2020-02-24,361300.9659881592,78.32084655761719,361222.64514160156,SPY,1219
2020-02-25,350355.0022125244,78.32084655761719,350276.6813659668,SPY,1219
2020-02-26,349066.6224822998,78.32084655761719,348988.3016357422,SPY,1219
2020-02-27,333392.9044036865,78.32084655761719,333314.5835571289,SPY,1219
2020-02-28,331992.54988098145,78.32084655761719,331914.2290344238,SPY,1219
2020-03-02,346366.6163482666,78.32084655761719,346288.295501709,SPY,1219
2020-03-03,336451.56468200684,78.32084655761719,336373.2438354492,SPY,1219
2020-03-04,350590.33528137207,78.32084655761719,350512.01443481445,SPY,1219
2020-03-05,338938.70710754395,78.32084655761719,338860.3862609863,SPY,1219
2020-03-06,333336.99140930176,78.32084655761719,333258.67056274414,SPY,1219
2020-03-09,307311.2967681885,78.32084655761719,307232.97592163086,SPY,1219
2020-03-10,323209.03883361816,78.32084655761719,323130.71798706055,SPY,1219
2020-03-11,307456.99420166016,78.32084655761719,307378.67335510254,SPY,1219
2020-03-12,278047.83798217773,78.32084655761719,277969.5171356201,SPY,1219
2020-03-13,301810.39558410645,78.32084655761719,301732.0747375488,SPY,1219
2020-03-16,268793.7351989746,78.32084655761719,268715.414352417,SPY,1219
2020-03-17,283302.2458190918,78.32084655761719,283223.9249725342,SPY,1219
2020-03-18,268961.7531890869,78.32084655761719,268883.4323425293,SPY,1219
2020-03-19,269533.1594390869,78.32084655761719,269454.8385925293,SPY,1219
2020-03-20,257921.24325561523,78.32084655761719,257842.92240905762,SPY,1219
2020-03-23,251328.64364624023,78.32084655761719,251250.32279968262,SPY,1219
2020-03-24,274092.7283477783,78.32084655761719,274014.4075012207,SPY,1219
2020-03-25,278194.76304626465,78.32084655761719,278116.44219970703,SPY,1219
2020-03-26,294433.99102783203,78.32084655761719,294355.6701812744,SPY,1219
2020-03-27,285666.34617614746,78.32084655761719,285588.02532958984,SPY,1219
2020-03-30,294941.0768737793,78.32084655761719,294862.7560272217,SPY,1219
2020-03-31,290546.0662689209,78.32084655761719,290467.7454223633,SPY,1219
2020-04-01,277473.5486602783,78.32084655761719,277395.2278137207,SPY,1219
2020-04-02,283874.5634918213,78.32084655761719,283796.2426452637,SPY,1219
2020-04-03,279772.4915924072,78.32084655761719,279694.1707458496,SPY,1219
2020-04-06,298558.5508880615,78.32084655761719,298480.2300415039,SPY,1219
2020-04-07,298862.8730773926,78.32084655761719,298784.55223083496,SPY,1219
2020-04-08,308892.54080200195,78.32084655761719,308814.21995544434,SPY,1219
2020-04-09,313591.8921966553,78.32084655761719,313513.57135009766,SPY,1219
2020-04-13,310729.4482116699,78.32084655761719,310651.1273651123,SPY,1219
2020-04-14,319891.38569641113,78.32084655761719,319813.0648498535,SPY,1219
2020-04-15,313095.89222717285,78.32084655761719,313017.57138061523,SPY,1219
2020-04-16,314606.0638885498,78.32084655761719,314527.7430419922,SPY,1219
2020-04-17,323103.31379699707,78.32084655761719,323024.99295043945,SPY,1219
2020-04-20,317412.092666626,78.32084655761719,317333.77182006836,SPY,1219
2020-04-21,307776.9221801758,78.32084655761719,307698.60133361816,SPY,1219
2020-04-22,314606.0638885498,78.32084655761719,314527.7430419922,SPY,1219
2020-04-23,314583.4457244873,78.32084655761719,314505.1248779297,SPY,1219
2020-04-24,318967.31465148926,78.32084655761719,318888.99380493164,SPY,1219
2020-04-27,323565.2377166748,78.32084655761719,323486.9168701172,SPY,1219
2020-04-28,322077.7214202881,78.32084655761719,321999.40057373047,SPY,1219
2020-04-29,330507.0796356201,78.32084655761719,330428.7587890625,SPY,1219
2020-04-30,327430.60011291504,78.32084655761719,327352.2792663574,SPY,1219
2020-05-01,318764.5695953369,78.32084655761719,318686.2487487793,SPY,1219
2020-05-04,319643.6275177002,78.32084655761719,319565.3066711426,SPY,1219
2020-05-05,322596.07914733887,78.32084655761719,322517.75830078125,SPY,1219
2020-05-06,320409.78062438965,78.32084655761719,320331.45977783203,SPY,1219
2020-05-07,324275.1430206299,78.32084655761719,324196.82217407227,SPY,1219
2020-05-08,329639.479598999,78.32084655761719,329561.1587524414,SPY,1219
2020-05-11,329707.03648376465,78.32084655761719,329628.71563720703,SPY,1219
2020-05-12,323136.9806365967,78.32084655761719,323058.65979003906,SPY,1219
2020-05-13,317423.43894958496,78.32084655761719,317345.11810302734,SPY,1219
2020-05-14,321221.20726013184,78.32084655761719,321142.8864135742,SPY,1219
2020-05-15,322697.45167541504,78.32084655761719,322619.1308288574,SPY,1219
2020-05-18,332524.37434387207,78.32084655761719,332446.05349731445,SPY,1219
2020-05-19,329109.7011871338,78.32084655761719,329031.3803405762,SPY,1219
2020-05-20,334699.36378479004,78.32084655761719,334621.0429382324,SPY,1219
2020-05-21,332389.1117706299,78.32084655761719,332310.79092407227,SPY,1219
2020-05-22,333020.22550964355,78.32084655761719,332941.90466308594,SPY,1219
2020-05-26,337122.1858062744,78.32084655761719,337043.8649597168,SPY,1219
2020-05-27,342137.1312713623,78.32084655761719,342058.8104248047,SPY,1219
2020-05-28,341506.0919342041,78.32084655761719,341427.7710876465,SPY,1219
2020-05-29,343027.3494720459,78.32084655761719,342949.0286254883,SPY,1219
2020-06-01,344413.5304412842,78.32084655761719,344335.20959472656,SPY,1219
2020-06-02,347264.7211456299,78.32084655761719,347186.40029907227,SPY,1219
2020-06-03,351885.07637023926,78.32084655761719,351806.75552368164,SPY,1219
2020-06-04,350961.0425262451,78.32084655761719,350882.7216796875,SPY,1219
2020-06-05,359954.03199768066,78.32084655761719,359875.71115112305,SPY,1219
2020-06-08,364303.93647766113,78.32084655761719,364225.6156311035,SPY,1219
2020-06-09,361587.9711456299,78.32084655761719,361509.65029907227,SPY,1219
2020-06-10,359570.71363830566,78.32084655761719,359492.39279174805,SPY,1219
2020-06-11,338846.4488067627,78.32084655761719,338768.1279602051,SPY,1219
2020-06-12,342903.3587799072,78.32084655761719,342825.0379333496,SPY,1219
2020-06-15,346103.9405975342,78.32084655761719,346025.61975097656,SPY,1219
2020-06-16,352764.1714935303,78.32084655761719,352685.85064697266,SPY,1219
2020-06-17,351299.1245574951,78.32084655761719,351220.8037109375,SPY,1219
2020-06-18,351434.34992980957,78.32084655761719,351356.02908325195,SPY,1219
2020-06-19,349426.39265441895,78.32084655761719,349348.0718078613,SPY,1219
2020-06-22,351667.56254577637,78.32084655761719,351589.24169921875,SPY,1219
2020-06-23,353286.174911499,78.32084655761719,353207.8540649414,SPY,1219
2020-06-24,344276.2218170166,78.32084655761719,344197.900970459,SPY,1219
2020-06-25,347966.18183898926,78.32084655761719,347887.86099243164,SPY,1219
2020-06-26,339703.372177124,78.32084655761719,339625.0513305664,SPY,1219
2020-06-29,344695.0298614502,78.32084655761719,344616.7090148926,SPY,1219
2020-06-30,349109.44075012207,78.32084655761719,349031.11990356445,SPY,1219
2020-07-01,351554.2113189697,78.32084655761719,351475.8904724121,SPY,1219
2020-07-02,353489.9243927002,78.32084655761719,353411.6035461426,SPY,1219
2020-07-06,358945.5892486572,78.32084655761719,358867.2684020996,SPY,1219
2020-07-07,355244.2829437256,78.32084655761719,355165.96209716797,SPY,1219
2020-07-08,357960.8806915283,78.32084655761719,357882.5598449707,SPY,1219
2020-07-09,355923.4974822998,78.32084655761719,355845.1766357422,SPY,1219
2020-07-10,359556.72608947754,78.32084655761719,359478.4052429199,SPY,1219
2020-07-13,356444.0500640869,78.32084655761719,356365.7292175293,SPY,1219
2020-07-14,361062.21043395996,78.32084655761719,360983.88958740234,SPY,1219
2020-07-15,364378.598739624,78.32084655761719,364300.2778930664,SPY,1219
2020-07-16,363178.86882019043,78.32084655761719,363100.5479736328,SPY,1219
2020-07-17,364231.5806732178,78.32084655761719,364153.25982666016,SPY,1219
2020-07-20,367174.434463501,78.32084655761719,367096.11361694336,SPY,1219
2020-07-21,367955.5051422119,78.32084655761719,367877.1842956543,SPY,1219
2020-07-22,370049.5453643799,78.32084655761719,369971.22451782227,SPY,1219
2020-07-23,365635.06007385254,78.32084655761719,365556.7392272949,SPY,1219
2020-07-24,363280.7621612549,78.32084655761719,363202.44131469727,SPY,1219
2020-07-27,365929.43101501465,78.32084655761719,365851.11016845703,SPY,1219
2020-07-28,363609.023147583,78.32084655761719,363530.7023010254,SPY,1219
2020-07-29,368079.9422454834,78.32084655761719,368001.6213989258,SPY,1219
2020-07-30,366767.0099029541,78.32084655761719,366688.6890563965,SPY,1219
2020-07-31,369664.55296325684,78.32084655761719,369586.2321166992,SPY,1219
2020-08-03,372234.0954437256,78.32084655761719,372155.77459716797,SPY,1219
2020-08-04,373671.6136932373,78.32084655761719,373593.2928466797,SPY,1219
2020-08-05,375991.9843597412,78.32084655761719,375913.6635131836,SPY,1219
2020-08-06,378504.60942077637,78.32084655761719,378426.28857421875,SPY,1219
2020-08-07,378776.3993988037,78.32084655761719,378698.0785522461,SPY,1219
2020-08-10,379908.3492279053,78.32084655761719,379830.02838134766,SPY,1219
2020-08-11,376772.9062347412,78.32084655761719,376694.5853881836,SPY,1219
2020-08-12,382024.8588104248,78.32084655761719,381946.5379638672,SPY,1219
2020-08-13,381334.37239074707,78.32084655761719,381256.05154418945,SPY,1219
2020-08-14,381345.7558746338,78.32084655761719,381267.4350280762,SPY,1219
2020-08-17,382556.94367980957,78.32084655761719,382478.62283325195,SPY,1219
2020-08-18,383383.2134857178,78.32084655761719,383304.89263916016,SPY,1219
2020-08-19,381787.25648498535,78.32084655761719,381708.93563842773,SPY,1219
2020-08-20,382975.6773223877,78.32084655761719,382897.3564758301,SPY,1219
2020-08-21,384333.99479675293,78.32084655761719,384255.6739501953,SPY,1219
2020-08-24,388227.7787017822,78.32084655761719,388149.4578552246,SPY,1219
2020-08-25,389586.0589752197,78.32084655761719,389507.7381286621,SPY,1219
2020-08-26,393491.00315856934,78.32084655761719,393412.6823120117,SPY,1219
2020-08-27,394351.3118133545,78.32084655761719,394272.9909667969,SPY,1219
2020-08-28,396897.9757232666,78.32084655761719,396819.654876709,SPY,1219
2020-08-31,395460.5690765381,78.32084655761719,395382.24822998047,SPY,1219
2020-09-01,399184.4935455322,78.32084655761719,399106.1726989746,SPY,1219
2020-09-02,404957.1847076416,78.32084655761719,404878.863861084,SPY,1219
2020-09-03,391023.5400238037,78.32084655761719,390945.2191772461,SPY,1219
2020-09-04,387831.51441955566,78.32084655761719,387753.19357299805,SPY,1219
2020-09-08,377236.91340637207,78.32084655761719,377158.59255981445,SPY,1219
2020-09-09,384684.9111480713,78.32084655761719,384606.5903015137,SPY,1219
2020-09-10,378006.7494049072,78.32084655761719,377928.4285583496,SPY,1219
2020-09-11,378199.1526031494,78.32084655761719,378120.8317565918,SPY,1219
2020-09-14,383179.42680358887,78.32084655761719,383101.10595703125,SPY,1219
2020-09-15,385115.06547546387,78.32084655761719,385036.74462890625,SPY,1219
2020-09-16,383586.96296691895,78.32084655761719,383508.6421203613,SPY,1219
2020-09-17,380213.8804473877,78.32084655761719,380135.5596008301,SPY,1219
2020-09-18,375837.5633087158,78.32084655761719,375759.2424621582,SPY,1219
2020-09-21,371655.4350128174,78.32084655761719,371577.11416625977,SPY,1219
2020-09-22,375439.77378845215,78.32084655761719,375361.45294189453,SPY,1219
2020-09-23,366734.83110046387,78.32084655761719,366656.51025390625,SPY,1219
2020-09-24,367712.13667297363,78.32084655761719,367633.815826416,SPY,1219
2020-09-25,373655.65449523926,78.32084655761719,373577.33364868164,SPY,1219
2020-09-28,379860.47163391113,78.32084655761719,379782.1507873535,SPY,1219
2020-09-29,377792.1372528076,78.32084655761719,377713.81640625,SPY,1219
2020-09-30,380655.976272583,78.32084655761719,380577.6554260254,SPY,1219
2020-10-01,383099.33320617676,78.32084655761719,383021.01235961914,SPY,1219
2020-10-02,379462.75651550293,78.32084655761719,379384.4356689453,SPY,1219
2020-10-05,386190.2838897705,78.32084655761719,386111.9630432129,SPY,1219
2020-10-06,380701.3986053467,78.32084655761719,380623.07775878906,SPY,1219
2020-10-07,387326.77223205566,78.32084655761719,387248.45138549805,SPY,1219
2020-10-08,390758.78102111816,78.32084655761719,390680.46017456055,SPY,1219
2020-10-09,394247.6700286865,78.32084655761719,394169.3491821289,SPY,1219
2020-10-12,400588.90296936035,78.32084655761719,400510.58212280273,SPY,1219
2020-10-13,397975.05418395996,78.32084655761719,397896.73333740234,SPY,1219
2020-10-14,395474.8914337158,78.32084655761719,395396.5705871582,SPY,1219
2020-10-15,394986.29444885254,78.32084655761719,394907.9736022949,SPY,1219
2020-10-16,394747.724899292,78.32084655761719,394669.4040527344,SPY,1219
2020-10-19,388747.36405944824,78.32084655761719,388669.0432128906,SPY,1219
2020-10-20,390304.33448791504,78.32084655761719,390226.0136413574,SPY,1219
2020-10-21,389565.5612640381,78.32084655761719,389487.24041748047,SPY,1219
2020-10-22,391702.01054382324,78.32084655761719,391623.6896972656,SPY,1219
2020-10-23,393031.683303833,78.32084655761719,392953.3624572754,SPY,1219
2020-10-26,385769.91340637207,78.32084655761719,385691.59255981445,SPY,1219
2020-10-27,384440.3150482178,78.32084655761719,384361.99420166016,SPY,1219
2020-10-28,371303.25382995605,78.32084655761719,371224.93298339844,SPY,1219
2020-10-29,375076.13471984863,78.32084655761719,374997.813873291,SPY,1219
2020-10-30,371166.76362609863,78.32084655761719,371088.442779541,SPY,1219
2020-11-02,375326.23655700684,78.32084655761719,375247.9157104492,SPY,1219
2020-11-03,381951.4613800049,78.32084655761719,381873.14053344727,SPY,1219
2020-11-04,390486.0982208252,78.32084655761719,390407.7773742676,SPY,1219
2020-11-05,398100.04930114746,78.32084655761719,398021.72845458984,SPY,1219
2020-11-06,398009.1674346924,78.32084655761719,397930.84658813477,SPY,1219
2020-11-09,403009.49293518066,78.32084655761719,402931.17208862305,SPY,1219
2020-11-10,402418.48179626465,78.32084655761719,402340.16094970703,SPY,1219
2020-11-11,405407.3531341553,78.32084655761719,405329.03228759766,SPY,1219
2020-11-12,401475.25227355957,78.32084655761719,401396.93142700195,SPY,1219
2020-11-13,407032.5128631592,78.32084655761719,406954.19201660156,SPY,1219
2020-11-16,412112.26234436035,78.32084655761719,412033.94149780273,SPY,1219
2020-11-17,409896.24028015137,78.32084655761719,409817.91943359375,SPY,1219
2020-11-18,404964.06687927246,78.32084655761719,404885.74603271484,SPY,1219
2020-11-19,406668.7993927002,78.32084655761719,406590.4785461426,SPY,1219
2020-11-20,403884.4959564209,78.32084655761719,403806.1751098633,SPY,1219
2020-11-23,406305.0487213135,78.32084655761719,406226.72787475586,SPY,1219
2020-11-24,412850.8123626709,78.32084655761719,412772.4915161133,SPY,1219
2020-11-25,412214.5648956299,78.32084655761719,412136.24404907227,SPY,1219
2020-11-27,413362.2879180908,78.32084655761719,413283.9670715332,SPY,1219
2020-11-30,411532.74629211426,78.32084655761719,411454.42544555664,SPY,1219
2020-12-01,416032.97972106934,78.32084655761719,415954.6588745117,SPY,1219
2020-12-02,416907.94554138184,78.32084655761719,416829.6246948242,SPY,1219
2020-12-03,416794.33390808105,78.32084655761719,416716.01306152344,SPY,1219
2020-12-04,420385.4882659912,78.32084655761719,420307.1674194336,SPY,1219
2020-12-07,419521.7943267822,78.32084655761719,419443.4734802246,SPY,1219
2020-12-08,420749.1273345947,78.32084655761719,420670.8064880371,SPY,1219
2020-12-09,416976.2836456299,78.32084655761719,416897.96279907227,SPY,1219
2020-12-10,416839.79344177246,78.32084655761719,416761.47259521484,SPY,1219
2020-12-11,416351.1220550537,78.32084655761719,416272.8012084961,SPY,1219
2020-12-14,414487.429977417,78.32084655761719,414409.1091308594,SPY,1219
2020-12-15,420089.85249328613,78.32084655761719,420011.5316467285,SPY,1219
2020-12-16,420749.1273345947,78.32084655761719,420670.8064880371,SPY,1219
2020-12-17,423101.52799987793,78.32084655761719,423023.2071533203,SPY,1219
2020-12-18,421412.41987609863,78.32084655761719,421334.099029541,SPY,1219
2020-12-21,419905.89390563965,78.32084655761719,419827.57305908203,SPY,1219
2020-12-22,419198.33226013184,78.32084655761719,419120.0114135742,SPY,1219
2020-12-23,419574.9172515869,78.32084655761719,419496.5964050293,SPY,1219
2020-12-24,421206.9963531494,78.32084655761719,421128.6755065918,SPY,1219
2020-12-28,424824.7865753174,78.32084655761719,424746.46572875977,SPY,1219
2020-12-29,424014.51316833496,78.32084655761719,423936.19232177734,SPY,1219
2020-12-30,424619.36305236816,78.32084655761719,424541.04220581055,SPY,1219
2020-12-31,426776.31004333496,78.32084655761719,426697.98919677734,SPY,1219
2021-01-04,420967.31077575684,78.32084655761719,420888.9899291992,SPY,1219
2021-01-05,423866.04426574707,78.32084655761719,423787.72341918945,SPY,1219
2021-01-06,426399.7622528076,78.32084655761719,426321.44140625,SPY,1219
2021-01-07,432733.85261535645,78.32084655761719,432655.5317687988,SPY,1219
2021-01-08,435198.93489074707,78.32084655761719,435120.61404418945,SPY,1219
2021-01-11,432265.9393463135,78.32084655761719,432187.61849975586,SPY,1219
2021-01-12,432357.11882019043,78.32084655761719,432278.7979736328,SPY,1219
2021-01-13,433521.28465270996,78.32084655761719,433442.96380615234,SPY,1219
2021-01-14,432003.3379974365,78.32084655761719,431925.0171508789,SPY,1219
2021-01-15,428853.4238433838,78.32084655761719,428775.1029968262,SPY,1219
2021-01-19,432220.21940612793,78.32084655761719,432141.8985595703,SPY,1219
2021-01-20,438200.4545440674,78.32084655761719,438122.13369750977,SPY,1219
2021-01-21,438599.9181060791,78.32084655761719,438521.5972595215,SPY,1219
2021-01-22,437047.85820007324,78.32084655761719,436969.5373535156,SPY,1219
2021-01-25,438771.15397644043,78.32084655761719,438692.8331298828,SPY,1219
2021-01-26,438086.4337005615,78.32084655761719,438008.1128540039,SPY,1219
2021-01-27,427381.27153015137,78.32084655761719,427302.95068359375,SPY,1219
2021-01-28,431056.1651763916,78.32084655761719,430977.844329834,SPY,1219
2021-01-29,422428.19120788574,78.32084655761719,422349.8703613281,SPY,1219
2021-02-01,429458.45973205566,78.32084655761719,429380.13888549805,SPY,1219
2021-02-02,435530.023147583,78.32084655761719,435451.7023010254,SPY,1219
2021-02-03,435872.308883667,78.32084655761719,435793.9880371094,SPY,1219
2021-02-04,440825.4636077881,78.32084655761719,440747.14276123047,SPY,1219
2021-02-05,442560.21726989746,78.32084655761719,442481.89642333984,SPY,1219
2021-02-08,445755.7025604248,78.32084655761719,445677.3817138672,SPY,1219
2021-02-09,445458.9507598877,78.32084655761719,445380.6299133301,SPY,1219
2021-02-10,445264.9107208252,78.32084655761719,445186.5898742676,SPY,1219
2021-02-11,445983.96745300293,78.32084655761719,445905.6466064453,SPY,1219
2021-02-12,448186.5599822998,78.32084655761719,448108.2391357422,SPY,1219
2021-02-16,447798.4799041748,78.32084655761719,447720.1590576172,SPY,1219
2021-02-17,447901.3032684326,78.32084655761719,447822.982421875,SPY,1219
2021-02-18,445995.46253967285,78.32084655761719,445917.14169311523,SPY,1219
2021-02-19,445207.95610046387,78.32084655761719,445129.63525390625,SPY,1219
2021-02-22,441784.05711364746,78.32084655761719,441705.73626708984,SPY,1219
2021-02-23,442320.5316925049,78.32084655761719,442242.21084594727,SPY,1219
2021-02-24,447193.77882385254,78.32084655761719,447115.4579772949,SPY,1219
2021-02-25,436420.0181427002,78.32084655761719,436341.6972961426,SPY,1219
2021-02-26,434171.78007507324,78.32084655761719,434093.4592285156,SPY,1219
2021-03-01,444694.32289123535,78.32084655761719,444616.00204467773,SPY,1219
2021-03-02,441224.9271697998,78.32084655761719,441146.6063232422,SPY,1219
2021-03-03,435381.59144592285,78.32084655761719,435303.27059936523,SPY,1219
2021-03-04,429994.7111053467,78.32084655761719,429916.39025878906,SPY,1219
2021-03-05,437903.88874816895,78.32084655761719,437825.5679016113,SPY,1219
2021-03-08,435723.91438293457,78.32084655761719,435645.59353637695,SPY,1219
2021-03-09,441943.9467010498,78.32084655761719,441865.6258544922,SPY,1219
2021-03-10,444694.32289123535,78.32084655761719,444616.00204467773,SPY,1219
2021-03-11,449202.3313140869,78.32084655761719,449124.0104675293,SPY,1219
2021-03-12,449807.2555999756,78.32084655761719,449728.93475341797,SPY,1219
2021-03-15,452489.2192840576,78.32084655761719,452410.8984375,SPY,1219
2021-03-16,451918.59425354004,78.32084655761719,451840.2734069824,SPY,1219
2021-03-17,453459.23347473145,78.32084655761719,453380.9126281738,SPY,1219
2021-03-18,446862.6905670166,78.32084655761719,446784.369720459,SPY,1219
2021-03-19,446036.04875183105,78.32084655761719,445957.72790527344,SPY,1219
2021-03-22,449597.03315734863,78.32084655761719,449518.712310791,SPY,1219
2021-03-23,446059.00172424316,78.32084655761719,445980.68087768555,SPY,1219
2021-03-24,443791.6795806885,78.32084655761719,443713.35873413086,SPY,1219
2021-03-25,446287.9362335205,78.32084655761719,446209.6153869629,SPY,1219
2021-03-26,453478.5779571533,78.32084655761719,453400.2571105957,SPY,1219
2021-03-29,453249.60624694824,78.32084655761719,453171.2854003906,SPY,1219
2021-03-30,452047.27226257324,78.32084655761719,451968.9514160156,SPY,1219
2021-03-31,453879.34355163574,78.32084655761719,453801.0227050781,SPY,1219
2021-04-01,458779.93336486816,78.32084655761719,458701.61251831055,SPY,1219
2021-04-05,465363.75355529785,78.32084655761719,465285.43270874023,SPY,1219
2021-04-06,465088.9131011963,78.32084655761719,465010.5922546387,SPY,1219
2021-04-07,465627.1361236572,78.32084655761719,465548.8152770996,SPY,1219
2021-04-08,467837.0572357178,78.32084655761719,467758.73638916016,SPY,1219
2021-04-09,471237.594039917,78.32084655761719,471159.2731933594,SPY,1219
2021-04-12,471409.42512512207,78.32084655761719,471331.10427856445,SPY,1219
2021-04-13,472806.2455596924,78.32084655761719,472727.92471313477,SPY,1219
2021-04-14,471191.9113006592,78.32084655761719,471113.59045410156,SPY,1219
2021-04-15,476252.799911499,78.32084655761719,476174.4790649414,SPY,1219
2021-04-16,477844.2555999756,78.32084655761719,477765.93475341797,SPY,1219
2021-04-19,475497.02586364746,78.32084655761719,475418.70501708984,SPY,1219
2021-04-20,472016.28385925293,78.32084655761719,471937.9630126953,SPY,1219
2021-04-21,476481.84602355957,78.32084655761719,476403.52517700195,SPY,1219
2021-04-22,472130.82551574707,78.32084655761719,472052.50466918945,SPY,1219
2021-04-23,477248.9663543701,78.32084655761719,477170.6455078125,SPY,1219
2021-04-26,478245.0955963135,78.32084655761719,478166.77474975586,SPY,1219
2021-04-27,478141.9746246338,78.32084655761719,478063.6537780762,SPY,1219
2021-04-28,478004.6660003662,78.32084655761719,477926.3451538086,SPY,1219
2021-04-29,481050.38035583496,78.32084655761719,480972.05950927734,SPY,1219
2021-04-30,477890.08714294434,78.32084655761719,477811.7662963867,SPY,1219
2021-05-03,478920.70164489746,78.32084655761719,478842.38079833984,SPY,1219
2021-05-04,475966.46437072754,78.32084655761719,475888.1435241699,SPY,1219
2021-05-05,476115.49128723145,78.32084655761719,476037.1704406738,SPY,1219
2021-05-06,479916.7936859131,78.32084655761719,479838.47283935547,SPY,1219
2021-05-07,483409.105178833,78.32084655761719,483330.7843322754,SPY,1219
2021-05-10,478623.0570220947,78.32084655761719,478544.7361755371,SPY,1219
2021-05-11,474352.05570983887,78.32084655761719,474273.73486328125,SPY,1219
2021-05-12,464276.03562927246,78.32084655761719,464197.71478271484,SPY,1219
2021-05-13,469852.1570892334,78.32084655761719,469773.8362426758,SPY,1219
2021-05-14,477065.7145843506,78.32084655761719,476987.39373779297,SPY,1219
2021-05-17,475851.99711608887,78.32084655761719,475773.67626953125,SPY,1219
2021-05-18,471752.90129089355,78.32084655761719,471674.58044433594,SPY,1219
2021-05-19,470516.26805114746,78.32084655761719,470437.94720458984,SPY,1219
2021-05-20,475577.19386291504,78.32084655761719,475498.8730163574,SPY,1219
2021-05-21,475187.92335510254,78.32084655761719,475109.6025085449,SPY,1219
2021-05-24,480031.2981414795,78.32084655761719,479952.9772949219,SPY,1219
2021-05-25,478966.45878601074,78.32084655761719,478888.1379394531,SPY,1219
2021-05-26,479916.7936859131,78.32084655761719,479838.47283935547,SPY,1219
2021-05-27,480168.68116760254,78.32084655761719,480090.3603210449,SPY,1219
2021-05-28,481027.4645843506,78.32084655761719,480949.14373779297,SPY,1219
2021-06-01,480603.8204193115,78.32084655761719,480525.4995727539,SPY,1219
2021-06-02,481359.5200653076,78.32084655761719,481281.19921875,SPY,1219
2021-06-03,479573.28031921387,78.32084655761719,479494.95947265625,SPY,1219
2021-06-04,483958.7488861084,78.32084655761719,483880.4280395508,SPY,1219
2021-06-07,483489.1615753174,78.32084655761719,483410.84072875977,SPY,1219
2021-06-08,483592.35694885254,78.32084655761719,483514.0361022949,SPY,1219
2021-06-09,482870.95655822754,78.32084655761719,482792.6357116699,SPY,1219
2021-06-10,485115.1769256592,78.32084655761719,485036.85607910156,SPY,1219
2021-06-11,485916.6709136963,78.32084655761719,485838.3500671387,SPY,1219
2021-06-14,487004.46324157715,78.32084655761719,486926.14239501953,SPY,1219
2021-06-15,486111.2689666748,78.32084655761719,486032.9481201172,SPY,1219
2021-06-16,483397.6100921631,78.32084655761719,483319.28924560547,SPY,1219
2021-06-17,483237.27409362793,78.32084655761719,483158.9532470703,SPY,1219
2021-06-18,476719.2995452881,78.32084655761719,476640.97869873047,SPY,1219
2021-06-21,483542.91691589355,78.32084655761719,483464.59606933594,SPY,1219
2021-06-22,486127.6001739502,78.32084655761719,486049.2793273926,SPY,1219
2021-06-23,485541.75996398926,78.32084655761719,485463.43911743164,SPY,1219
2021-06-24,488413.6343841553,78.32084655761719,488335.31353759766,SPY,1219
2021-06-25,490148.2392425537,78.32084655761719,490069.9183959961,SPY,1219
2021-06-28,491136.1470794678,78.32084655761719,491057.82623291016,SPY,1219
2021-06-29,491400.4596710205,78.32084655761719,491322.1388244629,SPY,1219
2021-06-30,491813.9479827881,78.32084655761719,491735.62713623047,SPY,1219
2021-07-01,494536.42347717285,78.32084655761719,494458.10263061523,SPY,1219
2021-07-02,498315.8517303467,78.32084655761719,498237.53088378906,SPY,1219
2021-07-06,497408.3350982666,78.32084655761719,497330.014251709,SPY,1219
2021-07-07,499165.9673309326,78.32084655761719,499087.646484375,SPY,1219
2021-07-08,495099.38511657715,78.32084655761719,495021.06427001953,SPY,1219
2021-07-09,500383.6280975342,78.32084655761719,500305.30725097656,SPY,1219
2021-07-12,502175.7083892822,78.32084655761719,502097.3875427246,SPY,1219
2021-07-13,500464.09370422363,78.32084655761719,500385.772857666,SPY,1219
2021-07-14,501210.7535247803,78.32084655761719,501132.43267822266,SPY,1219
2021-07-15,499499.0644378662,78.32084655761719,499420.7435913086,SPY,1219
2021-07-16,495581.9183502197,78.32084655761719,495503.5975036621,SPY,1219
2021-07-19,488264.27265930176,78.32084655761719,488185.95181274414,SPY,1219
2021-07-20,495260.2791290283,78.32084655761719,495181.9582824707,SPY,1219
2021-07-21,499269.3859100342,78.32084655761719,499191.06506347656,SPY,1219
2021-07-22,500314.7319793701,78.32084655761719,500236.4111328125,SPY,1219
2021-07-23,505461.1455230713,78.32084655761719,505382.8246765137,SPY,1219
2021-07-26,506701.83366394043,78.32084655761719,506623.5128173828,SPY,1219
2021-07-27,504392.73487854004,78.32084655761719,504314.4140319824,SPY,1219
2021-07-28,504186.0093231201,78.32084655761719,504107.6884765625,SPY,1219
2021-07-29,506276.77586364746,78.32084655761719,506198.45501708984,SPY,1219
2021-07-30,503818.4641571045,78.32084655761719,503740.1433105469,SPY,1219
2021-08-02,502761.54859924316,78.32084655761719,502683.22775268555,SPY,1219
2021-08-03,506851.1209869385,78.32084655761719,506772.80014038086,SPY,1219
2021-08-04,504358.3984222412,78.32084655761719,504280.0775756836,SPY,1219
2021-08-05,507551.83766174316,78.32084655761719,507473.51681518555,SPY,1219
2021-08-06,508390.4581756592,78.32084655761719,508312.13732910156,SPY,1219
2021-08-09,507976.8582611084,78.32084655761719,507898.5374145508,SPY,1219
2021-08-10,508608.7532196045,78.32084655761719,508530.4323730469,SPY,1219
2021-08-11,509872.28273010254,78.32084655761719,509793.9618835449,SPY,1219
2021-08-12,511400.2364349365,78.32084655761719,511321.9155883789,SPY,1219
2021-08-13,512330.7060394287,78.32084655761719,512252.3851928711,SPY,1219
2021-08-16,513536.8345184326,78.32084655761719,513458.513671875,SPY,1219
2021-08-17,510171.00617980957,78.32084655761719,510092.68533325195,SPY,1219
2021-08-18,504588.0397491455,78.32084655761719,504509.7189025879,SPY,1219
2021-08-19,505369.22203063965,78.32084655761719,505290.90118408203,SPY,1219
2021-08-20,509389.8983001709,78.32084655761719,509311.5774536133,SPY,1219
2021-08-23,513870.0060272217,78.32084655761719,513791.68518066406,SPY,1219
2021-08-24,514685.6735687256,78.32084655761719,514607.35272216797,SPY,1219
2021-08-25,515765.46769714355,78.32084655761719,515687.14685058594,SPY,1219
2021-08-26,512721.3529815674,78.32084655761719,512643.03213500977,SPY,1219
2021-08-27,517304.80488586426,78.32084655761719,517226.48403930664,SPY,1219
2021-08-30,519579.3068084717,78.32084655761719,519500.98596191406,SPY,1219
2021-08-31,518809.6568145752,78.32084655761719,518731.3359680176,SPY,1219
2021-09-01,519085.3156890869,78.32084655761719,519006.9948425293,SPY,1219
2021-09-02,520682.1283111572,78.32084655761719,520603.8074645996,SPY,1219
2021-09-03,520555.7195587158,78.32084655761719,520477.3987121582,SPY,1219
2021-09-07,518694.705947876,78.32084655761719,518616.38510131836,SPY,1219
2021-09-08,518062.9225921631,78.32084655761719,517984.60174560547,SPY,1219
2021-09-09,515845.933303833,78.32084655761719,515767.6124572754,SPY,1219
2021-09-10,511779.27668762207,78.32084655761719,511700.95584106445,SPY,1219
2021-09-13,513088.82374572754,78.32084655761719,513010.5028991699,SPY,1219
2021-09-14,510320.4795074463,78.32084655761719,510242.1586608887,SPY,1219
2021-09-15,514582.29219055176,78.32084655761719,514503.97134399414,SPY,1219
2021-09-16,513766.5502471924,78.32084655761719,513688.22940063477,SPY,1219
2021-09-17,508762.8394622803,78.32084655761719,508684.51861572266,SPY,1219
2021-09-20,500280.8419342041,78.32084655761719,500202.5210876465,SPY,1219
2021-09-21,499808.3529510498,78.32084655761719,499730.0321044922,SPY,1219
2021-09-22,504683.12532043457,78.32084655761719,504604.80447387695,SPY,1219
2021-09-23,510814.13581848145,78.32084655761719,510735.8149719238,SPY,1219
2021-09-24,511655.32319641113,78.32084655761719,511577.0023498535,SPY,1219
2021-09-27,510191.8386993408,78.32084655761719,510113.5178527832,SPY,1219
2021-09-28,499912.0319366455,78.32084655761719,499833.7110900879,SPY,1219
2021-09-29,500753.40531921387,78.32084655761719,500675.08447265625,SPY,1219
2021-09-30,494633.9643096924,78.32084655761719,494555.64346313477,SPY,1219
2021-10-01,500511.3388824463,78.32084655761719,500433.0180358887,SPY,1219
2021-10-04,494057.7219390869,78.32084655761719,493979.4010925293,SPY,1219
2021-10-05,499197.58811950684,78.32084655761719,499119.2672729492,SPY,1219
2021-10-06,501271.9490509033,78.32084655761719,501193.6282043457,SPY,1219
2021-10-07,505605.15031433105,78.32084655761719,505526.82946777344,SPY,1219
2021-10-08,504683.12532043457,78.32084655761719,504604.80447387695,SPY,1219
2021-10-11,501029.99421691895,78.32084655761719,500951.6733703613,SPY,1219
2021-10-12,499796.8950653076,78.32084655761719,499718.57421875,SPY,1219
2021-10-13,501594.6298980713,78.32084655761719,501516.3090515137,SPY,1219
2021-10-14,510030.4610748291,78.32084655761719,509952.1402282715,SPY,1219
2021-10-15,513914.1635284424,78.32084655761719,513835.84268188477,SPY,1219
2021-10-18,515435.3466644287,78.32084655761719,515357.0258178711,SPY,1219
2021-10-19,519411.2702178955,78.32084655761719,519332.9493713379,SPY,1219
2021-10-20,521451.18309020996,78.32084655761719,521372.86224365234,SPY,1219
2021-10-21,522810.95140075684,78.32084655761719,522732.6305541992,SPY,1219
2021-10-22,522269.2686920166,78.32084655761719,522190.947845459,SPY,1219
2021-10-25,525069.6801300049,78.32084655761719,524991.3592834473,SPY,1219
2021-10-26,525542.2063140869,78.32084655761719,525463.8854675293,SPY,1219
2021-10-27,523214.3582611084,78.32084655761719,523136.0374145508,SPY,1219
2021-10-28,528261.9661407471,78.32084655761719,528183.6452941895,SPY,1219
2021-10-29,529333.7992706299,78.32084655761719,529255.4784240723,SPY,1219
2021-11-01,530244.1803741455,78.32084655761719,530165.8595275879,SPY,1219
2021-11-02,532387.586227417,78.32084655761719,532309.2653808594,SPY,1219
2021-11-03,535637.4964752197,78.32084655761719,535559.1756286621,SPY,1219
2021-11-04,538161.2818145752,78.32084655761719,538082.9609680176,SPY,1219
2021-11-05,540028.321975708,78.32084655761719,539950.0011291504,SPY,1219
2021-11-08,540489.2786712646,78.32084655761719,540410.957824707,SPY,1219
2021-11-09,538703.0017242432,78.32084655761719,538624.6808776855,SPY,1219
2021-11-10,534369.9120635986,78.32084655761719,534291.591217041,SPY,1219
2021-11-11,534542.7103729248,78.32084655761719,534464.3895263672,SPY,1219
2021-11-12,538576.2953643799,78.32084655761719,538497.9745178223,SPY,1219
2021-11-15,538760.6259613037,78.32084655761719,538682.3051147461,SPY,1219
2021-11-16,540892.6483306885,78.32084655761719,540814.3274841309,SPY,1219
2021-11-17,539578.8231658936,78.32084655761719,539500.5023193359,SPY,1219
2021-11-18,541411.3036651611,78.32084655761719,541332.9828186035,SPY,1219
2021-11-19,540443.149520874,78.32084655761719,540364.8286743164,SPY,1219
2021-11-22,538921.9663848877,78.32084655761719,538843.6455383301,SPY,1219
2021-11-23,539636.4846038818,78.32084655761719,539558.1637573242,SPY,1219
2021-11-24,541077.0533294678,78.32084655761719,540998.7324829102,SPY,1219
2021-11-26,529011.0068206787,78.32084655761719,528932.6859741211,SPY,1219
2021-11-29,535499.1834259033,78.32084655761719,535420.8625793457,SPY,1219
2021-11-30,525081.2124176025,78.32084655761719,525002.8915710449,SPY,1219
2021-12-01,519249.96699523926,78.32084655761719,519171.64614868164,SPY,1219
2021-12-02,527201.7024993896,78.32084655761719,527123.381652832,SPY,1219
2021-12-03,522615.0141143799,78.32084655761719,522536.69326782227,SPY,1219
2021-12-06,528803.5744476318,78.32084655761719,528725.2536010742,SPY,1219
2021-12-07,539740.2751922607,78.32084655761719,539661.9543457031,SPY,1219
2021-12-08,541169.2372283936,78.32084655761719,541090.9163818359,SPY,1219
2021-12-09,537516.0689239502,78.32084655761719,537437.7480773926,SPY,1219
2021-12-10,542575.134689331,78.32084655761719,542496.8138427734,SPY,1219
2021-12-13,537769.5560455322,78.32084655761719,537691.2351989746,SPY,1219
2021-12-14,534070.2213897705,78.32084655761719,533991.9005432129,SPY,1219
2021-12-15,542413.9058685303,78.32084655761719,542335.5850219727,SPY,1219
2021-12-16,537631.2801971436,78.32084655761719,537552.9593505859,SPY,1219
2021-12-17,531910.2239227295,78.32084655761719,531831.9030761719,SPY,1219
2021-12-20,526254.9016876221,78.32084655761719,526176.5808410645,SPY,1219
2021-12-21,535599.2911224365,78.32084655761719,535520.9702758789,SPY,1219
2021-12-22,540953.8438568115,78.32084655761719,540875.5230102539,SPY,1219
2021-12-23,544319.2257843018,78.32084655761719,544240.9049377441,SPY,1219
2021-12-27,552021.41746521,78.32084655761719,551943.0966186523,SPY,1219
2021-12-28,551570.3562164307,78.32084655761719,551492.035369873,SPY,1219
2021-12-29,552275.7974090576,78.32084655761719,552197.4765625,SPY,1219
2021-12-30,550749.2573394775,78.32084655761719,550670.9364929199,SPY,1219
2021-12-31,549361.439529419,78.32084655761719,549283.1186828613,SPY,1219
2022-01-03,552541.8584442139,78.32084655761719,552463.5375976562,SPY,1219
2022-01-04,552356.7466278076,78.32084655761719,552278.42578125,SPY,1219
2022-01-05,541751.7665557861,78.32084655761719,541673.4457092285,SPY,1219
2022-01-06,541242.9694671631,78.32084655761719,541164.6486206055,SPY,1219
2022-01-07,539103.4697113037,78.32084655761719,539025.1488647461,SPY,1219
2022-01-10,538432.6997833252,78.32084655761719,538354.3789367676,SPY,1219
2022-01-11,543336.1912689209,78.32084655761719,543257.8704223633,SPY,1219
2022-01-12,544804.9954986572,78.32084655761719,544726.6746520996,SPY,1219
2022-01-13,537299.3735198975,78.32084655761719,537221.0526733398,SPY,1219
2022-01-14,537519.044998169,78.32084655761719,537440.7241516113,SPY,1219
2022-01-18,528001.1876373291,78.32084655761719,527922.8667907715,SPY,1219
2022-01-19,522519.51933288574,78.32084655761719,522441.1984863281,SPY,1219
2022-01-20,516737.0443267822,78.32084655761719,516658.7234802246,SPY,1219
2022-01-21,506594.80659484863,78.32084655761719,506516.485748291,SPY,1219
2022-01-24,508745.7642364502,78.32084655761719,508667.4433898926,SPY,1219
2022-01-25,502535.44136047363,78.32084655761719,502457.120513916,SPY,1219
2022-01-26,501274.9623260498,78.32084655761719,501196.6414794922,SPY,1219
2022-01-27,498800.02180480957,78.32084655761719,498721.70095825195,SPY,1219
2022-01-28,511185.9590911865,78.32084655761719,511107.6382446289,SPY,1219
2022-01-31,520391.6262664795,78.32084655761719,520313.3054199219,SPY,1219
2022-02-01,523907.2999420166,78.32084655761719,523828.979095459,SPY,1219
2022-02-02,528995.7916412354,78.32084655761719,528917.4707946777,SPY,1219
2022-02-03,516563.61360168457,78.32084655761719,516485.29275512695,SPY,1219
2022-02-04,518992.27616882324,78.32084655761719,518913.9553222656,SPY,1219
2022-02-07,517326.7906341553,78.32084655761719,517248.46978759766,SPY,1219
2022-02-08,521582.7255706787,78.32084655761719,521504.4047241211,SPY,1219
2022-02-09,529215.5003204346,78.32084655761719,529137.179473877,SPY,1219
2022-02-10,519709.2868499756,78.32084655761719,519630.96600341797,SPY,1219
2022-02-11,509462.849319458,78.32084655761719,509384.5284729004,SPY,1219
2022-02-14,507797.47538757324,78.32084655761719,507719.1545410156,SPY,1219
2022-02-15,515985.3251800537,78.32084655761719,515907.0043334961,SPY,1219
2022-02-16,516563.61360168457,78.32084655761719,516485.29275512695,SPY,1219
2022-02-17,505530.78565979004,78.32084655761719,505452.4648132324,SPY,1219
2022-02-18,502257.9224395752,78.32084655761719,502179.6015930176,SPY,1219
2022-02-22,496868.7728424072,78.32084655761719,496790.4519958496,SPY,1219
2022-02-23,488056.24507141113,78.32084655761719,487977.9242248535,SPY,1219
2022-02-24,495399.93141174316,78.32084655761719,495321.61056518555,SPY,1219
2022-02-25,506328.7455596924,78.32084655761719,506250.42471313477,SPY,1219
2022-02-28,505033.4464569092,78.32084655761719,504955.12561035156,SPY,1219
2022-03-01,497342.89866638184,78.32084655761719,497264.5778198242,SPY,1219
2022-03-02,506490.6811981201,78.32084655761719,506412.3603515625,SPY,1219
2022-03-03,503969.4627227783,78.32084655761719,503891.1418762207,SPY,1219
2022-03-04,499875.5750274658,78.32084655761719,499797.2541809082,SPY,1219
2022-03-07,485141.88719177246,78.32084655761719,485063.56634521484,SPY,1219
2022-03-08,481464.3522796631,78.32084655761719,481386.03143310547,SPY,1219
2022-03-09,494370.73054504395,78.32084655761719,494292.4096984863,SPY,1219
2022-03-10,492138.7120819092,78.32084655761719,492060.39123535156,SPY,1219
2022-03-11,485882.11125183105,78.32084655761719,485803.79040527344,SPY,1219
2022-03-14,482331.69190979004,78.32084655761719,482253.3710632324,SPY,1219
2022-03-15,492936.6719818115,78.32084655761719,492858.3511352539,SPY,1219
2022-03-16,503865.37452697754,78.32084655761719,503787.0536804199,SPY,1219
2022-03-17,510168.3277130127,78.32084655761719,510090.0068664551,SPY,1219
2022-03-18,515755.16304016113,78.32084655761719,515676.8421936035,SPY,1219
2022-03-21,515604.42488098145,78.32084655761719,515526.1040344238,SPY,1219
2022-03-22,521636.7041168213,78.32084655761719,521558.3832702637,SPY,1219
2022-03-23,514919.8906097412,78.32084655761719,514841.5697631836,SPY,1219
2022-03-24,522680.8597564697,78.32084655761719,522602.5389099121,SPY,1219
2022-03-25,525233.0666046143,78.32084655761719,525154.7457580566,SPY,1219
2022-03-28,528968.3745574951,78.32084655761719,528890.0537109375,SPY,1219
2022-03-29,535511.273727417,78.32084655761719,535432.9528808594,SPY,1219
2022-03-30,532205.0784759521,78.32084655761719,532126.7576293945,SPY,1219
2022-03-31,524014.9966278076,78.32084655761719,523936.67578125,SPY,1219
2022-04-01,525499.7972564697,78.32084655761719,525421.4764099121,SPY,1219
2022-04-04,530000.8863067627,78.32084655761719,529922.5654602051,SPY,1219
2022-04-05,523307.28617858887,78.32084655761719,523228.96533203125,SPY,1219
2022-04-06,518075.31050109863,78.32084655761719,517996.989654541,SPY,1219
2022-04-07,520685.4763946533,78.32084655761719,520607.1555480957,SPY,1219
2022-04-08,519293.4920806885,78.32084655761719,519215.17123413086,SPY,1219
2022-04-11,510418.838760376,78.32084655761719,510340.51791381836,SPY,1219
2022-04-12,508527.95280456543,78.32084655761719,508449.6319580078,SPY,1219
2022-04-13,514351.53483581543,78.32084655761719,514273.2139892578,SPY,1219
2022-04-14,507947.8787384033,78.32084655761719,507869.5578918457,SPY,1219
2022-04-18,508156.68754577637,78.32084655761719,508078.36669921875,SPY,1219
2022-04-19,516358.41328430176,78.32084655761719,516280.09243774414,SPY,1219
2022-04-20,515975.5785369873,78.32084655761719,515897.2576904297,SPY,1219
2022-04-21,508261.073348999,78.32084655761719,508182.7525024414,SPY,1219
2022-04-22,494316.93800354004,78.32084655761719,494238.6171569824,SPY,1219
2022-04-25,497182.376663208,78.32084655761719,497104.0558166504,SPY,1219
2022-04-26,482785.80363464355,78.32084655761719,482707.48278808594,SPY,1219
2022-04-27,484143.11668395996,78.32084655761719,484064.79583740234,SPY,1219
2022-04-28,496370.2804107666,78.32084655761719,496291.959564209,SPY,1219
2022-04-29,478029.47901916504,78.32084655761719,477951.1581726074,SPY,1219
2022-05-02,480906.52436828613,78.32084655761719,480828.2035217285,SPY,1219
2022-05-03,483110.6049346924,78.32084655761719,483032.28408813477,SPY,1219
2022-05-04,497820.48417663574,78.32084655761719,497742.1633300781,SPY,1219
2022-05-05,480129.28538513184,78.32084655761719,480050.9645385742,SPY,1219
2022-05-06,477263.80952453613,78.32084655761719,477185.4886779785,SPY,1219
2022-05-09,461985.64891052246,78.32084655761719,461907.32806396484,SPY,1219
2022-05-10,463052.9807281494,78.32084655761719,462974.6598815918,SPY,1219
2022-05-11,455698.0597076416,78.32084655761719,455619.738861084,SPY,1219
2022-05-12,455222.4458465576,78.32084655761719,455144.125,SPY,1219
2022-05-13,466103.903213501,78.32084655761719,466025.58236694336,SPY,1219
2022-05-16,464213.01725769043,78.32084655761719,464134.6964111328,SPY,1219
2022-05-17,473760.4493560791,78.32084655761719,473682.1285095215,SPY,1219
2022-05-18,454665.6223602295,78.32084655761719,454587.3015136719,SPY,1219
2022-05-19,451881.46772766113,78.32084655761719,451803.1468811035,SPY,1219
2022-05-20,452078.6326446533,78.32084655761719,452000.3117980957,SPY,1219
2022-05-23,460535.5567474365,78.32084655761719,460457.2359008789,SPY,1219
2022-05-24,457020.58988952637,78.32084655761719,456942.26904296875,SPY,1219
2022-05-25,461057.63456726074,78.32084655761719,460979.3137207031,SPY,1219
2022-05-26,470268.6214752197,78.32084655761719,470190.3006286621,SPY,1219
2022-05-27,481811.39973449707,78.32084655761719,481733.07888793945,SPY,1219
2022-05-31,479108.34312438965,78.32084655761719,479030.02227783203,SPY,1219
2022-06-01,475233.71769714355,78.32084655761719,475155.39685058594,SPY,1219
2022-06-02,484282.39695739746,78.32084655761719,484204.07611083984,SPY,1219
2022-06-03,476335.7951812744,78.32084655761719,476257.4743347168,SPY,1219
2022-06-06,477785.99894714355,78.32084655761719,477707.67810058594,SPY,1219
2022-06-07,482368.1488189697,78.32084655761719,482289.8279724121,SPY,1219
2022-06-08,477124.67805480957,78.32084655761719,477046.35720825195,SPY,1219
2022-06-09,465779.1763153076,78.32084655761719,465700.85546875,SPY,1219
2022-06-10,452275.83476257324,78.32084655761719,452197.5139160156,SPY,1219
2022-06-13,435106.6765899658,78.32084655761719,435028.3557434082,SPY,1219
2022-06-14,433795.82749938965,78.32084655761719,433717.50665283203,SPY,1219
2022-06-15,439979.03089904785,78.32084655761719,439900.71005249023,SPY,1219
2022-06-16,425420.1130218506,78.32084655761719,425341.79217529297,SPY,1219
2022-06-17,426336.92988586426,78.32084655761719,426258.60903930664,SPY,1219
2022-06-21,437067.46308898926,78.32084655761719,436989.14224243164,SPY,1219
2022-06-22,436275.232131958,78.32084655761719,436196.9112854004,SPY,1219
2022-06-23,440551.06956481934,78.32084655761719,440472.7487182617,SPY,1219
2022-06-24,454555.39601135254,78.32084655761719,454477.0751647949,SPY,1219
2022-06-27,452819.41471862793,78.32084655761719,452741.0938720703,SPY,1219
2022-06-28,443568.73442077637,78.32084655761719,443490.41357421875,SPY,1219
2022-06-29,443207.4390106201,78.32084655761719,443129.1181640625,SPY,1219
2022-06-30,439607.39363098145,78.32084655761719,439529.0727844238,SPY,1219
2022-07-01,444256.0959625244,78.32084655761719,444177.7751159668,SPY,1219
2022-07-05,445095.0140838623,78.32084655761719,445016.6932373047,SPY,1219
2022-07-06,446597.8943634033,78.32084655761719,446519.5735168457,SPY,1219
2022-07-07,453285.4679412842,78.32084655761719,453207.14709472656,SPY,1219
2022-07-08,452912.6402435303,78.32084655761719,452834.31939697266,SPY,1219
2022-07-11,447739.66523742676,78.32084655761719,447661.34439086914,SPY,1219
2022-07-12,443778.36164855957,78.32084655761719,443700.04080200195,SPY,1219
2022-07-13,441448.2071380615,78.32084655761719,441369.8862915039,SPY,1219
2022-07-14,440376.3740081787,78.32084655761719,440298.0531616211,SPY,1219
2022-07-15,448788.2477874756,78.32084655761719,448709.92694091797,SPY,1219
2022-07-18,445083.295791626,78.32084655761719,445004.97494506836,SPY,1219
2022-07-19,457106.9704437256,78.32084655761719,457028.64959716797,SPY,1219
2022-07-20,460019.6170806885,78.32084655761719,459941.29623413086,SPY,1219
2022-07-21,464703.39988708496,78.32084655761719,464625.07904052734,SPY,1219
2022-07-22,460392.4819793701,78.32084655761719,460314.1611328125,SPY,1219
2022-07-25,460951.7607269287,78.32084655761719,460873.4398803711,SPY,1219
2022-07-26,455499.10914611816,78.32084655761719,455420.78829956055,SPY,1219
2022-07-27,467324.80046081543,78.32084655761719,467246.4796142578,SPY,1219
2022-07-28,473185.1742095947,78.32084655761719,473106.8533630371,SPY,1219
2022-07-29,480082.56101989746,78.32084655761719,480004.24017333984,SPY,1219
2022-08-01,478661.07637023926,78.32084655761719,478582.75552368164,SPY,1219
2022-08-02,475503.6848297119,78.32084655761719,475425.3639831543,SPY,1219
2022-08-03,482948.5948944092,78.32084655761719,482870.27404785156,SPY,1219
2022-08-04,482622.37995910645,78.32084655761719,482544.0591125488,SPY,1219
2022-08-05,481806.786819458,78.32084655761719,481728.4659729004,SPY,1219
2022-08-08,481247.54527282715,78.32084655761719,481169.22442626953,SPY,1219
2022-08-09,479336.8312225342,78.32084655761719,479258.51037597656,SPY,1219
2022-08-10,489403.1046600342,78.32084655761719,489324.78381347656,SPY,1219
2022-08-11,489403.1046600342,78.32084655761719,489324.78381347656,SPY,1219
2022-08-12,497687.04444885254,78.32084655761719,497608.7236022949,SPY,1219
2022-08-15,499737.52238464355,78.32084655761719,499659.20153808594,SPY,1219
2022-08-16,500716.16719055176,78.32084655761719,500637.84634399414,SPY,1219
2022-08-17,497162.6973724365,78.32084655761719,497084.3765258789,SPY,1219
2022-08-18,498607.3209991455,78.32084655761719,498529.0001525879,SPY,1219
2022-08-19,491908.17793273926,78.32084655761719,491829.85708618164,SPY,1219
2022-08-22,481667.0601348877,78.32084655761719,481588.7392883301,SPY,1219
2022-08-23,480501.9642791748,78.32084655761719,480423.6434326172,SPY,1219
2022-08-24,482039.7762298584,78.32084655761719,481961.4553833008,SPY,1219
2022-08-25,488843.9375152588,78.32084655761719,488765.6166687012,SPY,1219
2022-08-26,472299.6805267334,78.32084655761719,472221.3596801758,SPY,1219
2022-08-29,469177.25785827637,78.32084655761719,469098.93701171875,SPY,1219
2022-08-30,464027.53343200684,78.32084655761719,463949.2125854492,SPY,1219
2022-08-31,460497.3513946533,78.32084655761719,460419.0305480957,SPY,1219
2022-09-01,461942.0494232178,78.32084655761719,461863.72857666016,SPY,1219
2022-09-02,457072.0015716553,78.32084655761719,456993.68072509766,SPY,1219
2022-09-06,455347.738571167,78.32084655761719,455269.4177246094,SPY,1219
2022-09-07,463526.548538208,78.32084655761719,463448.2276916504,SPY,1219
2022-09-08,466555.8572845459,78.32084655761719,466477.5364379883,SPY,1219
2022-09-09,473802.6724090576,78.32084655761719,473724.3515625,SPY,1219
2022-09-12,478894.1401824951,78.32084655761719,478815.8193359375,SPY,1219
2022-09-13,458073.97135925293,78.32084655761719,457995.6505126953,SPY,1219
2022-09-14,459821.5965423584,78.32084655761719,459743.2756958008,SPY,1219
2022-09-15,454602.0087738037,78.32084655761719,454523.6879272461,SPY,1219
2022-09-16,451134.5102996826,78.32084655761719,451056.189453125,SPY,1219
2022-09-19,454632.47633361816,78.32084655761719,454554.15548706055,SPY,1219
2022-09-20,449414.78581237793,78.32084655761719,449336.4649658203,SPY,1219
2022-09-21,441576.6619415283,78.32084655761719,441498.3410949707,SPY,1219
2022-09-22,437868.17585754395,78.32084655761719,437789.8550109863,SPY,1219
2022-09-23,430533.0457305908,78.32084655761719,430454.7248840332,SPY,1219
2022-09-26,426274.6555328369,78.32084655761719,426196.3346862793,SPY,1219
2022-09-27,425186.7888031006,78.32084655761719,425108.46795654297,SPY,1219
2022-09-28,433551.34300231934,78.32084655761719,433473.0221557617,SPY,1219
2022-09-29,424496.52558898926,78.32084655761719,424418.20474243164,SPY,1219
2022-09-30,417933.46351623535,78.32084655761719,417855.14266967773,SPY,1219
2022-10-03,428965.39863586426,78.32084655761719,428887.07778930664,SPY,1219
2022-10-04,442255.2068634033,78.32084655761719,442176.8860168457,SPY,1219
2022-10-05,441225.6711883545,78.32084655761719,441147.3503417969,SPY,1219
2022-10-06,436674.91889953613,78.32084655761719,436596.5980529785,SPY,1219
2022-10-07,424496.52558898926,78.32084655761719,424418.20474243164,SPY,1219
2022-10-10,421255.95277404785,78.32084655761719,421177.63192749023,SPY,1219
2022-10-11,418588.64625549316,78.32084655761719,418510.32540893555,SPY,1219
2022-10-12,417208.194229126,78.32084655761719,417129.87338256836,SPY,1219
2022-10-13,428216.6927642822,78.32084655761719,428138.3719177246,SPY,1219
2022-10-14,418460.0054473877,78.32084655761719,418381.6846008301,SPY,1219
2022-10-17,429211.1107635498,78.32084655761719,429132.7899169922,SPY,1219
2022-10-18,434253.2501068115,78.32084655761719,434174.9292602539,SPY,1219
2022-10-19,431176.47297668457,78.32084655761719,431098.15213012695,SPY,1219
2022-10-20,427561.5844268799,78.32084655761719,427483.26358032227,SPY,1219
2022-10-21,437950.09230041504,78.32084655761719,437871.7714538574,SPY,1219
2022-10-24,443308.03031921387,78.32084655761719,443229.70947265625,SPY,1219
2022-10-25,450385.8044281006,78.32084655761719,450307.48358154297,SPY,1219
2022-10-26,446993.1914215088,78.32084655761719,446914.8705749512,SPY,1219
2022-10-27,444606.64030456543,78.32084655761719,444528.3194580078,SPY,1219
2022-10-28,455182.2688446045,78.32084655761719,455103.9479980469,SPY,1219
2022-10-31,451894.89726257324,78.32084655761719,451816.5764160156,SPY,1219
2022-11-01,449917.7795562744,78.32084655761719,449839.4587097168,SPY,1219
2022-11-02,438628.56282043457,78.32084655761719,438550.24197387695,SPY,1219
2022-11-03,434112.92820739746,78.32084655761719,434034.60736083984,SPY,1219
2022-11-04,440359.96839904785,78.32084655761719,440281.64755249023,SPY,1219
2022-11-07,444571.5226287842,78.32084655761719,444493.20178222656,SPY,1219
2022-11-08,446969.79203796387,78.32084655761719,446891.47119140625,SPY,1219
2022-11-09,437762.86003112793,78.32084655761719,437684.5391845703,SPY,1219
2022-11-10,461815.41746520996,78.32084655761719,461737.09661865234,SPY,1219
2022-11-11,466284.40211486816,78.32084655761719,466206.08126831055,SPY,1219
2022-11-14,462318.52281188965,78.32084655761719,462240.20196533203,SPY,1219
2022-11-15,466261.039932251,78.32084655761719,466182.71908569336,SPY,1219
2022-11-16,462704.55683898926,78.32084655761719,462626.23599243164,SPY,1219
2022-11-17,461288.9499359131,78.32084655761719,461210.62908935547,SPY,1219
2022-11-18,463383.0273590088,78.32084655761719,463304.7065124512,SPY,1219
2022-11-21,461698.42054748535,78.32084655761719,461620.09970092773,SPY,1219
2022-11-22,467910.49186706543,78.32084655761719,467832.1710205078,SPY,1219
2022-11-23,470858.5909881592,78.32084655761719,470780.27014160156,SPY,1219
2022-11-25,470753.27516174316,78.32084655761719,470674.95431518555,SPY,1219
2022-11-28,463242.7054595947,78.32084655761719,463164.3846130371,SPY,1219
2022-11-29,462447.1636199951,78.32084655761719,462368.8427734375,SPY,1219
2022-11-30,477012.0708465576,78.32084655761719,476933.75,SPY,1219
2022-12-01,476661.191696167,78.32084655761719,476582.8708496094,SPY,1219
2022-12-02,476111.36198425293,78.32084655761719,476033.0411376953,SPY,1219
2022-12-05,467547.8944244385,78.32084655761719,467469.57357788086,SPY,1219
2022-12-06,460809.3555755615,78.32084655761719,460731.0347290039,SPY,1219
2022-12-07,460025.53202819824,78.32084655761719,459947.2111816406,SPY,1219
2022-12-08,463628.73948669434,78.32084655761719,463550.4186401367,SPY,1219
2022-12-09,460165.89112854004,78.32084655761719,460087.5702819824,SPY,1219
2022-12-12,466799.114151001,78.32084655761719,466720.79330444336,SPY,1219
2022-12-13,470332.1234588623,78.32084655761719,470253.8026123047,SPY,1219
2022-12-14,467325.5444793701,78.32084655761719,467247.2236328125,SPY,1219
2022-12-15,455895.894241333,78.32084655761719,455817.5733947754,SPY,1219
2022-12-16,450514.4824371338,78.32084655761719,450436.1615905762,SPY,1219
2022-12-19,446694.91438293457,78.32084655761719,446616.59353637695,SPY,1219
2022-12-20,447306.0512237549,78.32084655761719,447227.73037719727,SPY,1219
2022-12-21,453993.21559143066,78.32084655761719,453914.89474487305,SPY,1219
2022-12-22,447517.57569885254,78.32084655761719,447439.2548522949,SPY,1219
2022-12-23,450091.3218841553,78.32084655761719,450013.00103759766,SPY,1219
2022-12-27,448316.7260284424,78.32084655761719,448238.40518188477,SPY,1219
2022-12-28,442746.14750671387,78.32084655761719,442667.82666015625,SPY,1219
2022-12-29,450714.2514190674,78.32084655761719,450635.93057250977,SPY,1219
2022-12-30,449527.24421691895,78.32084655761719,449448.9233703613,SPY,1219
2023-01-03,447635.09342956543,78.32084655761719,447556.7725830078,SPY,1219
2023-01-04,451090.3155975342,78.32084655761719,451011.99475097656,SPY,1219
2023-01-05,445942.7116241455,78.32084655761719,445864.3907775879,SPY,1219
2023-01-06,456167.4238128662,78.32084655761719,456089.1029663086,SPY,1219
2023-01-09,455908.80296325684,78.32084655761719,455830.4821166992,SPY,1219
2023-01-10,459105.4786834717,78.32084655761719,459027.15783691406,SPY,1219
2023-01-11,464911.1298675537,78.32084655761719,464832.8090209961,SPY,1219
2023-01-12,466603.54887390137,78.32084655761719,466525.22802734375,SPY,1219
2023-01-13,468413.4484100342,78.32084655761719,468335.12756347656,SPY,1219
2023-01-17,467555.44621276855,78.32084655761719,467477.12536621094,SPY,1219
2023-01-18,460174.89375305176,78.32084655761719,460096.57290649414,SPY,1219
2023-01-19,456825.5082244873,78.32084655761719,456747.1873779297,SPY,1219
2023-01-20,465334.2904205322,78.32084655761719,465255.9695739746,SPY,1219
2023-01-23,470916.6988372803,78.32084655761719,470838.37799072266,SPY,1219
2023-01-24,470411.435836792,78.32084655761719,470333.1149902344,SPY,1219
2023-01-25,470587.6566314697,78.32084655761719,470509.3357849121,SPY,1219
2023-01-26,475758.7343902588,78.32084655761719,475680.4135437012,SPY,1219
2023-01-27,476851.660446167,78.32084655761719,476773.3395996094,SPY,1219
2023-01-30,470869.6396636963,78.32084655761719,470791.3188171387,SPY,1219
2023-01-31,477791.8766937256,78.32084655761719,477713.55584716797,SPY,1219
2023-02-01,482868.9477081299,78.32084655761719,482790.62686157227,SPY,1219
2023-02-02,489896.946975708,78.32084655761719,489818.6261291504,SPY,1219
2023-02-03,484690.565536499,78.32084655761719,484612.2446899414,SPY,1219
2023-02-06,481728.92527770996,78.32084655761719,481650.60443115234,SPY,1219
2023-02-07,488028.3071746826,78.32084655761719,487949.986328125,SPY,1219
2023-02-08,482692.6525115967,78.32084655761719,482614.33166503906,SPY,1219
2023-02-09,478508.738571167,78.32084655761719,478430.4177246094,SPY,1219
2023-02-10,479625.2872161865,78.32084655761719,479546.9663696289,SPY,1219
2023-02-13,485254.64320373535,78.32084655761719,485176.32235717773,SPY,1219
2023-02-14,485031.36323547363,78.32084655761719,484953.042388916,SPY,1219
2023-02-15,486606.22731018066,78.32084655761719,486527.90646362305,SPY,1219
2023-02-16,479907.3074493408,78.32084655761719,479828.9866027832,SPY,1219
2023-02-17,478708.6191558838,78.32084655761719,478630.2983093262,SPY,1219
2023-02-21,469106.8365020752,78.32084655761719,469028.5156555176,SPY,1219
2023-02-22,468460.47038269043,78.32084655761719,468382.1495361328,SPY,1219
2023-02-23,470951.9281158447,78.32084655761719,470873.6072692871,SPY,1219
2023-02-24,465921.8790740967,78.32084655761719,465843.55822753906,SPY,1219
2023-02-27,467508.4986419678,78.32084655761719,467430.17779541016,SPY,1219
2023-02-28,465780.92475891113,78.32084655761719,465702.6039123535,SPY,1219
2023-03-01,463994.53620910645,78.32084655761719,463916.2153625488,SPY,1219
2023-03-02,467602.50538635254,78.32084655761719,467524.1845397949,SPY,1219
2023-03-03,475100.5755767822,78.32084655761719,475022.2547302246,SPY,1219
2023-03-06,475429.69218444824,78.32084655761719,475351.3713378906,SPY,1219
2023-03-07,468143.1464691162,78.32084655761719,468064.8256225586,SPY,1219
2023-03-08,468906.99311828613,78.32084655761719,468828.6722717285,SPY,1219
2023-03-09,460257.21940612793,78.32084655761719,460178.8985595703,SPY,1219
2023-03-10,453617.11421203613,78.32084655761719,453538.7933654785,SPY,1219
2023-03-13,452970.74809265137,78.32084655761719,452892.42724609375,SPY,1219
2023-03-14,460457.062789917,78.32084655761719,460378.7419433594,SPY,1219
2023-03-15,457577.71098327637,78.32084655761719,457499.39013671875,SPY,1219
2023-03-16,465604.5923614502,78.32084655761719,465526.2715148926,SPY,1219
2023-03-17,460161.35261535645,78.32084655761719,460083.0317687988,SPY,1219
2023-03-20,464585.32414245605,78.32084655761719,464507.00329589844,SPY,1219
2023-03-21,470684.5650482178,78.32084655761719,470606.24420166016,SPY,1219
2023-03-22,462662.33378601074,78.32084655761719,462584.0129394531,SPY,1219
2023-03-23,463912.8801727295,78.32084655761719,463834.5593261719,SPY,1219
2023-03-24,466956.6228790283,78.32084655761719,466878.3020324707,SPY,1219
2023-03-27,467829.57984924316,78.32084655761719,467751.25900268555,SPY,1219
2023-03-28,466779.6580657959,78.32084655761719,466701.3372192383,SPY,1219
2023-03-29,473563.135635376,78.32084655761719,473484.81478881836,SPY,1219
2023-03-30,476335.4603729248,78.32084655761719,476257.1395263672,SPY,1219
2023-03-31,483048.0701751709,78.32084655761719,482969.7493286133,SPY,1219
2023-04-03,484888.51167297363,78.32084655761719,484810.190826416,SPY,1219
2023-04-04,482198.6613922119,78.32084655761719,482120.3405456543,SPY,1219
2023-04-05,480936.39671325684,78.32084655761719,480858.0758666992,SPY,1219
2023-04-06,482812.10469055176,78.32084655761719,482733.78384399414,SPY,1219
2023-04-10,483307.62104797363,78.32084655761719,483229.300201416,SPY,1219
2023-04-11,483437.41508483887,78.32084655761719,483359.09423828125,SPY,1219
2023-04-12,481467.21675109863,78.32084655761719,481388.895904541,SPY,1219
2023-04-13,487861.4238128662,78.32084655761719,487783.1029663086,SPY,1219
2023-04-14,486669.8780975342,78.32084655761719,486591.55725097656,SPY,1219
2023-04-17,488415.86643981934,78.32084655761719,488337.5455932617,SPY,1219
2023-04-18,488734.4551849365,78.32084655761719,488656.1343383789,SPY,1219
2023-04-19,488651.8691253662,78.32084655761719,488573.5482788086,SPY,1219
2023-04-20,485985.67863464355,78.32084655761719,485907.35778808594,SPY,1219
2023-04-21,486363.15644836426,78.32084655761719,486284.83560180664,SPY,1219
2023-04-24,486870.4282989502,78.32084655761719,486792.1074523926,SPY,1219
2023-04-25,479143.163192749,78.32084655761719,479064.8423461914,SPY,1219
2023-04-26,477114.0757904053,78.32084655761719,477035.75494384766,SPY,1219
2023-04-27,486610.8402252197,78.32084655761719,486532.5193786621,SPY,1219
2023-04-28,490763.61698913574,78.32084655761719,490685.2961425781,SPY,1219
2023-05-01,490267.98902893066,78.32084655761719,490189.66818237305,SPY,1219
2023-05-02,484758.75483703613,78.32084655761719,484680.4339904785,SPY,1219
2023-05-03,481431.875869751,78.32084655761719,481353.55502319336,SPY,1219
2023-05-04,478022.485244751,78.32084655761719,477944.16439819336,SPY,1219
2023-05-05,486870.4282989502,78.32084655761719,486792.1074523926,SPY,1219
2023-05-08,487000.22233581543,78.32084655761719,486921.9014892578,SPY,1219
2023-05-09,484864.8890838623,78.32084655761719,484786.5682373047,SPY,1219
2023-05-10,487129.97917175293,78.32084655761719,487051.6583251953,SPY,1219
2023-05-11,486280.6075897217,78.32084655761719,486202.28674316406,SPY,1219
2023-05-12,485643.46730041504,78.32084655761719,485565.1464538574,SPY,1219
2023-05-15,487318.7738800049,78.32084655761719,487240.45303344727,SPY,1219
2023-05-16,484062.68827819824,78.32084655761719,483984.3674316406,SPY,1219
2023-05-17,489937.7191925049,78.32084655761719,489859.39834594727,SPY,1219
2023-05-18,494656.5824737549,78.32084655761719,494578.26162719727,SPY,1219
2023-05-19,493937.0421295166,78.32084655761719,493858.721282959,SPY,1219
2023-05-22,494137.51792907715,78.32084655761719,494059.19708251953,SPY,1219
2023-05-23,488592.794052124,78.32084655761719,488514.4732055664,SPY,1219
2023-05-24,485053.6465911865,78.32084655761719,484975.3257446289,SPY,1219
2023-05-25,489253.4825286865,78.32084655761719,489175.1616821289,SPY,1219
2023-05-26,495588.65171813965,78.32084655761719,495510.33087158203,SPY,1219
2023-05-30,495777.40922546387,78.32084655761719,495699.08837890625,SPY,1219
2023-05-31,493028.6326751709,78.32084655761719,492950.3118286133,SPY,1219
2023-06-01,497712.1178741455,78.32084655761719,497633.7970275879,SPY,1219
2023-06-02,504908.5629425049,78.32084655761719,504830.24209594727,SPY,1219
2023-06-05,503941.1900177002,78.32084655761719,503862.8691711426,SPY,1219
2023-06-06,505038.28257751465,78.32084655761719,504959.96173095703,SPY,1219
2023-06-07,503292.2942352295,78.32084655761719,503213.9733886719,SPY,1219
2023-06-08,506335.96253967285,78.32084655761719,506257.64169311523,SPY,1219
2023-06-09,507244.37199401855,78.32084655761719,507166.05114746094,SPY,1219
2023-06-12,511845.27113342285,78.32084655761719,511766.95028686523,SPY,1219
2023-06-13,515219.28367614746,78.32084655761719,515140.96282958984,SPY,1219
2023-06-14,515832.8013763428,78.32084655761719,515754.48052978516,SPY,1219
2023-06-15,522226.9340362549,78.32084655761719,522148.61318969727,SPY,1219
2023-06-16,520448.39488220215,78.32084655761719,520370.07403564453,SPY,1219
2023-06-20,517748.61195373535,78.32084655761719,517670.29110717773,SPY,1219
2023-06-21,515096.22300720215,78.32084655761719,515017.90216064453,SPY,1219
2023-06-22,516955.26496887207,78.32084655761719,516876.94412231445,SPY,1219
2023-06-23,513047.6795196533,78.32084655761719,512969.3586730957,SPY,1219
2023-06-26,510951.81645202637,78.32084655761719,510873.49560546875,SPY,1219
2023-06-27,516552.67652893066,78.32084655761719,516474.35568237305,SPY,1219
2023-06-28,516813.26902770996,78.32084655761719,516734.94818115234,SPY,1219
2023-06-29,518849.87101745605,78.32084655761719,518771.55017089844,SPY,1219
2023-06-30,524971.7300872803,78.32084655761719,524893.4092407227,SPY,1219
2023-07-03,525575.6499481201,78.32084655761719,525497.3291015625,SPY,1219
2023-07-05,524794.0956573486,78.32084655761719,524715.774810791,SPY,1219
2023-07-06,520685.17878723145,78.32084655761719,520606.8579406738,SPY,1219
2023-07-07,519370.83280944824,78.32084655761719,519292.5119628906,SPY,1219
2023-07-10,520685.17878723145,78.32084655761719,520606.8579406738,SPY,1219
2023-07-11,524000.6742706299,78.32084655761719,523922.35342407227,SPY,1219
2023-07-12,528216.171798706,78.32084655761719,528137.8509521484,SPY,1219
2023-07-13,532407.89793396,78.32084655761719,532329.5770874023,SPY,1219
2023-07-14,532076.3632659912,78.32084655761719,531998.0424194336,SPY,1219
2023-07-17,533923.6125335693,78.32084655761719,533845.2916870117,SPY,1219
2023-07-18,537890.3474578857,78.32084655761719,537812.0266113281,SPY,1219
2023-07-19,539086.2828826904,78.32084655761719,539007.9620361328,SPY,1219
2023-07-20,535510.3065032959,78.32084655761719,535431.9856567383,SPY,1219
2023-07-21,535510.3065032959,78.32084655761719,535431.9856567383,SPY,1219
2023-07-24,537902.1773529053,78.32084655761719,537823.8565063477,SPY,1219
2023-07-25,539370.497970581,78.32084655761719,539292.1771240234,SPY,1219
2023-07-26,539453.418838501,78.32084655761719,539375.0979919434,SPY,1219
2023-07-27,535877.3308563232,78.32084655761719,535799.0100097656,SPY,1219
2023-07-28,541122.9964752197,78.32084655761719,541044.6756286621,SPY,1219
2023-07-31,542153.2017669678,78.32084655761719,542074.8809204102,SPY,1219
2023-08-01,540601.9602813721,78.32084655761719,540523.6394348145,SPY,1219
2023-08-02,533082.9087677002,78.32084655761719,533004.5879211426,SPY,1219
2023-08-03,531555.3270721436,78.32084655761719,531477.0062255859,SPY,1219
2023-08-04,529151.6635284424,78.32084655761719,529073.3426818848,SPY,1219
2023-08-07,533769.6750946045,78.32084655761719,533691.3542480469,SPY,1219
2023-08-08,531448.82081604,78.32084655761719,531370.4999694824,SPY,1219
2023-08-09,527896.4670257568,78.32084655761719,527818.1461791992,SPY,1219
2023-08-10,528085.931350708,78.32084655761719,528007.6105041504,SPY,1219
2023-08-11,527778.1308746338,78.32084655761719,527699.8100280762,SPY,1219
2023-08-14,530690.9263153076,78.32084655761719,530612.60546875,SPY,1219
2023-08-15,524509.9921722412,78.32084655761719,524431.6713256836,SPY,1219
2023-08-16,520661.48179626465,78.32084655761719,520583.16094970703,SPY,1219
2023-08-17,516694.85847473145,78.32084655761719,516616.5376281738,SPY,1219
2023-08-18,516943.4722747803,78.32084655761719,516865.15142822266,SPY,1219
2023-08-21,520306.28733825684,78.32084655761719,520227.9664916992,SPY,1219
2023-08-22,518897.2277984619,78.32084655761719,518818.9069519043,SPY,1219
2023-08-23,524675.7223052979,78.32084655761719,524597.4014587402,SPY,1219
2023-08-24,517405.2845916748,78.32084655761719,517326.9637451172,SPY,1219
2023-08-25,521052.314743042,78.32084655761719,520973.9938964844,SPY,1219
2023-08-28,524355.9803314209,78.32084655761719,524277.6594848633,SPY,1219
2023-08-29,531934.3301239014,78.32084655761719,531856.0092773438,SPY,1219
2023-08-30,534124.9439544678,78.32084655761719,534046.6231079102,SPY,1219
2023-08-31,533343.426864624,78.32084655761719,533265.1060180664,SPY,1219
2023-09-01,534338.0308685303,78.32084655761719,534259.7100219727,SPY,1219
2023-09-05,532028.9692840576,78.32084655761719,531950.6484375,SPY,1219
2023-09-06,528452.9929046631,78.32084655761719,528374.6720581055,SPY,1219
2023-09-07,526830.7720489502,78.32084655761719,526752.4512023926,SPY,1219
2023-09-08,527624.0818328857,78.32084655761719,527545.7609863281,SPY,1219
2023-09-11,531093.6263580322,78.32084655761719,531015.3055114746,SPY,1219
2023-09-12,528180.6821136475,78.32084655761719,528102.3612670898,SPY,1219
2023-09-13,528796.4318695068,78.32084655761719,528718.1110229492,SPY,1219
2023-09-14,533355.2195587158,78.32084655761719,533276.8987121582,SPY,1219
2023-09-15,526930.1729278564,78.32084655761719,526851.8520812988,SPY,1219
2023-09-18,527239.0894317627,78.32084655761719,527160.7685852051,SPY,1219
2023-09-19,526145.9029693604,78.32084655761719,526067.5821228027,SPY,1219
2023-09-20,521309.5591583252,78.32084655761719,521231.2383117676,SPY,1219
2023-09-21,512694.49391174316,78.32084655761719,512616.17306518555,SPY,1219
2023-09-22,511541.7487640381,78.32084655761719,511463.42791748047,SPY,1219
2023-09-25,513692.6320037842,78.32084655761719,513614.31115722656,SPY,1219
2023-09-26,506146.9818267822,78.32084655761719,506068.6609802246,SPY,1219
2023-09-27,506349.0200653076,78.32084655761719,506270.69921875,SPY,1219
2023-09-28,509283.98725891113,78.32084655761719,509205.6664123535,SPY,1219
2023-09-29,508048.24684143066,78.32084655761719,507969.92599487305,SPY,1219
2023-10-02,507846.2086029053,78.32084655761719,507767.88775634766,SPY,1219
2023-10-03,501049.1898956299,78.32084655761719,500970.86904907227,SPY,1219
2023-10-04,504697.29887390137,78.32084655761719,504618.97802734375,SPY,1219
2023-10-05,504507.12773132324,78.32084655761719,504428.8068847656,SPY,1219
2023-10-06,510496.1050872803,78.32084655761719,510417.78424072266,SPY,1219
2023-10-09,513763.90898132324,78.32084655761719,513685.5881347656,SPY,1219
2023-10-10,516437.5768585205,78.32084655761719,516359.2560119629,SPY,1219
2023-10-11,518552.71000671387,78.32084655761719,518474.38916015625,SPY,1219
2023-10-12,515391.8587799072,78.32084655761719,515313.5379333496,SPY,1219
2023-10-13,512825.1435699463,78.32084655761719,512746.8227233887,SPY,1219
2023-10-16,518219.9849090576,78.32084655761719,518141.6640625,SPY,1219
2023-10-17,518196.1763153076,78.32084655761719,518117.85546875,SPY,1219
2023-10-18,511292.24214172363,78.32084655761719,511213.921295166,SPY,1219
2023-10-19,506800.5277252197,78.32084655761719,506722.2068786621,SPY,1219
2023-10-20,500573.9108428955,78.32084655761719,500495.5899963379,SPY,1219
2023-10-23,499706.4224090576,78.32084655761719,499628.1015625,SPY,1219
2023-10-24,503473.3511505127,78.32084655761719,503395.0303039551,SPY,1219
2023-10-25,496248.48457336426,78.32084655761719,496170.16372680664,SPY,1219
2023-10-26,490307.1244049072,78.32084655761719,490228.8035583496,SPY,1219
2023-10-27,488084.92698669434,78.32084655761719,488006.6061401367,SPY,1219
2023-10-30,493919.483291626,78.32084655761719,493841.16244506836,SPY,1219
2023-10-31,497020.8874359131,78.32084655761719,496942.56658935547,SPY,1219
2023-11-01,502320.64320373535,78.32084655761719,502242.32235717773,SPY,1219
2023-11-02,511945.8624420166,78.32084655761719,511867.541595459,SPY,1219
2023-11-03,516615.84370422363,78.32084655761719,516537.522857666,SPY,1219
2023-11-06,517804.0785369873,78.32084655761719,517725.7576904297,SPY,1219
2023-11-07,519277.4956817627,78.32084655761719,519199.1748352051,SPY,1219
2023-11-08,519657.8007659912,78.32084655761719,519579.4799194336,SPY,1219
2023-11-09,515605.6897125244,78.32084655761719,515527.3688659668,SPY,1219
2023-11-10,523650.4647369385,78.32084655761719,523572.14389038086,SPY,1219
2023-11-13,523151.3770904541,78.32084655761719,523073.0562438965,SPY,1219
2023-11-14,533299.4181671143,78.32084655761719,533221.0973205566,SPY,1219
2023-11-15,534428.2431182861,78.32084655761719,534349.9222717285,SPY,1219
2023-11-16,535081.8634185791,78.32084655761719,535003.5425720215,SPY,1219
2023-11-17,535747.2392120361,78.32084655761719,535668.9183654785,SPY,1219
2023-11-20,539870.6644439697,78.32084655761719,539792.3435974121,SPY,1219
2023-11-21,538694.1851043701,78.32084655761719,538615.8642578125,SPY,1219
2023-11-22,540773.7169647217,78.32084655761719,540695.3961181641,SPY,1219
2023-11-24,541106.3676605225,78.32084655761719,541028.0468139648,SPY,1219
2023-11-27,540132.0381622314,78.32084655761719,540053.7173156738,SPY,1219
2023-11-28,540666.8014984131,78.32084655761719,540588.4806518555,SPY,1219
2023-11-29,540286.4964141846,78.32084655761719,540208.175567627,SPY,1219
2023-11-30,542413.5338592529,78.32084655761719,542335.2130126953,SPY,1219
2023-12-01,545621.9278717041,78.32084655761719,545543.6070251465,SPY,1219
2023-12-04,542758.1260528564,78.32084655761719,542679.8052062988,SPY,1219
2023-12-05,542651.2477874756,78.32084655761719,542572.926940918,SPY,1219
2023-12-06,540464.8004608154,78.32084655761719,540386.4796142578,SPY,1219
2023-12-07,544588.1512908936,78.32084655761719,544509.8304443359,SPY,1219
2023-12-08,546929.0940704346,78.32084655761719,546850.773223877,SPY,1219
2023-12-11,549056.0571136475,78.32084655761719,548977.7362670898,SPY,1219
2023-12-12,551563.3624420166,78.32084655761719,551485.041595459,SPY,1219
2023-12-13,559168.4225006104,78.32084655761719,559090.1016540527,SPY,1219
2023-12-14,560962.7348480225,78.32084655761719,560884.4140014648,SPY,1219
2023-12-15,560039.2218170166,78.32084655761719,559960.900970459,SPY,1219
2023-12-18,563189.0987701416,78.32084655761719,563110.777923584,SPY,1219
2023-12-19,566613.2953643799,78.32084655761719,566534.9745178223,SPY,1219
2023-12-20,558762.6719818115,78.32084655761719,558684.3511352539,SPY,1219
2023-12-21,564060.0468902588,78.32084655761719,563981.7260437012,SPY,1219
2023-12-22,565193.5219573975,78.32084655761719,565115.2011108398,SPY,1219
2023-12-26,567579.7010650635,78.32084655761719,567501.3802185059,SPY,1219
2023-12-27,568605.777053833,78.32084655761719,568527.4562072754,SPY,1219
2023-12-28,568820.5380096436,78.32084655761719,568742.2171630859,SPY,1219
2023-12-29,567174.0993499756,78.32084655761719,567095.778503418,SPY,1219
2024-01-02,564000.4138031006,78.32084655761719,563922.092956543,SPY,1219
2024-01-03,559395.0505523682,78.32084655761719,559316.7297058105,SPY,1219
2024-01-04,557593.4096221924,78.32084655761719,557515.0887756348,SPY,1219
2024-01-05,558356.9586639404,78.32084655761719,558278.6378173828,SPY,1219
2024-01-08,566326.9970245361,78.32084655761719,566248.6761779785,SPY,1219
2024-01-09,565467.9160003662,78.32084655761719,565389.5951538086,SPY,1219
2024-01-10,568665.447341919,78.32084655761719,568587.1264953613,SPY,1219
2024-01-11,568414.8990936279,78.32084655761719,568336.5782470703,SPY,1219
2024-01-12,568808.5965118408,78.32084655761719,568730.2756652832,SPY,1219
2024-01-16,566720.6200408936,78.32084655761719,566642.2991943359,SPY,1219
2024-01-17,563570.8918914795,78.32084655761719,563492.5710449219,SPY,1219
2024-01-18,568581.8940582275,78.32084655761719,568503.5732116699,SPY,1219
2024-01-19,575668.9311981201,78.32084655761719,575590.6103515625,SPY,1219
2024-01-22,576885.9595489502,78.32084655761719,576807.6387023926,SPY,1219
2024-01-23,578568.1855010986,78.32084655761719,578489.864654541,SPY,1219
2024-01-24,579200.5640716553,78.32084655761719,579122.2432250977,SPY,1219
2024-01-25,582350.4038238525,78.32084655761719,582272.0829772949,SPY,1219
2024-01-26,581610.7005767822,78.32084655761719,581532.3797302246,SPY,1219
2024-01-29,586216.0638275146,78.32084655761719,586137.742980957,SPY,1219
2024-01-30,585762.6961212158,78.32084655761719,585684.3752746582,SPY,1219
2024-01-31,576205.9637908936,78.32084655761719,576127.6429443359,SPY,1219
2024-02-01,583746.368637085,78.32084655761719,583668.0477905273,SPY,1219
2024-02-02,589890.8830718994,78.32084655761719,589812.5622253418,SPY,1219
2024-02-05,587743.1991119385,78.32084655761719,587664.8782653809,SPY,1219
2024-02-06,589449.3452606201,78.32084655761719,589371.0244140625,SPY,1219
2024-02-07,594365.001449585,78.32084655761719,594286.6806030273,SPY,1219
2024-02-08,594627.453994751,78.32084655761719,594549.1331481934,SPY,1219
2024-02-09,598063.5548858643,78.32084655761719,597985.2340393066,SPY,1219
2024-02-12,597801.1023406982,78.32084655761719,597722.7814941406,SPY,1219
2024-02-13,589568.685836792,78.32084655761719,589490.3649902344,SPY,1219
2024-02-14,594925.7310333252,78.32084655761719,594847.4101867676,SPY,1219
2024-02-15,599030.072189331,78.32084655761719,598951.7513427734,SPY,1219
2024-02-16,596047.2646026611,78.32084655761719,595968.9437561035,SPY,1219
2024-02-20,592766.2171783447,78.32084655761719,592687.8963317871,SPY,1219
2024-02-21,593303.1753692627,78.32084655761719,593224.8545227051,SPY,1219
2024-02-22,605580.1511383057,78.32084655761719,605501.830291748,SPY,1219
2024-02-23,605997.8059539795,78.32084655761719,605919.4851074219,SPY,1219
2024-02-26,603778.5846099854,78.32084655761719,603700.2637634277,SPY,1219
2024-02-27,604900.1181793213,78.32084655761719,604821.7973327637,SPY,1219
2024-02-28,604100.7818450928,78.32084655761719,604022.4609985352,SPY,1219
2024-02-29,606272.1255950928,78.32084655761719,606193.8047485352,SPY,1219
2024-03-01,611963.2723236084,78.32084655761719,611884.9514770508,SPY,1219
2024-03-04,611307.1223602295,78.32084655761719,611228.8015136719,SPY,1219
2024-03-05,605198.3952178955,78.32084655761719,605120.0743713379,SPY,1219
2024-03-06,608264.6444854736,78.32084655761719,608186.323638916,SPY,1219
2024-03-07,614301.7970428467,78.32084655761719,614223.4761962891,SPY,1219
2024-03-08,610615.0735015869,78.32084655761719,610536.7526550293,SPY,1219
2024-03-11,610090.1312103271,78.32084655761719,610011.8103637695,SPY,1219
2024-03-12,616652.1888580322,78.32084655761719,616573.8680114746,SPY,1219
2024-03-13,615685.7459564209,78.32084655761719,615607.4251098633,SPY,1219
2024-03-14,614468.8664093018,78.32084655761719,614390.5455627441,SPY,1219
2024-03-15,610250.0579986572,78.32084655761719,610171.7371520996,SPY,1219
2024-03-18,613876.4044342041,78.32084655761719,613798.0835876465,SPY,1219
2024-03-19,617287.3946990967,78.32084655761719,617209.0738525391,SPY,1219
2024-03-20,622996.0630645752,78.32084655761719,622917.7422180176,SPY,1219
2024-03-21,625054.7996063232,78.32084655761719,624976.4787597656,SPY,1219
2024-03-22,623869.7640533447,78.32084655761719,623791.4432067871,SPY,1219
2024-03-25,622146.3938751221,78.32084655761719,622068.0730285645,SPY,1219
2024-03-26,620997.4432220459,78.32084655761719,620919.1223754883,SPY,1219
2024-03-27,626215.5429534912,78.32084655761719,626137.2221069336,SPY,1219
2024-03-28,626095.830368042,78.32084655761719,626017.5095214844,SPY,1219
2024-04-01,625006.8104095459,78.32084655761719,624928.4895629883,SPY,1219
2024-04-02,621033.3793182373,78.32084655761719,620955.0584716797,SPY,1219
2024-04-03,621715.5327301025,78.32084655761719,621637.2118835449,SPY,1219
2024-04-04,614127.808303833,78.32084655761719,614049.4874572754,SPY,1219
2024-04-05,620542.6990814209,78.32084655761719,620464.3782348633,SPY,1219
2024-04-08,620889.7093353271,78.32084655761719,620811.3884887695,SPY,1219
2024-04-09,621607.7988433838,78.32084655761719,621529.4779968262,SPY,1219
2024-04-10,615384.3812408447,78.32084655761719,615306.0603942871,SPY,1219
2024-04-11,620028.0242462158,78.32084655761719,619949.7033996582,SPY,1219
2024-04-12,611470.8808441162,78.32084655761719,611392.5599975586,SPY,1219
2024-04-15,603811.2098236084,78.32084655761719,603732.8889770508,SPY,1219
2024-04-16,602710.1367645264,78.32084655761719,602631.8159179688,SPY,1219
2024-04-17,599143.6094207764,78.32084655761719,599065.2885742188,SPY,1219
2024-04-18,597910.9194793701,78.32084655761719,597832.5986328125,SPY,1219
2024-04-19,592692.7825469971,78.32084655761719,592614.4617004395,SPY,1219
2024-04-22,598150.3074493408,78.32084655761719,598071.9866027832,SPY,1219
2024-04-23,605247.3888397217,78.32084655761719,605169.0679931641,SPY,1219
2024-04-24,604960.1604766846,78.32084655761719,604881.839630127,SPY,1219
2024-04-25,602662.2219696045,78.32084655761719,602583.9011230469,SPY,1219
2024-04-26,608371.0763397217,78.32084655761719,608292.7554931641,SPY,1219
2024-04-29,610525.3448638916,78.32084655761719,610447.024017334,SPY,1219
2024-04-30,600855.1125030518,78.32084655761719,600776.7916564941,SPY,1219
2024-05-01,598904.2958526611,78.32084655761719,598825.9750061035,SPY,1219
2024-05-02,604505.4163360596,78.32084655761719,604427.095489502,SPY,1219
2024-05-03,611997.4599761963,78.32084655761719,611919.1391296387,SPY,1219
2024-05-06,618316.5211639404,78.32084655761719,618238.2003173828,SPY,1219
2024-05-07,618998.7489776611,78.32084655761719,618920.4281311035,SPY,1219
2024-05-08,619058.6796722412,78.32084655761719,618980.3588256836,SPY,1219
2024-05-09,622625.1326141357,78.32084655761719,622546.8117675781,SPY,1219
2024-05-10,623427.1102142334,78.32084655761719,623348.7893676758,SPY,1219
2024-05-13,623510.775100708,78.32084655761719,623432.4542541504,SPY,1219
2024-05-14,626371.1916351318,78.32084655761719,626292.8707885742,SPY,1219
2024-05-15,634126.5434417725,78.32084655761719,634048.2225952148,SPY,1219
2024-05-16,632821.9813079834,78.32084655761719,632743.6604614258,SPY,1219
2024-05-17,633731.6183929443,78.32084655761719,633653.2975463867,SPY,1219
2024-05-20,634461.6493988037,78.32084655761719,634383.3285522461,SPY,1219
2024-05-21,636017.4665985107,78.32084655761719,635939.1457519531,SPY,1219
2024-05-22,634186.3625335693,78.32084655761719,634108.0416870117,SPY,1219
2024-05-23,629554.6982269287,78.32084655761719,629476.3773803711,SPY,1219
2024-05-24,633719.6396942139,78.32084655761719,633641.3188476562,SPY,1219
2024-05-28,634162.3307342529,78.32084655761719,634084.0098876953,SPY,1219
2024-05-29,629722.1768035889,78.32084655761719,629643.8559570312,SPY,1219
2024-05-30,625545.4054412842,78.32084655761719,625467.0845947266,SPY,1219
2024-05-31,631242.2067108154,78.32084655761719,631163.8858642578,SPY,1219
2024-06-03,631756.8443450928,78.32084655761719,631678.5234985352,SPY,1219
2024-06-04,632462.9179534912,78.32084655761719,632384.5971069336,SPY,1219
2024-06-05,639978.9189910889,78.32084655761719,639900.5981445312,SPY,1219
2024-06-06,639966.9402923584,78.32084655761719,639888.6194458008,SPY,1219
2024-06-07,639189.0688934326,78.32084655761719,639110.748046875,SPY,1219
2024-06-10,641163.7685394287,78.32084655761719,641085.4476928711,SPY,1219
2024-06-11,642707.7558441162,78.32084655761719,642629.4349975586,SPY,1219
2024-06-12,647985.6002655029,78.32084655761719,647907.2794189453,SPY,1219
2024-06-13,649290.162399292,78.32084655761719,649211.8415527344,SPY,1219
2024-06-14,649685.0874481201,78.32084655761719,649606.7666015625,SPY,1219
2024-06-17,654855.2723846436,78.32084655761719,654776.9515380859,SPY,1219
2024-06-18,656518.8978729248,78.32084655761719,656440.5770263672,SPY,1219
2024-06-20,654735.6342010498,78.32084655761719,654657.3133544922,SPY,1219
2024-06-21,653857.9899139404,78.32084655761719,653779.6690673828,SPY,1219
2024-06-24,651732.775314331,78.32084655761719,651654.4544677734,SPY,1219
2024-06-25,654242.2754974365,78.32084655761719,654163.9546508789,SPY,1219
2024-06-26,655058.6126556396,78.32084655761719,654980.291809082,SPY,1219
2024-06-27,656091.2360076904,78.32084655761719,656012.9151611328,SPY,1219
2024-06-28,653509.7148284912,78.32084655761719,653431.3939819336,SPY,1219
2024-07-01,654854.5283660889,78.32084655761719,654776.2075195312,SPY,1219
2024-07-02,659261.052658081,78.32084655761719,659182.7318115234,SPY,1219
2024-07-03,662202.678817749,78.32084655761719,662124.3579711914,SPY,1219
2024-07-05,666020.8332366943,78.32084655761719,665942.5123901367,SPY,1219
2024-07-08,666789.2555999756,78.32084655761719,666710.934753418,SPY,1219
2024-07-09,667437.6677703857,78.32084655761719,667359.3469238281,SPY,1219
2024-07-10,674041.2788543701,78.32084655761719,673962.9580078125,SPY,1219
2024-07-11,668230.0475311279,78.32084655761719,668151.7266845703,SPY,1219
2024-07-12,672444.3918304443,78.32084655761719,672366.0709838867,SPY,1219
2024-07-15,674293.5011444092,78.32084655761719,674215.1802978516,SPY,1219
2024-07-16,678291.7080535889,78.32084655761719,678213.3872070312,SPY,1219
2024-07-17,668782.3325042725,78.32084655761719,668704.0116577148,SPY,1219
2024-07-18,663643.3963470459,78.32084655761719,663565.0755004883,SPY,1219
2024-07-19,659237.0208587646,78.32084655761719,659158.700012207,SPY,1219
2024-07-22,666032.8119354248,78.32084655761719,665954.4910888672,SPY,1219
2024-07-23,664988.284286499,78.32084655761719,664909.9634399414,SPY,1219
2024-07-24,649919.7509002686,78.32084655761719,649841.4300537109,SPY,1219
2024-07-25,646533.7968597412,78.32084655761719,646455.4760131836,SPY,1219
2024-07-26,653773.8414154053,78.32084655761719,653695.5205688477,SPY,1219
2024-07-29,654158.1269989014,78.32084655761719,654079.8061523438,SPY,1219
2024-07-30,650844.2683563232,78.32084655761719,650765.9475097656,SPY,1219
2024-07-31,661422.2777557373,78.32084655761719,661343.9569091797,SPY,1219
2024-08-01,652057.0186004639,78.32084655761719,651978.6977539062,SPY,1219
2024-08-02,639918.2070770264,78.32084655761719,639839.8862304688,SPY,1219
2024-08-05,621283.6671600342,78.32084655761719,621205.3463134766,SPY,1219
2024-08-06,627010.8987884521,78.32084655761719,626932.5779418945,SPY,1219
2024-08-07,622820.5118865967,78.32084655761719,622742.1910400391,SPY,1219
2024-08-08,637216.6013031006,78.32084655761719,637138.280456543,SPY,1219
2024-08-09,640026.238571167,78.32084655761719,639947.9177246094,SPY,1219
2024-08-12,640362.3861541748,78.32084655761719,640284.0653076172,SPY,1219
2024-08-13,650892.331954956,78.32084655761719,650814.0111083984,SPY,1219
2024-08-14,652945.4511566162,78.32084655761719,652867.1303100586,SPY,1219
2024-08-15,664135.7878265381,78.32084655761719,664057.4669799805,SPY,1219
2024-08-16,665624.5689544678,78.32084655761719,665546.2481079102,SPY,1219
2024-08-19,671988.15965271,78.32084655761719,671909.8388061523,SPY,1219
2024-08-20,670895.5684051514,78.32084655761719,670817.2475585938,SPY,1219
2024-08-21,673200.8354949951,78.32084655761719,673122.5146484375,SPY,1219
2024-08-22,667917.857345581,78.32084655761719,667839.5364990234,SPY,1219
2024-08-23,675013.8599090576,78.32084655761719,674935.5390625,SPY,1219
2024-08-26,673405.0685882568,78.32084655761719,673326.7477416992,SPY,1219
2024-08-27,674329.4372406006,78.32084655761719,674251.116394043,SPY,1219
2024-08-28,670415.3044281006,78.32084655761719,670336.983581543,SPY,1219
2024-08-29,670475.1979217529,78.32084655761719,670396.8770751953,SPY,1219
2024-08-30,676874.9479217529,78.32084655761719,676796.6270751953,SPY,1219
2024-09-03,662947.2181854248,78.32084655761719,662868.8973388672,SPY,1219
2024-09-04,661590.3515472412,78.32084655761719,661512.0307006836,SPY,1219
2024-09-05,659981.4114227295,78.32084655761719,659903.0905761719,SPY,1219
2024-09-06,648875.1488494873,78.32084655761719,648796.8280029297,SPY,1219
2024-09-09,656139.1508026123,78.32084655761719,656060.8299560547,SPY,1219
2024-09-10,658996.8516693115,78.32084655761719,658918.5308227539,SPY,1219
2024-09-11,665756.7066497803,78.32084655761719,665678.3858032227,SPY,1219
2024-09-12,671363.8536834717,78.32084655761719,671285.5328369141,SPY,1219
2024-09-13,674869.8923187256,78.32084655761719,674791.571472168,SPY,1219
2024-09-16,675866.3563690186,78.32084655761719,675788.0355224609,SPY,1219
2024-09-17,676142.5360565186,78.32084655761719,676064.2152099609,SPY,1219
2024-09-18,674137.4060516357,78.32084655761719,674059.0852050781,SPY,1219
2024-09-19,685639.7841033936,78.32084655761719,685561.4632568359,SPY,1219
2024-09-20,684454.7857513428,78.32084655761719,684376.4649047852,SPY,1219
2024-09-23,686164.912399292,78.32084655761719,686086.5915527344,SPY,1219
2024-09-24,688128.005355835,78.32084655761719,688049.6845092773,SPY,1219
2024-09-25,686610.5051116943,78.32084655761719,686532.1842651367,SPY,1219
2024-09-26,689332.3481903076,78.32084655761719,689254.02734375,SPY,1219
2024-09-27,688332.759262085,78.32084655761719,688254.4384155273,SPY,1219
2024-09-30,691090.761642456,78.32084655761719,691012.4407958984,SPY,1219
2024-10-01,684900.3784637451,78.32084655761719,684822.0576171875,SPY,1219
2024-10-02,685189.3552703857,78.32084655761719,685111.0344238281,SPY,1219
2024-10-03,683936.8744354248,78.32084655761719,683858.5535888672,SPY,1219
2024-10-04,690151.4382171631,78.32084655761719,690073.1173706055,SPY,1219
2024-10-07,683912.7682342529,78.32084655761719,683834.4473876953,SPY,1219
2024-10-08,690380.149520874,78.32084655761719,690301.8286743164,SPY,1219
2024-10-09,695161.5847625732,78.32084655761719,695083.2639160156,SPY,1219
2024-10-10,693945.1144256592,78.32084655761719,693866.7935791016,SPY,1219
2024-10-11,698100.160446167,78.32084655761719,698021.8395996094,SPY,1219
2024-10-14,703808.7172088623,78.32084655761719,703730.3963623047,SPY,1219
2024-10-15,698340.9992523193,78.32084655761719,698262.6784057617,SPY,1219
2024-10-16,701375.9997406006,78.32084655761719,701297.678894043,SPY,1219
2024-10-17,701436.1164398193,78.32084655761719,701357.7955932617,SPY,1219
2024-10-18,704133.9277191162,78.32084655761719,704055.6068725586,SPY,1219
2024-10-21,702977.7972869873,78.32084655761719,702899.4764404297,SPY,1219
2024-10-22,702604.3743743896,78.32084655761719,702526.053527832,SPY,1219
2024-10-23,696185.1310882568,78.32084655761719,696106.8102416992,SPY,1219
2024-10-24,697690.652633667,78.32084655761719,697612.3317871094,SPY,1219
2024-10-25,697449.8138275146,78.32084655761719,697371.492980957,SPY,1219
2024-10-28,699605.6075897217,78.32084655761719,699527.2867431641,SPY,1219
2024-10-29,700737.7062225342,78.32084655761719,700659.3853759766,SPY,1219
2024-10-30,698617.922958374,78.32084655761719,698539.6021118164,SPY,1219
2024-10-31,684924.4102630615,78.32084655761719,684846.0894165039,SPY,1219
2024-11-01,687814.847946167,78.32084655761719,687736.5270996094,SPY,1219
2024-11-04,686333.5070037842,78.32084655761719,686255.1861572266,SPY,1219
2024-11-05,694631.6203460693,78.32084655761719,694553.2994995117,SPY,1219
2024-11-06,711902.002243042,78.32084655761719,711823.6813964844,SPY,1219
2024-11-07,717406.0283050537,78.32084655761719,717327.7074584961,SPY,1219
2024-11-08,720513.1985931396,78.32084655761719,720434.877746582,SPY,1219
2024-11-11,721199.7789154053,78.32084655761719,721121.4580688477,SPY,1219
2024-11-12,718959.6134490967,78.32084655761719,718881.2926025391,SPY,1219
2024-11-13,719308.855758667,78.32084655761719,719230.5349121094,SPY,1219
2024-11-14,714684.110824585,78.32084655761719,714605.7899780273,SPY,1219
2024-11-15,705531.0457611084,78.32084655761719,705452.7249145508,SPY,1219
2024-11-18,708421.4834442139,78.32084655761719,708343.1625976562,SPY,1219
2024-11-19,711010.8168182373,78.32084655761719,710932.4959716797,SPY,1219
2024-11-20,711251.7300262451,78.32084655761719,711173.4091796875,SPY,1219
2024-11-21,715069.5868377686,78.32084655761719,714991.2659912109,SPY,1219
2024-11-22,717285.4972991943,78.32084655761719,717207.1764526367,SPY,1219
2024-11-25,719718.363571167,78.32084655761719,719640.0427246094,SPY,1219
2024-11-26,723475.9548797607,78.32084655761719,723397.6340332031,SPY,1219
2024-11-27,721284.0018157959,78.32084655761719,721205.6809692383,SPY,1219
2024-11-29,725764.1839447021,78.32084655761719,725685.8630981445,SPY,1219
2024-12-02,727064.8771820068,78.32084655761719,726986.5563354492,SPY,1219
2024-12-03,727402.2151947021,78.32084655761719,727323.8943481445,SPY,1219
2024-12-04,731918.4078216553,78.32084655761719,731840.0869750977,SPY,1219
2024-12-05,730714.1393890381,78.32084655761719,730635.8185424805,SPY,1219
2024-12-06,732099.1299285889,78.32084655761719,732020.8090820312,SPY,1219
2024-12-09,728329.5599212646,78.32084655761719,728251.239074707,SPY,1219
2024-12-10,726065.3626556396,78.32084655761719,725987.041809082,SPY,1219
2024-12-11,731677.6434173584,78.32084655761719,731599.3225708008,SPY,1219
2024-12-12,727907.9990081787,78.32084655761719,727829.6781616211,SPY,1219
2024-12-13,727763.4362030029,78.32084655761719,727685.1153564453,SPY,1219
2024-12-16,730870.6808929443,78.32084655761719,730792.3600463867,SPY,1219
2024-12-17,727859.786605835,78.32084655761719,727781.4657592773,SPY,1219
2024-12-18,706169.3392791748,78.32084655761719,706091.0184326172,SPY,1219
2024-12-19,705952.5322723389,78.32084655761719,705874.2114257812,SPY,1219
2024-12-20,714430.7725067139,78.32084655761719,714352.4516601562,SPY,1219
2024-12-23,718708.5815887451,78.32084655761719,718630.2607421875,SPY,1219
2024-12-24,726696.1415863037,78.32084655761719,726617.8207397461,SPY,1219
2024-12-26,726744.5027923584,78.32084655761719,726666.1819458008,SPY,1219
2024-12-27,719095.2480316162,78.32084655761719,719016.9271850586,SPY,1219
2024-12-30,710890.137008667,78.32084655761719,710811.8161621094,SPY,1219
