date,equity,cash,position_value,position,shares
2004-09-29,100000.0,100000.0,0.0,,0
2004-09-30,100000.0,100000.0,0.0,,0
2004-10-01,100000.0,100000.0,0.0,,0
2004-10-04,100000.0,100000.0,0.0,,0
2004-10-05,100000.0,100000.0,0.0,,0
2004-10-06,100000.0,100000.0,0.0,,0
2004-10-07,100000.0,100000.0,0.0,,0
2004-10-08,100000.0,100000.0,0.0,,0
2004-10-11,100000.0,100000.0,0.0,,0
2004-10-12,100000.0,100000.0,0.0,,0
2004-10-13,100000.0,100000.0,0.0,,0
2004-10-14,100000.0,100000.0,0.0,,0
2004-10-15,100000.0,100000.0,0.0,,0
2004-10-18,100000.0,100000.0,0.0,,0
2004-10-19,100000.0,100000.0,0.0,,0
2004-10-20,100000.0,100000.0,0.0,,0
2004-10-21,100000.0,100000.0,0.0,,0
2004-10-22,100000.0,100000.0,0.0,,0
2004-10-25,100000.0,100000.0,0.0,,0
2004-10-26,100000.0,100000.0,0.0,,0
2004-10-27,100000.0,100000.0,0.0,,0
2004-10-28,100000.0,100000.0,0.0,,0
2004-10-29,100000.0,100000.0,0.0,,0
2004-11-01,100000.0,100000.0,0.0,,0
2004-11-02,100000.0,100000.0,0.0,,0
2004-11-03,100000.0,100000.0,0.0,,0
2004-11-04,100000.0,100000.0,0.0,,0
2004-11-05,100000.0,100000.0,0.0,,0
2004-11-08,100000.0,100000.0,0.0,,0
2004-11-09,100000.0,100000.0,0.0,,0
2004-11-10,100000.0,100000.0,0.0,,0
2004-11-11,100000.0,100000.0,0.0,,0
2004-11-12,100000.0,100000.0,0.0,,0
2004-11-15,100000.0,100000.0,0.0,,0
2004-11-16,100000.0,100000.0,0.0,,0
2004-11-17,100000.0,100000.0,0.0,,0
2004-11-18,100000.0,100000.0,0.0,,0
2004-11-19,100000.0,100000.0,0.0,,0
2004-11-22,100000.0,100000.0,0.0,,0
2004-11-23,100000.0,100000.0,0.0,,0
2004-11-24,100000.0,100000.0,0.0,,0
2004-11-26,100000.0,100000.0,0.0,,0
2004-11-29,100000.0,100000.0,0.0,,0
2004-11-30,100000.0,100000.0,0.0,,0
2004-12-01,100000.0,100000.0,0.0,,0
2004-12-02,100000.0,100000.0,0.0,,0
2004-12-03,100000.0,100000.0,0.0,,0
2004-12-06,100000.0,100000.0,0.0,,0
2004-12-07,100000.0,100000.0,0.0,,0
2004-12-08,100000.0,100000.0,0.0,,0
2004-12-09,100000.0,100000.0,0.0,,0
2004-12-10,100000.0,100000.0,0.0,,0
2004-12-13,100000.0,100000.0,0.0,,0
2004-12-14,100000.0,100000.0,0.0,,0
2004-12-15,100000.0,100000.0,0.0,,0
2004-12-16,100000.0,100000.0,0.0,,0
2004-12-17,100000.0,100000.0,0.0,,0
2004-12-20,100000.0,100000.0,0.0,,0
2004-12-21,100000.0,100000.0,0.0,,0
2004-12-22,100000.0,100000.0,0.0,,0
2004-12-23,100000.0,100000.0,0.0,,0
2004-12-27,100000.0,100000.0,0.0,,0
2004-12-28,100000.0,100000.0,0.0,,0
2004-12-29,100000.0,100000.0,0.0,,0
2004-12-30,100000.0,100000.0,0.0,,0
2004-12-31,100000.0,100000.0,0.0,,0
2005-01-03,100000.0,100000.0,0.0,,0
2005-01-04,100000.0,100000.0,0.0,,0
2005-01-05,100000.0,100000.0,0.0,,0
2005-01-06,100000.0,100000.0,0.0,,0
2005-01-07,100000.0,100000.0,0.0,,0
2005-01-10,100000.0,100000.0,0.0,,0
2005-01-11,100000.0,100000.0,0.0,,0
2005-01-12,100000.0,100000.0,0.0,,0
2005-01-13,100000.0,100000.0,0.0,,0
2005-01-14,100000.0,100000.0,0.0,,0
2005-01-18,100000.0,100000.0,0.0,,0
2005-01-19,100000.0,100000.0,0.0,,0
2005-01-20,100000.0,100000.0,0.0,,0
2005-01-21,100000.0,100000.0,0.0,,0
2005-01-24,100000.0,100000.0,0.0,,0
2005-01-25,100000.0,100000.0,0.0,,0
2005-01-26,100000.0,100000.0,0.0,,0
2005-01-27,100000.0,100000.0,0.0,,0
2005-01-28,100000.0,100000.0,0.0,,0
2005-01-31,100000.0,100000.0,0.0,,0
2005-02-01,100000.0,100000.0,0.0,,0
2005-02-02,100000.0,100000.0,0.0,,0
2005-02-03,100000.0,100000.0,0.0,,0
2005-02-04,100000.0,100000.0,0.0,,0
2005-02-07,100000.0,100000.0,0.0,,0
2005-02-08,100000.0,100000.0,0.0,,0
2005-02-09,100000.0,100000.0,0.0,,0
2005-02-10,100000.0,100000.0,0.0,,0
2005-02-11,100000.0,100000.0,0.0,,0
2005-02-14,100000.0,100000.0,0.0,,0
2005-02-15,100000.0,100000.0,0.0,,0
2005-02-16,100000.0,100000.0,0.0,,0
2005-02-17,100000.0,100000.0,0.0,,0
2005-02-18,100000.0,100000.0,0.0,,0
2005-02-22,100000.0,100000.0,0.0,,0
2005-02-23,100000.0,100000.0,0.0,,0
2005-02-24,100000.0,100000.0,0.0,,0
2005-02-25,100000.0,100000.0,0.0,,0
2005-02-28,100000.0,100000.0,0.0,,0
2005-03-01,100000.0,100000.0,0.0,,0
2005-03-02,100000.0,100000.0,0.0,,0
2005-03-03,100000.0,100000.0,0.0,,0
2005-03-04,100000.0,100000.0,0.0,,0
2005-03-07,100000.0,100000.0,0.0,,0
2005-03-08,100000.0,100000.0,0.0,,0
2005-03-09,100000.0,100000.0,0.0,,0
2005-03-10,100000.0,100000.0,0.0,,0
2005-03-11,100000.0,100000.0,0.0,,0
2005-03-14,100000.0,100000.0,0.0,,0
2005-03-15,100000.0,100000.0,0.0,,0
2005-03-16,100000.0,100000.0,0.0,,0
2005-03-17,100000.0,100000.0,0.0,,0
2005-03-18,100000.0,100000.0,0.0,,0
2005-03-21,100000.0,100000.0,0.0,,0
2005-03-22,100000.0,100000.0,0.0,,0
2005-03-23,100000.0,100000.0,0.0,,0
2005-03-24,100000.0,100000.0,0.0,,0
2005-03-28,100000.0,100000.0,0.0,,0
2005-03-29,100000.0,100000.0,0.0,,0
2005-03-30,100000.0,100000.0,0.0,,0
2005-03-31,100000.0,100000.0,0.0,,0
2005-04-01,100000.0,100000.0,0.0,,0
2005-04-04,100000.0,100000.0,0.0,,0
2005-04-05,100000.0,100000.0,0.0,,0
2005-04-06,100000.0,100000.0,0.0,,0
2005-04-07,100000.0,100000.0,0.0,,0
2005-04-08,100000.0,100000.0,0.0,,0
2005-04-11,100000.0,100000.0,0.0,,0
2005-04-12,100000.0,100000.0,0.0,,0
2005-04-13,100000.0,100000.0,0.0,,0
2005-04-14,100000.0,100000.0,0.0,,0
2005-04-15,100000.0,100000.0,0.0,,0
2005-04-18,100000.0,100000.0,0.0,,0
2005-04-19,100000.0,100000.0,0.0,,0
2005-04-20,100000.0,100000.0,0.0,,0
2005-04-21,100000.0,100000.0,0.0,,0
2005-04-22,100000.0,100000.0,0.0,,0
2005-04-25,100000.0,100000.0,0.0,,0
2005-04-26,100000.0,100000.0,0.0,,0
2005-04-27,100000.0,100000.0,0.0,,0
2005-04-28,100000.0,100000.0,0.0,,0
2005-04-29,100000.0,100000.0,0.0,,0
2005-05-02,100000.0,100000.0,0.0,,0
2005-05-03,100000.0,100000.0,0.0,,0
2005-05-04,100000.0,100000.0,0.0,,0
2005-05-05,100000.0,100000.0,0.0,,0
2005-05-06,100000.0,100000.0,0.0,,0
2005-05-09,100000.0,100000.0,0.0,,0
2005-05-10,100000.0,100000.0,0.0,,0
2005-05-11,100000.0,100000.0,0.0,,0
2005-05-12,100000.0,100000.0,0.0,,0
2005-05-13,100000.0,100000.0,0.0,,0
2005-05-16,100000.0,100000.0,0.0,,0
2005-05-17,100000.0,100000.0,0.0,,0
2005-05-18,100000.0,100000.0,0.0,,0
2005-05-19,100000.0,100000.0,0.0,,0
2005-05-20,100000.0,100000.0,0.0,,0
2005-05-23,100000.0,100000.0,0.0,,0
2005-05-24,100000.0,100000.0,0.0,,0
2005-05-25,100000.0,100000.0,0.0,,0
2005-05-26,100000.0,100000.0,0.0,,0
2005-05-27,100000.0,100000.0,0.0,,0
2005-05-31,100000.0,100000.0,0.0,,0
2005-06-01,100000.0,100000.0,0.0,,0
2005-06-02,100000.0,100000.0,0.0,,0
2005-06-03,100000.0,100000.0,0.0,,0
2005-06-06,100000.0,100000.0,0.0,,0
2005-06-07,100000.0,100000.0,0.0,,0
2005-06-08,100000.0,100000.0,0.0,,0
2005-06-09,100000.0,100000.0,0.0,,0
2005-06-10,100000.0,100000.0,0.0,,0
2005-06-13,100000.0,100000.0,0.0,,0
2005-06-14,100000.0,100000.0,0.0,,0
2005-06-15,100000.0,100000.0,0.0,,0
2005-06-16,100000.0,100000.0,0.0,,0
2005-06-17,100000.0,100000.0,0.0,,0
2005-06-20,100000.0,100000.0,0.0,,0
2005-06-21,100000.0,100000.0,0.0,,0
2005-06-22,100000.0,100000.0,0.0,,0
2005-06-23,100000.0,100000.0,0.0,,0
2005-06-24,100000.0,100000.0,0.0,,0
2005-06-27,100000.0,100000.0,0.0,,0
2005-06-28,100000.0,100000.0,0.0,,0
2005-06-29,100000.0,100000.0,0.0,,0
2005-06-30,100000.0,100000.0,0.0,,0
2005-07-01,100000.0,100000.0,0.0,,0
2005-07-05,100000.0,100000.0,0.0,,0
2005-07-06,100000.0,100000.0,0.0,,0
2005-07-07,100000.0,100000.0,0.0,,0
2005-07-08,100000.0,100000.0,0.0,,0
2005-07-11,100000.0,100000.0,0.0,,0
2005-07-12,100000.0,100000.0,0.0,,0
2005-07-13,100000.0,100000.0,0.0,,0
2005-07-14,100000.0,100000.0,0.0,,0
2005-07-15,100000.0,100000.0,0.0,,0
2005-07-18,100000.0,100000.0,0.0,,0
2005-07-19,100000.0,100000.0,0.0,,0
2005-07-20,100000.0,100000.0,0.0,,0
2005-07-21,100000.0,100000.0,0.0,,0
2005-07-22,100000.0,100000.0,0.0,,0
2005-07-25,100000.0,100000.0,0.0,,0
2005-07-26,100000.0,100000.0,0.0,,0
2005-07-27,100000.0,100000.0,0.0,,0
2005-07-28,100000.0,100000.0,0.0,,0
2005-07-29,100000.0,100000.0,0.0,,0
2005-08-01,100000.0,100000.0,0.0,,0
2005-08-02,100000.0,100000.0,0.0,,0
2005-08-03,100000.0,100000.0,0.0,,0
2005-08-04,100000.0,100000.0,0.0,,0
2005-08-05,100000.0,100000.0,0.0,,0
2005-08-08,100000.0,100000.0,0.0,,0
2005-08-09,100000.0,100000.0,0.0,,0
2005-08-10,100000.0,100000.0,0.0,,0
2005-08-11,100000.0,100000.0,0.0,,0
2005-08-12,100000.0,100000.0,0.0,,0
2005-08-15,100000.0,100000.0,0.0,,0
2005-08-16,100000.0,100000.0,0.0,,0
2005-08-17,100000.0,100000.0,0.0,,0
2005-08-18,100000.0,100000.0,0.0,,0
2005-08-19,100000.0,100000.0,0.0,,0
2005-08-22,100000.0,100000.0,0.0,,0
2005-08-23,100000.0,100000.0,0.0,,0
2005-08-24,100000.0,100000.0,0.0,,0
2005-08-25,100000.0,100000.0,0.0,,0
2005-08-26,100000.0,100000.0,0.0,,0
2005-08-29,100000.0,100000.0,0.0,,0
2005-08-30,100000.0,100000.0,0.0,,0
2005-08-31,100000.0,100000.0,0.0,,0
2005-09-01,100000.0,100000.0,0.0,,0
2005-09-02,100000.0,100000.0,0.0,,0
2005-09-06,100000.0,100000.0,0.0,,0
2005-09-07,100000.0,100000.0,0.0,,0
2005-09-08,100000.0,100000.0,0.0,,0
2005-09-09,100000.0,100000.0,0.0,,0
2005-09-12,100000.0,100000.0,0.0,,0
2005-09-13,100000.0,100000.0,0.0,,0
2005-09-14,100000.0,100000.0,0.0,,0
2005-09-15,100000.0,100000.0,0.0,,0
2005-09-16,100000.0,100000.0,0.0,,0
2005-09-19,100000.0,100000.0,0.0,,0
2005-09-20,100000.0,100000.0,0.0,,0
2005-09-21,100000.0,100000.0,0.0,,0
2005-09-22,100000.0,100000.0,0.0,,0
2005-09-23,100000.0,100000.0,0.0,,0
2005-09-26,100000.0,100000.0,0.0,,0
2005-09-27,100000.0,100000.0,0.0,,0
2005-09-28,100000.0,100000.0,0.0,,0
2005-09-29,100000.0,100000.0,0.0,,0
2005-09-30,100000.0,100000.0,0.0,,0
2005-10-03,100000.0,100000.0,0.0,,0
2005-10-04,100000.0,100000.0,0.0,,0
2005-10-05,100000.0,100000.0,0.0,,0
2005-10-06,100000.0,100000.0,0.0,,0
2005-10-07,100000.0,100000.0,0.0,,0
2005-10-10,100000.0,100000.0,0.0,,0
2005-10-11,100000.0,100000.0,0.0,,0
2005-10-12,100000.0,100000.0,0.0,,0
2005-10-13,100000.0,100000.0,0.0,,0
2005-10-14,100000.0,100000.0,0.0,,0
2005-10-17,100000.0,100000.0,0.0,,0
2005-10-18,100000.0,100000.0,0.0,,0
2005-10-19,100000.0,100000.0,0.0,,0
2005-10-20,100000.0,100000.0,0.0,,0
2005-10-21,100000.0,100000.0,0.0,,0
2005-10-24,100000.0,100000.0,0.0,,0
2005-10-25,100000.0,100000.0,0.0,,0
2005-10-26,100000.0,100000.0,0.0,,0
2005-10-27,100000.0,100000.0,0.0,,0
2005-10-28,100000.0,100000.0,0.0,,0
2005-10-31,100000.0,100000.0,0.0,,0
2005-11-01,100000.0,100000.0,0.0,,0
2005-11-02,100000.0,100000.0,0.0,,0
2005-11-03,100000.0,100000.0,0.0,,0
2005-11-04,100000.0,100000.0,0.0,,0
2005-11-07,100000.0,100000.0,0.0,,0
2005-11-08,100000.0,100000.0,0.0,,0
2005-11-09,100000.0,100000.0,0.0,,0
2005-11-10,100000.0,100000.0,0.0,,0
2005-11-11,100000.0,100000.0,0.0,,0
2005-11-14,100000.0,100000.0,0.0,,0
2005-11-15,100000.0,100000.0,0.0,,0
2005-11-16,100000.0,100000.0,0.0,,0
2005-11-17,100000.0,100000.0,0.0,,0
2005-11-18,100000.0,100000.0,0.0,,0
2005-11-21,100000.0,100000.0,0.0,,0
2005-11-22,100000.0,100000.0,0.0,,0
2005-11-23,100000.0,100000.0,0.0,,0
2005-11-25,100000.0,100000.0,0.0,,0
2005-11-28,100000.0,100000.0,0.0,,0
2005-11-29,100000.0,100000.0,0.0,,0
2005-11-30,100000.0,100000.0,0.0,,0
2005-12-01,100000.0,100000.0,0.0,,0
2005-12-02,100000.0,100000.0,0.0,,0
2005-12-05,100000.0,100000.0,0.0,,0
2005-12-06,100000.0,100000.0,0.0,,0
2005-12-07,100000.0,100000.0,0.0,,0
2005-12-08,100000.0,100000.0,0.0,,0
2005-12-09,100000.0,100000.0,0.0,,0
2005-12-12,100000.0,100000.0,0.0,,0
2005-12-13,100000.0,100000.0,0.0,,0
2005-12-14,100000.0,100000.0,0.0,,0
2005-12-15,100000.0,100000.0,0.0,,0
2005-12-16,100000.0,100000.0,0.0,,0
2005-12-19,100000.0,100000.0,0.0,,0
2005-12-20,100000.0,100000.0,0.0,,0
2005-12-21,100000.0,100000.0,0.0,,0
2005-12-22,100000.0,100000.0,0.0,,0
2005-12-23,100000.0,100000.0,0.0,,0
2005-12-27,100000.0,100000.0,0.0,,0
2005-12-28,100000.0,100000.0,0.0,,0
2005-12-29,100000.0,100000.0,0.0,,0
2005-12-30,100000.0,100000.0,0.0,,0
2006-01-03,100000.0,100000.0,0.0,,0
2006-01-04,100000.0,100000.0,0.0,,0
2006-01-05,100000.0,100000.0,0.0,,0
2006-01-06,100000.0,100000.0,0.0,,0
2006-01-09,100000.0,100000.0,0.0,,0
2006-01-10,100000.0,100000.0,0.0,,0
2006-01-11,100000.0,100000.0,0.0,,0
2006-01-12,100000.0,100000.0,0.0,,0
2006-01-13,100000.0,100000.0,0.0,,0
2006-01-17,100000.0,100000.0,0.0,,0
2006-01-18,100000.0,100000.0,0.0,,0
2006-01-19,100000.0,100000.0,0.0,,0
2006-01-20,100000.0,100000.0,0.0,,0
2006-01-23,100000.0,100000.0,0.0,,0
2006-01-24,100000.0,100000.0,0.0,,0
2006-01-25,100000.0,100000.0,0.0,,0
2006-01-26,100000.0,100000.0,0.0,,0
2006-01-27,100000.0,100000.0,0.0,,0
2006-01-30,100000.0,100000.0,0.0,,0
2006-01-31,100000.0,100000.0,0.0,,0
2006-02-01,100000.0,100000.0,0.0,,0
2006-02-02,100000.0,100000.0,0.0,,0
2006-02-03,100000.0,100000.0,0.0,,0
2006-02-06,100000.0,100000.0,0.0,,0
2006-02-07,100000.0,100000.0,0.0,,0
2006-02-08,100000.0,100000.0,0.0,,0
2006-02-09,100000.0,100000.0,0.0,,0
2006-02-10,100000.0,100000.0,0.0,,0
2006-02-13,100000.0,100000.0,0.0,,0
2006-02-14,100000.0,100000.0,0.0,,0
2006-02-15,100000.0,100000.0,0.0,,0
2006-02-16,100000.0,100000.0,0.0,,0
2006-02-17,100000.0,100000.0,0.0,,0
2006-02-21,100000.0,100000.0,0.0,,0
2006-02-22,100000.0,100000.0,0.0,,0
2006-02-23,100000.0,100000.0,0.0,,0
2006-02-24,100000.0,100000.0,0.0,,0
2006-02-27,100000.0,100000.0,0.0,,0
2006-02-28,100000.0,100000.0,0.0,,0
2006-03-01,100000.0,100000.0,0.0,,0
2006-03-02,100000.0,100000.0,0.0,,0
2006-03-03,100000.0,100000.0,0.0,,0
2006-03-06,100000.0,100000.0,0.0,,0
2006-03-07,100000.0,100000.0,0.0,,0
2006-03-08,100000.0,100000.0,0.0,,0
2006-03-09,100000.0,100000.0,0.0,,0
2006-03-10,100000.0,100000.0,0.0,,0
2006-03-13,100000.0,100000.0,0.0,,0
2006-03-14,100000.0,100000.0,0.0,,0
2006-03-15,100000.0,100000.0,0.0,,0
2006-03-16,100000.0,100000.0,0.0,,0
2006-03-17,100000.0,100000.0,0.0,,0
2006-03-20,100000.0,100000.0,0.0,,0
2006-03-21,100000.0,100000.0,0.0,,0
2006-03-22,100000.0,100000.0,0.0,,0
2006-03-23,100000.0,100000.0,0.0,,0
2006-03-24,100000.0,100000.0,0.0,,0
2006-03-27,100000.0,100000.0,0.0,,0
2006-03-28,100000.0,100000.0,0.0,,0
2006-03-29,100000.0,100000.0,0.0,,0
2006-03-30,100000.0,100000.0,0.0,,0
2006-03-31,100000.0,100000.0,0.0,,0
2006-04-03,100000.0,100000.0,0.0,,0
2006-04-04,100000.0,100000.0,0.0,,0
2006-04-05,100000.0,100000.0,0.0,,0
2006-04-06,100000.0,100000.0,0.0,,0
2006-04-07,100000.0,100000.0,0.0,,0
2006-04-10,100000.0,100000.0,0.0,,0
2006-04-11,100000.0,100000.0,0.0,,0
2006-04-12,100000.0,100000.0,0.0,,0
2006-04-13,100000.0,100000.0,0.0,,0
2006-04-17,100000.0,100000.0,0.0,,0
2006-04-18,100000.0,100000.0,0.0,,0
2006-04-19,100000.0,100000.0,0.0,,0
2006-04-20,100000.0,100000.0,0.0,,0
2006-04-21,100000.0,100000.0,0.0,,0
2006-04-24,100000.0,100000.0,0.0,,0
2006-04-25,100000.0,100000.0,0.0,,0
2006-04-26,100000.0,100000.0,0.0,,0
2006-04-27,100000.0,100000.0,0.0,,0
2006-04-28,100000.0,100000.0,0.0,,0
2006-05-01,100000.0,100000.0,0.0,,0
2006-05-02,100000.0,100000.0,0.0,,0
2006-05-03,100000.0,100000.0,0.0,,0
2006-05-04,100000.0,100000.0,0.0,,0
2006-05-05,100000.0,100000.0,0.0,,0
2006-05-08,100000.0,100000.0,0.0,,0
2006-05-09,100000.0,100000.0,0.0,,0
2006-05-10,100000.0,100000.0,0.0,,0
2006-05-11,100000.0,100000.0,0.0,,0
2006-05-12,100000.0,100000.0,0.0,,0
2006-05-15,100000.0,100000.0,0.0,,0
2006-05-16,100000.0,100000.0,0.0,,0
2006-05-17,100000.0,100000.0,0.0,,0
2006-05-18,100000.0,100000.0,0.0,,0
2006-05-19,100000.0,100000.0,0.0,,0
2006-05-22,100000.0,100000.0,0.0,,0
2006-05-23,100000.0,100000.0,0.0,,0
2006-05-24,100000.0,100000.0,0.0,,0
2006-05-25,100000.0,100000.0,0.0,,0
2006-05-26,100000.0,100000.0,0.0,,0
2006-05-30,100000.0,100000.0,0.0,,0
2006-05-31,100000.0,100000.0,0.0,,0
2006-06-01,100000.0,100000.0,0.0,,0
2006-06-02,100000.0,100000.0,0.0,,0
2006-06-05,100000.0,100000.0,0.0,,0
2006-06-06,100000.0,100000.0,0.0,,0
2006-06-07,100000.0,100000.0,0.0,,0
2006-06-08,100000.0,100000.0,0.0,,0
2006-06-09,100000.0,100000.0,0.0,,0
2006-06-12,100000.0,100000.0,0.0,,0
2006-06-13,100000.0,100000.0,0.0,,0
2006-06-14,100000.0,100000.0,0.0,,0
2006-06-15,100000.0,100000.0,0.0,,0
2006-06-16,100000.0,100000.0,0.0,,0
2006-06-19,100000.0,100000.0,0.0,,0
2006-06-20,100000.0,100000.0,0.0,,0
2006-06-21,100000.0,100000.0,0.0,,0
2006-06-22,100000.0,100000.0,0.0,,0
2006-06-23,100000.0,100000.0,0.0,,0
2006-06-26,100000.0,100000.0,0.0,,0
2006-06-27,100000.0,100000.0,0.0,,0
2006-06-28,100000.0,100000.0,0.0,,0
2006-06-29,100000.0,100000.0,0.0,,0
2006-06-30,100000.0,100000.0,0.0,,0
2006-07-03,100000.0,100000.0,0.0,,0
2006-07-05,100000.0,100000.0,0.0,,0
2006-07-06,100000.0,100000.0,0.0,,0
2006-07-07,100000.0,100000.0,0.0,,0
2006-07-10,100000.0,100000.0,0.0,,0
2006-07-11,100000.0,100000.0,0.0,,0
2006-07-12,100000.0,100000.0,0.0,,0
2006-07-13,100000.0,100000.0,0.0,,0
2006-07-14,100000.0,100000.0,0.0,,0
2006-07-17,100000.0,100000.0,0.0,,0
2006-07-18,100000.0,100000.0,0.0,,0
2006-07-19,100000.0,100000.0,0.0,,0
2006-07-20,100000.0,100000.0,0.0,,0
2006-07-21,100000.0,100000.0,0.0,,0
2006-07-24,100000.0,100000.0,0.0,,0
2006-07-25,100000.0,100000.0,0.0,,0
2006-07-26,100000.0,100000.0,0.0,,0
2006-07-27,100000.0,100000.0,0.0,,0
2006-07-28,100000.0,100000.0,0.0,,0
2006-07-31,100000.0,100000.0,0.0,,0
2006-08-01,100000.0,100000.0,0.0,,0
2006-08-02,100000.0,100000.0,0.0,,0
2006-08-03,100000.0,100000.0,0.0,,0
2006-08-04,100000.0,100000.0,0.0,,0
2006-08-07,100000.0,100000.0,0.0,,0
2006-08-08,100000.0,100000.0,0.0,,0
2006-08-09,100000.0,100000.0,0.0,,0
2006-08-10,100000.0,100000.0,0.0,,0
2006-08-11,100000.0,100000.0,0.0,,0
2006-08-14,100000.0,100000.0,0.0,,0
2006-08-15,100000.0,100000.0,0.0,,0
2006-08-16,100000.0,100000.0,0.0,,0
2006-08-17,100000.0,100000.0,0.0,,0
2006-08-18,100000.0,100000.0,0.0,,0
2006-08-21,100000.0,100000.0,0.0,,0
2006-08-22,100000.0,100000.0,0.0,,0
2006-08-23,100000.0,100000.0,0.0,,0
2006-08-24,100000.0,100000.0,0.0,,0
2006-08-25,100000.0,100000.0,0.0,,0
2006-08-28,100000.0,100000.0,0.0,,0
2006-08-29,100000.0,100000.0,0.0,,0
2006-08-30,100000.0,100000.0,0.0,,0
2006-08-31,100000.0,100000.0,0.0,,0
2006-09-01,100000.0,100000.0,0.0,,0
2006-09-05,100000.0,100000.0,0.0,,0
2006-09-06,100000.0,100000.0,0.0,,0
2006-09-07,100000.0,100000.0,0.0,,0
2006-09-08,100000.0,100000.0,0.0,,0
2006-09-11,100000.0,100000.0,0.0,,0
2006-09-12,100000.0,100000.0,0.0,,0
2006-09-13,100000.0,100000.0,0.0,,0
2006-09-14,100000.0,100000.0,0.0,,0
2006-09-15,100000.0,100000.0,0.0,,0
2006-09-18,100000.0,100000.0,0.0,,0
2006-09-19,100000.0,100000.0,0.0,,0
2006-09-20,100000.0,100000.0,0.0,,0
2006-09-21,100000.0,100000.0,0.0,,0
2006-09-22,100000.0,100000.0,0.0,,0
2006-09-25,100000.0,100000.0,0.0,,0
2006-09-26,100000.0,100000.0,0.0,,0
2006-09-27,100000.0,100000.0,0.0,,0
2006-09-28,100000.0,100000.0,0.0,,0
2006-09-29,100000.0,100000.0,0.0,,0
2006-10-02,100000.0,100000.0,0.0,,0
2006-10-03,100000.0,100000.0,0.0,,0
2006-10-04,100000.0,100000.0,0.0,,0
2006-10-05,100000.0,100000.0,0.0,,0
2006-10-06,100000.0,100000.0,0.0,,0
2006-10-09,100000.0,100000.0,0.0,,0
2006-10-10,100000.0,100000.0,0.0,,0
2006-10-11,100000.0,100000.0,0.0,,0
2006-10-12,100000.0,100000.0,0.0,,0
2006-10-13,100000.0,100000.0,0.0,,0
2006-10-16,100000.0,100000.0,0.0,,0
2006-10-17,100000.0,100000.0,0.0,,0
2006-10-18,100000.0,100000.0,0.0,,0
2006-10-19,100000.0,100000.0,0.0,,0
2006-10-20,100000.0,100000.0,0.0,,0
2006-10-23,100000.0,100000.0,0.0,,0
2006-10-24,100000.0,100000.0,0.0,,0
2006-10-25,100000.0,100000.0,0.0,,0
2006-10-26,100000.0,100000.0,0.0,,0
2006-10-27,100000.0,100000.0,0.0,,0
2006-10-30,100000.0,100000.0,0.0,,0
2006-10-31,100000.0,100000.0,0.0,,0
2006-11-01,100000.0,100000.0,0.0,,0
2006-11-02,100000.0,100000.0,0.0,,0
2006-11-03,100000.0,100000.0,0.0,,0
2006-11-06,100000.0,100000.0,0.0,,0
2006-11-07,100000.0,100000.0,0.0,,0
2006-11-08,100000.0,100000.0,0.0,,0
2006-11-09,100000.0,100000.0,0.0,,0
2006-11-10,100000.0,100000.0,0.0,,0
2006-11-13,100000.0,100000.0,0.0,,0
2006-11-14,100000.0,100000.0,0.0,,0
2006-11-15,100000.0,100000.0,0.0,,0
2006-11-16,100000.0,100000.0,0.0,,0
2006-11-17,100000.0,100000.0,0.0,,0
2006-11-20,100000.0,100000.0,0.0,,0
2006-11-21,100000.0,100000.0,0.0,,0
2006-11-22,100000.0,100000.0,0.0,,0
2006-11-24,100000.0,100000.0,0.0,,0
2006-11-27,100000.0,100000.0,0.0,,0
2006-11-28,100000.0,100000.0,0.0,,0
2006-11-29,100000.0,100000.0,0.0,,0
2006-11-30,100000.0,100000.0,0.0,,0
2006-12-01,100000.0,100000.0,0.0,,0
2006-12-04,100000.0,100000.0,0.0,,0
2006-12-05,100000.0,100000.0,0.0,,0
2006-12-06,100000.0,100000.0,0.0,,0
2006-12-07,100000.0,100000.0,0.0,,0
2006-12-08,100000.0,100000.0,0.0,,0
2006-12-11,100000.0,100000.0,0.0,,0
2006-12-12,100000.0,100000.0,0.0,,0
2006-12-13,100000.0,100000.0,0.0,,0
2006-12-14,100000.0,100000.0,0.0,,0
2006-12-15,100000.0,100000.0,0.0,,0
2006-12-18,100000.0,100000.0,0.0,,0
2006-12-19,100000.0,100000.0,0.0,,0
2006-12-20,100000.0,100000.0,0.0,,0
2006-12-21,100000.0,100000.0,0.0,,0
2006-12-22,100000.0,100000.0,0.0,,0
2006-12-26,100000.0,100000.0,0.0,,0
2006-12-27,100000.0,100000.0,0.0,,0
2006-12-28,100000.0,100000.0,0.0,,0
2006-12-29,100000.0,100000.0,0.0,,0
2007-01-03,100000.0,100000.0,0.0,,0
2007-01-04,100000.0,100000.0,0.0,,0
2007-01-05,100000.0,100000.0,0.0,,0
2007-01-08,100000.0,100000.0,0.0,,0
2007-01-09,100000.0,100000.0,0.0,,0
2007-01-10,100000.0,100000.0,0.0,,0
2007-01-11,100000.0,100000.0,0.0,,0
2007-01-12,100000.0,100000.0,0.0,,0
2007-01-16,100000.0,100000.0,0.0,,0
2007-01-17,100000.0,100000.0,0.0,,0
2007-01-18,100000.0,100000.0,0.0,,0
2007-01-19,100000.0,100000.0,0.0,,0
2007-01-22,100000.0,100000.0,0.0,,0
2007-01-23,100000.0,100000.0,0.0,,0
2007-01-24,100000.0,100000.0,0.0,,0
2007-01-25,100000.0,100000.0,0.0,,0
2007-01-26,100000.0,100000.0,0.0,,0
2007-01-29,100000.0,100000.0,0.0,,0
2007-01-30,100000.0,100000.0,0.0,,0
2007-01-31,100000.0,100000.0,0.0,,0
2007-02-01,100000.0,100000.0,0.0,,0
2007-02-02,100000.0,100000.0,0.0,,0
2007-02-05,100000.0,100000.0,0.0,,0
2007-02-06,100000.0,100000.0,0.0,,0
2007-02-07,100000.0,100000.0,0.0,,0
2007-02-08,100000.0,100000.0,0.0,,0
2007-02-09,100000.0,100000.0,0.0,,0
2007-02-12,100000.0,100000.0,0.0,,0
2007-02-13,100000.0,100000.0,0.0,,0
2007-02-14,100000.0,100000.0,0.0,,0
2007-02-15,100000.0,100000.0,0.0,,0
2007-02-16,100000.0,100000.0,0.0,,0
2007-02-20,100000.0,100000.0,0.0,,0
2007-02-21,100000.0,100000.0,0.0,,0
2007-02-22,100000.0,100000.0,0.0,,0
2007-02-23,100000.0,100000.0,0.0,,0
2007-02-26,100000.0,100000.0,0.0,,0
2007-02-27,100000.0,100000.0,0.0,,0
2007-02-28,100000.0,100000.0,0.0,,0
2007-03-01,100000.0,100000.0,0.0,,0
2007-03-02,100000.0,100000.0,0.0,,0
2007-03-05,100000.0,100000.0,0.0,,0
2007-03-06,100000.0,100000.0,0.0,,0
2007-03-07,100000.0,100000.0,0.0,,0
2007-03-08,100000.0,100000.0,0.0,,0
2007-03-09,100000.0,100000.0,0.0,,0
2007-03-12,100000.0,100000.0,0.0,,0
2007-03-13,100000.0,100000.0,0.0,,0
2007-03-14,100000.0,100000.0,0.0,,0
2007-03-15,100000.0,100000.0,0.0,,0
2007-03-16,100000.0,100000.0,0.0,,0
2007-03-19,100000.0,100000.0,0.0,,0
2007-03-20,100000.0,100000.0,0.0,,0
2007-03-21,100000.0,100000.0,0.0,,0
2007-03-22,100000.0,100000.0,0.0,,0
2007-03-23,100000.0,100000.0,0.0,,0
2007-03-26,100000.0,100000.0,0.0,,0
2007-03-27,100000.0,100000.0,0.0,,0
2007-03-28,100000.0,100000.0,0.0,,0
2007-03-29,100000.0,100000.0,0.0,,0
2007-03-30,100000.0,100000.0,0.0,,0
2007-04-02,100000.0,100000.0,0.0,,0
2007-04-03,100000.0,100000.0,0.0,,0
2007-04-04,100000.0,100000.0,0.0,,0
2007-04-05,100000.0,100000.0,0.0,,0
2007-04-09,100000.0,100000.0,0.0,,0
2007-04-10,100000.0,100000.0,0.0,,0
2007-04-11,100000.0,100000.0,0.0,,0
2007-04-12,100000.0,100000.0,0.0,,0
2007-04-13,100000.0,100000.0,0.0,,0
2007-04-16,100000.0,100000.0,0.0,,0
2007-04-17,100000.0,100000.0,0.0,,0
2007-04-18,100000.0,100000.0,0.0,,0
2007-04-19,100000.0,100000.0,0.0,,0
2007-04-20,100000.0,100000.0,0.0,,0
2007-04-23,100000.0,100000.0,0.0,,0
2007-04-24,100000.0,100000.0,0.0,,0
2007-04-25,100000.0,100000.0,0.0,,0
2007-04-26,100000.0,100000.0,0.0,,0
2007-04-27,100000.0,100000.0,0.0,,0
2007-04-30,100000.0,100000.0,0.0,,0
2007-05-01,100000.0,100000.0,0.0,,0
2007-05-02,100000.0,100000.0,0.0,,0
2007-05-03,100000.0,100000.0,0.0,,0
2007-05-04,100000.0,100000.0,0.0,,0
2007-05-07,100000.0,100000.0,0.0,,0
2007-05-08,100000.0,100000.0,0.0,,0
2007-05-09,100000.0,100000.0,0.0,,0
2007-05-10,100000.0,100000.0,0.0,,0
2007-05-11,100000.0,100000.0,0.0,,0
2007-05-14,100000.0,100000.0,0.0,,0
2007-05-15,100000.0,100000.0,0.0,,0
2007-05-16,100000.0,100000.0,0.0,,0
2007-05-17,100000.0,100000.0,0.0,,0
2007-05-18,100000.0,100000.0,0.0,,0
2007-05-21,100000.0,100000.0,0.0,,0
2007-05-22,100000.0,100000.0,0.0,,0
2007-05-23,100000.0,100000.0,0.0,,0
2007-05-24,100000.0,100000.0,0.0,,0
2007-05-25,100000.0,100000.0,0.0,,0
2007-05-29,100000.0,100000.0,0.0,,0
2007-05-30,100000.0,100000.0,0.0,,0
2007-05-31,100000.0,100000.0,0.0,,0
2007-06-01,100000.0,100000.0,0.0,,0
2007-06-04,100000.0,100000.0,0.0,,0
2007-06-05,100000.0,100000.0,0.0,,0
2007-06-06,100000.0,100000.0,0.0,,0
2007-06-07,100000.0,100000.0,0.0,,0
2007-06-08,100000.0,100000.0,0.0,,0
2007-06-11,100000.0,100000.0,0.0,,0
2007-06-12,100000.0,100000.0,0.0,,0
2007-06-13,100000.0,100000.0,0.0,,0
2007-06-14,100000.0,100000.0,0.0,,0
2007-06-15,100000.0,100000.0,0.0,,0
2007-06-18,100000.0,100000.0,0.0,,0
2007-06-19,100000.0,100000.0,0.0,,0
2007-06-20,100000.0,100000.0,0.0,,0
2007-06-21,100000.0,100000.0,0.0,,0
2007-06-22,100000.0,100000.0,0.0,,0
2007-06-25,100000.0,100000.0,0.0,,0
2007-06-26,100000.0,100000.0,0.0,,0
2007-06-27,100000.0,100000.0,0.0,,0
2007-06-28,100000.0,100000.0,0.0,,0
2007-06-29,100000.0,100000.0,0.0,,0
2007-07-02,100000.0,100000.0,0.0,,0
2007-07-03,100000.0,100000.0,0.0,,0
2007-07-05,100000.0,100000.0,0.0,,0
2007-07-06,100000.0,100000.0,0.0,,0
2007-07-09,100000.0,100000.0,0.0,,0
2007-07-10,100000.0,100000.0,0.0,,0
2007-07-11,100000.0,100000.0,0.0,,0
2007-07-12,100000.0,100000.0,0.0,,0
2007-07-13,100000.0,100000.0,0.0,,0
2007-07-16,100000.0,100000.0,0.0,,0
2007-07-17,100000.0,100000.0,0.0,,0
2007-07-18,100000.0,100000.0,0.0,,0
2007-07-19,100000.0,100000.0,0.0,,0
2007-07-20,100000.0,100000.0,0.0,,0
2007-07-23,100000.0,100000.0,0.0,,0
2007-07-24,100000.0,100000.0,0.0,,0
2007-07-25,100000.0,100000.0,0.0,,0
2007-07-26,100000.0,100000.0,0.0,,0
2007-07-27,100000.0,100000.0,0.0,,0
2007-07-30,100000.0,100000.0,0.0,,0
2007-07-31,100000.0,100000.0,0.0,,0
2007-08-01,100000.0,100000.0,0.0,,0
2007-08-02,100000.0,100000.0,0.0,,0
2007-08-03,100000.0,100000.0,0.0,,0
2007-08-06,100000.0,100000.0,0.0,,0
2007-08-07,100000.0,100000.0,0.0,,0
2007-08-08,100000.0,100000.0,0.0,,0
2007-08-09,100000.0,100000.0,0.0,,0
2007-08-10,100000.0,100000.0,0.0,,0
2007-08-13,100000.0,100000.0,0.0,,0
2007-08-14,100000.0,100000.0,0.0,,0
2007-08-15,100000.0,100000.0,0.0,,0
2007-08-16,100000.0,100000.0,0.0,,0
2007-08-17,100000.0,100000.0,0.0,,0
2007-08-20,100000.0,100000.0,0.0,,0
2007-08-21,100000.0,100000.0,0.0,,0
2007-08-22,100000.0,100000.0,0.0,,0
2007-08-23,100000.0,100000.0,0.0,,0
2007-08-24,100000.0,100000.0,0.0,,0
2007-08-27,100000.0,100000.0,0.0,,0
2007-08-28,100000.0,100000.0,0.0,,0
2007-08-29,100000.0,100000.0,0.0,,0
2007-08-30,100000.0,100000.0,0.0,,0
2007-08-31,100000.0,100000.0,0.0,,0
2007-09-04,100000.0,100000.0,0.0,,0
2007-09-05,100000.0,100000.0,0.0,,0
2007-09-06,100000.0,100000.0,0.0,,0
2007-09-07,100000.0,100000.0,0.0,,0
2007-09-10,100000.0,100000.0,0.0,,0
2007-09-11,100000.0,100000.0,0.0,,0
2007-09-12,100000.0,100000.0,0.0,,0
2007-09-13,100000.0,100000.0,0.0,,0
2007-09-14,100000.0,100000.0,0.0,,0
2007-09-17,100000.0,100000.0,0.0,,0
2007-09-18,100000.0,100000.0,0.0,,0
2007-09-19,100000.0,100000.0,0.0,,0
2007-09-20,100000.0,100000.0,0.0,,0
2007-09-21,100000.0,100000.0,0.0,,0
2007-09-24,100000.0,100000.0,0.0,,0
2007-09-25,100000.0,100000.0,0.0,,0
2007-09-26,100000.0,100000.0,0.0,,0
2007-09-27,100000.0,100000.0,0.0,,0
2007-09-28,100000.0,100000.0,0.0,,0
2007-10-01,100000.0,100000.0,0.0,,0
2007-10-02,100000.0,100000.0,0.0,,0
2007-10-03,100000.0,100000.0,0.0,,0
2007-10-04,100000.0,100000.0,0.0,,0
2007-10-05,99850.39140320587,111.32687378692208,99739.06452941895,XLB,3444
2007-10-08,99269.86409760284,111.32687378692208,99158.53722381592,XLB,3444
2007-10-09,101127.55804444122,111.32687378692208,101016.2311706543,XLB,3444
2007-10-10,100523.82935334014,111.32687378692208,100412.50247955322,XLB,3444
2007-10-11,99966.51000214386,111.32687378692208,99855.18312835693,XLB,3444
2007-10-12,100477.74252193831,102.50417965315864,100375.23834228516,VNQ,2860
2007-10-15,98592.48861568831,102.50417965315864,98489.98443603516,VNQ,2860
2007-10-16,97394.03227108382,102.50417965315864,97291.52809143066,VNQ,2860
2007-10-17,97245.88491695785,102.50417965315864,97143.38073730469,VNQ,2860
2007-10-18,97272.84361141585,102.50417965315864,97170.3394317627,VNQ,2860
2007-10-19,92860.11785211752,113.88007059285883,92746.23778152466,XLE,2169
2007-10-22,91800.531102087,113.88007059285883,91686.65103149414,XLE,2169
2007-10-23,93109.45720377157,113.88007059285883,92995.57713317871,XLE,2169
2007-10-24,93720.282765295,113.88007059285883,93606.40269470215,XLE,2169
2007-10-25,94605.35265436361,113.88007059285883,94491.47258377075,XLE,2169
2007-10-26,95751.57232610318,117.35517446133599,95634.21715164185,XLK,4378
2007-10-29,96025.42278615567,117.35517446133599,95908.06761169434,XLK,4378
2007-10-30,96196.54696599576,117.35517446133599,96079.19179153442,XLK,4378
2007-10-31,97326.10182897183,117.35517446133599,97208.7466545105,XLK,4378
2007-11-01,96265.02836934659,117.35517446133599,96147.67319488525,XLK,4378
2007-11-02,96470.40577642056,117.35517446133599,96353.05060195923,XLK,4378
2007-11-05,96333.46802083585,117.35517446133599,96216.11284637451,XLK,4378
2007-11-06,96846.92406407926,117.35517446133599,96729.56888961792,XLK,4378
2007-11-07,94245.5492777023,117.35517446133599,94128.19410324097,XLK,4378
2007-11-08,90891.14626638028,117.35517446133599,90773.79109191895,XLK,4378
2007-11-09,88742.2799646301,100.22828692624171,88642.05167770386,XLU,3979
2007-11-12,87199.04075831601,100.22828692624171,87098.81247138977,XLU,3979
2007-11-13,87938.94071406552,100.22828692624171,87838.71242713928,XLU,3979
2007-11-14,87410.44941920468,100.22828692624171,87310.22113227844,XLU,3979
2007-11-15,88192.65235728452,100.22828692624171,88092.42407035828,XLU,3979
2007-11-16,88213.75831240842,100.22828692624171,88113.53002548218,XLU,3979
2007-11-19,88467.4623662872,100.22828692624171,88367.23407936096,XLU,3979
2007-11-20,89545.66475123593,100.22828692624171,89445.43646430969,XLU,3979
2007-11-21,88805.75720614621,100.22828692624171,88705.52891921997,XLU,3979
2007-11-23,88455.69349017713,104.78223910901579,88350.91125106812,XLP,5014
2007-11-26,87557.93455615613,104.78223910901579,87453.15231704712,XLP,5014
2007-11-27,88486.66949191663,104.78223910901579,88381.88725280762,XLP,5014
2007-11-28,89879.72886005018,104.78223910901579,89774.94662094116,XLP,5014
2007-11-29,90344.04372897718,104.78223910901579,90239.26148986816,XLP,5014
2007-11-30,90467.91904559705,104.78223910901579,90363.13680648804,XLP,5014
2007-12-03,90127.35516849134,104.78223910901579,90022.57292938232,XLP,5014
2007-12-04,90003.54679599378,104.78223910901579,89898.76455688477,XLP,5014
2007-12-05,90375.02929416273,104.78223910901579,90270.24705505371,XLP,5014
2007-12-06,90344.04372897718,104.78223910901579,90239.26148986816,XLP,5014
2007-12-07,91030.53604113005,96.49037157438579,90934.04566955566,XLU,3874
2007-12-10,91442.1810530319,96.49037157438579,91345.69068145752,XLU,3874
2007-12-11,89322.13904558562,96.49037157438579,89225.64867401123,XLU,3874
2007-12-12,89342.7102125778,96.49037157438579,89246.21984100342,XLU,3874
2007-12-13,90659.99641786955,96.49037157438579,90563.50604629517,XLU,3874
2007-12-14,88706.04123913382,93.29347454641538,88612.7477645874,XLB,3132
2007-12-17,85559.39941631888,93.29347454641538,85466.10594177246,XLB,3132
2007-12-18,86509.72002636526,93.29347454641538,86416.42655181885,XLB,3132
2007-12-19,86383.04525982474,93.29347454641538,86289.75178527832,XLB,3132
2007-12-20,87966.87710033987,93.29347454641538,87873.58362579346,XLB,3132
2007-12-21,89599.7111979923,132.00150408361515,89467.70969390869,XLE,1958
2007-12-24,90005.87758745764,132.00150408361515,89873.87608337402,XLE,1958
2007-12-26,91009.95908465002,132.00150408361515,90877.9575805664,XLE,1958
2007-12-27,90050.97647966955,132.00150408361515,89918.97497558594,XLE,1958
2007-12-28,90806.91697039221,132.00150408361515,90674.9154663086,XLE,1958
2007-12-31,89656.09601702307,132.00150408361515,89524.09451293945,XLE,1958
2008-01-02,89825.34757341955,132.00150408361515,89693.34606933594,XLE,1958
2008-01-03,90885.88858141516,132.00150408361515,90753.88707733154,XLE,1958
2008-01-04,87568.88671984289,132.00150408361515,87436.88521575928,XLE,1958
2008-01-07,87230.44336046789,132.00150408361515,87098.44185638428,XLE,1958
2008-01-08,85707.38102068518,132.00150408361515,85575.37951660156,XLE,1958
2008-01-09,86835.5778361759,132.00150408361515,86703.57633209229,XLE,1958
2008-01-10,86474.51033892248,132.00150408361515,86342.50883483887,XLE,1958
2008-01-11,85297.33775103567,85297.33775103567,0.0,GLD,0
2008-01-14,85297.33775103567,85297.33775103567,0.0,GLD,0
2008-01-15,85297.33775103567,85297.33775103567,0.0,GLD,0
2008-01-16,85297.33775103567,85297.33775103567,0.0,GLD,0
2008-01-17,85297.33775103567,85297.33775103567,0.0,GLD,0
2008-01-18,85297.33775103567,85297.33775103567,0.0,GLD,0
2008-01-22,85297.33775103567,85297.33775103567,0.0,GLD,0
2008-01-23,85297.33775103567,85297.33775103567,0.0,GLD,0
2008-01-24,85297.33775103567,85297.33775103567,0.0,GLD,0
2008-01-25,85297.33775103567,85297.33775103567,0.0,GLD,0
2008-01-28,85297.33775103567,85297.33775103567,0.0,GLD,0
2008-01-29,85297.33775103567,85297.33775103567,0.0,GLD,0
2008-01-30,85297.33775103567,85297.33775103567,0.0,GLD,0
2008-01-31,85297.33775103567,85297.33775103567,0.0,GLD,0
2008-02-01,85297.33775103567,85297.33775103567,0.0,GLD,0
2008-02-04,85297.33775103567,85297.33775103567,0.0,GLD,0
2008-02-05,85297.33775103567,85297.33775103567,0.0,GLD,0
2008-02-06,85297.33775103567,85297.33775103567,0.0,GLD,0
2008-02-07,85297.33775103567,85297.33775103567,0.0,GLD,0
2008-02-08,85297.33775103567,85297.33775103567,0.0,GLD,0
2008-02-11,85297.33775103567,85297.33775103567,0.0,GLD,0
2008-02-12,85297.33775103567,85297.33775103567,0.0,GLD,0
2008-02-13,85297.33775103567,85297.33775103567,0.0,GLD,0
2008-02-14,85297.33775103567,85297.33775103567,0.0,GLD,0
2008-02-15,85297.33775103567,85297.33775103567,0.0,GLD,0
2008-02-19,85297.33775103567,85297.33775103567,0.0,GLD,0
2008-02-20,85297.33775103567,85297.33775103567,0.0,GLD,0
2008-02-21,85297.33775103567,85297.33775103567,0.0,GLD,0
2008-02-22,85297.33775103567,85297.33775103567,0.0,GLD,0
2008-02-25,85297.33775103567,85297.33775103567,0.0,GLD,0
2008-02-26,85297.33775103567,85297.33775103567,0.0,GLD,0
2008-02-27,85297.33775103567,85297.33775103567,0.0,GLD,0
2008-02-28,85297.33775103567,85297.33775103567,0.0,GLD,0
2008-02-29,85297.33775103567,85297.33775103567,0.0,GLD,0
2008-03-03,85297.33775103567,85297.33775103567,0.0,GLD,0
2008-03-04,85297.33775103567,85297.33775103567,0.0,GLD,0
2008-03-05,85297.33775103567,85297.33775103567,0.0,GLD,0
2008-03-06,85297.33775103567,85297.33775103567,0.0,GLD,0
2008-03-07,85297.33775103567,85297.33775103567,0.0,GLD,0
2008-03-10,85297.33775103567,85297.33775103567,0.0,GLD,0
2008-03-11,85297.33775103567,85297.33775103567,0.0,GLD,0
2008-03-12,85297.33775103567,85297.33775103567,0.0,GLD,0
2008-03-13,85297.33775103567,85297.33775103567,0.0,GLD,0
2008-03-14,85297.33775103567,85297.33775103567,0.0,GLD,0
2008-03-17,85297.33775103567,85297.33775103567,0.0,GLD,0
2008-03-18,85297.33775103567,85297.33775103567,0.0,GLD,0
2008-03-19,85297.33775103567,85297.33775103567,0.0,GLD,0
2008-03-20,85297.33775103567,85297.33775103567,0.0,GLD,0
2008-03-24,85297.33775103567,85297.33775103567,0.0,GLD,0
2008-03-25,85297.33775103567,85297.33775103567,0.0,GLD,0
2008-03-26,85297.33775103567,85297.33775103567,0.0,GLD,0
2008-03-27,85297.33775103567,85297.33775103567,0.0,GLD,0
2008-03-28,85297.33775103567,85297.33775103567,0.0,GLD,0
2008-03-31,85297.33775103567,85297.33775103567,0.0,GLD,0
2008-04-01,85297.33775103567,85297.33775103567,0.0,GLD,0
2008-04-02,85297.33775103567,85297.33775103567,0.0,GLD,0
2008-04-03,85297.33775103567,85297.33775103567,0.0,GLD,0
2008-04-04,85297.33775103567,85297.33775103567,0.0,GLD,0
2008-04-07,85297.33775103567,85297.33775103567,0.0,GLD,0
2008-04-08,85297.33775103567,85297.33775103567,0.0,GLD,0
2008-04-09,85297.33775103567,85297.33775103567,0.0,GLD,0
2008-04-10,85297.33775103567,85297.33775103567,0.0,GLD,0
2008-04-11,85297.33775103567,85297.33775103567,0.0,GLD,0
2008-04-14,85297.33775103567,85297.33775103567,0.0,GLD,0
2008-04-15,85297.33775103567,85297.33775103567,0.0,GLD,0
2008-04-16,85297.33775103567,85297.33775103567,0.0,GLD,0
2008-04-17,85297.33775103567,85297.33775103567,0.0,GLD,0
2008-04-18,85297.33775103567,85297.33775103567,0.0,GLD,0
2008-04-21,85297.33775103567,85297.33775103567,0.0,GLD,0
2008-04-22,85297.33775103567,85297.33775103567,0.0,GLD,0
2008-04-23,85297.33775103567,85297.33775103567,0.0,GLD,0
2008-04-24,85297.33775103567,85297.33775103567,0.0,GLD,0
2008-04-25,85169.74880306814,110.45015804861032,85059.29864501953,XLE,1776
2008-04-28,85313.45803158377,110.45015804861032,85203.00787353516,XLE,1776
2008-04-29,83394.29079525564,110.45015804861032,83283.84063720703,XLE,1776
2008-04-30,84010.04134457205,110.45015804861032,83899.59118652344,XLE,1776
2008-05-01,82172.99269955252,110.45015804861032,82062.5425415039,XLE,1776
2008-05-02,83722.6703118572,110.45015804861032,83612.2201538086,XLE,1776
2008-05-05,84933.71798031424,110.45015804861032,84823.26782226562,XLE,1776
2008-05-06,87181.27150814627,110.45015804861032,87070.82135009766,XLE,1776
2008-05-07,85559.75283138845,110.45015804861032,85449.30267333984,XLE,1776
2008-05-08,87273.66085140799,110.45015804861032,87163.21069335938,XLE,1776
2008-05-09,87109.45076840017,110.45015804861032,86999.00061035156,XLE,1776
2008-05-12,86627.0980462322,110.45015804861032,86516.6478881836,XLE,1776
2008-05-13,88043.40493099783,110.45015804861032,87932.95477294922,XLE,1776
2008-05-14,87037.61647884939,110.45015804861032,86927.16632080078,XLE,1776
2008-05-15,88187.05318539236,110.45015804861032,88076.60302734375,XLE,1776
2008-05-16,91399.35280697439,110.45015804861032,91288.90264892578,XLE,1776
2008-05-19,91963.8308953533,110.45015804861032,91853.38073730469,XLE,1776
2008-05-20,92877.22322933767,110.45015804861032,92766.77307128906,XLE,1776
2008-05-21,91501.99935238455,110.45015804861032,91391.54919433594,XLE,1776
2008-05-22,90167.83815853689,110.45015804861032,90057.38800048828,XLE,1776
2008-05-23,88638.62752621267,110.45015804861032,88528.17736816406,XLE,1776
2008-05-27,88063.94643490408,110.45015804861032,87953.49627685547,XLE,1776
2008-05-28,89921.53658382986,110.45015804861032,89811.08642578125,XLE,1776
2008-05-29,87468.6560906658,110.45015804861032,87358.20593261719,XLE,1776
2008-05-30,88371.81832211111,110.45015804861032,88261.3681640625,XLE,1776
2008-06-02,88895.22017757986,110.45015804861032,88784.77001953125,XLE,1776
2008-06-03,86986.34401791189,110.45015804861032,86875.89385986328,XLE,1776
2008-06-04,85693.14388363455,110.45015804861032,85582.69372558594,XLE,1776
2008-06-05,90157.58095638845,110.45015804861032,90047.13079833984,XLE,1776
2008-06-06,88392.3191766033,110.45015804861032,88281.86901855469,XLE,1776
2008-06-09,90988.8953484783,110.45015804861032,90878.44519042969,XLE,1776
2008-06-10,88751.50417416189,110.45015804861032,88641.05401611328,XLE,1776
2008-06-11,89295.46785824392,110.45015804861032,89185.01770019531,XLE,1776
2008-06-12,87940.75161068533,110.45015804861032,87830.30145263672,XLE,1776
2008-06-13,88987.55532162283,110.45015804861032,88877.10516357422,XLE,1776
2008-06-16,89305.74538509939,110.45015804861032,89195.29522705078,XLE,1776
2008-06-17,90783.58193295095,110.45015804861032,90673.13177490234,XLE,1776
2008-06-18,91132.54360287283,110.45015804861032,91022.09344482422,XLE,1776
2008-06-19,88946.5603875408,110.45015804861032,88836.11022949219,XLE,1776
2008-06-20,88347.63869564627,110.45015804861032,88237.18853759766,XLE,1776
2008-06-23,91835.97493832205,110.45015804861032,91725.52478027344,XLE,1776
2008-06-24,90096.95235531424,110.45015804861032,89986.50219726562,XLE,1776
2008-06-25,89757.40779965017,110.45015804861032,89646.95764160156,XLE,1776
2008-06-26,89109.0970696697,110.45015804861032,88998.6469116211,XLE,1776
2008-06-27,89891.15114681814,110.45015804861032,89780.70098876953,XLE,1776
2008-06-30,91156.83162777517,110.45015804861032,91046.38146972656,XLE,1776
2008-07-01,91537.56758968924,110.45015804861032,91427.11743164062,XLE,1776
2008-07-02,88779.79616634939,110.45015804861032,88669.34600830078,XLE,1776
2008-07-03,87473.00557797049,110.45015804861032,87362.55541992188,XLE,1776
2008-07-07,85281.18917172049,110.45015804861032,85170.73901367188,XLE,1776
2008-07-08,83871.46749203299,110.45015804861032,83761.01733398438,XLE,1776
2008-07-09,82276.51320736502,110.45015804861032,82166.0630493164,XLE,1776
2008-07-10,84797.56954281424,110.45015804861032,84687.11938476562,XLE,1776
2008-07-11,84156.79744991873,84156.79744991873,0.0,GLD,0
2008-07-14,84156.79744991873,84156.79744991873,0.0,GLD,0
2008-07-15,84156.79744991873,84156.79744991873,0.0,GLD,0
2008-07-16,84156.79744991873,84156.79744991873,0.0,GLD,0
2008-07-17,84156.79744991873,84156.79744991873,0.0,GLD,0
2008-07-18,84156.79744991873,84156.79744991873,0.0,GLD,0
2008-07-21,84156.79744991873,84156.79744991873,0.0,GLD,0
2008-07-22,84156.79744991873,84156.79744991873,0.0,GLD,0
2008-07-23,84156.79744991873,84156.79744991873,0.0,GLD,0
2008-07-24,84156.79744991873,84156.79744991873,0.0,GLD,0
2008-07-25,84156.79744991873,84156.79744991873,0.0,GLD,0
2008-07-28,84156.79744991873,84156.79744991873,0.0,GLD,0
2008-07-29,84156.79744991873,84156.79744991873,0.0,GLD,0
2008-07-30,84156.79744991873,84156.79744991873,0.0,GLD,0
2008-07-31,84156.79744991873,84156.79744991873,0.0,GLD,0
2008-08-01,84156.79744991873,84156.79744991873,0.0,GLD,0
2008-08-04,84156.79744991873,84156.79744991873,0.0,GLD,0
2008-08-05,84156.79744991873,84156.79744991873,0.0,GLD,0
2008-08-06,84156.79744991873,84156.79744991873,0.0,GLD,0
2008-08-07,84156.79744991873,84156.79744991873,0.0,GLD,0
2008-08-08,84156.79744991873,84156.79744991873,0.0,GLD,0
2008-08-11,84156.79744991873,84156.79744991873,0.0,GLD,0
2008-08-12,84156.79744991873,84156.79744991873,0.0,GLD,0
2008-08-13,84156.79744991873,84156.79744991873,0.0,GLD,0
2008-08-14,84156.79744991873,84156.79744991873,0.0,GLD,0
2008-08-15,84156.79744991873,84156.79744991873,0.0,GLD,0
2008-08-18,84156.79744991873,84156.79744991873,0.0,GLD,0
2008-08-19,84156.79744991873,84156.79744991873,0.0,GLD,0
2008-08-20,84156.79744991873,84156.79744991873,0.0,GLD,0
2008-08-21,84156.79744991873,84156.79744991873,0.0,GLD,0
2008-08-22,84156.79744991873,84156.79744991873,0.0,GLD,0
2008-08-25,84156.79744991873,84156.79744991873,0.0,GLD,0
2008-08-26,84156.79744991873,84156.79744991873,0.0,GLD,0
2008-08-27,84156.79744991873,84156.79744991873,0.0,GLD,0
2008-08-28,84156.79744991873,84156.79744991873,0.0,GLD,0
2008-08-29,84156.79744991873,84156.79744991873,0.0,GLD,0
2008-09-02,84156.79744991873,84156.79744991873,0.0,GLD,0
2008-09-03,84156.79744991873,84156.79744991873,0.0,GLD,0
2008-09-04,84156.79744991873,84156.79744991873,0.0,GLD,0
2008-09-05,84156.79744991873,84156.79744991873,0.0,GLD,0
2008-09-08,84156.79744991873,84156.79744991873,0.0,GLD,0
2008-09-09,84156.79744991873,84156.79744991873,0.0,GLD,0
2008-09-10,84156.79744991873,84156.79744991873,0.0,GLD,0
2008-09-11,84156.79744991873,84156.79744991873,0.0,GLD,0
2008-09-12,84156.79744991873,84156.79744991873,0.0,GLD,0
2008-09-15,84156.79744991873,84156.79744991873,0.0,GLD,0
2008-09-16,84156.79744991873,84156.79744991873,0.0,GLD,0
2008-09-17,84156.79744991873,84156.79744991873,0.0,GLD,0
2008-09-18,84156.79744991873,84156.79744991873,0.0,GLD,0
2008-09-19,84156.79744991873,84156.79744991873,0.0,GLD,0
2008-09-22,84156.79744991873,84156.79744991873,0.0,GLD,0
2008-09-23,84156.79744991873,84156.79744991873,0.0,GLD,0
2008-09-24,84156.79744991873,84156.79744991873,0.0,GLD,0
2008-09-25,84156.79744991873,84156.79744991873,0.0,GLD,0
2008-09-26,84156.79744991873,84156.79744991873,0.0,GLD,0
2008-09-29,84156.79744991873,84156.79744991873,0.0,GLD,0
2008-09-30,84156.79744991873,84156.79744991873,0.0,GLD,0
2008-10-01,84156.79744991873,84156.79744991873,0.0,GLD,0
2008-10-02,84156.79744991873,84156.79744991873,0.0,GLD,0
2008-10-03,84156.79744991873,84156.79744991873,0.0,GLD,0
2008-10-06,84156.79744991873,84156.79744991873,0.0,GLD,0
2008-10-07,84156.79744991873,84156.79744991873,0.0,GLD,0
2008-10-08,84156.79744991873,84156.79744991873,0.0,GLD,0
2008-10-09,84156.79744991873,84156.79744991873,0.0,GLD,0
2008-10-10,84156.79744991873,84156.79744991873,0.0,IEF,0
2008-10-13,84156.79744991873,84156.79744991873,0.0,IEF,0
2008-10-14,84156.79744991873,84156.79744991873,0.0,IEF,0
2008-10-15,84156.79744991873,84156.79744991873,0.0,IEF,0
2008-10-16,84156.79744991873,84156.79744991873,0.0,IEF,0
2008-10-17,84156.79744991873,84156.79744991873,0.0,IEF,0
2008-10-20,84156.79744991873,84156.79744991873,0.0,IEF,0
2008-10-21,84156.79744991873,84156.79744991873,0.0,IEF,0
2008-10-22,84156.79744991873,84156.79744991873,0.0,IEF,0
2008-10-23,84156.79744991873,84156.79744991873,0.0,IEF,0
2008-10-24,84156.79744991873,84156.79744991873,0.0,TLT,0
2008-10-27,84156.79744991873,84156.79744991873,0.0,TLT,0
2008-10-28,84156.79744991873,84156.79744991873,0.0,TLT,0
2008-10-29,84156.79744991873,84156.79744991873,0.0,TLT,0
2008-10-30,84156.79744991873,84156.79744991873,0.0,TLT,0
2008-10-31,84156.79744991873,84156.79744991873,0.0,TLT,0
2008-11-03,84156.79744991873,84156.79744991873,0.0,TLT,0
2008-11-04,84156.79744991873,84156.79744991873,0.0,TLT,0
2008-11-05,84156.79744991873,84156.79744991873,0.0,TLT,0
2008-11-06,84156.79744991873,84156.79744991873,0.0,TLT,0
2008-11-07,84156.79744991873,84156.79744991873,0.0,TLT,0
2008-11-10,84156.79744991873,84156.79744991873,0.0,TLT,0
2008-11-11,84156.79744991873,84156.79744991873,0.0,TLT,0
2008-11-12,84156.79744991873,84156.79744991873,0.0,TLT,0
2008-11-13,84156.79744991873,84156.79744991873,0.0,TLT,0
2008-11-14,84156.79744991873,84156.79744991873,0.0,TLT,0
2008-11-17,84156.79744991873,84156.79744991873,0.0,TLT,0
2008-11-18,84156.79744991873,84156.79744991873,0.0,TLT,0
2008-11-19,84156.79744991873,84156.79744991873,0.0,TLT,0
2008-11-20,84156.79744991873,84156.79744991873,0.0,TLT,0
2008-11-21,84156.79744991873,84156.79744991873,0.0,TLT,0
2008-11-24,84156.79744991873,84156.79744991873,0.0,TLT,0
2008-11-25,84156.79744991873,84156.79744991873,0.0,TLT,0
2008-11-26,84156.79744991873,84156.79744991873,0.0,TLT,0
2008-11-28,84156.79744991873,84156.79744991873,0.0,TLT,0
2008-12-01,84156.79744991873,84156.79744991873,0.0,TLT,0
2008-12-02,84156.79744991873,84156.79744991873,0.0,TLT,0
2008-12-03,84156.79744991873,84156.79744991873,0.0,TLT,0
2008-12-04,84156.79744991873,84156.79744991873,0.0,TLT,0
2008-12-05,84156.79744991873,84156.79744991873,0.0,TLT,0
2008-12-08,84156.79744991873,84156.79744991873,0.0,TLT,0
2008-12-09,84156.79744991873,84156.79744991873,0.0,TLT,0
2008-12-10,84156.79744991873,84156.79744991873,0.0,TLT,0
2008-12-11,84156.79744991873,84156.79744991873,0.0,TLT,0
2008-12-12,84156.79744991873,84156.79744991873,0.0,TLT,0
2008-12-15,84156.79744991873,84156.79744991873,0.0,TLT,0
2008-12-16,84156.79744991873,84156.79744991873,0.0,TLT,0
2008-12-17,84156.79744991873,84156.79744991873,0.0,TLT,0
2008-12-18,84156.79744991873,84156.79744991873,0.0,TLT,0
2008-12-19,84156.79744991873,84156.79744991873,0.0,TLT,0
2008-12-22,84156.79744991873,84156.79744991873,0.0,TLT,0
2008-12-23,84156.79744991873,84156.79744991873,0.0,TLT,0
2008-12-24,84156.79744991873,84156.79744991873,0.0,TLT,0
2008-12-26,84156.79744991873,84156.79744991873,0.0,TLT,0
2008-12-29,84156.79744991873,84156.79744991873,0.0,TLT,0
2008-12-30,84156.79744991873,84156.79744991873,0.0,TLT,0
2008-12-31,84156.79744991873,84156.79744991873,0.0,TLT,0
2009-01-02,84156.79744991873,84156.79744991873,0.0,TLT,0
2009-01-05,84156.79744991873,84156.79744991873,0.0,TLT,0
2009-01-06,84156.79744991873,84156.79744991873,0.0,TLT,0
2009-01-07,84156.79744991873,84156.79744991873,0.0,TLT,0
2009-01-08,84156.79744991873,84156.79744991873,0.0,TLT,0
2009-01-09,84156.79744991873,84156.79744991873,0.0,GLD,0
2009-01-12,84156.79744991873,84156.79744991873,0.0,GLD,0
2009-01-13,84156.79744991873,84156.79744991873,0.0,GLD,0
2009-01-14,84156.79744991873,84156.79744991873,0.0,GLD,0
2009-01-15,84156.79744991873,84156.79744991873,0.0,GLD,0
2009-01-16,84156.79744991873,84156.79744991873,0.0,GLD,0
2009-01-20,84156.79744991873,84156.79744991873,0.0,GLD,0
2009-01-21,84156.79744991873,84156.79744991873,0.0,GLD,0
2009-01-22,84156.79744991873,84156.79744991873,0.0,GLD,0
2009-01-23,84156.79744991873,84156.79744991873,0.0,GLD,0
2009-01-26,84156.79744991873,84156.79744991873,0.0,GLD,0
2009-01-27,84156.79744991873,84156.79744991873,0.0,GLD,0
2009-01-28,84156.79744991873,84156.79744991873,0.0,GLD,0
2009-01-29,84156.79744991873,84156.79744991873,0.0,GLD,0
2009-01-30,84156.79744991873,84156.79744991873,0.0,TLT,0
2009-02-02,84156.79744991873,84156.79744991873,0.0,TLT,0
2009-02-03,84156.79744991873,84156.79744991873,0.0,TLT,0
2009-02-04,84156.79744991873,84156.79744991873,0.0,TLT,0
2009-02-05,84156.79744991873,84156.79744991873,0.0,TLT,0
2009-02-06,84156.79744991873,84156.79744991873,0.0,TLT,0
2009-02-09,84156.79744991873,84156.79744991873,0.0,TLT,0
2009-02-10,84156.79744991873,84156.79744991873,0.0,TLT,0
2009-02-11,84156.79744991873,84156.79744991873,0.0,TLT,0
2009-02-12,84156.79744991873,84156.79744991873,0.0,TLT,0
2009-02-13,84156.79744991873,84156.79744991873,0.0,TLT,0
2009-02-17,84156.79744991873,84156.79744991873,0.0,TLT,0
2009-02-18,84156.79744991873,84156.79744991873,0.0,TLT,0
2009-02-19,84156.79744991873,84156.79744991873,0.0,TLT,0
2009-02-20,84156.79744991873,84156.79744991873,0.0,TLT,0
2009-02-23,84156.79744991873,84156.79744991873,0.0,TLT,0
2009-02-24,84156.79744991873,84156.79744991873,0.0,TLT,0
2009-02-25,84156.79744991873,84156.79744991873,0.0,TLT,0
2009-02-26,84156.79744991873,84156.79744991873,0.0,TLT,0
2009-02-27,84156.79744991873,84156.79744991873,0.0,TLT,0
2009-03-02,84156.79744991873,84156.79744991873,0.0,TLT,0
2009-03-03,84156.79744991873,84156.79744991873,0.0,TLT,0
2009-03-04,84156.79744991873,84156.79744991873,0.0,TLT,0
2009-03-05,84156.79744991873,84156.79744991873,0.0,TLT,0
2009-03-06,84156.79744991873,84156.79744991873,0.0,TLT,0
2009-03-09,84156.79744991873,84156.79744991873,0.0,TLT,0
2009-03-10,84156.79744991873,84156.79744991873,0.0,TLT,0
2009-03-11,84156.79744991873,84156.79744991873,0.0,TLT,0
2009-03-12,84156.79744991873,84156.79744991873,0.0,TLT,0
2009-03-13,84156.79744991873,84156.79744991873,0.0,TLT,0
2009-03-16,84156.79744991873,84156.79744991873,0.0,TLT,0
2009-03-17,84156.79744991873,84156.79744991873,0.0,TLT,0
2009-03-18,84156.79744991873,84156.79744991873,0.0,TLT,0
2009-03-19,84156.79744991873,84156.79744991873,0.0,TLT,0
2009-03-20,84156.79744991873,84156.79744991873,0.0,TLT,0
2009-03-23,84156.79744991873,84156.79744991873,0.0,TLT,0
2009-03-24,84156.79744991873,84156.79744991873,0.0,TLT,0
2009-03-25,84156.79744991873,84156.79744991873,0.0,TLT,0
2009-03-26,84156.79744991873,84156.79744991873,0.0,TLT,0
2009-03-27,84156.79744991873,84156.79744991873,0.0,TLT,0
2009-03-30,84156.79744991873,84156.79744991873,0.0,TLT,0
2009-03-31,84156.79744991873,84156.79744991873,0.0,TLT,0
2009-04-01,84156.79744991873,84156.79744991873,0.0,TLT,0
2009-04-02,84156.79744991873,84156.79744991873,0.0,TLT,0
2009-04-03,84156.79744991873,84156.79744991873,0.0,TLT,0
2009-04-06,84156.79744991873,84156.79744991873,0.0,TLT,0
2009-04-07,84156.79744991873,84156.79744991873,0.0,TLT,0
2009-04-08,84156.79744991873,84156.79744991873,0.0,TLT,0
2009-04-09,84156.79744991873,84156.79744991873,0.0,TLT,0
2009-04-13,84156.79744991873,84156.79744991873,0.0,TLT,0
2009-04-14,84156.79744991873,84156.79744991873,0.0,TLT,0
2009-04-15,84156.79744991873,84156.79744991873,0.0,TLT,0
2009-04-16,84156.79744991873,84156.79744991873,0.0,TLT,0
2009-04-17,84030.88966907976,92.36910976884246,83938.52055931091,XLP,5937
2009-04-20,82396.9033581209,92.36910976884246,82304.53424835205,XLP,5937
2009-04-21,83232.88108028886,92.36910976884246,83140.51197052002,XLP,5937
2009-04-22,82130.88162197587,92.36910976884246,82038.51251220703,XLP,5937
2009-04-23,82130.88162197587,92.36910976884246,82038.51251220703,XLP,5937
2009-04-24,81788.9555908632,92.36910976884246,81696.58648109436,XLP,5937
2009-04-27,82282.88838066575,92.36910976884246,82190.51927089691,XLP,5937
2009-04-28,82662.87979855058,92.36910976884246,82570.51068878174,XLP,5937
2009-04-29,84030.88966907976,92.36910976884246,83938.52055931091,XLP,5937
2009-04-30,83688.89003242967,92.36910976884246,83596.52092266083,XLP,5937
2009-05-01,84030.88966907976,92.36910976884246,83938.52055931091,XLP,5937
2009-05-04,85322.78575195787,92.36910976884246,85230.41664218903,XLP,5937
2009-05-05,84600.79469742296,92.36910976884246,84508.42558765411,XLP,5937
2009-05-06,85132.78721203325,92.36910976884246,85040.4181022644,XLP,5937
2009-05-07,85474.73589100358,92.36910976884246,85382.36678123474,XLP,5937
2009-05-08,86576.72402538774,92.36910976884246,86484.3549156189,XLP,5937
2009-05-11,86158.74648823259,92.36910976884246,86066.37737846375,XLP,5937
2009-05-12,87184.6944405031,92.36910976884246,87092.32533073425,XLP,5937
2009-05-13,85588.75653042314,92.36910976884246,85496.3874206543,XLP,5937
2009-05-14,85892.75306190965,92.36910976884246,85800.38395214081,XLP,5937
2009-05-15,85094.77278294084,92.36910976884246,85002.403673172,XLP,5937
2009-05-18,86880.72621883867,92.36910976884246,86788.35710906982,XLP,5937
2009-05-19,87374.69298042772,92.36910976884246,87282.32387065887,XLP,5937
2009-05-20,87488.67964806077,92.36910976884246,87396.31053829193,XLP,5937
2009-05-21,86690.72767891405,92.36910976884246,86598.3585691452,XLP,5937
2009-05-22,87222.71453155992,92.36910976884246,87130.34542179108,XLP,5937
2009-05-26,88324.68001808641,92.36910976884246,88232.31090831757,XLP,5937
2009-05-27,86082.75726379869,92.36910976884246,85990.38815402985,XLP,5937
2009-05-28,86994.7411962938,92.36910976884246,86902.37208652496,XLP,5937
2009-05-29,87944.69992413041,92.36910976884246,87852.33081436157,XLP,5937
2009-06-01,89692.65591682908,92.36910976884246,89600.28680706024,XLP,5937
2009-06-02,90604.59455360887,92.36910976884246,90512.22544384003,XLP,5937
2009-06-03,90148.56861557481,92.36910976884246,90056.19950580597,XLP,5937
2009-06-04,90300.56971230028,92.36910976884246,90208.20060253143,XLP,5937
2009-06-05,89844.60039391038,92.36910976884246,89752.23128414154,XLP,5937
2009-06-08,90186.55473484514,92.36910976884246,90094.1856250763,XLP,5937
2009-06-09,89388.64806141374,92.36910976884246,89296.2789516449,XLP,5937
2009-06-10,88400.65791859147,92.36910976884246,88308.28880882263,XLP,5937
2009-06-11,88780.63801254747,92.36910976884246,88688.26890277863,XLP,5937
2009-06-12,89464.66559566972,92.36910976884246,89372.29648590088,XLP,5937
2009-06-15,87298.68110813615,92.36910976884246,87206.31199836731,XLP,5937
2009-06-16,86158.74648823259,92.36910976884246,86066.37737846375,XLP,5937
2009-06-17,87032.70466770646,92.36910976884246,86940.33555793762,XLP,5937
2009-06-18,88628.60860599992,92.36910976884246,88536.23949623108,XLP,5937
2009-06-19,87736.50949253557,92.36910976884246,87644.14038276672,XLP,5937
2009-06-22,87391.9110142183,92.36910976884246,87299.54190444946,XLP,5937
2009-06-23,86855.88151897905,92.36910976884246,86763.5124092102,XLP,5937
2009-06-24,87085.5477816057,92.36910976884246,86993.17867183685,XLP,5937
2009-06-25,88578.87957252977,92.36910976884246,88486.51046276093,XLP,5937
2009-06-26,88272.52766384599,92.36910976884246,88180.15855407715,XLP,5937
2009-06-29,88808.61944069383,92.36910976884246,88716.25033092499,XLP,5937
2009-06-30,88119.39417423723,92.36910976884246,88027.02506446838,XLP,5937
2009-07-01,89612.67500748155,92.36910976884246,89520.30589771271,XLP,5937
2009-07-02,87736.50949253557,92.36910976884246,87644.14038276672,XLP,5937
2009-07-06,89536.1535583925,92.36910976884246,89443.78444862366,XLP,5937
2009-07-07,88425.72343506334,92.36910976884246,88333.3543252945,XLP,5937
2009-07-08,88808.61944069383,92.36910976884246,88716.25033092499,XLP,5937
2009-07-09,88157.68037762163,92.36910976884246,88065.31126785278,XLP,5937
2009-07-10,87736.50949253557,92.36910976884246,87644.14038276672,XLP,5937
2009-07-13,89306.32876076219,92.36910976884246,89213.95965099335,XLP,5937
2009-07-14,89574.38880409715,92.36910976884246,89482.01969432831,XLP,5937
2009-07-15,91029.32681431291,92.36910976884246,90936.95770454407,XLP,5937
2009-07-16,91642.03063168046,92.36910976884246,91549.66152191162,XLP,5937
2009-07-17,91718.55774273393,92.36910976884246,91626.18863296509,XLP,5937
2009-07-20,91986.62910999772,92.36910976884246,91894.26000022888,XLP,5937
2009-07-21,91871.74785198686,92.36910976884246,91779.37874221802,XLP,5937
2009-07-22,91910.06802715776,92.36910976884246,91817.69891738892,XLP,5937
2009-07-23,93173.58634438035,92.36910976884246,93081.21723461151,XLP,5937
2009-07-24,94015.95642437456,92.36910976884246,93923.58731460571,XLP,5937
2009-07-27,93671.37493195054,92.36910976884246,93579.0058221817,XLP,5937
2009-07-28,93786.21089424608,92.36910976884246,93693.84178447723,XLP,5937
2009-07-29,94283.98249592302,92.36910976884246,94191.61338615417,XLP,5937
2009-07-30,94169.1182238054,92.36910976884246,94076.74911403656,XLP,5937
2009-07-31,93977.69853081224,92.36910976884246,93885.3294210434,XLP,5937
2009-08-03,94092.52883114335,92.36910976884246,94000.15972137451,XLP,5937
2009-08-04,94245.69629253862,92.36910976884246,94153.32718276978,XLP,5937
2009-08-05,93633.06608070848,92.36910976884246,93540.69697093964,XLP,5937
2009-08-06,92675.88834824083,92.36910976884246,92583.51923847198,XLP,5937
2009-08-07,93058.73905815599,92.36910976884246,92966.36994838715,XLP,5937
2009-08-10,93135.26616920946,92.36910976884246,93042.89705944061,XLP,5937
2009-08-11,93135.26616920946,92.36910976884246,93042.89705944061,XLP,5937
2009-08-12,93097.01393761155,92.36910976884246,93004.64482784271,XLP,5937
2009-08-13,93633.06608070848,92.36910976884246,93540.69697093964,XLP,5937
2009-08-14,93518.16783680436,92.36910976884246,93425.79872703552,XLP,5937
2009-08-17,92560.91083683488,92.36910976884246,92468.54172706604,XLP,5937
2009-08-18,92714.13491787431,92.36910976884246,92621.76580810547,XLP,5937
2009-08-19,93326.73681988237,92.36910976884246,93234.36771011353,XLP,5937
2009-08-20,93786.21089424608,92.36910976884246,93693.84178447723,XLP,5937
2009-08-21,94820.01199116228,92.36910976884246,94727.64288139343,XLP,5937
2009-08-24,94858.33782829759,92.36910976884246,94765.96871852875,XLP,5937
2009-08-25,95011.46565594194,92.36910976884246,94919.0965461731,XLP,5937
2009-08-26,95317.76660694597,92.36910976884246,95225.39749717712,XLP,5937
2009-08-27,95317.76660694597,92.36910976884246,95225.39749717712,XLP,5937
2009-08-28,94934.89891113756,92.36910976884246,94842.52980136871,XLP,5937
2009-08-31,95126.33559002397,92.36910976884246,95033.96648025513,XLP,5937
2009-09-01,94245.69629253862,92.36910976884246,94153.32718276978,XLP,5937
2009-09-02,94322.26869930742,92.36910976884246,94229.89958953857,XLP,5937
2009-09-03,94513.70537819383,92.36910976884246,94421.33626842499,XLP,5937
2009-09-04,94918.01887173745,110.01235051247932,94808.00652122498,XLK,5881
2009-09-08,95625.84140820596,110.01235051247932,95515.82905769348,XLK,5881
2009-09-09,96333.6975960264,110.01235051247932,96223.68524551392,XLK,5881
2009-09-10,97655.06279797647,110.01235051247932,97545.05044746399,XLK,5881
2009-09-11,97749.48849148843,110.01235051247932,97639.47614097595,XLK,5881
2009-09-14,97419.13316960428,110.01235051247932,97309.1208190918,XLK,5881
2009-09-15,98079.79894490335,110.01235051247932,97969.78659439087,XLK,5881
2009-09-16,98834.82311101053,110.01235051247932,98724.81076049805,XLK,5881
2009-09-17,98457.34467930887,110.01235051247932,98347.33232879639,XLK,5881
2009-09-18,99058.8962463865,110.01235051247932,98948.88389587402,XLK,5881
2009-09-21,98632.58970303628,110.01235051247932,98522.5773525238,XLK,5881
2009-09-22,99153.5911507139,110.01235051247932,99043.57880020142,XLK,5881
2009-09-23,99153.5911507139,110.01235051247932,99043.57880020142,XLK,5881
2009-09-24,98206.30559392068,110.01235051247932,98096.2932434082,XLK,5881
2009-09-25,97590.50828785989,110.01235051247932,97480.49593734741,XLK,5881
2009-09-28,99200.98347134683,110.01235051247932,99090.97112083435,XLK,5881
2009-09-29,98679.9595894346,110.01235051247932,98569.94723892212,XLK,5881
2009-09-30,98964.17890782449,110.01235051247932,98854.16655731201,XLK,5881
2009-10-01,96027.4478592405,110.01235051247932,95917.43550872803,XLK,5881
2009-10-02,96027.4478592405,110.01235051247932,95917.43550872803,XLK,5881
2009-10-05,96832.70227665994,110.01235051247932,96722.68992614746,XLK,5881
2009-10-06,98585.18616528604,110.01235051247932,98475.17381477356,XLK,5881
2009-10-07,98395.79635663125,110.01235051247932,98285.78400611877,XLK,5881
2009-10-08,99011.52635998819,110.01235051247932,98901.51400947571,XLK,5881
2009-10-09,99674.65990109537,110.01235051247932,99564.64755058289,XLK,5881
2009-10-12,99722.00735325906,110.01235051247932,99611.99500274658,XLK,5881
2009-10-13,100100.9888786802,110.01235051247932,99990.97652816772,XLK,5881
2009-10-14,101285.14630169961,110.01235051247932,101175.13395118713,XLK,5881
2009-10-15,101095.67797322366,110.01235051247932,100985.66562271118,XLK,5881
2009-10-16,99848.63923202608,103.83105598542897,99744.80817604065,XLF,10713
2009-10-19,100307.39007698152,103.83105598542897,100203.5590209961,XLF,10713
2009-10-20,99520.97903095339,103.83105598542897,99417.14797496796,XLF,10713
2009-10-21,97620.43543754671,103.83105598542897,97516.60438156128,XLF,10713
2009-10-22,100504.00050102327,103.83105598542897,100400.16944503784,XLF,10713
2009-10-23,99062.21796928499,103.83105598542897,98958.38691329956,XLF,10713
2009-10-26,96506.32332359407,103.83105598542897,96402.49226760864,XLF,10713
2009-10-27,95785.43205772493,103.83105598542897,95681.6010017395,XLF,10713
2009-10-28,92836.38808094118,103.83105598542897,92732.55702495575,XLF,10713
2009-10-29,96702.93374763582,103.83105598542897,96599.10269165039,XLF,10713
2009-10-30,91905.14416225193,101.37900836704648,91803.76515388489,VNQ,4355
2009-11-02,91881.96071155308,101.37900836704648,91780.58170318604,VNQ,4355
2009-11-03,93226.54270656346,101.37900836704648,93125.16369819641,VNQ,4355
2009-11-04,91232.88223750828,101.37900836704648,91131.50322914124,VNQ,4355
2009-11-05,93296.1262846732,101.37900836704648,93194.74727630615,VNQ,4355
2009-11-06,91766.0683775687,101.37900836704648,91664.68936920166,VNQ,4355
2009-11-09,96286.70005328892,101.37900836704648,96185.32104492188,VNQ,4355
2009-11-10,95568.0130816245,101.37900836704648,95466.63407325745,VNQ,4355
2009-11-11,97353.12217242955,101.37900836704648,97251.7431640625,VNQ,4355
2009-11-12,96356.26701839207,101.37900836704648,96254.88801002502,VNQ,4355
2009-11-13,97654.47380550145,101.37900836704648,97553.0947971344,VNQ,4355
2009-11-16,100019.12763126133,101.37900836704648,99917.74862289429,VNQ,4355
2009-11-17,98280.40205486058,101.37900836704648,98179.02304649353,VNQ,4355
2009-11-18,100065.46961314915,101.37900836704648,99964.0906047821,VNQ,4355
2009-11-19,97770.399365499,101.37900836704648,97669.02035713196,VNQ,4355
2009-11-20,97074.92076404332,101.37900836704648,96973.54175567627,VNQ,4355
2009-11-23,98303.61042506932,101.37900836704648,98202.23141670227,VNQ,4355
2009-11-24,96843.08625705479,101.37900836704648,96741.70724868774,VNQ,4355
2009-11-25,97237.1716929221,101.37900836704648,97135.79268455505,VNQ,4355
2009-11-27,94408.86546619175,101.37900836704648,94307.4864578247,VNQ,4355
2009-11-30,97932.71674640416,101.37900836704648,97831.33773803711,VNQ,4355
2009-12-01,99369.99101169346,101.37900836704648,99268.61200332642,VNQ,4355
2009-12-02,100992.79102809666,101.37900836704648,100891.41201972961,VNQ,4355
2009-12-03,99856.83516986607,101.37900836704648,99755.45616149902,VNQ,4355
2009-12-04,102801.06695659398,101.37900836704648,102699.68794822693,VNQ,4355
2009-12-07,100645.03926761387,101.37900836704648,100543.66025924683,VNQ,4355
2009-12-08,100065.46961314915,101.37900836704648,99964.0906047821,VNQ,4355
2009-12-09,99856.83516986607,101.37900836704648,99755.45616149902,VNQ,4355
2009-12-10,99462.74142749546,101.37900836704648,99361.36241912842,VNQ,4355
2009-12-11,101062.34968669651,101.37900836704648,100960.97067832947,VNQ,4355
2009-12-14,102893.81737239598,101.37900836704648,102792.43836402893,VNQ,4355
2009-12-15,101873.72892863987,101.37900836704648,101772.34992027283,VNQ,4355
2009-12-16,102615.59935100315,101.37900836704648,102514.22034263611,VNQ,4355
2009-12-17,101989.66279514073,101.37900836704648,101888.28378677368,VNQ,4355
2009-12-18,102661.95794589756,101.37900836704648,102560.57893753052,VNQ,4355
2009-12-21,104052.91514880894,101.37900836704648,103951.5361404419,VNQ,4355
2009-12-22,105142.52071864842,101.37900836704648,105041.14171028137,VNQ,4355
2009-12-23,106394.37721736668,101.37900836704648,106292.99820899963,VNQ,4355
2009-12-24,107930.10846622227,101.37900836704648,107828.72945785522,VNQ,4355
2009-12-28,108446.72313220738,101.37900836704648,108345.34412384033,VNQ,4355
2009-12-29,106826.45659930943,101.37900836704648,106725.07759094238,VNQ,4355
2009-12-30,106990.83399303196,101.37900836704648,106889.45498466492,VNQ,4355
2009-12-31,105159.25001628636,101.37900836704648,105057.87100791931,VNQ,4355
2010-01-04,104713.08280475377,101.37900836704648,104611.70379638672,VNQ,4355
2010-01-05,104595.65376765965,101.37900836704648,104494.2747592926,VNQ,4355
2010-01-06,104407.8021956229,101.37900836704648,104306.42318725586,VNQ,4355
2010-01-07,105534.95316035984,101.37900836704648,105433.5741519928,VNQ,4355
2010-01-08,104760.08100040196,101.37900836704648,104658.70199203491,VNQ,4355
2010-01-11,105370.56746013401,101.37900836704648,105269.18845176697,VNQ,4355
2010-01-12,103609.489083364,101.37900836704648,103508.11007499695,VNQ,4355
2010-01-13,105699.32224757908,101.37900836704648,105597.94323921204,VNQ,4355
2010-01-14,105605.40892131565,101.37900836704648,105504.02991294861,VNQ,4355
2010-01-15,104806.9961310172,101.37900836704648,104705.61712265015,VNQ,4355
2010-01-19,106943.85241039036,101.37900836704648,106842.47340202332,VNQ,4355
2010-01-20,105746.32874973057,101.37900836704648,105644.94974136353,VNQ,4355
2010-01-21,102717.12143428563,101.37900836704648,102615.74242591858,VNQ,4355
2010-01-22,100134.11455638646,101.37900836704648,100032.73554801941,VNQ,4355
2010-01-25,100838.6057139182,101.37900836704648,100737.22670555115,VNQ,4355
2010-01-26,99899.306321218,101.37900836704648,99797.92731285095,VNQ,4355
2010-01-27,100791.62413127659,101.37900836704648,100690.24512290955,VNQ,4355
2010-01-28,99922.7971125388,101.37900836704648,99821.41810417175,VNQ,4355
2010-01-29,99359.23408992527,101.37900836704648,99257.85508155823,VNQ,4355
2010-02-01,101167.31066234349,101.37900836704648,101065.93165397644,VNQ,4355
2010-02-02,102552.78557307957,101.37900836704648,102451.40656471252,VNQ,4355
2010-02-03,100885.51253803013,101.37900836704648,100784.13352966309,VNQ,4355
2010-02-04,97151.96358211277,101.37900836704648,97050.58457374573,VNQ,4355
2010-02-05,98936.57428272007,101.37900836704648,98835.19527435303,VNQ,4355
2010-02-08,96776.20229251622,101.37900836704648,96674.82328414917,VNQ,4355
2010-02-09,96470.92998988865,101.37900836704648,96369.5509815216,VNQ,4355
2010-02-10,96658.83140094517,101.37900836704648,96557.45239257812,VNQ,4355
2010-02-11,97574.60677631138,101.37900836704648,97473.22776794434,VNQ,4355
2010-02-12,98725.24022586583,101.37900836704648,98623.86121749878,VNQ,4355
2010-02-16,101519.56454761265,101.37900836704648,101418.1855392456,VNQ,4355
2010-02-17,102435.31500346898,101.37900836704648,102333.93599510193,VNQ,4355
2010-02-18,103961.68482311009,101.37900836704648,103860.30581474304,VNQ,4355
2010-02-19,104032.1405840659,101.37900836704648,103930.76157569885,VNQ,4355
2010-02-22,104290.40638454197,101.37900836704648,104189.02737617493,VNQ,4355
2010-02-23,103491.99359424351,101.37900836704648,103390.61458587646,VNQ,4355
2010-02-24,104548.69710452794,101.37900836704648,104447.31809616089,VNQ,4355
2010-02-25,104947.91595943211,101.37900836704648,104846.53695106506,VNQ,4355
2010-02-26,104900.9426832938,101.37900836704648,104799.56367492676,VNQ,4355
2010-03-01,105793.23557384251,101.37900836704648,105691.85656547546,VNQ,4355
2010-03-02,105840.18393047093,101.37900836704648,105738.80492210388,VNQ,4355
2010-03-03,105558.42733867405,101.37900836704648,105457.048330307,VNQ,4355
2010-03-04,106215.93691356419,101.37900836704648,106114.55790519714,VNQ,4355
2010-03-05,109104.17456157444,101.37900836704648,109002.7955532074,VNQ,4355
2010-03-08,110207.84304149388,101.37900836704648,110106.46403312683,VNQ,4355
2010-03-09,110466.13376147984,101.37900836704648,110364.7547531128,VNQ,4355
2010-03-10,111452.38981731175,101.37900836704648,111351.0108089447,VNQ,4355
2010-03-11,112109.84955318211,101.37900836704648,112008.47054481506,VNQ,4355
2010-03-12,113002.20058925389,101.37900836704648,112900.82158088684,VNQ,4355
2010-03-15,112743.86003024815,101.37900836704648,112642.4810218811,VNQ,4355
2010-03-16,115467.76181705235,101.37900836704648,115366.3828086853,VNQ,4355
2010-03-17,117181.9915152335,101.37900836704648,117080.61250686646,VNQ,4355
2010-03-18,116547.97273166417,101.37900836704648,116446.59372329712,VNQ,4355
2010-03-19,115279.89363200901,101.37900836704648,115178.51462364197,VNQ,4355
2010-03-22,116735.80769069432,101.37900836704648,116634.42868232727,VNQ,4355
2010-03-23,116407.06951625584,101.37900836704648,116305.6905078888,VNQ,4355
2010-03-24,117041.06338031529,101.37900836704648,116939.68437194824,VNQ,4355
2010-03-25,117327.30548389195,101.37900836704648,117225.9264755249,VNQ,4355
2010-03-26,116712.20060832737,101.37900836704648,116610.82159996033,VNQ,4355
2010-03-29,117067.11257465123,101.37900836704648,116965.73356628418,VNQ,4355
2010-03-30,116901.46428592442,101.37900836704648,116800.08527755737,VNQ,4355
2010-03-31,115576.6185427451,101.37900836704648,115475.23953437805,VNQ,4355
2010-04-01,116168.09141643284,101.37900836704648,116066.7124080658,VNQ,4355
2010-04-05,118723.19674976109,101.37900836704648,118621.81774139404,VNQ,4355
2010-04-06,121443.85069377659,101.37900836704648,121342.47168540955,VNQ,4355
2010-04-07,118770.46075351475,101.37900836704648,118669.0817451477,VNQ,4355
2010-04-08,118912.43550784825,101.37900836704648,118811.0564994812,VNQ,4355
2010-04-09,120592.20152385472,101.37900836704648,120490.82251548767,VNQ,4355
2010-04-12,119835.08866794346,101.37900836704648,119733.70965957642,VNQ,4355
2010-04-13,122768.69643695591,101.37900836704648,122667.31742858887,VNQ,4355
2010-04-14,122957.98503406285,101.37900836704648,122856.6060256958,VNQ,4355
2010-04-15,119598.45300204991,101.37900836704648,119497.07399368286,VNQ,4355
2010-04-16,116854.14213664769,101.37900836704648,116752.76312828064,VNQ,4355
2010-04-19,117374.65255267857,101.37900836704648,117273.27354431152,VNQ,4355
2010-04-20,119361.9253206992,101.37900836704648,119260.54631233215,VNQ,4355
2010-04-21,121443.85069377659,101.37900836704648,121342.47168540955,VNQ,4355
2010-04-22,123312.86377437352,101.37900836704648,123211.48476600647,VNQ,4355
2010-04-23,124945.23288257359,101.37900836704648,124843.85387420654,VNQ,4355
2010-04-26,125938.85680682896,101.37900836704648,125837.47779846191,VNQ,4355
2010-04-27,121916.98081500767,101.37900836704648,121815.60180664062,VNQ,4355
2010-04-28,122295.54970271824,101.37900836704648,122194.1706943512,VNQ,4355
2010-04-29,127807.86158092259,101.37900836704648,127706.48257255554,VNQ,4355
2010-04-30,123833.29112537144,101.37900836704648,123731.9121170044,VNQ,4355
2010-05-03,127949.87786777256,101.37900836704648,127848.49885940552,VNQ,4355
2010-05-04,125039.87718112706,101.37900836704648,124938.49817276001,VNQ,4355
2010-05-05,123360.14439113377,101.37900836704648,123258.76538276672,VNQ,4355
2010-05-06,118297.33063228367,101.37900836704648,118195.95162391663,VNQ,4355
2010-05-07,116310.01633174656,101.37900836704648,116208.63732337952,VNQ,4355
2010-05-10,123975.24096019505,101.37900836704648,123873.861951828,VNQ,4355
2010-05-11,124708.63874919651,101.37900836704648,124607.25974082947,VNQ,4355
2010-05-12,126719.57674510716,101.37900836704648,126618.19773674011,VNQ,4355
2010-05-13,124661.30829341648,101.37900836704648,124559.92928504944,VNQ,4355
2010-05-14,120710.41967876194,101.37900836704648,120609.0406703949,VNQ,4355
2010-05-17,120876.03474147557,101.37900836704648,120774.65573310852,VNQ,4355
2010-05-18,117824.14236552952,101.37900836704648,117722.76335716248,VNQ,4355
2010-05-19,116735.89075572728,101.37900836704648,116634.51174736023,VNQ,4355
2010-05-20,110750.39891727208,101.37900836704648,110649.01990890503,VNQ,4355
2010-05-21,114464.72662456273,101.37900836704648,114363.34761619568,VNQ,4355
2010-05-24,111909.62129123448,101.37900836704648,111808.24228286743,VNQ,4355
2010-05-25,112808.65906245945,101.37900836704648,112707.2800540924,VNQ,4355
2010-05-26,112572.06492908238,101.37900836704648,112470.68592071533,VNQ,4355
2010-05-27,118746.78721912144,101.37900836704648,118645.4082107544,VNQ,4355
2010-05-28,117232.70271785496,101.37900836704648,117131.32370948792,VNQ,4355
2010-06-01,114795.9069109702,101.37900836704648,114694.52790260315,VNQ,4355
2010-06-02,117043.4639597678,101.37900836704648,116942.08495140076,VNQ,4355
2010-06-03,116712.20060832737,101.37900836704648,116610.82159996033,VNQ,4355
2010-06-04,110111.57066829441,101.37900836704648,110010.19165992737,VNQ,4355
2010-06-07,109520.14763362645,101.37900836704648,109418.7686252594,VNQ,4355
2010-06-08,111483.78839977024,101.37900836704648,111382.4093914032,VNQ,4355
2010-06-09,112146.19050510167,101.37900836704648,112044.81149673462,VNQ,4355
2010-06-10,116996.14181049107,101.37900836704648,116894.76280212402,VNQ,4355
2010-06-11,118391.94170482396,101.37900836704648,118290.56269645691,VNQ,4355
2010-06-14,119858.712363317,101.37900836704648,119757.33335494995,VNQ,4355
2010-06-15,122532.11891658543,101.37900836704648,122430.73990821838,VNQ,4355
2010-06-16,121420.16885287999,101.37900836704648,121318.78984451294,VNQ,4355
2010-06-17,121680.36176212071,101.37900836704648,121578.98275375366,VNQ,4355
2010-06-18,121301.90085895298,101.37900836704648,121200.52185058594,VNQ,4355
2010-06-21,120355.59077747105,101.37900836704648,120254.211769104,VNQ,4355
2010-06-22,116783.19629199742,101.37900836704648,116681.81728363037,VNQ,4355
2010-06-23,117090.76118953465,101.37900836704648,116989.3821811676,VNQ,4355
2010-06-24,114614.19384486912,101.37900836704648,114512.81483650208,VNQ,4355
2010-06-25,117327.75648964164,117327.75648964164,0.0,GLD,0
2010-06-28,117327.75648964164,117327.75648964164,0.0,GLD,0
2010-06-29,117327.75648964164,117327.75648964164,0.0,GLD,0
2010-06-30,117327.75648964164,117327.75648964164,0.0,GLD,0
2010-07-01,117327.75648964164,117327.75648964164,0.0,GLD,0
2010-07-02,117327.75648964164,117327.75648964164,0.0,GLD,0
2010-07-06,117327.75648964164,117327.75648964164,0.0,GLD,0
2010-07-07,117327.75648964164,117327.75648964164,0.0,GLD,0
2010-07-08,117327.75648964164,117327.75648964164,0.0,GLD,0
2010-07-09,117327.75648964164,117327.75648964164,0.0,GLD,0
2010-07-12,117327.75648964164,117327.75648964164,0.0,GLD,0
2010-07-13,117327.75648964164,117327.75648964164,0.0,GLD,0
2010-07-14,117327.75648964164,117327.75648964164,0.0,GLD,0
2010-07-15,117327.75648964164,117327.75648964164,0.0,GLD,0
2010-07-16,117327.75648964164,117327.75648964164,0.0,GLD,0
2010-07-19,117327.75648964164,117327.75648964164,0.0,GLD,0
2010-07-20,117327.75648964164,117327.75648964164,0.0,GLD,0
2010-07-21,117327.75648964164,117327.75648964164,0.0,GLD,0
2010-07-22,117327.75648964164,117327.75648964164,0.0,GLD,0
2010-07-23,117327.75648964164,117327.75648964164,0.0,GLD,0
2010-07-26,117327.75648964164,117327.75648964164,0.0,GLD,0
2010-07-27,117327.75648964164,117327.75648964164,0.0,GLD,0
2010-07-28,117327.75648964164,117327.75648964164,0.0,GLD,0
2010-07-29,117327.75648964164,117327.75648964164,0.0,GLD,0
2010-07-30,117327.75648964164,117327.75648964164,0.0,GLD,0
2010-08-02,117327.75648964164,117327.75648964164,0.0,GLD,0
2010-08-03,117327.75648964164,117327.75648964164,0.0,GLD,0
2010-08-04,117327.75648964164,117327.75648964164,0.0,GLD,0
2010-08-05,117327.75648964164,117327.75648964164,0.0,GLD,0
2010-08-06,117152.22419618843,130.69522737739317,117021.52896881104,VNQ,4134
2010-08-09,118489.76111101387,130.69522737739317,118359.06588363647,VNQ,4134
2010-08-10,117333.63391374824,130.69522737739317,117202.93868637085,VNQ,4134
2010-08-11,114409.17396044014,130.69522737739317,114278.47873306274,VNQ,4134
2010-08-12,112980.95189928291,130.69522737739317,112850.25667190552,VNQ,4134
2010-08-13,112980.95189928291,130.69522737739317,112850.25667190552,VNQ,4134
2010-08-16,112890.32194780586,130.69522737739317,112759.62672042847,VNQ,4134
2010-08-17,115474.7027461457,130.69522737739317,115344.00751876831,VNQ,4134
2010-08-18,115588.07297777412,130.69522737739317,115457.37775039673,VNQ,4134
2010-08-19,112640.96736406563,130.69522737739317,112510.27213668823,VNQ,4134
2010-08-20,112278.25831865547,130.69522737739317,112147.56309127808,VNQ,4134
2010-08-23,111688.81669496773,130.69522737739317,111558.12146759033,VNQ,4134
2010-08-24,111235.46981310127,130.69522737739317,111104.77458572388,VNQ,4134
2010-08-25,113003.69217943428,130.69522737739317,112872.99695205688,VNQ,4134
2010-08-26,112323.62060426948,130.69522737739317,112192.92537689209,VNQ,4134
2010-08-27,114011.41887499283,114011.41887499283,0.0,TLT,0
2010-08-30,114011.41887499283,114011.41887499283,0.0,TLT,0
2010-08-31,114011.41887499283,114011.41887499283,0.0,TLT,0
2010-09-01,114011.41887499283,114011.41887499283,0.0,TLT,0
2010-09-02,114011.41887499283,114011.41887499283,0.0,TLT,0
2010-09-03,114011.41887499283,114011.41887499283,0.0,TLT,0
2010-09-07,114011.41887499283,114011.41887499283,0.0,TLT,0
2010-09-08,114011.41887499283,114011.41887499283,0.0,TLT,0
2010-09-09,114011.41887499283,114011.41887499283,0.0,TLT,0
2010-09-10,114011.41887499283,114011.41887499283,0.0,TLT,0
2010-09-13,114011.41887499283,114011.41887499283,0.0,TLT,0
2010-09-14,114011.41887499283,114011.41887499283,0.0,TLT,0
2010-09-15,114011.41887499283,114011.41887499283,0.0,TLT,0
2010-09-16,114011.41887499283,114011.41887499283,0.0,TLT,0
2010-09-17,114011.41887499283,114011.41887499283,0.0,TLT,0
2010-09-20,114011.41887499283,114011.41887499283,0.0,TLT,0
2010-09-21,114011.41887499283,114011.41887499283,0.0,TLT,0
2010-09-22,114011.41887499283,114011.41887499283,0.0,TLT,0
2010-09-23,114011.41887499283,114011.41887499283,0.0,TLT,0
2010-09-24,114011.41887499283,114011.41887499283,0.0,TLT,0
2010-09-27,114011.41887499283,114011.41887499283,0.0,TLT,0
2010-09-28,114011.41887499283,114011.41887499283,0.0,TLT,0
2010-09-29,114011.41887499283,114011.41887499283,0.0,TLT,0
2010-09-30,114011.41887499283,114011.41887499283,0.0,TLT,0
2010-10-01,113840.87186785172,142.86710710953048,113698.00476074219,VNQ,3926
2010-10-04,114883.61078234146,142.86710710953048,114740.74367523193,VNQ,3926
2010-10-05,116708.37767382096,142.86710710953048,116565.51056671143,VNQ,3926
2010-10-06,116078.33872194718,142.86710710953048,115935.47161483765,VNQ,3926
2010-10-07,116404.21990557144,142.86710710953048,116261.35279846191,VNQ,3926
2010-10-08,116730.04118318985,142.86710710953048,116587.17407608032,VNQ,3926
2010-10-11,116708.37767382096,142.86710710953048,116565.51056671143,VNQ,3926
2010-10-12,117533.80755205582,142.86710710953048,117390.94044494629,VNQ,3926
2010-10-13,118750.29634828995,142.86710710953048,118607.42924118042,VNQ,3926
2010-10-14,118446.16104479264,142.86710710953048,118303.2939376831,VNQ,3926
2010-10-15,118294.14206667374,142.86710710953048,118151.27495956421,VNQ,3926
2010-10-18,119814.76616640518,142.86710710953048,119671.89905929565,VNQ,3926
2010-10-19,118337.52150316666,142.86710710953048,118194.65439605713,VNQ,3926
2010-10-20,120922.57797975968,142.86710710953048,120779.71087265015,VNQ,3926
2010-10-21,120792.2524640126,142.86710710953048,120649.38535690308,VNQ,3926
2010-10-22,120857.4301983876,142.86710710953048,120714.56309127808,VNQ,3926
2010-10-25,121074.66435213517,142.86710710953048,120931.79724502563,VNQ,3926
2010-10-26,120205.7427136464,142.86710710953048,120062.87560653687,VNQ,3926
2010-10-27,119358.50704927872,142.86710710953048,119215.63994216919,VNQ,3926
2010-10-28,118619.97083254288,142.86710710953048,118477.10372543335,VNQ,3926
2010-10-29,118641.73917742203,142.86710710953048,118498.8720703125,VNQ,3926
2010-11-01,119662.69477053116,142.86710710953048,119519.82766342163,VNQ,3926
2010-11-02,120488.10967226456,142.86710710953048,120345.24256515503,VNQ,3926
2010-11-03,120488.10967226456,142.86710710953048,120345.24256515503,VNQ,3926
2010-11-04,123268.66191072892,142.86710710953048,123125.79480361938,VNQ,3926
2010-11-05,124593.81271334122,142.86710710953048,124450.94560623169,VNQ,3926
2010-11-08,123920.41678972672,142.86710710953048,123777.54968261719,VNQ,3926
2010-11-09,118902.3976971669,142.86710710953048,118759.53059005737,VNQ,3926
2010-11-10,120379.51506014298,142.86710710953048,120236.64795303345,VNQ,3926
2010-11-11,119423.68478365372,142.86710710953048,119280.81767654419,VNQ,3926
2010-11-12,118315.83552904557,142.86710710953048,118172.96842193604,VNQ,3926
2010-11-15,117186.25537081192,142.86710710953048,117043.38826370239,VNQ,3926
2010-11-16,113167.51338549088,142.86710710953048,113024.64627838135,VNQ,3926
2010-11-17,114036.45000048111,142.86710710953048,113893.58289337158,VNQ,3926
2010-11-18,115057.37564058731,142.86710710953048,114914.50853347778,VNQ,3926
2010-11-19,115665.64624758194,142.86710710953048,115522.77914047241,VNQ,3926
2010-11-22,115969.76657457779,142.86710710953048,115826.89946746826,VNQ,3926
2010-11-23,115057.37564058731,142.86710710953048,114914.50853347778,VNQ,3926
2010-11-24,117273.18647356461,142.86710710953048,117130.31936645508,VNQ,3926
2010-11-26,117034.1839749379,142.86710710953048,116891.31686782837,VNQ,3926
2010-11-29,116969.03619356583,142.86710710953048,116826.1690864563,VNQ,3926
2010-11-30,116447.66673632096,142.86710710953048,116304.79962921143,VNQ,3926
2010-12-01,117121.10758943985,142.86710710953048,116978.24048233032,VNQ,3926
2010-12-02,118924.11362429093,142.86710710953048,118781.2465171814,VNQ,3926
2010-12-03,118902.3976971669,142.86710710953048,118759.53059005737,VNQ,3926
2010-12-06,119141.32531328629,142.86710710953048,118998.45820617676,VNQ,3926
2010-12-07,119402.02127428482,142.86710710953048,119259.1541671753,VNQ,3926
2010-12-08,117642.39467592667,142.86710710953048,117499.52756881714,VNQ,3926
2010-12-09,116599.74562044571,142.86710710953048,116456.87851333618,VNQ,3926
2010-12-10,117008.90589671562,134.88342051932705,116874.02247619629,XLB,4283
2010-12-13,117636.40467410514,134.88342051932705,117501.52125358582,XLB,4283
2010-12-14,117542.26311068962,134.88342051932705,117407.37969017029,XLB,4283
2010-12-15,116914.78884082267,134.88342051932705,116779.90542030334,XLB,4283
2010-12-16,118012.97909694145,134.88342051932705,117878.09567642212,XLB,4283
2010-12-17,118939.72289424369,134.88342051932705,118804.83947372437,XLB,4283
2010-12-20,119319.29540400932,134.88342051932705,119184.41198348999,XLB,4283
2010-12-21,120521.28318744132,134.88342051932705,120386.399766922,XLB,4283
2010-12-22,120457.98842578361,134.88342051932705,120323.10500526428,XLB,4283
2010-12-23,120774.23349719474,134.88342051932705,120639.35007667542,XLB,4283
2010-12-27,120964.11778216789,134.88342051932705,120829.23436164856,XLB,4283
2010-12-28,121217.0762610955,134.88342051932705,121082.19284057617,XLB,4283
2010-12-29,121723.19744830558,134.88342051932705,121588.31402778625,XLB,4283
2010-12-30,121723.19744830558,134.88342051932705,121588.31402778625,XLB,4283
2010-12-31,121628.30432086418,134.88342051932705,121493.42090034485,XLB,4283
2011-01-03,122608.83396106193,134.88342051932705,122473.9505405426,XLB,4283
2011-01-04,121786.41051822135,134.88342051932705,121651.52709770203,XLB,4283
2011-01-05,122071.17159228752,134.88342051932705,121936.28817176819,XLB,4283
2011-01-06,121438.50172763297,134.88342051932705,121303.61830711365,XLB,4283
2011-01-07,120948.99191318938,130.2184222836222,120818.77349090576,XLE,2918
2011-01-10,120471.24822269866,130.2184222836222,120341.02980041504,XLE,2918
2011-01-11,122470.75010715911,130.2184222836222,122340.53168487549,XLE,2918
2011-01-12,124151.70796238372,130.2184222836222,124021.4895401001,XLE,2918
2011-01-13,123797.77757297942,130.2184222836222,123667.5591506958,XLE,2918
2011-01-14,125142.61509739349,130.2184222836222,125012.39667510986,XLE,2918
2011-01-18,125921.19294010589,130.2184222836222,125790.97451782227,XLE,2918
2011-01-19,124399.46813999602,130.2184222836222,124269.2497177124,XLE,2918
2011-01-20,123514.69782291839,130.2184222836222,123384.47940063477,XLE,2918
2011-01-21,124169.40670811126,130.2184222836222,124039.18828582764,XLE,2918
2011-01-24,124629.46278416106,130.2184222836222,124499.24436187744,XLE,2918
2011-01-25,124275.56578861663,130.2184222836222,124145.34736633301,XLE,2918
2011-01-26,127248.26493107268,130.2184222836222,127118.04650878906,XLE,2918
2011-01-27,126505.0511859555,130.2184222836222,126374.83276367188,XLE,2918
2011-01-28,125956.57930027434,130.2184222836222,125826.36087799072,XLE,2918
2011-01-31,129566.26631962249,130.2184222836222,129436.04789733887,XLE,2918
2011-02-01,131671.90502201507,130.2184222836222,131541.68659973145,XLE,2918
2011-02-02,131565.77933536956,130.2184222836222,131435.56091308594,XLE,2918
2011-02-03,131636.52979313323,130.2184222836222,131506.3113708496,XLE,2918
2011-02-04,131300.34267460296,130.2184222836222,131170.12425231934,XLE,2918
2011-02-07,132061.23290287444,130.2184222836222,131931.01448059082,XLE,2918
2011-02-08,131618.87557255218,130.2184222836222,131488.65715026855,XLE,2918
2011-02-09,129955.51628147552,130.2184222836222,129825.2978591919,XLE,2918
2011-02-10,131282.6884540219,130.2184222836222,131152.47003173828,XLE,2918
2011-02-11,131265.000839581,130.2184222836222,131134.78241729736,XLE,2918
2011-02-14,134149.20625339934,130.2184222836222,134018.98783111572,XLE,2918
2011-02-15,132751.32814823577,130.2184222836222,132621.10972595215,XLE,2918
2011-02-16,134520.7463382382,130.2184222836222,134390.5279159546,XLE,2918
2011-02-17,135847.8739856381,130.2184222836222,135717.6555633545,XLE,2918
2011-02-18,136414.0891421933,130.2184222836222,136283.87071990967,XLE,2918
2011-02-22,135086.99488865325,130.2184222836222,134956.77646636963,XLE,2918
2011-02-23,137829.62146793792,130.2184222836222,137699.4030456543,XLE,2918
2011-02-24,135883.24921451995,130.2184222836222,135753.03079223633,XLE,2918
2011-02-25,138042.0064166684,130.2184222836222,137911.78799438477,XLE,2918
2011-02-28,139103.66400944183,130.2184222836222,138973.4455871582,XLE,2918
2011-03-01,136502.5940021176,130.2184222836222,136372.37557983398,XLE,2918
2011-03-02,137281.09392582366,130.2184222836222,137150.87550354004,XLE,2918
2011-03-03,139634.54846226165,130.2184222836222,139504.33003997803,XLE,2918
2011-03-04,138749.778145184,130.2184222836222,138619.5597229004,XLE,2918
2011-03-07,137776.59201847503,130.2184222836222,137646.3735961914,XLE,2918
2011-03-08,136644.1283115048,130.2184222836222,136513.9098892212,XLE,2918
2011-03-09,135706.27288853118,130.2184222836222,135576.05446624756,XLE,2918
2011-03-10,130769.52500950286,130.2184222836222,130639.30658721924,XLE,2918
2011-03-11,133034.37450443694,130.2184222836222,132904.15608215332,XLE,2918
2011-03-14,133759.93402897308,130.2184222836222,133629.71560668945,XLE,2918
2011-03-15,132751.32814823577,130.2184222836222,132621.10972595215,XLE,2918
2011-03-16,130627.92391239593,130.2184222836222,130497.7054901123,XLE,2918
2011-03-17,134609.27346073577,130.2184222836222,134479.05503845215,XLE,2918
2011-03-18,133978.93096195647,130.2184222836222,133848.71253967285,XLE,2918
2011-03-21,138044.6556628842,130.2184222836222,137914.4372406006,XLE,2918
2011-03-22,137742.84195743987,130.2184222836222,137612.62353515625,XLE,2918
2011-03-23,138097.952263226,130.2184222836222,137967.73384094238,XLE,2918
2011-03-24,138595.00873600433,130.2184222836222,138464.7903137207,XLE,2918
2011-03-25,139837.86141239593,130.2184222836222,139707.6429901123,XLE,2918
2011-03-28,139500.51664005706,130.2184222836222,139370.29821777344,XLE,2918
2011-03-29,141204.89472233245,130.2184222836222,141074.67630004883,XLE,2918
2011-03-30,142181.43136631438,130.2184222836222,142051.21294403076,XLE,2918
2011-03-31,141719.7501224179,130.2184222836222,141589.53170013428,XLE,2918
2011-04-01,142145.8223804135,130.2184222836222,142015.60395812988,XLE,2918
2011-04-04,142234.65004764983,130.2184222836222,142104.4316253662,XLE,2918
2011-04-05,142660.7556995053,130.2184222836222,142530.53727722168,XLE,2918
2011-04-06,141169.38591801116,130.2184222836222,141039.16749572754,XLE,2918
2011-04-07,141169.38591801116,130.2184222836222,141039.16749572754,XLE,2918
2011-04-08,141666.58709751556,130.2184222836222,141536.36867523193,XLE,2918
2011-04-11,138879.14595829436,130.2184222836222,138748.92753601074,XLE,2918
2011-04-12,134582.62516056487,130.2184222836222,134452.40673828125,XLE,2918
2011-04-13,135132.96710239837,130.2184222836222,135002.74868011475,XLE,2918
2011-04-14,136056.22940861175,130.2184222836222,135926.01098632812,XLE,2918
2011-04-15,137174.74561344573,130.2184222836222,137044.5271911621,XLE,2918
2011-04-18,135132.96710239837,130.2184222836222,135002.74868011475,XLE,2918
2011-04-19,136500.06720005462,130.2184222836222,136369.848777771,XLE,2918
2011-04-20,139713.60285984466,130.2184222836222,139583.38443756104,XLE,2918
2011-04-21,140352.73907505462,130.2184222836222,140222.520652771,XLE,2918
2011-04-25,139624.7529300351,130.2184222836222,139494.53450775146,XLE,2918
2011-04-26,141009.62969242522,130.2184222836222,140879.4112701416,XLE,2918
2011-04-27,140938.61208378265,130.2184222836222,140808.39366149902,XLE,2918
2011-04-28,140920.857681622,130.2184222836222,140790.63925933838,XLE,2918
2011-04-29,143015.83261143157,130.2184222836222,142885.61418914795,XLE,2918
2011-05-02,141116.14497410247,130.2184222836222,140985.92655181885,XLE,2918
2011-05-03,137583.09686314056,130.2184222836222,137452.87844085693,XLE,2918
2011-05-04,135150.74376713226,130.2184222836222,135020.52534484863,XLE,2918
2011-05-05,132345.57048832366,130.2184222836222,132215.35206604004,XLE,2918
2011-05-06,132931.46575962493,130.2184222836222,132801.2473373413,XLE,2918
2011-05-09,135257.303573956,130.2184222836222,135127.08515167236,XLE,2918
2011-05-10,135896.4175265927,130.2184222836222,135766.19910430908,XLE,2918
2011-05-11,131972.73917423675,130.2184222836222,131842.52075195312,XLE,2918
2011-05-12,131777.45188175628,130.2184222836222,131647.23345947266,XLE,2918
2011-05-13,131138.32679783294,130.2184222836222,131008.10837554932,XLE,2918
2011-05-16,130144.0580142636,130.2184222836222,130013.83959197998,XLE,2918
2011-05-17,130144.0580142636,130.2184222836222,130013.83959197998,XLE,2918
2011-05-18,132771.67614017913,130.2184222836222,132641.4577178955,XLE,2918
2011-05-19,132789.47506748626,130.2184222836222,132659.25664520264,XLE,2918
2011-05-20,132629.64092289397,130.2184222836222,132499.42250061035,XLE,2918
2011-05-23,130570.13027225921,130.2184222836222,130439.91184997559,XLE,2918
2011-05-24,132416.565834393,130.2184222836222,132286.34741210938,XLE,2918
2011-05-25,134653.6205066342,130.2184222836222,134523.4020843506,XLE,2918
2011-05-26,135328.25439487884,130.2184222836222,135198.03597259521,XLE,2918
2011-05-27,135665.6436923642,130.2184222836222,135535.42527008057,XLE,2918
2011-05-31,137032.71039616058,130.2184222836222,136902.49197387695,XLE,2918
2011-06-01,133765.92266117522,130.2184222836222,133635.7042388916,XLE,2918
2011-06-02,133712.6705859799,130.2184222836222,133582.4521636963,XLE,2918
2011-06-03,133748.1237338681,130.2184222836222,133617.90531158447,XLE,2918
2011-06-06,130729.95328556487,130.2184222836222,130599.73486328125,XLE,2918
2011-06-07,130729.95328556487,130.2184222836222,130599.73486328125,XLE,2918
2011-06-08,131120.5278705258,130.2184222836222,130990.30944824219,XLE,2918
2011-06-09,132895.96808659026,130.2184222836222,132765.74966430664,XLE,2918
2011-06-10,130321.61316715667,130.2184222836222,130191.39474487305,XLE,2918
2011-06-13,128262.14704166839,130.2184222836222,128131.92861938477,XLE,2918
2011-06-14,130996.25818668792,130.2184222836222,130866.0397644043,XLE,2918
2011-06-15,127995.78648411224,130.2184222836222,127865.56806182861,XLE,2918
2011-06-16,128191.10717045257,130.2184222836222,128060.88874816895,XLE,2918
2011-06-17,127861.44298588226,130.2184222836222,127731.22456359863,XLE,2918
2011-06-20,128217.81112705657,130.2184222836222,128087.59270477295,XLE,2918
2011-06-21,130766.07431065032,130.2184222836222,130635.8558883667,XLE,2918
2011-06-22,130391.85158573577,130.2184222836222,130261.63316345215,XLE,2918
2011-06-23,128966.20092045257,130.2184222836222,128835.98249816895,XLE,2918
2011-06-24,126524.93166386077,130.2184222836222,126394.71324157715,XLE,2918
2011-06-27,127202.10348545501,130.2184222836222,127071.88506317139,XLE,2918
2011-06-28,130908.61043583343,130.2184222836222,130778.3920135498,XLE,2918
2011-06-29,132441.08805881927,130.2184222836222,132310.86963653564,XLE,2918
2011-06-30,134401.2185825009,130.2184222836222,134271.00016021729,XLE,2918
2011-07-01,135666.41175114104,130.2184222836222,135536.19332885742,XLE,2918
2011-07-05,136503.95201908538,130.2184222836222,136373.73359680176,XLE,2918
2011-07-06,136254.47762333343,130.2184222836222,136124.2592010498,XLE,2918
2011-07-07,138303.79201542327,130.2184222836222,138173.57359313965,XLE,2918
2011-07-08,136735.09863406036,139.58125429961365,136595.51737976074,XLV,4851
2011-07-11,134864.4554455838,139.58125429961365,134724.87419128418,XLV,4851
2011-07-12,134864.4554455838,139.58125429961365,134724.87419128418,XLV,4851
2011-07-13,135398.8918831906,139.58125429961365,135259.310628891,XLV,4851
2011-07-14,135169.81729441497,139.58125429961365,135030.23604011536,XLV,4851
2011-07-15,134482.6582959256,139.58125429961365,134343.07704162598,XLV,4851
2011-07-18,133490.08193331573,139.58125429961365,133350.5006790161,XLV,4851
2011-07-19,134673.53836565826,139.58125429961365,134533.95711135864,XLV,4851
2011-07-20,134215.42619829986,139.58125429961365,134075.84494400024,XLV,4851
2011-07-21,136238.78269511077,139.58125429961365,136099.20144081116,XLV,4851
2011-07-22,136009.6896012387,139.58125429961365,135870.1083469391,XLV,4851
2011-07-25,134597.23260050628,139.58125429961365,134457.65134620667,XLV,4851
2011-07-26,133528.2857049069,139.58125429961365,133388.7044506073,XLV,4851
2011-07-27,131199.49333887908,139.58125429961365,131059.91208457947,XLV,4851
2011-07-28,131084.94679194305,139.58125429961365,130945.36553764343,XLV,4851
2011-07-29,130397.79704600188,139.58125429961365,130258.21579170227,XLV,4851
2011-08-01,128183.52346926543,139.58125429961365,128043.94221496582,XLV,4851
2011-08-02,125434.83196001861,139.58125429961365,125295.250705719,XLV,4851
2011-08-03,125663.89729624602,139.58125429961365,125524.31604194641,XLV,4851
2011-08-04,120662.78395396087,139.58125429961365,120523.20269966125,XLV,4851
2011-08-05,121579.01754122588,139.58125429961365,121439.43628692627,XLV,4851
2011-08-08,115356.25324755523,139.58125429961365,115216.67199325562,XLV,4851
2011-08-09,119555.65179186675,139.58125429961365,119416.07053756714,XLV,4851
2011-08-10,114516.36243563506,139.58125429961365,114376.78118133545,XLV,4851
2011-08-11,119746.51335650298,139.58125429961365,119606.93210220337,XLV,4851
2011-08-12,120748.83963806006,120748.83963806006,0.0,GLD,0
2011-08-15,120748.83963806006,120748.83963806006,0.0,GLD,0
2011-08-16,120748.83963806006,120748.83963806006,0.0,GLD,0
2011-08-17,120748.83963806006,120748.83963806006,0.0,GLD,0
2011-08-18,120748.83963806006,120748.83963806006,0.0,GLD,0
2011-08-19,120748.83963806006,120748.83963806006,0.0,GLD,0
2011-08-22,120748.83963806006,120748.83963806006,0.0,GLD,0
2011-08-23,120748.83963806006,120748.83963806006,0.0,GLD,0
2011-08-24,120748.83963806006,120748.83963806006,0.0,GLD,0
2011-08-25,120748.83963806006,120748.83963806006,0.0,GLD,0
2011-08-26,120748.83963806006,120748.83963806006,0.0,GLD,0
2011-08-29,120748.83963806006,120748.83963806006,0.0,GLD,0
2011-08-30,120748.83963806006,120748.83963806006,0.0,GLD,0
2011-08-31,120748.83963806006,120748.83963806006,0.0,GLD,0
2011-09-01,120748.83963806006,120748.83963806006,0.0,GLD,0
2011-09-02,120748.83963806006,120748.83963806006,0.0,GLD,0
2011-09-06,120748.83963806006,120748.83963806006,0.0,GLD,0
2011-09-07,120748.83963806006,120748.83963806006,0.0,GLD,0
2011-09-08,120748.83963806006,120748.83963806006,0.0,GLD,0
2011-09-09,120748.83963806006,120748.83963806006,0.0,GLD,0
2011-09-12,120748.83963806006,120748.83963806006,0.0,GLD,0
2011-09-13,120748.83963806006,120748.83963806006,0.0,GLD,0
2011-09-14,120748.83963806006,120748.83963806006,0.0,GLD,0
2011-09-15,120748.83963806006,120748.83963806006,0.0,GLD,0
2011-09-16,120748.83963806006,120748.83963806006,0.0,GLD,0
2011-09-19,120748.83963806006,120748.83963806006,0.0,GLD,0
2011-09-20,120748.83963806006,120748.83963806006,0.0,GLD,0
2011-09-21,120748.83963806006,120748.83963806006,0.0,GLD,0
2011-09-22,120748.83963806006,120748.83963806006,0.0,GLD,0
2011-09-23,120748.83963806006,120748.83963806006,0.0,GLD,0
2011-09-26,120748.83963806006,120748.83963806006,0.0,GLD,0
2011-09-27,120748.83963806006,120748.83963806006,0.0,GLD,0
2011-09-28,120748.83963806006,120748.83963806006,0.0,GLD,0
2011-09-29,120748.83963806006,120748.83963806006,0.0,GLD,0
2011-09-30,120748.83963806006,120748.83963806006,0.0,GLD,0
2011-10-03,120748.83963806006,120748.83963806006,0.0,GLD,0
2011-10-04,120748.83963806006,120748.83963806006,0.0,GLD,0
2011-10-05,120748.83963806006,120748.83963806006,0.0,GLD,0
2011-10-06,120748.83963806006,120748.83963806006,0.0,GLD,0
2011-10-07,120748.83963806006,120748.83963806006,0.0,GLD,0
2011-10-10,120748.83963806006,120748.83963806006,0.0,GLD,0
2011-10-11,120748.83963806006,120748.83963806006,0.0,GLD,0
2011-10-12,120748.83963806006,120748.83963806006,0.0,GLD,0
2011-10-13,120748.83963806006,120748.83963806006,0.0,GLD,0
2011-10-14,120748.83963806006,120748.83963806006,0.0,GLD,0
2011-10-17,120748.83963806006,120748.83963806006,0.0,GLD,0
2011-10-18,120748.83963806006,120748.83963806006,0.0,GLD,0
2011-10-19,120748.83963806006,120748.83963806006,0.0,GLD,0
2011-10-20,120748.83963806006,120748.83963806006,0.0,GLD,0
2011-10-21,120748.83963806006,120748.83963806006,0.0,GLD,0
2011-10-24,120748.83963806006,120748.83963806006,0.0,GLD,0
2011-10-25,120748.83963806006,120748.83963806006,0.0,GLD,0
2011-10-26,120748.83963806006,120748.83963806006,0.0,GLD,0
2011-10-27,120748.83963806006,120748.83963806006,0.0,GLD,0
2011-10-28,120568.19137672278,136.01715186926594,120432.17422485352,XLU,5520
2011-10-31,120017.81066993567,136.01715186926594,119881.7935180664,XLU,5520
2011-11-01,117506.67434791419,136.01715186926594,117370.65719604492,XLU,5520
2011-11-02,119570.66253761145,136.01715186926594,119434.64538574219,XLU,5520
2011-11-03,121015.41320899817,136.01715186926594,120879.3960571289,XLU,5520
2011-11-04,120465.01144508216,136.01715186926594,120328.99429321289,XLU,5520
2011-11-07,121118.5931406388,136.01715186926594,120982.57598876953,XLU,5520
2011-11-08,121909.81475929114,136.01715186926594,121773.79760742188,XLU,5520
2011-11-09,119261.01745704505,136.01715186926594,119125.00030517578,XLU,5520
2011-11-10,120052.23907569739,136.01715186926594,119916.22192382812,XLU,5520
2011-11-11,121772.21695045325,136.01715186926594,121636.19979858398,XLU,5520
2011-11-14,120327.40310767981,136.01715186926594,120191.38595581055,XLU,5520
2011-11-15,120533.83667091223,136.01715186926594,120397.81951904297,XLU,5520
2011-11-16,119089.05441383216,136.01715186926594,118953.03726196289,XLU,5520
2011-11-17,118469.85900977942,136.01715186926594,118333.84185791016,XLU,5520
2011-11-18,119295.4142771134,136.01715186926594,119159.39712524414,XLU,5520
2011-11-21,117816.24572852942,136.01715186926594,117680.22857666016,XLU,5520
2011-11-22,116371.4950571427,136.01715186926594,116235.47790527344,XLU,5520
2011-11-23,114548.2951364884,136.01715186926594,114412.27798461914,XLU,5520
2011-11-25,115133.11477760169,136.01715186926594,114997.09762573242,XLU,5520
2011-11-28,116577.8654489884,136.01715186926594,116441.84829711914,XLU,5520
2011-11-29,117850.64254859778,136.01715186926594,117714.62539672852,XLU,5520
2011-11-30,121256.19094947669,136.01715186926594,121120.17379760742,XLU,5520
2011-12-01,120912.21222022864,136.01715186926594,120776.19506835938,XLU,5520
2011-12-02,119673.85299781653,136.01715186926594,119537.83584594727,XLU,5520
2011-12-05,120602.6197824845,136.01715186926594,120466.60263061523,XLU,5520
2011-12-06,120946.6300974259,136.01715186926594,120810.61294555664,XLU,5520
2011-12-07,120774.61441139075,136.01715186926594,120638.59725952148,XLU,5520
2011-12-08,119020.21865943763,136.01715186926594,118884.20150756836,XLU,5520
2011-12-09,120533.83667091223,136.01715186926594,120397.81951904297,XLU,5520
2011-12-12,119501.83731178138,136.01715186926594,119365.82015991211,XLU,5520
2011-12-13,119948.99597267005,136.01715186926594,119812.97882080078,XLU,5520
2011-12-14,119192.26593116614,136.01715186926594,119056.24877929688,XLU,5520
2011-12-15,120636.99554542395,136.01715186926594,120500.97839355469,XLU,5520
2011-12-16,120282.24609474036,136.01715186926594,120146.2289428711,XLU,5520
2011-12-19,119377.83187965247,136.01715186926594,119241.8147277832,XLU,5520
2011-12-20,121917.05841163489,136.01715186926594,121781.04125976562,XLU,5520
2011-12-21,123725.88684181067,136.01715186926594,123589.8696899414,XLU,5520
2011-12-22,123865.01129249427,136.01715186926594,123728.994140625,XLU,5520
2011-12-23,124665.06637672278,136.01715186926594,124529.04922485352,XLU,5520
2011-12-27,125673.79760841223,136.01715186926594,125537.78045654297,XLU,5520
2011-12-28,125221.64840797278,136.01715186926594,125085.63125610352,XLU,5520
2011-12-29,126195.61431983802,136.01715186926594,126059.59716796875,XLU,5520
2011-12-30,125291.21063331458,136.01715186926594,125155.19348144531,XLU,5520
2012-01-03,123064.97726539466,136.01715186926594,122928.96011352539,XLU,5520
2012-01-04,122369.30236915442,136.01715186926594,122233.28521728516,XLU,5520
2012-01-05,122612.76489356848,136.01715186926594,122476.74774169922,XLU,5520
2012-01-06,121951.86584571692,136.01715186926594,121815.84869384766,XLU,5520
2012-01-09,122125.808259047,136.01715186926594,121989.79110717773,XLU,5520
2012-01-10,122299.72961524817,136.01715186926594,122163.7124633789,XLU,5520
2012-01-11,121743.16864112708,136.01715186926594,121607.15148925781,XLU,5520
2012-01-12,121569.21569923255,136.01715186926594,121433.19854736328,XLU,5520
2012-01-13,121136.14546556326,147.09254045339185,120989.05292510986,XLE,2830
2012-01-17,121989.9365498528,147.09254045339185,121842.84400939941,XLE,2830
2012-01-18,123993.64184160085,147.09254045339185,123846.54930114746,XLE,2830
2012-01-19,124498.9295842156,147.09254045339185,124351.8370437622,XLE,2830
2012-01-20,124516.28889818044,147.09254045339185,124369.19635772705,XLE,2830
2012-01-23,125509.50506944509,147.09254045339185,125362.4125289917,XLE,2830
2012-01-24,125143.57764024587,147.09254045339185,124996.48509979248,XLE,2830
2012-01-25,126676.90813798757,147.09254045339185,126529.81559753418,XLE,2830
2012-01-26,124951.93426866384,147.09254045339185,124804.84172821045,XLE,2830
2012-01-27,124317.52391440625,140.08460242504952,124177.4393119812,XLU,5674
2012-01-30,123530.90531928296,140.08460242504952,123390.82071685791,XLU,5674
2012-01-31,124138.76122672315,140.08460242504952,123998.6766242981,XLU,5674
2012-02-01,124567.81115729565,140.08460242504952,124427.7265548706,XLU,5674
2012-02-02,124353.29160315747,140.08460242504952,124213.20700073242,XLU,5674
2012-02-03,124675.0601120686,140.08460242504952,124534.97550964355,XLU,5674
2012-02-06,124138.76122672315,140.08460242504952,123998.6766242981,XLU,5674
2012-02-07,125032.63959891553,140.08460242504952,124892.55499649048,XLU,5674
2012-02-08,125175.63459784741,140.08460242504952,125035.54999542236,XLU,5674
2012-02-09,124818.04428870435,140.08460242504952,124677.9596862793,XLU,5674
2012-02-10,124567.81115729565,140.08460242504952,124427.7265548706,XLU,5674
2012-02-13,124424.7728691792,140.08460242504952,124284.68826675415,XLU,5674
2012-02-14,124460.51891333814,140.08460242504952,124320.43431091309,XLU,5674
2012-02-15,124210.26413733716,140.08460242504952,124070.17953491211,XLU,5674
2012-02-16,125533.21408469434,140.08460242504952,125393.12948226929,XLU,5674
2012-02-17,125461.68952948804,140.08460242504952,125321.60492706299,XLU,5674
2012-02-21,124996.88273246045,140.08460242504952,124856.7981300354,XLU,5674
2012-02-22,125139.89937598462,140.08460242504952,124999.81477355957,XLU,5674
2012-02-23,125032.63959891553,140.08460242504952,124892.55499649048,XLU,5674
2012-02-24,125568.97095114941,140.08460242504952,125428.88634872437,XLU,5674
2012-02-27,125533.21408469434,140.08460242504952,125393.12948226929,XLU,5674
2012-02-28,124925.39064414258,140.08460242504952,124785.30604171753,XLU,5674
2012-02-29,124889.61213309522,140.08460242504952,124749.52753067017,XLU,5674
2012-03-01,125211.43475348706,140.08460242504952,125071.35015106201,XLU,5674
2012-03-02,125139.89937598462,140.08460242504952,124999.81477355957,XLU,5674
2012-03-05,125425.96512992139,140.08460242504952,125285.88052749634,XLU,5674
2012-03-06,124925.39064414258,140.08460242504952,124785.30604171753,XLU,5674
2012-03-07,124996.88273246045,140.08460242504952,124856.7981300354,XLU,5674
2012-03-08,125390.18661887402,140.08460242504952,125250.10201644897,XLU,5674
2012-03-09,125890.76110465283,140.08460242504952,125750.67650222778,XLU,5674
2012-03-12,127320.93836219067,140.08460242504952,127180.85375976562,XLU,5674
2012-03-13,127750.00993735547,140.08460242504952,127609.92533493042,XLU,5674
2012-03-14,125855.02588279004,140.08460242504952,125714.94128036499,XLU,5674
2012-03-15,125747.74446112866,140.08460242504952,125607.65985870361,XLU,5674
2012-03-16,125646.68585974927,140.08460242504952,125506.60125732422,XLU,5674
2012-03-19,124780.59914405103,140.08460242504952,124640.51454162598,XLU,5674
2012-03-20,124924.96857459302,140.08460242504952,124784.88397216797,XLU,5674
2012-03-21,124672.31124884839,140.08460242504952,124532.22664642334,XLU,5674
2012-03-22,124961.02846534009,140.08460242504952,124820.94386291504,XLU,5674
2012-03-23,124997.08835608716,140.08460242504952,124857.00375366211,XLU,5674
2012-03-26,125863.21836096997,140.08460242504952,125723.13375854492,XLU,5674
2012-03-27,126476.66939551587,140.08460242504952,126336.58479309082,XLU,5674
2012-03-28,125430.19664771314,140.08460242504952,125290.11204528809,XLU,5674
2012-03-29,125935.3597870564,140.08460242504952,125795.27518463135,XLU,5674
2012-03-30,126584.89235694165,140.08460242504952,126444.8077545166,XLU,5674
2012-04-02,127234.5006828999,140.08460242504952,127094.41608047485,XLU,5674
2012-04-03,127162.28350074048,140.08460242504952,127022.19889831543,XLU,5674
2012-04-04,126981.85417945142,140.08460242504952,126841.76957702637,XLU,5674
2012-04-05,126043.64768225903,140.08460242504952,125903.56307983398,XLU,5674
2012-04-09,125394.07182318921,140.08460242504952,125253.98722076416,XLU,5674
2012-04-10,123770.24039847607,140.08460242504952,123630.15579605103,XLU,5674
2012-04-11,124058.9143257832,140.08460242504952,123918.82972335815,XLU,5674
2012-04-12,124455.84368140454,140.08460242504952,124315.75907897949,XLU,5674
2012-04-13,124022.8219681477,140.08460242504952,123882.73736572266,XLU,5674
2012-04-16,125177.56096656079,140.08460242504952,125037.47636413574,XLU,5674
2012-04-17,125827.12600333447,140.08460242504952,125687.04140090942,XLU,5674
2012-04-18,125610.60432440991,140.08460242504952,125470.51972198486,XLU,5674
2012-04-19,125285.85968405957,140.08460242504952,125145.77508163452,XLU,5674
2012-04-20,126512.76175315137,140.08460242504952,126372.67715072632,XLU,5674
2012-04-23,125971.4521446919,140.08460242504952,125831.36754226685,XLU,5674
2012-04-24,126837.48474890942,140.08460242504952,126697.40014648438,XLU,5674
2012-04-25,127487.01731879468,140.08460242504952,127346.93271636963,XLU,5674
2012-04-26,128208.76707083936,140.08460242504952,128068.6824684143,XLU,5674
2012-04-27,128641.78878409619,140.08460242504952,128501.70418167114,XLU,5674
2012-04-30,128822.27221686597,140.08460242504952,128682.18761444092,XLU,5674
2012-05-01,129471.78314215894,140.08460242504952,129331.69853973389,XLU,5674
2012-05-02,128713.96267707105,140.08460242504952,128573.878074646,XLU,5674
2012-05-03,128317.08743293042,140.08460242504952,128177.00283050537,XLU,5674
2012-05-04,128497.44099814649,140.08460242504952,128357.35639572144,XLU,5674
2012-05-07,128244.870250771,140.08460242504952,128104.78564834595,XLU,5674
2012-05-08,128461.42439658399,140.08460242504952,128321.33979415894,XLU,5674
2012-05-09,128533.57664496655,140.08460242504952,128393.4920425415,XLU,5674
2012-05-10,129724.35388953442,140.08460242504952,129584.26928710938,XLU,5674
2012-05-11,129796.5602493977,140.08460242504952,129656.47564697266,XLU,5674
2012-05-14,129652.20164115186,140.08460242504952,129512.1170387268,XLU,5674
2012-05-15,128750.07667929883,140.08460242504952,128609.99207687378,XLU,5674
2012-05-16,128930.49517829175,140.08460242504952,128790.4105758667,XLU,5674
2012-05-17,128208.76707083936,140.08460242504952,128068.6824684143,XLU,5674
2012-05-18,127956.16385657544,140.08460242504952,127816.07925415039,XLU,5674
2012-05-21,128100.500820229,140.08460242504952,127960.41621780396,XLU,5674
2012-05-22,129002.6690712666,140.08460242504952,128862.58446884155,XLU,5674
2012-05-23,128317.08743293042,140.08460242504952,128177.00283050537,XLU,5674
2012-05-24,128822.27221686597,140.08460242504952,128682.18761444092,XLU,5674
2012-05-25,129255.25064093823,140.08460242504952,129115.16603851318,XLU,5674
2012-05-29,129652.20164115186,140.08460242504952,129512.1170387268,XLU,5674
2012-05-30,128858.31046302075,140.08460242504952,128718.2258605957,XLU,5674
2012-05-31,129543.95703513379,140.08460242504952,129403.87243270874,XLU,5674
2012-06-01,129002.6690712666,140.08460242504952,128862.58446884155,XLU,5674
2012-06-04,129435.73407370801,140.08460242504952,129295.64947128296,XLU,5674
2012-06-05,129904.8373223042,140.08460242504952,129764.75271987915,XLU,5674
2012-06-06,131709.1521797871,140.08460242504952,131569.06757736206,XLU,5674
2012-06-07,132719.48928076978,140.08460242504952,132579.40467834473,XLU,5674
2012-06-08,133008.21731955762,140.08460242504952,132868.13271713257,XLU,5674
2012-06-11,132899.99435813184,140.08460242504952,132759.9097557068,XLU,5674
2012-06-12,133044.2772103047,140.08460242504952,132904.19260787964,XLU,5674
2012-06-13,133080.38039023633,140.08460242504952,132940.29578781128,XLU,5674
2012-06-14,133982.5161743855,140.08460242504952,133842.43157196045,XLU,5674
2012-06-15,134645.4034577107,140.08460242504952,134505.31885528564,XLU,5674
2012-06-18,135155.26347357983,140.08460242504952,135015.17887115479,XLU,5674
2012-06-19,134863.93808371777,140.08460242504952,134723.85348129272,XLU,5674
2012-06-20,133552.76279456372,140.08460242504952,133412.67819213867,XLU,5674
2012-06-21,132168.73180777783,140.08460242504952,132028.64720535278,XLU,5674
2012-06-22,132205.13801200147,140.08460242504952,132065.05340957642,XLU,5674
2012-06-25,131950.19718177075,140.08460242504952,131810.1125793457,XLU,5674
2012-06-26,132132.34724814649,140.08460242504952,131992.26264572144,XLU,5674
2012-06-27,133625.61849219556,140.08460242504952,133485.5338897705,XLU,5674
2012-06-28,134099.0831261372,140.08460242504952,133958.99852371216,XLU,5674
2012-06-29,134863.93808371777,140.08460242504952,134723.85348129272,XLU,5674
2012-07-02,135701.61627204175,140.08460242504952,135561.5316696167,XLU,5674
2012-07-03,135373.80892188306,140.08460242504952,135233.724319458,XLU,5674
2012-07-05,134572.54776007886,140.08460242504952,134432.4631576538,XLU,5674
2012-07-06,133879.3945849156,156.95427729841322,133722.4403076172,XLY,3574
2012-07-09,133146.15905787703,156.95427729841322,132989.2047805786,XLY,3574
2012-07-10,132351.85806300398,156.95427729841322,132194.90378570557,XLY,3574
2012-07-11,131588.06935145613,156.95427729841322,131431.11507415771,XLY,3574
2012-07-12,131282.52387263533,156.95427729841322,131125.5695953369,XLY,3574
2012-07-13,133421.1240847325,156.95427729841322,133264.16980743408,XLY,3574
2012-07-16,132565.6758196568,156.95427729841322,132408.7215423584,XLY,3574
2012-07-17,133879.3945849156,156.95427729841322,133722.4403076172,XLY,3574
2012-07-18,134582.0769274449,156.95427729841322,134425.12265014648,XLY,3574
2012-07-19,135468.1056444859,156.95427729841322,135311.1513671875,XLY,3574
2012-07-20,133818.3154833531,156.95427729841322,133661.3612060547,XLY,3574
2012-07-23,131863.06164576765,156.95427729841322,131706.10736846924,XLY,3574
2012-07-24,130977.00566127058,156.95427729841322,130820.05138397217,XLY,3574
2012-07-25,130702.10880305525,156.95427729841322,130545.15452575684,XLY,3574
2012-07-26,132810.087662003,156.95427729841322,132653.1333847046,XLY,3574
2012-07-27,135437.55245997664,156.95427729841322,135280.59818267822,XLY,3574
2012-07-30,134918.14832331892,156.95427729841322,134761.1940460205,XLY,3574
2012-07-31,133176.69860865828,156.95427729841322,133019.74433135986,XLY,3574
2012-08-01,132626.7958224034,156.95427729841322,132469.84154510498,XLY,3574
2012-08-02,132962.8126833653,156.95427729841322,132805.8584060669,XLY,3574
2012-08-03,135590.23658015486,156.95427729841322,135433.28230285645,XLY,3574
2012-08-06,136079.0875323033,156.95427729841322,135922.13325500488,XLY,3574
2012-08-07,137362.23947932478,156.95427729841322,137205.28520202637,XLY,3574
2012-08-08,136690.09668757673,156.95427729841322,136533.14241027832,XLY,3574
2012-08-09,136598.46440150496,156.95427729841322,136441.51012420654,XLY,3574
2012-08-10,136476.21076228376,156.95427729841322,136319.25648498535,XLY,3574
2012-08-13,136537.3580324864,156.95427729841322,136380.403755188,XLY,3574
2012-08-14,136873.40216090437,156.95427729841322,136716.44788360596,XLY,3574
2012-08-15,137301.13311030623,156.95427729841322,137144.1788330078,XLY,3574
2012-08-16,138431.54640223738,156.95427729841322,138274.59212493896,XLY,3574
2012-08-17,138950.909637711,156.95427729841322,138793.9553604126,XLY,3574
2012-08-20,138370.39913203474,156.95427729841322,138213.44485473633,XLY,3574
2012-08-21,138187.12092616316,156.95427729841322,138030.16664886475,XLY,3574
2012-08-22,138584.3259585118,156.95427729841322,138427.37168121338,XLY,3574
2012-08-23,137637.20450618025,156.95427729841322,137480.25022888184,XLY,3574
2012-08-24,138767.6177981114,156.95427729841322,138610.663520813,XLY,3574
2012-08-27,138553.7182390904,156.95427729841322,138396.763961792,XLY,3574
2012-08-28,138828.72416712996,156.95427729841322,138671.76988983154,XLY,3574
2012-08-29,139500.82605769392,156.95427729841322,139343.8717803955,XLY,3574
2012-08-30,138737.06461360212,156.95427729841322,138580.1103363037,XLY,3574
2012-08-31,139317.49331691023,156.95427729841322,139160.53903961182,XLY,3574
2012-09-04,138981.43555476423,156.95427729841322,138824.48127746582,XLY,3574
2012-09-05,139195.2669451451,156.95427729841322,139038.31266784668,XLY,3574
2012-09-06,142311.54179408308,156.95427729841322,142154.58751678467,XLY,3574
2012-09-07,143075.24870326277,156.95427729841322,142918.29442596436,XLY,3574
2012-09-10,142861.458214066,156.95427729841322,142704.50393676758,XLY,3574
2012-09-11,142800.3382113194,156.95427729841322,142643.383934021,XLY,3574
2012-09-12,143503.03418757673,156.95427729841322,143346.07991027832,XLY,3574
2012-09-13,145336.0889208531,156.95427729841322,145179.1346435547,XLY,3574
2012-09-14,145916.57215907332,156.95427729841322,145759.6178817749,XLY,3574
2012-09-17,145366.64210536238,156.95427729841322,145209.68782806396,XLY,3574
2012-09-18,144663.9733965611,156.95427729841322,144507.0191192627,XLY,3574
2012-09-19,146161.0249026036,156.95427729841322,146004.07062530518,XLY,3574
2012-09-20,145977.66489436384,156.95427729841322,145820.71061706543,XLY,3574
2012-09-21,145873.40777613875,156.95427729841322,145716.45349884033,XLY,3574
2012-09-24,145474.8530047154,156.95427729841322,145317.898727417,XLY,3574
2012-09-25,143758.02580287214,156.95427729841322,143601.07152557373,XLY,3574
2012-09-26,142776.9972689366,156.95427729841322,142620.04299163818,XLY,3574
2012-09-27,144217.9187166905,156.95427729841322,144060.9644393921,XLY,3574
2012-09-28,143604.79633357283,156.95427729841322,143447.8420562744,XLY,3574
2012-10-01,143512.76866938826,156.95427729841322,143355.81439208984,XLY,3574
2012-10-02,143236.8083803868,156.95427729841322,143079.85410308838,XLY,3574
2012-10-03,144371.16181971785,156.95427729841322,144214.20754241943,XLY,3574
2012-10-04,145689.52968623396,156.95427729841322,145532.57540893555,XLY,3574
2012-10-05,146118.7058108067,156.95427729841322,145961.7515335083,XLY,3574
2012-10-08,145842.7727892613,156.95427729841322,145685.8185119629,XLY,3574
2012-10-09,143512.76866938826,156.95427729841322,143355.81439208984,XLY,3574
2012-10-10,142623.7268984532,156.95427729841322,142466.77262115479,XLY,3574
2012-10-11,141979.928627274,156.95427729841322,141822.9743499756,XLY,3574
2012-10-12,141524.43942901655,180.46857330366038,141343.9708557129,VNQ,3672
2012-10-15,142462.80643341108,180.46857330366038,142282.33786010742,VNQ,3672
2012-10-16,143335.68805572554,180.46857330366038,143155.21948242188,VNQ,3672
2012-10-17,142942.85980865522,180.46857330366038,142762.39123535156,VNQ,3672
2012-10-18,144404.9978091435,180.46857330366038,144224.52923583984,VNQ,3672
2012-10-19,143204.77332183882,180.46857330366038,143024.30474853516,VNQ,3672
2012-10-22,142484.67224762007,180.46857330366038,142304.2036743164,VNQ,3672
2012-10-23,141044.3160159306,180.46857330366038,140863.84744262695,VNQ,3672
2012-10-24,140935.23908111616,180.46857330366038,140754.7705078125,VNQ,3672
2012-10-25,140542.41083404585,180.46857330366038,140361.9422607422,VNQ,3672
2012-10-26,139320.3765628056,180.46857330366038,139139.90798950195,VNQ,3672
2012-10-31,140673.33957550093,180.46857330366038,140492.87100219727,VNQ,3672
2012-11-01,141349.80707428022,180.46857330366038,141169.33850097656,VNQ,3672
2012-11-02,142288.24411651655,180.46857330366038,142107.7755432129,VNQ,3672
2012-11-05,141349.80707428022,180.46857330366038,141169.33850097656,VNQ,3672
2012-11-06,141960.90125152632,180.46857330366038,141780.43267822266,VNQ,3672
2012-11-07,141328.0533206181,180.46857330366038,141147.58474731445,VNQ,3672
2012-11-08,139647.67740509077,180.46857330366038,139467.2088317871,VNQ,3672
2012-11-09,139276.71497222944,180.46857330366038,139096.24639892578,VNQ,3672
2012-11-12,138949.3721072392,180.46857330366038,138768.90353393555,VNQ,3672
2012-11-13,138840.29517242475,180.46857330366038,138659.8265991211,VNQ,3672
2012-11-14,136243.4040591435,180.46857330366038,136062.93548583984,VNQ,3672
2012-11-15,135610.5561282353,180.46857330366038,135430.08755493164,VNQ,3672
2012-11-16,136439.8041751103,180.46857330366038,136259.33560180664,VNQ,3672
2012-11-19,138120.13806793257,180.46857330366038,137939.6694946289,VNQ,3672
2012-11-20,139145.80023834272,180.46857330366038,138965.33166503906,VNQ,3672
2012-11-21,138905.7525393681,180.46857330366038,138725.28396606445,VNQ,3672
2012-11-23,139931.41470977827,180.46857330366038,139750.9461364746,VNQ,3672
2012-11-26,140215.08197662397,180.46857330366038,140034.6134033203,VNQ,3672
2012-11-27,139429.46750518843,180.46857330366038,139248.99893188477,VNQ,3672
2012-11-28,139254.86316558882,180.46857330366038,139074.39459228516,VNQ,3672
2012-11-29,140018.6398379521,180.46857330366038,139838.17126464844,VNQ,3672
2012-11-30,140302.34912750288,180.46857330366038,140121.88055419922,VNQ,3672
2012-12-03,140869.73969146772,180.46857330366038,140689.27111816406,VNQ,3672
2012-12-04,141088.03363678022,180.46857330366038,140907.56506347656,VNQ,3672
2012-12-05,140651.54379913374,180.46857330366038,140471.07522583008,VNQ,3672
2012-12-06,141960.90125152632,180.46857330366038,141780.43267822266,VNQ,3672
2012-12-07,142484.67224762007,180.46857330366038,142304.2036743164,VNQ,3672
2012-12-10,142419.1168276982,180.46857330366038,142238.64825439453,VNQ,3672
2012-12-11,142768.3255068974,180.46857330366038,142587.85693359375,VNQ,3672
2012-12-12,142375.51126739546,180.46857330366038,142195.0426940918,VNQ,3672
2012-12-13,141284.39173004194,180.46857330366038,141103.92315673828,VNQ,3672
2012-12-14,141262.56793853804,180.46857330366038,141082.09936523438,VNQ,3672
2012-12-17,142004.47879669233,180.46857330366038,141824.01022338867,VNQ,3672
2012-12-18,143466.6588198857,180.46857330366038,143286.19024658203,VNQ,3672
2012-12-19,143270.21668121382,180.46857330366038,143089.74810791016,VNQ,3672
2012-12-20,145146.96469757124,180.46857330366038,144966.49612426758,VNQ,3672
2012-12-21,144473.3601821713,161.93099058195367,144311.42919158936,XLV,4418
2012-12-24,143899.06602323576,161.93099058195367,143737.1350326538,XLV,4418
2012-12-26,143396.65132749602,161.93099058195367,143234.72033691406,XLV,4418
2012-12-27,143181.350004559,161.93099058195367,143019.41901397705,XLV,4418
2012-12-28,141781.66388547941,161.93099058195367,141619.73289489746,XLV,4418
2012-12-31,143289.00909269377,161.93099058195367,143127.07810211182,XLV,4418
2013-01-02,146124.26207578703,161.93099058195367,145962.33108520508,XLV,4418
2013-01-03,146303.76692045256,161.93099058195367,146141.8359298706,XLV,4418
2013-01-04,146949.70459592863,161.93099058195367,146787.77360534668,XLV,4418
2013-01-07,147416.28910673186,161.93099058195367,147254.3581161499,XLV,4418
2013-01-08,147452.10243833586,161.93099058195367,147290.1714477539,XLV,4418
2013-01-09,149067.24156034514,161.93099058195367,148905.31056976318,XLV,4418
2013-01-10,150108.00225675627,161.93099058195367,149946.07126617432,XLV,4418
2013-01-11,149623.07511326644,157.78122898910078,149465.29388427734,XLF,13600
2013-01-14,149186.298379868,157.78122898910078,149028.5171508789,XLF,13600
2013-01-15,149797.79358860824,157.78122898910078,149640.01235961914,XLF,13600
2013-01-16,149885.1593112645,157.78122898910078,149727.3780822754,XLF,13600
2013-01-17,149797.79358860824,157.78122898910078,149640.01235961914,XLF,13600
2013-01-18,149972.48612400863,157.78122898910078,149814.70489501953,XLF,13600
2013-01-22,151370.1690768895,157.78122898910078,151212.3878479004,XLF,13600
2013-01-23,151282.84226414535,157.78122898910078,151125.06103515625,XLF,13600
2013-01-24,152068.96515843246,157.78122898910078,151911.18392944336,XLF,13600
2013-01-25,152767.82608982894,157.78122898910078,152610.04486083984,XLF,13600
2013-01-28,152156.317911118,157.78122898910078,151998.5366821289,XLF,13600
2013-01-29,152767.82608982894,157.78122898910078,152610.04486083984,XLF,13600
2013-01-30,152068.96515843246,157.78122898910078,151911.18392944336,XLF,13600
2013-01-31,151981.65131565902,157.78122898910078,151823.87008666992,XLF,13600
2013-02-01,153990.84244725082,157.78122898910078,153833.06121826172,XLF,13600
2013-02-04,152243.72254368637,157.78122898910078,152085.94131469727,XLF,13600
2013-02-05,153728.73230931137,157.78122898910078,153570.95108032227,XLF,13600
2013-02-06,153990.84244725082,157.78122898910078,153833.06121826172,XLF,13600
2013-02-07,153554.05274388168,157.78122898910078,153396.27151489258,XLF,13600
2013-02-08,153903.47672459457,157.78122898910078,153745.69549560547,XLF,13600
2013-02-11,154602.31171604965,157.78122898910078,154444.53048706055,XLF,13600
2013-02-12,155825.31510350082,157.78122898910078,155667.53387451172,XLF,13600
2013-02-13,155475.85221287582,157.78122898910078,155318.07098388672,XLF,13600
2013-02-14,156000.03357884262,157.78122898910078,155842.25234985352,XLF,13600
2013-02-15,155301.15967747543,157.78122898910078,155143.37844848633,XLF,13600
2013-02-19,156786.19538304184,157.78122898910078,156628.41415405273,XLF,13600
2013-02-20,154427.61918064926,157.78122898910078,154269.83795166016,XLF,13600
2013-02-21,153204.61579319809,157.78122898910078,153046.83456420898,XLF,13600
2013-02-22,155126.45417210434,157.78122898910078,154968.67294311523,XLF,13600
2013-02-25,150933.35343357894,157.78122898910078,150775.57220458984,XLF,13600
2013-02-26,151719.58008763168,157.78122898910078,151561.79885864258,XLF,13600
2013-02-27,154078.14332005355,157.78122898910078,153920.36209106445,XLF,13600
2013-02-28,153816.12397190902,157.78122898910078,153658.34274291992,XLF,13600
2013-03-01,154252.87476536605,157.78122898910078,154095.09353637695,XLF,13600
2013-03-04,155563.2957553563,157.78122898910078,155405.5145263672,XLF,13600
2013-03-05,156873.52219578598,157.78122898910078,156715.74096679688,XLF,13600
2013-03-06,157921.83304783676,157.78122898910078,157764.05181884766,XLF,13600
2013-03-07,159057.40586277816,157.78122898910078,158899.62463378906,XLF,13600
2013-03-08,159494.2215060887,157.78122898910078,159336.4402770996,XLF,13600
2013-03-11,160717.16004368637,157.78122898910078,160559.37881469727,XLF,13600
2013-03-12,159843.5936069188,157.78122898910078,159685.8123779297,XLF,13600
2013-03-13,160280.44816014144,157.78122898910078,160122.66693115234,XLF,13600
2013-03-14,161328.6682223973,157.78122898910078,161170.8869934082,XLF,13600
2013-03-15,161872.16187474105,157.78122898910078,161714.38064575195,XLF,13600
2013-03-18,160294.4168185887,157.78122898910078,160136.6355895996,XLF,13600
2013-03-19,159417.94510838363,157.78122898910078,159260.16387939453,XLF,13600
2013-03-20,160469.77082249496,157.78122898910078,160311.98959350586,XLF,13600
2013-03-21,158541.36963841293,157.78122898910078,158383.58840942383,XLF,13600
2013-03-22,159505.59617039535,157.78122898910078,159347.81494140625,XLF,13600
2013-03-25,159067.28898045394,157.78122898910078,158909.50775146484,XLF,13600
2013-03-26,160119.14063450668,157.78122898910078,159961.35940551758,XLF,13600
2013-03-27,159330.2810764012,157.78122898910078,159172.4998474121,XLF,13600
2013-03-28,159768.5234164891,157.78122898910078,159610.7421875,XLF,13600
2013-04-01,158979.67682835434,157.78122898910078,158821.89559936523,XLF,13600
2013-04-02,159943.82554051254,157.78122898910078,159786.04431152344,XLF,13600
2013-04-03,157314.33259007309,157.78122898910078,157156.55136108398,XLF,13600
2013-04-04,158716.72364231918,157.78122898910078,158558.94241333008,XLF,13600
2013-04-05,158190.81727024887,157.78122898910078,158033.03604125977,XLF,13600
2013-04-08,159768.5234164891,157.78122898910078,159610.7421875,XLF,13600
2013-04-09,160206.765756577,157.78122898910078,160048.9845275879,XLF,13600
2013-04-10,162398.00339695785,157.78122898910078,162240.22216796875,XLF,13600
2013-04-11,162748.64655491684,157.78122898910078,162590.86532592773,XLF,13600
2013-04-12,162047.38617894027,157.78122898910078,161889.60494995117,XLF,13600
2013-04-15,158629.07258030746,157.78122898910078,158471.29135131836,XLF,13600
2013-04-16,161083.27637669418,157.78122898910078,160925.49514770508,XLF,13600
2013-04-17,158103.16620823715,157.78122898910078,157945.38497924805,XLF,13600
2013-04-18,156437.7830600438,157.78122898910078,156280.0018310547,XLF,13600
2013-04-19,158629.07258030746,157.78122898910078,158471.29135131836,XLF,13600
2013-04-22,158804.3747043309,157.78122898910078,158646.5934753418,XLF,13600
2013-04-23,161696.7819308934,157.78122898910078,161539.0007019043,XLF,13600
2013-04-24,162660.9825229344,157.78122898910078,162503.2012939453,XLF,13600
2013-04-25,163625.1182651219,157.78122898910078,163467.3370361328,XLF,13600
2013-04-26,162923.92273899887,157.78122898910078,162766.14151000977,XLF,13600
2013-04-29,163625.1182651219,157.78122898910078,163467.3370361328,XLF,13600
2013-04-30,164063.3735751805,157.78122898910078,163905.5923461914,XLF,13600
2013-05-01,162222.74018284652,157.78122898910078,162064.95895385742,XLF,13600
2013-05-02,163625.1182651219,157.78122898910078,163467.3370361328,XLF,13600
2013-05-03,165378.1395053563,157.78122898910078,165220.3582763672,XLF,13600
2013-05-06,167131.04401585434,157.78122898910078,166973.26278686523,XLF,13600
2013-05-07,168007.60651585434,157.78122898910078,167849.82528686523,XLF,13600
2013-05-08,169410.02350804184,157.78122898910078,169252.24227905273,XLF,13600
2013-05-09,168182.92160984848,157.78122898910078,168025.14038085938,XLF,13600
2013-05-10,168884.13010594223,157.78122898910078,168726.34887695312,XLF,13600
2013-05-13,169410.02350804184,157.78122898910078,169252.24227905273,XLF,13600
2013-05-14,172302.49558445785,157.78122898910078,172144.71435546875,XLF,13600
2013-05-15,173880.17579075668,157.78122898910078,173722.39456176758,XLF,13600
2013-05-16,172740.73792454574,157.78122898910078,172582.95669555664,XLF,13600
2013-05-17,175019.62662693832,157.78122898910078,174861.84539794922,XLF,13600
2013-05-20,175370.2697848973,157.78122898910078,175212.4885559082,XLF,13600
2013-05-21,175808.47321507309,157.78122898910078,175650.69198608398,XLF,13600
2013-05-22,173967.8398227391,157.78122898910078,173810.05859375,XLF,13600
2013-05-23,172916.02707859848,157.78122898910078,172758.24584960938,XLF,13600
2013-05-24,172573.33252208182,210.2948443169298,172363.0376777649,XLV,4301
2013-05-28,174327.84926478812,210.2948443169298,174117.5544204712,XLV,4301
2013-05-29,171590.83136622855,210.2948443169298,171380.53652191162,XLV,4301
2013-05-30,172819.0111338372,210.2948443169298,172608.71628952026,XLV,4301
2013-05-31,169029.2700640435,210.2948443169298,168818.97521972656,XLV,4301
2013-06-03,169941.58201854178,210.2948443169298,169731.28717422485,XLV,4301
2013-06-04,168888.8752543206,210.2948443169298,168678.58041000366,XLV,4301
2013-06-05,166432.56494014213,210.2948443169298,166222.2700958252,XLV,4301
2013-06-06,168853.79706065604,210.2948443169298,168643.5022163391,XLV,4301
2013-06-07,170397.7461992974,210.2948443169298,170187.45135498047,XLV,4301
2013-06-10,170643.37559001395,210.2948443169298,170433.08074569702,XLV,4301
2013-06-11,169941.58201854178,210.2948443169298,169731.28717422485,XLV,4301
2013-06-12,168222.19269053885,210.2948443169298,168011.89784622192,XLV,4301
2013-06-13,170818.83218638846,210.2948443169298,170608.53734207153,XLV,4301
2013-06-14,170538.1410090203,210.2948443169298,170327.84616470337,XLV,4301
2013-06-17,170924.11598842093,210.2948443169298,170713.821144104,XLV,4301
2013-06-18,172362.8141390557,210.2948443169298,172152.51929473877,XLV,4301
2013-06-19,169625.7798334832,210.2948443169298,169415.48498916626,XLV,4301
2013-06-20,165274.5907809014,210.2948443169298,165064.29593658447,XLV,4301
2013-06-21,166903.11807124564,210.2948443169298,166692.8232269287,XLV,4301
2013-06-24,165493.1650072808,210.2948443169298,165282.87016296387,XLV,4301
2013-06-25,166339.09418742606,210.2948443169298,166128.79934310913,XLV,4301
2013-06-26,168736.07674281546,210.2948443169298,168525.78189849854,XLV,4301
2013-06-27,169335.24444835135,210.2948443169298,169124.94960403442,XLV,4301
2013-06-28,168031.11661784598,210.2948443169298,167820.82177352905,XLV,4301
2013-07-01,168489.26604716727,210.2948443169298,168278.97120285034,XLV,4301
2013-07-02,168136.81059520194,210.2948443169298,167926.515750885,XLV,4301
2013-07-03,167890.08193461844,210.2948443169298,167679.7870903015,XLV,4301
2013-07-05,170181.337698626,210.2948443169298,169971.04285430908,XLV,4301
2013-07-08,171133.01007716605,210.2948443169298,170922.71523284912,XLV,4301
2013-07-09,171626.48380534598,210.2948443169298,171416.18896102905,XLV,4301
2013-07-10,172754.48235194632,210.2948443169298,172544.1875076294,XLV,4301
2013-07-11,174975.15514628837,210.2948443169298,174764.86030197144,XLV,4301
2013-07-12,176032.58713023612,210.2948443169298,175822.2922859192,XLV,4301
2013-07-15,176208.81485621879,210.2948443169298,175998.52001190186,XLV,4301
2013-07-16,175186.64154307792,210.2948443169298,174976.346698761,XLV,4301
2013-07-17,175644.8730074639,210.2948443169298,175434.57816314697,XLV,4301
2013-07-18,176138.39595668265,210.2948443169298,175928.10111236572,XLV,4301
2013-07-19,178464.79554240653,210.2948443169298,178254.5006980896,XLV,4301
2013-07-22,179346.01620738456,210.2948443169298,179135.72136306763,XLV,4301
2013-07-23,178711.54061000296,210.2948443169298,178501.24576568604,XLV,4301
2013-07-24,178429.53687159964,210.2948443169298,178219.24202728271,XLV,4301
2013-07-25,179310.82316462943,210.2948443169298,179100.5283203125,XLV,4301
2013-07-26,179934.00560757777,191.62791249415022,179742.37769508362,XLF,13458
2013-07-29,178627.76938817164,191.62791249415022,178436.1414756775,XLF,13458
2013-07-30,178540.64846989771,191.62791249415022,178349.02055740356,XLF,13458
2013-07-31,178627.76938817164,191.62791249415022,178436.1414756775,XLF,13458
2013-08-01,181501.59174725672,191.62791249415022,181309.96383476257,XLF,13458
2013-08-02,181414.4708289828,191.62791249415022,181222.84291648865,XLF,13458
2013-08-05,181066.10266682765,191.62791249415022,180874.4747543335,XLF,13458
2013-08-06,179411.53678891322,191.62791249415022,179219.90887641907,XLF,13458
2013-08-07,178192.35731503626,191.62791249415022,178000.7294025421,XLF,13458
2013-08-08,178627.76938817164,191.62791249415022,178436.1414756775,XLF,13458
2013-08-09,178018.20532033106,191.62791249415022,177826.5774078369,XLF,13458
2013-08-12,177321.49466511866,191.62791249415022,177129.8667526245,XLF,13458
2013-08-13,178192.35731503626,191.62791249415022,178000.7294025421,XLF,13458
2013-08-14,177495.62099072596,191.62791249415022,177303.9930782318,XLF,13458
2013-08-15,174883.16138646266,191.62791249415022,174691.5334739685,XLF,13458
2013-08-16,174534.78038975855,191.62791249415022,174343.1524772644,XLF,13458
2013-08-19,172270.62477490565,191.62791249415022,172078.9968624115,XLF,13458
2013-08-20,173925.19065282008,191.62791249415022,173733.56274032593,XLF,13458
2013-08-21,172705.98550984522,191.62791249415022,172514.35759735107,XLF,13458
2013-08-22,174708.93238446375,191.62791249415022,174517.3044719696,XLF,13458
2013-08-23,174883.16138646266,191.62791249415022,174691.5334739685,XLF,13458
2013-08-26,173751.01298901698,191.62791249415022,173559.38507652283,XLF,13458
2013-08-27,169570.95441052577,191.62791249415022,169379.32649803162,XLF,13458
2013-08-28,169832.201654407,191.62791249415022,169640.57374191284,XLF,13458
2013-08-29,170267.63939664027,191.62791249415022,170076.01148414612,XLF,13458
2013-08-30,169483.8976649966,191.62791249415022,169292.26975250244,XLF,13458
2013-09-03,170877.2162990298,191.62791249415022,170685.58838653564,XLF,13458
2013-09-04,172183.51669118067,191.62791249415022,171991.88877868652,XLF,13458
2013-09-05,172618.92876431605,191.62791249415022,172427.3008518219,XLF,13458
2013-09-06,172618.92876431605,191.62791249415022,172427.3008518219,XLF,13458
2013-09-09,174621.87563893458,191.62791249415022,174430.24772644043,XLF,13458
2013-09-10,176711.89209363124,191.62791249415022,176520.26418113708,XLF,13458
2013-09-11,176886.0569228854,191.62791249415022,176694.42901039124,XLF,13458
2013-09-12,175579.79503438136,191.62791249415022,175388.1671218872,XLF,13458
2013-09-13,175575.37032311579,206.56591408868553,175368.8044090271,XLY,3353
2013-09-16,176361.8436507525,206.56591408868553,176155.27773666382,XLY,3353
2013-09-17,177381.20967858454,206.56591408868553,177174.64376449585,XLY,3353
2013-09-18,179420.0696410479,206.56591408868553,179213.50372695923,XLY,3353
2013-09-19,179361.79530327936,206.56591408868553,179155.22938919067,XLY,3353
2013-09-20,178280.95726769586,206.56591408868553,178074.39135360718,XLY,3353
2013-09-23,176908.05684655329,206.56591408868553,176701.4909324646,XLY,3353
2013-09-24,177375.36433785578,206.56591408868553,177168.7984237671,XLY,3353
2013-09-25,176294.56467431207,206.56591408868553,176087.9987602234,XLY,3353
2013-09-26,177959.61701577326,206.56591408868553,177753.05110168457,XLY,3353
2013-09-27,177988.856510097,206.56591408868553,177782.2905960083,XLY,3353
2013-09-30,177316.94930260797,206.56591408868553,177110.3833885193,XLY,3353
2013-10-01,178748.35429375787,206.56591408868553,178541.7883796692,XLY,3353
2013-10-02,178689.95204919,206.56591408868553,178483.38613510132,XLY,3353
2013-10-03,176674.31996148248,206.56591408868553,176467.7540473938,XLY,3353
2013-10-04,178339.39788430353,206.56591408868553,178132.83197021484,XLY,3353
2013-10-07,175827.16764825006,206.56591408868553,175620.60173416138,XLY,3353
2013-10-08,173052.0505675616,206.56591408868553,172845.4846534729,XLY,3353
2013-10-09,172263.3644522967,206.56591408868553,172056.798538208,XLY,3353
2013-10-10,176265.3507613482,206.56591408868553,176058.78484725952,XLY,3353
2013-10-11,177252.38729304264,182.29629343937268,177070.09099960327,XLB,5301
2013-10-14,177876.51015681218,182.29629343937268,177694.2138633728,XLB,5301
2013-10-15,176794.56777399968,182.29629343937268,176612.2714805603,XLB,5301
2013-10-16,178584.04757517765,182.29629343937268,178401.75128173828,XLB,5301
2013-10-17,180914.41768092106,182.29629343937268,180732.1213874817,XLB,5301
2013-10-18,181455.44953745793,182.29629343937268,181273.15324401855,XLB,5301
2013-10-21,181413.8737012763,182.29629343937268,181231.5774078369,XLB,5301
2013-10-22,184035.51732081364,182.29629343937268,183853.22102737427,XLB,5301
2013-10-23,182828.7867643256,182.29629343937268,182646.49047088623,XLB,5301
2013-10-24,183744.20336359928,182.29629343937268,183561.9070701599,XLB,5301
2013-10-25,184285.25544184636,182.29629343937268,184102.95914840698,XLB,5301
2013-10-28,183369.63662547062,182.29629343937268,183187.34033203125,XLB,5301
2013-10-29,183744.20336359928,182.29629343937268,183561.9070701599,XLB,5301
2013-10-30,182620.5435926337,182.29629343937268,182438.24729919434,XLB,5301
2013-10-31,182329.4116308112,182.29629343937268,182147.11533737183,XLB,5301
2013-11-01,181913.14772623967,182.29629343937268,181730.8514328003,XLB,5301
2013-11-04,182662.24075907658,182.29629343937268,182479.9444656372,XLB,5301
2013-11-05,181871.59211176823,182.29629343937268,181689.29581832886,XLB,5301
2013-11-06,183120.08049982975,182.29629343937268,182937.78420639038,XLB,5301
2013-11-07,180706.2958394904,182.29629343937268,180523.99954605103,XLB,5301
2013-11-08,184077.1942655463,182.29629343937268,183894.89797210693,XLB,5301
2013-11-11,183993.9212629218,182.29629343937268,183811.62496948242,XLB,5301
2013-11-12,183411.27312678288,182.29629343937268,183228.9768333435,XLB,5301
2013-11-13,184410.1042806525,182.29629343937268,184227.80798721313,XLB,5301
2013-11-14,185949.84596079777,182.29629343937268,185767.5496673584,XLB,5301
2013-11-15,187156.67762583683,182.29629343937268,186974.38133239746,XLB,5301
2013-11-18,185991.44201868962,182.29629343937268,185809.14572525024,XLB,5301
2013-11-19,185408.7938825507,182.29629343937268,185226.49758911133,XLB,5301
2013-11-20,183910.6887037177,182.29629343937268,183728.39241027832,XLB,5301
2013-11-21,185408.7938825507,182.29629343937268,185226.49758911133,XLB,5301
2013-11-22,185808.26336807964,202.09942764995503,185606.1639404297,XLI,4590
2013-11-25,185402.7617735362,202.09942764995503,185200.66234588623,XLI,4590
2013-11-26,185771.4234632945,202.09942764995503,185569.32403564453,XLI,4590
2013-11-27,186508.65929550884,202.09942764995503,186306.5598678589,XLI,4590
2013-11-29,185992.53292984722,202.09942764995503,185790.43350219727,XLI,4590
2013-12-02,185218.43968338726,202.09942764995503,185016.3402557373,XLI,4590
2013-12-03,183633.34324784038,202.09942764995503,183431.24382019043,XLI,4590
2013-12-04,182896.08990616558,202.09942764995503,182693.99047851562,XLI,4590
2013-12-05,182969.71718735454,202.09942764995503,182767.6177597046,XLI,4590
2013-12-06,185771.4234632945,202.09942764995503,185569.32403564453,XLI,4590
2013-12-09,186250.60486740826,202.09942764995503,186048.5054397583,XLI,4590
2013-12-10,185845.12078232525,202.09942764995503,185643.0213546753,XLI,4590
2013-12-11,182932.9473204112,202.09942764995503,182730.84789276123,XLI,4590
2013-12-12,183117.2343916392,202.09942764995503,182915.13496398926,XLI,4590
2013-12-13,183670.14813370464,202.09942764995503,183468.0487060547,XLI,4590
2013-12-16,185402.7617735362,202.09942764995503,185200.66234588623,XLI,4590
2013-12-17,185329.01192612408,202.09942764995503,185126.91249847412,XLI,4590
2013-12-18,188425.5600065684,202.09942764995503,188223.46057891846,XLI,4590
2013-12-19,188609.81205887554,202.09942764995503,188407.7126312256,XLI,4590
2013-12-20,190125.22084183453,202.09942764995503,189923.12141418457,XLI,4590
2013-12-23,190866.25622696636,202.09942764995503,190664.1567993164,XLI,4590
2013-12-24,191755.43915695904,202.09942764995503,191553.33972930908,XLI,4590
2013-12-26,193089.27483505962,202.09942764995503,192887.17540740967,XLI,4590
2013-12-27,192866.9922346568,202.09942764995503,192664.89280700684,XLI,4590
2013-12-30,192681.70712418316,202.09942764995503,192479.6076965332,XLI,4590
2013-12-31,193830.34523911236,202.09942764995503,193628.2458114624,XLI,4590
2014-01-02,191125.5713362193,202.09942764995503,190923.47190856934,XLI,4590
2014-01-03,191644.41166825054,202.09942764995503,191442.3122406006,XLI,4590
2014-01-06,190532.80606217144,202.09942764995503,190330.70663452148,XLI,4590
2014-01-07,191718.3891386485,202.09942764995503,191516.28971099854,XLI,4590
2014-01-08,191384.95648331402,202.09942764995503,191182.85705566406,XLI,4590
2014-01-09,192311.1719221568,202.09942764995503,192109.07249450684,XLI,4590
2014-01-10,192607.6596159434,202.09942764995503,192405.56018829346,XLI,4590
2014-01-13,190273.43842453716,202.09942764995503,190071.3389968872,XLI,4590
2014-01-14,192274.22696060894,202.09942764995503,192072.12753295898,XLI,4590
2014-01-15,193645.06012863872,202.09942764995503,193442.96070098877,XLI,4590
2014-01-16,193163.4449095225,202.09942764995503,192961.34548187256,XLI,4590
2014-01-17,192200.09190506695,202.09942764995503,191997.992477417,XLI,4590
2014-01-21,192385.35950608013,202.09942764995503,192183.26007843018,XLI,4590
2014-01-22,192978.21232743023,202.09942764995503,192776.11289978027,XLI,4590
2014-01-23,190680.93609757183,202.09942764995503,190478.83666992188,XLI,4590
2014-01-24,184752.86313004253,202.09942764995503,184550.76370239258,XLI,4590
2014-01-27,184938.09571213482,202.09942764995503,184735.99628448486,XLI,4590
2014-01-28,186679.53412003277,202.09942764995503,186477.4346923828,XLI,4590
2014-01-29,184678.745583961,202.09942764995503,184476.64615631104,XLI,4590
2014-01-30,186494.2315000987,202.09942764995503,186292.13207244873,XLI,4590
2014-01-31,185567.981042335,202.09942764995503,185365.88161468506,XLI,4590
2014-02-03,180417.90593094585,202.09942764995503,180215.8065032959,XLI,4590
2014-02-04,181566.47400803326,202.09942764995503,181364.3745803833,XLI,4590
2014-02-05,181492.4264997935,202.09942764995503,181290.32707214355,XLI,4590
2014-02-06,184011.81023545025,202.09942764995503,183809.7108078003,XLI,4590
2014-02-07,187198.23437638042,202.09942764995503,186996.13494873047,XLI,4590
2014-02-10,186012.54624314068,202.09942764995503,185810.44681549072,XLI,4590
2014-02-11,188087.39979691265,202.09942764995503,187885.3003692627,XLI,4590
2014-02-12,189161.90285629986,202.09942764995503,188959.8034286499,XLI,4590
2014-02-13,189310.13794846294,202.09942764995503,189108.038520813,XLI,4590
2014-02-14,189962.67620706317,206.81276941057877,189755.8634376526,XLV,3945
2014-02-18,191723.04577493426,206.81276941057877,191516.23300552368,XLV,3945
2014-02-19,190549.4660630202,206.81276941057877,190342.65329360962,XLV,3945
2014-02-20,192277.20944070574,206.81276941057877,192070.39667129517,XLV,3945
2014-02-21,191918.66747522113,206.81276941057877,191711.85470581055,XLV,3945
2014-02-24,193352.98582696673,206.81276941057877,193146.17305755615,XLV,3945
2014-02-25,192863.96919870135,206.81276941057877,192657.15642929077,XLV,3945
2014-02-26,192863.96919870135,206.81276941057877,192657.15642929077,XLV,3945
2014-02-27,193972.37177514788,206.81276941057877,193765.5590057373,XLV,3945
2014-02-28,193972.37177514788,206.81276941057877,193765.5590057373,XLV,3945
2014-03-03,192538.03837442157,206.81276941057877,192331.225605011,XLV,3945
2014-03-04,196189.05653619525,206.81276941057877,195982.24376678467,XLV,3945
2014-03-05,195700.0700058913,206.81276941057877,195493.2572364807,XLV,3945
2014-03-06,194493.90925073382,206.81276941057877,194287.09648132324,XLV,3945
2014-03-07,194004.90767144915,206.81276941057877,193798.09490203857,XLV,3945
2014-03-10,194819.88522195574,206.81276941057877,194613.07245254517,XLV,3945
2014-03-11,194428.76221322772,206.81276941057877,194221.94944381714,XLV,3945
2014-03-12,194396.12097406146,206.81276941057877,194189.30820465088,XLV,3945
2014-03-13,191755.61176919696,206.81276941057877,191548.79899978638,XLV,3945
2014-03-14,190712.49167108294,206.81276941057877,190505.67890167236,XLV,3945
2014-03-17,192570.61941766497,206.81276941057877,192363.8066482544,XLV,3945
2014-03-18,194624.2785706496,206.81276941057877,194417.465801239,XLV,3945
2014-03-19,194037.57900857684,206.81276941057877,193830.76623916626,XLV,3945
2014-03-20,194037.57900857684,206.81276941057877,193830.76623916626,XLV,3945
2014-03-21,190521.12883233782,206.81276941057877,190314.31606292725,XLV,3945
2014-03-24,188394.8432984328,206.81276941057877,188188.03052902222,XLV,3945
2014-03-25,190063.1281533217,206.81276941057877,189856.31538391113,XLV,3945
2014-03-26,190128.6062684035,206.81276941057877,189921.79349899292,XLV,3945
2014-03-27,189703.29197549578,206.81276941057877,189496.4792060852,XLV,3945
2014-03-28,188983.64971780535,206.81276941057877,188776.83694839478,XLV,3945
2014-03-31,191535.1291527724,206.81276941057877,191328.31638336182,XLV,3945
2014-04-01,192745.50362252948,206.81276941057877,192538.6908531189,XLV,3945
2014-04-02,193595.92152261492,206.81276941057877,193389.10875320435,XLV,3945
2014-04-03,193170.6975235915,206.81276941057877,192963.8847541809,XLV,3945
2014-04-04,189965.02384805438,206.81276941057877,189758.2110786438,XLV,3945
2014-04-07,188067.75370263812,206.81276941057877,187860.94093322754,XLV,3945
2014-04-08,186530.27458810565,206.81276941057877,186323.46181869507,XLV,3945
2014-04-09,190521.12883233782,206.81276941057877,190314.31606292725,XLV,3945
2014-04-10,184175.06395959613,206.81276941057877,183968.25119018555,XLV,3945
2014-04-11,181895.5247696223,209.07642062328523,181686.44834899902,VNQ,4084
2014-04-14,182978.3898666682,209.07642062328523,182769.31344604492,VNQ,4084
2014-04-15,185144.04216464184,209.07642062328523,184934.96574401855,VNQ,4084
2014-04-16,186330.08845980786,209.07642062328523,186121.01203918457,VNQ,4084
2014-04-17,185247.22336276196,209.07642062328523,185038.14694213867,VNQ,4084
2014-04-21,186304.25810702465,209.07642062328523,186095.18168640137,VNQ,4084
2014-04-22,186716.7803695979,209.07642062328523,186507.7039489746,VNQ,4084
2014-04-23,185969.1178482356,209.07642062328523,185760.0414276123,VNQ,4084
2014-04-24,186742.5172470393,209.07642062328523,186533.44082641602,VNQ,4084
2014-04-25,185464.01717658184,194.80295844218927,185269.21421813965,XLU,6248
2014-04-28,186366.51215644024,194.80295844218927,186171.70919799805,XLU,6248
2014-04-29,185592.9484357371,194.80295844218927,185398.14547729492,XLU,6248
2014-04-30,185893.7959851756,194.80295844218927,185698.9930267334,XLU,6248
2014-05-01,186667.34778876445,194.80295844218927,186472.54483032227,XLU,6248
2014-05-02,182842.46654791973,194.80295844218927,182647.66358947754,XLU,6248
2014-05-05,184475.58788581035,194.80295844218927,184280.78492736816,XLU,6248
2014-05-06,183573.140574409,194.80295844218927,183378.3376159668,XLU,6248
2014-05-07,186538.41652960918,194.80295844218927,186343.613571167,XLU,6248
2014-05-08,184518.63250250957,194.80295844218927,184323.82954406738,XLU,6248
2014-05-09,181811.0879773631,194.80295844218927,181616.2850189209,XLU,6248
2014-05-12,180134.98160834453,194.80295844218927,179940.17864990234,XLU,6248
2014-05-13,180564.82000250957,194.80295844218927,180370.01704406738,XLU,6248
2014-05-14,181467.24347968242,194.80295844218927,181272.44052124023,XLU,6248
2014-05-15,180736.70054145,194.80295844218927,180541.8975830078,XLU,6248
2014-05-16,181295.362940742,194.80295844218927,181100.5599822998,XLU,6248
2014-05-19,178501.9198560252,194.80295844218927,178307.116897583,XLU,6248
2014-05-20,178501.9198560252,194.80295844218927,178307.116897583,XLU,6248
2014-05-21,178630.91070075176,194.80295844218927,178436.10774230957,XLU,6248
2014-05-22,180091.9965772166,194.80295844218927,179897.1936187744,XLU,6248
2014-05-23,179662.31310553692,194.80295844218927,179467.51014709473,XLU,6248
2014-05-27,181080.58079047344,194.80295844218927,180885.77783203125,XLU,6248
2014-05-28,182154.88480658672,194.80295844218927,181960.08184814453,XLU,6248
2014-05-29,182670.57409186504,194.80295844218927,182475.77113342285,XLU,6248
2014-05-30,183323.7966893134,224.55781678532367,183099.23887252808,XLE,2993
2014-06-02,183093.29102448796,224.55781678532367,182868.73320770264,XLE,2993
2014-06-03,183727.2872136054,224.55781678532367,183502.72939682007,XLE,2993
2014-06-04,183631.1984684882,224.55781678532367,183406.64065170288,XLE,2993
2014-06-05,184687.8435604987,224.55781678532367,184463.28574371338,XLE,2993
2014-06-06,186205.46572999333,224.55781678532367,185980.907913208,XLE,2993
2014-06-09,186493.61779145573,224.55781678532367,186269.0599746704,XLE,2993
2014-06-10,186186.30735139226,224.55781678532367,185961.74953460693,XLE,2993
2014-06-11,186897.07406358098,224.55781678532367,186672.51624679565,XLE,2993
2014-06-12,187511.84336976384,224.55781678532367,187287.28555297852,XLE,2993
2014-06-13,189298.4592221198,224.55781678532367,189073.90140533447,XLE,2993
2014-06-16,190431.90908936833,224.55781678532367,190207.351272583,XLE,2993
2014-06-17,190297.40083054875,224.55781678532367,190072.84301376343,XLE,2993
2014-06-18,191738.20680741643,224.55781678532367,191513.6489906311,XLE,2993
2014-06-19,193102.1623394904,224.55781678532367,192877.60452270508,XLE,2993
2014-06-20,195020.67186860417,224.55781678532367,194796.11405181885,XLE,2993
2014-06-23,195715.3971493659,224.55781678532367,195490.83933258057,XLE,2993
2014-06-24,191604.54343537663,224.55781678532367,191379.9856185913,XLE,2993
2014-06-25,193052.06283692693,224.55781678532367,192827.5050201416,XLE,2993
2014-06-26,193264.28926209782,224.55781678532367,193039.7314453125,XLE,2993
2014-06-27,193264.28926209782,224.55781678532367,193039.7314453125,XLE,2993
2014-06-30,193418.65236024235,224.55781678532367,193194.09454345703,XLE,2993
2014-07-01,193534.51602296208,224.55781678532367,193309.95820617676,XLE,2993
2014-07-02,193245.03954438542,224.55781678532367,193020.4817276001,XLE,2993
2014-07-03,193978.42410401677,224.55781678532367,193753.86628723145,XLE,2993
2014-07-07,192492.24542359685,224.55781678532367,192267.68760681152,XLE,2993
2014-07-08,192183.54206208562,224.55781678532367,191958.9842453003,XLE,2993
2014-07-09,193457.33447388982,224.55781678532367,193232.7766571045,XLE,2993
2014-07-10,191604.54343537663,224.55781678532367,191379.9856185913,XLE,2993
2014-07-11,190137.76289872502,224.55781678532367,189913.2050819397,XLE,2993
2014-07-14,191778.20192078923,224.55781678532367,191553.6441040039,XLE,2993
2014-07-15,190948.35184220647,224.55781678532367,190723.79402542114,XLE,2993
2014-07-16,193843.31072358464,224.55781678532367,193618.75290679932,XLE,2993
2014-07-17,190716.6816037116,224.55781678532367,190492.12378692627,XLE,2993
2014-07-18,191276.4419300971,224.55781678532367,191051.88411331177,XLE,2993
2014-07-21,191565.94124345158,224.55781678532367,191341.38342666626,XLE,2993
2014-07-22,192936.1306698737,224.55781678532367,192711.57285308838,XLE,2993
2014-07-23,194171.40081147527,224.55781678532367,193946.84299468994,XLE,2993
2014-07-24,194345.1506359992,224.55781678532367,194120.59281921387,XLE,2993
2014-07-25,192916.92662171696,224.55781678532367,192692.36880493164,XLE,2993
2014-07-28,192453.76882294987,224.55781678532367,192229.21100616455,XLE,2993
2014-07-29,191971.2242978034,224.55781678532367,191746.66648101807,XLE,2993
2014-07-30,190832.56810120915,224.55781678532367,190608.01028442383,XLE,2993
2014-07-31,186721.53170899724,224.55781678532367,186496.9738922119,XLE,2993
2014-08-01,185216.18323258733,224.55781678532367,184991.625415802,XLE,2993
2014-08-04,188323.47129563664,224.55781678532367,188098.91347885132,XLE,2993
2014-08-05,184212.59474686955,224.55781678532367,183988.03693008423,XLE,2993
2014-08-06,184752.96834687566,224.55781678532367,184528.41053009033,XLE,2993
2014-08-07,183594.95967606877,224.55781678532367,183370.40185928345,XLE,2993
2014-08-08,186663.73688630437,224.55781678532367,186439.17906951904,XLE,2993
2014-08-11,186683.05510835027,224.55781678532367,186458.49729156494,XLE,2993
2014-08-12,185312.70583848332,224.55781678532367,185088.148021698,XLE,2993
2014-08-13,185910.97701768254,224.55781678532367,185686.41920089722,XLE,2993
2014-08-14,184849.42244843816,224.55781678532367,184624.86463165283,XLE,2993
2014-08-15,185662.62118403005,216.54539362477954,185446.07579040527,XLK,5422
2014-08-18,187408.9526049285,216.54539362477954,187192.4072113037,XLK,5422
2014-08-19,188588.9962679534,216.54539362477954,188372.4508743286,XLK,5422
2014-08-20,188588.9962679534,216.54539362477954,188372.4508743286,XLK,5422
2014-08-21,189485.6788775115,216.54539362477954,189269.13348388672,XLK,5422
2014-08-22,189532.96087519216,216.54539362477954,189316.41548156738,XLK,5422
2014-08-25,189721.73725000906,216.54539362477954,189505.19185638428,XLK,5422
2014-08-26,189816.11509577322,216.54539362477954,189599.56970214844,XLK,5422
2014-08-27,189768.93651453542,216.54539362477954,189552.39112091064,XLK,5422
2014-08-28,189485.6788775115,216.54539362477954,189269.13348388672,XLK,5422
2014-08-29,190335.30700556326,216.54539362477954,190118.76161193848,XLK,5422
2014-09-02,190382.5269533782,216.54539362477954,190165.98155975342,XLK,5422
2014-09-03,189344.14313379812,216.54539362477954,189127.59774017334,XLK,5422
2014-09-04,189249.68255487966,216.54539362477954,189033.13716125488,XLK,5422
2014-09-05,190382.5269533782,216.54539362477954,190165.98155975342,XLK,5422
2014-09-08,190665.68117395925,216.54539362477954,190449.13578033447,XLK,5422
2014-09-09,189296.96455256033,216.54539362477954,189080.41915893555,XLK,5422
2014-09-10,190429.74690119314,216.54539362477954,190213.20150756836,XLK,5422
2014-09-11,190854.416182199,216.54539362477954,190637.87078857422,XLK,5422
2014-09-12,190052.0700518279,216.54539362477954,189835.52465820312,XLK,5422
2014-09-15,188919.34975306081,216.54539362477954,188702.80435943604,XLK,5422
2014-09-16,190335.30700556326,216.54539362477954,190118.76161193848,XLK,5422
2014-09-17,190712.88043848562,216.54539362477954,190496.33504486084,XLK,5422
2014-09-18,191845.683470407,216.54539362477954,191629.13807678223,XLK,5422
2014-09-19,191438.0572191863,216.54539362477954,191221.51182556152,XLK,5422
2014-09-22,190158.1339556365,216.54539362477954,189941.58856201172,XLK,5422
2014-09-23,189731.54112879324,216.54539362477954,189514.99573516846,XLK,5422
2014-09-24,190963.95487848806,216.54539362477954,190747.40948486328,XLK,5422
2014-09-25,186792.63197199392,216.54539362477954,186576.08657836914,XLK,5422
2014-09-26,188265.92697350454,212.4963399596163,188053.43063354492,XLV,3496
2014-09-29,187857.10632531118,212.4963399596163,187644.60998535156,XLV,3496
2014-09-30,186835.0613729186,212.4963399596163,186622.56503295898,XLV,3496
2014-10-01,184878.63019005727,212.4963399596163,184666.13385009766,XLV,3496
2014-10-02,184498.9891072936,212.4963399596163,184286.49276733398,XLV,3496
2014-10-03,188295.11987511587,212.4963399596163,188082.62353515625,XLV,3496
2014-10-06,187419.05276696157,212.4963399596163,187206.55642700195,XLV,3496
2014-10-07,184440.57663170766,212.4963399596163,184228.08029174805,XLV,3496
2014-10-08,189141.94073693227,212.4963399596163,188929.44439697266,XLV,3496
2014-10-09,185228.99835411977,212.4963399596163,185016.50201416016,XLV,3496
2014-10-10,184090.16845910024,212.4963399596163,183877.67211914062,XLV,3496
2014-10-13,179739.26587120962,212.4963399596163,179526.76953125,XLV,3496
2014-10-14,178396.04565636587,212.4963399596163,178183.54931640625,XLV,3496
2014-10-15,176936.00049035024,212.4963399596163,176723.50415039062,XLV,3496
2014-10-16,176030.74048058462,212.4963399596163,175818.244140625,XLV,3496
2014-10-17,178834.005861444,212.4963399596163,178621.50952148438,XLV,3496
2014-10-20,180994.86737267446,212.4963399596163,180782.37103271484,XLV,3496
2014-10-21,185783.8235189147,212.4963399596163,185571.32717895508,XLV,3496
2014-10-22,184849.38394371938,212.4963399596163,184636.88760375977,XLV,3496
2014-10-23,188003.07083336782,212.4963399596163,187790.5744934082,XLV,3496
2014-10-24,190631.2054769225,212.4963399596163,190418.7091369629,XLV,3496
2014-10-27,190835.63580529165,212.4963399596163,190623.13946533203,XLV,3496
2014-10-28,192237.20181481313,212.4963399596163,192024.70547485352,XLV,3496
2014-10-29,192324.83386437368,212.4963399596163,192112.33752441406,XLV,3496
2014-10-30,195858.1351644225,212.4963399596163,195645.6388244629,XLV,3496
2014-10-31,196646.53021447134,212.4963399596163,196434.03387451172,XLV,3496
2014-11-03,196880.12677208852,212.4963399596163,196667.6304321289,XLV,3496
2014-11-04,196909.3730184264,212.4963399596163,196696.8766784668,XLV,3496
2014-11-05,196704.96936242055,212.4963399596163,196492.47302246094,XLV,3496
2014-11-06,197902.1717244811,212.4963399596163,197689.67538452148,XLV,3496
2014-11-07,195945.76721398305,212.4963399596163,195733.27087402344,XLV,3496
2014-11-10,197931.3912984557,212.4963399596163,197718.8949584961,XLV,3496
2014-11-11,198661.41388146352,212.4963399596163,198448.9175415039,XLV,3496
2014-11-12,198369.37817589712,212.4963399596163,198156.8818359375,XLV,3496
2014-11-13,198223.40033165884,212.4963399596163,198010.90399169922,XLV,3496
2014-11-14,195999.88855429983,213.84277793264482,195786.0457763672,XLU,6224
2014-11-17,198570.37747641897,213.84277793264482,198356.53469848633,XLU,6224
2014-11-18,199136.7471358428,213.84277793264482,198922.90435791016,XLU,6224
2014-11-19,198962.42841025686,213.84277793264482,198748.58563232422,XLU,6224
2014-11-20,198526.71469565725,213.84277793264482,198312.8719177246,XLU,6224
2014-11-21,199310.9827620635,213.84277793264482,199097.13998413086,XLU,6224
2014-11-24,197655.47720786429,213.84277793264482,197441.63442993164,XLU,6224
2014-11-25,197655.47720786429,213.84277793264482,197441.63442993164,XLU,6224
2014-11-26,198526.71469565725,213.84277793264482,198312.8719177246,XLU,6224
2014-11-28,200617.93396445608,213.84277793264482,200404.09118652344,XLU,6224
2014-12-01,201010.04425498343,213.84277793264482,200796.20147705078,XLU,6224
2014-12-02,202360.5513960967,213.84277793264482,202146.70861816406,XLU,6224
2014-12-03,201794.21735068655,213.84277793264482,201580.3745727539,XLU,6224
2014-12-04,201619.9223677764,213.84277793264482,201406.07958984375,XLU,6224
2014-12-05,200051.6236617217,213.84277793264482,199837.78088378906,XLU,6224
2014-12-08,201663.53766318655,213.84277793264482,201449.6948852539,XLU,6224
2014-12-09,202665.52606650686,213.84277793264482,202451.68328857422,XLU,6224
2014-12-10,200138.64056846,213.84277793264482,199924.79779052734,XLU,6224
2014-12-11,202142.80731650686,213.84277793264482,201928.96453857422,XLU,6224
2014-12-12,200225.77618857718,213.84277793264482,200011.93341064453,XLU,6224
2014-12-15,198526.71469565725,213.84277793264482,198312.8719177246,XLU,6224
2014-12-16,198352.5502974639,213.84277793264482,198138.70751953125,XLU,6224
2014-12-17,201881.32922812796,213.84277793264482,201667.4864501953,XLU,6224
2014-12-18,205845.92871543264,213.84277793264482,205632.0859375,XLU,6224
2014-12-19,205567.33633634713,206.66863462593756,205360.6677017212,XLV,3479
2014-12-22,203613.14600202706,206.66863462593756,203406.47736740112,XLV,3479
2014-12-23,198946.534334394,206.66863462593756,198739.86569976807,XLV,3479
2014-12-24,200404.92098447945,206.66863462593756,200198.25234985352,XLV,3479
2014-12-26,201834.01780531075,206.66863462593756,201627.3491706848,XLV,3479
2014-12-29,202534.00092909005,206.66863462593756,202327.3322944641,XLV,3479
2014-12-30,201659.0485670295,206.66863462593756,201452.37993240356,XLV,3479
2014-12-31,199646.55727216866,206.66863462593756,199439.88863754272,XLV,3479
2015-01-02,200375.7373258796,206.66863462593756,200169.06869125366,XLV,3479
2015-01-05,199354.86667081979,206.66863462593756,199148.19803619385,XLV,3479
2015-01-06,198684.09374830392,206.66863462593756,198477.42511367798,XLV,3479
2015-01-07,203350.6788732734,206.66863462593756,203144.01023864746,XLV,3479
2015-01-08,206821.49046156075,206.66863462593756,206614.8218269348,XLV,3479
2015-01-09,204984.00821897652,206.66863462593756,204777.3395843506,XLV,3479
2015-01-12,205071.5459234443,206.66863462593756,204864.87728881836,XLV,3479
2015-01-13,204167.2904607978,206.66863462593756,203960.62182617188,XLV,3479
2015-01-14,203846.53564283517,206.66863462593756,203639.86700820923,XLV,3479
2015-01-15,201659.0485670295,206.66863462593756,201452.37993240356,XLV,3479
2015-01-16,205450.78750059273,206.66863462593756,205244.1188659668,XLV,3479
2015-01-20,205450.78750059273,206.66863462593756,205244.1188659668,XLV,3479
2015-01-21,205859.00039503243,206.66863462593756,205652.3317604065,XLV,3479
2015-01-22,208308.92805692818,206.66863462593756,208102.25942230225,XLV,3479
2015-01-23,207113.18106290963,206.66863462593756,206906.5124282837,XLV,3479
2015-01-26,208192.33940717843,206.66863462593756,207985.6707725525,XLV,3479
2015-01-27,206704.84872648385,206.66863462593756,206498.1800918579,XLV,3479
2015-01-28,203729.8408224311,206.66863462593756,203523.17218780518,XLV,3479
2015-01-29,205450.78750059273,206.66863462593756,205244.1188659668,XLV,3479
2015-01-30,202242.31032774117,206.66863462593756,202035.64169311523,XLV,3479
2015-02-02,203379.86253187325,206.66863462593756,203173.1938972473,XLV,3479
2015-02-03,204750.65839216378,206.66863462593756,204543.98975753784,XLV,3479
2015-02-04,202184.08899519112,206.66863462593756,201977.4203605652,XLV,3479
2015-02-05,205596.4934522834,206.66863462593756,205389.82481765747,XLV,3479
2015-02-06,203729.8408224311,206.66863462593756,203523.17218780518,XLV,3479
2015-02-09,201338.16103574898,206.66863462593756,201131.49240112305,XLV,3479
2015-02-10,204721.54109022286,206.66863462593756,204514.87245559692,XLV,3479
2015-02-11,204925.68071577218,206.66863462593756,204719.01208114624,XLV,3479
2015-02-12,205654.7811414924,206.66863462593756,205448.11250686646,XLV,3479
2015-02-13,206471.5121710029,206.66863462593756,206264.84353637695,XLV,3479
2015-02-17,207958.98958036568,206.66863462593756,207752.32094573975,XLV,3479
2015-02-18,208192.33940717843,206.66863462593756,207985.6707725525,XLV,3479
2015-02-19,208542.27788374093,206.66863462593756,208335.609249115,XLV,3479
2015-02-20,210729.7516882148,206.66863462593756,210523.08305358887,XLV,3479
2015-02-23,211692.374468061,206.66863462593756,211485.70583343506,XLV,3479
2015-02-24,211429.7348119941,206.66863462593756,211223.06617736816,XLV,3479
2015-02-25,211342.3298208442,206.66863462593756,211135.66118621826,XLV,3479
2015-02-26,211925.5517675605,206.66863462593756,211718.88313293457,XLV,3479
2015-02-27,210904.6811125007,206.66863462593756,210698.01247787476,XLV,3479
2015-03-02,212800.63684293893,206.66863462593756,212593.968208313,XLV,3479
2015-03-03,210875.68325254586,206.66863462593756,210669.01461791992,XLV,3479
2015-03-04,211896.5140936103,206.66863462593756,211689.84545898438,XLV,3479
2015-03-05,212654.82472059396,206.66863462593756,212448.15608596802,XLV,3479
2015-03-06,208484.01673719552,206.66863462593756,208277.34810256958,XLV,3479
2015-03-09,209767.32797834542,206.66863462593756,209560.65934371948,XLV,3479
2015-03-10,207433.97569486764,206.66863462593756,207227.3070602417,XLV,3479
2015-03-11,207317.33395979073,206.66863462593756,207110.6653251648,XLV,3479
2015-03-12,210058.97876569894,206.66863462593756,209852.310131073,XLV,3479
2015-03-13,209650.64642927315,206.66863462593756,209443.97779464722,XLV,3479
2015-03-16,214288.08770963814,206.66863462593756,214081.4190750122,XLV,3479
2015-03-17,213675.5493910041,206.66863462593756,213468.88075637817,XLV,3479
2015-03-18,216446.37785551217,206.66863462593756,216239.70922088623,XLV,3479
2015-03-19,217700.54525205758,206.66863462593756,217493.87661743164,XLV,3479
2015-03-20,219274.12706205514,206.66863462593756,219067.4584274292,XLV,3479
2015-03-23,218659.91655561593,206.66863462593756,218453.24792099,XLV,3479
2015-03-24,216758.85136243966,206.66863462593756,216552.18272781372,XLV,3479
2015-03-25,212810.3514578071,206.66863462593756,212603.68282318115,XLV,3479
2015-03-26,212313.04811308053,206.66863462593756,212106.3794784546,XLV,3479
2015-03-27,213834.0090925422,206.66863462593756,213627.34045791626,XLV,3479
2015-03-30,215998.35096571114,206.66863462593756,215791.6823310852,XLV,3479
2015-03-31,212254.61443922188,206.66863462593756,212047.94580459595,XLV,3479
2015-04-01,210119.50930997994,206.66863462593756,209912.840675354,XLV,3479
2015-04-02,210762.9167463508,206.66863462593756,210556.24811172485,XLV,3479
2015-04-06,211084.7332708564,206.66863462593756,210878.06463623047,XLV,3479
2015-04-07,211581.8906309333,206.66863462593756,211375.22199630737,XLV,3479
2015-04-08,213365.99557706979,206.66863462593756,213159.32694244385,XLV,3479
2015-04-09,214974.6269743171,206.66863462593756,214767.95833969116,XLV,3479
2015-04-10,216817.2717649665,206.66863462593756,216610.60313034058,XLV,3479
2015-04-13,215647.37732526925,206.66863462593756,215440.7086906433,XLV,3479
2015-04-14,215998.35096571114,206.66863462593756,215791.6823310852,XLV,3479
2015-04-15,216554.00835630563,206.66863462593756,216347.3397216797,XLV,3479
2015-04-16,216437.0879232612,206.66863462593756,216230.41928863525,XLV,3479
2015-04-17,214565.20638868478,206.66863462593756,214358.53775405884,XLV,3479
2015-04-20,215881.28454801705,206.66863462593756,215674.6159133911,XLV,3479
2015-04-21,217314.52202436593,206.66863462593756,217107.85338974,XLV,3479
2015-04-22,217665.44257948067,206.66863462593756,217458.77394485474,XLV,3479
2015-04-23,218484.38992139962,206.66863462593756,218277.72128677368,XLV,3479
2015-04-24,217782.4824545112,206.66863462593756,217575.81381988525,XLV,3479
2015-04-27,213834.0090925422,206.66863462593756,213627.34045791626,XLV,3479
2015-04-28,214886.9167425361,206.66863462593756,214680.24810791016,XLV,3479
2015-04-29,212927.36479017403,206.66863462593756,212720.6961555481,XLV,3479
2015-04-30,209944.022489759,206.66863462593756,209737.35385513306,XLV,3479
2015-05-01,212780.98200056222,206.66863462593756,212574.31336593628,XLV,3479
2015-05-04,214126.44288847115,206.66863462593756,213919.77425384521,XLV,3479
2015-05-05,211435.64055463937,206.66863462593756,211228.97192001343,XLV,3479
2015-05-06,210616.75956937936,206.66863462593756,210410.09093475342,XLV,3479
2015-05-07,211611.1406461921,206.66863462593756,211404.47201156616,XLV,3479
2015-05-08,215033.14027616646,206.66863462593756,214826.47164154053,XLV,3479
2015-05-11,215150.18015119698,206.66863462593756,214943.51151657104,XLV,3479
2015-05-12,213775.44270536568,206.66863462593756,213568.77407073975,XLV,3479
2015-05-13,214009.48264143136,206.66863462593756,213802.81400680542,XLV,3479
2015-05-14,216963.56165525582,206.66863462593756,216756.89302062988,XLV,3479
2015-05-15,217402.2587988105,206.66863462593756,217195.59016418457,XLV,3479
2015-05-18,218689.10021421578,206.66863462593756,218482.43157958984,XLV,3479
2015-05-19,219712.8374769416,206.66863462593756,219506.16884231567,XLV,3479
2015-05-20,220005.31108686593,206.66863462593756,219798.64245224,XLV,3479
2015-05-21,220034.54783079293,206.66863462593756,219827.879196167,XLV,3479
2015-05-22,219508.0608274665,206.66863462593756,219301.39219284058,XLV,3479
2015-05-26,217285.28528043893,206.66863462593756,217078.616645813,XLV,3479
2015-05-27,219800.60079404977,206.66863462593756,219593.93215942383,XLV,3479
2015-05-28,219946.7579710212,206.66863462593756,219740.08933639526,XLV,3479
2015-05-29,219391.16693708565,206.66863462593756,219184.49830245972,XLV,3479
2015-06-01,220268.52141019967,206.66863462593756,220061.85277557373,XLV,3479
2015-06-02,218835.44318983224,206.66863462593756,218628.7745552063,XLV,3479
2015-06-03,219244.8106901374,206.66863462593756,219038.14205551147,XLV,3479
2015-06-04,217724.0089666572,206.66863462593756,217517.34033203125,XLV,3479
2015-06-05,217636.29873487618,206.66863462593756,217429.63010025024,XLV,3479
2015-06-08,216554.00835630563,206.66863462593756,216347.3397216797,XLV,3479
2015-06-09,216495.49505445626,206.66863462593756,216288.82641983032,XLV,3479
2015-06-10,219157.14027235177,206.66863462593756,218950.47163772583,XLV,3479
2015-06-11,220648.74506590035,206.66863462593756,220442.0764312744,XLV,3479
2015-06-12,217928.73253080514,206.66863462593756,217722.0638961792,XLV,3479
2015-06-15,218191.9295828071,206.66863462593756,217985.26094818115,XLV,3479
2015-06-16,219274.12706205514,206.66863462593756,219067.4584274292,XLV,3479
2015-06-17,219478.81081220772,206.66863462593756,219272.1421775818,XLV,3479
2015-06-18,222579.0602743354,206.66863462593756,222372.39163970947,XLV,3479
2015-06-19,222405.909208509,206.66863462593756,222199.24057388306,XLV,3479
2015-06-22,224137.53930875924,206.66863462593756,223930.8706741333,XLV,3479
2015-06-23,224577.8024694648,206.66863462593756,224371.13383483887,XLV,3479
2015-06-24,222317.92027876046,206.66863462593756,222111.25164413452,XLV,3479
2015-06-25,223550.60138914254,206.66863462593756,223343.9327545166,XLV,3479
2015-06-26,223227.70988676217,206.66863462593756,223021.04125213623,XLV,3479
2015-06-29,217768.94569608834,206.66863462593756,217562.2770614624,XLV,3479
2015-06-30,218531.9676458564,206.66863462593756,218325.29901123047,XLV,3479
2015-07-01,220879.9183943,206.66863462593756,220673.24975967407,XLV,3479
2015-07-02,219852.6642286506,206.66863462593756,219645.99559402466,XLV,3479
2015-07-06,219764.6354849067,206.66863462593756,219557.96685028076,XLV,3479
2015-07-07,220821.06003782418,206.66863462593756,220614.39140319824,XLV,3479
2015-07-08,217035.1206762519,206.66863462593756,216828.45204162598,XLV,3479
2015-07-09,218209.15577146676,206.66863462593756,218002.48713684082,XLV,3479
2015-07-10,221144.0178968635,206.66863462593756,220937.34926223755,XLV,3479
2015-07-13,223022.2962133613,206.66863462593756,222815.62757873535,XLV,3479
2015-07-14,225252.88857481148,206.66863462593756,225046.21994018555,XLV,3479
2015-07-15,225546.31772062447,206.66863462593756,225339.64908599854,XLV,3479
2015-07-16,226602.74227354195,206.66863462593756,226396.07363891602,XLV,3479
2015-07-17,226103.92599699166,206.66863462593756,225897.25736236572,XLV,3479
2015-07-20,226837.6448461738,206.66863462593756,226630.97621154785,XLV,3479
2015-07-21,225839.7999517646,206.66863462593756,225633.13131713867,XLV,3479
2015-07-22,226338.74894163277,206.66863462593756,226132.08030700684,XLV,3479
2015-07-23,225516.9615347114,206.66863462593756,225310.29290008545,XLV,3479
2015-07-24,219882.0071432319,206.66863462593756,219675.33850860596,XLV,3479
2015-07-27,219676.6067411628,206.66863462593756,219469.93810653687,XLV,3479
2015-07-28,223638.61686155465,206.66863462593756,223431.9482269287,XLV,3479
2015-07-29,224020.1145651069,206.66863462593756,223813.44593048096,XLV,3479
2015-07-30,223697.3557760444,206.66863462593756,223490.68714141846,XLV,3479
2015-07-31,224988.62981626656,206.66863462593756,224781.96118164062,XLV,3479
2015-08-03,224812.49270078805,206.66863462593756,224605.8240661621,XLV,3479
2015-08-04,224695.17412779,206.66863462593756,224488.50549316406,XLV,3479
2015-08-05,226573.38608762887,206.66863462593756,226366.71745300293,XLV,3479
2015-08-06,221642.9270727363,206.66863462593756,221436.25843811035,XLV,3479
2015-08-07,221261.3762838569,206.66863462593756,221054.70764923096,XLV,3479
2015-08-10,223051.57277128365,206.66863462593756,222844.90413665771,XLV,3479
2015-08-11,221173.40062544015,206.66863462593756,220966.7319908142,XLV,3479
2015-08-12,221320.10192701485,206.66863462593756,221113.43329238892,XLV,3479
2015-08-13,220821.06003782418,206.66863462593756,220614.39140319824,XLV,3479
2015-08-14,221437.46031400826,206.66863462593756,221230.79167938232,XLV,3479
2015-08-17,223667.94650480416,206.66863462593756,223461.27787017822,XLV,3479
2015-08-18,223345.08154508736,206.66863462593756,223138.41291046143,XLV,3479
2015-08-19,222435.27866575387,206.66863462593756,222228.61003112793,XLV,3479
2015-08-20,217270.02324888375,206.66863462593756,217063.3546142578,XLV,3479
2015-08-21,210637.15760633614,206.66863462593756,210430.4889717102,XLV,3479
2015-08-24,201685.8035719123,206.66863462593756,201479.13493728638,XLV,3479
2015-08-25,199660.69124052193,206.66863462593756,199454.022605896,XLV,3479
2015-08-26,208083.8462698188,206.66863462593756,207877.17763519287,XLV,3479
2015-08-27,212133.91167661813,206.66863462593756,211927.2430419922,XLV,3479
2015-08-28,210614.52737782244,210614.52737782244,0.0,TLT,0
2015-08-31,210614.52737782244,210614.52737782244,0.0,TLT,0
2015-09-01,210614.52737782244,210614.52737782244,0.0,TLT,0
2015-09-02,210614.52737782244,210614.52737782244,0.0,TLT,0
2015-09-03,210614.52737782244,210614.52737782244,0.0,TLT,0
2015-09-04,210614.52737782244,210614.52737782244,0.0,TLT,0
2015-09-08,210614.52737782244,210614.52737782244,0.0,TLT,0
2015-09-09,210614.52737782244,210614.52737782244,0.0,TLT,0
2015-09-10,210614.52737782244,210614.52737782244,0.0,TLT,0
2015-09-11,210614.52737782244,210614.52737782244,0.0,TLT,0
2015-09-14,210614.52737782244,210614.52737782244,0.0,TLT,0
2015-09-15,210614.52737782244,210614.52737782244,0.0,TLT,0
2015-09-16,210614.52737782244,210614.52737782244,0.0,TLT,0
2015-09-17,210614.52737782244,210614.52737782244,0.0,TLT,0
2015-09-18,210614.52737782244,210614.52737782244,0.0,TLT,0
2015-09-21,210614.52737782244,210614.52737782244,0.0,TLT,0
2015-09-22,210614.52737782244,210614.52737782244,0.0,TLT,0
2015-09-23,210614.52737782244,210614.52737782244,0.0,TLT,0
2015-09-24,210614.52737782244,210614.52737782244,0.0,TLT,0
2015-09-25,210614.52737782244,210614.52737782244,0.0,TLT,0
2015-09-28,210614.52737782244,210614.52737782244,0.0,TLT,0
2015-09-29,210614.52737782244,210614.52737782244,0.0,TLT,0
2015-09-30,210614.52737782244,210614.52737782244,0.0,TLT,0
2015-10-01,210614.52737782244,210614.52737782244,0.0,TLT,0
2015-10-02,210614.52737782244,210614.52737782244,0.0,TLT,0
2015-10-05,210614.52737782244,210614.52737782244,0.0,TLT,0
2015-10-06,210614.52737782244,210614.52737782244,0.0,TLT,0
2015-10-07,210614.52737782244,210614.52737782244,0.0,TLT,0
2015-10-08,210614.52737782244,210614.52737782244,0.0,TLT,0
2015-10-09,210614.52737782244,210614.52737782244,0.0,TLT,0
2015-10-12,210614.52737782244,210614.52737782244,0.0,TLT,0
2015-10-13,210614.52737782244,210614.52737782244,0.0,TLT,0
2015-10-14,210614.52737782244,210614.52737782244,0.0,TLT,0
2015-10-15,210614.52737782244,210614.52737782244,0.0,TLT,0
2015-10-16,210614.52737782244,210614.52737782244,0.0,TLT,0
2015-10-19,210614.52737782244,210614.52737782244,0.0,TLT,0
2015-10-20,210614.52737782244,210614.52737782244,0.0,TLT,0
2015-10-21,210614.52737782244,210614.52737782244,0.0,TLT,0
2015-10-22,210614.52737782244,210614.52737782244,0.0,TLT,0
2015-10-23,210614.52737782244,210614.52737782244,0.0,TLT,0
2015-10-26,210614.52737782244,210614.52737782244,0.0,TLT,0
2015-10-27,210614.52737782244,210614.52737782244,0.0,TLT,0
2015-10-28,210614.52737782244,210614.52737782244,0.0,TLT,0
2015-10-29,210614.52737782244,210614.52737782244,0.0,TLT,0
2015-10-30,210614.52737782244,210614.52737782244,0.0,TLT,0
2015-11-02,210614.52737782244,210614.52737782244,0.0,TLT,0
2015-11-03,210614.52737782244,210614.52737782244,0.0,TLT,0
2015-11-04,210614.52737782244,210614.52737782244,0.0,TLT,0
2015-11-05,210614.52737782244,210614.52737782244,0.0,TLT,0
2015-11-06,210299.43018713334,234.6363944087352,210064.7937927246,XLV,3458
2015-11-09,208689.13800421098,234.6363944087352,208454.50160980225,XLV,3458
2015-11-10,210094.5177268062,234.6363944087352,209859.88133239746,XLV,3458
2015-11-11,208015.80521002153,234.6363944087352,207781.1688156128,XLV,3458
2015-11-12,204414.64086523393,234.6363944087352,204180.0044708252,XLV,3458
2015-11-13,203916.9492072139,234.6363944087352,203682.31281280518,XLV,3458
2015-11-16,206464.09524908403,234.6363944087352,206229.4588546753,XLV,3458
2015-11-17,207342.36688604692,234.6363944087352,207107.73049163818,XLV,3458
2015-11-18,211382.61428442338,234.6363944087352,211147.97789001465,XLV,3458
2015-11-19,207840.12450018266,234.6363944087352,207605.48810577393,XLV,3458
2015-11-20,209626.03143682817,234.6363944087352,209391.39504241943,XLV,3458
2015-11-23,209098.97611608842,234.6363944087352,208864.3397216797,XLV,3458
2015-11-24,209743.1694983516,234.6363944087352,209508.53310394287,XLV,3458
2015-11-25,210884.9622000728,234.6363944087352,210650.32580566406,XLV,3458
2015-11-27,211294.77392950395,234.6363944087352,211060.13753509521,XLV,3458
2015-11-30,208425.6565131221,234.6363944087352,208191.02011871338,XLV,3458
2015-12-01,211938.84859075883,234.6363944087352,211704.2121963501,XLV,3458
2015-12-02,210152.9944190059,234.6363944087352,209918.35802459717,XLV,3458
2015-12-03,205556.4599494014,234.6363944087352,205321.82355499268,XLV,3458
2015-12-04,210387.28373327592,234.6363944087352,210152.6473388672,XLV,3458
2015-12-07,209216.14056005815,234.6363944087352,208981.5041656494,XLV,3458
2015-12-08,209684.56089392045,234.6363944087352,209449.92449951172,XLV,3458
2015-12-09,207576.59024420122,234.6363944087352,207341.95384979248,XLV,3458
2015-12-10,209128.24744024614,234.6363944087352,208893.6110458374,XLV,3458
2015-12-11,205437.57049919083,220.5754735560622,205216.99502563477,XLY,2934
2015-12-14,206489.2682073207,220.5754735560622,206268.69273376465,XLY,2934
2015-12-15,207619.73747611954,220.5754735560622,207399.16200256348,XLY,2934
2015-12-16,211089.91684318497,220.5754735560622,210869.3413696289,XLY,2934
2015-12-17,207619.73747611954,220.5754735560622,207399.16200256348,XLY,2934
2015-12-18,204359.52606559708,220.5754735560622,204138.95059204102,XLY,2934
2015-12-21,205388.99582267716,220.5754735560622,205168.4203491211,XLY,2934
2015-12-22,206893.80348564102,220.5754735560622,206673.22801208496,XLY,2934
2015-12-23,207949.66473747208,220.5754735560622,207729.08926391602,XLY,2934
2015-12-24,207395.2866551967,220.5754735560622,207174.71118164062,XLY,2934
2015-12-28,207923.25085807755,220.5754735560622,207702.67538452148,XLY,2934
2015-12-29,210325.43649650528,220.5754735560622,210104.86102294922,XLY,2934
2015-12-30,208636.00029350235,220.5754735560622,208415.4248199463,XLY,2934
2015-12-31,206550.55736137345,220.5754735560622,206329.98188781738,XLY,2934
2016-01-04,203013.17929435684,220.5754735560622,202792.60382080078,XLY,2934
2016-01-05,202749.17480827286,220.5754735560622,202528.5993347168,XLY,2934
2016-01-06,200769.3202397914,220.5754735560622,200548.74476623535,XLY,2934
2016-01-07,196651.12782646134,220.5754735560622,196430.55235290527,XLY,2934
2016-01-08,194539.29339958145,220.5754735560622,194318.7179260254,XLY,2934
2016-01-11,196070.3358647914,220.5754735560622,195849.76039123535,XLY,2934
2016-01-12,198235.0204351039,220.5754735560622,198014.44496154785,XLY,2934
2016-01-13,191556.3157994838,220.5754735560622,191335.74032592773,XLY,2934
2016-01-14,192928.9645269008,220.5754735560622,192708.38905334473,XLY,2934
2016-01-15,188686.06531686356,188686.06531686356,0.0,IEF,0
2016-01-19,188686.06531686356,188686.06531686356,0.0,IEF,0
2016-01-20,188686.06531686356,188686.06531686356,0.0,IEF,0
2016-01-21,188686.06531686356,188686.06531686356,0.0,IEF,0
2016-01-22,188686.06531686356,188686.06531686356,0.0,IEF,0
2016-01-25,188686.06531686356,188686.06531686356,0.0,IEF,0
2016-01-26,188686.06531686356,188686.06531686356,0.0,IEF,0
2016-01-27,188686.06531686356,188686.06531686356,0.0,IEF,0
2016-01-28,188686.06531686356,188686.06531686356,0.0,IEF,0
2016-01-29,188686.06531686356,188686.06531686356,0.0,IEF,0
2016-02-01,188686.06531686356,188686.06531686356,0.0,IEF,0
2016-02-02,188686.06531686356,188686.06531686356,0.0,IEF,0
2016-02-03,188686.06531686356,188686.06531686356,0.0,IEF,0
2016-02-04,188686.06531686356,188686.06531686356,0.0,IEF,0
2016-02-05,188686.06531686356,188686.06531686356,0.0,IEF,0
2016-02-08,188686.06531686356,188686.06531686356,0.0,IEF,0
2016-02-09,188686.06531686356,188686.06531686356,0.0,IEF,0
2016-02-10,188686.06531686356,188686.06531686356,0.0,IEF,0
2016-02-11,188686.06531686356,188686.06531686356,0.0,IEF,0
2016-02-12,188686.06531686356,188686.06531686356,0.0,IEF,0
2016-02-16,188686.06531686356,188686.06531686356,0.0,IEF,0
2016-02-17,188686.06531686356,188686.06531686356,0.0,IEF,0
2016-02-18,188686.06531686356,188686.06531686356,0.0,IEF,0
2016-02-19,188686.06531686356,188686.06531686356,0.0,IEF,0
2016-02-22,188686.06531686356,188686.06531686356,0.0,IEF,0
2016-02-23,188686.06531686356,188686.06531686356,0.0,IEF,0
2016-02-24,188686.06531686356,188686.06531686356,0.0,IEF,0
2016-02-25,188686.06531686356,188686.06531686356,0.0,IEF,0
2016-02-26,188686.06531686356,188686.06531686356,0.0,IEF,0
2016-02-29,188686.06531686356,188686.06531686356,0.0,IEF,0
2016-03-01,188686.06531686356,188686.06531686356,0.0,IEF,0
2016-03-02,188686.06531686356,188686.06531686356,0.0,IEF,0
2016-03-03,188686.06531686356,188686.06531686356,0.0,IEF,0
2016-03-04,188686.06531686356,188686.06531686356,0.0,IEF,0
2016-03-07,188686.06531686356,188686.06531686356,0.0,IEF,0
2016-03-08,188686.06531686356,188686.06531686356,0.0,IEF,0
2016-03-09,188686.06531686356,188686.06531686356,0.0,IEF,0
2016-03-10,188686.06531686356,188686.06531686356,0.0,IEF,0
2016-03-11,188686.06531686356,188686.06531686356,0.0,IEF,0
2016-03-14,188686.06531686356,188686.06531686356,0.0,IEF,0
2016-03-15,188686.06531686356,188686.06531686356,0.0,IEF,0
2016-03-16,188686.06531686356,188686.06531686356,0.0,IEF,0
2016-03-17,188686.06531686356,188686.06531686356,0.0,IEF,0
2016-03-18,188403.8300906978,247.0126468501403,188156.81744384766,XLY,2667
2016-03-21,188500.13525884965,247.0126468501403,188253.1226119995,XLY,2667
2016-03-22,188186.965420898,247.0126468501403,187939.95277404785,XLY,2667
2016-03-23,186861.74689215043,247.0126468501403,186614.7342453003,XLY,2667
2016-03-24,187102.72346227983,247.0126468501403,186855.7108154297,XLY,2667
2016-03-28,187945.9888507686,247.0126468501403,187698.97620391846,XLY,2667
2016-03-29,189849.50638311723,247.0126468501403,189602.4937362671,XLY,2667
2016-03-30,191054.28749578813,247.0126468501403,190807.274848938,XLY,2667
2016-03-31,190837.42282598832,247.0126468501403,190590.41017913818,XLY,2667
2016-04-01,191632.52545660356,247.0126468501403,191385.51280975342,XLY,2667
2016-04-04,190138.64571112016,247.0126468501403,189891.63306427002,XLY,2667
2016-04-05,188524.3285495601,247.0126468501403,188277.31590270996,XLY,2667
2016-04-06,190307.34762304643,247.0126468501403,190060.3349761963,XLY,2667
2016-04-07,188162.89421575883,247.0126468501403,187915.8815689087,XLY,2667
2016-04-08,187873.67349737504,247.0126468501403,187626.6608505249,XLY,2667
2016-04-11,187174.95742529252,247.0126468501403,186927.94477844238,XLY,2667
2016-04-12,188596.5625125728,247.0126468501403,188349.54986572266,XLY,2667
2016-04-13,191246.9995700679,247.0126468501403,190999.98692321777,XLY,2667
2016-04-14,191246.9995700679,247.0126468501403,190999.98692321777,XLY,2667
2016-04-15,191777.09512060502,247.0126468501403,191530.08247375488,XLY,2667
2016-04-18,193584.20574682573,247.0126468501403,193337.1930999756,XLY,2667
2016-04-19,192524.05534094194,247.0126468501403,192277.0426940918,XLY,2667
2016-04-20,192765.03191107133,247.0126468501403,192518.0192642212,XLY,2667
2016-04-21,192090.36669653276,247.0126468501403,191843.35404968262,XLY,2667
2016-04-22,191704.80011480668,247.0126468501403,191457.78746795654,XLY,2667
2016-04-25,191921.6647846065,247.0126468501403,191674.65213775635,XLY,2667
2016-04-26,192379.5060245357,247.0126468501403,192132.49337768555,XLY,2667
2016-04-27,192186.71255987504,247.0126468501403,191939.6999130249,XLY,2667
2016-04-28,190114.574505981,247.0126468501403,189867.56185913086,XLY,2667
2016-04-29,191078.3587009273,247.0126468501403,190831.34605407715,XLY,2667
2016-05-02,193752.86696356157,247.0126468501403,193505.85431671143,XLY,2667
2016-05-03,191969.86823767045,247.0126468501403,191722.8555908203,XLY,2667
2016-05-04,191102.47060125688,247.0126468501403,190855.45795440674,XLY,2667
2016-05-05,189873.61828344682,247.0126468501403,189626.60563659668,XLY,2667
2016-05-06,190698.85086999848,215.88276086762198,190482.96810913086,XLP,4612
2016-05-09,191736.40308557465,215.88276086762198,191520.52032470703,XLP,4612
2016-05-10,193632.67077051118,215.88276086762198,193416.78800964355,XLP,4612
2016-05-11,192094.18213830903,215.88276086762198,191878.2993774414,XLP,4612
2016-05-12,193131.76954065278,215.88276086762198,192915.88677978516,XLP,4612
2016-05-13,190698.85086999848,215.88276086762198,190482.96810913086,XLP,4612
2016-05-16,191915.3453920932,215.88276086762198,191699.4626312256,XLP,4612
2016-05-17,188158.6301516147,215.88276086762198,187942.74739074707,XLP,4612
2016-05-18,185976.1708925815,215.88276086762198,185760.28813171387,XLP,4612
2016-05-19,187800.83350549653,215.88276086762198,187584.9507446289,XLP,4612
2016-05-20,186834.83358179047,215.88276086762198,186618.95082092285,XLP,4612
2016-05-23,187013.63514123872,215.88276086762198,186797.7523803711,XLP,4612
2016-05-24,188587.99668298676,215.88276086762198,188372.11392211914,XLP,4612
2016-05-25,188874.17066369965,215.88276086762198,188658.28790283203,XLP,4612
2016-05-26,189625.51371179536,215.88276086762198,189409.63095092773,XLP,4612
2016-05-27,189840.22336755708,215.88276086762198,189624.34060668945,XLP,4612
2016-05-31,188623.69365869477,215.88276086762198,188407.81089782715,XLP,4612
2016-06-01,190555.71109949067,215.88276086762198,190339.82833862305,XLP,4612
2016-06-02,190627.28098474458,215.88276086762198,190411.39822387695,XLP,4612
2016-06-03,191843.7579134555,215.88276086762198,191627.8751525879,XLP,4612
2016-06-06,192058.43238244965,215.88276086762198,191842.54962158203,XLP,4612
2016-06-07,191843.7579134555,215.88276086762198,191627.8751525879,XLP,4612
2016-06-08,192988.61217676118,215.88276086762198,192772.72941589355,XLP,4612
2016-06-09,193739.95522485688,215.88276086762198,193524.07246398926,XLP,4612
2016-06-10,193883.18296228364,215.88276086762198,193667.30020141602,XLP,4612
2016-06-13,192273.14203821137,215.88276086762198,192057.25927734375,XLP,4612
2016-06-14,193024.41471277192,215.88276086762198,192808.5319519043,XLP,4612
2016-06-15,192451.99637781098,215.88276086762198,192236.11361694336,XLP,4612
2016-06-16,193453.79883752778,215.88276086762198,193237.91607666016,XLP,4612
2016-06-17,192672.72297082856,215.88276086762198,192456.84020996094,XLP,4612
2016-06-20,193284.62085901215,215.88276086762198,193068.73809814453,XLP,4612
2016-06-21,193788.53055749848,215.88276086762198,193572.64779663086,XLP,4612
2016-06-22,193896.51874719575,215.88276086762198,193680.63598632812,XLP,4612
2016-06-23,195084.26568017915,215.88276086762198,194868.38291931152,XLP,4612
2016-06-24,190768.4730698886,226.15007184172282,190542.32299804688,XLU,5080
2016-06-27,193111.95405743743,226.15007184172282,192885.8039855957,XLU,5080
2016-06-28,193830.16603253508,226.15007184172282,193604.01596069336,XLU,5080
2016-06-29,194359.33915875579,226.15007184172282,194133.18908691406,XLU,5080
2016-06-30,198554.91639874602,226.15007184172282,198328.7663269043,XLU,5080
2016-07-01,198592.7241685214,226.15007184172282,198366.5740966797,XLU,5080
2016-07-05,200066.89775250579,226.15007184172282,199840.74768066406,XLU,5080
2016-07-06,200482.70570538664,226.15007184172282,200256.55563354492,XLU,5080
2016-07-07,196778.41630719329,226.15007184172282,196552.26623535156,XLU,5080
2016-07-08,198819.53202984954,226.15007184172282,198593.3819580078,XLU,5080
2016-07-11,198668.3397080722,226.15007184172282,198442.18963623047,XLU,5080
2016-07-12,195946.8585374179,226.15007184172282,195720.70846557617,XLU,5080
2016-07-13,197496.58952496672,226.15007184172282,197270.439453125,XLU,5080
2016-07-14,196211.39665387297,226.15007184172282,195985.24658203125,XLU,5080
2016-07-15,196778.41630719329,226.15007184172282,196552.26623535156,XLU,5080
2016-07-18,197345.4165818515,226.15007184172282,197119.26651000977,XLU,5080
2016-07-19,197005.2241685214,226.15007184172282,196779.0740966797,XLU,5080
2016-07-20,195871.26237652922,226.15007184172282,195645.1123046875,XLU,5080
2016-07-21,197043.0125596347,226.15007184172282,196816.86248779297,XLU,5080
2016-07-22,199651.0510423007,226.15007184172282,199424.90097045898,XLU,5080
2016-07-25,199310.87800763274,226.15007184172282,199084.72793579102,XLU,5080
2016-07-26,197572.2050645175,226.15007184172282,197346.05499267578,XLU,5080
2016-07-27,195304.2427232089,226.15007184172282,195078.0926513672,XLU,5080
2016-07-28,196060.24308941985,226.15007184172282,195834.09301757812,XLU,5080
2016-07-29,197232.01265118743,226.15007184172282,197005.8625793457,XLU,5080
2016-08-01,197345.4165818515,226.15007184172282,197119.26651000977,XLU,5080
2016-08-02,196060.24308941985,226.15007184172282,195834.09301757812,XLU,5080
2016-08-03,194888.5122849765,226.15007184172282,194662.36221313477,XLU,5080
2016-08-04,194775.08897565032,226.15007184172282,194548.9389038086,XLU,5080
2016-08-05,191977.97288678313,226.15007184172282,191751.8228149414,XLU,5080
2016-08-08,191902.43486188079,226.15007184172282,191676.28479003906,XLU,5080
2016-08-09,191864.60771344329,226.15007184172282,191638.45764160156,XLU,5080
2016-08-10,191902.43486188079,226.15007184172282,191676.28479003906,XLU,5080
2016-08-11,192355.9924485507,226.15007184172282,192129.84237670898,XLU,5080
2016-08-12,192620.60807965422,226.15007184172282,192394.4580078125,XLU,5080
2016-08-15,189672.2996690097,226.15007184172282,189446.14959716797,XLU,5080
2016-08-16,187442.22261212493,226.15007184172282,187216.0725402832,XLU,5080
2016-08-17,190239.24180768157,226.15007184172282,190013.09173583984,XLU,5080
2016-08-18,192582.70341656829,226.15007184172282,192356.55334472656,XLU,5080
2016-08-19,190239.24180768157,226.15007184172282,190013.09173583984,XLU,5080
2016-08-22,190730.68467877532,226.15007184172282,190504.5346069336,XLU,5080
2016-08-23,189899.0687730136,226.15007184172282,189672.91870117188,XLU,5080
2016-08-24,189823.49199078704,226.15007184172282,189597.3419189453,XLU,5080
2016-08-25,189936.9153001132,226.15007184172282,189710.76522827148,XLU,5080
2016-08-26,186005.83741925383,226.15007184172282,185779.6873474121,XLU,5080
2016-08-29,187517.76063702727,226.15007184172282,187291.61056518555,XLU,5080
2016-08-30,185552.22169659758,226.15007184172282,185326.07162475586,XLU,5080
2016-08-31,186308.22206280852,226.15007184172282,186082.0719909668,XLU,5080
2016-09-01,185363.26036236907,226.15007184172282,185137.11029052734,XLU,5080
2016-09-02,187820.12590191985,226.15007184172282,187593.97583007812,XLU,5080
2016-09-06,189861.28038190032,226.15007184172282,189635.1303100586,XLU,5080
2016-09-07,189899.0687730136,226.15007184172282,189672.91870117188,XLU,5080
2016-09-08,190541.68458722258,226.15007184172282,190315.53451538086,XLU,5080
2016-09-09,183397.7408006015,226.15007184172282,183171.59072875977,XLU,5080
2016-09-12,186648.4338548007,226.15007184172282,186422.28378295898,XLU,5080
2016-09-13,184078.16438458586,226.15007184172282,183852.01431274414,XLU,5080
2016-09-14,184796.3182236972,226.15007184172282,184570.16815185547,XLU,5080
2016-09-15,186194.85688946868,226.15007184172282,185968.70681762695,XLU,5080
2016-09-16,188009.37791608,226.15007184172282,187783.22784423828,XLU,5080
2016-09-19,189877.28715680266,226.15007184172282,189651.13708496094,XLU,5080
2016-09-20,189534.2267014804,226.15007184172282,189308.07662963867,XLU,5080
2016-09-21,193384.41804669524,226.15007184172282,193158.26797485352,XLU,5080
2016-09-22,194566.14824078704,226.15007184172282,194339.9981689453,XLU,5080
2016-09-23,194413.67692731047,226.15007184172282,194187.52685546875,XLU,5080
2016-09-26,193918.14515851164,226.15007184172282,193691.99508666992,XLU,5080
2016-09-27,191402.13594220305,226.15007184172282,191175.98587036133,XLU,5080
2016-09-28,191135.33052228118,226.15007184172282,190909.18045043945,XLU,5080
2016-09-29,188276.2220933261,226.15007184172282,188050.07202148438,XLU,5080
2016-09-30,186980.13841412688,226.15007184172282,186753.98834228516,XLU,5080
2016-10-03,184349.79509137297,226.15007184172282,184123.64501953125,XLU,5080
2016-10-04,180499.58436749602,226.15007184172282,180273.4342956543,XLU,5080
2016-10-05,180118.3867051425,226.15007184172282,179892.23663330078,XLU,5080
2016-10-06,180080.19136212493,226.15007184172282,179854.0412902832,XLU,5080
2016-10-07,179313.41863857413,189.55154644156573,179123.86709213257,XLK,4145
2016-10-10,180554.76505504752,189.55154644156573,180365.21350860596,XLK,4145
2016-10-11,178523.53416668082,189.55154644156573,178333.98262023926,XLK,4145
2016-10-12,178824.41919551993,189.55154644156573,178634.86764907837,XLK,4145
2016-10-13,177695.98570095206,189.55154644156573,177506.4341545105,XLK,4145
2016-10-14,177839.3425561595,195.41466156722163,177643.92789459229,XLE,3714
2016-10-17,176973.9600412059,195.41466156722163,176778.54537963867,XLE,3714
2016-10-18,177686.58549134017,195.41466156722163,177491.17082977295,XLE,3714
2016-10-19,180206.22699372054,195.41466156722163,180010.81233215332,XLE,3714
2016-10-20,180002.63591400863,195.41466156722163,179807.2212524414,XLE,3714
2016-10-21,178831.89511505843,195.41466156722163,178636.4804534912,XLE,3714
2016-10-24,178297.42956940414,195.41466156722163,178102.0149078369,XLE,3714
2016-10-25,177482.99441162826,195.41466156722163,177287.57975006104,XLE,3714
2016-10-26,177890.20490662337,195.41466156722163,177694.79024505615,XLE,3714
2016-10-27,177228.47014252425,195.41466156722163,177033.05548095703,XLE,3714
2016-10-28,176744.9236184764,195.41466156722163,176549.50895690918,XLE,3714
2016-10-31,174836.14036194564,195.41466156722163,174640.72570037842,XLE,3714
2016-11-01,174861.6140405345,195.41466156722163,174666.19937896729,XLE,3714
2016-11-02,172927.38544098617,195.41466156722163,172731.97077941895,XLE,3714
2016-11-03,173614.55138031722,195.41466156722163,173419.13671875,XLE,3714
2016-11-04,172156.20084645797,183.99938466597814,171972.201461792,XLF,10440
2016-11-07,176479.80985524703,183.99938466597814,176295.81047058105,XLF,10440
2016-11-08,176568.0232036357,183.99938466597814,176384.02381896973,XLF,10440
2016-11-09,184068.04952504684,183.99938466597814,183884.05014038086,XLF,10440
2016-11-10,190862.26949574996,183.99938466597814,190678.27011108398,XLF,10440
2016-11-11,191391.66906240035,183.99938466597814,191207.66967773438,XLF,10440
2016-11-14,196068.19120290328,183.99938466597814,195884.1918182373,XLF,10440
2016-11-15,195891.7445934062,183.99938466597814,195707.74520874023,XLF,10440
2016-11-16,193068.12093617965,183.99938466597814,192884.12155151367,XLF,10440
2016-11-17,195715.2581584697,183.99938466597814,195531.2587738037,XLF,10440
2016-11-18,195715.2581584697,183.99938466597814,195531.2587738037,XLF,10440
2016-11-21,196421.1441600566,183.99938466597814,196237.14477539062,XLF,10440
2016-11-22,196509.41724660445,183.99938466597814,196325.41786193848,XLF,10440
2016-11-23,197656.44964101363,183.99938466597814,197472.45025634766,XLF,10440
2016-11-25,197921.10959889938,183.99938466597814,197737.1102142334,XLF,10440
2016-11-28,195627.00498464156,183.99938466597814,195443.0055999756,XLF,10440
2016-11-29,196156.4443767314,183.99938466597814,195972.44499206543,XLF,10440
2016-11-30,198803.52186086227,183.99938466597814,198619.5224761963,XLF,10440
2016-12-01,202244.77834584762,183.99938466597814,202060.77896118164,XLF,10440
2016-12-02,200038.8273418193,183.99938466597814,199854.82795715332,XLF,10440
2016-12-05,202421.24486806442,183.99938466597814,202237.24548339844,XLF,10440
2016-12-06,204186.00965383102,183.99938466597814,204002.01026916504,XLF,10440
2016-12-07,207362.3672282939,183.99938466597814,207178.36784362793,XLF,10440
2016-12-08,209303.5985362773,183.99938466597814,209119.59915161133,XLF,10440
2016-12-09,209744.82457997848,183.99938466597814,209560.8251953125,XLF,10440
2016-12-12,207715.32018544723,183.99938466597814,207531.32080078125,XLF,10440
2016-12-13,208244.79940297653,183.99938466597814,208060.80001831055,XLF,10440
2016-12-14,207274.21361806442,183.99938466597814,207090.21423339844,XLF,10440
2016-12-15,209038.91866567184,183.99938466597814,208854.91928100586,XLF,10440
2016-12-16,207239.58539845992,183.99938466597814,207055.58601379395,XLF,10440
2016-12-19,207328.21691396285,183.99938466597814,207144.21752929688,XLF,10440
2016-12-20,209898.65033986617,183.99938466597814,209714.6509552002,XLF,10440
2016-12-21,209366.92098500778,183.99938466597814,209182.9216003418,XLF,10440
2016-12-22,208835.0522411113,183.99938466597814,208651.0528564453,XLF,10440
2016-12-23,209189.578303123,183.99938466597814,209005.57891845703,XLF,10440
2016-12-27,209455.51267507125,183.99938466597814,209271.51329040527,XLF,10440
2016-12-28,207328.21691396285,183.99938466597814,207144.21752929688,XLF,10440
2016-12-29,205821.40149953414,183.99938466597814,205637.40211486816,XLF,10440
2016-12-30,206264.61881520797,183.99938466597814,206080.619430542,XLF,10440
2017-01-03,208569.09795644332,183.99938466597814,208385.09857177734,XLF,10440
2017-01-04,210253.21622731735,183.99938466597814,210069.21684265137,XLF,10440
2017-01-05,208125.90055348922,183.99938466597814,207941.90116882324,XLF,10440
2017-01-06,208835.0522411113,183.99938466597814,208651.0528564453,XLF,10440
2017-01-09,207416.8683421855,183.99938466597814,207232.86895751953,XLF,10440
2017-01-10,207860.00600698043,183.99938466597814,207676.00662231445,XLF,10440
2017-01-11,209189.578303123,183.99938466597814,209005.57891845703,XLF,10440
2017-01-12,207416.8683421855,183.99938466597814,207232.86895751953,XLF,10440
2017-01-13,207944.93093230392,218.6800778117322,207726.2508544922,VNQ,3534
2017-01-17,209554.21507384445,218.6800778117322,209335.53499603271,VNQ,3534
2017-01-18,209906.20764281417,218.6800778117322,209687.52756500244,VNQ,3534
2017-01-19,207768.97509123947,218.6800778117322,207550.29501342773,VNQ,3534
2017-01-20,209277.68992736007,218.6800778117322,209059.00984954834,VNQ,3534
2017-01-23,211037.84150817062,218.6800778117322,210819.1614303589,VNQ,3534
2017-01-24,211088.0991986003,218.6800778117322,210869.41912078857,VNQ,3534
2017-01-25,209705.10947539474,218.6800778117322,209486.429397583,VNQ,3534
2017-01-26,209302.8457348552,218.6800778117322,209084.16565704346,VNQ,3534
2017-01-27,206645.79523390532,236.4036323428154,206409.3916015625,XLK,4463
2017-01-30,204977.92468184233,236.4036323428154,204741.5210494995,XLK,4463
2017-01-31,203960.85154646635,236.4036323428154,203724.44791412354,XLK,4463
2017-02-01,205506.73801726103,236.4036323428154,205270.3343849182,XLK,4463
2017-02-02,205099.92578810453,236.4036323428154,204863.52215576172,XLK,4463
2017-02-03,205824.6836186347,232.66846284247003,205592.01515579224,XLB,4701
2017-02-06,205271.95602616644,232.66846284247003,205039.28756332397,XLB,4701
2017-02-07,203653.38700684882,232.66846284247003,203420.71854400635,XLB,4701
2017-02-08,204127.1381436286,232.66846284247003,203894.46968078613,XLB,4701
2017-02-09,204048.21548661566,232.66846284247003,203815.5470237732,XLB,4701
2017-02-10,205903.51661118842,232.66846284247003,205670.84814834595,XLB,4701
2017-02-13,207601.00828751898,232.66846284247003,207368.3398246765,XLB,4701
2017-02-14,207561.57385835028,232.66846284247003,207328.9053955078,XLB,4701
2017-02-15,207285.21006211615,232.66846284247003,207052.54159927368,XLB,4701
2017-02-16,207285.21006211615,232.66846284247003,207052.54159927368,XLB,4701
2017-02-17,206074.63584244298,236.3420726065524,205838.29376983643,XLK,4327
2017-02-21,207139.51651108311,236.3420726065524,206903.17443847656,XLK,4327
2017-02-22,207376.2153483634,236.3420726065524,207139.87327575684,XLK,4327
2017-02-23,207336.76554215,236.3420726065524,207100.42346954346,XLK,4327
2017-02-24,207188.221264276,221.975109490857,206966.24615478516,XLV,3204
2017-02-27,208184.53345910023,221.975109490857,207962.55834960938,XLV,3204
2017-02-28,207769.34226647328,221.975109490857,207547.36715698242,XLV,3204
2017-03-01,209845.1271175475,221.975109490857,209623.15200805664,XLV,3204
2017-03-02,209180.94343224476,221.975109490857,208958.9683227539,XLV,3204
2017-03-03,210011.15470543812,221.975109490857,209789.17959594727,XLV,3204
2017-03-06,209208.56580773304,221.975109490857,208986.5906982422,XLV,3204
2017-03-07,207741.76878014515,221.975109490857,207519.7936706543,XLV,3204
2017-03-08,208571.9800533385,221.975109490857,208350.00494384766,XLV,3204
2017-03-09,209706.7707943053,221.975109490857,209484.79568481445,XLV,3204
2017-03-10,210509.40858117054,221.975109490857,210287.4334716797,XLV,3204
2017-03-13,210343.38099327992,221.975109490857,210121.40588378906,XLV,3204
2017-03-14,209568.39002648304,221.975109490857,209346.4149169922,XLV,3204
2017-03-15,212197.600170526,221.975109490857,211975.62506103516,XLV,3204
2017-03-16,210149.58436242054,221.975109490857,209927.6092529297,XLV,3204
2017-03-17,208994.04017296742,221.975109490857,208772.06506347656,XLV,3204
2017-03-20,208688.50736657094,221.975109490857,208466.53225708008,XLV,3204
2017-03-21,207049.6693843932,221.975109490857,206827.69427490234,XLV,3204
2017-03-22,207105.3296932311,221.975109490857,206883.35458374023,XLV,3204
2017-03-23,206466.42170372914,221.975109490857,206244.44659423828,XLV,3204
2017-03-24,206577.47343102406,221.975109490857,206355.4983215332,XLV,3204
2017-03-27,207132.95206871937,221.975109490857,206910.97695922852,XLV,3204
2017-03-28,207271.89506188344,221.975109490857,207049.91995239258,XLV,3204
2017-03-29,207327.457592401,221.975109490857,207105.48248291016,XLV,3204
2017-03-30,207355.25107994984,221.975109490857,207133.27597045898,XLV,3204
2017-03-31,206153.26521153402,227.44027562093106,205925.8249359131,XLU,5257
2017-04-03,206113.15748448324,227.44027562093106,205885.7172088623,XLU,5257
2017-04-04,206755.20197911214,227.44027562093106,206527.7617034912,XLU,5257
2017-04-05,207919.1081642623,227.44027562093106,207691.66788864136,XLU,5257
2017-04-06,207397.3667969222,227.44027562093106,207169.92652130127,XLU,5257
2017-04-07,206514.45534748983,227.44027562093106,206287.0150718689,XLU,5257
2017-04-10,206875.6254295821,227.44027562093106,206648.18515396118,XLU,5257
2017-04-11,206795.43002934408,227.44027562093106,206567.98975372314,XLU,5257
2017-04-12,208320.46618885946,227.44027562093106,208093.02591323853,XLU,5257
2017-04-13,207638.1735901351,227.44027562093106,207410.73331451416,XLU,5257
2017-04-17,208561.25292820882,227.44027562093106,208333.8126525879,XLU,5257
2017-04-18,209042.7862991805,227.44027562093106,208815.34602355957,XLU,5257
2017-04-19,207598.08591694784,227.44027562093106,207370.6456413269,XLU,5257
2017-04-20,206795.43002934408,227.44027562093106,206567.98975372314,XLU,5257
2017-04-21,207216.98857719565,265.7332671370532,206951.2553100586,VNQ,3393
2017-04-24,204931.03921730185,265.7332671370532,204665.3059501648,VNQ,3393
2017-04-25,205782.14967949057,265.7332671370532,205516.41641235352,VNQ,3393
2017-04-26,204250.08095390463,265.7332671370532,203984.34768676758,VNQ,3393
2017-04-27,203715.0839217391,265.7332671370532,203449.35065460205,VNQ,3393
2017-04-28,201599.36442024374,265.7332671370532,201333.6311531067,VNQ,3393
2017-05-01,202791.05108863974,265.7332671370532,202525.3178215027,VNQ,3393
2017-05-02,202450.56548530722,265.7332671370532,202184.83221817017,VNQ,3393
2017-05-03,199751.1693213668,265.7332671370532,199485.43605422974,VNQ,3393
2017-05-04,198778.41802818442,265.7332671370532,198512.68476104736,VNQ,3393
2017-05-05,200050.67102950238,260.8727583231812,199789.7982711792,XLY,2413
2017-05-08,200427.22362654828,260.8727583231812,200166.3508682251,XLY,2413
2017-05-09,201579.47015517377,260.8727583231812,201318.5973968506,XLY,2413
2017-05-10,200892.58475630902,260.8727583231812,200631.71199798584,XLY,2413
2017-05-11,199696.11805861615,260.8727583231812,199435.24530029297,XLY,2413
2017-05-12,198811.5203798289,240.43312244364643,198571.08725738525,XLK,3906
2017-05-15,199919.4700105662,240.43312244364643,199679.03688812256,XLK,3906
2017-05-16,200848.69165210673,240.43312244364643,200608.2585296631,XLK,3906
2017-05-17,195380.50919513652,240.43312244364643,195140.07607269287,XLK,3906
2017-05-18,196524.17462329814,240.43312244364643,196283.7415008545,XLK,3906
2017-05-19,197667.84005145976,240.43312244364643,197427.4069290161,XLK,3906
2017-05-22,199240.43775348613,240.43312244364643,199000.00463104248,XLK,3906
2017-05-23,199597.759630012,240.43312244364643,199357.32650756836,XLK,3906
2017-05-24,200419.83387927958,240.43312244364643,200179.40075683594,XLK,3906
2017-05-25,201849.4193895335,240.43312244364643,201608.98626708984,XLK,3906
2017-05-26,201742.18259601542,240.43312244364643,201501.74947357178,XLK,3906
2017-05-30,202599.97264270732,240.43312244364643,202359.53952026367,XLK,3906
2017-05-31,202278.3218629832,240.43312244364643,202037.88874053955,XLK,3906
2017-06-01,202778.64103107402,240.43312244364643,202538.20790863037,XLK,3906
2017-06-02,204637.1737154002,240.43312244364643,204396.74059295654,XLK,3906
2017-06-05,204815.87190418193,240.43312244364643,204575.43878173828,XLK,3906
2017-06-06,204422.70012836406,240.43312244364643,204182.2670059204,XLK,3906
2017-06-07,205066.01658801982,240.43312244364643,204825.58346557617,XLK,3906
2017-06-08,205530.57525806376,240.43312244364643,205290.14213562012,XLK,3906
2017-06-09,199855.79317080256,233.23912417169777,199622.55404663086,XLU,4872
2017-06-12,199483.81029116389,233.23912417169777,199250.5711669922,XLU,4872
2017-06-13,199967.41591250178,233.23912417169777,199734.17678833008,XLU,4872
2017-06-14,201046.04545962092,233.23912417169777,200812.80633544922,XLU,4872
2017-06-15,202199.0529974627,233.23912417169777,201965.81387329102,XLU,4872
2017-06-16,203125.228107326,233.23912417169777,202891.9889831543,XLU,4872
2017-06-19,202450.23204409357,233.23912417169777,202216.99291992188,XLU,4872
2017-06-20,202562.74687563654,233.23912417169777,202329.50775146484,XLU,4872
2017-06-21,201362.8674505877,233.23912417169777,201129.62832641602,XLU,4872
2017-06-22,200425.52263247248,233.23912417169777,200192.28350830078,XLU,4872
2017-06-23,199152.91588627192,238.3382495531696,198914.57763671875,XLV,2840
2017-06-26,198955.15679203364,238.3382495531696,198716.81854248047,XLV,2840
2017-06-27,197150.7106860766,238.3382495531696,196912.37243652344,XLV,2840
2017-06-28,198188.90801273676,238.3382495531696,197950.5697631836,XLV,2840
2017-06-29,196384.39690433833,238.3382495531696,196146.05865478516,XLV,2840
2017-06-30,196112.51335941645,238.3382495531696,195874.17510986328,XLV,2840
2017-07-03,196458.5430225024,238.3382495531696,196220.20477294922,XLV,2840
2017-07-05,197620.30999027583,238.3382495531696,197381.97174072266,XLV,2840
2017-07-06,195074.3160327563,238.3382495531696,194835.97778320312,XLV,2840
2017-07-07,196063.0465015063,238.3382495531696,195824.70825195312,XLV,2840
2017-07-10,195692.31591068598,238.3382495531696,195453.9776611328,XLV,2840
2017-07-11,195469.76921879145,238.3382495531696,195231.43096923828,XLV,2840
2017-07-12,196804.6593555102,238.3382495531696,196566.32110595703,XLV,2840
2017-07-13,196977.6525195727,238.3382495531696,196739.31427001953,XLV,2840
2017-07-14,198312.5859912524,238.3382495531696,198074.24774169922,XLV,2840
2017-07-17,197595.5657275805,238.3382495531696,197357.22747802734,XLV,2840
2017-07-18,197743.96630131098,238.3382495531696,197505.6280517578,XLV,2840
2017-07-19,199350.7399829516,238.3382495531696,199112.40173339844,XLV,2840
2017-07-20,200660.75585209223,238.3382495531696,200422.41760253906,XLV,2840
2017-07-21,200438.31749760004,238.3382495531696,200199.97924804688,XLV,2840
2017-07-24,200364.19304691645,238.3382495531696,200125.85479736328,XLV,2840
2017-07-25,198930.47753177973,238.3382495531696,198692.13928222656,XLV,2840
2017-07-26,198263.09746586176,238.3382495531696,198024.7592163086,XLV,2840
2017-07-27,196903.50640140864,238.3382495531696,196665.16815185547,XLV,2840
2017-07-28,197892.28020511958,238.3382495531696,197653.9419555664,XLV,2840
2017-07-31,197719.2653735766,238.3382495531696,197480.92712402344,XLV,2840
2017-08-01,197274.25865970942,238.3382495531696,197035.92041015625,XLV,2840
2017-08-02,196829.38195072504,238.3382495531696,196591.04370117188,XLV,2840
2017-08-03,197150.7106860766,238.3382495531696,196912.37243652344,XLV,2840
2017-08-04,196705.7256396899,238.3382495531696,196467.38739013672,XLV,2840
2017-08-07,197126.00975834223,238.3382495531696,196887.67150878906,XLV,2840
2017-08-08,196211.33873783442,238.3382495531696,195973.00048828125,XLV,2840
2017-08-09,196433.86376224848,238.3382495531696,196195.5255126953,XLV,2840
2017-08-10,193986.60851322504,238.3382495531696,193748.27026367188,XLV,2840
2017-08-11,193948.44610416744,200.94427311274922,193747.5018310547,XLF,9160
2017-08-14,196612.14002811763,200.94427311274922,196411.19575500488,XLF,9160
2017-08-15,196768.84023868892,200.94427311274922,196567.89596557617,XLF,9160
2017-08-16,196377.1333905444,200.94427311274922,196176.18911743164,XLF,9160
2017-08-17,193008.3147259936,200.94427311274922,192807.37045288086,XLF,9160
2017-08-18,193086.69103824947,200.94427311274922,192885.74676513672,XLF,9160
2017-08-21,192538.1791516528,200.94427311274922,192337.23487854004,XLF,9160
2017-08-22,194653.5184308276,200.94427311274922,194452.57415771484,XLF,9160
2017-08-23,194026.80494510982,200.94427311274922,193825.86067199707,XLF,9160
2017-08-24,194026.80494510982,200.94427311274922,193825.86067199707,XLF,9160
2017-08-25,194575.12464725826,200.94427311274922,194374.1803741455,XLF,9160
2017-08-28,193321.66273319576,200.94427311274922,193120.718460083,XLF,9160
2017-08-29,192694.91430485103,200.94427311274922,192493.97003173828,XLF,9160
2017-08-30,193478.34547245357,200.94427311274922,193277.40119934082,XLF,9160
2017-08-31,193713.42199528072,200.94427311274922,193512.47772216797,XLF,9160
2017-09-01,194261.75916874263,200.94427311274922,194060.81489562988,XLF,9160
2017-09-05,190109.5093365893,200.94427311274922,189908.56506347656,XLF,9160
2017-09-06,190579.54008304927,200.94427311274922,190378.59580993652,XLF,9160
2017-09-07,187289.0627881274,200.94427311274922,187088.11851501465,XLF,9160
2017-09-08,188447.07868334337,204.39922853989992,188242.67945480347,XLK,3531
2017-09-11,191107.0607885985,204.39922853989992,190902.6615600586,XLK,3531
2017-09-12,191561.21853014512,204.39922853989992,191356.81930160522,XLK,3531
2017-09-13,191301.71136614366,204.39922853989992,191097.31213760376,XLK,3531
2017-09-14,190652.99733492418,204.39922853989992,190448.59810638428,XLK,3531
2017-09-15,191430.98003908677,204.39922853989992,191226.58081054688,XLK,3531
2017-09-18,191593.7478460936,204.39922853989992,191389.3486175537,XLK,3531
2017-09-19,192440.1566061644,204.39922853989992,192235.7573776245,XLK,3531
2017-09-20,191658.9007658629,204.39922853989992,191454.501537323,XLK,3531
2017-09-21,190617.1140646605,204.39922853989992,190412.7148361206,XLK,3531
2017-09-22,190714.79630037828,204.39922853989992,190510.39707183838,XLK,3531
2017-09-25,188468.53590914293,204.39922853989992,188264.13668060303,XLK,3531
2017-09-26,189152.13645311876,204.39922853989992,188947.73722457886,XLK,3531
2017-09-27,191072.87470003648,204.39922853989992,190868.47547149658,XLK,3531
2017-09-28,191300.7954268126,204.39922853989992,191096.3961982727,XLK,3531
2017-09-29,192602.97829195543,204.39922853989992,192398.57906341553,XLK,3531
2017-10-02,192895.95765062852,204.39922853989992,192691.55842208862,XLK,3531
2017-10-03,193351.75869509263,204.39922853989992,193147.35946655273,XLK,3531
2017-10-04,193221.4932646422,204.39922853989992,193017.0940361023,XLK,3531
2017-10-05,195077.1324705748,204.39922853989992,194872.7332420349,XLK,3531
2017-10-06,194785.53160028596,222.12523203034652,194563.40636825562,XLE,4043
2017-10-09,195185.67669229646,222.12523203034652,194963.5514602661,XLE,4043
2017-10-10,195357.178462316,222.12523203034652,195135.05323028564,XLE,4043
2017-10-11,195814.5576432242,222.12523203034652,195592.43241119385,XLE,4043
2017-10-12,195099.9258072867,222.12523203034652,194877.80057525635,XLE,4043
2017-10-13,194402.27183163402,210.80899822947686,194191.46283340454,XLF,8653
2017-10-16,195665.6090394282,210.80899822947686,195454.80004119873,XLF,8653
2017-10-17,194699.5140534663,210.80899822947686,194488.70505523682,XLF,8653
2017-10-18,195739.94435131786,210.80899822947686,195529.13535308838,XLF,8653
2017-10-19,195888.5819665217,210.80899822947686,195677.77296829224,XLF,8653
2017-10-20,197599.32728006504,210.76697733066976,197388.56030273438,XLK,3504
2017-10-23,196662.45533182286,210.76697733066976,196451.6883544922,XLK,3504
2017-10-24,197211.65290262364,210.76697733066976,197000.88592529297,XLK,3504
2017-10-25,196145.59180643223,210.76697733066976,195934.82482910156,XLK,3504
2017-10-26,196953.22113992833,210.76697733066976,196742.45416259766,XLK,3504
2017-10-27,202251.35297586583,210.76697733066976,202040.58599853516,XLK,3504
2017-10-30,202703.62861063145,210.76697733066976,202492.86163330078,XLK,3504
2017-10-31,203575.8859348502,210.76697733066976,203365.11895751953,XLK,3504
2017-11-01,203608.15314676426,210.76697733066976,203397.3861694336,XLK,3504
2017-11-02,203705.1419162955,210.76697733066976,203494.37493896484,XLK,3504
2017-11-03,205320.37384988926,210.76697733066976,205109.6068725586,XLK,3504
2017-11-06,205772.70295145176,210.76697733066976,205561.9359741211,XLK,3504
2017-11-07,205869.6115207877,210.76697733066976,205658.84454345703,XLK,3504
2017-11-08,207000.31397440098,210.76697733066976,206789.5469970703,XLK,3504
2017-11-09,205352.6945286002,210.76697733066976,205141.92755126953,XLK,3504
2017-11-10,205352.6945286002,210.76697733066976,205141.92755126953,XLK,3504
2017-11-13,205288.13337137364,210.76697733066976,205077.36639404297,XLK,3504
2017-11-14,204868.12494852208,210.76697733066976,204657.3579711914,XLK,3504
2017-11-15,203349.7614841666,210.76697733066976,203138.99450683594,XLK,3504
2017-11-16,206192.67127420567,210.76697733066976,205981.904296875,XLK,3504
2017-11-17,204868.12494852208,210.76697733066976,204657.3579711914,XLK,3504
2017-11-20,205643.46033670567,210.76697733066976,205432.693359375,XLK,3504
2017-11-21,207807.98340799473,210.76697733066976,207597.21643066406,XLK,3504
2017-11-22,207420.32239725254,210.76697733066976,207209.55541992188,XLK,3504
2017-11-24,207959.15679709383,232.60699240633403,207726.5498046875,XLP,4703
2017-11-27,208072.86382071444,232.60699240633403,207840.2568283081,XLP,4703
2017-11-28,209779.54560629794,232.60699240633403,209546.9386138916,XLP,4703
2017-11-29,210879.5148445792,232.60699240633403,210646.90785217285,XLP,4703
2017-11-30,212813.7900826163,232.60699240633403,212581.18309020996,XLP,4703
2017-12-01,212706.43670115038,271.22206339403056,212435.21463775635,XLY,2379
2017-12-04,215169.2004722075,271.22206339403056,214897.97840881348,XLY,2379
2017-12-05,213937.79136118456,271.22206339403056,213666.56929779053,XLY,2379
2017-12-06,212552.5400565581,271.22206339403056,212281.31799316406,XLY,2379
2017-12-07,213102.29538950487,271.22206339403056,212831.07332611084,XLY,2379
2017-12-08,213473.1545599112,234.1114690908871,213239.0430908203,XLF,8864
2017-12-11,212940.28798276276,234.1114690908871,212706.17651367188,XLF,8864
2017-12-12,215071.92335873932,234.1114690908871,214837.81188964844,XLF,8864
2017-12-13,212407.37068539948,234.1114690908871,212173.2592163086,XLF,8864
2017-12-14,211037.01192075104,234.1114690908871,210802.90045166016,XLF,8864
2017-12-15,212933.77888852448,234.1114690908871,212699.6674194336,XLF,8864
2017-12-18,214845.86336118073,234.1114690908871,214611.75189208984,XLF,8864
2017-12-19,213928.0641668448,234.1114690908871,213693.9526977539,XLF,8864
2017-12-20,213545.61684018464,234.1114690908871,213311.50537109375,XLF,8864
2017-12-21,215381.24904233307,234.1114690908871,215147.1375732422,XLF,8864
2017-12-22,214769.37727719636,234.1114690908871,214535.26580810547,XLF,8864
2017-12-26,214157.48860532136,234.1114690908871,213923.37713623047,XLF,8864
2017-12-27,214386.99757748932,234.1114690908871,214152.88610839844,XLF,8864
2017-12-28,215228.32759457917,234.1114690908871,214994.21612548828,XLF,8864
2017-12-29,213059.24235407013,258.8544146170025,212800.38793945312,XLE,4138
2018-01-02,216563.76579919952,258.8544146170025,216304.91138458252,XLE,4138
2018-01-03,219803.081808721,258.8544146170025,219544.227394104,XLE,4138
2018-01-04,221128.3297258963,258.8544146170025,220869.4753112793,XLE,4138
2018-01-05,221040.02722040314,258.8544146170025,220781.17280578613,XLE,4138
2018-01-08,222365.22778192657,258.8544146170025,222106.37336730957,XLE,4138
2018-01-09,221805.67339960235,258.8544146170025,221546.81898498535,XLE,4138
2018-01-10,221540.67117181915,258.8544146170025,221281.81675720215,XLE,4138
2018-01-11,226075.84302393097,258.8544146170025,225816.98860931396,XLE,4138
2018-01-12,228255.0869814505,258.8544146170025,227996.2325668335,XLE,4138
2018-01-16,225369.0599199881,258.8544146170025,225110.2055053711,XLE,4138
2018-01-17,227342.18051019806,258.8544146170025,227083.32609558105,XLE,4138
2018-01-18,225486.8807818045,258.8544146170025,225228.0263671875,XLE,4138
2018-01-19,225192.37598291534,258.8544146170025,224933.52156829834,XLE,4138
2018-01-22,230051.46049371856,258.8544146170025,229792.60607910156,XLE,4138
2018-01-23,229698.12419000763,258.8544146170025,229439.26977539062,XLE,4138
2018-01-24,229079.62780634064,258.8544146170025,228820.77339172363,XLE,4138
2018-01-25,227283.19115320343,258.8544146170025,227024.33673858643,XLE,4138
2018-01-26,227836.39536468644,280.71840850968147,227555.67695617676,XLY,2251
2018-01-29,227210.05090515275,280.71840850968147,226929.33249664307,XLY,2251
2018-01-30,226082.7648333754,280.71840850968147,225802.04642486572,XLY,2251
2018-01-31,225352.106912538,280.71840850968147,225071.38850402832,XLY,2251
2018-02-01,222846.81494323869,280.71840850968147,222566.096534729,XLY,2251
2018-02-02,220717.43956176896,280.71840850968147,220436.72115325928,XLY,2251
2018-02-05,213285.32011596818,280.71840850968147,213004.6017074585,XLY,2251
2018-02-06,218734.14424316544,280.71840850968147,218453.42583465576,XLY,2251
2018-02-07,218066.1018771376,280.71840850968147,217785.38346862793,XLY,2251
2018-02-08,209381.3793811049,280.71840850968147,209100.66097259521,XLY,2251
2018-02-09,210780.18271057267,280.71840850968147,210499.464302063,XLY,2251
2018-02-12,213640.2331866469,280.71840850968147,213359.5147781372,XLY,2251
2018-02-13,214746.70465271134,280.71840850968147,214465.98624420166,XLY,2251
2018-02-14,218170.4496859755,280.71840850968147,217889.73127746582,XLY,2251
2018-02-15,220111.97840301652,280.71840850968147,219831.25999450684,XLY,2251
2018-02-16,219047.30788604874,280.71840850968147,218766.58947753906,XLY,2251
2018-02-20,218379.21399871964,280.71840850968147,218098.49559020996,XLY,2251
2018-02-21,218066.1018771376,280.71840850968147,217785.38346862793,XLY,2251
2018-02-22,218337.44739715714,280.71840850968147,218056.72898864746,XLY,2251
2018-02-23,220723.08808177704,231.95425456756493,220491.13382720947,XLK,3489
2018-02-26,224177.77624553436,231.95425456756493,223945.8219909668,XLK,3489
2018-02-27,221917.72027629608,231.95425456756493,221685.76602172852,XLK,3489
2018-02-28,220335.60922664398,231.95425456756493,220103.65497207642,XLK,3489
2018-03-01,216687.06850475067,231.95425456756493,216455.1142501831,XLK,3489
2018-03-02,218753.5247959494,231.95425456756493,218521.57054138184,XLK,3489
2018-03-05,220981.3585171103,231.95425456756493,220749.40426254272,XLK,3489
2018-03-06,221465.63721126312,231.95425456756493,221233.68295669556,XLK,3489
2018-03-07,222692.62474864715,231.95425456756493,222460.6704940796,XLK,3489
2018-03-08,223661.23537486786,231.95425456756493,223429.2811203003,XLK,3489
2018-03-09,227890.82801097626,231.95425456756493,227658.8737564087,XLK,3489
2018-03-12,228601.15489238495,231.95425456756493,228369.20063781738,XLK,3489
2018-03-13,225985.81569713348,231.95425456756493,225753.86144256592,XLK,3489
2018-03-14,225792.10954326385,231.95425456756493,225560.1552886963,XLK,3489
2018-03-15,225921.29134410614,231.95425456756493,225689.33708953857,XLK,3489
2018-03-16,225688.08265727753,231.95425456756493,225456.12840270996,XLK,3489
2018-03-19,221218.49350017303,231.95425456756493,220986.53924560547,XLK,3489
2018-03-20,221121.33430522674,231.95425456756493,220889.38005065918,XLK,3489
2018-03-21,219793.40768092865,231.95425456756493,219561.45342636108,XLK,3489
2018-03-22,214125.4197468161,231.95425456756493,213893.46549224854,XLK,3489
2018-03-23,207801.40552543206,240.47716544670402,207560.92835998535,VNQ,3814
2018-03-26,210162.80786918206,240.47716544670402,209922.33070373535,VNQ,3814
2018-03-27,210963.24970267815,240.47716544670402,210722.77253723145,VNQ,3814
2018-03-28,216252.0640718798,240.47716544670402,216011.5869064331,VNQ,3814
2018-03-29,215994.78958915276,240.47716544670402,215754.31242370605,VNQ,3814
2018-04-02,213078.76963065666,240.47716544670402,212838.29246520996,VNQ,3814
2018-04-03,214879.89469932122,240.47716544670402,214639.4175338745,VNQ,3814
2018-04-04,217138.2301180224,240.47716544670402,216897.75295257568,VNQ,3814
2018-04-05,217052.47680686516,240.47716544670402,216811.99964141846,VNQ,3814
2018-04-06,214778.43784096473,250.28979256385355,214528.14804840088,XLU,5394
2018-04-09,215203.9182334208,250.28979256385355,214953.62844085693,XLU,5394
2018-04-10,213544.54881813758,250.28979256385355,213294.25902557373,XLU,5394
2018-04-11,213246.68373635047,250.28979256385355,212996.39394378662,XLU,5394
2018-04-12,210438.52960732215,250.28979256385355,210188.2398147583,XLU,5394
2018-04-13,211463.28038908713,231.80060698263696,211231.4797821045,XLE,4127
2018-04-16,213622.57809950583,231.80060698263696,213390.7774925232,XLE,4127
2018-04-17,214450.86226393454,231.80060698263696,214219.0616569519,XLE,4127
2018-04-18,217823.00464369528,231.80060698263696,217591.20403671265,XLE,4127
2018-04-19,218089.17586638205,231.80060698263696,217857.3752593994,XLE,4127
2018-04-20,217053.94660689108,231.80060698263696,216822.14599990845,XLE,4127
2018-04-23,218385.03886915915,231.80060698263696,218153.2382621765,XLE,4127
2018-04-24,216048.20446516745,231.80060698263696,215816.4038581848,XLE,4127
2018-04-25,217763.82574583762,231.80060698263696,217532.02513885498,XLE,4127
2018-04-26,220928.88134123557,231.80060698263696,220697.08073425293,XLE,4127
2018-04-27,218592.10991026633,231.80060698263696,218360.3093032837,XLE,4127
2018-04-30,218562.44961668723,231.80060698263696,218330.6490097046,XLE,4127
2018-05-01,217231.3888409304,231.80060698263696,216999.58823394775,XLE,4127
2018-05-02,218118.80467344992,231.80060698263696,217887.00406646729,XLE,4127
2018-05-03,217615.9336025881,231.80060698263696,217384.13299560547,XLE,4127
2018-05-04,218680.82315565817,231.80060698263696,218449.02254867554,XLE,4127
2018-05-07,218976.6231854128,231.80060698263696,218744.82257843018,XLE,4127
2018-05-08,220692.29169584982,231.80060698263696,220460.4910888672,XLE,4127
2018-05-09,225188.45529677146,231.80060698263696,224956.65468978882,XLE,4127
2018-05-10,226874.52648665183,231.80060698263696,226642.7258796692,XLE,4127
2018-05-11,227199.86086394064,231.80060698263696,226968.060256958,XLE,4127
2018-05-14,228767.66871763938,231.80060698263696,228535.86811065674,XLE,4127
2018-05-15,228826.8161289858,231.80060698263696,228595.01552200317,XLE,4127
2018-05-16,229625.43999983542,231.80060698263696,229393.63939285278,XLE,4127
2018-05-17,233086.31136824362,231.80060698263696,232854.510761261,XLE,4127
2018-05-18,231281.9768421816,231.80060698263696,231050.17623519897,XLE,4127
2018-05-21,233648.28262068503,231.80060698263696,233416.4820137024,XLE,4127
2018-05-22,230542.43740965598,231.80060698263696,230310.63680267334,XLE,4127
2018-05-23,230512.88731886618,231.80060698263696,230281.08671188354,XLE,4127
2018-05-24,226726.63434340231,231.80060698263696,226494.83373641968,XLE,4127
2018-05-25,220840.16809584372,231.80060698263696,220608.36748886108,XLE,4127
2018-05-29,220159.8547909426,231.80060698263696,219928.05418395996,XLE,4127
2018-05-30,226815.30035902731,231.80060698263696,226583.49975204468,XLE,4127
2018-05-31,225099.69482161276,231.80060698263696,224867.89421463013,XLE,4127
2018-06-01,225487.89556928197,273.8495487741602,225214.0460205078,XLI,3403
2018-06-04,225158.66092725316,273.8495487741602,224884.811378479,XLI,3403
2018-06-05,225428.07720990697,273.8495487741602,225154.2276611328,XLI,3403
2018-06-06,227313.21230359594,273.8495487741602,227039.36275482178,XLI,3403
2018-06-07,228270.8772358469,273.8495487741602,227997.02768707275,XLI,3403
2018-06-08,228333.74126510564,259.56689529362484,228074.174369812,VNQ,3794
2018-06-11,227992.52672653142,259.56689529362484,227732.9598312378,VNQ,3794
2018-06-12,229357.51513748112,259.56689529362484,229097.9482421875,VNQ,3794
2018-06-13,224892.7078483576,259.56689529362484,224633.14095306396,VNQ,3794
2018-06-14,227025.57370071355,259.56689529362484,226766.00680541992,VNQ,3794
2018-06-15,226204.53959303227,260.5409358057077,225943.99865722656,XLY,2161
2018-06-18,225821.6261942896,260.5409358057077,225561.0852584839,XLY,2161
2018-06-19,225539.4820826563,260.5409358057077,225278.9411468506,XLY,2161
2018-06-20,226607.6002543482,260.5409358057077,226347.05931854248,XLY,2161
2018-06-21,224995.32463484135,260.5409358057077,224734.78369903564,XLY,2161
2018-06-22,224612.3947489771,260.5409358057077,224351.8538131714,XLY,2161
2018-06-25,219735.1744425806,260.5409358057077,219474.6335067749,XLY,2161
2018-06-26,221307.2049983057,260.5409358057077,221046.6640625,XLY,2161
2018-06-27,218445.33745985356,260.5409358057077,218184.79652404785,XLY,2161
2018-06-28,220158.41534071293,260.5409358057077,219897.87440490723,XLY,2161
2018-06-29,219881.45244614352,255.6863023446931,219625.76614379883,XLU,5311
2018-07-02,221445.45264069308,255.6863023446931,221189.7663383484,XLU,5311
2018-07-03,222079.44435135592,255.6863023446931,221823.75804901123,XLU,5311
2018-07-05,223262.96442810763,255.6863023446931,223007.27812576294,XLU,5311
2018-07-06,224996.0128709482,255.6863023446931,224740.32656860352,XLU,5311
2018-07-09,218063.9203988718,255.6863023446931,217808.2340965271,XLU,5311
2018-07-10,220135.1463777231,255.6863023446931,219879.46007537842,XLU,5311
2018-07-11,222121.66589371432,255.6863023446931,221865.97959136963,XLU,5311
2018-07-12,222290.81544129123,255.6863023446931,222035.12913894653,XLU,5311
2018-07-13,222333.07750336398,255.6863023446931,222077.3912010193,XLU,5311
2018-07-16,222121.66589371432,255.6863023446931,221865.97959136963,XLU,5311
2018-07-17,221952.59738556613,255.6863023446931,221696.91108322144,XLU,5311
2018-07-18,220811.4001504587,255.6863023446931,220555.713848114,XLU,5311
2018-07-19,222840.32354752292,255.6863023446931,222584.63724517822,XLU,5311
2018-07-20,220614.29548469675,256.0477277387399,220358.247756958,XLV,2875
2018-07-23,221071.45452705515,256.0477277387399,220815.4067993164,XLV,2875
2018-07-24,223078.00150123728,256.0477277387399,222821.95377349854,XLV,2875
2018-07-25,225922.5783368696,256.0477277387399,225666.53060913086,XLV,2875
2018-07-26,225287.6620313276,256.0477277387399,225031.61430358887,XLV,2875
2018-07-27,222992.84818798958,233.9888129895844,222758.859375,XLK,3328
2018-07-30,219520.57865673958,233.9888129895844,219286.58984375,XLK,3328
2018-07-31,220109.61576611458,233.9888129895844,219875.626953125,XLK,3328
2018-08-01,222093.84232861458,233.9888129895844,221859.853515625,XLK,3328
2018-08-02,224883.99271923958,233.9888129895844,224650.00390625,XLK,3328
2018-08-03,225014.94869485602,272.58608499274123,224742.36260986328,XLI,3356
2018-08-06,225340.8651682447,272.58608499274123,225068.27908325195,XLI,3356
2018-08-07,226940.8746286939,272.58608499274123,226668.28854370117,XLI,3356
2018-08-08,225933.44988504157,272.58608499274123,225660.86380004883,XLI,3356
2018-08-09,224688.9554087232,272.58608499274123,224416.36932373047,XLI,3356
2018-08-10,222037.42658213936,249.22379283272312,221788.20278930664,XLV,2801
2018-08-13,222111.66573314034,249.22379283272312,221862.44194030762,XLV,2801
2018-08-14,223150.94973735177,249.22379283272312,222901.72594451904,XLV,2801
2018-08-15,222779.75398234688,249.22379283272312,222530.53018951416,XLV,2801
2018-08-16,224957.3075254377,249.22379283272312,224708.08373260498,XLV,2801
2018-08-17,225650.12078837716,249.22379283272312,225400.89699554443,XLV,2801
2018-08-20,226392.533668321,249.22379283272312,226143.30987548828,XLV,2801
2018-08-21,226392.533668321,249.22379283272312,226143.30987548828,XLV,2801
2018-08-22,226615.25112132393,249.22379283272312,226366.0273284912,XLV,2801
2018-08-23,226540.9692304548,249.22379283272312,226291.74543762207,XLV,2801
2018-08-24,227629.7673719343,249.22379283272312,227380.54357910156,XLV,2801
2018-08-27,228446.35529307686,249.22379283272312,228197.13150024414,XLV,2801
2018-08-28,228570.08721141182,249.22379283272312,228320.8634185791,XLV,2801
2018-08-29,230054.78475169503,249.22379283272312,229805.5609588623,XLV,2801
2018-08-30,229881.60280589425,249.22379283272312,229632.37901306152,XLV,2801
2018-08-31,229832.02455882393,249.22379283272312,229582.8007659912,XLV,2801
2018-09-04,228000.920387071,249.22379283272312,227751.69659423828,XLV,2801
2018-09-05,228916.49384288155,249.22379283272312,228667.27005004883,XLV,2801
2018-09-06,228916.49384288155,249.22379283272312,228667.27005004883,XLV,2801
2018-09-07,228576.9479074453,274.6880655263667,228302.25984191895,XLY,2118
2018-09-10,229426.3649301504,274.6880655263667,229151.67686462402,XLY,2118
2018-09-11,231263.40739536035,274.6880655263667,230988.71932983398,XLY,2118
2018-09-12,231697.94061374414,274.6880655263667,231423.25254821777,XLY,2118
2018-09-13,232093.02957248437,274.6880655263667,231818.341506958,XLY,2118
2018-09-14,231223.8661813711,274.6880655263667,230949.17811584473,XLY,2118
2018-09-17,228359.73785495508,274.6880655263667,228085.0497894287,XLY,2118
2018-09-18,231263.40739536035,274.6880655263667,230988.71932983398,XLY,2118
2018-09-19,231362.1715555166,274.6880655263667,231087.48348999023,XLY,2118
2018-09-20,232942.38195895898,274.6880655263667,232667.69389343262,XLY,2118
2018-09-21,231220.208023229,275.50732437646366,230944.70069885254,XLI,3254
2018-09-24,227265.24450699365,275.50732437646366,226989.7371826172,XLI,3254
2018-09-25,226572.34945694482,275.50732437646366,226296.84213256836,XLI,3254
2018-09-26,226428.01080338037,275.50732437646366,226152.5034790039,XLI,3254
2018-09-27,226745.63528458154,275.50732437646366,226470.12796020508,XLI,3254
2018-09-28,225923.22384109438,250.06415405214648,225673.15968704224,XLE,4101
2018-10-01,229051.75694503725,250.06415405214648,228801.6927909851,XLE,4101
2018-10-02,229290.1726249689,250.06415405214648,229040.10847091675,XLE,4101
2018-10-03,231137.4561103815,250.06415405214648,230887.39195632935,XLE,4101
2018-10-04,230183.99676361025,250.06415405214648,229933.9326095581,XLE,4101
2018-10-05,230154.1791595453,250.06415405214648,229904.11500549316,XLE,4101
2018-10-08,229975.50819625796,250.06415405214648,229725.4440422058,XLE,4101
2018-10-09,232031.3428253168,250.06415405214648,231781.27867126465,XLE,4101
2018-10-10,224761.13513030947,250.06415405214648,224511.07097625732,XLE,4101
2018-10-11,217163.32489242495,250.06415405214648,216913.2607383728,XLE,4101
2018-10-12,217759.22329559267,250.06415405214648,217509.15914154053,XLE,4101
2018-10-15,215941.6479057306,250.06415405214648,215691.58375167847,XLE,4101
2018-10-16,217729.39004745425,250.06415405214648,217479.3258934021,XLE,4101
2018-10-17,216358.79712524355,250.06415405214648,216108.7329711914,XLE,4101
2018-10-18,215286.08300628603,250.06415405214648,215036.0188522339,XLE,4101
2018-10-19,212740.78801194704,254.44642488038517,212486.34158706665,XLU,4849
2018-10-22,211377.9871277002,254.44642488038517,211123.54070281982,XLU,4849
2018-10-23,210209.835089126,254.44642488038517,209955.3886642456,XLU,4849
2018-10-24,215310.78908769166,254.44642488038517,215056.34266281128,XLU,4849
2018-10-25,211962.0076545862,254.44642488038517,211707.5612297058,XLU,4849
2018-10-26,208068.17985765016,254.44642488038517,207813.73343276978,XLU,4849
2018-10-29,210988.5969490198,254.44642488038517,210734.1505241394,XLU,4849
2018-10-30,211806.29597703493,254.44642488038517,211551.84955215454,XLU,4849
2018-10-31,209314.20623246706,254.44642488038517,209059.75980758667,XLU,4849
2018-11-01,208379.71419755495,254.44642488038517,208125.26777267456,XLU,4849
2018-11-02,206591.63195707832,237.32012846504222,206354.31182861328,XLP,4516
2018-11-05,209175.22552397285,237.32012846504222,208937.9053955078,XLP,4516
2018-11-06,210448.33082487618,237.32012846504222,210211.01069641113,XLP,4516
2018-11-07,211646.54960539375,237.32012846504222,211409.2294769287,XLP,4516
2018-11-08,211758.8879995588,237.32012846504222,211521.56787109375,XLP,4516
2018-11-09,212994.52419950996,237.32012846504222,212757.20407104492,XLP,4516
2018-11-12,211871.17471220528,237.32012846504222,211633.85458374023,XLP,4516
2018-11-13,211384.42094328438,237.32012846504222,211147.10081481934,XLP,4516
2018-11-14,209961.54260160957,237.32012846504222,209724.22247314453,XLP,4516
2018-11-15,209624.56187346016,237.32012846504222,209387.24174499512,XLP,4516
2018-11-16,209833.90034507882,209833.90034507882,0.0,AGG,0
2018-11-19,209833.90034507882,209833.90034507882,0.0,AGG,0
2018-11-20,209833.90034507882,209833.90034507882,0.0,AGG,0
2018-11-21,209833.90034507882,209833.90034507882,0.0,AGG,0
2018-11-23,209833.90034507882,209833.90034507882,0.0,TLT,0
2018-11-26,209833.90034507882,209833.90034507882,0.0,TLT,0
2018-11-27,209833.90034507882,209833.90034507882,0.0,TLT,0
2018-11-28,209833.90034507882,209833.90034507882,0.0,TLT,0
2018-11-29,209833.90034507882,209833.90034507882,0.0,TLT,0
2018-11-30,209833.90034507882,209833.90034507882,0.0,TLT,0
2018-12-03,209833.90034507882,209833.90034507882,0.0,TLT,0
2018-12-04,209833.90034507882,209833.90034507882,0.0,TLT,0
2018-12-06,209833.90034507882,209833.90034507882,0.0,TLT,0
2018-12-07,209833.90034507882,209833.90034507882,0.0,TLT,0
2018-12-10,209833.90034507882,209833.90034507882,0.0,TLT,0
2018-12-11,209833.90034507882,209833.90034507882,0.0,TLT,0
2018-12-12,209833.90034507882,209833.90034507882,0.0,TLT,0
2018-12-13,209833.90034507882,209833.90034507882,0.0,TLT,0
2018-12-14,209833.90034507882,209833.90034507882,0.0,TLT,0
2018-12-17,209833.90034507882,209833.90034507882,0.0,TLT,0
2018-12-18,209833.90034507882,209833.90034507882,0.0,TLT,0
2018-12-19,209833.90034507882,209833.90034507882,0.0,TLT,0
2018-12-20,209833.90034507882,209833.90034507882,0.0,TLT,0
2018-12-21,209833.90034507882,209833.90034507882,0.0,TLT,0
2018-12-24,209833.90034507882,209833.90034507882,0.0,TLT,0
2018-12-26,209833.90034507882,209833.90034507882,0.0,TLT,0
2018-12-27,209833.90034507882,209833.90034507882,0.0,TLT,0
2018-12-28,209833.90034507882,209833.90034507882,0.0,TLT,0
2018-12-31,209833.90034507882,209833.90034507882,0.0,TLT,0
2019-01-02,209833.90034507882,209833.90034507882,0.0,TLT,0
2019-01-03,209833.90034507882,209833.90034507882,0.0,TLT,0
2019-01-04,209833.90034507882,209833.90034507882,0.0,TLT,0
2019-01-07,209833.90034507882,209833.90034507882,0.0,TLT,0
2019-01-08,209833.90034507882,209833.90034507882,0.0,TLT,0
2019-01-09,209833.90034507882,209833.90034507882,0.0,TLT,0
2019-01-10,209833.90034507882,209833.90034507882,0.0,TLT,0
2019-01-11,209833.90034507882,209833.90034507882,0.0,GLD,0
2019-01-14,209833.90034507882,209833.90034507882,0.0,GLD,0
2019-01-15,209833.90034507882,209833.90034507882,0.0,GLD,0
2019-01-16,209833.90034507882,209833.90034507882,0.0,GLD,0
2019-01-17,209833.90034507882,209833.90034507882,0.0,GLD,0
2019-01-18,209833.90034507882,209833.90034507882,0.0,GLD,0
2019-01-22,209833.90034507882,209833.90034507882,0.0,GLD,0
2019-01-23,209833.90034507882,209833.90034507882,0.0,GLD,0
2019-01-24,209833.90034507882,209833.90034507882,0.0,GLD,0
2019-01-25,209833.90034507882,209833.90034507882,0.0,GLD,0
2019-01-28,209833.90034507882,209833.90034507882,0.0,GLD,0
2019-01-29,209833.90034507882,209833.90034507882,0.0,GLD,0
2019-01-30,209833.90034507882,209833.90034507882,0.0,GLD,0
2019-01-31,209833.90034507882,209833.90034507882,0.0,GLD,0
2019-02-01,209833.90034507882,209833.90034507882,0.0,GLD,0
2019-02-04,209833.90034507882,209833.90034507882,0.0,GLD,0
2019-02-05,209833.90034507882,209833.90034507882,0.0,GLD,0
2019-02-06,209833.90034507882,209833.90034507882,0.0,GLD,0
2019-02-07,209833.90034507882,209833.90034507882,0.0,GLD,0
2019-02-08,209519.97025030266,233.2403995336208,209286.72985076904,VNQ,3205
2019-02-11,210092.1764041723,233.2403995336208,209858.93600463867,VNQ,3205
2019-02-12,208773.63991277825,233.2403995336208,208540.39951324463,VNQ,3205
2019-02-13,209843.44852941643,233.2403995336208,209610.2081298828,VNQ,3205
2019-02-14,210515.1507236303,233.2403995336208,210281.91032409668,VNQ,3205
2019-02-15,211299.1271577352,229.8968415730924,211069.2303161621,XLI,3124
2019-02-19,211215.44518141684,229.8968415730924,210985.54833984375,XLI,3124
2019-02-20,212219.34288649497,229.8968415730924,211989.44604492188,XLI,3124
2019-02-21,211354.82774977622,229.8968415730924,211124.93090820312,XLI,3124
2019-02-22,212749.1539521688,229.8968415730924,212519.2571105957,XLI,3124
2019-02-25,213585.75920729575,229.8968415730924,213355.86236572266,XLI,3124
2019-02-26,213000.15221266684,229.8968415730924,212770.25537109375,XLI,3124
2019-02-27,213836.7813020223,229.8968415730924,213606.88446044922,XLI,3124
2019-02-28,213111.64873366294,229.8968415730924,212881.75189208984,XLI,3124
2019-03-01,213306.89873366294,229.8968415730924,213077.00189208984,XLI,3124
2019-03-04,212358.74928908286,229.8968415730924,212128.85244750977,XLI,3124
2019-03-05,210992.3806367391,229.8968415730924,210762.48379516602,XLI,3124
2019-03-06,209012.3997712606,229.8968415730924,208782.5029296875,XLI,3124
2019-03-07,207757.57530836997,229.8968415730924,207527.67846679688,XLI,3124
2019-03-08,206718.80715614828,208.29836708577932,206510.5087890625,XLK,3151
2019-03-11,211155.9590421346,208.29836708577932,210947.66067504883,XLK,3151
2019-03-12,212398.4538846639,208.29836708577932,212190.15551757812,XLK,3151
2019-03-13,213788.77205330404,208.29836708577932,213580.47368621826,XLK,3151
2019-03-14,214232.55455452474,208.29836708577932,214024.25618743896,XLK,3151
2019-03-15,216174.60338628135,263.064018605568,215911.53936767578,XLU,4548
2019-03-18,215358.26944768272,263.064018605568,215095.20542907715,XLU,4548
2019-03-19,212909.4237750753,263.064018605568,212646.35975646973,XLU,4548
2019-03-20,213465.93544804893,263.064018605568,213202.87142944336,XLU,4548
2019-03-21,215729.33506047569,263.064018605568,215466.27104187012,XLU,4548
2019-03-22,216637.64930342996,286.18208693826455,216351.4672164917,XLK,3133
2019-03-25,215693.38941573465,286.18208693826455,215407.2073287964,XLK,3133
2019-03-26,216873.66646956766,286.18208693826455,216587.4843826294,XLK,3133
2019-03-27,215634.3731727537,286.18208693826455,215348.19108581543,XLK,3133
2019-03-28,216519.64072036112,286.18208693826455,216233.45863342285,XLK,3133
2019-03-29,218644.15375899637,286.18208693826455,218357.9716720581,XLK,3133
2019-04-01,221624.46207808817,286.18208693826455,221338.2799911499,XLK,3133
2019-04-02,222391.6015281614,286.18208693826455,222105.41944122314,XLK,3133
2019-04-03,224191.58498763407,286.18208693826455,223905.4029006958,XLK,3133
2019-04-04,223247.39680861795,286.18208693826455,222961.2147216797,XLK,3133
2019-04-05,224309.68918227518,286.18208693826455,224023.5070953369,XLK,3133
2019-04-08,225165.41275405252,286.18208693826455,224879.23066711426,XLK,3133
2019-04-09,224103.0486717161,286.18208693826455,223816.86658477783,XLK,3133
2019-04-10,225667.01496505106,286.18208693826455,225380.8328781128,XLK,3133
2019-04-11,225371.95765303934,286.18208693826455,225085.77556610107,XLK,3133
2019-04-12,226256.84593573128,267.4708289197588,225989.37510681152,XLY,2027
2019-04-15,226715.20663061654,267.4708289197588,226447.73580169678,XLY,2027
2019-04-16,227708.40137091195,267.4708289197588,227440.9305419922,XLY,2027
2019-04-17,228147.7094534925,267.4708289197588,227880.23862457275,XLY,2027
2019-04-18,228071.29796209847,267.4708289197588,227803.8271331787,XLY,2027
2019-04-22,227211.84266272103,267.4708289197588,226944.37183380127,XLY,2027
2019-04-23,229923.99439611947,267.4708289197588,229656.5235671997,XLY,2027
2019-04-24,230134.03707495247,267.4708289197588,229866.56624603271,XLY,2027
2019-04-25,228930.76872625863,267.4708289197588,228663.29789733887,XLY,2027
2019-04-26,230054.82675146233,239.0260617650638,229815.80068969727,XLK,3106
2019-04-29,230113.33439611565,239.0260617650638,229874.3083343506,XLK,3106
2019-04-30,230493.62223791252,239.0260617650638,230254.59617614746,XLK,3106
2019-05-01,229908.59318517815,239.0260617650638,229669.5671234131,XLK,3106
2019-05-02,228709.15092443596,239.0260617650638,228470.1248626709,XLK,3106
2019-05-03,230182.9932728418,253.99542051635217,229928.99785232544,XLF,9271
2019-05-06,228626.67450910888,253.99542051635217,228372.67908859253,XLF,9271
2019-05-07,224858.65087133728,253.99542051635217,224604.65545082092,XLF,9271
2019-05-08,224367.16875845275,253.99542051635217,224113.1733379364,XLF,9271
2019-05-09,223875.7043285974,253.99542051635217,223621.70890808105,XLF,9271
2019-05-10,225350.15066725097,253.99542051635217,225096.15524673462,XLF,9271
2019-05-13,218797.17371565185,253.99542051635217,218543.1782951355,XLF,9271
2019-05-14,220517.30806166015,253.99542051635217,220263.3126411438,XLF,9271
2019-05-15,219698.17710119567,253.99542051635217,219444.18168067932,XLF,9271
2019-05-16,221909.84660917602,253.99542051635217,221655.85118865967,XLF,9271
2019-05-17,219775.78826031814,239.39498028883827,219536.3932800293,VNQ,3196
2019-05-20,216602.41619000564,239.39498028883827,216363.0212097168,VNQ,3196
2019-05-21,218451.44478497634,239.39498028883827,218212.0498046875,VNQ,3196
2019-05-22,219101.1443394197,239.39498028883827,218861.74935913086,VNQ,3196
2019-05-23,219600.88509259353,239.39498028883827,219361.4901123047,VNQ,3196
2019-05-24,219616.43355574354,255.595756671275,219360.83779907227,XLU,4494
2019-05-28,216023.3627473329,255.595756671275,215767.76699066162,XLU,4494
2019-05-29,213163.560150287,255.595756671275,212907.96439361572,XLU,4494
2019-05-30,212833.58688368544,255.595756671275,212577.99112701416,XLU,4494
2019-05-31,213823.4895402406,255.595756671275,213567.89378356934,XLU,4494
2019-06-03,215950.04106917128,255.595756671275,215694.4453125,XLU,4494
2019-06-04,216133.31954970106,255.595756671275,215877.72379302979,XLU,4494
2019-06-05,220753.04814162,255.595756671275,220497.45238494873,XLU,4494
2019-06-06,222109.5763322328,255.595756671275,221853.98057556152,XLU,4494
2019-06-07,220459.7271424745,255.595756671275,220204.13138580322,XLU,4494
2019-06-10,218956.50416578993,255.595756671275,218700.90840911865,XLU,4494
2019-06-11,217636.59395613417,255.595756671275,217380.9981994629,XLU,4494
2019-06-12,220459.7271424745,255.595756671275,220204.13138580322,XLU,4494
2019-06-13,220899.69149794325,255.595756671275,220644.09574127197,XLU,4494
2019-06-14,222541.62101819547,239.96565320523223,222301.65536499023,XLB,4386
2019-06-17,220505.69410779508,239.96565320523223,220265.72845458984,XLB,4386
2019-06-18,222234.30119397672,239.96565320523223,221994.33554077148,XLB,4386
2019-06-19,221005.02189710172,239.96565320523223,220765.05624389648,XLB,4386
2019-06-20,223809.2985618356,239.96565320523223,223569.33290863037,XLB,4386
2019-06-21,223098.18645551236,239.96565320523223,222858.22080230713,XLB,4386
2019-06-24,223948.36881330045,239.96565320523223,223708.40316009521,XLB,4386
2019-06-25,224064.26626660855,239.96565320523223,223824.30061340332,XLB,4386
2019-06-26,223677.924690986,239.96565320523223,223437.95903778076,XLB,4386
2019-06-27,224412.09247663053,239.96565320523223,224172.1268234253,XLB,4386
2019-06-28,225628.5287141107,289.1117142938019,225339.4169998169,XLK,3055
2019-07-01,229209.02637951597,289.1117142938019,228919.91466522217,XLK,3055
2019-07-02,229815.35549633726,289.1117142938019,229526.24378204346,XLK,3055
2019-07-03,231576.7958878778,289.1117142938019,231287.68417358398,XLK,3055
2019-07-05,231143.59711163267,289.1117142938019,230854.48539733887,XLK,3055
2019-07-08,229382.2499512933,289.1117142938019,229093.1382369995,XLK,3055
2019-07-09,230190.7509278558,289.1117142938019,229901.639213562,XLK,3055
2019-07-10,232009.90143292173,289.1117142938019,231720.78971862793,XLK,3055
2019-07-11,232876.11252300962,289.1117142938019,232587.00080871582,XLK,3055
2019-07-12,234579.7495698236,289.1117142938019,234290.63785552979,XLK,3055
2019-07-15,235359.3721818231,289.1117142938019,235070.2604675293,XLK,3055
2019-07-16,233164.84955303892,289.1117142938019,232875.73783874512,XLK,3055
2019-07-17,232558.54374401792,289.1117142938019,232269.43202972412,XLK,3055
2019-07-18,234290.9426163934,289.1117142938019,234001.8309020996,XLK,3055
2019-07-19,232582.549137935,302.4906281083531,232280.05850982666,XLY,2011
2019-07-22,232715.69319616255,302.4906281083531,232413.2025680542,XLY,2011
2019-07-23,234293.84459386763,302.4906281083531,233991.35396575928,XLY,2011
2019-07-24,235472.76327215132,302.4906281083531,235170.27264404297,XLY,2011
2019-07-25,234160.7158783525,302.4906281083531,233858.22525024414,XLY,2011
2019-07-26,234521.76830305418,259.5943833764468,234262.17391967773,XLK,3001
2019-07-29,234379.95163740477,259.5943833764468,234120.35725402832,XLK,3001
2019-07-30,232876.6583482202,259.5943833764468,232617.06396484375,XLK,3001
2019-07-31,229359.4493485864,259.5943833764468,229099.85496520996,XLK,3001
2019-08-01,228196.47942365965,259.5943833764468,227936.8850402832,XLK,3001
2019-08-02,224480.78662123045,259.5943833764468,224221.192237854,XLK,3001
2019-08-05,215120.5203553613,259.5943833764468,214860.92597198486,XLK,3001
2019-08-06,218694.41938795408,259.5943833764468,218434.82500457764,XLK,3001
2019-08-07,220055.91890730223,259.5943833764468,219796.32452392578,XLK,3001
2019-08-08,225445.15826429686,259.5943833764468,225185.5638809204,XLK,3001
2019-08-09,222225.45010697492,277.64279496320523,221947.80731201172,VNQ,3095
2019-08-12,221639.09268509992,277.64279496320523,221361.44989013672,VNQ,3095
2019-08-13,221956.73443925031,277.64279496320523,221679.0916442871,VNQ,3095
2019-08-14,218585.39178025373,277.64279496320523,218307.74898529053,VNQ,3095
2019-08-15,220759.65100419172,277.64279496320523,220482.00820922852,VNQ,3095
2019-08-16,223031.69156205305,277.64279496320523,222754.04876708984,VNQ,3095
2019-08-19,224644.03279435285,277.64279496320523,224366.38999938965,VNQ,3095
2019-08-20,223056.1073793138,277.64279496320523,222778.4645843506,VNQ,3095
2019-08-21,223984.42792069563,277.64279496320523,223706.78512573242,VNQ,3095
2019-08-22,225010.48257004865,277.64279496320523,224732.83977508545,VNQ,3095
2019-08-23,221859.00033127912,277.64279496320523,221581.35753631592,VNQ,3095
2019-08-26,223569.14651047834,277.64279496320523,223291.50371551514,VNQ,3095
2019-08-27,222933.93384110578,277.64279496320523,222656.29104614258,VNQ,3095
2019-08-28,223666.85700547346,277.64279496320523,223389.21421051025,VNQ,3095
2019-08-29,225401.39538895735,277.64279496320523,225123.75259399414,VNQ,3095
2019-08-30,224897.48027232298,261.0968342126289,224636.38343811035,XLU,4365
2019-09-03,228881.8682041467,261.0968342126289,228620.77136993408,XLU,4365
2019-09-04,229097.2508755029,261.0968342126289,228836.15404129028,XLU,4365
2019-09-05,226620.4417362512,261.0968342126289,226359.34490203857,XLU,4365
2019-09-06,225723.04446604857,261.0968342126289,225461.94763183594,XLU,4365
2019-09-09,224610.26452448973,261.0968342126289,224349.1676902771,XLU,4365
2019-09-10,224897.48027232298,261.0968342126289,224636.38343811035,XLU,4365
2019-09-11,227122.99020197996,261.0968342126289,226861.89336776733,XLU,4365
2019-09-12,227625.52201655516,261.0968342126289,227364.42518234253,XLU,4365
2019-09-13,225512.9129713567,276.9618605168653,225235.95111083984,XLI,3148
2019-09-16,225314.19354997,276.9618605168653,225037.23168945312,XLI,3148
2019-09-17,225200.63959489187,276.9618605168653,224923.677734375,XLI,3148
2019-09-18,224860.07379899343,276.9618605168653,224583.11193847656,XLI,3148
2019-09-19,223724.63031754812,276.9618605168653,223447.66845703125,XLI,3148
2019-09-20,221646.9346366094,255.24762489064597,221391.68701171875,XLE,4800
2019-09-23,221719.24298621877,255.24762489064597,221463.99536132812,XLE,4800
2019-09-24,218214.78741981252,255.24762489064597,217959.53979492188,XLE,4800
2019-09-25,218576.09113075002,255.24762489064597,218320.84350585938,XLE,4800
2019-09-26,215721.97125770315,255.24762489064597,215466.7236328125,XLE,4800
2019-09-27,215685.88116981252,255.24762489064597,215430.63354492188,XLE,4800
2019-09-30,214132.32282020315,255.24762489064597,213877.0751953125,XLE,4800
2019-10-01,209182.85382606252,255.24762489064597,208927.60620117188,XLE,4800
2019-10-02,204052.67804481252,255.24762489064597,203797.43041992188,XLE,4800
2019-10-03,206256.4805350469,255.24762489064597,206001.23291015625,XLE,4800
2019-10-04,206936.06668082555,229.89856711705215,206706.1681137085,XLU,3851
2019-10-07,206138.18703070958,229.89856711705215,205908.28846359253,XLU,3851
2019-10-08,204223.39633170445,229.89856711705215,203993.4977645874,XLU,3851
2019-10-09,205212.72126380284,229.89856711705215,204982.8226966858,XLU,3851
2019-10-10,204989.32436362584,229.89856711705215,204759.4257965088,XLU,3851
2019-10-11,204223.39633170445,229.89856711705215,203993.4977645874,XLU,3851
2019-10-14,202914.878406442,229.89856711705215,202684.97983932495,XLU,3851
2019-10-15,202276.6246337064,229.89856711705215,202046.72606658936,XLU,3851
2019-10-16,202723.43312445958,229.89856711705215,202493.53455734253,XLU,3851
2019-10-17,203234.04201880773,229.89856711705215,203004.14345169067,XLU,3851
2019-10-18,203904.21802893956,229.89856711705215,203674.3194618225,XLU,3851
2019-10-21,204702.03891745885,229.89856711705215,204472.1403503418,XLU,3851
2019-10-22,205563.74835196813,229.89856711705215,205333.84978485107,XLU,3851
2019-10-23,206393.520858682,229.89856711705215,206163.62229156494,XLU,3851
2019-10-24,207095.63379660924,229.89856711705215,206865.7352294922,XLU,3851
2019-10-25,204989.32436362584,229.89856711705215,204759.4257965088,XLU,3851
2019-10-28,202180.88730231603,229.89856711705215,201950.98873519897,XLU,3851
2019-10-29,202372.3619650968,229.89856711705215,202142.46339797974,XLU,3851
2019-10-30,204159.5812377103,229.89856711705215,203929.68267059326,XLU,3851
2019-10-31,205276.50697699864,229.89856711705215,205046.6084098816,XLU,3851
2019-11-01,204765.86870185216,229.89856711705215,204535.9701347351,XLU,3851
2019-11-04,202148.93568412145,229.89856711705215,201919.0371170044,XLU,3851
2019-11-05,200074.57786933263,229.89856711705215,199844.67930221558,XLU,3851
2019-11-06,200840.50590125402,229.89856711705215,200610.60733413696,XLU,3851
2019-11-07,198127.7914809354,229.89856711705215,197897.89291381836,XLU,3851
2019-11-08,197298.06304541905,229.89856711705215,197068.164478302,XLU,3851
2019-11-11,196085.38528434117,229.89856711705215,195855.48671722412,XLU,3851
2019-11-12,196564.0572508939,229.89856711705215,196334.15868377686,XLU,3851
2019-11-13,199468.20226279576,229.89856711705215,199238.3036956787,XLU,3851
2019-11-14,200170.30051032384,229.89856711705215,199940.4019432068,XLU,3851
2019-11-15,200808.58366385777,229.89856711705215,200578.68509674072,XLU,3851
2019-11-18,201223.45522681554,229.89856711705215,200993.5566596985,XLU,3851
2019-11-19,200712.83164206822,229.89856711705215,200482.93307495117,XLU,3851
2019-11-20,201925.58285514195,229.89856711705215,201695.6842880249,XLU,3851
2019-11-21,201223.45522681554,229.89856711705215,200993.5566596985,XLU,3851
2019-11-22,201287.3143920072,229.89856711705215,201057.41582489014,XLU,3851
2019-11-25,200617.0649298795,229.89856711705215,200387.16636276245,XLU,3851
2019-11-26,201287.3143920072,229.89856711705215,201057.41582489014,XLU,3851
2019-11-27,201638.34148017247,229.89856711705215,201408.44291305542,XLU,3851
2019-11-29,201446.8668173917,229.89856711705215,201216.96825027466,XLU,3851
2019-12-02,200138.36358252843,229.89856711705215,199908.46501541138,XLU,3851
2019-12-03,200680.93878547032,229.89856711705215,200451.04021835327,XLU,3851
2019-12-04,202212.82423011144,229.89856711705215,201982.92566299438,XLU,3851
2019-12-05,202563.85131827672,229.89856711705215,202333.95275115967,XLU,3851
2019-12-06,201957.49040213902,229.89856711705215,201727.59183502197,XLU,3851
2019-12-09,201255.39215461095,229.89856711705215,201025.4935874939,XLU,3851
2019-12-10,201223.45522681554,229.89856711705215,200993.5566596985,XLU,3851
2019-12-11,201766.0010489591,229.89856711705215,201536.10248184204,XLU,3851
2019-12-12,200904.306304849,229.89856711705215,200674.40773773193,XLU,3851
2019-12-13,202468.11398688634,229.89856711705215,202238.2154197693,XLU,3851
2019-12-16,204989.32436362584,229.89856711705215,204759.4257965088,XLU,3851
2019-12-17,205659.47099295934,229.89856711705215,205429.57242584229,XLU,3851
2019-12-18,206489.2434996732,229.89856711705215,206259.34493255615,XLU,3851
2019-12-19,206553.08797446568,229.89856711705215,206323.18940734863,XLU,3851
2019-12-20,207971.4607047208,229.89856711705215,207741.56213760376,XLU,3851
2019-12-23,206041.65641776402,229.89856711705215,205811.75785064697,XLU,3851
2019-12-24,206331.13073340734,229.89856711705215,206101.23216629028,XLU,3851
2019-12-26,206684.96368781407,229.89856711705215,206455.06512069702,XLU,3851
2019-12-27,207296.02553168614,229.89856711705215,207066.1269645691,XLU,3851
2019-12-30,207263.86824790318,229.89856711705215,207033.96968078613,XLU,3851
2019-12-31,208067.94724646886,229.89856711705215,207838.0486793518,XLU,3851
2020-01-02,205462.76654807408,229.89856711705215,205232.86798095703,XLU,3851
2020-01-03,205264.88574740538,259.6895498956146,205005.19619750977,XLK,2334
2020-01-06,205753.36755892882,259.6895498956146,205493.6780090332,XLK,2334
2020-01-07,205664.47498080382,259.6895498956146,205404.7854309082,XLK,2334
2020-01-08,207862.4472555841,259.6895498956146,207602.75770568848,XLK,2334
2020-01-09,210215.78566500792,259.6895498956146,209956.0961151123,XLK,2334
2020-01-10,209727.357274505,259.6895498956146,209467.66772460938,XLK,2334
2020-01-13,212347.0706991876,259.6895498956146,212087.381149292,XLK,2334
2020-01-14,211348.02638766417,259.6895498956146,211088.33683776855,XLK,2334
2020-01-15,211592.19606539854,259.6895498956146,211332.50651550293,XLK,2334
2020-01-16,214433.99847933897,259.6895498956146,214174.30892944336,XLK,2334
2020-01-17,215877.02489230284,259.6895498956146,215617.33534240723,XLK,2334
2020-01-21,215788.23915621886,259.6895498956146,215528.54960632324,XLK,2334
2020-01-22,216565.26570651183,259.6895498956146,216305.5761566162,XLK,2334
2020-01-23,217586.5331625665,259.6895498956146,217326.8436126709,XLK,2334
2020-01-24,216565.26570651183,259.6895498956146,216305.5761566162,XLK,2334
2020-01-27,211414.62459323058,259.6895498956146,211154.93504333496,XLK,2334
2020-01-28,215455.21251437315,259.6895498956146,215195.52296447754,XLK,2334
2020-01-29,216010.25691744933,259.6895498956146,215750.5673675537,XLK,2334
2020-01-30,217875.13132235655,259.6895498956146,217615.44177246094,XLK,2334
2020-01-31,211903.0529837335,259.6895498956146,211643.3634338379,XLK,2334
2020-02-03,214700.37349459776,259.6895498956146,214440.68394470215,XLK,2334
2020-02-04,220317.2732748712,259.6895498956146,220057.5837249756,XLK,2334
2020-02-05,221604.89793917784,259.6895498956146,221345.20838928223,XLK,2334
2020-02-06,223625.20970675597,259.6895498956146,223365.52015686035,XLK,2334
2020-02-07,221582.7816366876,259.6895498956146,221323.092086792,XLK,2334
2020-02-10,224579.84334323058,259.6895498956146,224320.15379333496,XLK,2334
2020-02-11,223825.02213046202,259.6895498956146,223565.3325805664,XLK,2334
2020-02-12,226244.9765524591,259.6895498956146,225985.28700256348,XLK,2334
2020-02-13,225645.55708834776,259.6895498956146,225385.86753845215,XLK,2334
2020-02-14,226622.3960623468,259.6895498956146,226362.70651245117,XLK,2334
2020-02-18,225778.75349948058,259.6895498956146,225519.06394958496,XLK,2334
2020-02-19,228465.0651297296,259.6895498956146,228205.37557983398,XLK,2334
2020-02-20,226089.55699679503,259.6895498956146,225829.8674468994,XLK,2334
2020-02-21,221027.7194266046,259.6895498956146,220768.02987670898,XLK,2334
2020-02-24,211903.0529837335,259.6895498956146,211643.3634338379,XLK,2334
2020-02-25,205131.68933627257,259.6895498956146,204871.99978637695,XLK,2334
2020-02-26,206064.1354422296,259.6895498956146,205804.44589233398,XLK,2334
2020-02-27,194963.55009982237,259.6895498956146,194703.86054992676,XLK,2334
2020-02-28,196450.98718783507,259.6895498956146,196191.29763793945,XLK,2334
2020-03-02,207795.813436004,259.6895498956146,207536.1238861084,XLK,2334
2020-03-03,199914.3965964044,259.6895498956146,199654.7070465088,XLK,2334
2020-03-04,208484.03644320616,259.6895498956146,208224.34689331055,XLK,2334
2020-03-05,201912.52083346495,259.6895498956146,201652.83128356934,XLK,2334
2020-03-06,197649.95076510558,259.6895498956146,197390.26121520996,XLK,2334
2020-03-09,182664.1258291925,259.6895498956146,182404.43627929688,XLK,2334
2020-03-10,194830.35368868956,259.6895498956146,194570.66413879395,XLK,2334
2020-03-11,185639.1068472589,259.6895498956146,185379.41729736328,XLK,2334
2020-03-12,167545.1579031671,259.6895498956146,167285.46835327148,XLK,2334
2020-03-13,186890.64105361875,186890.64105361875,0.0,GLD,0
2020-03-16,186890.64105361875,186890.64105361875,0.0,GLD,0
2020-03-17,186890.64105361875,186890.64105361875,0.0,GLD,0
2020-03-18,186890.64105361875,186890.64105361875,0.0,GLD,0
2020-03-19,186890.64105361875,186890.64105361875,0.0,GLD,0
2020-03-20,186890.64105361875,186890.64105361875,0.0,GLD,0
2020-03-23,186890.64105361875,186890.64105361875,0.0,GLD,0
2020-03-24,186890.64105361875,186890.64105361875,0.0,GLD,0
2020-03-25,186890.64105361875,186890.64105361875,0.0,GLD,0
2020-03-26,186890.64105361875,186890.64105361875,0.0,GLD,0
2020-03-27,186890.64105361875,186890.64105361875,0.0,GLD,0
2020-03-30,186890.64105361875,186890.64105361875,0.0,GLD,0
2020-03-31,186890.64105361875,186890.64105361875,0.0,GLD,0
2020-04-01,186890.64105361875,186890.64105361875,0.0,GLD,0
2020-04-02,186890.64105361875,186890.64105361875,0.0,GLD,0
2020-04-03,186890.64105361875,186890.64105361875,0.0,GLD,0
2020-04-06,186890.64105361875,186890.64105361875,0.0,GLD,0
2020-04-07,186890.64105361875,186890.64105361875,0.0,GLD,0
2020-04-08,186890.64105361875,186890.64105361875,0.0,GLD,0
2020-04-09,186890.64105361875,186890.64105361875,0.0,GLD,0
2020-04-13,186890.64105361875,186890.64105361875,0.0,GLD,0
2020-04-14,186890.64105361875,186890.64105361875,0.0,GLD,0
2020-04-15,186890.64105361875,186890.64105361875,0.0,GLD,0
2020-04-16,186890.64105361875,186890.64105361875,0.0,GLD,0
2020-04-17,186890.64105361875,186890.64105361875,0.0,GLD,0
2020-04-20,186890.64105361875,186890.64105361875,0.0,GLD,0
2020-04-21,186890.64105361875,186890.64105361875,0.0,GLD,0
2020-04-22,186890.64105361875,186890.64105361875,0.0,GLD,0
2020-04-23,186890.64105361875,186890.64105361875,0.0,GLD,0
2020-04-24,186890.64105361875,186890.64105361875,0.0,GLD,0
2020-04-27,186890.64105361875,186890.64105361875,0.0,GLD,0
2020-04-28,186890.64105361875,186890.64105361875,0.0,GLD,0
2020-04-29,186890.64105361875,186890.64105361875,0.0,GLD,0
2020-04-30,186890.64105361875,186890.64105361875,0.0,GLD,0
2020-05-01,186890.64105361875,186890.64105361875,0.0,GLD,0
2020-05-04,186890.64105361875,186890.64105361875,0.0,GLD,0
2020-05-05,186890.64105361875,186890.64105361875,0.0,GLD,0
2020-05-06,186890.64105361875,186890.64105361875,0.0,GLD,0
2020-05-07,186890.64105361875,186890.64105361875,0.0,GLD,0
2020-05-08,186890.64105361875,186890.64105361875,0.0,TLT,0
2020-05-11,186890.64105361875,186890.64105361875,0.0,TLT,0
2020-05-12,186890.64105361875,186890.64105361875,0.0,TLT,0
2020-05-13,186890.64105361875,186890.64105361875,0.0,TLT,0
2020-05-14,186890.64105361875,186890.64105361875,0.0,TLT,0
2020-05-15,186611.12570419247,267.55942001278163,186343.5662841797,XLK,2085
2020-05-18,191176.5172447198,267.55942001278163,190908.95782470703,XLK,2085
2020-05-19,190478.75998153622,267.55942001278163,190211.20056152344,XLK,2085
2020-05-20,194645.4035438531,267.55942001278163,194377.84412384033,XLK,2085
2020-05-21,191934.070001983,267.55942001278163,191666.51058197021,XLK,2085
2020-05-22,192631.8431724542,267.55942001278163,192364.2837524414,XLK,2085
2020-05-26,192432.47713699276,267.55942001278163,192164.91771697998,XLK,2085
2020-05-27,193528.9664710992,267.55942001278163,193261.40705108643,XLK,2085
2020-05-28,193150.16623153622,267.55942001278163,192882.60681152344,XLK,2085
2020-05-29,195582.35869064266,267.55942001278163,195314.79927062988,XLK,2085
2020-06-01,195522.57910385067,267.55942001278163,195255.0196838379,XLK,2085
2020-06-02,197356.70527114804,267.55942001278163,197089.14585113525,XLK,2085
2020-06-03,198891.79033889706,267.55942001278163,198624.23091888428,XLK,2085
2020-06-04,197257.01429977352,267.55942001278163,196989.45487976074,XLK,2085
2020-06-05,202440.435778045,267.55942001278163,202172.87635803223,XLK,2085
2020-06-08,203457.1659721368,267.55942001278163,203189.60655212402,XLK,2085
2020-06-09,204414.1483940118,267.55942001278163,204146.58897399902,XLK,2085
2020-06-10,207823.20738449032,267.55942001278163,207555.64796447754,XLK,2085
2020-06-11,195921.29526748593,267.55942001278163,195653.73584747314,XLK,2085
2020-06-12,198453.17869796688,267.55942001278163,198185.6192779541,XLK,2085
2020-06-15,200367.0799125665,267.55942001278163,200099.5204925537,XLK,2085
2020-06-16,204633.4144462579,267.55942001278163,204365.85502624512,XLK,2085
2020-06-17,204593.56669082577,267.55942001278163,204326.007270813,XLK,2085
2020-06-18,205510.57409896786,267.55942001278163,205243.01467895508,XLK,2085
2020-06-19,204095.159555816,267.55942001278163,203827.60013580322,XLK,2085
2020-06-22,207935.4332984918,267.55942001278163,207667.873878479,XLK,2085
2020-06-23,209434.79059829647,267.55942001278163,209167.2311782837,XLK,2085
2020-06-24,204716.8640769952,267.55942001278163,204449.30465698242,XLK,2085
2020-06-25,207335.69674148495,267.55942001278163,207068.13732147217,XLK,2085
2020-06-26,203257.51360549862,267.55942001278163,202989.95418548584,XLK,2085
2020-06-29,205476.54841079647,267.55942001278163,205208.9889907837,XLK,2085
2020-06-30,209154.9177803033,267.55942001278163,208887.35836029053,XLK,2085
2020-07-01,209494.77697982723,267.55942001278163,209227.21755981445,XLK,2085
2020-07-02,210714.19783248837,267.55942001278163,210446.6384124756,XLK,2085
2020-07-06,214392.5512947076,267.55942001278163,214124.99187469482,XLK,2085
2020-07-07,212153.5687507623,267.55942001278163,211886.0093307495,XLK,2085
2020-07-08,215612.05168380673,267.55942001278163,215344.49226379395,XLK,2085
2020-07-09,216391.68375625546,267.55942001278163,216124.12433624268,XLK,2085
2020-07-10,216331.7132820123,267.55942001278163,216064.1538619995,XLK,2085
2020-07-13,211853.70047225888,267.55942001278163,211586.1410522461,XLK,2085
2020-07-14,214292.60580673153,267.55942001278163,214025.04638671875,XLK,2085
2020-07-15,215452.1039070123,267.55942001278163,215184.5444869995,XLK,2085
2020-07-16,212793.24850692684,267.55942001278163,212525.68908691406,XLK,2085
2020-07-17,213832.82156600888,267.55942001278163,213565.2621459961,XLK,2085
2020-07-20,219290.42105331356,267.55942001278163,219022.86163330078,XLK,2085
2020-07-21,217091.38170852597,267.55942001278163,216823.82228851318,XLK,2085
2020-07-22,218830.6049980157,267.55942001278163,218563.04557800293,XLK,2085
2020-07-23,213153.10316696102,267.55942001278163,212885.54374694824,XLK,2085
2020-07-24,210574.2455162042,267.55942001278163,210306.6860961914,XLK,2085
2020-07-27,213892.80794753964,267.55942001278163,213625.24852752686,XLK,2085
2020-07-28,211393.91623153622,267.55942001278163,211126.35681152344,XLK,2085
2020-07-29,214452.53767623837,267.55942001278163,214184.9782562256,XLK,2085
2020-07-30,215651.97897567684,267.55942001278163,215384.41955566406,XLK,2085
2020-07-31,221029.6125282281,267.55942001278163,220762.05310821533,XLK,2085
2020-08-03,226467.23246231014,267.55942001278163,226199.67304229736,XLK,2085
2020-08-04,227046.95765151913,267.55942001278163,226779.39823150635,XLK,2085
2020-08-05,227886.59201278622,267.55942001278163,227619.03259277344,XLK,2085
2020-08-06,231085.16577377255,267.55942001278163,230817.60635375977,XLK,2085
2020-08-07,227646.71011581356,267.55942001278163,227379.15069580078,XLK,2085
2020-08-10,227006.95082321102,267.55942001278163,226739.39140319824,XLK,2085
2020-08-11,222928.7676872247,267.55942001278163,222661.2082672119,XLK,2085
2020-08-12,227986.5215934747,267.55942001278163,227718.9621734619,XLK,2085
2020-08-13,228086.51480331356,267.55942001278163,227818.95538330078,XLK,2085
2020-08-14,227926.55111923153,267.55942001278163,227658.99169921875,XLK,2085
2020-08-17,229445.90387954647,267.55942001278163,229178.3444595337,XLK,2085
2020-08-18,230305.50188674862,267.55942001278163,230037.94246673584,XLK,2085
2020-08-19,230025.62906875546,267.55942001278163,229758.06964874268,XLK,2085
2020-08-20,233084.2982353204,267.55942001278163,232816.73881530762,XLK,2085
2020-08-21,236042.95828475888,267.55942001278163,235775.3988647461,XLK,2085
2020-08-24,238082.08166732723,267.55942001278163,237814.52224731445,XLK,2085
2020-08-25,239281.5388740533,267.55942001278163,239013.97945404053,XLK,2085
2020-08-26,244139.38589706356,267.55942001278163,243871.82647705078,XLK,2085
2020-08-27,244339.3086875909,267.55942001278163,244071.74926757812,XLK,2085
2020-08-28,246478.32983627255,267.55942001278163,246210.77041625977,XLK,2085
2020-08-31,247257.94600143368,267.55942001278163,246990.3865814209,XLK,2085
2020-09-01,251975.88843002255,267.55942001278163,251708.32901000977,XLK,2085
2020-09-02,254214.93460311825,267.55942001278163,253947.37518310547,XLK,2085
2020-09-03,239741.29130020077,267.55942001278163,239473.731880188,XLK,2085
2020-09-04,236402.82885208065,267.55942001278163,236135.26943206787,XLK,2085
2020-09-08,225727.52768173153,267.55942001278163,225459.96826171875,XLK,2085
2020-09-09,233084.2982353204,267.55942001278163,232816.73881530762,XLK,2085
2020-09-10,227826.60563125546,267.55942001278163,227559.04621124268,XLK,2085
2020-09-11,226087.3664344781,267.55942001278163,225819.80701446533,XLK,2085
2020-09-14,230825.28841628964,267.55942001278163,230557.72899627686,XLK,2085
2020-09-15,233104.26188125546,267.55942001278163,232836.70246124268,XLK,2085
2020-09-16,229505.85844650204,267.55942001278163,229238.29902648926,XLK,2085
2020-09-17,227606.70328750546,267.55942001278163,227339.14386749268,XLK,2085
2020-09-18,223688.46792831356,267.55942001278163,223420.90850830078,XLK,2085
2020-09-21,225545.70738449032,267.55942001278163,225278.14796447754,XLK,2085
2020-09-22,229112.02582015927,267.55942001278163,228844.46640014648,XLK,2085
2020-09-23,221979.42076339657,267.55942001278163,221711.8613433838,XLK,2085
2020-09-24,223221.60494460995,267.55942001278163,222954.04552459717,XLK,2085
2020-09-25,228551.07123031552,267.55942001278163,228283.51181030273,XLK,2085
2020-09-28,232918.79881515438,267.55942001278163,232651.2393951416,XLK,2085
2020-09-29,232137.38512649472,267.55942001278163,231869.82570648193,XLK,2085
2020-09-30,234080.82617416317,267.55942001278163,233813.2667541504,XLK,2085
2020-10-01,236545.18316879208,267.55942001278163,236277.6237487793,XLK,2085
2020-10-02,230554.59410324032,267.55942001278163,230287.03468322754,XLK,2085
2020-10-05,235603.48765029843,267.55942001278163,235335.92823028564,XLK,2085
2020-10-06,231957.06011428768,267.55942001278163,231689.5006942749,XLK,2085
2020-10-07,236204.56041946347,267.55942001278163,235937.00099945068,XLK,2085
2020-10-08,237426.7173255914,267.55942001278163,237159.1579055786,XLK,2085
2020-10-09,241053.14940109188,267.55942001278163,240785.5899810791,XLK,2085
2020-10-12,247624.73623886044,267.55942001278163,247357.17681884766,XLK,2085
2020-10-13,246041.92930831845,267.55942001278163,245774.36988830566,XLK,2085
2020-10-14,244739.64739456112,267.55942001278163,244472.08797454834,XLK,2085
2020-10-15,243637.71776809628,267.55942001278163,243370.1583480835,XLK,2085
2020-10-16,242936.5245307916,267.55942001278163,242668.9651107788,XLK,2085
2020-10-19,238488.64012374813,267.55942001278163,238221.08070373535,XLK,2085
2020-10-20,239310.0447334283,267.55942001278163,239042.48531341553,XLK,2085
2020-10-21,238949.39470901425,267.55942001278163,238681.83528900146,XLK,2085
2020-10-22,237827.40599288876,267.55942001278163,237559.84657287598,XLK,2085
2020-10-23,237566.98778762753,267.55942001278163,237299.42836761475,XLK,2085
2020-10-26,232417.8942359918,267.55942001278163,232150.334815979,XLK,2085
2020-10-27,233579.92159500057,267.55942001278163,233312.3621749878,XLK,2085
2020-10-28,223682.42315902645,267.55942001278163,223414.86373901367,XLK,2085
2020-10-29,227409.0075172418,267.55942001278163,227141.448097229,XLK,2085
2020-10-30,222380.12533798153,267.55942001278163,222112.56591796875,XLK,2085
2020-11-02,222941.14355697567,267.55942001278163,222673.5841369629,XLK,2085
2020-11-03,226868.0642951959,267.55942001278163,226600.5048751831,XLK,2085
2020-11-04,235683.6603797906,267.55942001278163,235416.10095977783,XLK,2085
2020-11-05,242996.59044876034,267.55942001278163,242729.03102874756,XLK,2085
2020-11-06,243858.0973304742,267.55942001278163,243590.53791046143,XLK,2085
2020-11-09,242094.99720230038,267.55942001278163,241827.4377822876,XLK,2085
2020-11-10,237586.99915542538,267.55942001278163,237319.4397354126,XLK,2085
2020-11-11,243216.98591842587,267.55942001278163,242949.4264984131,XLK,2085
2020-11-12,241053.14940109188,267.55942001278163,240785.5899810791,XLK,2085
2020-11-13,243096.74273147518,267.55942001278163,242829.1833114624,XLK,2085
2020-11-16,245440.872446441,267.55942001278163,245173.31302642822,XLK,2085
2020-11-17,244078.50870742733,267.55942001278163,243810.94928741455,XLK,2085
2020-11-18,241473.9130653375,267.55942001278163,241206.3536453247,XLK,2085
2020-11-19,243417.35411300595,267.55942001278163,243149.79469299316,XLK,2085
2020-11-20,240912.87893905575,267.55942001278163,240645.31951904297,XLK,2085
2020-11-23,240852.7971137994,267.55942001278163,240585.23769378662,XLK,2085
2020-11-24,244198.68826522763,267.55942001278163,243931.12884521484,XLK,2085
2020-11-25,244719.60421218807,267.55942001278163,244452.0447921753,XLK,2085
2020-11-27,246021.9656623834,267.55942001278163,245754.4062423706,XLK,2085
2020-11-30,247664.83851089413,267.55942001278163,247397.27909088135,XLK,2085
2020-12-01,250830.40465011532,267.55942001278163,250562.84523010254,XLK,2085
2020-12-02,250449.759165191,267.55942001278163,250182.19974517822,XLK,2085
2020-12-03,250289.44552078182,267.55942001278163,250021.88610076904,XLK,2085
2020-12-04,252793.88888015682,267.55942001278163,252526.32946014404,XLK,2085
2020-12-07,253515.14120712216,267.55942001278163,253247.58178710938,XLK,2085
2020-12-08,254336.64126052792,267.55942001278163,254069.08184051514,XLK,2085
2020-12-09,249468.04091110165,267.55942001278163,249200.48149108887,XLK,2085
2020-12-10,249828.65912094052,267.55942001278163,249561.09970092773,XLK,2085
2020-12-11,249307.79089584286,267.55942001278163,249040.23147583008,XLK,2085
2020-12-14,250209.33642044003,267.55942001278163,249941.77700042725,XLK,2085
2020-12-15,254376.64808883602,267.55942001278163,254109.08866882324,XLK,2085
2020-12-16,256099.77320327694,267.55942001278163,255832.21378326416,XLK,2085
2020-12-17,258123.3074439996,267.55942001278163,257855.74802398682,XLK,2085
2020-12-18,257221.71419753964,267.55942001278163,256954.15477752686,XLK,2085
2020-12-21,257478.79187240536,267.55942001278163,257211.23245239258,XLK,2085
2020-12-22,259707.84826888973,267.55942001278163,259440.28884887695,XLK,2085
2020-12-23,257739.8304618829,267.55942001278163,257472.27104187012,XLK,2085
2020-12-24,259446.8255866998,267.55942001278163,259179.266166687,XLK,2085
2020-12-28,262378.7454856866,267.55942001278163,262111.18606567383,XLK,2085
2020-12-29,261133.66617813046,267.55942001278163,260866.10675811768,XLK,2085
2020-12-30,260993.09347762997,267.55942001278163,260725.5340576172,XLK,2085
2020-12-31,261374.70930709774,267.55942001278163,261107.14988708496,XLK,2085
2021-01-04,257117.28285446102,267.55942001278163,256849.72343444824,XLK,2085
2021-01-05,258784.09617080624,267.55942001278163,258516.53675079346,XLK,2085
2021-01-06,254325.8879341119,267.55942001278163,254058.32851409912,XLK,2085
2021-01-07,261173.84798660214,267.55942001278163,260906.28856658936,XLK,2085
2021-01-08,262074.3116522897,363.21222602017224,261711.09942626953,XLY,1611
2021-01-11,257190.15669928677,363.21222602017224,256826.9444732666,XLY,1611
2021-01-12,261112.98692999966,363.21222602017224,260749.7747039795,XLY,1611
2021-01-13,261097.52490912564,363.21222602017224,260734.31268310547,XLY,1611
2021-01-14,259438.44269477017,363.21222602017224,259075.23046875,XLY,1611
2021-01-15,256668.19789007504,318.1451251824619,256350.05276489258,XLB,3739
2021-01-19,257552.85569647152,318.1451251824619,257234.71057128906,XLB,3739
2021-01-20,258403.51014593442,318.1451251824619,258085.36502075195,XLB,3739
2021-01-21,254626.65573767025,318.1451251824619,254308.5106124878,XLB,3739
2021-01-22,253401.70762518246,318.1451251824619,253083.5625,XLB,3739
2021-01-25,252074.63533666928,318.1451251824619,251756.49021148682,XLB,3739
2021-01-26,248604.12493017514,318.1451251824619,248285.97980499268,XLB,3739
2021-01-27,241288.55371740658,318.1451251824619,240970.40859222412,XLB,3739
2021-01-28,245439.70178869565,318.1451251824619,245121.55666351318,XLB,3739
2021-01-29,240676.0083453973,318.1451251824619,240357.86322021484,XLB,3739
2021-02-01,243500.1982333978,318.1451251824619,243182.05310821533,XLB,3739
2021-02-02,246698.59620550473,318.1451251824619,246380.45108032227,XLB,3739
2021-02-03,247174.95699194272,318.1451251824619,246856.81186676025,XLB,3739
2021-02-04,246290.32771185238,318.1451251824619,245972.18258666992,XLB,3739
2021-02-05,250509.5110233148,318.1451251824619,250191.36589813232,XLB,3739
2021-02-08,252585.028006347,318.1451251824619,252266.88288116455,XLB,3739
2021-02-09,250713.6737964471,318.1451251824619,250395.52867126465,XLB,3739
2021-02-10,250441.47578314145,318.1451251824619,250123.33065795898,XLB,3739
2021-02-11,250679.64191320736,318.1451251824619,250361.4967880249,XLB,3739
2021-02-12,253265.55156591733,318.1451251824619,252947.40644073486,XLB,3739
2021-02-16,252789.2193057855,318.1451251824619,252471.07418060303,XLB,3739
2021-02-17,252653.2058780511,318.1451251824619,252335.06075286865,XLB,3739
2021-02-18,251087.99598577817,318.1451251824619,250769.8508605957,XLB,3739
2021-02-19,255681.44443395932,318.1451251824619,255363.29930877686,XLB,3739
2021-02-22,256668.19789007504,318.1451251824619,256350.05276489258,XLB,3739
2021-02-23,257552.85569647152,318.1451251824619,257234.71057128906,XLB,3739
2021-02-24,259798.5891483148,318.1451251824619,259480.44402313232,XLB,3739
2021-02-25,253810.0331714471,318.1451251824619,253491.88804626465,XLB,3739
2021-02-26,250577.57478979428,318.1451251824619,250259.42966461182,XLB,3739
2021-03-01,256906.3925464471,318.1451251824619,256588.24742126465,XLB,3739
2021-03-02,258335.38932684262,318.1451251824619,258017.24420166016,XLB,3739
2021-03-03,255783.4545047601,318.1451251824619,255465.30937957764,XLB,3739
2021-03-04,250815.76944616635,318.1451251824619,250497.6243209839,XLB,3739
2021-03-05,255798.45235596402,260.83086548550637,255537.62149047852,XLF,8236
2021-03-08,259058.02253113492,260.83086548550637,258797.1916656494,XLF,8236
2021-03-09,256708.14039765103,260.83086548550637,256447.30953216553,XLF,8236
2021-03-10,261938.6149307321,260.83086548550637,261677.78406524658,XLF,8236
2021-03-11,261180.59654389127,260.83086548550637,260919.76567840576,XLF,8236
2021-03-12,263833.6923156808,260.83086548550637,263572.8614501953,XLF,8236
2021-03-15,262317.70266876917,260.83086548550637,262056.8718032837,XLF,8236
2021-03-16,259588.6542526315,260.83086548550637,259327.823387146,XLF,8236
2021-03-17,261332.18765412076,260.83086548550637,261071.35678863525,XLF,8236
2021-03-18,262696.6804443429,260.83086548550637,262435.8495788574,XLF,8236
2021-03-19,259664.44980774625,260.83086548550637,259403.61894226074,XLF,8236
2021-03-22,256321.93651734098,260.83086548550637,256061.10565185547,XLF,8236
2021-03-23,252743.31810913785,260.83086548550637,252482.48724365234,XLF,8236
2021-03-24,253656.98050842984,260.83086548550637,253396.14964294434,XLF,8236
2021-03-25,257920.85357056363,260.83086548550637,257660.02270507812,XLF,8236
2021-03-26,261956.27176056607,260.83086548550637,261695.44089508057,XLF,8236
2021-03-29,259672.0843444894,260.83086548550637,259411.2534790039,XLF,8236
2021-03-30,261499.4876876901,260.83086548550637,261238.6568222046,XLF,8236
2021-03-31,259519.849168403,260.83086548550637,259259.01830291748,XLF,8236
2021-04-01,262717.76181946497,260.83086548550637,262456.9309539795,XLF,8236
2021-04-05,264773.55719910364,260.83086548550637,264512.72633361816,XLF,8236
2021-04-06,264240.55343018274,260.83086548550637,263979.72256469727,XLF,8236
2021-04-07,265534.8744598458,260.83086548550637,265274.04359436035,XLF,8236
2021-04-08,265611.0627380441,260.83086548550637,265350.2318725586,XLF,8236
2021-04-09,267895.32869873743,260.83086548550637,267634.49783325195,XLF,8236
2021-04-12,269037.3360076974,260.83086548550637,268776.5051422119,XLF,8236
2021-04-13,266524.6937194894,260.83086548550637,266263.8628540039,XLF,8236
2021-04-14,268123.6421905587,260.83086548550637,267862.81132507324,XLF,8236
2021-04-15,267895.32869873743,260.83086548550637,267634.49783325195,XLF,8236
2021-04-16,269798.84177551966,260.83086548550637,269538.0109100342,XLF,8236
2021-04-19,269037.3360076974,260.83086548550637,268776.5051422119,XLF,8236
2021-04-20,264012.1456848214,260.83086548550637,263751.31481933594,XLF,8236
2021-04-21,267666.82669983606,260.83086548550637,267405.9958343506,XLF,8236
2021-04-22,264697.3689209054,260.83086548550637,264436.5380554199,XLF,8236
2021-04-23,268839.66957114916,298.79716895800084,268540.87240219116,XLE,6695
2021-04-26,270647.29709647875,298.79716895800084,270348.49992752075,XLE,6695
2021-04-27,273923.59325431567,298.79716895800084,273624.79608535767,XLE,6695
2021-04-28,283356.92752860766,298.79716895800084,283058.13035964966,XLE,6695
2021-04-29,286520.23738883715,298.79716895800084,286221.44021987915,XLE,6695
2021-04-30,279289.85498450976,298.79716895800084,278991.05781555176,XLE,6695
2021-05-03,286972.15703986865,298.79716895800084,286673.35987091064,XLE,6695
2021-05-04,287141.6109468816,298.79716895800084,286842.8137779236,XLE,6695
2021-05-05,296405.51685355883,298.79716895800084,296106.71968460083,XLE,6695
2021-05-06,297930.67863486987,298.79716895800084,297631.88146591187,XLE,6695
2021-05-07,303240.5238344548,298.79716895800084,302941.7266654968,XLE,6695
2021-05-10,303353.51013206225,298.79716895800084,303054.71296310425,XLE,6695
2021-05-11,295558.19623969775,298.79716895800084,295259.39907073975,XLE,6695
2021-05-12,296970.42280219775,298.79716895800084,296671.62563323975,XLE,6695
2021-05-13,293355.19329093676,298.79716895800084,293056.39612197876,XLE,6695
2021-05-14,302449.69636939745,298.79716895800084,302150.89920043945,XLE,6695
2021-05-17,309454.10617851,298.79716895800084,309155.309009552,XLE,6695
2021-05-18,302280.1913835881,298.79716895800084,301981.3942146301,XLE,6695
2021-05-19,294767.39431403857,298.79716895800084,294468.59714508057,XLE,6695
2021-05-20,294315.55128120165,298.79716895800084,294016.75411224365,XLE,6695
2021-05-21,294936.8226816533,298.79716895800084,294638.0255126953,XLE,6695
2021-05-24,297874.18548606616,298.79716895800084,297575.38831710815,XLE,6695
2021-05-25,291830.0825884221,298.79716895800084,291531.2854194641,XLE,6695
2021-05-26,294428.4609606145,298.79716895800084,294129.6637916565,XLE,6695
2021-05-27,294654.38247703295,298.79716895800084,294355.58530807495,XLE,6695
2021-05-28,295219.31396507006,298.79716895800084,294920.51679611206,XLE,6695
2021-06-01,306573.31314109545,298.79716895800084,306274.51597213745,XLE,6695
2021-06-02,312278.4826853154,298.79716895800084,311979.6855163574,XLE,6695
2021-06-03,313125.7522203801,298.79716895800084,312826.9550514221,XLE,6695
2021-06-04,315215.8199503301,298.79716895800084,314917.02278137207,XLE,6695
2021-06-07,313860.16315482836,298.79716895800084,313561.36598587036,XLE,6695
2021-06-08,316571.50228523,298.79716895800084,316272.705116272,XLE,6695
2021-06-09,314594.47193168383,298.79716895800084,314295.67476272583,XLE,6695
2021-06-10,314199.04542945605,298.79716895800084,313900.24826049805,XLE,6695
2021-06-11,313125.7522203801,298.79716895800084,312826.9550514221,XLE,6695
2021-06-14,311770.0698854802,298.79716895800084,311471.2727165222,XLE,6695
2021-06-15,317701.2375643132,298.79716895800084,317402.4403953552,XLE,6695
2021-06-16,316006.62187598925,298.79716895800084,315707.82470703125,XLE,6695
2021-06-17,305274.0217974065,298.79716895800084,304975.2246284485,XLE,6695
2021-06-18,296236.0374071477,298.79716895800084,295937.2402381897,XLE,6695
2021-06-21,308847.36669563036,298.79716895800084,308548.56952667236,XLE,6695
2021-06-22,310901.6792681096,298.79716895800084,310602.8820991516,XLE,6695
2021-06-23,311757.65773795824,298.79716895800084,311458.86056900024,XLE,6695
2021-06-24,314439.6776392339,298.79716895800084,314140.8804702759,XLE,6695
2021-06-25,316094.5284845708,298.79716895800084,315795.7313156128,XLE,6695
2021-06-28,305423.42727683764,298.79716895800084,305124.63010787964,XLE,6695
2021-06-29,303939.792556989,298.79716895800084,303640.995388031,XLE,6695
2021-06-30,307706.0365297673,298.79716895800084,307407.2393608093,XLE,6695
2021-07-01,313070.127411115,298.79716895800084,312771.330242157,XLE,6695
2021-07-02,312385.36506675463,298.79716895800084,312086.56789779663,XLE,6695
2021-07-06,302227.9122354863,298.79716895800084,301929.1150665283,XLE,6695
2021-07-07,297320.36363624316,298.79716895800084,297021.56646728516,XLE,6695
2021-07-08,295608.3556177495,298.79716895800084,295309.5584487915,XLE,6695
2021-07-09,301885.45444511157,298.79716895800084,301586.65727615356,XLE,6695
2021-07-12,301428.96324180346,298.79716895800084,301130.16607284546,XLE,6695
2021-07-13,299146.37952827197,298.79716895800084,298847.58235931396,XLE,6695
2021-07-14,290244.3413545964,298.79716895800084,289945.5441856384,XLE,6695
2021-07-15,286192.6946070073,298.79716895800084,285893.8974380493,XLE,6695
2021-07-16,278089.52880882006,298.79716895800084,277790.73163986206,XLE,6695
2021-07-19,268274.35499213915,298.79716895800084,267975.55782318115,XLE,6695
2021-07-20,271869.48499702197,298.79716895800084,271570.68782806396,XLE,6695
2021-07-21,281342.2010233281,298.79716895800084,281043.4038543701,XLE,6695
2021-07-22,278203.6643793462,298.79716895800084,277904.8672103882,XLE,6695
2021-07-23,277176.4442446111,298.79716895800084,276877.6470756531,XLE,6695
2021-07-26,284024.24646400195,298.79716895800084,283725.44929504395,XLE,6695
2021-07-27,281399.30711768847,298.79716895800084,281100.50994873047,XLE,6695
2021-07-28,283967.191448438,298.79716895800084,283668.39427948,XLE,6695
2021-07-29,286706.31744407397,298.79716895800084,286407.52027511597,XLE,6695
2021-07-30,282141.0989382146,298.79716895800084,281842.3017692566,XLE,6695
2021-08-02,280029.680271375,298.79716895800084,279730.883102417,XLE,6695
2021-08-03,284823.1699182866,298.79716895800084,284524.3727493286,XLE,6695
2021-08-04,277119.4403078435,298.79716895800084,276820.6431388855,XLE,6695
2021-08-05,280258.0024912236,298.79716895800084,279959.2053222656,XLE,6695
2021-08-06,282825.86128257494,298.79716895800084,282527.06411361694,XLE,6695
2021-08-09,278831.295089948,298.79716895800084,278532.49792099,XLE,6695
2021-08-10,283738.86922858935,298.79716895800084,283440.07205963135,XLE,6695
2021-08-11,285964.44900535326,298.79716895800084,285665.65183639526,XLE,6695
2021-08-12,285679.09730933886,298.79716895800084,285380.30014038086,XLE,6695
2021-08-13,282312.2639849065,298.79716895800084,282013.4668159485,XLE,6695
2021-08-16,277119.4403078435,298.79716895800084,276820.6431388855,XLE,6695
2021-08-17,274266.1532022832,298.79716895800084,273967.3560333252,XLE,6695
2021-08-18,268559.70668815356,298.79716895800084,268260.90951919556,XLE,6695
2021-08-19,261597.76889823657,298.79716895800084,261298.97172927856,XLE,6695
2021-08-20,262168.49782966357,298.79716895800084,261869.70066070557,XLE,6695
2021-08-23,271983.5694887517,298.79716895800084,271684.7723197937,XLE,6695
2021-08-24,276491.7074396489,298.79716895800084,276192.9102706909,XLE,6695
2021-08-25,278603.1261064885,298.79716895800084,278304.3289375305,XLE,6695
2021-08-26,274380.2887728093,298.79716895800084,274081.4916038513,XLE,6695
2021-08-27,281684.6332743047,298.79716895800084,281385.8361053467,XLE,6695
2021-08-30,278374.8549654363,298.79716895800084,278076.0577964783,XLE,6695
2021-08-31,276491.7074396489,298.79716895800084,276192.9102706909,XLE,6695
2021-09-01,272440.1117708562,298.79716895800084,272141.3146018982,XLE,6695
2021-09-02,279344.91792701464,298.79716895800084,279046.12075805664,XLE,6695
2021-09-03,277747.0965578435,298.79716895800084,277448.2993888855,XLE,6695
2021-09-07,276092.2457125066,298.79716895800084,275793.4485435486,XLE,6695
2021-09-08,272554.2984201787,298.79716895800084,272255.5012512207,XLE,6695
2021-09-09,273124.89965461474,298.79716895800084,272826.10248565674,XLE,6695
2021-09-10,273010.7385446904,298.79716895800084,272711.9413757324,XLE,6695
2021-09-13,280828.60372565966,298.79716895800084,280529.80655670166,XLE,6695
2021-09-14,276777.00805686694,298.79716895800084,276478.21088790894,XLE,6695
2021-09-15,287105.7025530217,298.79716895800084,286806.9053840637,XLE,6695
2021-09-16,283853.05587791186,298.79716895800084,283554.25870895386,XLE,6695
2021-09-17,281741.63721107226,298.79716895800084,281442.84004211426,XLE,6695
2021-09-20,273147.2466280339,298.79716895800084,272848.4494590759,XLE,6695
2021-09-21,273782.6413156865,298.79716895800084,273483.8441467285,XLE,6695
2021-09-22,282215.2142717717,298.79716895800084,281916.4171028137,XLE,6695
2021-09-23,292091.88695930224,298.79716895800084,291793.08979034424,XLE,6695
2021-09-24,294286.69176124316,298.79716895800084,293987.89459228516,XLE,6695
2021-09-27,304740.8357813237,298.79716895800084,304442.0386123657,XLE,6695
2021-09-28,305780.5191423772,298.79716895800084,305481.7219734192,XLE,6695
2021-09-29,305780.5191423772,298.79716895800084,305481.7219734192,XLE,6695
2021-09-30,301159.82906364184,298.79716895800084,300861.03189468384,XLE,6695
2021-10-01,310336.15221273166,385.596525780973,309950.5556869507,VNQ,3515
2021-10-04,310396.2498308347,385.596525780973,310010.6533050537,VNQ,3515
2021-10-05,308264.2459322141,385.596525780973,307878.6494064331,VNQ,3515
2021-10-06,311206.99110280734,385.596525780973,310821.39457702637,VNQ,3515
2021-10-07,312047.84822713595,385.596525780973,311662.251701355,VNQ,3515
2021-10-08,309105.02260457736,385.596525780973,308719.4260787964,VNQ,3515
2021-10-11,309885.75529348117,385.596525780973,309500.1587677002,VNQ,3515
2021-10-12,313939.5421053098,385.596525780973,313553.9455795288,VNQ,3515
2021-10-13,316221.7230058835,385.596525780973,315836.12648010254,VNQ,3515
2021-10-14,320065.3156496213,385.596525780973,319679.71912384033,VNQ,3515
2021-10-15,319825.08608113986,385.596525780973,319439.4895553589,VNQ,3515
2021-10-18,320635.8273531125,385.596525780973,320250.23082733154,VNQ,3515
2021-10-19,320785.97753774386,385.596525780973,320400.3810119629,VNQ,3515
2021-10-20,325830.6643892453,385.596525780973,325445.06786346436,VNQ,3515
2021-10-21,326281.14176046115,385.596525780973,325895.5452346802,VNQ,3515
2021-10-22,327812.5985551999,385.596525780973,327427.00202941895,VNQ,3515
2021-10-25,328863.51576101047,385.596525780973,328477.9192352295,VNQ,3515
2021-10-26,329764.4973207639,385.596525780973,329378.9007949829,VNQ,3515
2021-10-27,326971.7682481931,385.596525780973,326586.1717224121,VNQ,3515
2021-10-28,331536.076414697,385.596525780973,331150.479888916,VNQ,3515
2021-10-29,327812.5985551999,385.596525780973,327427.00202941895,VNQ,3515
2021-11-01,329434.1347337888,385.596525780973,329048.5382080078,VNQ,3515
2021-11-02,330995.5732942746,385.596525780973,330609.97676849365,VNQ,3515
2021-11-03,332106.61493551,385.596525780973,331721.018409729,VNQ,3515
2021-11-04,328953.7024141477,385.596525780973,328568.1058883667,VNQ,3515
2021-11-05,330635.3093935178,385.596525780973,330249.7128677368,VNQ,3515
2021-11-08,330364.99079000216,385.596525780973,329979.3942642212,VNQ,3515
2021-11-09,330935.52931081515,385.596525780973,330549.9327850342,VNQ,3515
2021-11-10,329404.09933339816,385.596525780973,329018.5028076172,VNQ,3515
2021-11-11,329944.57563649875,385.596525780973,329558.9791107178,VNQ,3515
2021-11-12,329704.39970266086,385.596525780973,329318.8031768799,VNQ,3515
2021-11-15,332016.5355516599,385.596525780973,331630.9390258789,VNQ,3515
2021-11-16,329824.460852258,385.596525780973,329438.86432647705,VNQ,3515
2021-11-17,330845.4231096433,385.596525780973,330459.8265838623,VNQ,3515
2021-11-18,330905.440275781,385.596525780973,330519.84375,VNQ,3515
2021-11-19,328953.7024141477,385.596525780973,328568.1058883667,VNQ,3515
2021-11-22,327332.11260091525,385.596525780973,326946.5160751343,VNQ,3515
2021-11-23,329974.6110368894,385.596525780973,329589.0145111084,VNQ,3515
2021-11-24,333968.3538652585,385.596525780973,333582.75733947754,VNQ,3515
2021-11-26,323718.162038915,369.57759677630384,323348.5844421387,XLK,2011
2021-11-29,331802.2678891347,369.57759677630384,331432.6902923584,XLK,2011
2021-11-30,329036.22232639056,369.57759677630384,328666.64472961426,XLK,2011
2021-12-01,324536.26614963275,369.57759677630384,324166.68855285645,XLK,2011
2021-12-02,327516.71077548724,369.57759677630384,327147.13317871094,XLK,2011
2021-12-03,322042.89127170306,369.57759677630384,321673.31367492676,XLK,2011
2021-12-06,325101.24619113666,369.57759677630384,324731.66859436035,XLK,2011
2021-12-07,336438.59009372455,369.57759677630384,336069.01249694824,XLK,2011
2021-12-08,337977.4948331044,369.57759677630384,337607.9172363281,XLK,2011
2021-12-09,334334.70531284076,369.57759677630384,333965.12771606445,XLK,2011
2021-12-10,341035.849752538,369.57759677630384,340666.2721557617,XLK,2011
2021-12-13,335971.12833224994,369.57759677630384,335601.55073547363,XLK,2011
2021-12-14,330458.1849118398,369.57759677630384,330088.6073150635,XLK,2011
2021-12-15,339204.7583981679,369.57759677630384,338835.1808013916,XLK,2011
2021-12-16,329601.07962619525,369.57759677630384,329231.50202941895,XLK,2011
2021-12-17,327399.8913632558,369.57759677630384,327030.3137664795,XLK,2011
2021-12-20,323510.2069150136,369.57759677630384,323140.6293182373,XLK,2011
2021-12-21,331687.688512914,369.57759677630384,331318.1109161377,XLK,2011
2021-12-22,336020.4704953359,369.57759677630384,335650.89289855957,XLK,2011
2021-12-23,337894.0918484853,369.57759677630384,337524.514251709,XLK,2011
2021-12-27,345134.839483373,369.57759677630384,344765.2618865967,XLK,2011
2021-12-28,343339.3432217763,369.57759677630384,342969.765625,XLK,2011
2021-12-29,343632.082174413,369.57759677630384,343262.5045776367,XLK,2011
2021-12-30,341368.05016147357,369.57759677630384,340998.47256469727,XLK,2011
2021-12-31,339709.16541110736,369.57759677630384,339339.58781433105,XLK,2011
2022-01-03,342929.4166318105,369.57759677630384,342559.8390350342,XLK,2011
2022-01-04,339299.26950656634,369.57759677630384,338929.69190979004,XLK,2011
2022-01-05,328877.3331967519,369.57759677630384,328507.7555999756,XLK,2011
2022-01-06,327218.32570468646,369.57759677630384,326848.74810791016,XLK,2011
2022-01-07,323242.6249348653,335.94301958207507,322906.6819152832,XLE,6024
2022-01-10,322242.4778706563,335.94301958207507,321906.5348510742,XLE,6024
2022-01-11,333192.0464741719,335.94301958207507,332856.10345458984,XLE,6024
2022-01-12,333823.73644609575,335.94301958207507,333487.7934265137,XLE,6024
2022-01-13,332139.1838948262,335.94301958207507,331803.24087524414,XLE,6024
2022-01-14,339930.2336995137,335.94301958207507,339594.29067993164,XLE,6024
2022-01-18,341298.90679521684,335.94301958207507,340962.96377563477,XLE,6024
2022-01-19,338824.7475239766,335.94301958207507,338488.80450439453,XLE,6024
2022-01-20,335718.80636186723,335.94301958207507,335382.86334228516,XLE,6024
2022-01-21,329085.95824785356,335.94301958207507,328750.0152282715,XLE,6024
2022-01-24,331296.9305989278,335.94301958207507,330960.9875793457,XLE,6024
2022-01-25,344141.54613847856,335.94301958207507,343805.6031188965,XLE,6024
2022-01-26,343562.4567830098,335.94301958207507,343226.51376342773,XLE,6024
2022-01-27,347300.11089677934,335.94301958207507,346964.16787719727,XLE,6024
2022-01-28,345826.1216694844,335.94301958207507,345490.17864990234,XLE,6024
2022-01-31,347352.7574727071,335.94301958207507,347016.814453125,XLE,6024
2022-02-01,359723.5768086446,335.94301958207507,359387.6337890625,XLE,6024
2022-02-02,360881.82445879106,335.94301958207507,360545.881439209,XLE,6024
2022-02-03,357460.0038411153,335.94301958207507,357124.0608215332,XLE,6024
2022-02-04,363040.15023393754,335.94301958207507,362704.20721435547,XLE,6024
2022-02-07,367672.5893208516,335.94301958207507,367336.64630126953,XLE,6024
2022-02-08,359776.2923237813,335.94301958207507,359440.3493041992,XLE,6024
2022-02-09,362776.9173542989,335.94301958207507,362440.9743347168,XLE,6024
2022-02-10,360513.32140703325,335.94301958207507,360177.3783874512,XLE,6024
2022-02-11,370989.1857258809,335.94301958207507,370653.2427062988,XLE,6024
2022-02-14,362250.4975544942,335.94301958207507,361914.5545349121,XLE,6024
2022-02-15,358460.21984453325,335.94301958207507,358124.2768249512,XLE,6024
2022-02-16,361355.5747029317,335.94301958207507,361019.6316833496,XLE,6024
2022-02-17,360776.48534746293,335.94301958207507,360440.54232788086,XLE,6024
2022-02-18,358028.21453195694,358028.21453195694,0.0,GLD,0
2022-02-22,358028.21453195694,358028.21453195694,0.0,GLD,0
2022-02-23,358028.21453195694,358028.21453195694,0.0,GLD,0
2022-02-24,358028.21453195694,358028.21453195694,0.0,GLD,0
2022-02-25,358028.21453195694,358028.21453195694,0.0,GLD,0
2022-02-28,358028.21453195694,358028.21453195694,0.0,GLD,0
2022-03-01,358028.21453195694,358028.21453195694,0.0,GLD,0
2022-03-02,358028.21453195694,358028.21453195694,0.0,GLD,0
2022-03-03,358028.21453195694,358028.21453195694,0.0,GLD,0
2022-03-04,358028.21453195694,358028.21453195694,0.0,GLD,0
2022-03-07,358028.21453195694,358028.21453195694,0.0,GLD,0
2022-03-08,358028.21453195694,358028.21453195694,0.0,GLD,0
2022-03-09,358028.21453195694,358028.21453195694,0.0,GLD,0
2022-03-10,358028.21453195694,358028.21453195694,0.0,GLD,0
2022-03-11,358028.21453195694,358028.21453195694,0.0,GLD,0
2022-03-14,358028.21453195694,358028.21453195694,0.0,GLD,0
2022-03-15,358028.21453195694,358028.21453195694,0.0,GLD,0
2022-03-16,358028.21453195694,358028.21453195694,0.0,GLD,0
2022-03-17,358028.21453195694,358028.21453195694,0.0,GLD,0
2022-03-18,358028.21453195694,358028.21453195694,0.0,GLD,0
2022-03-21,358028.21453195694,358028.21453195694,0.0,GLD,0
2022-03-22,358028.21453195694,358028.21453195694,0.0,GLD,0
2022-03-23,358028.21453195694,358028.21453195694,0.0,GLD,0
2022-03-24,358028.21453195694,358028.21453195694,0.0,GLD,0
2022-03-25,358028.21453195694,358028.21453195694,0.0,GLD,0
2022-03-28,358028.21453195694,358028.21453195694,0.0,GLD,0
2022-03-29,358028.21453195694,358028.21453195694,0.0,GLD,0
2022-03-30,358028.21453195694,358028.21453195694,0.0,GLD,0
2022-03-31,358028.21453195694,358028.21453195694,0.0,GLD,0
2022-04-01,357492.5440703786,378.90301813249243,357113.6410522461,XLY,1988
2022-04-04,365512.8269683278,378.90301813249243,365133.9239501953,XLY,1988
2022-04-05,356952.80279840593,378.90301813249243,356573.89978027344,XLY,1988
2022-04-06,347852.9160186208,378.90301813249243,347474.0130004883,XLY,1988
2022-04-07,349626.5119658864,378.90301813249243,349247.6089477539,XLY,1988
2022-04-08,345370.38920953876,389.8335454762564,344980.5556640625,XLU,4992
2022-04-11,340663.72905328876,389.8335454762564,340273.8955078125,XLU,4992
2022-04-12,341963.64018610126,389.8335454762564,341573.806640625,XLU,4992
2022-04-13,341291.19487360126,389.8335454762564,340901.361328125,XLU,4992
2022-04-14,341470.42729547626,389.8335454762564,341080.59375,XLU,4992
2022-04-18,339632.66655328876,389.8335454762564,339242.8330078125,XLU,4992
2022-04-19,341829.04448297626,389.8335454762564,341439.2109375,XLU,4992
2022-04-20,344608.36577203876,389.8335454762564,344218.5322265625,XLU,4992
2022-04-21,338915.43217828876,389.8335454762564,338525.5986328125,XLU,4992
2022-04-22,332225.4928777173,336.9816243603709,331888.51125335693,XLP,4601
2022-04-25,333691.38765310793,336.9816243603709,333354.40602874756,XLP,4601
2022-04-26,328539.65912985353,336.9816243603709,328202.67750549316,XLP,4601
2022-04-27,329754.357951875,336.9816243603709,329417.37632751465,XLP,4601
2022-04-28,334612.8022115186,336.9816243603709,334275.8205871582,XLP,4601
2022-04-29,325524.04398703127,336.9816243603709,325187.0623626709,XLP,4601
2022-05-02,321251.85232901125,336.9816243603709,320914.8707046509,XLP,4601
2022-05-03,320330.4377706006,336.9816243603709,319993.45614624023,XLP,4601
2022-05-04,327534.5242879346,336.9816243603709,327197.5426635742,XLP,4601
2022-05-05,321335.67792105227,336.9816243603709,320998.6962966919,XLP,4601
2022-05-06,321670.73456930666,336.9816243603709,321333.7529449463,XLP,4601
2022-05-09,321545.0312840894,336.9816243603709,321208.049659729,XLP,4601
2022-05-10,319325.2327229932,336.9816243603709,318988.2510986328,XLP,4601
2022-05-11,317943.05823111086,336.9816243603709,317606.0766067505,XLP,4601
2022-05-12,317859.3028447583,336.9816243603709,317522.32122039795,XLP,4601
2022-05-13,321668.6389197896,327.0164603779558,321341.6224594116,XLE,4509
2022-05-16,330141.7280311177,327.0164603779558,329814.71157073975,XLE,4509
2022-05-17,333960.54197307327,327.0164603779558,333633.5255126953,XLE,4509
2022-05-18,325407.9178886006,327.0164603779558,325080.90142822266,XLE,4509
2022-05-19,324214.48048015335,327.0164603779558,323887.4640197754,XLE,4509
2022-05-20,325118.8357131703,325118.8357131703,0.0,SHY,0
2022-05-23,325118.8357131703,325118.8357131703,0.0,SHY,0
2022-05-24,325118.8357131703,325118.8357131703,0.0,SHY,0
2022-05-25,325118.8357131703,325118.8357131703,0.0,SHY,0
2022-05-26,325118.8357131703,325118.8357131703,0.0,SHY,0
2022-05-27,325118.8357131703,325118.8357131703,0.0,IEF,0
2022-05-31,325118.8357131703,325118.8357131703,0.0,IEF,0
2022-06-01,325118.8357131703,325118.8357131703,0.0,IEF,0
2022-06-02,325118.8357131703,325118.8357131703,0.0,IEF,0
2022-06-03,325118.8357131703,325118.8357131703,0.0,IEF,0
2022-06-06,325118.8357131703,325118.8357131703,0.0,IEF,0
2022-06-07,325118.8357131703,325118.8357131703,0.0,IEF,0
2022-06-08,325118.8357131703,325118.8357131703,0.0,IEF,0
2022-06-09,325118.8357131703,325118.8357131703,0.0,IEF,0
2022-06-10,325118.8357131703,325118.8357131703,0.0,TIPX,0
2022-06-13,325118.8357131703,325118.8357131703,0.0,TIPX,0
2022-06-14,325118.8357131703,325118.8357131703,0.0,TIPX,0
2022-06-15,325118.8357131703,325118.8357131703,0.0,TIPX,0
2022-06-16,325118.8357131703,325118.8357131703,0.0,TIPX,0
2022-06-17,325118.8357131703,325118.8357131703,0.0,GLD,0
2022-06-21,325118.8357131703,325118.8357131703,0.0,GLD,0
2022-06-22,325118.8357131703,325118.8357131703,0.0,GLD,0
2022-06-23,325118.8357131703,325118.8357131703,0.0,GLD,0
2022-06-24,325118.8357131703,325118.8357131703,0.0,GLD,0
2022-06-27,325118.8357131703,325118.8357131703,0.0,GLD,0
2022-06-28,325118.8357131703,325118.8357131703,0.0,GLD,0
2022-06-29,325118.8357131703,325118.8357131703,0.0,GLD,0
2022-06-30,325118.8357131703,325118.8357131703,0.0,GLD,0
2022-07-01,325118.8357131703,325118.8357131703,0.0,SHY,0
2022-07-05,325118.8357131703,325118.8357131703,0.0,SHY,0
2022-07-06,325118.8357131703,325118.8357131703,0.0,SHY,0
2022-07-07,325118.8357131703,325118.8357131703,0.0,SHY,0
2022-07-08,325118.8357131703,325118.8357131703,0.0,IEF,0
2022-07-11,325118.8357131703,325118.8357131703,0.0,IEF,0
2022-07-12,325118.8357131703,325118.8357131703,0.0,IEF,0
2022-07-13,325118.8357131703,325118.8357131703,0.0,IEF,0
2022-07-14,325118.8357131703,325118.8357131703,0.0,IEF,0
2022-07-15,325118.8357131703,325118.8357131703,0.0,TLT,0
2022-07-18,325118.8357131703,325118.8357131703,0.0,TLT,0
2022-07-19,325118.8357131703,325118.8357131703,0.0,TLT,0
2022-07-20,325118.8357131703,325118.8357131703,0.0,TLT,0
2022-07-21,325118.8357131703,325118.8357131703,0.0,TLT,0
2022-07-22,325118.8357131703,325118.8357131703,0.0,TLT,0
2022-07-25,325118.8357131703,325118.8357131703,0.0,TLT,0
2022-07-26,325118.8357131703,325118.8357131703,0.0,TLT,0
2022-07-27,325118.8357131703,325118.8357131703,0.0,TLT,0
2022-07-28,325118.8357131703,325118.8357131703,0.0,TLT,0
2022-07-29,325118.8357131703,325118.8357131703,0.0,TLT,0
2022-08-01,325118.8357131703,325118.8357131703,0.0,TLT,0
2022-08-02,325118.8357131703,325118.8357131703,0.0,TLT,0
2022-08-03,325118.8357131703,325118.8357131703,0.0,TLT,0
2022-08-04,325118.8357131703,325118.8357131703,0.0,TLT,0
2022-08-05,325118.8357131703,325118.8357131703,0.0,TLT,0
2022-08-08,325118.8357131703,325118.8357131703,0.0,TLT,0
2022-08-09,325118.8357131703,325118.8357131703,0.0,TLT,0
2022-08-10,325118.8357131703,325118.8357131703,0.0,TLT,0
2022-08-11,325118.8357131703,325118.8357131703,0.0,TLT,0
2022-08-12,324632.52657533763,426.4346869098954,324206.09188842773,XLY,1963
2022-08-15,326864.9837896931,426.4346869098954,326438.5491027832,XLY,1963
2022-08-16,330471.29538942454,426.4346869098954,330044.86070251465,XLY,1963
2022-08-17,326922.1940252888,426.4346869098954,326495.7593383789,XLY,1963
2022-08-18,326826.79371095775,426.4346869098954,326400.35902404785,XLY,1963
2022-08-19,320091.231989156,426.4346869098954,319664.7973022461,XLY,1963
2022-08-22,311218.6133673298,426.4346869098954,310792.1786804199,XLY,1963
2022-08-23,312096.2962591755,426.4346869098954,311669.8615722656,XLY,1963
2022-08-24,313431.9306128132,426.4346869098954,313005.4959259033,XLY,1963
2022-08-25,317171.80265260814,426.4346869098954,316745.36796569824,XLY,1963
2022-08-26,304199.67689977767,307.74928747297963,303891.9276123047,XLE,4112
2022-08-29,308785.26967321517,307.74928747297963,308477.5203857422,XLE,4112
2022-08-30,298330.27626501204,307.74928747297963,298022.52697753906,XLE,4112
2022-08-31,295615.5882767308,307.74928747297963,295307.8389892578,XLE,4112
2022-09-01,288352.1069534886,307.74928747297963,288044.3576660156,XLE,4112
2022-09-02,293634.598896848,307.74928747297963,293326.849609375,XLE,4112
2022-09-06,290920.036396848,307.74928747297963,290612.287109375,XLE,4112
2022-09-07,287545.1545609105,307.74928747297963,287237.4052734375,XLE,4112
2022-09-08,288792.3512161839,307.74928747297963,288484.60192871094,XLE,4112
2022-09-09,295982.45326696517,307.74928747297963,295674.7039794922,XLE,4112
2022-09-12,301411.73512731673,307.74928747297963,301103.98583984375,XLE,4112
2022-09-13,293818.1255081761,307.74928747297963,293510.3762207031,XLE,4112
2022-09-14,302108.69704137923,307.74928747297963,301800.94775390625,XLE,4112
2022-09-15,294331.71767126204,307.74928747297963,294023.96838378906,XLE,4112
2022-09-16,287196.76959460194,317.23077624256257,286879.5388183594,XLU,4256
2022-09-19,291040.1968406957,317.23077624256257,290722.9660644531,XLU,4256
2022-09-20,286812.7710594457,317.23077624256257,286495.5402832031,XLU,4256
2022-09-21,282895.6353172582,317.23077624256257,282578.4045410156,XLU,4256
2022-09-22,281887.2576317113,317.23077624256257,281570.02685546875,XLU,4256
2022-09-23,278629.4070457738,317.23077624256257,278312.17626953125,XLU,4256
2022-09-26,271919.85577624256,317.23077624256257,271602.625,XLU,4256
2022-09-27,267343.3699363988,317.23077624256257,267026.13916015625,XLU,4256
2022-09-28,270213.3579735082,317.23077624256257,269896.1271972656,XLU,4256
2022-09-29,259392.62603991444,317.23077624256257,259075.39526367188,XLU,4256
2022-09-30,254008.4802714208,254008.4802714208,0.0,SHY,0
2022-10-03,254008.4802714208,254008.4802714208,0.0,SHY,0
2022-10-04,254008.4802714208,254008.4802714208,0.0,SHY,0
2022-10-05,254008.4802714208,254008.4802714208,0.0,SHY,0
2022-10-06,254008.4802714208,254008.4802714208,0.0,SHY,0
2022-10-07,254008.4802714208,254008.4802714208,0.0,GLD,0
2022-10-10,254008.4802714208,254008.4802714208,0.0,GLD,0
2022-10-11,254008.4802714208,254008.4802714208,0.0,GLD,0
2022-10-12,254008.4802714208,254008.4802714208,0.0,GLD,0
2022-10-13,254008.4802714208,254008.4802714208,0.0,GLD,0
2022-10-14,254008.4802714208,254008.4802714208,0.0,GLD,0
2022-10-17,254008.4802714208,254008.4802714208,0.0,GLD,0
2022-10-18,254008.4802714208,254008.4802714208,0.0,GLD,0
2022-10-19,254008.4802714208,254008.4802714208,0.0,GLD,0
2022-10-20,254008.4802714208,254008.4802714208,0.0,GLD,0
2022-10-21,254008.4802714208,254008.4802714208,0.0,GLD,0
2022-10-24,254008.4802714208,254008.4802714208,0.0,GLD,0
2022-10-25,254008.4802714208,254008.4802714208,0.0,GLD,0
2022-10-26,254008.4802714208,254008.4802714208,0.0,GLD,0
2022-10-27,254008.4802714208,254008.4802714208,0.0,GLD,0
2022-10-28,254008.4802714208,254008.4802714208,0.0,GLD,0
2022-10-31,254008.4802714208,254008.4802714208,0.0,GLD,0
2022-11-01,254008.4802714208,254008.4802714208,0.0,GLD,0
2022-11-02,254008.4802714208,254008.4802714208,0.0,GLD,0
2022-11-03,254008.4802714208,254008.4802714208,0.0,GLD,0
2022-11-04,254008.4802714208,254008.4802714208,0.0,TIPX,0
2022-11-07,254008.4802714208,254008.4802714208,0.0,TIPX,0
2022-11-08,254008.4802714208,254008.4802714208,0.0,TIPX,0
2022-11-09,254008.4802714208,254008.4802714208,0.0,TIPX,0
2022-11-10,254008.4802714208,254008.4802714208,0.0,TIPX,0
2022-11-11,254008.4802714208,254008.4802714208,0.0,TIPX,0
2022-11-14,254008.4802714208,254008.4802714208,0.0,TIPX,0
2022-11-15,254008.4802714208,254008.4802714208,0.0,TIPX,0
2022-11-16,254008.4802714208,254008.4802714208,0.0,TIPX,0
2022-11-17,254008.4802714208,254008.4802714208,0.0,TIPX,0
2022-11-18,253628.43389662678,264.18403395588393,253364.2498626709,XLE,3066
2022-11-21,250199.7218299764,264.18403395588393,249935.5377960205,XLE,3066
2022-11-22,258024.9083534139,264.18403395588393,257760.724319458,XLE,3066
2022-11-23,255232.1704688924,264.18403395588393,254967.98643493652,XLE,3066
2022-11-25,254292.05709608967,264.18403395588393,254027.8730621338,XLE,3066
2022-11-28,247323.9901100057,264.18403395588393,247059.8060760498,XLE,3066
2022-11-29,251056.86475905354,264.18403395588393,250792.68072509766,XLE,3066
2022-11-30,252301.21088942463,264.18403395588393,252037.02685546875,XLE,3066
2022-12-01,251471.64680251057,264.18403395588393,251207.4627685547,XLE,3066
2022-12-02,249978.50629958088,264.18403395588393,249714.322265625,XLE,3066
2022-12-05,242568.10181960042,264.18403395588393,242303.91778564453,XLE,3066
2022-12-06,236180.78115614827,264.18403395588393,235916.59712219238,XLE,3066
2022-12-07,235627.73063429768,264.18403395588393,235363.5466003418,XLE,3066
2022-12-08,234577.021192159,264.18403395588393,234312.83715820312,XLE,3066
2022-12-09,228880.99613722737,264.18403395588393,228616.81210327148,XLE,3066
2022-12-12,234881.23055800374,264.18403395588393,234617.04652404785,XLE,3066
2022-12-13,239332.97965773518,264.18403395588393,239068.7956237793,XLE,3066
2022-12-14,237867.5115638631,264.18403395588393,237603.32752990723,XLE,3066
2022-12-15,236429.64570387776,264.18403395588393,236165.46166992188,XLE,3066
2022-12-16,233526.26496657307,264.18403395588393,233262.0809326172,XLE,3066
2022-12-19,233498.3352485555,264.18403395588393,233234.1512145996,XLE,3066
2022-12-20,237018.25164565022,264.18403395588393,236754.06761169434,XLE,3066
2022-12-21,241515.91869887288,264.18403395588393,241251.734664917,XLE,3066
2022-12-22,235956.6650520223,264.18403395588393,235692.4810180664,XLE,3066
2022-12-23,243471.3966194051,264.18403395588393,243207.21258544922,XLE,3066
2022-12-27,246069.3750129598,264.18403395588393,245805.1909790039,XLE,3066
2022-12-28,240566.05097731526,264.18403395588393,240301.86694335938,XLE,3066
2022-12-29,243080.26360854084,264.18403395588393,242816.07957458496,XLE,3066
2022-12-30,244616.7255836385,264.18403395588393,244352.54154968262,XLE,3066
2023-01-03,236040.54777296956,264.18403395588393,235776.36373901367,XLE,3066
2023-01-04,236012.59466322834,264.18403395588393,235748.41062927246,XLE,3066
2023-01-05,240314.66012343342,264.18403395588393,240050.47608947754,XLE,3066
2023-01-06,244868.11643752034,264.18403395588393,244603.93240356445,XLE,3066
2023-01-09,244002.15482863362,264.18403395588393,243737.97079467773,XLE,3066
2023-01-10,245734.1716133016,264.18403395588393,245469.9875793457,XLE,3066
2023-01-11,246488.414350118,264.18403395588393,246224.2303161621,XLE,3066
2023-01-12,251181.61282118733,264.18403395588393,250917.42878723145,XLE,3066
2023-01-13,251544.7459388631,264.18403395588393,251280.56190490723,XLE,3066
2023-01-17,252075.52753981526,264.18403395588393,251811.34350585938,XLE,3066
2023-01-18,247466.1416145223,264.18403395588393,247201.9575805664,XLE,3066
2023-01-19,250539.01878127034,264.18403395588393,250274.83474731445,XLE,3066
2023-01-20,253025.30169447834,264.18403395588393,252761.11766052246,XLE,3066
2023-01-23,253360.5518775838,264.18403395588393,253096.36784362793,XLE,3066
2023-01-24,252382.82461317952,264.18403395588393,252118.64057922363,XLE,3066
2023-01-25,252410.77772292073,264.18403395588393,252146.59368896484,XLE,3066
2023-01-26,260372.3847785848,264.18403395588393,260108.2007446289,XLE,3066
2023-01-27,255120.521771993,264.18403395588393,254856.3377380371,XLE,3066
2023-01-30,249281.947553243,264.18403395588393,249017.7635192871,XLE,3066
2023-01-31,251488.88650282795,264.18403395588393,251224.70246887207,XLE,3066
2023-02-01,246544.29717787678,264.18403395588393,246280.1131439209,XLE,3066
2023-02-02,240929.27766188557,264.18403395588393,240665.0936279297,XLE,3066
2023-02-03,240398.44927748616,264.18403395588393,240134.26524353027,XLE,3066
2023-02-06,239308.97974928792,264.18403395588393,239044.79571533203,XLE,3066
2023-02-07,247075.03199538167,264.18403395588393,246810.84796142578,XLE,3066
2023-02-08,244868.11643752034,264.18403395588393,244603.93240356445,XLE,3066
2023-02-09,242772.9665351766,264.18403395588393,242508.7825012207,XLE,3066
2023-02-10,252271.05895766194,264.18403395588393,252006.87492370605,XLE,3066
2023-02-13,251628.5818763631,264.18403395588393,251364.39784240723,XLE,3066
2023-02-14,251712.37103041584,264.18403395588393,251448.18699645996,XLE,3066
2023-02-15,247438.23528822834,264.18403395588393,247174.05125427246,XLE,3066
2023-02-16,245007.83520277913,264.18403395588393,244743.65116882324,XLE,3066
2023-02-17,236291.91523512776,264.18403395588393,236027.73120117188,XLE,3066
2023-02-21,235118.60976942952,264.18403395588393,234854.42573547363,XLE,3066
2023-02-22,233554.24146803792,264.18403395588393,233290.05743408203,XLE,3066
2023-02-23,237074.08768996174,264.18403395588393,236809.90365600586,XLE,3066
2023-02-24,236766.86079176838,264.18403395588393,236502.6767578125,XLE,3066
2023-02-27,237465.220700826,264.18403395588393,237201.03666687012,XLE,3066
2023-02-28,234057.11674269612,264.18403395588393,233792.93270874023,XLE,3066
2023-03-01,238666.40910109456,264.18403395588393,238402.22506713867,XLE,3066
2023-03-02,240761.5590034383,264.18403395588393,240497.37496948242,XLE,3066
2023-03-03,244030.10793837483,264.18403395588393,243765.92390441895,XLE,3066
2023-03-06,244141.82681044514,264.18403395588393,243877.64277648926,XLE,3066
2023-03-07,239895.64417799885,264.18403395588393,239631.46014404297,XLE,3066
2023-03-08,237437.31437453206,264.18403395588393,237173.13034057617,XLE,3066
2023-03-09,234084.99967726643,264.18403395588393,233820.81564331055,XLE,3066
2023-03-10,231095.91166457112,264.18403395588393,230831.72763061523,XLE,3066
2023-03-13,226402.71319350178,264.18403395588393,226138.5291595459,XLE,3066
2023-03-14,228637.58186110432,264.18403395588393,228373.39782714844,XLE,3066
2023-03-15,216373.83917006428,264.18403395588393,216109.6551361084,XLE,3066
2023-03-16,218720.45010146077,264.18403395588393,218456.26606750488,XLE,3066
2023-03-17,215284.3462501424,264.18403395588393,215020.16221618652,XLE,3066
2023-03-20,219589.00819167073,264.18403395588393,219324.82415771484,XLE,3066
2023-03-21,227182.1254249471,264.18403395588393,226917.9413909912,XLE,3066
2023-03-22,222355.26664503987,264.18403395588393,222091.08261108398,XLE,3066
2023-03-23,219278.48306044514,264.18403395588393,219014.29902648926,XLE,3066
2023-03-24,220125.31023940022,264.18403395588393,219861.12620544434,XLE,3066
2023-03-27,224811.0467506307,264.18403395588393,224546.8627166748,XLE,3066
2023-03-28,228282.96333083088,264.18403395588393,228018.779296875,XLE,3066
2023-03-29,231444.40156325276,264.18403395588393,231180.21752929688,XLE,3066
2023-03-30,232460.60821303303,264.18403395588393,232196.42417907715,XLE,3066
2023-03-31,234069.5143562215,264.18403395588393,233805.33032226562,XLE,3066
2023-04-03,244654.69035109456,264.18403395588393,244390.50631713867,XLE,3066
2023-04-04,240223.05813368733,264.18403395588393,239958.87409973145,XLE,3066
2023-04-05,243836.14376601155,264.18403395588393,243571.95973205566,XLE,3066
2023-04-06,240138.35670241292,264.18403395588393,239874.17266845703,XLE,3066
2023-04-10,242057.8113685506,264.18403395588393,241793.62733459473,XLE,3066
2023-04-11,244344.16521986897,264.18403395588393,244079.9811859131,XLE,3066
2023-04-12,244513.54469069417,264.18403395588393,244249.36065673828,XLE,3066
2023-04-13,246037.81957777913,264.18403395588393,245773.63554382324,XLE,3066
2023-04-14,246489.4903694051,264.18403395588393,246225.30633544922,XLE,3066
2023-04-17,243582.0394721883,264.18403395588393,243317.85543823242,XLE,3066
2023-04-18,244541.8018928426,264.18403395588393,244277.61785888672,XLE,3066
2023-04-19,243694.9513221639,264.18403395588393,243430.767288208,XLE,3066
2023-04-20,241549.69634779866,264.18403395588393,241285.51231384277,XLE,3066
2023-04-21,240138.35670241292,264.18403395588393,239874.17266845703,XLE,3066
2023-04-24,243807.8865638631,264.18403395588393,243543.70252990723,XLE,3066
2023-04-25,239235.13207777913,264.18403395588393,238970.94804382324,XLE,3066
2023-04-26,236045.4366432088,264.18403395588393,235781.25260925293,XLE,3066
2023-04-27,236892.24043044026,264.18403395588393,236628.05639648438,XLE,3066
2023-04-28,240561.7936836141,264.18403395588393,240297.6096496582,XLE,3066
2023-05-01,237851.93267592366,264.18403395588393,237587.74864196777,XLE,3066
2023-05-02,227520.8141914266,264.18403395588393,227256.6301574707,XLE,3066
2023-05-03,223230.25745924885,264.18403395588393,222966.07342529297,XLE,3066
2023-05-04,220746.33711012776,264.18403395588393,220482.15307617188,XLE,3066
2023-05-05,226730.47802504475,264.18403395588393,226466.29399108887,XLE,3066
2023-05-08,226730.47802504475,264.18403395588393,226466.29399108887,XLE,3066
2023-05-09,226815.1326728719,264.18403395588393,226550.94863891602,XLE,3066
2023-05-10,224246.48750075276,264.18403395588393,223982.30346679688,XLE,3066
2023-05-11,221564.93047865803,264.18403395588393,221300.74644470215,XLE,3066
2023-05-12,221239.6700378545,261.8714843876951,220977.7985534668,XLI,2332
2023-05-15,222316.69350587207,261.8714843876951,222054.82202148438,XLI,2332
2023-05-16,219309.94146119434,261.8714843876951,219048.06997680664,XLI,2332
2023-05-17,223079.6570373662,261.8714843876951,222817.78555297852,XLI,2332
2023-05-18,224695.2367187627,261.8714843876951,224433.365234375,XLI,2332
2023-05-19,224156.69829713184,261.8714843876951,223894.82681274414,XLI,2332
2023-05-22,224111.80971680957,261.8714843876951,223849.93823242188,XLI,2332
2023-05-23,221419.13540040332,261.8714843876951,221157.26391601562,XLI,2332
2023-05-24,218569.46669923145,261.8714843876951,218307.59521484375,XLI,2332
2023-05-25,219287.48827515918,261.8714843876951,219025.61679077148,XLI,2332
2023-05-26,220925.52114259082,261.8714843876951,220663.64965820312,XLI,2332
2023-05-30,220588.9546447881,261.8714843876951,220327.0831604004,XLI,2332
2023-05-31,217582.13143311816,261.8714843876951,217320.25994873047,XLI,2332
2023-06-01,220364.5651184209,261.8714843876951,220102.6936340332,XLI,2332
2023-06-02,226081.27049281055,350.5110323613335,225730.75946044922,XLK,1377
2023-06-05,224782.89497401172,350.5110323613335,224432.3839416504,XLK,1377
2023-06-06,224728.74871851856,350.5110323613335,224378.23768615723,XLK,1377
2023-06-07,221374.60145594532,350.5110323613335,221024.09042358398,XLK,1377
2023-06-08,223768.5299074834,350.5110323613335,223418.01887512207,XLK,1377
2023-06-09,224877.53010584766,350.5110323613335,224527.01907348633,XLK,1377
2023-06-12,229760.0431521123,350.5110323613335,229409.53211975098,XLK,1377
2023-06-13,231153.1168368047,350.5110323613335,230802.60580444336,XLK,1377
2023-06-14,233533.51397730762,350.5110323613335,233183.0029449463,XLK,1377
2023-06-15,236535.99423243458,350.5110323613335,236185.48320007324,XLK,1377
2023-06-16,234588.43095423633,350.5110323613335,234237.919921875,XLK,1377
2023-06-20,233005.43565394336,350.5110323613335,232654.92462158203,XLK,1377
2023-06-21,229562.8936312383,350.5110323613335,229212.38259887695,XLK,1377
2023-06-22,231433.24018885547,350.5110323613335,231082.72915649414,XLK,1377
2023-06-23,228925.91346766407,350.5110323613335,228575.40243530273,XLK,1377
2023-06-26,227285.97740199024,350.5110323613335,226935.4663696289,XLK,1377
2023-06-27,231758.55896021778,350.5110323613335,231408.04792785645,XLK,1377
2023-06-28,231894.08218409473,350.5110323613335,231543.5711517334,XLK,1377
2023-06-29,232300.6518557256,350.5110323613335,231950.14082336426,XLK,1377
2023-06-30,235987.13568140919,350.5110323613335,235636.62464904785,XLK,1377
2023-07-03,235485.67874171192,350.5110323613335,235135.1677093506,XLK,1377
2023-07-05,234035.49620081836,350.5110323613335,233684.98516845703,XLK,1377
2023-07-06,233412.0473482793,350.5110323613335,233061.53631591797,XLK,1377
2023-07-07,232395.539123792,350.5110323613335,232045.02809143066,XLK,1377
2023-07-10,233005.43565394336,350.5110323613335,232654.92462158203,XLK,1377
2023-07-11,233506.91360499317,350.5110323613335,233156.40257263184,XLK,1377
2023-07-12,236149.78456141407,350.5110323613335,235799.27352905273,XLK,1377
2023-07-13,239226.35084559376,350.5110323613335,238875.83981323242,XLK,1377
2023-07-14,238874.01147486622,350.5110323613335,238523.50044250488,XLK,1377
2023-07-17,241923.45210291797,350.5110323613335,241572.94107055664,XLK,1377
2023-07-18,244661.21032740528,350.5110323613335,244310.69929504395,XLK,1377
2023-07-19,244051.3137972539,350.5110323613335,243700.80276489258,XLK,1377
2023-07-20,239185.7148897832,350.5110323613335,238835.20385742188,XLK,1377
2023-07-21,239063.74398829395,350.5110323613335,238713.23295593262,XLK,1377
2023-07-24,239483.88699366504,350.5110323613335,239133.3759613037,XLK,1377
2023-07-25,242221.64521815235,350.5110323613335,241871.13418579102,XLK,1377
2023-07-26,238968.835708875,350.5110323613335,238618.32467651367,XLK,1377
2023-07-27,238277.64625575,350.5110323613335,237927.13522338867,XLK,1377
2023-07-28,241516.86141993458,350.5110323613335,241166.35038757324,XLK,1377
2023-07-31,242072.5696718877,350.5110323613335,241722.05863952637,XLK,1377
2023-08-01,242479.11833216602,350.5110323613335,242128.6072998047,XLK,1377
2023-08-02,236488.5716097539,350.5110323613335,236138.06057739258,XLK,1377
2023-08-03,235526.35672022754,350.5110323613335,235175.8456878662,XLK,1377
2023-08-04,232327.77751185352,350.5110323613335,231977.2664794922,XLK,1377
2023-08-07,232978.30999781544,350.5110323613335,232627.7989654541,XLK,1377
2023-08-08,231189.3193972295,350.5110323613335,230838.80836486816,XLK,1377
2023-08-09,228207.55633570606,350.5110323613335,227857.04530334473,XLK,1377
2023-08-10,228234.70300318653,350.5110323613335,227884.1919708252,XLK,1377
2023-08-11,226554.10997034961,350.5110323613335,226203.59893798828,XLK,1377
2023-08-14,230159.2588503545,350.5110323613335,229808.74781799316,XLK,1377
2023-08-15,227895.85292078907,350.5110323613335,227545.34188842773,XLK,1377
2023-08-16,225727.3132479375,350.5110323613335,225376.80221557617,XLK,1377
2023-08-17,223585.9202425664,350.5110323613335,223235.40921020508,XLK,1377
2023-08-18,223924.77032496387,350.5110323613335,223574.25929260254,XLK,1377
2023-08-21,228194.0250246709,350.5110323613335,227843.51399230957,XLK,1377
2023-08-22,227936.50988795215,350.5110323613335,227585.99885559082,XLK,1377
2023-08-23,232043.13671900684,350.5110323613335,231692.6256866455,XLK,1377
2023-08-24,226703.18551661426,350.5110323613335,226352.67448425293,XLK,1377
2023-08-25,229007.24841334278,350.5110323613335,228656.73738098145,XLK,1377
2023-08-28,230877.6159823125,350.5110323613335,230527.10494995117,XLK,1377
2023-08-29,235499.21005274708,350.5110323613335,235148.69902038574,XLK,1377
2023-08-30,237274.73237635547,350.5110323613335,236924.22134399414,XLK,1377
2023-08-31,238426.7428133672,350.5110323613335,238076.23178100586,XLK,1377
2023-09-01,239158.61024500782,350.5110323613335,238808.09921264648,XLK,1377
2023-09-05,240012.4485781377,350.5110323613335,239661.93754577637,XLK,1377
2023-09-06,237477.99620081836,350.5110323613335,237127.48516845703,XLK,1377
2023-09-07,234049.00650050098,350.5110323613335,233698.49546813965,XLK,1377
2023-09-08,234536.9321291631,350.5110323613335,234186.42109680176,XLK,1377
2023-09-11,235756.74620081836,350.5110323613335,235406.23516845703,XLK,1377
2023-09-12,231487.44947840626,350.5110323613335,231136.93844604492,XLK,1377
2023-09-13,232070.2833864873,350.5110323613335,231719.77235412598,XLK,1377
2023-09-14,233750.87641932422,350.5110323613335,233400.3653869629,XLK,1377
2023-09-15,229264.72152735645,350.5110323613335,228914.21049499512,XLK,1377
2023-09-18,230364.91796900684,350.5110323613335,230014.4069366455,XLK,1377
2023-09-19,230242.65290858204,350.5110323613335,229892.1418762207,XLK,1377
2023-09-20,226629.81387354786,350.5110323613335,226279.30284118652,XLK,1377
2023-09-21,223179.9178774541,350.5110323613335,222829.40684509277,XLK,1377
2023-09-22,223655.27871729786,350.5110323613335,223304.76768493652,XLK,1377
2023-09-25,224375.16967799122,350.5110323613335,224024.65864562988,XLK,1377
2023-09-26,220341.26313807422,350.5110323613335,219990.7521057129,XLK,1377
2023-09-27,220680.80659510547,350.5110323613335,220330.29556274414,XLK,1377
2023-09-28,222242.7485201543,350.5110323613335,221892.23748779297,XLK,1377
2023-09-29,223003.35948206836,350.5110323613335,222652.84844970703,XLK,1377
2023-10-02,225393.77903773243,350.5110323613335,225043.2680053711,XLK,1377
2023-10-03,221577.2139284795,350.5110323613335,221226.70289611816,XLK,1377
2023-10-04,224334.42866541797,350.5110323613335,223983.91763305664,XLK,1377
2023-10-05,224633.21009852344,350.5110323613335,224282.6990661621,XLK,1377
2023-10-06,228830.10170008594,350.5110323613335,228479.5906677246,XLK,1377
2023-10-09,230011.78016688282,350.5110323613335,229661.26913452148,XLK,1377
2023-10-10,230364.91796900684,350.5110323613335,230014.4069366455,XLK,1377
2023-10-11,232497.31811549122,350.5110323613335,232146.80708312988,XLK,1377
2023-10-12,232714.6175234502,350.5110323613335,232364.10649108887,XLK,1377
2023-10-13,229386.96557642872,350.5110323613335,229036.45454406738,XLK,1377
2023-10-16,231587.29542567188,350.5110323613335,231236.78439331055,XLK,1377
2023-10-17,230514.30868555958,350.5110323613335,230163.79765319824,XLK,1377
2023-10-18,228151.01478602344,350.5110323613335,227800.5037536621,XLK,1377
2023-10-19,226847.11328150684,350.5110323613335,226496.6022491455,XLK,1377
2023-10-20,223016.95382716114,350.5110323613335,222666.4427947998,XLK,1377
2023-10-23,223274.99424769336,350.5110323613335,222924.48321533203,XLK,1377
2023-10-24,224809.78950526172,350.5110323613335,224459.2784729004,XLK,1377
2023-10-25,222161.26649500782,350.5110323613335,221810.75546264648,XLK,1377
2023-10-26,217923.63388087208,350.5110323613335,217573.12284851074,XLK,1377
2023-10-27,218858.49798813372,218858.49798813372,0.0,GLD,0
2023-10-30,218858.49798813372,218858.49798813372,0.0,GLD,0
2023-10-31,218858.49798813372,218858.49798813372,0.0,GLD,0
2023-11-01,218858.49798813372,218858.49798813372,0.0,GLD,0
2023-11-02,218858.49798813372,218858.49798813372,0.0,GLD,0
2023-11-03,218858.49798813372,218858.49798813372,0.0,GLD,0
2023-11-06,218858.49798813372,218858.49798813372,0.0,GLD,0
2023-11-07,218858.49798813372,218858.49798813372,0.0,GLD,0
2023-11-08,218858.49798813372,218858.49798813372,0.0,GLD,0
2023-11-09,218858.49798813372,218858.49798813372,0.0,GLD,0
2023-11-10,218858.49798813372,218858.49798813372,0.0,GLD,0
2023-11-13,218858.49798813372,218858.49798813372,0.0,GLD,0
2023-11-14,218858.49798813372,218858.49798813372,0.0,GLD,0
2023-11-15,218858.49798813372,218858.49798813372,0.0,GLD,0
2023-11-16,218858.49798813372,218858.49798813372,0.0,GLD,0
2023-11-17,218531.24118614703,360.0398616841412,218171.2013244629,XLK,1210
2023-11-20,221693.9761714986,360.0398616841412,221333.93630981445,XLK,1210
2023-11-21,219903.77216148883,360.0398616841412,219543.7322998047,XLK,1210
2023-11-22,220882.46600914508,360.0398616841412,220522.42614746094,XLK,1210
2023-11-24,220452.79193687945,360.0398616841412,220092.7520751953,XLK,1210
2023-11-27,220440.8462886861,360.0398616841412,220080.80642700195,XLK,1210
2023-11-28,220858.57471275836,360.0398616841412,220498.53485107422,XLK,1210
2023-11-29,221025.66608238727,360.0398616841412,220665.62622070312,XLK,1210
2023-11-30,221347.90317345172,360.0398616841412,220987.86331176758,XLK,1210
2023-12-01,221849.17728233844,360.0398616841412,221489.1374206543,XLK,1210
2023-12-04,219151.86099815875,360.0398616841412,218791.8211364746,XLK,1210
2023-12-05,220464.71912193805,360.0398616841412,220104.6792602539,XLK,1210
2023-12-06,218602.84122276813,360.0398616841412,218242.80136108398,XLK,1210
2023-12-07,221252.43030357867,360.0398616841412,220892.39044189453,XLK,1210
2023-12-08,223138.14410973102,360.0398616841412,222778.10424804688,XLK,1210
2023-12-11,225083.54923058063,360.0398616841412,224723.50936889648,XLK,1210
2023-12-12,226575.40744591266,360.0398616841412,226215.36758422852,XLK,1210
2023-12-13,228568.57669640094,360.0398616841412,228208.5368347168,XLK,1210
2023-12-14,228007.61127281695,360.0398616841412,227647.5714111328,XLK,1210
2023-12-15,229153.37802696734,360.0398616841412,228793.3381652832,XLK,1210
2023-12-18,229837.5664119771,360.0398616841412,229477.52655029297,XLK,1210
2023-12-19,230710.72498131305,360.0398616841412,230350.6851196289,XLK,1210
2023-12-20,227229.99942589313,360.0398616841412,226869.95956420898,XLK,1210
2023-12-21,229777.74585533648,360.0398616841412,229417.70599365234,XLK,1210
2023-12-22,230076.7932491353,360.0398616841412,229716.75338745117,XLK,1210
2023-12-26,231033.70059776813,360.0398616841412,230673.66073608398,XLK,1210
2023-12-27,231021.71802330523,360.0398616841412,230661.6781616211,XLK,1210
2023-12-28,231296.81873131305,360.0398616841412,230936.7788696289,XLK,1210
2023-12-29,230591.12079430133,360.0398616841412,230231.0809326172,XLK,1210
2024-01-02,224562.61188316852,360.0398616841412,224202.57202148438,XLK,1210
2024-01-03,222278.0205135396,360.0398616841412,221917.98065185547,XLK,1210
2024-01-04,220651.27063560992,360.0398616841412,220291.23077392578,XLK,1210
2024-01-05,220591.4500789693,360.0398616841412,220231.41021728516,XLK,1210
2024-01-08,226117.59555626422,360.0398616841412,225757.55569458008,XLK,1210
2024-01-09,226476.40811729938,360.0398616841412,226116.36825561523,XLK,1210
2024-01-10,228402.18692589313,360.0398616841412,228042.14706420898,XLK,1210
2024-01-11,229562.42877769977,360.0398616841412,229202.38891601562,XLK,1210
2024-01-12,230304.01904869586,360.0398616841412,229943.97918701172,XLK,1210
2024-01-16,230878.18561363727,360.0398616841412,230518.14575195312,XLK,1210
2024-01-17,229741.87198448688,360.0398616841412,229381.83212280273,XLK,1210
2024-01-18,234394.80350304156,360.0398616841412,234034.76364135742,XLK,1210
2024-01-19,239789.38068199664,360.0398616841412,239429.3408203125,XLK,1210
2024-01-22,240841.94553185016,360.0398616841412,240481.90567016602,XLK,1210
2024-01-23,241810.79852867633,360.0398616841412,241450.7586669922,XLK,1210
2024-01-24,243473.4407405904,360.0398616841412,243113.40087890625,XLK,1210
2024-01-25,244490.15018272906,360.0398616841412,244130.11032104492,XLK,1210
2024-01-26,241679.23023033648,360.0398616841412,241319.19036865234,XLK,1210
2024-01-29,243892.07385826617,360.0398616841412,243532.03399658203,XLK,1210
2024-01-30,241882.58319664508,360.0398616841412,241522.54333496094,XLK,1210
2024-01-31,236810.98163414508,360.0398616841412,236450.94177246094,XLK,1210
2024-02-01,239789.38068199664,360.0398616841412,239429.3408203125,XLK,1210
2024-02-02,242265.34244347125,360.0398616841412,241905.3025817871,XLK,1210
2024-02-05,242815.54385948688,360.0398616841412,242455.50399780273,XLK,1210
2024-02-06,241703.1769161275,360.0398616841412,241343.13705444336,XLK,1210
2024-02-07,244896.81918907672,360.0398616841412,244536.77932739258,XLK,1210
2024-02-08,245662.3192195943,360.0398616841412,245302.27935791016,XLK,1210
2024-02-09,248963.67542076617,360.0398616841412,248603.63555908203,XLK,1210
2024-02-12,247073.7889461568,360.0398616841412,246713.74908447266,XLK,1210
2024-02-13,242887.32852745563,360.0398616841412,242527.28866577148,XLK,1210
2024-02-14,245423.1477718404,360.0398616841412,245063.10791015625,XLK,1210
2024-02-15,244908.76483727008,360.0398616841412,244548.72497558594,XLK,1210
2024-02-16,242660.06580162555,360.0398616841412,242300.0259399414,XLK,1210
2024-02-20,240196.0496883443,360.0398616841412,239836.00982666016,XLK,1210
2024-02-21,238688.90399742633,360.0398616841412,238328.8641357422,XLK,1210
2024-02-22,246487.65826988727,360.0398616841412,246127.61840820312,XLK,1210
2024-02-23,245913.5286312154,360.0398616841412,245553.48876953125,XLK,1210
2024-02-26,246152.7554683736,360.0398616841412,245792.71560668945,XLK,1210
2024-02-27,246368.0725460103,360.0398616841412,246008.03268432617,XLK,1210
2024-02-28,245207.83069420367,360.0398616841412,244847.79083251953,XLK,1210
2024-02-29,247934.9834041646,360.0398616841412,247574.94354248047,XLK,1210
2024-03-01,252456.34662437945,360.0398616841412,252096.3067626953,XLK,1210
2024-03-04,252456.34662437945,360.0398616841412,252096.3067626953,XLK,1210
2024-03-05,246260.41400719195,360.0398616841412,245900.3741455078,XLK,1210
2024-03-06,248210.1025753072,360.0398616841412,247850.06271362305,XLK,1210
2024-03-07,252121.44382286578,360.0398616841412,251761.40396118164,XLK,1210
2024-03-08,248377.5632076314,360.0398616841412,248017.52334594727,XLK,1210
2024-03-11,247695.7565670064,360.0398616841412,247335.71670532227,XLK,1210
2024-03-12,252767.37659264117,360.0398616841412,252407.33673095703,XLK,1210
2024-03-13,250040.16849327594,360.0398616841412,249680.1286315918,XLK,1210
2024-03-14,250088.0434017232,360.0398616841412,249728.00354003906,XLK,1210
2024-03-15,246320.2161006978,360.0398616841412,245960.17623901367,XLK,1210
2024-03-18,247529.12677574664,360.0398616841412,247169.0869140625,XLK,1210
2024-03-19,248811.09607506305,360.0398616841412,248451.0562133789,XLK,1210
2024-03-20,251590.68408775836,360.0398616841412,251230.64422607422,XLK,1210
2024-03-21,251770.40424156695,360.0398616841412,251410.3643798828,XLK,1210
2024-03-22,251854.2822628072,360.0398616841412,251494.24240112305,XLK,1210
2024-03-25,250188.92597008258,360.0398616841412,249828.88610839844,XLK,1210
2024-03-26,249158.55380821734,360.0398616841412,248798.5139465332,XLK,1210
2024-03-27,250428.54053307086,360.0398616841412,250068.50067138672,XLK,1210
2024-03-28,249889.38007164508,360.0398616841412,249529.34020996094,XLK,1210
2024-04-01,250584.29553795367,360.0398616841412,250224.25567626953,XLK,1210
2024-04-02,248176.07501793414,360.0398616841412,247816.03515625,XLK,1210
2024-04-03,248835.04276085406,360.0398616841412,248475.00289916992,XLK,1210
2024-04-04,244905.27530479938,360.0398616841412,244545.23544311523,XLK,1210
2024-04-05,247708.82846642047,360.0398616841412,247348.78860473633,XLK,1210
2024-04-08,247421.28360558063,360.0398616841412,247061.24374389648,XLK,1210
2024-04-09,248667.3421077779,360.0398616841412,248307.30224609375,XLK,1210
2024-04-10,245624.13745689898,360.0398616841412,245264.09759521484,XLK,1210
2024-04-11,250524.38266563922,360.0398616841412,250164.34280395508,XLK,1210
2024-04-12,246474.77100182086,360.0398616841412,246114.73114013672,XLK,1210
2024-04-15,241802.17624474078,360.0398616841412,241442.13638305664,XLK,1210
2024-04-16,242089.72110558063,360.0398616841412,241729.68124389648,XLK,1210
2024-04-17,238603.23505211383,360.0398616841412,238243.1951904297,XLK,1210
2024-04-18,235883.52298546344,360.0398616841412,235523.4831237793,XLK,1210
2024-04-19,231031.20807457477,360.0398616841412,230671.16821289062,XLK,1210
2024-04-22,233091.95239830523,360.0398616841412,232731.9125366211,XLK,1210
2024-04-23,236542.50919151813,360.0398616841412,236182.46932983398,XLK,1210
2024-04-24,237620.7747249654,360.0398616841412,237260.73486328125,XLK,1210
2024-04-25,237105.61633873492,360.0398616841412,236745.57647705078,XLK,1210
2024-04-26,239777.37964439898,360.0398616841412,239417.33978271484,XLK,1210
2024-04-29,240807.75180626422,360.0398616841412,240447.71194458008,XLK,1210
2024-04-30,235512.1370296529,360.0398616841412,235152.09716796875,XLK,1210
2024-05-01,233103.91650963336,360.0398616841412,232743.87664794922,XLK,1210
2024-05-02,236458.61270714313,360.0398616841412,236098.57284545898,XLK,1210
2024-05-03,243036.21524620563,360.0398616841412,242676.17538452148,XLK,1210
2024-05-06,245887.68024254352,360.0398616841412,245527.64038085938,XLK,1210
2024-05-07,245084.9769954732,360.0398616841412,244724.93713378906,XLK,1210
2024-05-08,245779.87399864703,360.0398616841412,245419.8341369629,XLK,1210
2024-05-09,245707.9785518697,360.0398616841412,245347.93869018555,XLK,1210
2024-05-10,246618.5803585103,360.0398616841412,246258.54049682617,XLK,1210
2024-05-13,247780.68698692828,360.0398616841412,247420.64712524414,XLK,1210
2024-05-14,249973.2580928853,360.0398616841412,249613.21823120117,XLK,1210
2024-05-15,255592.38391685992,360.0398616841412,255232.34405517578,XLK,1210
2024-05-16,254705.76572227984,360.0398616841412,254345.7258605957,XLK,1210
2024-05-17,254142.65857506305,360.0398616841412,253782.6187133789,XLK,1210
2024-05-20,257125.93189049273,360.0398616841412,256765.8920288086,XLK,1210
2024-05-21,257545.2666072896,360.0398616841412,257185.22674560547,XLK,1210
2024-05-22,258120.37479210406,360.0398616841412,257760.33493041992,XLK,1210
2024-05-23,256023.68274498492,360.0398616841412,255663.64288330078,XLK,1210
2024-05-24,257408.1437642415,490.37203572588624,256917.77172851562,VUG,728
2024-05-28,258803.13644002276,490.37203572588624,258312.76440429688,VUG,728
2024-05-29,257885.1828267415,490.37203572588624,257394.81079101562,VUG,728
2024-05-30,254162.86959431964,490.37203572588624,253672.49755859375,VUG,728
2024-05-31,253953.2763326009,490.37203572588624,253462.904296875,VUG,728
2024-06-03,255904.75533650714,490.37203572588624,255414.38330078125,VUG,728
2024-06-04,256996.1554829915,490.37203572588624,256505.78344726562,VUG,728
2024-06-05,261477.35006306964,490.37203572588624,260986.97802734375,VUG,728
2024-06-06,261773.69991658526,490.37203572588624,261283.32788085938,VUG,728
2024-06-07,261506.2763326009,490.37203572588624,261015.904296875,VUG,728
2024-06-10,262301.3266255696,490.37203572588624,261810.95458984375,VUG,728
2024-06-11,264917.7765767415,490.37203572588624,264427.4045410156,VUG,728
2024-06-12,268488.2824361165,490.37203572588624,267997.9104003906,VUG,728
2024-06-13,268799.09542439773,490.37203572588624,268308.7233886719,VUG,728
2024-06-14,269724.20284627273,490.37203572588624,269233.8308105469,VUG,728
2024-06-17,271928.6867329915,490.37203572588624,271438.3146972656,VUG,728
2024-06-18,272434.65206502273,490.37203572588624,271944.2800292969,VUG,728
2024-06-20,270627.71554158523,490.37203572588624,270137.3435058594,VUG,728
2024-06-21,270367.51241658523,490.37203572588624,269877.1403808594,VUG,728
2024-06-24,267729.3566548665,490.37203572588624,267238.9846191406,VUG,728
2024-06-25,271422.78805135086,490.37203572588624,270932.416015625,VUG,728
2024-06-26,272593.63546346023,490.37203572588624,272103.2634277344,VUG,728
2024-06-27,273386.730678304,490.37203572588624,272896.3586425781,VUG,728
2024-06-28,271143.4562642415,490.37203572588624,270653.0842285156,VUG,728
2024-07-01,273090.092006429,490.37203572588624,272599.7199707031,VUG,728
2024-07-02,275441.9399068196,490.37203572588624,274951.56787109375,VUG,728
2024-07-03,277482.64156697586,490.37203572588624,276992.26953125,VUG,728
2024-07-05,280804.1860005696,490.37203572588624,280313.81396484375,VUG,728
2024-07-08,280833.1567036946,490.37203572588624,280342.78466796875,VUG,728
2024-07-09,281506.1479146321,490.37203572588624,281015.77587890625,VUG,728
2024-07-10,284118.53219197586,490.37203572588624,283628.16015625,VUG,728
2024-07-11,278191.82394002273,490.37203572588624,277701.4519042969,VUG,728
2024-07-12,279877.9233052571,490.37203572588624,279387.55126953125,VUG,728
2024-07-15,280572.64254353836,490.37203572588624,280082.2705078125,VUG,728
2024-07-16,280521.9660298665,490.37203572588624,280031.5939941406,VUG,728
2024-07-17,272865.72457478836,490.37203572588624,272375.3525390625,VUG,728
2024-07-18,270687.5675923665,490.37203572588624,270197.1955566406,VUG,728
2024-07-19,269066.58565877273,490.37203572588624,268576.2136230469,VUG,728
2024-07-22,273242.0326802571,490.37203572588624,272751.66064453125,VUG,728
2024-07-23,273213.084193929,490.37203572588624,272722.7121582031,VUG,728
2024-07-24,263074.7377583821,490.37203572588624,262584.36572265625,VUG,728
2024-07-25,260049.85421346026,490.37203572588624,259559.48217773438,VUG,728
2024-07-26,262249.73922322586,490.37203572588624,261759.3671875,VUG,728
2024-07-29,262995.1127583821,490.37203572588624,262504.74072265625,VUG,728
2024-07-30,259919.619350179,490.37203572588624,259429.24731445312,VUG,728
2024-07-31,266287.7531392415,490.37203572588624,265797.3811035156,VUG,728
2024-08-01,261924.107631429,490.37203572588624,261433.73559570312,VUG,728
2024-08-02,256388.17061971026,490.37203572588624,255897.79858398438,VUG,728
2024-08-05,247313.58663533526,490.37203572588624,246823.21459960938,VUG,728
2024-08-06,250475.92550252276,490.37203572588624,249985.55346679688,VUG,728
2024-08-07,248109.59225056964,490.37203572588624,247619.22021484375,VUG,728
2024-08-08,255541.5107076009,490.37203572588624,255051.138671875,VUG,728
2024-08-09,257343.40401814776,490.37203572588624,256853.03198242188,VUG,728
2024-08-12,258356.48995564776,490.37203572588624,257866.11791992188,VUG,728
2024-08-13,264102.3312642415,490.37203572588624,263611.9592285156,VUG,728
2024-08-14,264666.74898885086,490.37203572588624,264176.376953125,VUG,728
2024-08-15,269934.9291646321,490.37203572588624,269444.55712890625,VUG,728
2024-08-16,270521.0971333821,490.37203572588624,270030.72509765625,VUG,728
2024-08-19,273799.252162679,490.37203572588624,273308.8801269531,VUG,728
2024-08-20,273524.25265096023,490.37203572588624,273033.8806152344,VUG,728
2024-08-21,274805.1176411946,490.37203572588624,274314.74560546875,VUG,728
2024-08-22,270781.61129353836,490.37203572588624,270291.2392578125,VUG,728
2024-08-23,273878.877162679,490.37203572588624,273388.5051269531,VUG,728
2024-08-26,272294.06417439773,490.37203572588624,271803.6921386719,VUG,728
2024-08-27,273111.79781697586,490.37203572588624,272621.42578125,VUG,728
2024-08-28,270231.63448689773,490.37203572588624,269741.2624511719,VUG,728
2024-08-29,269587.59176228836,490.37203572588624,269097.2197265625,VUG,728
2024-08-30,272257.87301228836,490.37203572588624,271767.5009765625,VUG,728
2024-09-03,264218.1029927571,490.37203572588624,263727.73095703125,VUG,728
2024-09-04,263371.44308064773,490.37203572588624,262881.0710449219,VUG,728
2024-09-05,263617.4496724446,490.37203572588624,263127.07763671875,VUG,728
2024-09-06,258276.9093892415,490.37203572588624,257786.53735351562,VUG,728
2024-09-09,261482.7043111165,490.37203572588624,260992.33227539062,VUG,728
2024-09-10,263328.0092427571,490.37203572588624,262837.63720703125,VUG,728
2024-09-11,268668.54952596023,490.37203572588624,268178.1774902344,VUG,728
2024-09-12,271295.4191548665,490.37203572588624,270805.0471191406,VUG,728
2024-09-13,271515.5980827421,280.22350235877093,271235.3745803833,XLU,3579
2024-09-16,273587.656462869,280.22350235877093,273307.43296051025,XLU,3579
2024-09-17,273380.46154709754,280.22350235877093,273100.23804473877,XLU,3579
2024-09-18,271308.34855576453,280.22350235877093,271028.12505340576,XLU,3579
2024-09-19,269719.7358772367,280.22350235877093,269439.51237487793,XLU,3579
2024-09-20,276833.93768998084,280.22350235877093,276553.71418762207,XLU,3579
2024-09-23,279577.19509812293,280.22350235877093,279296.97159576416,XLU,3579
2024-09-24,277595.38173600135,280.22350235877093,277315.1582336426,XLU,3579
2024-09-25,279055.6853859037,280.22350235877093,278775.4618835449,XLU,3579
2024-09-26,277143.3647834867,280.22350235877093,276863.14128112793,XLU,3579
2024-09-27,279890.06269761024,280.22350235877093,279609.83919525146,XLU,3579
2024-09-30,281141.7788459867,280.22350235877093,280861.55534362793,XLU,3579
2024-10-01,283401.7270805448,280.22350235877093,283121.50357818604,XLU,3579
2024-10-02,283540.8218223661,280.22350235877093,283260.5983200073,XLU,3579
2024-10-03,283436.4871131986,280.22350235877093,283156.26361083984,XLU,3579
2024-10-04,282984.52477189,280.22350235877093,282704.30126953125,XLU,3579
2024-10-07,276482.7876350492,280.22350235877093,276202.56413269043,XLU,3579
2024-10-08,276621.82776566443,280.22350235877093,276341.60426330566,XLU,3579
2024-10-09,274257.5994331449,280.22350235877093,273977.37593078613,XLU,3579
2024-10-10,273423.11289902625,280.22350235877093,273142.8893966675,XLU,3579
2024-10-11,274996.8559990133,320.6943474019645,274676.1616516113,XLE,3058
2024-10-14,274878.4994163717,320.6943474019645,274557.8050689697,XLE,3058
2024-10-15,266029.4259147848,320.6943474019645,265708.7315673828,XLE,3058
2024-10-16,267302.02164842736,320.6943474019645,266981.3273010254,XLE,3058
2024-10-17,268574.6640434469,320.6943474019645,268253.9696960449,XLE,3058
2024-10-18,267686.76803209435,320.6943474019645,267366.0736846924,XLE,3058
2024-10-21,266887.6919517721,320.6943474019645,266566.9976043701,XLE,3058
2024-10-22,267509.19816209923,320.6943474019645,267188.50381469727,XLE,3058
2024-10-23,266118.1991844381,320.6943474019645,265797.50483703613,XLE,3058
2024-10-24,266088.6392021383,320.6943474019645,265767.9448547363,XLE,3058
2024-10-25,265203.9310029519,275.34669432765804,264928.58430862427,XLF,5765
2024-10-28,268499.19377837307,275.34669432765804,268223.8470840454,XLF,5765
2024-10-29,266851.5513947976,275.34669432765804,266576.20470046997,XLF,5765
2024-10-30,268044.6906999124,275.34669432765804,267769.3440055847,XLF,5765
2024-10-31,264351.70749220974,275.34669432765804,264076.3607978821,XLF,5765
2024-11-01,265260.7576325906,275.34669432765804,264985.41093826294,XLF,5765
2024-11-04,263215.39481673366,275.34669432765804,262940.048122406,XLF,5765
2024-11-05,265658.4340814126,275.34669432765804,265383.08738708496,XLF,5765
2024-11-06,281793.9201310647,275.34669432765804,281518.57343673706,XLF,5765
2024-11-07,277248.7134126199,275.34669432765804,276973.36671829224,XLF,5765
2024-11-08,278911.52808385785,350.611976680113,278560.91610717773,XLY,1306
2024-11-11,284531.4770889848,350.611976680113,284180.8651123047,XLY,1306
2024-11-12,280737.3494034379,350.611976680113,280386.7374267578,XLY,1306
2024-11-13,283132.97141271527,350.611976680113,282782.35943603516,XLY,1306
2024-11-14,279118.7392044633,350.611976680113,278768.1272277832,XLY,1306
2024-11-15,276736.09030919964,350.611976680113,276385.47833251953,XLY,1306
2024-11-18,279287.0708389848,350.611976680113,278936.4588623047,XLY,1306
2024-11-19,279494.24210363324,350.611976680113,279143.6301269531,XLY,1306
2024-11-20,278264.0680618852,350.611976680113,277913.4560852051,XLY,1306
2024-11-21,278756.16956335003,350.611976680113,278405.5575866699,XLY,1306
2024-11-22,282770.36191564496,350.611976680113,282419.74993896484,XLY,1306
2024-11-25,285658.0256424516,350.611976680113,285307.4136657715,XLY,1306
2024-11-26,286693.96167760785,350.611976680113,286343.34970092773,XLY,1306
2024-11-27,285282.48288732464,350.611976680113,284931.87091064453,XLY,1306
2024-11-29,288208.98624425824,350.611976680113,287858.3742675781,XLY,1306
2024-12-02,290721.12714391644,350.611976680113,290370.5151672363,XLY,1306
2024-12-03,290500.98276525433,350.611976680113,290150.3707885742,XLY,1306
2024-12-04,293194.36862951214,350.611976680113,292843.75665283203,XLY,1306
2024-12-05,295589.9906387895,350.611976680113,295239.3786621094,XLY,1306
2024-12-06,301805.54706579144,350.611976680113,301454.9350891113,XLY,1306
2024-12-09,300847.3102188676,350.611976680113,300496.6982421875,XLY,1306
2024-12-10,301339.3718643754,350.611976680113,300988.7598876953,XLY,1306
2024-12-11,306622.6177445024,350.611976680113,306272.00576782227,XLY,1306
2024-12-12,304084.57047277386,350.611976680113,303733.95849609375,XLY,1306
2024-12-13,305288.8580704301,350.611976680113,304938.24609375,XLY,1306
2024-12-16,309419.5892410844,350.611976680113,309068.9772644043,XLY,1306
2024-12-17,310390.7792740434,350.611976680113,310040.1672973633,XLY,1306
2024-12-18,296418.71555334027,350.611976680113,296068.10357666016,XLY,1306
2024-12-19,296017.2863541215,350.611976680113,295666.6743774414,XLY,1306
2024-12-20,296768.3320084184,350.611976680113,296417.7200317383,XLY,1306
2024-12-23,297667.40268712933,350.611976680113,297316.7907104492,XLY,1306
2024-12-24,304543.43210607464,350.611976680113,304192.82012939453,XLY,1306
2024-12-26,303414.7512589067,350.611976680113,303064.13928222656,XLY,1306
2024-12-27,298406.91004186566,350.611976680113,298056.29806518555,XLY,1306
2024-12-30,293619.6316910356,350.611976680113,293269.01971435547,XLY,1306
