date,equity,cash,position_value,position,shares
2004-09-29,99850.0,26.120101928710938,99823.87989807129,SPY,1322
2004-09-30,99778.6209564209,26.120101928710938,99752.50085449219,SPY,1322
2004-10-01,101465.5345916748,26.120101928710938,101439.4144897461,SPY,1322
2004-10-04,101635.17202758789,26.120101928710938,101609.05192565918,SPY,1322
2004-10-05,101688.70883178711,26.120101928710938,101662.5887298584,SPY,1322
2004-10-06,102384.91926574707,26.120101928710938,102358.79916381836,SPY,1322
2004-10-07,101287.0718536377,26.120101928710938,101260.95175170898,SPY,1322
2004-10-08,100448.05290222168,26.120101928710938,100421.93280029297,SPY,1322
2004-10-11,100858.63621520996,26.120101928710938,100832.51611328125,SPY,1322
2004-10-12,100465.9153137207,26.120101928710938,100439.79521179199,SPY,1322
2004-10-13,99582.27563476562,26.120101928710938,99556.15553283691,SPY,1322
2004-10-14,98778.96133422852,26.120101928710938,98752.8412322998,SPY,1322
2004-10-15,99332.38342285156,26.120101928710938,99306.26332092285,SPY,1322
2004-10-18,99707.16122436523,26.120101928710938,99681.04112243652,SPY,1322
2004-10-19,98868.20278930664,26.120101928710938,98842.08268737793,SPY,1322
2004-10-20,98671.8473815918,26.120101928710938,98645.72727966309,SPY,1322
2004-10-21,99314.5008392334,26.120101928710938,99288.38073730469,SPY,1322
2004-10-22,98198.791015625,26.120101928710938,98172.67091369629,SPY,1322
2004-10-25,98082.76098632812,26.120101928710938,98056.64088439941,SPY,1322
2004-10-26,99582.27563476562,26.120101928710938,99556.15553283691,SPY,1322
2004-10-27,100778.29066467285,26.120101928710938,100752.17056274414,SPY,1322
2004-10-28,101081.76002502441,26.120101928710938,101055.6399230957,SPY,1322
2004-10-29,101063.89761352539,26.120101928710938,101037.77751159668,SPY,1322
2004-11-01,101340.58848571777,26.120101928710938,101314.46838378906,SPY,1322
2004-11-02,101376.31330871582,26.120101928710938,101350.19320678711,SPY,1322
2004-11-03,102652.66380310059,26.120101928710938,102626.54370117188,SPY,1322
2004-11-04,104054.01083374023,26.120101928710938,104027.89073181152,SPY,1322
2004-11-05,104705.52993774414,26.120101928710938,104679.40983581543,SPY,1322
2004-11-08,104553.8154296875,26.120101928710938,104527.69532775879,SPY,1322
2004-11-09,104348.51368713379,26.120101928710938,104322.39358520508,SPY,1322
2004-11-10,104428.87940979004,26.120101928710938,104402.75930786133,SPY,1322
2004-11-11,105223.22720336914,26.120101928710938,105197.10710144043,SPY,1322
2004-11-12,106053.31999206543,26.120101928710938,106027.19989013672,SPY,1322
2004-11-15,106313.83282470703,26.120101928710938,106287.71272277832,SPY,1322
2004-11-16,105552.90014648438,26.120101928710938,105526.78004455566,SPY,1322
2004-11-17,106179.5772857666,26.120101928710938,106153.45718383789,SPY,1322
2004-11-18,106322.74890136719,26.120101928710938,106296.62879943848,SPY,1322
2004-11-19,105141.11659240723,26.120101928710938,105114.99649047852,SPY,1322
2004-11-22,105642.44418334961,26.120101928710938,105616.3240814209,SPY,1322
2004-11-23,105803.5185546875,26.120101928710938,105777.39845275879,SPY,1322
2004-11-24,106054.20756530762,26.120101928710938,106028.0874633789,SPY,1322
2004-11-26,105973.65020751953,26.120101928710938,105947.53010559082,SPY,1322
2004-11-29,105490.2455444336,26.120101928710938,105464.12544250488,SPY,1322
2004-11-30,105561.86665344238,26.120101928710938,105535.74655151367,SPY,1322
2004-12-01,106761.44206237793,26.120101928710938,106735.32196044922,SPY,1322
2004-12-02,106850.95584106445,26.120101928710938,106824.83573913574,SPY,1322
2004-12-03,106779.3549041748,26.120101928710938,106753.2348022461,SPY,1322
2004-12-06,106743.51913452148,26.120101928710938,106717.39903259277,SPY,1322
2004-12-07,105749.83045959473,26.120101928710938,105723.71035766602,SPY,1322
2004-12-08,106367.55117797852,26.120101928710938,106341.4310760498,SPY,1322
2004-12-09,106743.51913452148,26.120101928710938,106717.39903259277,SPY,1322
2004-12-10,106850.95584106445,26.120101928710938,106824.83573913574,SPY,1322
2004-12-13,107781.96974182129,26.120101928710938,107755.84963989258,SPY,1322
2004-12-14,108157.99821472168,26.120101928710938,108131.87811279297,SPY,1322
2004-12-15,108238.49505615234,26.120101928710938,108212.37495422363,SPY,1322
2004-12-16,108175.8606262207,26.120101928710938,108149.74052429199,SPY,1322
2004-12-17,107454.5258178711,26.120101928710938,107428.40571594238,SPY,1322
2004-12-20,107481.47576904297,26.120101928710938,107455.35566711426,SPY,1322
2004-12-21,108308.97644042969,26.120101928710938,108282.85633850098,SPY,1322
2004-12-22,108569.77168273926,26.120101928710938,108543.65158081055,SPY,1322
2004-12-23,108650.72239685059,26.120101928710938,108624.60229492188,SPY,1322
2004-12-27,108425.89404296875,26.120101928710938,108399.77394104004,SPY,1322
2004-12-28,109019.49899291992,26.120101928710938,108993.37889099121,SPY,1322
2004-12-29,109181.42059326172,26.120101928710938,109155.30049133301,SPY,1322
2004-12-30,108974.5252532959,26.120101928710938,108948.40515136719,SPY,1322
2004-12-31,108740.66987609863,26.120101928710938,108714.54977416992,SPY,1322
2005-01-03,108228.03581237793,26.120101928710938,108201.91571044922,SPY,1322
2005-01-04,106905.81391906738,26.120101928710938,106879.69381713867,SPY,1322
2005-01-05,106168.34141540527,26.120101928710938,106142.22131347656,SPY,1322
2005-01-06,106707.9758605957,26.120101928710938,106681.85575866699,SPY,1322
2005-01-07,106555.0913696289,26.120101928710938,106528.9712677002,SPY,1322
2005-01-10,107058.76901245117,26.120101928710938,107032.64891052246,SPY,1322
2005-01-11,106321.18556213379,26.120101928710938,106295.06546020508,SPY,1322
2005-01-12,106672.03923034668,26.120101928710938,106645.91912841797,SPY,1322
2005-01-13,105817.53817749023,26.120101928710938,105791.41807556152,SPY,1322
2005-01-14,106375.20649719238,26.120101928710938,106349.08639526367,SPY,1322
2005-01-18,107481.47576904297,26.120101928710938,107455.35566711426,SPY,1322
2005-01-19,106357.21296691895,26.120101928710938,106331.09286499023,SPY,1322
2005-01-20,105709.57699584961,26.120101928710938,105683.4568939209,SPY,1322
2005-01-21,105061.99145507812,26.120101928710938,105035.87135314941,SPY,1322
2005-01-24,104855.1667175293,26.120101928710938,104829.04661560059,SPY,1322
2005-01-25,105151.95910644531,26.120101928710938,105125.8390045166,SPY,1322
2005-01-26,105466.7349395752,26.120101928710938,105440.61483764648,SPY,1322
2005-01-27,105646.63998413086,26.120101928710938,105620.51988220215,SPY,1322
2005-01-28,105646.63998413086,26.120101928710938,105620.51988220215,SPY,1322
2005-01-31,106303.22229003906,26.120101928710938,106277.10218811035,SPY,1322
2005-02-01,106977.77795410156,26.120101928710938,106951.65785217285,SPY,1322
2005-02-02,107301.61106872559,26.120101928710938,107275.49096679688,SPY,1322
2005-02-03,107022.76177978516,26.120101928710938,106996.64167785645,SPY,1322
2005-02-04,108165.06854248047,26.120101928710938,108138.94844055176,SPY,1322
2005-02-07,108021.13038635254,26.120101928710938,107995.01028442383,SPY,1322
2005-02-08,108147.04475402832,26.120101928710938,108120.92465209961,SPY,1322
2005-02-09,107337.57795715332,26.120101928710938,107311.45785522461,SPY,1322
2005-02-10,107724.33799743652,26.120101928710938,107698.21789550781,SPY,1322
2005-02-11,108650.72239685059,26.120101928710938,108624.60229492188,SPY,1322
2005-02-14,108569.77168273926,26.120101928710938,108543.65158081055,SPY,1322
2005-02-15,108974.5252532959,26.120101928710938,108948.40515136719,SPY,1322
2005-02-16,109046.50946044922,26.120101928710938,109020.38935852051,SPY,1322
2005-02-17,108165.06854248047,26.120101928710938,108138.94844055176,SPY,1322
2005-02-18,108308.97644042969,26.120101928710938,108282.85633850098,SPY,1322
2005-02-22,106698.96900939941,26.120101928710938,106672.8489074707,SPY,1322
2005-02-23,107463.50241088867,26.120101928710938,107437.38230895996,SPY,1322
2005-02-24,108174.08547973633,26.120101928710938,108147.96537780762,SPY,1322
2005-02-25,109244.37777709961,26.120101928710938,109218.2576751709,SPY,1322
2005-02-28,108524.82820129395,26.120101928710938,108498.70809936523,SPY,1322
2005-03-01,109064.48281860352,26.120101928710938,109038.3627166748,SPY,1322
2005-03-02,109010.51231384277,26.120101928710938,108984.39221191406,SPY,1322
2005-03-03,109055.50622558594,26.120101928710938,109029.38612365723,SPY,1322
2005-03-04,110413.59414672852,26.120101928710938,110387.4740447998,SPY,1322
2005-03-07,110467.60499572754,26.120101928710938,110441.48489379883,SPY,1322
2005-03-08,110053.88491821289,26.120101928710938,110027.76481628418,SPY,1322
2005-03-09,108830.60726928711,26.120101928710938,108804.4871673584,SPY,1322
2005-03-10,109073.4896697998,26.120101928710938,109047.3695678711,SPY,1322
2005-03-11,108308.97644042969,26.120101928710938,108282.85633850098,SPY,1322
2005-03-14,108983.53210449219,26.120101928710938,108957.41200256348,SPY,1322
2005-03-15,108084.09765625,26.120101928710938,108057.97755432129,SPY,1322
2005-03-16,107166.66967773438,26.120101928710938,107140.54957580566,SPY,1322
2005-03-17,107382.56178283691,26.120101928710938,107356.4416809082,SPY,1322
2005-03-18,107063.79187011719,26.120101928710938,107037.67176818848,SPY,1322
2005-03-21,106666.50198364258,26.120101928710938,106640.38188171387,SPY,1322
2005-03-22,105582.94651794434,26.120101928710938,105556.82641601562,SPY,1322
2005-03-23,105673.20666503906,26.120101928710938,105647.08656311035,SPY,1322
2005-03-24,105799.67576599121,26.120101928710938,105773.5556640625,SPY,1322
2005-03-28,105953.12507629395,26.120101928710938,105927.00497436523,SPY,1322
2005-03-29,105248.8558807373,26.120101928710938,105222.7357788086,SPY,1322
2005-03-30,106738.74842834473,26.120101928710938,106712.62832641602,SPY,1322
2005-03-31,106540.09339904785,26.120101928710938,106513.97329711914,SPY,1322
2005-04-01,106061.48970031738,26.120101928710938,106035.36959838867,SPY,1322
2005-04-04,106242.08059692383,26.120101928710938,106215.96049499512,SPY,1322
2005-04-05,106747.77545166016,26.120101928710938,106721.65534973145,SPY,1322
2005-04-06,107117.98426818848,26.120101928710938,107091.86416625977,SPY,1322
2005-04-07,107695.88522338867,26.120101928710938,107669.76512145996,SPY,1322
2005-04-08,106576.20149230957,26.120101928710938,106550.08139038086,SPY,1322
2005-04-11,106657.45478820801,26.120101928710938,106631.3346862793,SPY,1322
2005-04-12,107208.28475952148,26.120101928710938,107182.16465759277,SPY,1322
2005-04-13,105944.09805297852,26.120101928710938,105917.9779510498,SPY,1322
2005-04-14,104562.52978515625,26.120101928710938,104536.40968322754,SPY,1322
2005-04-15,103099.74856567383,26.120101928710938,103073.62846374512,SPY,1322
2005-04-18,103415.80532836914,26.120101928710938,103389.68522644043,SPY,1322
2005-04-19,104237.48634338379,26.120101928710938,104211.36624145508,SPY,1322
2005-04-20,102783.76240539551,26.120101928710938,102757.6423034668,SPY,1322
2005-04-21,104779.30946350098,26.120101928710938,104753.18936157227,SPY,1322
2005-04-22,104381.98931884766,26.120101928710938,104355.86921691895,SPY,1322
2005-04-25,105068.26498413086,26.120101928710938,105042.14488220215,SPY,1322
2005-04-26,104047.84825134277,26.120101928710938,104021.72814941406,SPY,1322
2005-04-27,104454.2055053711,26.120101928710938,104428.08540344238,SPY,1322
2005-04-28,103144.97445678711,26.120101928710938,103118.8543548584,SPY,1322
2005-04-29,104544.51608276367,26.120101928710938,104518.39598083496,SPY,1322
2005-05-02,105131.45414733887,26.120101928710938,105105.33404541016,SPY,1322
2005-05-03,105312.05513000488,26.120101928710938,105285.93502807617,SPY,1322
2005-05-04,106124.72929382324,26.120101928710938,106098.60919189453,SPY,1322
2005-05-05,106088.60102844238,26.120101928710938,106062.48092651367,SPY,1322
2005-05-06,105754.54064941406,26.120101928710938,105728.42054748535,SPY,1322
2005-05-09,106413.67472839355,26.120101928710938,106387.55462646484,SPY,1322
2005-05-10,105312.05513000488,26.120101928710938,105285.93502807617,SPY,1322
2005-05-11,105889.94599914551,26.120101928710938,105863.8258972168,SPY,1322
2005-05-12,104725.13723754883,26.120101928710938,104699.01713562012,SPY,1322
2005-05-13,104517.42492675781,26.120101928710938,104491.3048248291,SPY,1322
2005-05-16,105492.6561126709,26.120101928710938,105466.53601074219,SPY,1322
2005-05-17,106196.93539428711,26.120101928710938,106170.8152923584,SPY,1322
2005-05-18,107289.51788330078,26.120101928710938,107263.39778137207,SPY,1322
2005-05-19,107741.02033996582,26.120101928710938,107714.90023803711,SPY,1322
2005-05-20,107587.5306854248,26.120101928710938,107561.4105834961,SPY,1322
2005-05-23,108183.49577331543,26.120101928710938,108157.37567138672,SPY,1322
2005-05-24,107930.6382598877,26.120101928710938,107904.51815795898,SPY,1322
2005-05-25,107849.34461975098,26.120101928710938,107823.22451782227,SPY,1322
2005-05-26,108427.28591918945,26.120101928710938,108401.16581726074,SPY,1322
2005-05-27,108607.8768157959,26.120101928710938,108581.75671386719,SPY,1322
2005-05-31,107912.57412719727,26.120101928710938,107886.45402526855,SPY,1322
2005-06-01,108833.62300109863,26.120101928710938,108807.50289916992,SPY,1322
2005-06-02,109068.43655395508,26.120101928710938,109042.31645202637,SPY,1322
2005-06-03,108517.57632446289,26.120101928710938,108491.45622253418,SPY,1322
2005-06-06,108418.24880981445,26.120101928710938,108392.12870788574,SPY,1322
2005-06-07,108499.50210571289,26.120101928710938,108473.38200378418,SPY,1322
2005-06-08,108300.8874206543,26.120101928710938,108274.76731872559,SPY,1322
2005-06-09,108815.57904052734,26.120101928710938,108789.45893859863,SPY,1322
2005-06-10,108562.72152709961,26.120101928710938,108536.6014251709,SPY,1322
2005-06-13,108905.84927368164,26.120101928710938,108879.72917175293,SPY,1322
2005-06-14,109158.68661499023,26.120101928710938,109132.56651306152,SPY,1322
2005-06-15,109366.32832336426,26.120101928710938,109340.20822143555,SPY,1322
2005-06-16,109646.30725097656,26.120101928710938,109620.18714904785,SPY,1322
2005-06-17,110052.43252563477,26.120101928710938,110026.31242370605,SPY,1322
2005-06-20,110088.72216796875,26.120101928710938,110062.60206604004,SPY,1322
2005-06-21,110152.17356872559,26.120101928710938,110126.05346679688,SPY,1322
2005-06-22,110242.83715820312,26.120101928710938,110216.71705627441,SPY,1322
2005-06-23,108692.54928588867,26.120101928710938,108666.42918395996,SPY,1322
2005-06-24,107894.6915435791,26.120101928710938,107868.57144165039,SPY,1322
2005-06-27,108048.84687805176,26.120101928710938,108022.72677612305,SPY,1322
2005-06-28,108955.44242858887,26.120101928710938,108929.32232666016,SPY,1322
2005-06-29,108665.33709716797,26.120101928710938,108639.21699523926,SPY,1322
2005-06-30,108076.02880859375,26.120101928710938,108049.90870666504,SPY,1322
2005-07-01,108393.31607055664,26.120101928710938,108367.19596862793,SPY,1322
2005-07-05,109263.69258117676,26.120101928710938,109237.57247924805,SPY,1322
2005-07-06,108348.01957702637,26.120101928710938,108321.89947509766,SPY,1322
2005-07-07,108774.1455078125,26.120101928710938,108748.02540588379,SPY,1322
2005-07-08,110016.17314147949,26.120101928710938,109990.05303955078,SPY,1322
2005-07-11,110578.30958557129,26.120101928710938,110552.18948364258,SPY,1322
2005-07-12,110868.40483093262,26.120101928710938,110842.2847290039,SPY,1322
2005-07-13,111022.49964904785,26.120101928710938,110996.37954711914,SPY,1322
2005-07-14,111457.71311950684,26.120101928710938,111431.59301757812,SPY,1322
2005-07-15,111394.22137451172,26.120101928710938,111368.10127258301,SPY,1322
2005-07-18,110949.9808807373,26.120101928710938,110923.8607788086,SPY,1322
2005-07-19,111557.45416259766,26.120101928710938,111531.33406066895,SPY,1322
2005-07-20,111938.19282531738,26.120101928710938,111912.07272338867,SPY,1322
2005-07-21,111285.40287780762,26.120101928710938,111259.2827758789,SPY,1322
2005-07-22,112028.85641479492,26.120101928710938,112002.73631286621,SPY,1322
2005-07-25,111711.55906677246,26.120101928710938,111685.43896484375,SPY,1322
2005-07-26,111847.54940795898,26.120101928710938,111821.42930603027,SPY,1322
2005-07-27,112255.49017333984,26.120101928710938,112229.37007141113,SPY,1322
2005-07-28,112962.66415405273,26.120101928710938,112936.54405212402,SPY,1322
2005-07-29,112210.17350769043,26.120101928710938,112184.05340576172,SPY,1322
2005-08-01,112128.58737182617,26.120101928710938,112102.46726989746,SPY,1322
2005-08-02,112799.45153808594,26.120101928710938,112773.33143615723,SPY,1322
2005-08-03,113098.66458129883,26.120101928710938,113072.54447937012,SPY,1322
2005-08-04,112192.05894470215,26.120101928710938,112165.93884277344,SPY,1322
2005-08-05,111430.5110168457,26.120101928710938,111404.39091491699,SPY,1322
2005-08-08,111221.98173522949,26.120101928710938,111195.86163330078,SPY,1322
2005-08-09,111892.87615966797,26.120101928710938,111866.75605773926,SPY,1322
2005-08-10,111838.4719543457,26.120101928710938,111812.35185241699,SPY,1322
2005-08-11,112282.71244812012,26.120101928710938,112256.5923461914,SPY,1322
2005-08-12,111593.69337463379,26.120101928710938,111567.57327270508,SPY,1322
2005-08-15,112282.71244812012,26.120101928710938,112256.5923461914,SPY,1322
2005-08-16,110823.05790710449,26.120101928710938,110796.93780517578,SPY,1322
2005-08-17,110813.99053955078,26.120101928710938,110787.87043762207,SPY,1322
2005-08-18,110804.95343017578,26.120101928710938,110778.83332824707,SPY,1322
2005-08-19,111058.81954956055,26.120101928710938,111032.69944763184,SPY,1322
2005-08-22,111058.81954956055,26.120101928710938,111032.69944763184,SPY,1322
2005-08-23,110850.31044006348,26.120101928710938,110824.19033813477,SPY,1322
2005-08-24,109862.07832336426,26.120101928710938,109835.95822143555,SPY,1322
2005-08-25,110260.93154907227,26.120101928710938,110234.81144714355,SPY,1322
2005-08-26,109508.52159118652,26.120101928710938,109482.40148925781,SPY,1322
2005-08-29,110351.65565490723,26.120101928710938,110325.53555297852,SPY,1322
2005-08-30,109771.40464782715,26.120101928710938,109745.28454589844,SPY,1322
2005-08-31,111158.52024841309,26.120101928710938,111132.40014648438,SPY,1322
2005-09-01,111076.91394042969,26.120101928710938,111050.79383850098,SPY,1322
2005-09-02,110877.45202636719,26.120101928710938,110851.33192443848,SPY,1322
2005-09-06,112173.92420959473,26.120101928710938,112147.80410766602,SPY,1322
2005-09-07,112364.31875610352,26.120101928710938,112338.1986541748,SPY,1322
2005-09-08,111992.58694458008,26.120101928710938,111966.46684265137,SPY,1322
2005-09-09,112989.87634277344,26.120101928710938,112963.75624084473,SPY,1322
2005-09-12,112763.20223999023,26.120101928710938,112737.08213806152,SPY,1322
2005-09-13,112137.64465332031,26.120101928710938,112111.5245513916,SPY,1322
2005-09-14,111729.63328552246,26.120101928710938,111703.51318359375,SPY,1322
2005-09-15,111675.3299407959,26.120101928710938,111649.20983886719,SPY,1322
2005-09-16,112469.21377563477,26.120101928710938,112443.09367370605,SPY,1322
2005-09-19,112095.94888305664,26.120101928710938,112069.82878112793,SPY,1322
2005-09-20,111149.02926635742,26.120101928710938,111122.90916442871,SPY,1322
2005-09-21,110111.08296203613,26.120101928710938,110084.96286010742,SPY,1322
2005-09-22,110502.59353637695,26.120101928710938,110476.47343444824,SPY,1322
2005-09-23,110593.64039611816,26.120101928710938,110567.52029418945,SPY,1322
2005-09-26,110721.10801696777,26.120101928710938,110694.98791503906,SPY,1322
2005-09-27,110693.82522583008,26.120101928710938,110667.70512390137,SPY,1322
2005-09-28,110803.0774230957,26.120101928710938,110776.95732116699,SPY,1322
2005-09-29,111704.42822265625,26.120101928710938,111678.30812072754,SPY,1322
2005-09-30,112050.41032409668,26.120101928710938,112024.29022216797,SPY,1322
2005-10-03,111649.76177978516,26.120101928710938,111623.64167785645,SPY,1322
2005-10-04,110393.36151123047,26.120101928710938,110367.24140930176,SPY,1322
2005-10-05,108945.63877868652,26.120101928710938,108919.51867675781,SPY,1322
2005-10-06,108554.17863464355,26.120101928710938,108528.05853271484,SPY,1322
2005-10-07,108927.48387145996,26.120101928710938,108901.36376953125,SPY,1322
2005-10-10,108007.927734375,26.120101928710938,107981.80763244629,SPY,1322
2005-10-11,107853.12689208984,26.120101928710938,107827.00679016113,SPY,1322
2005-10-12,107006.39210510254,26.120101928710938,106980.27200317383,SPY,1322
2005-10-13,106942.64820861816,26.120101928710938,106916.52810668945,SPY,1322
2005-10-14,108071.6312866211,26.120101928710938,108045.51118469238,SPY,1322
2005-10-17,108472.22940063477,26.120101928710938,108446.10929870605,SPY,1322
2005-10-18,107297.7682800293,26.120101928710938,107271.64817810059,SPY,1322
2005-10-19,109082.28471374512,26.120101928710938,109056.1646118164,SPY,1322
2005-10-20,107161.17277526855,26.120101928710938,107135.05267333984,SPY,1322
2005-10-21,107579.98631286621,26.120101928710938,107553.8662109375,SPY,1322
2005-10-24,109246.13275146484,26.120101928710938,109220.01264953613,SPY,1322
2005-10-25,109027.67878723145,26.120101928710938,109001.55868530273,SPY,1322
2005-10-26,108708.91896057129,26.120101928710938,108682.79885864258,SPY,1322
2005-10-27,107552.68334960938,26.120101928710938,107526.56324768066,SPY,1322
2005-10-28,109100.5001373291,26.120101928710938,109074.38003540039,SPY,1322
2005-10-31,109400.91342163086,26.120101928710938,109374.79331970215,SPY,1322
2005-11-01,109728.72044372559,26.120101928710938,109702.60034179688,SPY,1322
2005-11-02,110875.89877319336,26.120101928710938,110849.77867126465,SPY,1322
2005-11-03,111349.31823730469,26.120101928710938,111323.19813537598,SPY,1322
2005-11-04,111203.68562316895,26.120101928710938,111177.56552124023,SPY,1322
2005-11-07,111312.94790649414,26.120101928710938,111286.82780456543,SPY,1322
2005-11-08,111312.94790649414,26.120101928710938,111286.82780456543,SPY,1322
2005-11-09,111458.60069274902,26.120101928710938,111432.48059082031,SPY,1322
2005-11-10,112323.5206451416,26.120101928710938,112297.40054321289,SPY,1322
2005-11-11,112705.94367980957,26.120101928710938,112679.82357788086,SPY,1322
2005-11-14,112642.20986938477,26.120101928710938,112616.08976745605,SPY,1322
2005-11-15,112232.5040435791,26.120101928710938,112206.38394165039,SPY,1322
2005-11-16,112460.08589172363,26.120101928710938,112433.96578979492,SPY,1322
2005-11-17,113507.11973571777,26.120101928710938,113480.99963378906,SPY,1322
2005-11-18,113953.26649475098,26.120101928710938,113927.14639282227,SPY,1322
2005-11-21,114526.90104675293,26.120101928710938,114500.78094482422,SPY,1322
2005-11-22,115018.53593444824,26.120101928710938,114992.41583251953,SPY,1322
2005-11-23,115683.1870880127,26.120101928710938,115657.06698608398,SPY,1322
2005-11-25,115774.21377563477,26.120101928710938,115748.09367370605,SPY,1322
2005-11-28,114954.80212402344,26.120101928710938,114928.68202209473,SPY,1322
2005-11-29,114827.32441711426,26.120101928710938,114801.20431518555,SPY,1322
2005-11-30,114208.18156433105,26.120101928710938,114182.06146240234,SPY,1322
2005-12-01,115373.57531738281,26.120101928710938,115347.4552154541,SPY,1322
2005-12-02,115519.27853393555,26.120101928710938,115493.15843200684,SPY,1322
2005-12-05,115273.45100402832,26.120101928710938,115247.33090209961,SPY,1322
2005-12-06,115491.96548461914,26.120101928710938,115465.84538269043,SPY,1322
2005-12-07,114818.2066192627,26.120101928710938,114792.08651733398,SPY,1322
2005-12-08,114745.41552734375,26.120101928710938,114719.29542541504,SPY,1322
2005-12-09,115045.85906982422,26.120101928710938,115019.73896789551,SPY,1322
2005-12-12,115155.0910949707,26.120101928710938,115128.97099304199,SPY,1322
2005-12-13,115938.11224365234,26.120101928710938,115911.99214172363,SPY,1322
2005-12-14,116393.35662841797,26.120101928710938,116367.23652648926,SPY,1322
2005-12-15,116056.47215270996,26.120101928710938,116030.35205078125,SPY,1322
2005-12-16,115683.00553894043,26.120101928710938,115656.88543701172,SPY,1322
2005-12-19,115088.10957336426,26.120101928710938,115061.98947143555,SPY,1322
2005-12-20,115197.92658996582,26.120101928710938,115171.80648803711,SPY,1322
2005-12-21,115380.96839904785,26.120101928710938,115354.84829711914,SPY,1322
2005-12-22,115985.06285095215,26.120101928710938,115958.94274902344,SPY,1322
2005-12-23,116049.15975952148,26.120101928710938,116023.03965759277,SPY,1322
2005-12-27,114868.36459350586,26.120101928710938,114842.24449157715,SPY,1322
2005-12-28,115124.70179748535,26.120101928710938,115098.58169555664,SPY,1322
2005-12-29,114612.1181640625,26.120101928710938,114585.99806213379,SPY,1322
2005-12-30,113989.73768615723,26.120101928710938,113963.61758422852,SPY,1322
2006-01-03,115994.21090698242,26.120101928710938,115968.09080505371,SPY,1322
2006-01-04,116543.3766784668,26.120101928710938,116517.25657653809,SPY,1322
2006-01-05,116616.65190124512,26.120101928710938,116590.5317993164,SPY,1322
2006-01-06,117586.86022949219,26.120101928710938,117560.74012756348,SPY,1322
2006-01-09,117888.87719726562,26.120101928710938,117862.75709533691,SPY,1322
2006-01-10,118007.87252807617,26.120101928710938,117981.75242614746,SPY,1322
2006-01-11,118383.19497680664,26.120101928710938,118357.07487487793,SPY,1322
2006-01-12,117916.36170959473,26.120101928710938,117890.24160766602,SPY,1322
2006-01-13,117806.51443481445,26.120101928710938,117780.39433288574,SPY,1322
2006-01-17,117486.15092468262,26.120101928710938,117460.0308227539,SPY,1322
2006-01-18,117019.32774353027,26.120101928710938,116993.20764160156,SPY,1322
2006-01-19,117467.8447265625,26.120101928710938,117441.72462463379,SPY,1322
2006-01-20,115326.03971862793,26.120101928710938,115299.91961669922,SPY,1322
2006-01-23,115737.95439147949,26.120101928710938,115711.83428955078,SPY,1322
2006-01-24,115856.95980834961,26.120101928710938,115830.8397064209,SPY,1322
2006-01-25,115957.63885498047,26.120101928710938,115931.51875305176,SPY,1322
2006-01-26,116598.345703125,26.120101928710938,116572.22560119629,SPY,1322
2006-01-27,117678.36096191406,26.120101928710938,117652.24085998535,SPY,1322
2006-01-30,117586.86022949219,26.120101928710938,117560.74012756348,SPY,1322
2006-01-31,116726.48908996582,26.120101928710938,116700.36898803711,SPY,1322
2006-02-01,117541.0594329834,26.120101928710938,117514.93933105469,SPY,1322
2006-02-02,116177.26280212402,26.120101928710938,116151.14270019531,SPY,1322
2006-02-03,115600.65286254883,26.120101928710938,115574.53276062012,SPY,1322
2006-02-06,115902.6900024414,26.120101928710938,115876.5699005127,SPY,1322
2006-02-07,114877.56307983398,26.120101928710938,114851.44297790527,SPY,1322
2006-02-08,115921.0062866211,26.120101928710938,115894.88618469238,SPY,1322
2006-02-09,115728.79624938965,26.120101928710938,115702.67614746094,SPY,1322
2006-02-10,115939.29231262207,26.120101928710938,115913.17221069336,SPY,1322
2006-02-13,115728.79624938965,26.120101928710938,115702.67614746094,SPY,1322
2006-02-14,116955.26109313965,26.120101928710938,116929.14099121094,SPY,1322
2006-02-15,117367.17576599121,26.120101928710938,117341.0556640625,SPY,1322
2006-02-16,118245.82284545898,26.120101928710938,118219.70274353027,SPY,1322
2006-02-17,117925.44924926758,26.120101928710938,117899.32914733887,SPY,1322
2006-02-21,117632.57025146484,26.120101928710938,117606.45014953613,SPY,1322
2006-02-22,118346.51197814941,26.120101928710938,118320.3918762207,SPY,1322
2006-02-23,118172.67874145508,26.120101928710938,118146.55863952637,SPY,1322
2006-02-24,118474.72596740723,26.120101928710938,118448.60586547852,SPY,1322
2006-02-27,118520.44607543945,26.120101928710938,118494.32597351074,SPY,1322
2006-02-28,117394.6300201416,26.120101928710938,117368.50991821289,SPY,1322
2006-03-01,118438.06314086914,26.120101928710938,118411.94303894043,SPY,1322
2006-03-02,118428.9049987793,26.120101928710938,118402.78489685059,SPY,1322
2006-03-03,117879.73922729492,26.120101928710938,117853.61912536621,SPY,1322
2006-03-06,117339.73159790039,26.120101928710938,117313.61149597168,SPY,1322
2006-03-07,117156.63935852051,26.120101928710938,117130.5192565918,SPY,1322
2006-03-08,117403.80833435059,26.120101928710938,117377.68823242188,SPY,1322
2006-03-09,116616.65190124512,26.120101928710938,116590.5317993164,SPY,1322
2006-03-10,117724.10124206543,26.120101928710938,117697.98114013672,SPY,1322
2006-03-13,117943.81596374512,26.120101928710938,117917.6958618164,SPY,1322
2006-03-14,119179.43894958496,26.120101928710938,119153.31884765625,SPY,1322
2006-03-15,119710.27835083008,26.120101928710938,119684.15824890137,SPY,1322
2006-03-16,119957.4674987793,26.120101928710938,119931.34739685059,SPY,1322
2006-03-17,120057.59181213379,26.120101928710938,120031.47171020508,SPY,1322
2006-03-20,119864.67575073242,26.120101928710938,119838.55564880371,SPY,1322
2006-03-21,119111.07563781738,26.120101928710938,119084.95553588867,SPY,1322
2006-03-22,119837.07020568848,26.120101928710938,119810.95010375977,SPY,1322
2006-03-23,119588.95314025879,26.120101928710938,119562.83303833008,SPY,1322
2006-03-24,119680.83714294434,26.120101928710938,119654.71704101562,SPY,1322
2006-03-27,119506.2575378418,26.120101928710938,119480.13743591309,SPY,1322
2006-03-28,118771.08465576172,26.120101928710938,118744.96455383301,SPY,1322
2006-03-29,119515.45602416992,26.120101928710938,119489.33592224121,SPY,1322
2006-03-30,119304.1127319336,26.120101928710938,119277.99263000488,SPY,1322
2006-03-31,119331.63758850098,26.120101928710938,119305.51748657227,SPY,1322
2006-04-03,119239.74349975586,26.120101928710938,119213.62339782715,SPY,1322
2006-04-04,120002.4815826416,26.120101928710938,119976.36148071289,SPY,1322
2006-04-05,120416.03019714355,26.120101928710938,120389.91009521484,SPY,1322
2006-04-06,120287.33207702637,26.120101928710938,120261.21197509766,SPY,1322
2006-04-07,119065.2042388916,26.120101928710938,119039.08413696289,SPY,1322
2006-04-10,119248.95207214355,26.120101928710938,119222.83197021484,SPY,1322
2006-04-11,118238.1372680664,26.120101928710938,118212.0171661377,SPY,1322
2006-04-12,118458.68913269043,26.120101928710938,118432.56903076172,SPY,1322
2006-04-13,118302.46615600586,26.120101928710938,118276.34605407715,SPY,1322
2006-04-17,118256.49389648438,26.120101928710938,118230.37379455566,SPY,1322
2006-04-18,120131.15953063965,26.120101928710938,120105.03942871094,SPY,1322
2006-04-19,120360.79893493652,26.120101928710938,120334.67883300781,SPY,1322
2006-04-20,120526.25065612793,26.120101928710938,120500.13055419922,SPY,1322
2006-04-21,120544.66780090332,26.120101928710938,120518.54769897461,SPY,1322
2006-04-24,120324.1159362793,26.120101928710938,120297.99583435059,SPY,1322
2006-04-25,119827.86163330078,26.120101928710938,119801.74153137207,SPY,1322
2006-04-26,119855.45709228516,26.120101928710938,119829.33699035645,SPY,1322
2006-04-27,120434.41708374023,26.120101928710938,120408.29698181152,SPY,1322
2006-04-28,120838.71678161621,26.120101928710938,120812.5966796875,SPY,1322
2006-05-01,119855.45709228516,26.120101928710938,119829.33699035645,SPY,1322
2006-05-02,120756.0615234375,26.120101928710938,120729.94142150879,SPY,1322
2006-05-03,120305.74922180176,26.120101928710938,120279.62911987305,SPY,1322
2006-05-04,120737.62420654297,26.120101928710938,120711.50410461426,SPY,1322
2006-05-05,121803.6198425293,26.120101928710938,121777.49974060059,SPY,1322
2006-05-08,121656.58526611328,26.120101928710938,121630.46516418457,SPY,1322
2006-05-09,121895.47358703613,26.120101928710938,121869.35348510742,SPY,1322
2006-05-10,121831.19512939453,26.120101928710938,121805.07502746582,SPY,1322
2006-05-11,120360.79893493652,26.120101928710938,120334.67883300781,SPY,1322
2006-05-12,118789.52197265625,26.120101928710938,118763.40187072754,SPY,1322
2006-05-15,119028.44055175781,26.120101928710938,119002.3204498291,SPY,1322
2006-05-16,118853.83068847656,26.120101928710938,118827.71058654785,SPY,1322
2006-05-17,116593.23207092285,26.120101928710938,116567.11196899414,SPY,1322
2006-05-18,116005.08367919922,26.120101928710938,115978.96357727051,SPY,1322
2006-05-19,116822.96224975586,26.120101928710938,116796.84214782715,SPY,1322
2006-05-22,115931.59664916992,26.120101928710938,115905.47654724121,SPY,1322
2006-05-23,115049.37910461426,26.120101928710938,115023.25900268555,SPY,1322
2006-05-24,115968.35025024414,26.120101928710938,115942.23014831543,SPY,1322
2006-05-25,117401.89198303223,26.120101928710938,117375.77188110352,SPY,1322
2006-05-26,117999.1985168457,26.120101928710938,117973.07841491699,SPY,1322
2006-05-30,115904.01127624512,26.120101928710938,115877.8911743164,SPY,1322
2006-05-31,117199.72700500488,26.120101928710938,117173.60690307617,SPY,1322
2006-06-01,118320.85304260254,26.120101928710938,118294.73294067383,SPY,1322
2006-06-02,118568.92976379395,26.120101928710938,118542.80966186523,SPY,1322
2006-06-05,116841.3289642334,26.120101928710938,116815.20886230469,SPY,1322
2006-06-06,116556.45829772949,26.120101928710938,116530.33819580078,SPY,1322
2006-06-07,115683.47958374023,26.120101928710938,115657.35948181152,SPY,1322
2006-06-08,115582.38700866699,26.120101928710938,115556.26690673828,SPY,1322
2006-06-09,115214.80056762695,26.120101928710938,115188.68046569824,SPY,1322
2006-06-12,113965.06718444824,26.120101928710938,113938.94708251953,SPY,1322
2006-06-13,112641.80642700195,26.120101928710938,112615.68632507324,SPY,1322
2006-06-14,113514.80531311035,26.120101928710938,113488.68521118164,SPY,1322
2006-06-15,115922.38807678223,26.120101928710938,115896.26797485352,SPY,1322
2006-06-16,115077.89239501953,26.120101928710938,115051.77229309082,SPY,1322
2006-06-19,114173.32414245605,26.120101928710938,114147.20404052734,SPY,1322
2006-06-20,114560.96166992188,26.120101928710938,114534.84156799316,SPY,1322
2006-06-21,115410.17762756348,26.120101928710938,115384.05752563477,SPY,1322
2006-06-22,114902.50590515137,26.120101928710938,114876.38580322266,SPY,1322
2006-06-23,114884.0484161377,26.120101928710938,114857.92831420898,SPY,1322
2006-06-26,115391.69996643066,26.120101928710938,115365.57986450195,SPY,1322
2006-06-27,114394.82409667969,26.120101928710938,114368.70399475098,SPY,1322
2006-06-28,115170.18992614746,26.120101928710938,115144.06982421875,SPY,1322
2006-06-29,117496.09577941895,26.120101928710938,117469.97567749023,SPY,1322
2006-06-30,117505.32452392578,26.120101928710938,117479.20442199707,SPY,1322
2006-07-03,117985.33018493652,26.120101928710938,117959.21008300781,SPY,1322
2006-07-05,117311.52088928223,26.120101928710938,117285.40078735352,SPY,1322
2006-07-06,117653.01469421387,26.120101928710938,117626.89459228516,SPY,1322
2006-07-07,116886.92803955078,26.120101928710938,116860.80793762207,SPY,1322
2006-07-10,117108.42799377441,26.120101928710938,117082.3078918457,SPY,1322
2006-07-11,117625.33854675293,26.120101928710938,117599.21844482422,SPY,1322
2006-07-12,116370.0376586914,26.120101928710938,116343.9175567627,SPY,1322
2006-07-13,114477.9533996582,26.120101928710938,114451.83329772949,SPY,1322
2006-07-14,114034.87280273438,26.120101928710938,114008.75270080566,SPY,1322
2006-07-17,113868.71505737305,26.120101928710938,113842.59495544434,SPY,1322
2006-07-18,114450.25708007812,26.120101928710938,114424.13697814941,SPY,1322
2006-07-19,116037.79277038574,26.120101928710938,116011.67266845703,SPY,1322
2006-07-20,115244.01988220215,26.120101928710938,115217.89978027344,SPY,1322
2006-07-21,114431.72898864746,26.120101928710938,114405.60888671875,SPY,1322
2006-07-24,116517.7580871582,26.120101928710938,116491.63798522949,SPY,1322
2006-07-25,116933.06167602539,26.120101928710938,116906.94157409668,SPY,1322
2006-07-26,117089.98059082031,26.120101928710938,117063.8604888916,SPY,1322
2006-07-27,116979.25582885742,26.120101928710938,116953.13572692871,SPY,1322
2006-07-28,118151.41732788086,26.120101928710938,118125.29722595215,SPY,1322
2006-07-31,118031.45373535156,26.120101928710938,118005.33363342285,SPY,1322
2006-08-01,117449.92179870605,26.120101928710938,117423.80169677734,SPY,1322
2006-08-02,118243.69468688965,26.120101928710938,118217.57458496094,SPY,1322
2006-08-03,118557.55268859863,26.120101928710938,118531.43258666992,SPY,1322
2006-08-04,118354.53039550781,26.120101928710938,118328.4102935791,SPY,1322
2006-08-07,118077.59745788574,26.120101928710938,118051.47735595703,SPY,1322
2006-08-08,117625.33854675293,26.120101928710938,117599.21844482422,SPY,1322
2006-08-09,117228.44201660156,26.120101928710938,117202.32191467285,SPY,1322
2006-08-10,117588.44374084473,26.120101928710938,117562.32363891602,SPY,1322
2006-08-11,117256.15850830078,26.120101928710938,117230.03840637207,SPY,1322
2006-08-14,117348.41569519043,26.120101928710938,117322.29559326172,SPY,1322
2006-08-15,118751.3865814209,26.120101928710938,118725.26647949219,SPY,1322
2006-08-16,119738.98327636719,26.120101928710938,119712.86317443848,SPY,1322
2006-08-17,120043.57218933105,26.120101928710938,120017.45208740234,SPY,1322
2006-08-18,120652.7802734375,26.120101928710938,120626.66017150879,SPY,1322
2006-08-21,120135.92015075684,26.120101928710938,120109.80004882812,SPY,1322
2006-08-22,120126.69140625,26.120101928710938,120100.57130432129,SPY,1322
2006-08-23,119794.34565734863,26.120101928710938,119768.22555541992,SPY,1322
2006-08-24,119692.81938171387,26.120101928710938,119666.69927978516,SPY,1322
2006-08-25,119840.54989624023,26.120101928710938,119814.42979431152,SPY,1322
2006-08-28,120412.8228302002,26.120101928710938,120386.70272827148,SPY,1322
2006-08-29,120551.21365356445,26.120101928710938,120525.09355163574,SPY,1322
2006-08-30,120625.13438415527,26.120101928710938,120599.01428222656,SPY,1322
2006-08-31,120606.5760345459,26.120101928710938,120580.45593261719,SPY,1322
2006-09-01,121326.54922485352,26.120101928710938,121300.4291229248,SPY,1322
2006-09-05,121557.31826782227,26.120101928710938,121531.19816589355,SPY,1322
2006-09-06,120486.6124420166,26.120101928710938,120460.49234008789,SPY,1322
2006-09-07,119932.84742736816,26.120101928710938,119906.72732543945,SPY,1322
2006-09-08,120274.33114624023,26.120101928710938,120248.21104431152,SPY,1322
2006-09-11,120394.34516906738,26.120101928710938,120368.22506713867,SPY,1322
2006-09-12,121575.80601501465,26.120101928710938,121549.68591308594,SPY,1322
2006-09-13,122064.96981811523,26.120101928710938,122038.84971618652,SPY,1322
2006-09-14,122074.17839050293,26.120101928710938,122048.05828857422,SPY,1322
2006-09-15,122360.67291259766,26.120101928710938,122334.55281066895,SPY,1322
2006-09-18,122527.52659606934,26.120101928710938,122501.40649414062,SPY,1322
2006-09-19,122221.58615112305,26.120101928710938,122195.46604919434,SPY,1322
2006-09-20,122870.4727935791,26.120101928710938,122844.35269165039,SPY,1322
2006-09-21,122277.18051147461,26.120101928710938,122251.0604095459,SPY,1322
2006-09-22,121906.38670349121,26.120101928710938,121880.2666015625,SPY,1322
2006-09-25,122842.68569946289,26.120101928710938,122816.56559753418,SPY,1322
2006-09-26,123862.46701049805,26.120101928710938,123836.34690856934,SPY,1322
2006-09-27,124010.79260253906,26.120101928710938,123984.67250061035,SPY,1322
2006-09-28,123964.47741699219,26.120101928710938,123938.35731506348,SPY,1322
2006-09-29,123862.46701049805,26.120101928710938,123836.34690856934,SPY,1322
2006-10-02,123398.9722290039,26.120101928710938,123372.8521270752,SPY,1322
2006-10-03,123658.5369720459,26.120101928710938,123632.41687011719,SPY,1322
2006-10-04,125104.79722595215,26.120101928710938,125078.67712402344,SPY,1322
2006-10-05,125345.75318908691,26.120101928710938,125319.6330871582,SPY,1322
2006-10-06,125188.18876647949,26.120101928710938,125162.06866455078,SPY,1322
2006-10-09,125262.3515625,26.120101928710938,125236.23146057129,SPY,1322
2006-10-10,125429.19515991211,26.120101928710938,125403.0750579834,SPY,1322
2006-10-11,125280.87965393066,26.120101928710938,125254.75955200195,SPY,1322
2006-10-12,126365.54458618164,26.120101928710938,126339.42448425293,SPY,1322
2006-10-13,126689.99295043945,26.120101928710938,126663.87284851074,SPY,1322
2006-10-16,126884.65390014648,26.120101928710938,126858.53379821777,SPY,1322
2006-10-17,126486.04273986816,26.120101928710938,126459.92263793945,SPY,1322
2006-10-18,126652.93676757812,26.120101928710938,126626.81666564941,SPY,1322
2006-10-19,126856.86680603027,26.120101928710938,126830.74670410156,SPY,1322
2006-10-20,126884.65390014648,26.120101928710938,126858.53379821777,SPY,1322
2006-10-23,127468.71743774414,26.120101928710938,127442.59733581543,SPY,1322
2006-10-24,127848.88119506836,26.120101928710938,127822.76109313965,SPY,1322
2006-10-25,128284.5182800293,26.120101928710938,128258.39817810059,SPY,1322
2006-10-26,128683.1697845459,26.120101928710938,128657.04968261719,SPY,1322
2006-10-27,127876.61785888672,26.120101928710938,127850.49775695801,SPY,1322
2006-10-30,127783.94714355469,26.120101928710938,127757.82704162598,SPY,1322
2006-10-31,127765.3585357666,26.120101928710938,127739.23843383789,SPY,1322
2006-11-01,126903.21224975586,26.120101928710938,126877.09214782715,SPY,1322
2006-11-02,126829.08979797363,26.120101928710938,126802.96969604492,SPY,1322
2006-11-03,126606.52072143555,26.120101928710938,126580.40061950684,SPY,1322
2006-11-06,128034.27305603027,26.120101928710938,128008.15295410156,SPY,1322
2006-11-07,128525.58518981934,26.120101928710938,128499.46508789062,SPY,1322
2006-11-08,128803.66793823242,26.120101928710938,128777.54783630371,SPY,1322
2006-11-09,128126.9437713623,26.120101928710938,128100.8236694336,SPY,1322
2006-11-10,128182.5280456543,26.120101928710938,128156.40794372559,SPY,1322
2006-11-13,128497.78800964355,26.120101928710938,128471.66790771484,SPY,1322
2006-11-14,129461.93461608887,26.120101928710938,129435.81451416016,SPY,1322
2006-11-15,129832.78894042969,26.120101928710938,129806.66883850098,SPY,1322
2006-11-16,130166.49630737305,26.120101928710938,130140.37620544434,SPY,1322
2006-11-17,130203.58274841309,26.120101928710938,130177.46264648438,SPY,1322
2006-11-20,130277.76571655273,26.120101928710938,130251.64561462402,SPY,1322
2006-11-21,130407.50270080566,26.120101928710938,130381.38259887695,SPY,1322
2006-11-22,130667.05735778809,26.120101928710938,130640.93725585938,SPY,1322
2006-11-24,130138.7192993164,26.120101928710938,130112.5991973877,SPY,1322
2006-11-27,128349.41198730469,26.120101928710938,128323.29188537598,SPY,1322
2006-11-28,128905.66825866699,26.120101928710938,128879.54815673828,SPY,1322
2006-11-29,130249.9181060791,26.120101928710938,130223.79800415039,SPY,1322
2006-11-30,130305.55281066895,26.120101928710938,130279.43270874023,SPY,1322
2006-12-01,130018.19088745117,26.120101928710938,129992.07078552246,SPY,1322
2006-12-04,131010.09432983398,26.120101928710938,130983.97422790527,SPY,1322
2006-12-05,131575.62977600098,26.120101928710938,131549.50967407227,SPY,1322
2006-12-06,131464.30993652344,26.120101928710938,131438.18983459473,SPY,1322
2006-12-07,130889.58609008789,26.120101928710938,130863.46598815918,SPY,1322
2006-12-08,131130.5924835205,26.120101928710938,131104.4723815918,SPY,1322
2006-12-11,131510.7360687256,26.120101928710938,131484.61596679688,SPY,1322
2006-12-12,131408.7458343506,26.120101928710938,131382.62573242188,SPY,1322
2006-12-13,131547.75190734863,26.120101928710938,131521.63180541992,SPY,1322
2006-12-14,132706.59980773926,26.120101928710938,132680.47970581055,SPY,1322
2006-12-15,132718.70307922363,26.120101928710938,132692.58297729492,SPY,1322
2006-12-18,132355.11071777344,26.120101928710938,132328.99061584473,SPY,1322
2006-12-19,132606.85876464844,26.120101928710938,132580.73866271973,SPY,1322
2006-12-20,132532.3026123047,26.120101928710938,132506.18251037598,SPY,1322
2006-12-21,132047.5565032959,26.120101928710938,132021.4364013672,SPY,1322
2006-12-22,131236.46585083008,26.120101928710938,131210.34574890137,SPY,1322
2006-12-26,132010.19773864746,26.120101928710938,131984.07763671875,SPY,1322
2006-12-27,132877.17524719238,26.120101928710938,132851.05514526367,SPY,1322
2006-12-28,132597.53924560547,26.120101928710938,132571.41914367676,SPY,1322
2006-12-29,132047.5565032959,26.120101928710938,132021.4364013672,SPY,1322
2007-01-03,131814.4979248047,26.120101928710938,131788.37782287598,SPY,1322
2007-01-04,132094.15409851074,26.120101928710938,132068.03399658203,SPY,1322
2007-01-05,131040.72569274902,26.120101928710938,131014.60559082031,SPY,1322
2007-01-08,131646.63563537598,26.120101928710938,131620.51553344727,SPY,1322
2007-01-09,131534.87200927734,26.120101928710938,131508.75190734863,SPY,1322
2007-01-10,131972.9499206543,26.120101928710938,131946.8298187256,SPY,1322
2007-01-11,132550.92147827148,26.120101928710938,132524.80137634277,SPY,1322
2007-01-12,133557.72203063965,26.120101928710938,133531.60192871094,SPY,1322
2007-01-16,133296.69480895996,26.120101928710938,133270.57470703125,SPY,1322
2007-01-17,133352.66235351562,26.120101928710938,133326.5422515869,SPY,1322
2007-01-18,132905.15397644043,26.120101928710938,132879.03387451172,SPY,1322
2007-01-19,133166.17111206055,26.120101928710938,133140.05101013184,SPY,1322
2007-01-22,132756.0214996338,26.120101928710938,132729.90139770508,SPY,1322
2007-01-23,133147.56233215332,26.120101928710938,133121.4422302246,SPY,1322
2007-01-24,134219.62977600098,26.120101928710938,134193.50967407227,SPY,1322
2007-01-25,132644.11666870117,26.120101928710938,132617.99656677246,SPY,1322
2007-01-26,132522.9931793213,26.120101928710938,132496.87307739258,SPY,1322
2007-01-29,132448.35633850098,26.120101928710938,132422.23623657227,SPY,1322
2007-01-30,133138.23272705078,26.120101928710938,133112.11262512207,SPY,1322
2007-01-31,134033.18896484375,26.120101928710938,134007.06886291504,SPY,1322
2007-02-01,134834.86932373047,26.120101928710938,134808.74922180176,SPY,1322
2007-02-02,135021.33030700684,26.120101928710938,134995.21020507812,SPY,1322
2007-02-05,135058.61846923828,26.120101928710938,135032.49836730957,SPY,1322
2007-02-06,135095.95706176758,26.120101928710938,135069.83695983887,SPY,1322
2007-02-07,135394.20184326172,26.120101928710938,135368.081741333,SPY,1322
2007-02-08,135217.1007232666,26.120101928710938,135190.9806213379,SPY,1322
2007-02-09,134210.310256958,26.120101928710938,134184.1901550293,SPY,1322
2007-02-12,133753.50253295898,26.120101928710938,133727.38243103027,SPY,1322
2007-02-13,134881.47700500488,26.120101928710938,134855.35690307617,SPY,1322
2007-02-14,135767.13389587402,26.120101928710938,135741.0137939453,SPY,1322
2007-02-15,135944.144241333,26.120101928710938,135918.0241394043,SPY,1322
2007-02-16,135878.93786621094,26.120101928710938,135852.81776428223,SPY,1322
2007-02-20,136167.94381713867,26.120101928710938,136141.82371520996,SPY,1322
2007-02-21,136112.046875,26.120101928710938,136085.9267730713,SPY,1322
2007-02-22,136009.47164916992,26.120101928710938,135983.3515472412,SPY,1322
2007-02-23,135478.10777282715,26.120101928710938,135451.98767089844,SPY,1322
2007-02-26,135356.89350891113,26.120101928710938,135330.77340698242,SPY,1322
2007-02-27,130071.2133026123,26.120101928710938,130045.0932006836,SPY,1322
2007-02-28,131404.2877960205,26.120101928710938,131378.1676940918,SPY,1322
2007-03-01,131012.76713562012,26.120101928710938,130986.6470336914,SPY,1322
2007-03-02,129297.40072631836,26.120101928710938,129271.28062438965,SPY,1322
2007-03-05,128066.97206115723,26.120101928710938,128040.85195922852,SPY,1322
2007-03-06,130257.70454406738,26.120101928710938,130231.58444213867,SPY,1322
2007-03-07,130127.11024475098,26.120101928710938,130100.99014282227,SPY,1322
2007-03-08,131227.20684814453,26.120101928710938,131201.08674621582,SPY,1322
2007-03-09,131264.46475219727,26.120101928710938,131238.34465026855,SPY,1322
2007-03-12,131460.22508239746,26.120101928710938,131434.10498046875,SPY,1322
2007-03-13,128905.89015197754,26.120101928710938,128879.77005004883,SPY,1322
2007-03-14,129866.12336730957,26.120101928710938,129840.00326538086,SPY,1322
2007-03-15,130043.29508972168,26.120101928710938,130017.17498779297,SPY,1322
2007-03-16,129679.14799499512,26.120101928710938,129653.0278930664,SPY,1322
2007-03-19,131242.15438842773,26.120101928710938,131216.03428649902,SPY,1322
2007-03-20,131962.80334472656,26.120101928710938,131936.68324279785,SPY,1322
2007-03-21,134134.13024902344,26.120101928710938,134108.01014709473,SPY,1322
2007-03-22,134031.19192504883,26.120101928710938,134005.07182312012,SPY,1322
2007-03-23,134227.72888183594,26.120101928710938,134201.60877990723,SPY,1322
2007-03-26,134049.91165161133,26.120101928710938,134023.79154968262,SPY,1322
2007-03-27,133731.7569885254,26.120101928710938,133705.63688659668,SPY,1322
2007-03-28,132758.37155151367,26.120101928710938,132732.25144958496,SPY,1322
2007-03-29,132898.74932861328,26.120101928710938,132872.62922668457,SPY,1322
2007-03-30,132926.8390045166,26.120101928710938,132900.7189025879,SPY,1322
2007-04-02,133076.5262145996,26.120101928710938,133050.4061126709,SPY,1322
2007-04-03,134508.55503845215,26.120101928710938,134482.43493652344,SPY,1322
2007-04-04,134658.27250671387,26.120101928710938,134632.15240478516,SPY,1322
2007-04-05,135023.29708862305,26.120101928710938,134997.17698669434,SPY,1322
2007-04-09,135210.45401000977,26.120101928710938,135184.33390808105,SPY,1322
2007-04-10,135369.59185791016,26.120101928710938,135343.47175598145,SPY,1322
2007-04-11,134817.37001037598,26.120101928710938,134791.24990844727,SPY,1322
2007-04-12,135416.35083007812,26.120101928710938,135390.2307281494,SPY,1322
2007-04-13,136034.08163452148,26.120101928710938,136007.96153259277,SPY,1322
2007-04-16,137325.66207885742,26.120101928710938,137299.5419769287,SPY,1322
2007-04-17,137690.6160583496,26.120101928710938,137664.4959564209,SPY,1322
2007-04-18,137859.1641998291,26.120101928710938,137833.0440979004,SPY,1322
2007-04-19,137821.71466064453,26.120101928710938,137795.59455871582,SPY,1322
2007-04-20,139122.5944519043,26.120101928710938,139096.4743499756,SPY,1322
2007-04-23,138598.52279663086,26.120101928710938,138572.40269470215,SPY,1322
2007-04-24,138654.66180419922,26.120101928710938,138628.5417022705,SPY,1322
2007-04-25,139927.58303833008,26.120101928710938,139901.46293640137,SPY,1322
2007-04-26,140086.5695953369,26.120101928710938,140060.4494934082,SPY,1322
2007-04-27,139974.26132202148,26.120101928710938,139948.14122009277,SPY,1322
2007-04-30,138813.77947998047,26.120101928710938,138787.65937805176,SPY,1322
2007-05-01,139169.38368225098,26.120101928710938,139143.26358032227,SPY,1322
2007-05-02,139983.6312713623,26.120101928710938,139957.5111694336,SPY,1322
2007-05-03,140741.79028320312,26.120101928710938,140715.6701812744,SPY,1322
2007-05-04,141275.2621459961,26.120101928710938,141249.14204406738,SPY,1322
2007-05-07,141303.291305542,26.120101928710938,141277.17120361328,SPY,1322
2007-05-08,141116.1545562744,26.120101928710938,141090.0344543457,SPY,1322
2007-05-09,141499.87869262695,26.120101928710938,141473.75859069824,SPY,1322
2007-05-10,140021.10098266602,26.120101928710938,139994.9808807373,SPY,1322
2007-05-11,141219.09288024902,26.120101928710938,141192.9727783203,SPY,1322
2007-05-14,140910.2073059082,26.120101928710938,140884.0872039795,SPY,1322
2007-05-15,140947.6165008545,26.120101928710938,140921.49639892578,SPY,1322
2007-05-16,141911.70259094238,26.120101928710938,141885.58248901367,SPY,1322
2007-05-17,141630.88652038574,26.120101928710938,141604.76641845703,SPY,1322
2007-05-18,142866.2371826172,26.120101928710938,142840.11708068848,SPY,1322
2007-05-21,142791.42887878418,26.120101928710938,142765.30877685547,SPY,1322
2007-05-22,142679.15086364746,26.120101928710938,142653.03076171875,SPY,1322
2007-05-23,142697.81007385254,26.120101928710938,142671.68997192383,SPY,1322
2007-05-24,141406.24980163574,26.120101928710938,141380.12969970703,SPY,1322
2007-05-25,141995.8808441162,26.120101928710938,141969.7607421875,SPY,1322
2007-05-29,142510.6632385254,26.120101928710938,142484.54313659668,SPY,1322
2007-05-30,143671.13499450684,26.120101928710938,143645.01489257812,SPY,1322
2007-05-31,143521.40744018555,26.120101928710938,143495.28733825684,SPY,1322
2007-06-01,144232.7772216797,26.120101928710938,144206.65711975098,SPY,1322
2007-06-04,144251.4969482422,26.120101928710938,144225.37684631348,SPY,1322
2007-06-05,143680.56546020508,26.120101928710938,143654.44535827637,SPY,1322
2007-06-06,142136.2283630371,26.120101928710938,142110.1082611084,SPY,1322
2007-06-07,139571.85780334473,26.120101928710938,139545.73770141602,SPY,1322
2007-06-08,141387.5401611328,26.120101928710938,141361.4200592041,SPY,1322
2007-06-11,141630.88652038574,26.120101928710938,141604.76641845703,SPY,1322
2007-06-12,140086.5695953369,26.120101928710938,140060.4494934082,SPY,1322
2007-06-13,142183.0781097412,26.120101928710938,142156.9580078125,SPY,1322
2007-06-14,143090.9344177246,26.120101928710938,143064.8143157959,SPY,1322
2007-06-15,143905.01054382324,26.120101928710938,143878.89044189453,SPY,1322
2007-06-18,143735.74629211426,26.120101928710938,143709.62619018555,SPY,1322
2007-06-19,144092.91383361816,26.120101928710938,144066.79373168945,SPY,1322
2007-06-20,142090.810836792,26.120101928710938,142064.69073486328,SPY,1322
2007-06-21,142880.28706359863,26.120101928710938,142854.16696166992,SPY,1322
2007-06-22,141536.18850708008,26.120101928710938,141510.06840515137,SPY,1322
2007-06-25,140859.46434020996,26.120101928710938,140833.34423828125,SPY,1322
2007-06-26,139411.94332885742,26.120101928710938,139385.8232269287,SPY,1322
2007-06-27,141395.29634094238,26.120101928710938,141369.17623901367,SPY,1322
2007-06-28,141376.42532348633,26.120101928710938,141350.30522155762,SPY,1322
2007-06-29,141423.3860168457,26.120101928710938,141397.265914917,SPY,1322
2007-07-02,142701.81423950195,26.120101928710938,142675.69413757324,SPY,1322
2007-07-03,143218.77522277832,26.120101928710938,143192.6551208496,SPY,1322
2007-07-05,143068.39207458496,26.120101928710938,143042.27197265625,SPY,1322
2007-07-06,143820.31790161133,26.120101928710938,143794.19779968262,SPY,1322
2007-07-09,143933.1506500244,26.120101928710938,143907.0305480957,SPY,1322
2007-07-10,141883.98609924316,26.120101928710938,141857.86599731445,SPY,1322
2007-07-11,142889.75787353516,26.120101928710938,142863.63777160645,SPY,1322
2007-07-12,145145.69673156738,26.120101928710938,145119.57662963867,SPY,1322
2007-07-13,145578.0457611084,26.120101928710938,145551.9256591797,SPY,1322
2007-07-16,145559.27560424805,26.120101928710938,145533.15550231934,SPY,1322
2007-07-17,145484.01342773438,26.120101928710938,145457.89332580566,SPY,1322
2007-07-18,145220.8378753662,26.120101928710938,145194.7177734375,SPY,1322
2007-07-19,145784.89067077637,26.120101928710938,145758.77056884766,SPY,1322
2007-07-20,144309.06817626953,26.120101928710938,144282.94807434082,SPY,1322
2007-07-23,144750.88801574707,26.120101928710938,144724.76791381836,SPY,1322
2007-07-24,142241.20407104492,26.120101928710938,142215.0839691162,SPY,1322
2007-07-25,142532.59033203125,26.120101928710938,142506.47023010254,SPY,1322
2007-07-26,139158.17807006836,26.120101928710938,139132.05796813965,SPY,1322
2007-07-27,136422.81854248047,26.120101928710938,136396.69844055176,SPY,1322
2007-07-30,138556.60513305664,26.120101928710938,138530.48503112793,SPY,1322
2007-07-31,136996.25137329102,26.120101928710938,136970.1312713623,SPY,1322
2007-08-01,137663.59550476074,26.120101928710938,137637.47540283203,SPY,1322
2007-08-02,138763.33909606934,26.120101928710938,138737.21899414062,SPY,1322
2007-08-03,135191.552734375,26.120101928710938,135165.4326324463,SPY,1322
2007-08-06,137456.7707672119,26.120101928710938,137430.6506652832,SPY,1322
2007-08-07,138923.12245178223,26.120101928710938,138897.00234985352,SPY,1322
2007-08-08,140859.46434020996,26.120101928710938,140833.34423828125,SPY,1322
2007-08-09,136686.0747833252,26.120101928710938,136659.95468139648,SPY,1322
2007-08-10,136046.96153259277,26.120101928710938,136020.84143066406,SPY,1322
2007-08-13,136535.6714630127,26.120101928710938,136509.55136108398,SPY,1322
2007-08-14,134448.98677062988,26.120101928710938,134422.86666870117,SPY,1322
2007-08-15,132597.24674987793,26.120101928710938,132571.12664794922,SPY,1322
2007-08-16,133593.60823059082,26.120101928710938,133567.4881286621,SPY,1322
2007-08-17,136046.96153259277,26.120101928710938,136020.84143066406,SPY,1322
2007-08-20,135981.06930541992,26.120101928710938,135954.9492034912,SPY,1322
2007-08-21,136253.66523742676,26.120101928710938,136227.54513549805,SPY,1322
2007-08-22,137870.41015625,26.120101928710938,137844.2900543213,SPY,1322
2007-08-23,137748.22763061523,26.120101928710938,137722.10752868652,SPY,1322
2007-08-24,139449.5239868164,26.120101928710938,139423.4038848877,SPY,1322
2007-08-27,138152.3962097168,26.120101928710938,138126.2761077881,SPY,1322
2007-08-28,135116.34098815918,26.120101928710938,135090.22088623047,SPY,1322
2007-08-29,137766.9977874756,26.120101928710938,137740.87768554688,SPY,1322
2007-08-30,137400.39978027344,26.120101928710938,137374.27967834473,SPY,1322
2007-08-31,138753.99940490723,26.120101928710938,138727.87930297852,SPY,1322
2007-09-04,140154.52946472168,26.120101928710938,140128.40936279297,SPY,1322
2007-09-05,138941.87243652344,26.120101928710938,138915.75233459473,SPY,1322
2007-09-06,139261.56018066406,26.120101928710938,139235.44007873535,SPY,1322
2007-09-07,137325.2586364746,26.120101928710938,137299.1385345459,SPY,1322
2007-09-10,137062.05282592773,26.120101928710938,137035.93272399902,SPY,1322
2007-09-11,138660.01750183105,26.120101928710938,138633.89739990234,SPY,1322
2007-09-12,139017.1346130371,26.120101928710938,138991.0145111084,SPY,1322
2007-09-13,139994.71585083008,26.120101928710938,139968.59574890137,SPY,1322
2007-09-14,139985.28538513184,26.120101928710938,139959.16528320312,SPY,1322
2007-09-17,139233.30912780762,26.120101928710938,139207.1890258789,SPY,1322
2007-09-18,143331.51719665527,26.120101928710938,143305.39709472656,SPY,1322
2007-09-19,144177.44509887695,26.120101928710938,144151.32499694824,SPY,1322
2007-09-20,143162.39414978027,26.120101928710938,143136.27404785156,SPY,1322
2007-09-21,143548.60954284668,26.120101928710938,143522.48944091797,SPY,1322
2007-09-24,143284.22366333008,26.120101928710938,143258.10356140137,SPY,1322
2007-09-25,143000.84573364258,26.120101928710938,142974.72563171387,SPY,1322
2007-09-26,143756.47314453125,26.120101928710938,143730.35304260254,SPY,1322
2007-09-27,144606.4152984619,26.120101928710938,144580.2951965332,SPY,1322
2007-09-28,144124.7050933838,26.120101928710938,144098.58499145508,SPY,1322
2007-10-01,145749.05490112305,26.120101928710938,145722.93479919434,SPY,1322
2007-10-02,145550.82348632812,26.120101928710938,145524.7033843994,SPY,1322
2007-10-03,145258.0453491211,26.120101928710938,145231.92524719238,SPY,1322
2007-10-04,145484.66902160645,26.120101928710938,145458.54891967773,SPY,1322
2007-10-05,147212.92541503906,26.120101928710938,147186.80531311035,SPY,1322
2007-10-08,146429.05703735352,26.120101928710938,146402.9369354248,SPY,1322
2007-10-09,147807.9323272705,26.120101928710938,147781.8122253418,SPY,1322
2007-10-10,147562.41746520996,26.120101928710938,147536.29736328125,SPY,1322
2007-10-11,146854.08358764648,26.120101928710938,146827.96348571777,SPY,1322
2007-10-12,147666.27362060547,26.120101928710938,147640.15351867676,SPY,1322
2007-10-15,146419.63665771484,26.120101928710938,146393.51655578613,SPY,1322
2007-10-16,145258.0453491211,26.120101928710938,145231.92524719238,SPY,1322
2007-10-17,145701.96308898926,26.120101928710938,145675.84298706055,SPY,1322
2007-10-18,145172.99969482422,26.120101928710938,145146.8795928955,SPY,1322
2007-10-19,141376.44549560547,26.120101928710938,141350.32539367676,SPY,1322
2007-10-22,142198.15676879883,26.120101928710938,142172.03666687012,SPY,1322
2007-10-23,143350.24700927734,26.120101928710938,143324.12690734863,SPY,1322
2007-10-24,143085.86112976074,26.120101928710938,143059.74102783203,SPY,1322
2007-10-25,143425.80168151855,26.120101928710938,143399.68157958984,SPY,1322
2007-10-26,145106.91583251953,26.120101928710938,145080.79573059082,SPY,1322
2007-10-29,145588.52517700195,26.120101928710938,145562.40507507324,SPY,1322
2007-10-30,144578.0129547119,26.120101928710938,144551.8928527832,SPY,1322
2007-10-31,146079.6355895996,26.120101928710938,146053.5154876709,SPY,1322
2007-11-01,142660.88500976562,26.120101928710938,142634.7649078369,SPY,1322
2007-11-02,142821.39456176758,26.120101928710938,142795.27445983887,SPY,1322
2007-11-05,141735.31758117676,26.120101928710938,141709.19747924805,SPY,1322
2007-11-06,143643.06549072266,26.120101928710938,143616.94538879395,SPY,1322
2007-11-07,139714.30322265625,26.120101928710938,139688.18312072754,SPY,1322
2007-11-08,139006.00968933105,26.120101928710938,138979.88958740234,SPY,1322
2007-11-09,137098.29203796387,26.120101928710938,137072.17193603516,SPY,1322
2007-11-12,135738.34828186035,26.120101928710938,135712.22817993164,SPY,1322
2007-11-13,139874.8430328369,26.120101928710938,139848.7229309082,SPY,1322
2007-11-14,139487.66946411133,26.120101928710938,139461.54936218262,SPY,1322
2007-11-15,137476.0351409912,26.120101928710938,137449.9150390625,SPY,1322
2007-11-16,137712.20022583008,26.120101928710938,137686.08012390137,SPY,1322
2007-11-19,135794.96133422852,26.120101928710938,135768.8412322998,SPY,1322
2007-11-20,136626.0728149414,26.120101928710938,136599.9527130127,SPY,1322
2007-11-21,133830.5802001953,26.120101928710938,133804.4600982666,SPY,1322
2007-11-23,136144.4937286377,26.120101928710938,136118.37362670898,SPY,1322
2007-11-26,133141.15768432617,26.120101928710938,133115.03758239746,SPY,1322
2007-11-27,134671.19274902344,26.120101928710938,134645.07264709473,SPY,1322
2007-11-28,138977.6577758789,26.120101928710938,138951.5376739502,SPY,1322
2007-11-29,139024.87062072754,26.120101928710938,138998.75051879883,SPY,1322
2007-11-30,140422.5059814453,26.120101928710938,140396.3858795166,SPY,1322
2007-12-03,139497.0595855713,26.120101928710938,139470.93948364258,SPY,1322
2007-12-04,138250.45288085938,26.120101928710938,138224.33277893066,SPY,1322
2007-12-05,140564.23529052734,26.120101928710938,140538.11518859863,SPY,1322
2007-12-06,142575.93013000488,26.120101928710938,142549.81002807617,SPY,1322
2007-12-07,142547.56813049316,26.120101928710938,142521.44802856445,SPY,1322
2007-12-10,143652.4656982422,26.120101928710938,143626.34559631348,SPY,1322
2007-12-11,139714.30322265625,26.120101928710938,139688.18312072754,SPY,1322
2007-12-12,141093.16842651367,26.120101928710938,141067.04832458496,SPY,1322
2007-12-13,140800.43063354492,26.120101928710938,140774.3105316162,SPY,1322
2007-12-14,139015.470413208,26.120101928710938,138989.3503112793,SPY,1322
2007-12-17,137032.14765930176,26.120101928710938,137006.02755737305,SPY,1322
2007-12-18,137797.1954498291,26.120101928710938,137771.0753479004,SPY,1322
2007-12-19,137797.1954498291,26.120101928710938,137771.0753479004,SPY,1322
2007-12-20,138666.0187072754,26.120101928710938,138639.89860534668,SPY,1322
2007-12-21,140664.59158325195,26.120101928710938,140638.47148132324,SPY,1322
2007-12-24,141708.93244934082,26.120101928710938,141682.8123474121,SPY,1322
2007-12-26,142012.75482177734,26.120101928710938,141986.63471984863,SPY,1322
2007-12-27,140227.7744293213,26.120101928710938,140201.65432739258,SPY,1322
2007-12-28,139876.577835083,26.120101928710938,139850.4577331543,SPY,1322
2007-12-31,138841.68760681152,26.120101928710938,138815.5675048828,SPY,1322
2008-01-02,137626.38803100586,26.120101928710938,137600.26792907715,SPY,1322
2008-01-03,137559.9208984375,26.120101928710938,137533.8007965088,SPY,1322
2008-01-04,134189.4220275879,26.120101928710938,134163.30192565918,SPY,1322
2008-01-07,134075.5403289795,26.120101928710938,134049.42022705078,SPY,1322
2008-01-08,131910.79962158203,26.120101928710938,131884.67951965332,SPY,1322
2008-01-09,133297.00747680664,26.120101928710938,133270.88737487793,SPY,1322
2008-01-10,134170.47032165527,26.120101928710938,134144.35021972656,SPY,1322
2008-01-11,133088.12518310547,26.120101928710938,133062.00508117676,SPY,1322
2008-01-14,134160.96925354004,26.120101928710938,134134.84915161133,SPY,1322
2008-01-15,131208.24505615234,26.120101928710938,131182.12495422363,SPY,1322
2008-01-16,130078.44500732422,26.120101928710938,130052.32490539551,SPY,1322
2008-01-17,126707.98648071289,26.120101928710938,126681.86637878418,SPY,1322
2008-01-18,125407.27815246582,26.120101928710938,125381.15805053711,SPY,1322
2008-01-22,124135.04277038574,26.120101928710938,124108.92266845703,SPY,1322
2008-01-23,127116.27017211914,26.120101928710938,127090.15007019043,SPY,1322
2008-01-24,128189.15458679199,26.120101928710938,128163.03448486328,SPY,1322
2008-01-25,126337.70706176758,26.120101928710938,126311.58695983887,SPY,1322
2008-01-28,128426.44931030273,26.120101928710938,128400.32920837402,SPY,1322
2008-01-29,129062.54682922363,26.120101928710938,129036.42672729492,SPY,1322
2008-01-30,128113.16621398926,26.120101928710938,128087.04611206055,SPY,1322
2008-01-31,130448.7345123291,26.120101928710938,130422.61441040039,SPY,1322
2008-02-01,132546.95765686035,26.120101928710938,132520.83755493164,SPY,1322
2008-02-04,130875.9598236084,26.120101928710938,130849.83972167969,SPY,1322
2008-02-05,127372.60737609863,26.120101928710938,127346.48727416992,SPY,1322
2008-02-06,126347.22830200195,26.120101928710938,126321.10820007324,SPY,1322
2008-02-07,127182.70704650879,26.120101928710938,127156.58694458008,SPY,1322
2008-02-08,126366.23043823242,26.120101928710938,126340.11033630371,SPY,1322
2008-02-11,127011.7785949707,26.120101928710938,126985.65849304199,SPY,1322
2008-02-12,128189.15458679199,26.120101928710938,128163.03448486328,SPY,1322
2008-02-13,129499.2631225586,26.120101928710938,129473.14302062988,SPY,1322
2008-02-14,128359.95191955566,26.120101928710938,128333.83181762695,SPY,1322
2008-02-15,128331.50923156738,26.120101928710938,128305.38912963867,SPY,1322
2008-02-19,128692.21697998047,26.120101928710938,128666.09687805176,SPY,1322
2008-02-20,129072.0378112793,26.120101928710938,129045.91770935059,SPY,1322
2008-02-21,127999.15339660645,26.120101928710938,127973.03329467773,SPY,1322
2008-02-22,128787.18731689453,26.120101928710938,128761.06721496582,SPY,1322
2008-02-25,130410.76049804688,26.120101928710938,130384.64039611816,SPY,1322
2008-02-26,131388.65440368652,26.120101928710938,131362.5343017578,SPY,1322
2008-02-27,131255.75039672852,26.120101928710938,131229.6302947998,SPY,1322
2008-02-28,129973.97360229492,26.120101928710938,129947.85350036621,SPY,1322
2008-02-29,127078.24572753906,26.120101928710938,127052.12562561035,SPY,1322
2008-03-03,126774.44352722168,26.120101928710938,126748.32342529297,SPY,1322
2008-03-04,126290.26223754883,26.120101928710938,126264.14213562012,SPY,1322
2008-03-05,127087.75688171387,26.120101928710938,127061.63677978516,SPY,1322
2008-03-06,124457.86727905273,26.120101928710938,124431.74717712402,SPY,1322
2008-03-07,123176.11065673828,26.120101928710938,123149.99055480957,SPY,1322
2008-03-10,121552.60807800293,26.120101928710938,121526.48797607422,SPY,1322
2008-03-11,125919.96264648438,26.120101928710938,125893.84254455566,SPY,1322
2008-03-12,124742.70768737793,26.120101928710938,124716.58758544922,SPY,1322
2008-03-13,125017.9764251709,26.120101928710938,124991.85632324219,SPY,1322
2008-03-14,123081.20083618164,26.120101928710938,123055.08073425293,SPY,1322
2008-03-17,121837.43840026855,26.120101928710938,121811.31829833984,SPY,1322
2008-03-18,126897.8968963623,26.120101928710938,126871.7767944336,SPY,1322
2008-03-19,123755.28245544434,26.120101928710938,123729.16235351562,SPY,1322
2008-03-20,126047.0873413086,26.120101928710938,126020.96723937988,SPY,1322
2008-03-24,128566.00003051758,26.120101928710938,128539.87992858887,SPY,1322
2008-03-25,128690.00813293457,26.120101928710938,128663.88803100586,SPY,1322
2008-03-26,127115.7053527832,26.120101928710938,127089.58525085449,SPY,1322
2008-03-27,126715.0164642334,26.120101928710938,126688.89636230469,SPY,1322
2008-03-28,125503.19657897949,26.120101928710938,125477.07647705078,SPY,1322
2008-03-31,125942.09146118164,26.120101928710938,125915.97135925293,SPY,1322
2008-04-01,130369.27653503418,26.120101928710938,130343.15643310547,SPY,1322
2008-04-02,130455.12907409668,26.120101928710938,130429.00897216797,SPY,1322
2008-04-03,130779.5068359375,26.120101928710938,130753.38673400879,SPY,1322
2008-04-04,130636.44616699219,26.120101928710938,130610.32606506348,SPY,1322
2008-04-07,130703.28648376465,26.120101928710938,130677.16638183594,SPY,1322
2008-04-08,130569.64619445801,26.120101928710938,130543.5260925293,SPY,1322
2008-04-09,129625.00602722168,26.120101928710938,129598.88592529297,SPY,1322
2008-04-10,129806.32312011719,26.120101928710938,129780.20301818848,SPY,1322
2008-04-11,127287.39025878906,26.120101928710938,127261.27015686035,SPY,1322
2008-04-14,126858.06704711914,26.120101928710938,126831.94694519043,SPY,1322
2008-04-15,127153.8911743164,26.120101928710938,127127.7710723877,SPY,1322
2008-04-16,130598.25025939941,26.120101928710938,130572.1301574707,SPY,1322
2008-04-17,130789.06842041016,26.120101928710938,130762.94831848145,SPY,1322
2008-04-18,132153.53073120117,26.120101928710938,132127.41062927246,SPY,1322
2008-04-21,132220.30044555664,26.120101928710938,132194.18034362793,SPY,1322
2008-04-22,131638.28437805176,26.120101928710938,131612.16427612305,SPY,1322
2008-04-23,131428.33296203613,26.120101928710938,131402.21286010742,SPY,1322
2008-04-24,132000.84796142578,26.120101928710938,131974.72785949707,SPY,1322
2008-04-25,133222.12857055664,26.120101928710938,133196.00846862793,SPY,1322
2008-04-28,133250.74272155762,26.120101928710938,133224.6226196289,SPY,1322
2008-04-29,132725.99530029297,26.120101928710938,132699.87519836426,SPY,1322
2008-04-30,131943.58940124512,26.120101928710938,131917.4692993164,SPY,1322
2008-05-01,134672.38290405273,26.120101928710938,134646.26280212402,SPY,1322
2008-05-02,135044.52824401855,26.120101928710938,135018.40814208984,SPY,1322
2008-05-05,134395.6718597412,26.120101928710938,134369.5517578125,SPY,1322
2008-05-06,135559.74433898926,26.120101928710938,135533.62423706055,SPY,1322
2008-05-07,133145.75692749023,26.120101928710938,133119.63682556152,SPY,1322
2008-05-08,132802.2862548828,26.120101928710938,132776.1661529541,SPY,1322
2008-05-09,132554.19944763184,26.120101928710938,132528.07934570312,SPY,1322
2008-05-12,134042.62951660156,26.120101928710938,134016.50941467285,SPY,1322
2008-05-13,134061.7425994873,26.120101928710938,134035.6224975586,SPY,1322
2008-05-14,134338.42338562012,26.120101928710938,134312.3032836914,SPY,1322
2008-05-15,136017.7018737793,26.120101928710938,135991.5817718506,SPY,1322
2008-05-16,136141.740234375,26.120101928710938,136115.6201324463,SPY,1322
2008-05-19,136513.7947998047,26.120101928710938,136487.67469787598,SPY,1322
2008-05-20,135407.0212249756,26.120101928710938,135380.90112304688,SPY,1322
2008-05-21,133117.2335510254,26.120101928710938,133091.11344909668,SPY,1322
2008-05-22,133136.255859375,26.120101928710938,133110.1357574463,SPY,1322
2008-05-23,131352.0420074463,26.120101928710938,131325.92190551758,SPY,1322
2008-05-27,132325.23580932617,26.120101928710938,132299.11570739746,SPY,1322
2008-05-28,132935.85594177246,26.120101928710938,132909.73583984375,SPY,1322
2008-05-29,133603.76489257812,26.120101928710938,133577.6447906494,SPY,1322
2008-05-30,133937.72441101074,26.120101928710938,133911.60430908203,SPY,1322
2008-06-02,132554.19944763184,26.120101928710938,132528.07934570312,SPY,1322
2008-06-03,131781.42573547363,26.120101928710938,131755.30563354492,SPY,1322
2008-06-04,131714.5753326416,26.120101928710938,131688.4552307129,SPY,1322
2008-06-05,134348.01522827148,26.120101928710938,134321.89512634277,SPY,1322
2008-06-06,130063.95133972168,26.120101928710938,130037.83123779297,SPY,1322
2008-06-09,130378.79777526855,26.120101928710938,130352.67767333984,SPY,1322
2008-06-10,129729.99182128906,26.120101928710938,129703.87171936035,SPY,1322
2008-06-11,127821.74969482422,26.120101928710938,127795.62959289551,SPY,1322
2008-06-12,128308.36172485352,26.120101928710938,128282.2416229248,SPY,1322
2008-06-13,129930.38165283203,26.120101928710938,129904.26155090332,SPY,1322
2008-06-16,130006.70286560059,26.120101928710938,129980.58276367188,SPY,1322
2008-06-17,129377.00999450684,26.120101928710938,129350.88989257812,SPY,1322
2008-06-18,128117.57382202148,26.120101928710938,128091.45372009277,SPY,1322
2008-06-19,128279.73748779297,26.120101928710938,128253.61738586426,SPY,1322
2008-06-20,126197.98487854004,26.120101928710938,126171.86477661133,SPY,1322
2008-06-23,126073.33126831055,26.120101928710938,126047.21116638184,SPY,1322
2008-06-24,125823.97361755371,26.120101928710938,125797.853515625,SPY,1322
2008-06-25,126418.51657104492,26.120101928710938,126392.39646911621,SPY,1322
2008-06-26,122985.62533569336,26.120101928710938,122959.50523376465,SPY,1322
2008-06-27,122314.40815734863,26.120101928710938,122288.28805541992,SPY,1322
2008-06-30,122745.94021606445,26.120101928710938,122719.82011413574,SPY,1322
2008-07-01,123129.50297546387,26.120101928710938,123103.38287353516,SPY,1322
2008-07-02,121019.91284179688,26.120101928710938,120993.79273986816,SPY,1322
2008-07-03,121144.5563659668,26.120101928710938,121118.43626403809,SPY,1322
2008-07-07,119907.62219238281,26.120101928710938,119881.5020904541,SPY,1322
2008-07-08,122036.36575317383,26.120101928710938,122010.24565124512,SPY,1322
2008-07-09,119687.05015563965,26.120101928710938,119660.93005371094,SPY,1322
2008-07-10,120176.10301208496,26.120101928710938,120149.98291015625,SPY,1322
2008-07-11,118776.1175994873,26.120101928710938,118749.9974975586,SPY,1322
2008-07-14,117702.13380432129,26.120101928710938,117676.01370239258,SPY,1322
2008-07-15,116043.22915649414,26.120101928710938,116017.10905456543,SPY,1322
2008-07-16,118891.17936706543,26.120101928710938,118865.05926513672,SPY,1322
2008-07-17,120080.19467163086,26.120101928710938,120054.07456970215,SPY,1322
2008-07-18,120828.14659118652,26.120101928710938,120802.02648925781,SPY,1322
2008-07-21,120895.24914550781,26.120101928710938,120869.1290435791,SPY,1322
2008-07-22,122266.51954650879,26.120101928710938,122240.39944458008,SPY,1322
2008-07-23,122928.10453796387,26.120101928710938,122901.98443603516,SPY,1322
2008-07-24,120377.46110534668,26.120101928710938,120351.34100341797,SPY,1322
2008-07-25,120348.70574951172,26.120101928710938,120322.58564758301,SPY,1322
2008-07-28,118584.33117675781,26.120101928710938,118558.2110748291,SPY,1322
2008-07-29,121115.83126831055,26.120101928710938,121089.71116638184,SPY,1322
2008-07-30,123273.32009887695,26.120101928710938,123247.19999694824,SPY,1322
2008-07-31,121643.22123718262,26.120101928710938,121617.1011352539,SPY,1322
2008-08-01,121000.73924255371,26.120101928710938,120974.619140625,SPY,1322
2008-08-04,119878.80632019043,26.120101928710938,119852.68621826172,SPY,1322
2008-08-05,123110.3293762207,26.120101928710938,123084.20927429199,SPY,1322
2008-08-06,123656.8727722168,26.120101928710938,123630.75267028809,SPY,1322
2008-08-07,121815.80380249023,26.120101928710938,121789.68370056152,SPY,1322
2008-08-08,124078.81298828125,26.120101928710938,124052.69288635254,SPY,1322
2008-08-11,125363.74671936035,26.120101928710938,125337.62661743164,SPY,1322
2008-08-12,124059.64947509766,26.120101928710938,124033.52937316895,SPY,1322
2008-08-13,123311.70764160156,26.120101928710938,123285.58753967285,SPY,1322
2008-08-14,124241.8037109375,26.120101928710938,124215.68360900879,SPY,1322
2008-08-15,124845.94859313965,26.120101928710938,124819.82849121094,SPY,1322
2008-08-18,123139.08473205566,26.120101928710938,123112.96463012695,SPY,1322
2008-08-19,121796.57977294922,26.120101928710938,121770.45967102051,SPY,1322
2008-08-20,122362.37745666504,26.120101928710938,122336.25735473633,SPY,1322
2008-08-21,122573.37782287598,26.120101928710938,122547.25772094727,SPY,1322
2008-08-22,124347.30389404297,26.120101928710938,124321.18379211426,SPY,1322
2008-08-25,121825.37547302246,26.120101928710938,121799.25537109375,SPY,1322
2008-08-26,122180.21313476562,26.120101928710938,122154.09303283691,SPY,1322
2008-08-27,123369.25869750977,26.120101928710938,123343.13859558105,SPY,1322
2008-08-28,124865.14236450195,26.120101928710938,124839.02226257324,SPY,1322
2008-08-29,123522.64749145508,26.120101928710938,123496.52738952637,SPY,1322
2008-09-02,122755.50180053711,26.120101928710938,122729.3816986084,SPY,1322
2008-09-03,122650.01170349121,26.120101928710938,122623.8916015625,SPY,1322
2008-09-04,118958.26174926758,26.120101928710938,118932.14164733887,SPY,1322
2008-09-05,119332.22257995605,26.120101928710938,119306.10247802734,SPY,1322
2008-09-08,121796.57977294922,26.120101928710938,121770.45967102051,SPY,1322
2008-09-09,118181.6049041748,26.120101928710938,118155.4848022461,SPY,1322
2008-09-10,118661.05583190918,26.120101928710938,118634.93572998047,SPY,1322
2008-09-11,120377.46110534668,26.120101928710938,120351.34100341797,SPY,1322
2008-09-12,120933.60643005371,26.120101928710938,120907.486328125,SPY,1322
2008-09-15,115180.23564147949,26.120101928710938,115154.11553955078,SPY,1322
2008-09-16,117107.62110900879,26.120101928710938,117081.50100708008,SPY,1322
2008-09-17,111843.24266052246,26.120101928710938,111817.12255859375,SPY,1322
2008-09-18,115161.0015258789,26.120101928710938,115134.8814239502,SPY,1322
2008-09-19,119733.48637390137,26.120101928710938,119707.36627197266,SPY,1322
2008-09-22,117023.39242553711,26.120101928710938,116997.2723236084,SPY,1322
2008-09-23,114361.49975585938,26.120101928710938,114335.37965393066,SPY,1322
2008-09-24,114728.02716064453,26.120101928710938,114701.90705871582,SPY,1322
2008-09-25,116521.9034576416,26.120101928710938,116495.78335571289,SPY,1322
2008-09-26,116579.73692321777,26.120101928710938,116553.61682128906,SPY,1322
2008-09-29,107446.40653991699,26.120101928710938,107420.28643798828,SPY,1322
2008-09-30,111892.54331970215,26.120101928710938,111866.42321777344,SPY,1322
2008-10-01,111960.03923034668,26.120101928710938,111933.91912841797,SPY,1322
2008-10-02,107899.74465942383,26.120101928710938,107873.62455749512,SPY,1322
2008-10-03,106443.37817382812,26.120101928710938,106417.25807189941,SPY,1322
2008-10-06,101023.22053527832,26.120101928710938,100997.10043334961,SPY,1322
2008-10-07,96499.92539978027,26.120101928710938,96473.80529785156,SPY,1322
2008-10-08,94069.52796936035,26.120101928710938,94043.40786743164,SPY,1322
2008-10-09,87501.62718200684,26.120101928710938,87475.50708007812,SPY,1322
2008-10-10,85379.84300231934,26.120101928710938,85353.72290039062,SPY,1322
2008-10-13,97773.00801086426,26.120101928710938,97746.88790893555,SPY,1322
2008-10-14,96326.30397033691,26.120101928710938,96300.1838684082,SPY,1322
2008-10-15,86845.78115844727,26.120101928710938,86819.66105651855,SPY,1322
2008-10-16,90462.4807434082,26.120101928710938,90436.36064147949,SPY,1322
2008-10-17,89922.39242553711,26.120101928710938,89896.2723236084,SPY,1322
2008-10-20,95323.29577636719,26.120101928710938,95297.17567443848,SPY,1322
2008-10-21,92478.17974853516,26.120101928710938,92452.05964660645,SPY,1322
2008-10-22,87443.76345825195,26.120101928710938,87417.64335632324,SPY,1322
2008-10-23,88456.4139251709,26.120101928710938,88430.29382324219,SPY,1322
2008-10-24,83971.76856994629,26.120101928710938,83945.64846801758,SPY,1322
2008-10-27,80991.60524749756,26.120101928710938,80965.48514556885,SPY,1322
2008-10-28,90452.82838439941,26.120101928710938,90426.7082824707,SPY,1322
2008-10-29,89797.01261901855,26.120101928710938,89770.89251708984,SPY,1322
2008-10-30,92902.56079101562,26.120101928710938,92876.44068908691,SPY,1322
2008-10-31,93413.67185974121,26.120101928710938,93387.5517578125,SPY,1322
2008-11-03,93683.70593261719,26.120101928710938,93657.58583068848,SPY,1322
2008-11-04,96866.44271850586,26.120101928710938,96840.32261657715,SPY,1322
2008-11-05,92796.46553039551,26.120101928710938,92770.3454284668,SPY,1322
2008-11-06,87655.89346313477,26.120101928710938,87629.77336120605,SPY,1322
2008-11-07,90549.27128601074,26.120101928710938,90523.15118408203,SPY,1322
2008-11-10,89363.03973388672,26.120101928710938,89336.91963195801,SPY,1322
2008-11-11,86604.69407653809,26.120101928710938,86578.57397460938,SPY,1322
2008-11-12,82795.11373138428,26.120101928710938,82768.99362945557,SPY,1322
2008-11-13,87954.92495727539,26.120101928710938,87928.80485534668,SPY,1322
2008-11-14,83566.67207336426,26.120101928710938,83540.55197143555,SPY,1322
2008-11-17,82457.54340362549,26.120101928710938,82431.42330169678,SPY,1322
2008-11-18,84010.29731750488,26.120101928710938,83984.17721557617,SPY,1322
2008-11-19,78628.6936416626,26.120101928710938,78602.57353973389,SPY,1322
2008-11-20,72793.79723358154,26.120101928710938,72767.67713165283,SPY,1322
2008-11-21,76719.07981109619,26.120101928710938,76692.95970916748,SPY,1322
2008-11-24,82033.18757629395,26.120101928710938,82007.06747436523,SPY,1322
2008-11-25,82640.79197692871,26.120101928710938,82614.671875,SPY,1322
2008-11-26,85833.12060546875,26.120101928710938,85807.00050354004,SPY,1322
2008-11-28,86913.30732727051,26.120101928710938,86887.1872253418,SPY,1322
2008-12-01,79217.03871154785,26.120101928710938,79190.91860961914,SPY,1322
2008-12-02,82264.62734222412,26.120101928710938,82238.50724029541,SPY,1322
2008-12-03,84241.77238464355,26.120101928710938,84215.65228271484,SPY,1322
2008-12-04,82293.59450531006,26.120101928710938,82267.47440338135,SPY,1322
2008-12-05,84830.06198120117,26.120101928710938,84803.94187927246,SPY,1322
2008-12-08,87790.94580078125,26.120101928710938,87764.82569885254,SPY,1322
2008-12-09,86344.32244873047,26.120101928710938,86318.20234680176,SPY,1322
2008-12-10,86932.61204528809,26.120101928710938,86906.49194335938,SPY,1322
2008-12-11,84839.70425415039,26.120101928710938,84813.58415222168,SPY,1322
2008-12-12,85852.3648071289,26.120101928710938,85826.2447052002,SPY,1322
2008-12-15,84656.50106811523,26.120101928710938,84630.38096618652,SPY,1322
2008-12-16,88639.67762756348,26.120101928710938,88613.55752563477,SPY,1322
2008-12-17,87781.3136138916,26.120101928710938,87755.19351196289,SPY,1322
2008-12-18,86141.77420043945,26.120101928710938,86115.65409851074,SPY,1322
2008-12-19,85771.3737487793,26.120101928710938,85745.25364685059,SPY,1322
2008-12-22,84672.63876342773,26.120101928710938,84646.51866149902,SPY,1322
2008-12-23,83797.57223510742,26.120101928710938,83771.45213317871,SPY,1322
2008-12-24,84283.74047851562,26.120101928710938,84257.62037658691,SPY,1322
2008-12-26,84769.88854980469,26.120101928710938,84743.76844787598,SPY,1322
2008-12-29,84526.81955718994,26.120101928710938,84500.69945526123,SPY,1322
2008-12-30,86529.6739654541,26.120101928710938,86503.55386352539,SPY,1322
2008-12-31,87764.47998046875,26.120101928710938,87738.35987854004,SPY,1322
2009-01-02,90409.11540222168,26.120101928710938,90382.99530029297,SPY,1322
2009-01-05,90302.1224822998,26.120101928710938,90276.0023803711,SPY,1322
2009-01-06,90904.97634887695,26.120101928710938,90878.85624694824,SPY,1322
2009-01-07,88182.57740783691,26.120101928710938,88156.4573059082,SPY,1322
2009-01-08,88542.28663635254,26.120101928710938,88516.16653442383,SPY,1322
2009-01-09,86646.34950256348,26.120101928710938,86620.22940063477,SPY,1322
2009-01-12,84565.65592956543,26.120101928710938,84539.53582763672,SPY,1322
2009-01-13,84721.2333984375,26.120101928710938,84695.11329650879,SPY,1322
2009-01-14,82057.21257019043,26.120101928710938,82031.09246826172,SPY,1322
2009-01-15,82086.36128234863,26.120101928710938,82060.24118041992,SPY,1322
2009-01-16,82728.07169342041,26.120101928710938,82701.9515914917,SPY,1322
2009-01-20,78362.5376586914,26.120101928710938,78336.4175567627,SPY,1322
2009-01-21,81746.11814880371,26.120101928710938,81719.998046875,SPY,1322
2009-01-22,80482.1180343628,26.120101928710938,80455.99793243408,SPY,1322
2009-01-23,80832.12951660156,26.120101928710938,80806.00941467285,SPY,1322
2009-01-26,81386.32823181152,26.120101928710938,81360.20812988281,SPY,1322
2009-01-27,82212.75978088379,26.120101928710938,82186.63967895508,SPY,1322
2009-01-28,84993.48640441895,26.120101928710938,84967.36630249023,SPY,1322
2009-01-29,82232.20066070557,26.120101928710938,82206.08055877686,SPY,1322
2009-01-30,80559.9168548584,26.120101928710938,80533.79675292969,SPY,1322
2009-02-02,80316.84281921387,26.120101928710938,80290.72271728516,SPY,1322
2009-02-03,81444.67608642578,26.120101928710938,81418.55598449707,SPY,1322
2009-02-04,81045.98928070068,26.120101928710938,81019.86917877197,SPY,1322
2009-02-05,82251.67684173584,26.120101928710938,82225.55673980713,SPY,1322
2009-02-06,84594.84498596191,26.120101928710938,84568.7248840332,SPY,1322
2009-02-09,84711.52052307129,26.120101928710938,84685.40042114258,SPY,1322
2009-02-10,80832.12951660156,26.120101928710938,80806.00941467285,SPY,1322
2009-02-11,81308.55966949463,26.120101928710938,81282.43956756592,SPY,1322
2009-02-12,81366.90752410889,26.120101928710938,81340.78742218018,SPY,1322
2009-02-13,80491.82586669922,26.120101928710938,80465.70576477051,SPY,1322
2009-02-17,77049.97316741943,26.120101928710938,77023.85306549072,SPY,1322
2009-02-18,76865.24194335938,26.120101928710938,76839.12184143066,SPY,1322
2009-02-19,76038.82552337646,26.120101928710938,76012.70542144775,SPY,1322
2009-02-20,75299.90567016602,26.120101928710938,75273.7855682373,SPY,1322
2009-02-23,72606.6806564331,26.120101928710938,72580.5605545044,SPY,1322
2009-02-24,75358.22326660156,26.120101928710938,75332.10316467285,SPY,1322
2009-02-25,74765.1226196289,26.120101928710938,74739.0025177002,SPY,1322
2009-02-26,73549.77765655518,26.120101928710938,73523.65755462646,SPY,1322
2009-02-27,71906.63247680664,26.120101928710938,71880.51237487793,SPY,1322
2009-03-02,68668.95188140869,26.120101928710938,68642.83177947998,SPY,1322
2009-03-03,68153.61475372314,26.120101928710938,68127.49465179443,SPY,1322
2009-03-04,69767.63139343262,26.120101928710938,69741.5112915039,SPY,1322
2009-03-05,66918.82386779785,26.120101928710938,66892.70376586914,SPY,1322
2009-03-06,67035.48931884766,26.120101928710938,67009.36921691895,SPY,1322
2009-03-09,66247.97483062744,26.120101928710938,66221.85472869873,SPY,1322
2009-03-10,70195.42656707764,26.120101928710938,70169.30646514893,SPY,1322
2009-03-11,70652.390625,26.120101928710938,70626.27052307129,SPY,1322
2009-03-12,73433.11220550537,26.120101928710938,73406.99210357666,SPY,1322
2009-03-13,74006.78205871582,26.120101928710938,73980.66195678711,SPY,1322
2009-03-16,73783.09847259521,26.120101928710938,73756.9783706665,SPY,1322
2009-03-17,76038.82552337646,26.120101928710938,76012.70542144775,SPY,1322
2009-03-18,77740.25299835205,26.120101928710938,77714.13289642334,SPY,1322
2009-03-19,76777.73024749756,26.120101928710938,76751.61014556885,SPY,1322
2009-03-20,75143.37506866455,26.120101928710938,75117.25496673584,SPY,1322
2009-03-23,80539.00341033936,26.120101928710938,80512.88330841064,SPY,1322
2009-03-24,78952.59735870361,26.120101928710938,78926.4772567749,SPY,1322
2009-03-25,79784.95951080322,26.120101928710938,79758.83940887451,SPY,1322
2009-03-26,81410.50451660156,26.120101928710938,81384.38441467285,SPY,1322
2009-03-27,79941.6565322876,26.120101928710938,79915.53643035889,SPY,1322
2009-03-30,77180.18923950195,26.120101928710938,77154.06913757324,SPY,1322
2009-03-31,77895.0235824585,26.120101928710938,77868.90348052979,SPY,1322
2009-04-01,79403.10129547119,26.120101928710938,79376.98119354248,SPY,1322
2009-04-02,81723.88847351074,26.120101928710938,81697.76837158203,SPY,1322
2009-04-03,82536.67358398438,26.120101928710938,82510.55348205566,SPY,1322
2009-04-06,81890.33871459961,26.120101928710938,81864.2186126709,SPY,1322
2009-04-07,79980.83078765869,26.120101928710938,79954.71068572998,SPY,1322
2009-04-08,80842.53833007812,26.120101928710938,80816.41822814941,SPY,1322
2009-04-09,84054.46921539307,26.120101928710938,84028.34911346436,SPY,1322
2009-04-13,84074.01599884033,26.120101928710938,84047.89589691162,SPY,1322
2009-04-14,82624.75514221191,26.120101928710938,82598.6350402832,SPY,1322
2009-04-15,83506.05989837646,26.120101928710938,83479.93979644775,SPY,1322
2009-04-16,84730.11921691895,26.120101928710938,84703.99911499023,SPY,1322
2009-04-17,85298.07531738281,26.120101928710938,85271.9552154541,SPY,1322
2009-04-20,81723.88847351074,26.120101928710938,81697.76837158203,SPY,1322
2009-04-21,83320.01244354248,26.120101928710938,83293.89234161377,SPY,1322
2009-04-22,82810.83285522461,26.120101928710938,82784.7127532959,SPY,1322
2009-04-23,83623.57762145996,26.120101928710938,83597.45751953125,SPY,1322
2009-04-24,84886.79606628418,26.120101928710938,84860.67596435547,SPY,1322
2009-04-27,84083.83982086182,26.120101928710938,84057.7197189331,SPY,1322
2009-04-28,83819.44889831543,26.120101928710938,83793.32879638672,SPY,1322
2009-04-29,85601.67579650879,26.120101928710938,85575.55569458008,SPY,1322
2009-04-30,85631.03631591797,26.120101928710938,85604.91621398926,SPY,1322
2009-05-01,86091.28338623047,26.120101928710938,86065.16328430176,SPY,1322
2009-05-04,89019.15553283691,26.120101928710938,88993.0354309082,SPY,1322
2009-05-05,88715.60548400879,26.120101928710938,88689.48538208008,SPY,1322
2009-05-06,90253.05380249023,26.120101928710938,90226.93370056152,SPY,1322
2009-05-07,88999.57849121094,26.120101928710938,88973.45838928223,SPY,1322
2009-05-08,91075.6123046875,26.120101928710938,91049.49220275879,SPY,1322
2009-05-11,89371.68348693848,26.120101928710938,89345.56338500977,SPY,1322
2009-05-12,89107.32786560059,26.120101928710938,89081.20776367188,SPY,1322
2009-05-13,86864.85389709473,26.120101928710938,86838.73379516602,SPY,1322
2009-05-14,87609.10423278809,26.120101928710938,87582.98413085938,SPY,1322
2009-05-15,86894.24467468262,26.120101928710938,86868.1245727539,SPY,1322
2009-05-18,89361.87983703613,26.120101928710938,89335.75973510742,SPY,1322
2009-05-19,89254.22123718262,26.120101928710938,89228.1011352539,SPY,1322
2009-05-20,88656.88444519043,26.120101928710938,88630.76434326172,SPY,1322
2009-05-21,87383.86235046387,26.120101928710938,87357.74224853516,SPY,1322
2009-05-22,87197.76446533203,26.120101928710938,87171.64436340332,SPY,1322
2009-05-26,89430.46504211426,26.120101928710938,89404.34494018555,SPY,1322
2009-05-27,87834.29568481445,26.120101928710938,87808.17558288574,SPY,1322
2009-05-28,89058.36004638672,26.120101928710938,89032.23994445801,SPY,1322
2009-05-29,90634.92210388184,26.120101928710938,90608.80200195312,SPY,1322
2009-06-01,92828.39799499512,26.120101928710938,92802.2778930664,SPY,1322
2009-06-02,92906.77676391602,26.120101928710938,92880.6566619873,SPY,1322
2009-06-03,91731.66004943848,26.120101928710938,91705.53994750977,SPY,1322
2009-06-04,92593.38272094727,26.120101928710938,92567.26261901855,SPY,1322
2009-06-05,92613.00010681152,26.120101928710938,92586.88000488281,SPY,1322
2009-06-08,92231.11163330078,26.120101928710938,92204.99153137207,SPY,1322
2009-06-09,92701.11192321777,26.120101928710938,92674.99182128906,SPY,1322
2009-06-10,92466.12690734863,26.120101928710938,92440.00680541992,SPY,1322
2009-06-11,92877.41624450684,26.120101928710938,92851.29614257812,SPY,1322
2009-06-12,93131.97830200195,26.120101928710938,93105.85820007324,SPY,1322
2009-06-15,90997.24362182617,26.120101928710938,90971.12351989746,SPY,1322
2009-06-16,89763.40586853027,26.120101928710938,89737.28576660156,SPY,1322
2009-06-17,89675.26379394531,26.120101928710938,89649.1436920166,SPY,1322
2009-06-18,90331.38214111328,26.120101928710938,90305.26203918457,SPY,1322
2009-06-19,90664.18176269531,26.120101928710938,90638.0616607666,SPY,1322
2009-06-22,87946.25094604492,26.120101928710938,87920.13084411621,SPY,1322
2009-06-23,88015.19924926758,26.120101928710938,87989.07914733887,SPY,1322
2009-06-24,88773.44903564453,26.120101928710938,88747.32893371582,SPY,1322
2009-06-25,90703.61825561523,26.120101928710938,90677.49815368652,SPY,1322
2009-06-26,90467.2716217041,26.120101928710938,90441.15151977539,SPY,1322
2009-06-29,91314.1778717041,26.120101928710938,91288.05776977539,SPY,1322
2009-06-30,90575.59590148926,26.120101928710938,90549.47579956055,SPY,1322
2009-07-01,90949.79879760742,26.120101928710938,90923.67869567871,SPY,1322
2009-07-02,88468.2045288086,26.120101928710938,88442.08442687988,SPY,1322
2009-07-06,88458.34036254883,26.120101928710938,88432.22026062012,SPY,1322
2009-07-07,86744.80961608887,26.120101928710938,86718.68951416016,SPY,1322
2009-07-08,86685.72547912598,26.120101928710938,86659.60537719727,SPY,1322
2009-07-09,86853.1439819336,26.120101928710938,86827.02388000488,SPY,1322
2009-07-10,86646.34950256348,26.120101928710938,86620.22940063477,SPY,1322
2009-07-13,88753.78121948242,26.120101928710938,88727.66111755371,SPY,1322
2009-07-14,89256.00646972656,26.120101928710938,89229.88636779785,SPY,1322
2009-07-15,91865.67352294922,26.120101928710938,91839.55342102051,SPY,1322
2009-07-16,91717.91275024414,26.120101928710938,91691.79264831543,SPY,1322
2009-07-17,92722.36325073242,26.120101928710938,92696.24314880371,SPY,1322
2009-07-20,93707.15602111816,26.120101928710938,93681.03591918945,SPY,1322
2009-07-21,94140.43296813965,26.120101928710938,94114.31286621094,SPY,1322
2009-07-22,94120.73489379883,26.120101928710938,94094.61479187012,SPY,1322
2009-07-23,96198.59428405762,26.120101928710938,96172.4741821289,SPY,1322
2009-07-24,96592.50534057617,26.120101928710938,96566.38523864746,SPY,1322
2009-07-27,96878.09211730957,26.120101928710938,96851.97201538086,SPY,1322
2009-07-28,96425.1372680664,26.120101928710938,96399.0171661377,SPY,1322
2009-07-29,96188.75028991699,26.120101928710938,96162.63018798828,SPY,1322
2009-07-30,97193.21087646484,26.120101928710938,97167.09077453613,SPY,1322
2009-07-31,97331.08731079102,26.120101928710938,97304.9672088623,SPY,1322
2009-08-03,98936.29377746582,26.120101928710938,98910.17367553711,SPY,1322
2009-08-04,99192.31831359863,26.120101928710938,99166.19821166992,SPY,1322
2009-08-05,98906.7113647461,26.120101928710938,98880.59126281738,SPY,1322
2009-08-06,98394.66229248047,26.120101928710938,98368.54219055176,SPY,1322
2009-08-07,99684.68948364258,26.120101928710938,99658.56938171387,SPY,1322
2009-08-10,99477.86474609375,26.120101928710938,99451.74464416504,SPY,1322
2009-08-11,98237.0776977539,26.120101928710938,98210.9575958252,SPY,1322
2009-08-12,99290.76834106445,26.120101928710938,99264.64823913574,SPY,1322
2009-08-13,100049.10890197754,26.120101928710938,100022.98880004883,SPY,1322
2009-08-14,99280.94451904297,26.120101928710938,99254.82441711426,SPY,1322
2009-08-17,96838.71614074707,26.120101928710938,96812.59603881836,SPY,1322
2009-08-18,97606.83009338379,26.120101928710938,97580.70999145508,SPY,1322
2009-08-19,98463.59042358398,26.120101928710938,98437.47032165527,SPY,1322
2009-08-20,99477.86474609375,26.120101928710938,99451.74464416504,SPY,1322
2009-08-21,101427.71186828613,26.120101928710938,101401.59176635742,SPY,1322
2009-08-24,101417.86787414551,26.120101928710938,101391.7477722168,SPY,1322
2009-08-25,101614.818359375,26.120101928710938,101588.69825744629,SPY,1322
2009-08-26,101624.66235351562,26.120101928710938,101598.54225158691,SPY,1322
2009-08-27,101851.16499328613,26.120101928710938,101825.04489135742,SPY,1322
2009-08-28,101831.49717712402,26.120101928710938,101805.37707519531,SPY,1322
2009-08-31,100925.5168762207,26.120101928710938,100899.39677429199,SPY,1322
2009-09-01,98699.91688537598,26.120101928710938,98673.79678344727,SPY,1322
2009-09-02,98325.70390319824,26.120101928710938,98299.58380126953,SPY,1322
2009-09-03,99143.02774047852,26.120101928710938,99116.9076385498,SPY,1322
2009-09-04,100531.59573364258,26.120101928710938,100505.47563171387,SPY,1322
2009-09-08,101398.17988586426,26.120101928710938,101372.05978393555,SPY,1322
2009-09-09,102176.17817687988,26.120101928710938,102150.05807495117,SPY,1322
2009-09-10,103220.00465393066,26.120101928710938,103193.88455200195,SPY,1322
2009-09-11,103200.30657958984,26.120101928710938,103174.18647766113,SPY,1322
2009-09-14,103702.55200195312,26.120101928710938,103676.43190002441,SPY,1322
2009-09-15,104135.83903503418,26.120101928710938,104109.71893310547,SPY,1322
2009-09-16,105711.47317504883,26.120101928710938,105685.35307312012,SPY,1322
2009-09-17,105553.88858032227,26.120101928710938,105527.76847839355,SPY,1322
2009-09-18,105621.17268371582,26.120101928710938,105595.05258178711,SPY,1322
2009-09-21,105354.08374023438,26.120101928710938,105327.96363830566,SPY,1322
2009-09-22,105967.49771118164,26.120101928710938,105941.37760925293,SPY,1322
2009-09-23,105086.85359191895,26.120101928710938,105060.73348999023,SPY,1322
2009-09-24,103929.19584655762,26.120101928710938,103903.0757446289,SPY,1322
2009-09-25,103375.05764770508,26.120101928710938,103348.93754577637,SPY,1322
2009-09-28,105225.38562011719,26.120101928710938,105199.26551818848,SPY,1322
2009-09-29,104908.78421020508,26.120101928710938,104882.66410827637,SPY,1322
2009-09-30,104503.13298034668,26.120101928710938,104477.01287841797,SPY,1322
2009-10-01,101910.74334716797,26.120101928710938,101884.62324523926,SPY,1322
2009-10-02,101435.79080200195,26.120101928710938,101409.67070007324,SPY,1322
2009-10-05,102949.63774108887,26.120101928710938,102923.51763916016,SPY,1322
2009-10-06,104423.98767089844,26.120101928710938,104397.86756896973,SPY,1322
2009-10-07,104710.90580749512,26.120101928710938,104684.7857055664,SPY,1322
2009-10-08,105512.37435913086,26.120101928710938,105486.25425720215,SPY,1322
2009-10-09,106155.54220581055,26.120101928710938,106129.42210388184,SPY,1322
2009-10-12,106571.11811828613,26.120101928710938,106544.99801635742,SPY,1322
2009-10-13,106353.41052246094,26.120101928710938,106327.29042053223,SPY,1322
2009-10-14,108183.90930175781,26.120101928710938,108157.7891998291,SPY,1322
2009-10-15,108579.70645141602,26.120101928710938,108553.5863494873,SPY,1322
2009-10-16,107768.3434753418,26.120101928710938,107742.22337341309,SPY,1322
2009-10-19,108658.83158874512,26.120101928710938,108632.7114868164,SPY,1322
2009-10-20,108084.9448852539,26.120101928710938,108058.8247833252,SPY,1322
2009-10-21,107115.26103210449,26.120101928710938,107089.14093017578,SPY,1322
2009-10-22,108203.70823669434,26.120101928710938,108177.58813476562,SPY,1322
2009-10-23,106966.8950958252,26.120101928710938,106940.77499389648,SPY,1322
2009-10-26,105809.19700622559,26.120101928710938,105783.07690429688,SPY,1322
2009-10-27,105324.3500366211,26.120101928710938,105298.22993469238,SPY,1322
2009-10-28,103335.55055236816,26.120101928710938,103309.43045043945,SPY,1322
2009-10-29,105551.91171264648,26.120101928710938,105525.79161071777,SPY,1322
2009-10-30,102494.51438903809,26.120101928710938,102468.39428710938,SPY,1322
2009-11-02,103246.4906463623,26.120101928710938,103220.3705444336,SPY,1322
2009-11-03,103573.05708312988,26.120101928710938,103546.93698120117,SPY,1322
2009-11-04,103840.1561126709,26.120101928710938,103814.03601074219,SPY,1322
2009-11-05,105749.81028747559,26.120101928710938,105723.69018554688,SPY,1322
2009-11-06,106026.87434387207,26.120101928710938,106000.75424194336,SPY,1322
2009-11-09,108441.18450927734,26.120101928710938,108415.06440734863,SPY,1322
2009-11-10,108460.94309997559,26.120101928710938,108434.82299804688,SPY,1322
2009-11-11,109015.07121276855,26.120101928710938,108988.95111083984,SPY,1322
2009-11-12,107906.84524536133,26.120101928710938,107880.72514343262,SPY,1322
2009-11-13,108490.63645935059,26.120101928710938,108464.51635742188,SPY,1322
2009-11-16,110063.84994506836,26.120101928710938,110037.72984313965,SPY,1322
2009-11-17,110192.5278930664,26.120101928710938,110166.4077911377,SPY,1322
2009-11-18,110123.26692199707,26.120101928710938,110097.14682006836,SPY,1322
2009-11-19,108688.50477600098,26.120101928710938,108662.38467407227,SPY,1322
2009-11-20,108302.63230895996,26.120101928710938,108276.51220703125,SPY,1322
2009-11-23,109678.0279083252,26.120101928710938,109651.90780639648,SPY,1322
2009-11-24,109846.17260742188,26.120101928710938,109820.05250549316,SPY,1322
2009-11-25,110232.0753326416,26.120101928710938,110205.95523071289,SPY,1322
2009-11-27,108441.18450927734,26.120101928710938,108415.06440734863,SPY,1322
2009-11-30,108807.2681274414,26.120101928710938,108781.1480255127,SPY,1322
2009-12-01,110152.9501953125,26.120101928710938,110126.83009338379,SPY,1322
2009-12-02,110103.45790100098,26.120101928710938,110077.33779907227,SPY,1322
2009-12-03,109242.65306091309,26.120101928710938,109216.53295898438,SPY,1322
2009-12-04,109865.99171447754,26.120101928710938,109839.87161254883,SPY,1322
2009-12-07,109697.75624084473,26.120101928710938,109671.63613891602,SPY,1322
2009-12-08,108480.76220703125,26.120101928710938,108454.64210510254,SPY,1322
2009-12-09,108886.39326477051,26.120101928710938,108860.2731628418,SPY,1322
2009-12-10,109499.8677520752,26.120101928710938,109473.74765014648,SPY,1322
2009-12-11,109964.94604492188,26.120101928710938,109938.82594299316,SPY,1322
2009-12-14,110716.9525604248,26.120101928710938,110690.8324584961,SPY,1322
2009-12-15,110202.41223144531,26.120101928710938,110176.2921295166,SPY,1322
2009-12-16,110370.59727478027,26.120101928710938,110344.47717285156,SPY,1322
2009-12-17,109044.73431396484,26.120101928710938,109018.61421203613,SPY,1322
2009-12-18,109661.50694274902,26.120101928710938,109635.38684082031,SPY,1322
2009-12-21,110775.6635131836,26.120101928710938,110749.54341125488,SPY,1322
2009-12-22,111173.58882141113,26.120101928710938,111147.46871948242,SPY,1322
2009-12-23,111392.39579772949,26.120101928710938,111366.27569580078,SPY,1322
2009-12-24,111919.68490600586,26.120101928710938,111893.56480407715,SPY,1322
2009-12-28,112158.4421081543,26.120101928710938,112132.32200622559,SPY,1322
2009-12-29,111999.22357177734,26.120101928710938,111973.10346984863,SPY,1322
2009-12-30,111959.43406677246,26.120101928710938,111933.31396484375,SPY,1322
2009-12-31,110885.06700134277,26.120101928710938,110858.94689941406,SPY,1322
2010-01-04,112765.22953796387,26.120101928710938,112739.10943603516,SPY,1322
2010-01-05,113063.60543823242,26.120101928710938,113037.48533630371,SPY,1322
2010-01-06,113143.2147064209,26.120101928710938,113117.09460449219,SPY,1322
2010-01-07,113620.7190246582,26.120101928710938,113594.59892272949,SPY,1322
2010-01-08,113998.74453735352,26.120101928710938,113972.6244354248,SPY,1322
2010-01-11,114157.9529876709,26.120101928710938,114131.83288574219,SPY,1322
2010-01-12,113093.55094909668,26.120101928710938,113067.43084716797,SPY,1322
2010-01-13,114048.49906921387,26.120101928710938,114022.37896728516,SPY,1322
2010-01-14,114356.89042663574,26.120101928710938,114330.77032470703,SPY,1322
2010-01-15,113073.62089538574,26.120101928710938,113047.50079345703,SPY,1322
2010-01-19,114486.21388244629,26.120101928710938,114460.09378051758,SPY,1322
2010-01-20,113322.32295227051,26.120101928710938,113296.2028503418,SPY,1322
2010-01-21,111143.74417114258,26.120101928710938,111117.62406921387,SPY,1322
2010-01-22,108666.68862915039,26.120101928710938,108640.56852722168,SPY,1322
2010-01-25,109223.76187133789,26.120101928710938,109197.64176940918,SPY,1322
2010-01-26,108766.18760681152,26.120101928710938,108740.06750488281,SPY,1322
2010-01-27,109283.49151611328,26.120101928710938,109257.37141418457,SPY,1322
2010-01-28,108030.0767211914,26.120101928710938,108003.9566192627,SPY,1322
2010-01-29,106856.22076416016,26.120101928710938,106830.10066223145,SPY,1322
2010-02-01,108517.48554992676,26.120101928710938,108491.36544799805,SPY,1322
2010-02-02,109830.61990356445,26.120101928710938,109804.49980163574,SPY,1322
2010-02-03,109283.49151611328,26.120101928710938,109257.37141418457,SPY,1322
2010-02-04,105911.13681030273,26.120101928710938,105885.01670837402,SPY,1322
2010-02-05,106130.00430297852,26.120101928710938,106103.8842010498,SPY,1322
2010-02-08,105364.0285949707,26.120101928710938,105337.90849304199,SPY,1322
2010-02-09,106687.08763122559,26.120101928710938,106660.96752929688,SPY,1322
2010-02-10,106478.14482116699,26.120101928710938,106452.02471923828,SPY,1322
2010-02-11,107592.36190795898,26.120101928710938,107566.24180603027,SPY,1322
2010-02-12,107502.80778503418,26.120101928710938,107476.68768310547,SPY,1322
2010-02-16,109193.91722106934,26.120101928710938,109167.79711914062,SPY,1322
2010-02-17,109711.2513885498,26.120101928710938,109685.1312866211,SPY,1322
2010-02-18,110357.8484954834,26.120101928710938,110331.72839355469,SPY,1322
2010-02-19,110586.64067077637,26.120101928710938,110560.52056884766,SPY,1322
2010-02-22,110606.52029418945,26.120101928710938,110580.40019226074,SPY,1322
2010-02-23,109263.6118927002,26.120101928710938,109237.49179077148,SPY,1322
2010-02-24,110268.33471679688,26.120101928710938,110242.21461486816,SPY,1322
2010-02-25,110119.09129333496,26.120101928710938,110092.97119140625,SPY,1322
2010-02-26,110188.69519042969,26.120101928710938,110162.57508850098,SPY,1322
2010-03-01,111332.77709960938,26.120101928710938,111306.65699768066,SPY,1322
2010-03-02,111641.07768249512,26.120101928710938,111614.9575805664,SPY,1322
2010-03-03,111740.63717651367,26.120101928710938,111714.51707458496,SPY,1322
2010-03-04,112078.83283996582,26.120101928710938,112052.71273803711,SPY,1322
2010-03-05,113680.41841125488,26.120101928710938,113654.29830932617,SPY,1322
2010-03-08,113700.35855102539,26.120101928710938,113674.23844909668,SPY,1322
2010-03-09,113889.36122131348,26.120101928710938,113863.24111938477,SPY,1322
2010-03-10,114396.6900177002,26.120101928710938,114370.56991577148,SPY,1322
2010-03-11,114874.16407775879,26.120101928710938,114848.04397583008,SPY,1322
2010-03-12,114884.10893249512,26.120101928710938,114857.9888305664,SPY,1322
2010-03-15,114913.98384094238,26.120101928710938,114887.86373901367,SPY,1322
2010-03-16,115829.1727142334,26.120101928710938,115803.05261230469,SPY,1322
2010-03-17,116515.57949829102,26.120101928710938,116489.4593963623,SPY,1322
2010-03-18,116455.90028381348,26.120101928710938,116429.78018188477,SPY,1322
2010-03-19,115866.5415649414,26.120101928710938,115840.4214630127,SPY,1322
2010-03-22,116485.87605285645,26.120101928710938,116459.75595092773,SPY,1322
2010-03-23,117304.93469238281,26.120101928710938,117278.8145904541,SPY,1322
2010-03-24,116735.5665435791,26.120101928710938,116709.44644165039,SPY,1322
2010-03-25,116545.80741882324,26.120101928710938,116519.68731689453,SPY,1322
2010-03-26,116475.91102600098,26.120101928710938,116449.79092407227,SPY,1322
2010-03-29,117215.05781555176,26.120101928710938,117188.93771362305,SPY,1322
2010-03-30,117294.96966552734,26.120101928710938,117268.84956359863,SPY,1322
2010-03-31,116895.41041564941,26.120101928710938,116869.2903137207,SPY,1322
2010-04-01,117694.49865722656,26.120101928710938,117668.37855529785,SPY,1322
2010-04-05,118653.48120117188,26.120101928710938,118627.36109924316,SPY,1322
2010-04-06,118933.12728881836,26.120101928710938,118907.00718688965,SPY,1322
2010-04-07,118253.86143493652,26.120101928710938,118227.74133300781,SPY,1322
2010-04-08,118663.41596984863,26.120101928710938,118637.29586791992,SPY,1322
2010-04-09,119442.53381347656,26.120101928710938,119416.41371154785,SPY,1322
2010-04-12,119632.31311035156,26.120101928710938,119606.19300842285,SPY,1322
2010-04-13,119722.2303314209,26.120101928710938,119696.11022949219,SPY,1322
2010-04-14,121080.70152282715,26.120101928710938,121054.58142089844,SPY,1322
2010-04-15,121180.62411499023,26.120101928710938,121154.50401306152,SPY,1322
2010-04-16,119252.76460266113,26.120101928710938,119226.64450073242,SPY,1322
2010-04-19,119702.2195892334,26.120101928710938,119676.09948730469,SPY,1322
2010-04-20,120771.06958007812,26.120101928710938,120744.94947814941,SPY,1322
2010-04-21,120551.30442810059,26.120101928710938,120525.18432617188,SPY,1322
2010-04-22,120910.8825378418,26.120101928710938,120884.76243591309,SPY,1322
2010-04-23,121700.02592468262,26.120101928710938,121673.9058227539,SPY,1322
2010-04-26,121240.53530883789,26.120101928710938,121214.41520690918,SPY,1322
2010-04-27,118373.74433898926,26.120101928710938,118347.62423706055,SPY,1322
2010-04-28,119272.73500061035,26.120101928710938,119246.61489868164,SPY,1322
2010-04-29,120751.0689239502,26.120101928710938,120724.94882202148,SPY,1322
2010-04-30,118703.37693786621,26.120101928710938,118677.2568359375,SPY,1322
2010-05-03,120241.65231323242,26.120101928710938,120215.53221130371,SPY,1322
2010-05-04,117414.78196716309,26.120101928710938,117388.66186523438,SPY,1322
2010-05-05,116715.59614562988,26.120101928710938,116689.47604370117,SPY,1322
2010-05-06,112839.87646484375,26.120101928710938,112813.75636291504,SPY,1322
2010-05-07,111161.81838989258,26.120101928710938,111135.69828796387,SPY,1322
2010-05-10,116056.35111999512,26.120101928710938,116030.2310180664,SPY,1322
2010-05-11,115726.7084350586,26.120101928710938,115700.58833312988,SPY,1322
2010-05-12,117344.88557434082,26.120101928710938,117318.76547241211,SPY,1322
2010-05-13,115886.51196289062,26.120101928710938,115860.39186096191,SPY,1322
2010-05-14,113788.8939819336,26.120101928710938,113762.77388000488,SPY,1322
2010-05-17,113848.81526184082,26.120101928710938,113822.69515991211,SPY,1322
2010-05-18,112300.52442932129,26.120101928710938,112274.40432739258,SPY,1322
2010-05-19,111661.19937133789,26.120101928710938,111635.07926940918,SPY,1322
2010-05-20,107445.9627532959,26.120101928710938,107419.84265136719,SPY,1322
2010-05-21,109014.20381164551,26.120101928710938,108988.0837097168,SPY,1322
2010-05-24,107615.77165222168,26.120101928710938,107589.65155029297,SPY,1322
2010-05-25,107725.64918518066,26.120101928710938,107699.52908325195,SPY,1322
2010-05-26,107076.39944458008,26.120101928710938,107050.27934265137,SPY,1322
2010-05-27,110662.33654785156,26.120101928710938,110636.21644592285,SPY,1322
2010-05-28,109273.91984558105,26.120101928710938,109247.79974365234,SPY,1322
2010-06-01,107435.94729614258,26.120101928710938,107409.82719421387,SPY,1322
2010-06-02,110232.81161499023,26.120101928710938,110206.69151306152,SPY,1322
2010-06-03,110612.43072509766,26.120101928710938,110586.31062316895,SPY,1322
2010-06-04,106726.7964477539,26.120101928710938,106700.6763458252,SPY,1322
2010-06-07,105398.2405090332,26.120101928710938,105372.12040710449,SPY,1322
2010-06-08,106527.00169372559,26.120101928710938,106500.88159179688,SPY,1322
2010-06-09,105957.64363098145,26.120101928710938,105931.52352905273,SPY,1322
2010-06-10,109054.15469360352,26.120101928710938,109028.0345916748,SPY,1322
2010-06-11,109583.60221862793,26.120101928710938,109557.48211669922,SPY,1322
2010-06-14,109413.77314758301,26.120101928710938,109387.6530456543,SPY,1322
2010-06-15,111900.97526550293,26.120101928710938,111874.85516357422,SPY,1322
2010-06-16,111860.99412536621,26.120101928710938,111834.8740234375,SPY,1322
2010-06-17,112040.81848144531,26.120101928710938,112014.6983795166,SPY,1322
2010-06-18,112162.27481079102,26.120101928710938,112136.1547088623,SPY,1322
2010-06-21,111841.10441589355,26.120101928710938,111814.98431396484,SPY,1322
2010-06-22,109994.39733886719,26.120101928710938,109968.27723693848,SPY,1322
2010-06-23,109653.17585754395,26.120101928710938,109627.05575561523,SPY,1322
2010-06-24,107836.55549621582,26.120101928710938,107810.43539428711,SPY,1322
2010-06-25,108288.20924377441,26.120101928710938,108262.0891418457,SPY,1322
2010-06-28,107946.9776763916,26.120101928710938,107920.85757446289,SPY,1322
2010-06-29,104614.9369506836,26.120101928710938,104588.81684875488,SPY,1322
2010-06-30,103621.34913635254,26.120101928710938,103595.22903442383,SPY,1322
2010-07-01,103159.66984558105,26.120101928710938,103133.54974365234,SPY,1322
2010-07-02,102597.58383178711,26.120101928710938,102571.4637298584,SPY,1322
2010-07-06,103270.05168151855,26.120101928710938,103243.93157958984,SPY,1322
2010-07-07,106521.82754516602,26.120101928710938,106495.7074432373,SPY,1322
2010-07-08,107575.64930725098,26.120101928710938,107549.52920532227,SPY,1322
2010-07-09,108378.51982116699,26.120101928710938,108352.39971923828,SPY,1322
2010-07-12,108448.81965637207,26.120101928710938,108422.69955444336,SPY,1322
2010-07-13,110084.74826049805,26.120101928710938,110058.62815856934,SPY,1322
2010-07-14,110074.69245910645,26.120101928710938,110048.57235717773,SPY,1322
2010-07-15,110104.84977722168,26.120101928710938,110078.72967529297,SPY,1322
2010-07-16,107073.83758544922,26.120101928710938,107047.71748352051,SPY,1322
2010-07-19,107706.11248779297,26.120101928710938,107679.99238586426,SPY,1322
2010-07-20,108900.45323181152,26.120101928710938,108874.33312988281,SPY,1322
2010-07-21,107485.29838562012,26.120101928710938,107459.1782836914,SPY,1322
2010-07-22,109884.01550292969,26.120101928710938,109857.89540100098,SPY,1322
2010-07-23,110837.48097229004,26.120101928710938,110811.36087036133,SPY,1322
2010-07-26,111991.63885498047,26.120101928710938,111965.51875305176,SPY,1322
2010-07-27,111981.62339782715,26.120101928710938,111955.50329589844,SPY,1322
2010-07-28,111259.02783203125,26.120101928710938,111232.90773010254,SPY,1322
2010-07-29,110717.06350708008,26.120101928710938,110690.94340515137,SPY,1322
2010-07-30,110696.93173217773,26.120101928710938,110670.81163024902,SPY,1322
2010-08-02,113195.99505615234,26.120101928710938,113169.87495422363,SPY,1322
2010-08-03,112654.04081726074,26.120101928710938,112627.92071533203,SPY,1322
2010-08-04,113406.7836151123,26.120101928710938,113380.6635131836,SPY,1322
2010-08-05,113286.32580566406,26.120101928710938,113260.20570373535,SPY,1322
2010-08-06,112824.63642883301,26.120101928710938,112798.5163269043,SPY,1322
2010-08-09,113426.85487365723,26.120101928710938,113400.73477172852,SPY,1322
2010-08-10,112814.66131591797,26.120101928710938,112788.54121398926,SPY,1322
2010-08-11,109723.40509033203,26.120101928710938,109697.28498840332,SPY,1322
2010-08-12,109051.02801513672,26.120101928710938,109024.90791320801,SPY,1322
2010-08-13,108729.84753417969,26.120101928710938,108703.72743225098,SPY,1322
2010-08-16,108679.64921569824,26.120101928710938,108653.52911376953,SPY,1322
2010-08-17,110014.47868347168,26.120101928710938,109988.35858154297,SPY,1322
2010-08-18,110215.21144104004,26.120101928710938,110189.09133911133,SPY,1322
2010-08-19,108298.24487304688,26.120101928710938,108272.12477111816,SPY,1322
2010-08-20,107946.9776763916,26.120101928710938,107920.85757446289,SPY,1322
2010-08-23,107535.52696228027,26.120101928710938,107509.40686035156,SPY,1322
2010-08-24,105939.71061706543,26.120101928710938,105913.59051513672,SPY,1322
2010-08-25,106351.21176147461,26.120101928710938,106325.0916595459,SPY,1322
2010-08-26,105638.65182495117,26.120101928710938,105612.53172302246,SPY,1322
2010-08-27,107274.61068725586,26.120101928710938,107248.49058532715,SPY,1322
2010-08-30,105718.91668701172,26.120101928710938,105692.79658508301,SPY,1322
2010-08-31,105718.91668701172,26.120101928710938,105692.79658508301,SPY,1322
2010-09-01,108880.37188720703,26.120101928710938,108854.25178527832,SPY,1322
2010-09-02,109894.07130432129,26.120101928710938,109867.95120239258,SPY,1322
2010-09-03,111319.2113494873,26.120101928710938,111293.0912475586,SPY,1322
2010-09-07,110064.66691589355,26.120101928710938,110038.54681396484,SPY,1322
2010-09-08,110837.48097229004,26.120101928710938,110811.36087036133,SPY,1322
2010-09-09,111349.33840942383,26.120101928710938,111323.21830749512,SPY,1322
2010-09-10,111911.37399291992,26.120101928710938,111885.25389099121,SPY,1322
2010-09-13,113155.86262512207,26.120101928710938,113129.74252319336,SPY,1322
2010-09-14,113085.5930480957,26.120101928710938,113059.47294616699,SPY,1322
2010-09-15,113517.1654510498,26.120101928710938,113491.0453491211,SPY,1322
2010-09-16,113487.05856323242,26.120101928710938,113460.93846130371,SPY,1322
2010-09-17,113529.4300994873,26.120101928710938,113503.3099975586,SPY,1322
2010-09-20,115264.9282836914,26.120101928710938,115238.8081817627,SPY,1322
2010-09-21,115032.86822509766,26.120101928710938,115006.74812316895,SPY,1322
2010-09-22,114467.7967376709,26.120101928710938,114441.67663574219,SPY,1322
2010-09-23,113539.51615905762,26.120101928710938,113513.3960571289,SPY,1322
2010-09-24,115880.41998291016,26.120101928710938,115854.29988098145,SPY,1322
2010-09-27,115325.47489929199,26.120101928710938,115299.35479736328,SPY,1322
2010-09-28,115729.08874511719,26.120101928710938,115702.96864318848,SPY,1322
2010-09-29,115527.28686523438,26.120101928710938,115501.16676330566,SPY,1322
2010-09-30,115184.21963500977,26.120101928710938,115158.09953308105,SPY,1322
2010-10-01,115668.57238769531,26.120101928710938,115642.4522857666,SPY,1322
2010-10-04,114800.78799438477,26.120101928710938,114774.66789245605,SPY,1322
2010-10-05,117111.4235534668,26.120101928710938,117085.30345153809,SPY,1322
2010-10-06,117101.34757995605,26.120101928710938,117075.22747802734,SPY,1322
2010-10-07,116960.06205749512,26.120101928710938,116933.9419555664,SPY,1322
2010-10-08,117615.91816711426,26.120101928710938,117589.79806518555,SPY,1322
2010-10-11,117726.92533874512,26.120101928710938,117700.8052368164,SPY,1322
2010-10-12,118090.18486022949,26.120101928710938,118064.06475830078,SPY,1322
2010-10-13,119008.30877685547,26.120101928710938,118982.18867492676,SPY,1322
2010-10-14,118544.14831542969,26.120101928710938,118518.02821350098,SPY,1322
2010-10-15,118786.37512207031,26.120101928710938,118760.2550201416,SPY,1322
2010-10-18,119371.60864257812,26.120101928710938,119345.48854064941,SPY,1322
2010-10-19,117807.67433166504,26.120101928710938,117781.55422973633,SPY,1322
2010-10-20,118957.92890930176,26.120101928710938,118931.80880737305,SPY,1322
2010-10-21,119220.24714660645,26.120101928710938,119194.12704467773,SPY,1322
2010-10-22,119442.23123168945,26.120101928710938,119416.11112976074,SPY,1322
2010-10-25,119795.38452148438,26.120101928710938,119769.26441955566,SPY,1322
2010-10-26,119815.52638244629,26.120101928710938,119789.40628051758,SPY,1322
2010-10-27,119472.49949645996,26.120101928710938,119446.37939453125,SPY,1322
2010-10-28,119492.69178771973,26.120101928710938,119466.57168579102,SPY,1322
2010-10-29,119583.48649597168,26.120101928710938,119557.36639404297,SPY,1322
2010-11-01,119623.88116455078,26.120101928710938,119597.76106262207,SPY,1322
2010-11-02,120572.32377624512,26.120101928710938,120546.2036743164,SPY,1322
2010-11-03,121056.63618469238,26.120101928710938,121030.51608276367,SPY,1322
2010-11-04,123387.47412109375,26.120101928710938,123361.35401916504,SPY,1322
2010-11-05,123851.61441040039,26.120101928710938,123825.49430847168,SPY,1322
2010-11-08,123619.5341796875,26.120101928710938,123593.41407775879,SPY,1322
2010-11-09,122731.59783935547,26.120101928710938,122705.47773742676,SPY,1322
2010-11-10,123226.00639343262,26.120101928710938,123199.8862915039,SPY,1322
2010-11-11,122761.86610412598,26.120101928710938,122735.74600219727,SPY,1322
2010-11-12,121308.89862060547,26.120101928710938,121282.77851867676,SPY,1322
2010-11-15,121137.34483337402,26.120101928710938,121111.22473144531,SPY,1322
2010-11-16,119250.51541137695,26.120101928710938,119224.39530944824,SPY,1322
2010-11-17,119311.03176879883,26.120101928710938,119284.91166687012,SPY,1322
2010-11-18,121066.73233032227,26.120101928710938,121040.61222839355,SPY,1322
2010-11-19,121399.72358703613,26.120101928710938,121373.60348510742,SPY,1322
2010-11-22,121298.80247497559,26.120101928710938,121272.68237304688,SPY,1322
2010-11-23,119543.11199951172,26.120101928710938,119516.99189758301,SPY,1322
2010-11-24,121308.89862060547,26.120101928710938,121282.77851867676,SPY,1322
2010-11-26,119896.28546142578,26.120101928710938,119870.16535949707,SPY,1322
2010-11-29,120259.4945526123,26.120101928710938,120233.3744506836,SPY,1322
2010-11-30,119583.48649597168,26.120101928710938,119557.36639404297,SPY,1322
2010-12-01,122126.18211364746,26.120101928710938,122100.06201171875,SPY,1322
2010-12-02,123690.13659667969,26.120101928710938,123664.01649475098,SPY,1322
2010-12-03,124023.11776733398,26.120101928710938,123996.99766540527,SPY,1322
2010-12-06,123891.94856262207,26.120101928710938,123865.82846069336,SPY,1322
2010-12-07,123962.59132385254,26.120101928710938,123936.47122192383,SPY,1322
2010-12-08,124416.65563964844,26.120101928710938,124390.53553771973,SPY,1322
2010-12-09,124900.95796203613,26.120101928710938,124874.83786010742,SPY,1322
2010-12-10,125627.42657470703,26.120101928710938,125601.30647277832,SPY,1322
2010-12-13,125708.17556762695,26.120101928710938,125682.05546569824,SPY,1322
2010-12-14,125819.14239501953,26.120101928710938,125793.02229309082,SPY,1322
2010-12-15,125243.98484802246,26.120101928710938,125217.86474609375,SPY,1322
2010-12-16,125970.51397705078,26.120101928710938,125944.39387512207,SPY,1322
2010-12-17,126105.40493774414,26.120101928710938,126079.28483581543,SPY,1322
2010-12-20,126409.75178527832,26.120101928710938,126383.63168334961,SPY,1322
2010-12-21,127211.01861572266,26.120101928710938,127184.89851379395,SPY,1322
2010-12-22,127606.62413024902,26.120101928710938,127580.50402832031,SPY,1322
2010-12-23,127424.01602172852,26.120101928710938,127397.8959197998,SPY,1322
2010-12-27,127474.76907348633,26.120101928710938,127448.64897155762,SPY,1322
2010-12-28,127657.31666564941,26.120101928710938,127631.1965637207,SPY,1322
2010-12-29,127748.62576293945,26.120101928710938,127722.50566101074,SPY,1322
2010-12-30,127545.7850189209,26.120101928710938,127519.66491699219,SPY,1322
2010-12-31,127576.16423034668,26.120101928710938,127550.04412841797,SPY,1322
2011-01-03,128894.77531433105,26.120101928710938,128868.65521240234,SPY,1322
2011-01-04,128823.84005737305,26.120101928710938,128797.71995544434,SPY,1322
2011-01-05,129493.24174499512,26.120101928710938,129467.1216430664,SPY,1322
2011-01-06,129239.61769104004,26.120101928710938,129213.49758911133,SPY,1322
2011-01-07,128986.07432556152,26.120101928710938,128959.95422363281,SPY,1322
2011-01-10,128823.84005737305,26.120101928710938,128797.71995544434,SPY,1322
2011-01-11,129280.20399475098,26.120101928710938,129254.08389282227,SPY,1322
2011-01-12,130446.68704223633,26.120101928710938,130420.56694030762,SPY,1322
2011-01-13,130233.66946411133,26.120101928710938,130207.54936218262,SPY,1322
2011-01-14,131177.0085296631,26.120101928710938,131150.88842773438,SPY,1322
2011-01-18,131400.13233947754,26.120101928710938,131374.01223754883,SPY,1322
2011-01-19,130111.96098327637,26.120101928710938,130085.84088134766,SPY,1322
2011-01-20,129939.51962280273,26.120101928710938,129913.39952087402,SPY,1322
2011-01-21,130233.66946411133,26.120101928710938,130207.54936218262,SPY,1322
2011-01-24,130974.14761352539,26.120101928710938,130948.02751159668,SPY,1322
2011-01-25,131045.11312866211,26.120101928710938,131018.9930267334,SPY,1322
2011-01-26,131552.32089233398,26.120101928710938,131526.20079040527,SPY,1322
2011-01-27,131876.89028930664,26.120101928710938,131850.77018737793,SPY,1322
2011-01-28,129574.38409423828,26.120101928710938,129548.26399230957,SPY,1322
2011-01-31,130548.10237121582,26.120101928710938,130521.98226928711,SPY,1322
2011-02-01,132637.5809020996,26.120101928710938,132611.4608001709,SPY,1322
2011-02-02,132384.07788085938,26.120101928710938,132357.95777893066,SPY,1322
2011-02-03,132678.22772216797,26.120101928710938,132652.10762023926,SPY,1322
2011-02-04,133053.4291381836,26.120101928710938,133027.30903625488,SPY,1322
2011-02-07,133885.20629882812,26.120101928710938,133859.0861968994,SPY,1322
2011-02-08,134493.77896118164,26.120101928710938,134467.65885925293,SPY,1322
2011-02-09,134189.5228881836,26.120101928710938,134163.40278625488,SPY,1322
2011-02-10,134240.2053375244,26.120101928710938,134214.0852355957,SPY,1322
2011-02-11,135041.54277038574,26.120101928710938,135015.42266845703,SPY,1322
2011-02-14,135366.10208129883,26.120101928710938,135339.98197937012,SPY,1322
2011-02-15,134940.12744140625,26.120101928710938,134914.00733947754,SPY,1322
2011-02-16,135792.1170654297,26.120101928710938,135765.99696350098,SPY,1322
2011-02-17,136197.81872558594,26.120101928710938,136171.69862365723,SPY,1322
2011-02-18,136481.83207702637,26.120101928710938,136455.71197509766,SPY,1322
2011-02-22,133743.2046661377,26.120101928710938,133717.08456420898,SPY,1322
2011-02-23,132921.62451171875,26.120101928710938,132895.50440979004,SPY,1322
2011-02-24,132830.34567260742,26.120101928710938,132804.2255706787,SPY,1322
2011-02-25,134250.36199951172,26.120101928710938,134224.241897583,SPY,1322
2011-02-28,135082.0887298584,26.120101928710938,135055.9686279297,SPY,1322
2011-03-01,132830.34567260742,26.120101928710938,132804.2255706787,SPY,1322
2011-03-02,133114.30859375,26.120101928710938,133088.1884918213,SPY,1322
2011-03-03,135406.69847106934,26.120101928710938,135380.57836914062,SPY,1322
2011-03-04,134392.4140625,26.120101928710938,134366.2939605713,SPY,1322
2011-03-07,133337.4525756836,26.120101928710938,133311.33247375488,SPY,1322
2011-03-08,134503.93562316895,26.120101928710938,134477.81552124023,SPY,1322
2011-03-09,134311.2111968994,26.120101928710938,134285.0910949707,SPY,1322
2011-03-10,131826.15740966797,26.120101928710938,131800.03730773926,SPY,1322
2011-03-11,132739.0264892578,26.120101928710938,132712.9063873291,SPY,1322
2011-03-14,131937.73948669434,26.120101928710938,131911.61938476562,SPY,1322
2011-03-15,130426.38380432129,26.120101928710938,130400.26370239258,SPY,1322
2011-03-16,128012.33587646484,26.120101928710938,127986.21577453613,SPY,1322
2011-03-17,129706.25932312012,26.120101928710938,129680.1392211914,SPY,1322
2011-03-18,130177.92381286621,26.120101928710938,130151.8037109375,SPY,1322
2011-03-21,132194.98443603516,26.120101928710938,132168.86433410645,SPY,1322
2011-03-22,131736.5225982666,26.120101928710938,131710.4024963379,SPY,1322
2011-03-23,132113.50924682617,26.120101928710938,132087.38914489746,SPY,1322
2011-03-24,133376.71760559082,26.120101928710938,133350.5975036621,SPY,1322
2011-03-25,133784.15406799316,26.120101928710938,133758.03396606445,SPY,1322
2011-03-28,133458.17262268066,26.120101928710938,133432.05252075195,SPY,1322
2011-03-29,134354.66194152832,26.120101928710938,134328.5418395996,SPY,1322
2011-03-30,135281.66159057617,26.120101928710938,135255.54148864746,SPY,1322
2011-03-31,135098.30711364746,26.120101928710938,135072.18701171875,SPY,1322
2011-04-01,135668.77464294434,26.120101928710938,135642.65454101562,SPY,1322
2011-04-04,135780.84085083008,26.120101928710938,135754.72074890137,SPY,1322
2011-04-05,135760.49726867676,26.120101928710938,135734.37716674805,SPY,1322
2011-04-06,136188.30757141113,26.120101928710938,136162.18746948242,SPY,1322
2011-04-07,135841.9825439453,26.120101928710938,135815.8624420166,SPY,1322
2011-04-08,135373.40438842773,26.120101928710938,135347.28428649902,SPY,1322
2011-04-11,134965.88723754883,26.120101928710938,134939.76713562012,SPY,1322
2011-04-12,133957.36196899414,26.120101928710938,133931.24186706543,SPY,1322
2011-04-13,133947.1851348877,26.120101928710938,133921.06503295898,SPY,1322
2011-04-14,134049.0341644287,26.120101928710938,134022.9140625,SPY,1322
2011-04-15,134538.03659057617,26.120101928710938,134511.91648864746,SPY,1322
2011-04-18,133030.35223388672,26.120101928710938,133004.232131958,SPY,1322
2011-04-19,133794.31072998047,26.120101928710938,133768.19062805176,SPY,1322
2011-04-20,135617.85012817383,26.120101928710938,135591.73002624512,SPY,1322
2011-04-21,136310.5909576416,26.120101928710938,136284.4708557129,SPY,1322
2011-04-25,136167.99424743652,26.120101928710938,136141.8741455078,SPY,1322
2011-04-26,137339.5001525879,26.120101928710938,137313.38005065918,SPY,1322
2011-04-27,138235.98947143555,26.120101928710938,138209.86936950684,SPY,1322
2011-04-28,138684.25430297852,26.120101928710938,138658.1342010498,SPY,1322
2011-04-29,139010.21557617188,26.120101928710938,138984.09547424316,SPY,1322
2011-05-02,138796.30033874512,26.120101928710938,138770.1802368164,SPY,1322
2011-05-03,138297.0908203125,26.120101928710938,138270.9707183838,SPY,1322
2011-05-04,137380.2680053711,26.120101928710938,137354.14790344238,SPY,1322
2011-05-05,136137.45365905762,26.120101928710938,136111.3335571289,SPY,1322
2011-05-06,136738.45169067383,26.120101928710938,136712.33158874512,SPY,1322
2011-05-09,137268.1816253662,26.120101928710938,137242.0615234375,SPY,1322
2011-05-10,138439.7177886963,26.120101928710938,138413.59768676758,SPY,1322
2011-05-11,136982.97811889648,26.120101928710938,136956.85801696777,SPY,1322
2011-05-12,137634.9712677002,26.120101928710938,137608.85116577148,SPY,1322
2011-05-13,136575.46096801758,26.120101928710938,136549.34086608887,SPY,1322
2011-05-16,135709.56266784668,26.120101928710938,135683.44256591797,SPY,1322
2011-05-17,135689.15856933594,26.120101928710938,135663.03846740723,SPY,1322
2011-05-18,136901.45249938965,26.120101928710938,136875.33239746094,SPY,1322
2011-05-19,137227.44403076172,26.120101928710938,137201.323928833,SPY,1322
2011-05-20,136137.45365905762,26.120101928710938,136111.3335571289,SPY,1322
2011-05-23,134558.42051696777,26.120101928710938,134532.30041503906,SPY,1322
2011-05-24,134446.3643951416,26.120101928710938,134420.2442932129,SPY,1322
2011-05-25,134894.57879638672,26.120101928710938,134868.458694458,SPY,1322
2011-05-26,135516.02127075195,26.120101928710938,135489.90116882324,SPY,1322
2011-05-27,136035.5340270996,26.120101928710938,136009.4139251709,SPY,1322
2011-05-31,137451.58653259277,26.120101928710938,137425.46643066406,SPY,1322
2011-06-01,134364.87911987305,26.120101928710938,134338.75901794434,SPY,1322
2011-06-02,134222.2017211914,26.120101928710938,134196.0816192627,SPY,1322
2011-06-03,132887.69500732422,26.120101928710938,132861.5749053955,SPY,1322
2011-06-06,131481.8495941162,26.120101928710938,131455.7294921875,SPY,1322
2011-06-07,131400.3844909668,26.120101928710938,131374.2643890381,SPY,1322
2011-06-08,130850.25045776367,26.120101928710938,130824.13035583496,SPY,1322
2011-06-09,131848.61906433105,26.120101928710938,131822.49896240234,SPY,1322
2011-06-10,130014.90283203125,26.120101928710938,129988.78273010254,SPY,1322
2011-06-13,130116.78211975098,26.120101928710938,130090.66201782227,SPY,1322
2011-06-14,131767.1035308838,26.120101928710938,131740.98342895508,SPY,1322
2011-06-15,129424.05137634277,26.120101928710938,129397.93127441406,SPY,1322
2011-06-16,129709.30531311035,26.120101928710938,129683.18521118164,SPY,1322
2011-06-17,130096.27716064453,26.120101928710938,130070.15705871582,SPY,1322
2011-06-20,130761.73519897461,26.120101928710938,130735.6150970459,SPY,1322
2011-06-21,132553.3623046875,26.120101928710938,132527.2422027588,SPY,1322
2011-06-22,131754.77836608887,26.120101928710938,131728.65826416016,SPY,1322
2011-06-23,131376.01657104492,26.120101928710938,131349.8964691162,SPY,1322
2011-06-24,129850.53031921387,26.120101928710938,129824.41021728516,SPY,1322
2011-06-27,131007.44169616699,26.120101928710938,130981.32159423828,SPY,1322
2011-06-28,132717.10948181152,26.120101928710938,132690.9893798828,SPY,1322
2011-06-29,133853.50581359863,26.120101928710938,133827.38571166992,SPY,1322
2011-06-30,135133.23513793945,26.120101928710938,135107.11503601074,SPY,1322
2011-07-01,137129.61933898926,26.120101928710938,137103.49923706055,SPY,1322
2011-07-05,137016.978225708,26.120101928710938,136990.8581237793,SPY,1322
2011-07-06,137180.8060913086,26.120101928710938,137154.68598937988,SPY,1322
2011-07-07,138603.84823608398,26.120101928710938,138577.72813415527,SPY,1322
2011-07-08,137620.99198913574,26.120101928710938,137594.87188720703,SPY,1322
2011-07-11,135133.23513793945,26.120101928710938,135107.11503601074,SPY,1322
2011-07-12,134549.70616149902,26.120101928710938,134523.5860595703,SPY,1322
2011-07-13,135000.1394958496,26.120101928710938,134974.0193939209,SPY,1322
2011-07-14,134068.53051757812,26.120101928710938,134042.4104156494,SPY,1322
2011-07-15,134846.58932495117,26.120101928710938,134820.46922302246,SPY,1322
2011-07-18,133740.93530273438,26.120101928710938,133714.81520080566,SPY,1322
2011-07-19,135911.27377319336,26.120101928710938,135885.15367126465,SPY,1322
2011-07-20,135829.39514160156,26.120101928710938,135803.27503967285,SPY,1322
2011-07-21,137713.12814331055,26.120101928710938,137687.00804138184,SPY,1322
2011-07-22,137805.3147277832,26.120101928710938,137779.1946258545,SPY,1322
2011-07-25,137037.44284057617,26.120101928710938,137011.32273864746,SPY,1322
2011-07-26,136525.59548950195,26.120101928710938,136499.47538757324,SPY,1322
2011-07-27,133730.67778015137,26.120101928710938,133704.55767822266,SPY,1322
2011-07-28,133341.6282043457,26.120101928710938,133315.508102417,SPY,1322
2011-07-29,132430.48384094238,26.120101928710938,132404.36373901367,SPY,1322
2011-08-01,131867.39930725098,26.120101928710938,131841.27920532227,SPY,1322
2011-08-02,128499.25048828125,26.120101928710938,128473.13038635254,SPY,1322
2011-08-03,129195.34997558594,26.120101928710938,129169.22987365723,SPY,1322
2011-08-04,123144.85395812988,26.120101928710938,123118.73385620117,SPY,1322
2011-08-05,122960.59173583984,26.120101928710938,122934.47163391113,SPY,1322
2011-08-08,114954.70126342773,26.120101928710938,114928.58116149902,SPY,1322
2011-08-09,120298.7696685791,26.120101928710938,120272.64956665039,SPY,1322
2011-08-10,114985.41331481934,26.120101928710938,114959.29321289062,SPY,1322
2011-08-11,120145.2094116211,26.120101928710938,120119.08930969238,SPY,1322
2011-08-12,120954.0307006836,26.120101928710938,120927.91059875488,SPY,1322
2011-08-15,123513.41874694824,26.120101928710938,123487.29864501953,SPY,1322
2011-08-16,122458.92121887207,26.120101928710938,122432.80111694336,SPY,1322
2011-08-17,122540.84019470215,26.120101928710938,122514.72009277344,SPY,1322
2011-08-18,117258.20597839355,26.120101928710938,117232.08587646484,SPY,1322
2011-08-19,115343.74075317383,26.120101928710938,115317.62065124512,SPY,1322
2011-08-22,115435.86682128906,26.120101928710938,115409.74671936035,SPY,1322
2011-08-23,119234.06504821777,26.120101928710938,119207.94494628906,SPY,1322
2011-08-24,120913.07121276855,26.120101928710938,120886.95111083984,SPY,1322
2011-08-25,119070.2674407959,26.120101928710938,119044.14733886719,SPY,1322
2011-08-26,120800.44018554688,26.120101928710938,120774.32008361816,SPY,1322
2011-08-29,124271.01293945312,26.120101928710938,124244.89283752441,SPY,1322
2011-08-30,124598.58798217773,26.120101928710938,124572.46788024902,SPY,1322
2011-08-31,125151.48559570312,26.120101928710938,125125.36549377441,SPY,1322
2011-09-01,123841.03413391113,26.120101928710938,123814.91403198242,SPY,1322
2011-09-02,120677.57180786133,26.120101928710938,120651.45170593262,SPY,1322
2011-09-06,119797.16975402832,26.120101928710938,119771.04965209961,SPY,1322
2011-09-07,123175.60635375977,26.120101928710938,123149.48625183105,SPY,1322
2011-09-08,121895.87702941895,26.120101928710938,121869.75692749023,SPY,1322
2011-09-09,118701.73291015625,26.120101928710938,118675.61280822754,SPY,1322
2011-09-12,119469.55436706543,26.120101928710938,119443.43426513672,SPY,1322
2011-09-13,120564.95086669922,26.120101928710938,120538.83076477051,SPY,1322
2011-09-14,122233.70959472656,26.120101928710938,122207.58949279785,SPY,1322
2011-09-15,124342.66430664062,26.120101928710938,124316.54420471191,SPY,1322
2011-09-16,125078.49278259277,26.120101928710938,125052.37268066406,SPY,1322
2011-09-19,123833.28804016113,26.120101928710938,123807.16793823242,SPY,1322
2011-09-20,123689.21876525879,26.120101928710938,123663.09866333008,SPY,1322
2011-09-21,120046.29542541504,26.120101928710938,120020.17532348633,SPY,1322
2011-09-22,116166.76321411133,26.120101928710938,116140.64311218262,SPY,1322
2011-09-23,116866.5037689209,26.120101928710938,116840.38366699219,SPY,1322
2011-09-26,119644.98120117188,26.120101928710938,119618.86109924316,SPY,1322
2011-09-27,120982.77597045898,26.120101928710938,120956.65586853027,SPY,1322
2011-09-28,118513.00256347656,26.120101928710938,118486.88246154785,SPY,1322
2011-09-29,119449.48310852051,26.120101928710938,119423.3630065918,SPY,1322
2011-09-30,116465.18954467773,26.120101928710938,116439.06944274902,SPY,1322
2011-10-03,113151.56596374512,26.120101928710938,113125.4458618164,SPY,1322
2011-10-04,115631.60697937012,26.120101928710938,115605.4868774414,SPY,1322
2011-10-05,117772.10079956055,26.120101928710938,117745.98069763184,SPY,1322
2011-10-06,119902.23623657227,26.120101928710938,119876.11613464355,SPY,1322
2011-10-07,119099.5876159668,26.120101928710938,119073.46751403809,SPY,1322
2011-10-10,123082.04806518555,26.120101928710938,123055.92796325684,SPY,1322
2011-10-11,123205.5922088623,26.120101928710938,123179.4721069336,SPY,1322
2011-10-12,124286.04116821289,26.120101928710938,124259.92106628418,SPY,1322
2011-10-13,124039.08399963379,26.120101928710938,124012.96389770508,SPY,1322
2011-10-14,126158.97200012207,26.120101928710938,126132.85189819336,SPY,1322
2011-10-17,123750.95553588867,26.120101928710938,123724.83543395996,SPY,1322
2011-10-18,126169.2900390625,26.120101928710938,126143.16993713379,SPY,1322
2011-10-19,124677.1483001709,26.120101928710938,124651.02819824219,SPY,1322
2011-10-20,125222.5317993164,26.120101928710938,125196.4116973877,SPY,1322
2011-10-21,127599.69500732422,26.120101928710938,127573.57490539551,SPY,1322
2011-10-24,129163.91172790527,26.120101928710938,129137.79162597656,SPY,1322
2011-10-25,126652.98719787598,26.120101928710938,126626.86709594727,SPY,1322
2011-10-26,127939.29263305664,26.120101928710938,127913.17253112793,SPY,1322
2011-10-27,132395.12211608887,26.120101928710938,132369.00201416016,SPY,1322
2011-10-28,132364.26885986328,26.120101928710938,132338.14875793457,SPY,1322
2011-10-31,129174.17933654785,26.120101928710938,129148.05923461914,SPY,1322
2011-11-01,125572.3970336914,26.120101928710938,125546.2769317627,SPY,1322
2011-11-02,127620.25039672852,26.120101928710938,127594.1302947998,SPY,1322
2011-11-03,129945.9847869873,26.120101928710938,129919.8646850586,SPY,1322
2011-11-04,129153.56343078613,26.120101928710938,129127.44332885742,SPY,1322
2011-11-07,129956.25239562988,26.120101928710938,129930.13229370117,SPY,1322
2011-11-08,131623.29649353027,26.120101928710938,131597.17639160156,SPY,1322
2011-11-09,126766.1124420166,26.120101928710938,126739.99234008789,SPY,1322
2011-11-10,127959.84802246094,26.120101928710938,127933.72792053223,SPY,1322
2011-11-11,130367.89474487305,26.120101928710938,130341.77464294434,SPY,1322
2011-11-14,129132.9878692627,26.120101928710938,129106.86776733398,SPY,1322
2011-11-15,129771.00173950195,26.120101928710938,129744.88163757324,SPY,1322
2011-11-16,127712.8706817627,26.120101928710938,127686.75057983398,SPY,1322
2011-11-17,125685.61305236816,26.120101928710938,125659.49295043945,SPY,1322
2011-11-18,125551.83155822754,26.120101928710938,125525.71145629883,SPY,1322
2011-11-21,123164.38056945801,26.120101928710938,123138.2604675293,SPY,1322
2011-11-22,122680.74392700195,26.120101928710938,122654.62382507324,SPY,1322
2011-11-23,119974.29104614258,26.120101928710938,119948.17094421387,SPY,1322
2011-11-25,119747.90943908691,26.120101928710938,119721.7893371582,SPY,1322
2011-11-28,123215.86990356445,26.120101928710938,123189.74980163574,SPY,1322
2011-11-29,123565.74522399902,26.120101928710938,123539.62512207031,SPY,1322
2011-11-30,128649.32096862793,26.120101928710938,128623.20086669922,SPY,1322
2011-12-01,128628.74540710449,26.120101928710938,128602.62530517578,SPY,1322
2011-12-02,128515.54956054688,26.120101928710938,128489.42945861816,SPY,1322
2011-12-05,129915.13153076172,26.120101928710938,129889.01142883301,SPY,1322
2011-12-06,129956.25239562988,26.120101928710938,129930.13229370117,SPY,1322
2011-12-07,130439.90921020508,26.120101928710938,130413.78910827637,SPY,1322
2011-12-08,127579.09927368164,26.120101928710938,127552.97917175293,SPY,1322
2011-12-09,129740.12831115723,26.120101928710938,129714.00820922852,SPY,1322
2011-12-12,127846.66226196289,26.120101928710938,127820.54216003418,SPY,1322
2011-12-13,126652.98719787598,26.120101928710938,126626.86709594727,SPY,1322
2011-12-14,125304.86430358887,26.120101928710938,125278.74420166016,SPY,1322
2011-12-15,125757.67794799805,26.120101928710938,125731.55784606934,SPY,1322
2011-12-16,125944.07841491699,26.120101928710938,125917.95831298828,SPY,1322
2011-12-19,124597.82144165039,26.120101928710938,124571.70133972168,SPY,1322
2011-12-20,128367.3450012207,26.120101928710938,128341.22489929199,SPY,1322
2011-12-21,128615.89576721191,26.120101928710938,128589.7756652832,SPY,1322
2011-12-22,129755.00524902344,26.120101928710938,129728.88514709473,SPY,1322
2011-12-23,130914.94244384766,26.120101928710938,130888.82234191895,SPY,1322
2011-12-27,131018.46575927734,26.120101928710938,130992.34565734863,SPY,1322
2011-12-28,129299.38768005371,26.120101928710938,129273.267578125,SPY,1322
2011-12-29,130635.29635620117,26.120101928710938,130609.17625427246,SPY,1322
2011-12-30,129993.25814819336,26.120101928710938,129967.13804626465,SPY,1322
2012-01-03,132064.42039489746,26.120101928710938,132038.30029296875,SPY,1322
2012-01-04,132271.56788635254,26.120101928710938,132245.44778442383,SPY,1322
2012-01-05,132623.63188171387,26.120101928710938,132597.51177978516,SPY,1322
2012-01-06,132281.8758392334,26.120101928710938,132255.7557373047,SPY,1322
2012-01-09,132602.91511535645,26.120101928710938,132576.79501342773,SPY,1322
2012-01-10,133752.4434967041,26.120101928710938,133726.3233947754,SPY,1322
2012-01-11,133824.95217895508,26.120101928710938,133798.83207702637,SPY,1322
2012-01-12,134145.99145507812,26.120101928710938,134119.8713531494,SPY,1322
2012-01-13,133452.1109008789,26.120101928710938,133425.9907989502,SPY,1322
2012-01-17,133969.92919921875,26.120101928710938,133943.80909729004,SPY,1322
2012-01-18,135450.81489562988,26.120101928710938,135424.69479370117,SPY,1322
2012-01-19,136165.3819580078,26.120101928710938,136139.2618560791,SPY,1322
2012-01-20,136672.84187316895,26.120101928710938,136646.72177124023,SPY,1322
2012-01-23,136320.69718933105,26.120101928710938,136294.57708740234,SPY,1322
2012-01-24,136165.3819580078,26.120101928710938,136139.2618560791,SPY,1322
2012-01-25,137304.53178405762,26.120101928710938,137278.4116821289,SPY,1322
2012-01-26,136600.34327697754,26.120101928710938,136574.22317504883,SPY,1322
2012-01-27,136538.1828918457,26.120101928710938,136512.062789917,SPY,1322
2012-01-30,136072.1565093994,26.120101928710938,136046.0364074707,SPY,1322
2012-01-31,136020.40493774414,26.120101928710938,135994.28483581543,SPY,1322
2012-02-01,137211.33659362793,26.120101928710938,137185.21649169922,SPY,1322
2012-02-02,137428.7819519043,26.120101928710938,137402.6618499756,SPY,1322
2012-02-03,139354.98735046387,26.120101928710938,139328.86724853516,SPY,1322
2012-02-06,139261.80224609375,26.120101928710938,139235.68214416504,SPY,1322
2012-02-07,139613.8964996338,26.120101928710938,139587.77639770508,SPY,1322
2012-02-08,140028.11079406738,26.120101928710938,140001.99069213867,SPY,1322
2012-02-09,140204.2234802246,26.120101928710938,140178.1033782959,SPY,1322
2012-02-10,139168.58688354492,26.120101928710938,139142.4667816162,SPY,1322
2012-02-13,140204.2234802246,26.120101928710938,140178.1033782959,SPY,1322
2012-02-14,140028.11079406738,26.120101928710938,140001.99069213867,SPY,1322
2012-02-15,139375.7041168213,26.120101928710938,139349.58401489258,SPY,1322
2012-02-16,140918.79054260254,26.120101928710938,140892.67044067383,SPY,1322
2012-02-17,141291.5713043213,26.120101928710938,141265.45120239258,SPY,1322
2012-02-21,141353.66108703613,26.120101928710938,141327.54098510742,SPY,1322
2012-02-22,140898.05360412598,26.120101928710938,140871.93350219727,SPY,1322
2012-02-23,141519.3952178955,26.120101928710938,141493.2751159668,SPY,1322
2012-02-24,141830.025680542,26.120101928710938,141803.90557861328,SPY,1322
2012-02-27,142068.2483215332,26.120101928710938,142042.1282196045,SPY,1322
2012-02-28,142482.51304626465,26.120101928710938,142456.39294433594,SPY,1322
2012-02-29,141923.29147338867,26.120101928710938,141897.17137145996,SPY,1322
2012-03-01,142658.56521606445,26.120101928710938,142632.44511413574,SPY,1322
2012-03-02,142223.60389709473,26.120101928710938,142197.48379516602,SPY,1322
2012-03-05,141643.6756439209,26.120101928710938,141617.5555419922,SPY,1322
2012-03-06,139572.4831390381,26.120101928710938,139546.36303710938,SPY,1322
2012-03-07,140545.92909240723,26.120101928710938,140519.80899047852,SPY,1322
2012-03-08,141943.97798156738,26.120101928710938,141917.85787963867,SPY,1322
2012-03-09,142492.83108520508,26.120101928710938,142466.71098327637,SPY,1322
2012-03-12,142503.23989868164,26.120101928710938,142477.11979675293,SPY,1322
2012-03-13,145071.4935913086,26.120101928710938,145045.37348937988,SPY,1322
2012-03-14,144916.17835998535,26.120101928710938,144890.05825805664,SPY,1322
2012-03-15,145754.9451599121,26.120101928710938,145728.8250579834,SPY,1322
2012-03-16,145956.80755615234,26.120101928710938,145930.68745422363,SPY,1322
2012-03-19,146528.88885498047,26.120101928710938,146502.76875305176,SPY,1322
2012-03-20,146102.35948181152,26.120101928710938,146076.2393798828,SPY,1322
2012-03-21,145863.19883728027,26.120101928710938,145837.07873535156,SPY,1322
2012-03-22,144812.59452819824,26.120101928710938,144786.47442626953,SPY,1322
2012-03-23,145280.7087249756,26.120101928710938,145254.58862304688,SPY,1322
2012-03-26,147319.30308532715,26.120101928710938,147293.18298339844,SPY,1322
2012-03-27,146861.67839050293,26.120101928710938,146835.55828857422,SPY,1322
2012-03-28,146133.57583618164,26.120101928710938,146107.45573425293,SPY,1322
2012-03-29,145883.95594787598,26.120101928710938,145857.83584594727,SPY,1322
2012-03-30,146487.2636871338,26.120101928710938,146461.14358520508,SPY,1322
2012-04-02,147558.54441833496,26.120101928710938,147532.42431640625,SPY,1322
2012-04-03,146955.287109375,26.120101928710938,146929.1670074463,SPY,1322
2012-04-04,145499.06182861328,26.120101928710938,145472.94172668457,SPY,1322
2012-04-05,145426.30099487305,26.120101928710938,145400.18089294434,SPY,1322
2012-04-09,143793.33769226074,26.120101928710938,143767.21759033203,SPY,1322
2012-04-10,141380.19750976562,26.120101928710938,141354.0774078369,SPY,1322
2012-04-11,142524.37019348145,26.120101928710938,142498.25009155273,SPY,1322
2012-04-12,144386.12567138672,26.120101928710938,144360.005569458,SPY,1322
2012-04-13,142669.95237731934,26.120101928710938,142643.83227539062,SPY,1322
2012-04-16,142576.35374450684,26.120101928710938,142550.23364257812,SPY,1322
2012-04-17,144687.79971313477,26.120101928710938,144661.67961120605,SPY,1322
2012-04-18,144198.96875,26.120101928710938,144172.8486480713,SPY,1322
2012-04-19,143273.239944458,26.120101928710938,143247.1198425293,SPY,1322
2012-04-20,143512.46110534668,26.120101928710938,143486.34100341797,SPY,1322
2012-04-23,142305.8960571289,26.120101928710938,142279.7759552002,SPY,1322
2012-04-24,142846.79125976562,26.120101928710938,142820.6711578369,SPY,1322
2012-04-25,144802.22605895996,26.120101928710938,144776.10595703125,SPY,1322
2012-04-26,145811.15476989746,26.120101928710938,145785.03466796875,SPY,1322
2012-04-27,146050.3860168457,26.120101928710938,146024.265914917,SPY,1322
2012-04-30,145509.4807281494,26.120101928710938,145483.3606262207,SPY,1322
2012-05-01,146414.422164917,26.120101928710938,146388.30206298828,SPY,1322
2012-05-02,145977.59492492676,26.120101928710938,145951.47482299805,SPY,1322
2012-05-03,144864.70919799805,26.120101928710938,144838.58909606934,SPY,1322
2012-05-04,142524.37019348145,26.120101928710938,142498.25009155273,SPY,1322
2012-05-07,142628.35746765137,26.120101928710938,142602.23736572266,SPY,1322
2012-05-08,142056.27616882324,26.120101928710938,142030.15606689453,SPY,1322
2012-05-09,141213.75735473633,26.120101928710938,141187.63725280762,SPY,1322
2012-05-10,141505.00241088867,26.120101928710938,141478.88230895996,SPY,1322
2012-05-11,141078.53355407715,26.120101928710938,141052.41345214844,SPY,1322
2012-05-14,139518.35125732422,26.120101928710938,139492.2311553955,SPY,1322
2012-05-15,138717.43743896484,26.120101928710938,138691.31733703613,SPY,1322
2012-05-16,138186.9813079834,26.120101928710938,138160.8612060547,SPY,1322
2012-05-17,136137.88735961914,26.120101928710938,136111.76725769043,SPY,1322
2012-05-18,134972.97773742676,26.120101928710938,134946.85763549805,SPY,1322
2012-05-21,137292.45877075195,26.120101928710938,137266.33866882324,SPY,1322
2012-05-22,137531.71018981934,26.120101928710938,137505.59008789062,SPY,1322
2012-05-23,137604.51136779785,26.120101928710938,137578.39126586914,SPY,1322
2012-05-24,137874.9589691162,26.120101928710938,137848.8388671875,SPY,1322
2012-05-25,137427.70274353027,26.120101928710938,137401.58264160156,SPY,1322
2012-05-29,139091.89248657227,26.120101928710938,139065.77238464355,SPY,1322
2012-05-30,137074.04515075684,26.120101928710938,137047.92504882812,SPY,1322
2012-05-31,136772.41145324707,26.120101928710938,136746.29135131836,SPY,1322
2012-06-01,133329.54510498047,26.120101928710938,133303.42500305176,SPY,1322
2012-06-04,133267.14265441895,26.120101928710938,133241.02255249023,SPY,1322
2012-06-05,134276.08145141602,26.120101928710938,134249.9613494873,SPY,1322
2012-06-06,137292.45877075195,26.120101928710938,137266.33866882324,SPY,1322
2012-06-07,137375.72927856445,26.120101928710938,137349.60917663574,SPY,1322
2012-06-08,138467.79737854004,26.120101928710938,138441.67727661133,SPY,1322
2012-06-11,136709.99891662598,26.120101928710938,136683.87881469727,SPY,1322
2012-06-12,138280.5496826172,26.120101928710938,138254.42958068848,SPY,1322
2012-06-13,137396.48638916016,26.120101928710938,137370.36628723145,SPY,1322
2012-06-14,138852.68141174316,26.120101928710938,138826.56130981445,SPY,1322
2012-06-15,140272.46575927734,26.120101928710938,140246.34565734863,SPY,1322
2012-06-18,140544.32540893555,26.120101928710938,140518.20530700684,SPY,1322
2012-06-19,141903.50262451172,26.120101928710938,141877.382522583,SPY,1322
2012-06-20,141673.42951965332,26.120101928710938,141647.3094177246,SPY,1322
2012-06-21,138495.0902557373,26.120101928710938,138468.9701538086,SPY,1322
2012-06-22,139561.5397644043,26.120101928710938,139535.4196624756,SPY,1322
2012-06-25,137324.09873962402,26.120101928710938,137297.9786376953,SPY,1322
2012-06-26,138014.1869354248,26.120101928710938,137988.0668334961,SPY,1322
2012-06-27,139258.29229736328,26.120101928710938,139232.17219543457,SPY,1322
2012-06-28,138861.03266906738,26.120101928710938,138834.91256713867,SPY,1322
2012-06-29,142321.72108459473,26.120101928710938,142295.60098266602,SPY,1322
2012-07-02,142750.3483581543,26.120101928710938,142724.2282562256,SPY,1322
2012-07-03,143691.36763000488,26.120101928710938,143665.24752807617,SPY,1322
2012-07-05,143043.15675354004,26.120101928710938,143017.03665161133,SPY,1322
2012-07-06,141683.94927978516,26.120101928710938,141657.82917785645,SPY,1322
2012-07-09,141506.23291015625,26.120101928710938,141480.11280822754,SPY,1322
2012-07-10,140272.46575927734,26.120101928710938,140246.34565734863,SPY,1322
2012-07-11,140293.43467712402,26.120101928710938,140267.3145751953,SPY,1322
2012-07-12,139613.7956390381,26.120101928710938,139587.67553710938,SPY,1322
2012-07-13,141955.78875732422,26.120101928710938,141929.6686553955,SPY,1322
2012-07-16,141621.22407531738,26.120101928710938,141595.10397338867,SPY,1322
2012-07-17,142593.50004577637,26.120101928710938,142567.37994384766,SPY,1322
2012-07-18,143649.53065490723,26.120101928710938,143623.41055297852,SPY,1322
2012-07-19,144025.91213989258,26.120101928710938,143999.79203796387,SPY,1322
2012-07-20,142708.54164123535,26.120101928710938,142682.42153930664,SPY,1322
2012-07-23,141265.6501312256,26.120101928710938,141239.53002929688,SPY,1322
2012-07-24,140052.88215637207,26.120101928710938,140026.76205444336,SPY,1322
2012-07-25,140084.31031799316,26.120101928710938,140058.19021606445,SPY,1322
2012-07-26,142394.8450164795,26.120101928710938,142368.72491455078,SPY,1322
2012-07-27,145019.17720031738,26.120101928710938,144993.05709838867,SPY,1322
2012-07-30,145019.17720031738,26.120101928710938,144993.05709838867,SPY,1322
2012-07-31,144005.03399658203,26.120101928710938,143978.91389465332,SPY,1322
2012-08-01,143879.5129852295,26.120101928710938,143853.39288330078,SPY,1322
2012-08-02,142886.29835510254,26.120101928710938,142860.17825317383,SPY,1322
2012-08-03,145719.64395141602,26.120101928710938,145693.5238494873,SPY,1322
2012-08-06,146001.9426727295,26.120101928710938,145975.82257080078,SPY,1322
2012-08-07,146733.82749938965,26.120101928710938,146707.70739746094,SPY,1322
2012-08-08,146911.55395507812,26.120101928710938,146885.4338531494,SPY,1322
2012-08-09,147037.03462219238,26.120101928710938,147010.91452026367,SPY,1322
2012-08-10,147277.4257659912,26.120101928710938,147251.3056640625,SPY,1322
2012-08-13,147204.3220062256,26.120101928710938,147178.20190429688,SPY,1322
2012-08-14,147225.15980529785,26.120101928710938,147199.03970336914,SPY,1322
2012-08-15,147392.44718933105,26.120101928710938,147366.32708740234,SPY,1322
2012-08-16,148479.82527160645,26.120101928710938,148453.70516967773,SPY,1322
2012-08-17,148678.4903869629,26.120101928710938,148652.37028503418,SPY,1322
2012-08-20,148688.9193725586,26.120101928710938,148662.79927062988,SPY,1322
2012-08-21,148239.35343933105,26.120101928710938,148213.23333740234,SPY,1322
2012-08-22,148302.13916015625,26.120101928710938,148276.01905822754,SPY,1322
2012-08-23,147089.24006652832,26.120101928710938,147063.1199645996,SPY,1322
2012-08-24,147977.9429473877,26.120101928710938,147951.82284545898,SPY,1322
2012-08-27,148009.32067871094,26.120101928710938,147983.20057678223,SPY,1322
2012-08-28,147862.98204040527,26.120101928710938,147836.86193847656,SPY,1322
2012-08-29,147977.9429473877,26.120101928710938,147951.82284545898,SPY,1322
2012-08-30,146911.55395507812,26.120101928710938,146885.4338531494,SPY,1322
2012-08-31,147612.1114807129,26.120101928710938,147585.99137878418,SPY,1322
2012-09-04,147476.1413116455,26.120101928710938,147450.0212097168,SPY,1322
2012-09-05,147350.6808166504,26.120101928710938,147324.56071472168,SPY,1322
2012-09-06,150340.8444671631,26.120101928710938,150314.72436523438,SPY,1322
2012-09-07,150926.36039733887,26.120101928710938,150900.24029541016,SPY,1322
2012-09-10,150069.0150756836,26.120101928710938,150042.89497375488,SPY,1322
2012-09-11,150487.25370788574,26.120101928710938,150461.13360595703,SPY,1322
2012-09-12,150989.0654296875,26.120101928710938,150962.9453277588,SPY,1322
2012-09-13,153289.2114868164,26.120101928710938,153263.0913848877,SPY,1322
2012-09-14,153968.82026672363,26.120101928710938,153942.70016479492,SPY,1322
2012-09-17,153446.02954101562,26.120101928710938,153419.9094390869,SPY,1322
2012-09-18,153320.5690460205,26.120101928710938,153294.4489440918,SPY,1322
2012-09-19,153404.24299621582,26.120101928710938,153378.1228942871,SPY,1322
2012-09-20,153414.74258422852,26.120101928710938,153388.6224822998,SPY,1322
2012-09-21,153350.56498718262,26.120101928710938,153324.4448852539,SPY,1322
2012-09-24,153119.33198547363,26.120101928710938,153093.21188354492,SPY,1322
2012-09-25,151490.19129943848,26.120101928710938,151464.07119750977,SPY,1322
2012-09-26,150638.76649475098,26.120101928710938,150612.64639282227,SPY,1322
2012-09-27,152057.71369934082,26.120101928710938,152031.5935974121,SPY,1322
2012-09-28,151353.4747619629,26.120101928710938,151327.35466003418,SPY,1322
2012-10-01,151752.91297912598,26.120101928710938,151726.79287719727,SPY,1322
2012-10-02,151910.61860656738,26.120101928710938,151884.49850463867,SPY,1322
2012-10-03,152530.7095489502,26.120101928710938,152504.58944702148,SPY,1322
2012-10-04,153623.8568572998,26.120101928710938,153597.7367553711,SPY,1322
2012-10-05,153634.39678955078,26.120101928710938,153608.27668762207,SPY,1322
2012-10-08,153108.83239746094,26.120101928710938,153082.71229553223,SPY,1322
2012-10-09,151595.21743774414,26.120101928710938,151569.09733581543,SPY,1322
2012-10-10,150628.18621826172,26.120101928710938,150602.066116333,SPY,1322
2012-10-11,150712.3140411377,26.120101928710938,150686.19393920898,SPY,1322
2012-10-12,150218.28875732422,26.120101928710938,150192.1686553955,SPY,1322
2012-10-15,151469.16186523438,26.120101928710938,151443.04176330566,SPY,1322
2012-10-16,153003.73565673828,26.120101928710938,152977.61555480957,SPY,1322
2012-10-17,153697.4850921631,26.120101928710938,153671.36499023438,SPY,1322
2012-10-18,153298.00653076172,26.120101928710938,153271.886428833,SPY,1322
2012-10-19,150743.86323547363,26.120101928710938,150717.74313354492,SPY,1322
2012-10-22,150764.84223937988,26.120101928710938,150738.72213745117,SPY,1322
2012-10-23,148673.19520568848,26.120101928710938,148647.07510375977,SPY,1322
2012-10-24,148252.76789855957,26.120101928710938,148226.64779663086,SPY,1322
2012-10-25,148683.6544494629,26.120101928710938,148657.53434753418,SPY,1322
2012-10-26,148599.58714294434,26.120101928710938,148573.46704101562,SPY,1322
2012-10-31,148599.58714294434,26.120101928710938,148573.46704101562,SPY,1322
2012-11-01,150155.26097106934,26.120101928710938,150129.14086914062,SPY,1322
2012-11-02,148820.39115905762,26.120101928710938,148794.2710571289,SPY,1322
2012-11-05,149125.15153503418,26.120101928710938,149099.03143310547,SPY,1322
2012-11-06,150291.8867340088,26.120101928710938,150265.76663208008,SPY,1322
2012-11-07,146886.26820373535,26.120101928710938,146860.14810180664,SPY,1322
2012-11-08,145120.40089416504,26.120101928710938,145094.28079223633,SPY,1322
2012-11-09,145246.58758544922,26.120101928710938,145220.4674835205,SPY,1322
2012-11-12,145362.22425842285,26.120101928710938,145336.10415649414,SPY,1322
2012-11-13,144857.64895629883,26.120101928710938,144831.52885437012,SPY,1322
2012-11-14,142902.62768554688,26.120101928710938,142876.50758361816,SPY,1322
2012-11-15,142660.87492370605,26.120101928710938,142634.75482177734,SPY,1322
2012-11-16,143365.1037750244,26.120101928710938,143338.9836730957,SPY,1322
2012-11-19,146266.14700317383,26.120101928710938,146240.02690124512,SPY,1322
2012-11-20,146329.23530578613,26.120101928710938,146303.11520385742,SPY,1322
2012-11-21,146602.48683166504,26.120101928710938,146576.36672973633,SPY,1322
2012-11-23,148599.58714294434,26.120101928710938,148573.46704101562,SPY,1322
2012-11-26,148284.29692077637,26.120101928710938,148258.17681884766,SPY,1322
2012-11-27,147527.45918273926,26.120101928710938,147501.33908081055,SPY,1322
2012-11-28,148715.22381591797,26.120101928710938,148689.10371398926,SPY,1322
2012-11-29,149409.02368164062,26.120101928710938,149382.9035797119,SPY,1322
2012-11-30,149440.48210144043,26.120101928710938,149414.36199951172,SPY,1322
2012-12-03,148704.72422790527,26.120101928710938,148678.60412597656,SPY,1322
2012-12-04,148494.4803161621,26.120101928710938,148468.3602142334,SPY,1322
2012-12-05,148757.29277038574,26.120101928710938,148731.17266845703,SPY,1322
2012-12-06,149261.79747009277,26.120101928710938,149235.67736816406,SPY,1322
2012-12-07,149713.7437133789,26.120101928710938,149687.6236114502,SPY,1322
2012-12-10,149776.8017578125,26.120101928710938,149750.6816558838,SPY,1322
2012-12-11,150796.4317779541,26.120101928710938,150770.3116760254,SPY,1322
2012-12-12,150869.96923828125,26.120101928710938,150843.84913635254,SPY,1322
2012-12-13,149945.01705932617,26.120101928710938,149918.89695739746,SPY,1322
2012-12-14,149387.98416137695,26.120101928710938,149361.86405944824,SPY,1322
2012-12-17,151143.2409362793,26.120101928710938,151117.1208343506,SPY,1322
2012-12-18,152825.00059509277,26.120101928710938,152798.88049316406,SPY,1322
2012-12-19,151689.83476257324,26.120101928710938,151663.71466064453,SPY,1322
2012-12-20,152562.25874328613,26.120101928710938,152536.13864135742,SPY,1322
2012-12-21,151177.64448547363,26.120101928710938,151151.52438354492,SPY,1322
2012-12-24,150711.92068481445,26.120101928710938,150685.80058288574,SPY,1322
2012-12-26,150076.75108337402,26.120101928710938,150050.6309814453,SPY,1322
2012-12-27,149875.71574401855,26.120101928710938,149849.59564208984,SPY,1322
2012-12-28,148256.0559539795,26.120101928710938,148229.93585205078,SPY,1322
2012-12-31,150775.39225769043,26.120101928710938,150749.27215576172,SPY,1322
2013-01-02,154639.1700439453,26.120101928710938,154613.0499420166,SPY,1322
2013-01-03,154289.8494567871,26.120101928710938,154263.7293548584,SPY,1322
2013-01-04,154967.27964782715,26.120101928710938,154941.15954589844,SPY,1322
2013-01-07,154543.86686706543,26.120101928710938,154517.74676513672,SPY,1322
2013-01-08,154099.27336120605,26.120101928710938,154073.15325927734,SPY,1322
2013-01-09,154490.9453125,26.120101928710938,154464.8252105713,SPY,1322
2013-01-10,155718.86254882812,26.120101928710938,155692.7424468994,SPY,1322
2013-01-11,155708.28227233887,26.120101928710938,155682.16217041016,SPY,1322
2013-01-14,155602.44924926758,26.120101928710938,155576.32914733887,SPY,1322
2013-01-15,155708.28227233887,26.120101928710938,155682.16217041016,SPY,1322
2013-01-16,155687.15197753906,26.120101928710938,155661.03187561035,SPY,1322
2013-01-17,156692.71194458008,26.120101928710938,156666.59184265137,SPY,1322
2013-01-18,157042.07287597656,26.120101928710938,157015.95277404785,SPY,1322
2013-01-22,157888.8984375,26.120101928710938,157862.7783355713,SPY,1322
2013-01-23,158142.9561920166,26.120101928710938,158116.8360900879,SPY,1322
2013-01-24,158185.33781433105,26.120101928710938,158159.21771240234,SPY,1322
2013-01-25,159074.54499816895,26.120101928710938,159048.42489624023,SPY,1322
2013-01-28,158883.9285583496,26.120101928710938,158857.8084564209,SPY,1322
2013-01-29,159508.4775390625,26.120101928710938,159482.3574371338,SPY,1322
2013-01-30,158883.9285583496,26.120101928710938,158857.8084564209,SPY,1322
2013-01-31,158492.21626281738,26.120101928710938,158466.09616088867,SPY,1322
2013-02-01,160122.426071167,26.120101928710938,160096.30596923828,SPY,1322
2013-02-04,158322.9217529297,26.120101928710938,158296.80165100098,SPY,1322
2013-02-05,159921.42098999023,26.120101928710938,159895.30088806152,SPY,1322
2013-02-06,160037.7939453125,26.120101928710938,160011.6738433838,SPY,1322
2013-02-07,159826.11781311035,26.120101928710938,159799.99771118164,SPY,1322
2013-02-08,160715.25439453125,26.120101928710938,160689.13429260254,SPY,1322
2013-02-11,160683.5034790039,26.120101928710938,160657.3833770752,SPY,1322
2013-02-12,160948.19194030762,26.120101928710938,160922.0718383789,SPY,1322
2013-02-13,161085.80613708496,26.120101928710938,161059.68603515625,SPY,1322
2013-02-14,161233.93000793457,26.120101928710938,161207.80990600586,SPY,1322
2013-02-15,161043.3639984131,26.120101928710938,161017.24389648438,SPY,1322
2013-02-19,162250.18119812012,26.120101928710938,162224.0610961914,SPY,1322
2013-02-20,160228.3498687744,26.120101928710938,160202.2297668457,SPY,1322
2013-02-21,159254.4500427246,26.120101928710938,159228.3299407959,SPY,1322
2013-02-22,160810.50714111328,26.120101928710938,160784.38703918457,SPY,1322
2013-02-25,157751.2741546631,26.120101928710938,157725.15405273438,SPY,1322
2013-02-26,158830.9969177246,26.120101928710938,158804.8768157959,SPY,1322
2013-02-27,160831.71812438965,26.120101928710938,160805.59802246094,SPY,1322
2013-02-28,160514.1081085205,26.120101928710938,160487.9880065918,SPY,1322
2013-03-01,161043.3639984131,26.120101928710938,161017.24389648438,SPY,1322
2013-03-04,161900.8303527832,26.120101928710938,161874.7102508545,SPY,1322
2013-03-05,163351.10485839844,26.120101928710938,163324.98475646973,SPY,1322
2013-03-06,163573.3713531494,26.120101928710938,163547.2512512207,SPY,1322
2013-03-07,163869.75021362305,26.120101928710938,163843.63011169434,SPY,1322
2013-03-08,164568.47207641602,26.120101928710938,164542.3519744873,SPY,1322
2013-03-11,165193.03114318848,26.120101928710938,165166.91104125977,SPY,1322
2013-03-12,164822.4995727539,26.120101928710938,164796.3794708252,SPY,1322
2013-03-13,165055.36651611328,26.120101928710938,165029.24641418457,SPY,1322
2013-03-14,165933.97325134277,26.120101928710938,165907.85314941406,SPY,1322
2013-03-15,165714.9040374756,26.120101928710938,165688.78393554688,SPY,1322
2013-03-18,164800.58256530762,26.120101928710938,164774.4624633789,SPY,1322
2013-03-19,164417.8670349121,26.120101928710938,164391.7469329834,SPY,1322
2013-03-20,165566.07414245605,26.120101928710938,165539.95404052734,SPY,1322
2013-03-21,164151.93798828125,26.120101928710938,164125.81788635254,SPY,1322
2013-03-22,165470.34735107422,26.120101928710938,165444.2272491455,SPY,1322
2013-03-25,164779.31106567383,26.120101928710938,164753.19096374512,SPY,1322
2013-03-26,166097.7204284668,26.120101928710938,166071.6003265381,SPY,1322
2013-03-27,166097.7204284668,26.120101928710938,166071.6003265381,SPY,1322
2013-03-28,166608.0750427246,26.120101928710938,166581.9549407959,SPY,1322
2013-04-01,165948.86027526855,26.120101928710938,165922.74017333984,SPY,1322
2013-04-02,166767.5860748291,26.120101928710938,166741.4659729004,SPY,1322
2013-04-03,165076.94059753418,26.120101928710938,165050.82049560547,SPY,1322
2013-04-04,165746.8365020752,26.120101928710938,165720.71640014648,SPY,1322
2013-04-05,165002.61642456055,26.120101928710938,164976.49632263184,SPY,1322
2013-04-08,166119.03227233887,26.120101928710938,166092.91217041016,SPY,1322
2013-04-09,166693.13078308105,26.120101928710938,166667.01068115234,SPY,1322
2013-04-10,168734.66018676758,26.120101928710938,168708.54008483887,SPY,1322
2013-04-11,169287.5477142334,26.120101928710938,169261.4276123047,SPY,1322
2013-04-12,168872.86946105957,26.120101928710938,168846.74935913086,SPY,1322
2013-04-15,164959.98265075684,26.120101928710938,164933.86254882812,SPY,1322
2013-04-16,167394.87846374512,26.120101928710938,167368.7583618164,SPY,1322
2013-04-17,164949.3317718506,26.120101928710938,164923.21166992188,SPY,1322
2013-04-18,163918.06243896484,26.120101928710938,163891.94233703613,SPY,1322
2013-04-19,165342.80912780762,26.120101928710938,165316.6890258789,SPY,1322
2013-04-22,166076.39849853516,26.120101928710938,166050.27839660645,SPY,1322
2013-04-23,167788.335647583,26.120101928710938,167762.2155456543,SPY,1322
2013-04-24,167894.58219909668,26.120101928710938,167868.46209716797,SPY,1322
2013-04-25,168575.1491546631,26.120101928710938,168549.02905273438,SPY,1322
2013-04-26,168277.38850402832,26.120101928710938,168251.2684020996,SPY,1322
2013-04-29,169404.44514465332,26.120101928710938,169378.3250427246,SPY,1322
2013-04-30,169808.49269104004,26.120101928710938,169782.37258911133,SPY,1322
2013-05-01,168319.9012451172,26.120101928710938,168293.78114318848,SPY,1322
2013-05-02,169882.9479827881,26.120101928710938,169856.82788085938,SPY,1322
2013-05-03,171605.44523620605,26.120101928710938,171579.32513427734,SPY,1322
2013-05-06,172041.32438659668,26.120101928710938,172015.20428466797,SPY,1322
2013-05-07,172913.18354797363,26.120101928710938,172887.06344604492,SPY,1322
2013-05-08,173700.05757141113,26.120101928710938,173673.93746948242,SPY,1322
2013-05-09,173210.96437072754,26.120101928710938,173184.84426879883,SPY,1322
2013-05-10,173774.41200256348,26.120101928710938,173748.29190063477,SPY,1322
2013-05-13,173912.7120513916,26.120101928710938,173886.5919494629,SPY,1322
2013-05-14,175709.5637359619,26.120101928710938,175683.4436340332,SPY,1322
2013-05-15,176655.93870544434,26.120101928710938,176629.81860351562,SPY,1322
2013-05-16,175826.52168273926,26.120101928710938,175800.40158081055,SPY,1322
2013-05-17,177527.898727417,26.120101928710938,177501.77862548828,SPY,1322
2013-05-20,177517.14698791504,26.120101928710938,177491.02688598633,SPY,1322
2013-05-21,177772.32429504395,26.120101928710938,177746.20419311523,SPY,1322
2013-05-22,176453.95527648926,26.120101928710938,176427.83517456055,SPY,1322
2013-05-23,175943.54014587402,26.120101928710938,175917.4200439453,SPY,1322
2013-05-24,175794.75059509277,26.120101928710938,175768.63049316406,SPY,1322
2013-05-28,176847.31159973145,26.120101928710938,176821.19149780273,SPY,1322
2013-05-29,175699.01371765137,26.120101928710938,175672.89361572266,SPY,1322
2013-05-30,176347.54734802246,26.120101928710938,176321.42724609375,SPY,1322
2013-05-31,173817.01551818848,26.120101928710938,173790.89541625977,SPY,1322
2013-06-03,174774.021194458,26.120101928710938,174747.9010925293,SPY,1322
2013-06-04,173934.0138092041,26.120101928710938,173907.8937072754,SPY,1322
2013-06-05,171499.09782409668,26.120101928710938,171472.97772216797,SPY,1322
2013-06-06,173051.48359680176,26.120101928710938,173025.36349487305,SPY,1322
2013-06-07,175252.4433441162,26.120101928710938,175226.3232421875,SPY,1322
2013-06-10,175252.4433441162,26.120101928710938,175226.3232421875,SPY,1322
2013-06-11,173444.90043640137,26.120101928710938,173418.78033447266,SPY,1322
2013-06-12,172009.47261047363,26.120101928710938,171983.35250854492,SPY,1322
2013-06-13,174625.07026672363,26.120101928710938,174598.95016479492,SPY,1322
2013-06-14,173529.9259185791,26.120101928710938,173503.8058166504,SPY,1322
2013-06-17,174869.697555542,26.120101928710938,174843.57745361328,SPY,1322
2013-06-18,176251.91133117676,26.120101928710938,176225.79122924805,SPY,1322
2013-06-19,173817.01551818848,26.120101928710938,173790.89541625977,SPY,1322
2013-06-20,169510.7522125244,26.120101928710938,169484.6321105957,SPY,1322
2013-06-21,170054.8547821045,26.120101928710938,170028.73468017578,SPY,1322
2013-06-24,167906.3324584961,26.120101928710938,167880.21235656738,SPY,1322
2013-06-25,169520.45500183105,26.120101928710938,169494.33489990234,SPY,1322
2013-06-26,171198.61393737793,26.120101928710938,171172.49383544922,SPY,1322
2013-06-27,172203.32667541504,26.120101928710938,172177.20657348633,SPY,1322
2013-06-28,171497.82698059082,26.120101928710938,171471.7068786621,SPY,1322
2013-07-01,172502.64057922363,26.120101928710938,172476.52047729492,SPY,1322
2013-07-02,172342.2924041748,26.120101928710938,172316.1723022461,SPY,1322
2013-07-03,172417.11079406738,26.120101928710938,172390.99069213867,SPY,1322
2013-07-05,174276.96000671387,26.120101928710938,174250.83990478516,SPY,1322
2013-07-08,175271.02186584473,26.120101928710938,175244.90176391602,SPY,1322
2013-07-09,176532.30378723145,26.120101928710938,176506.18368530273,SPY,1322
2013-07-10,176596.47129821777,26.120101928710938,176570.35119628906,SPY,1322
2013-07-11,179001.47203063965,26.120101928710938,178975.35192871094,SPY,1322
2013-07-12,179076.35093688965,26.120101928710938,179050.23083496094,SPY,1322
2013-07-15,179760.34715270996,26.120101928710938,179734.22705078125,SPY,1322
2013-07-16,179087.06233215332,26.120101928710938,179060.9422302246,SPY,1322
2013-07-17,179546.62355041504,26.120101928710938,179520.50344848633,SPY,1322
2013-07-18,180530.0143585205,26.120101928710938,180503.8942565918,SPY,1322
2013-07-19,180850.69053649902,26.120101928710938,180824.5704345703,SPY,1322
2013-07-22,181203.420211792,26.120101928710938,181177.30010986328,SPY,1322
2013-07-23,180818.63703918457,26.120101928710938,180792.51693725586,SPY,1322
2013-07-24,180155.90223693848,26.120101928710938,180129.78213500977,SPY,1322
2013-07-25,180594.10118103027,26.120101928710938,180567.98107910156,SPY,1322
2013-07-26,180786.50285339355,26.120101928710938,180760.38275146484,SPY,1322
2013-07-29,180230.7407989502,26.120101928710938,180204.62069702148,SPY,1322
2013-07-30,180230.7407989502,26.120101928710938,180204.62069702148,SPY,1322
2013-07-31,180359.01530456543,26.120101928710938,180332.89520263672,SPY,1322
2013-08-01,182443.2995147705,26.120101928710938,182417.1794128418,SPY,1322
2013-08-02,182753.26429748535,26.120101928710938,182727.14419555664,SPY,1322
2013-08-05,182486.06440734863,26.120101928710938,182459.94430541992,SPY,1322
2013-08-06,181449.27799987793,26.120101928710938,181423.15789794922,SPY,1322
2013-08-07,180861.38175964355,26.120101928710938,180835.26165771484,SPY,1322
2013-08-08,181524.0963897705,26.120101928710938,181497.9762878418,SPY,1322
2013-08-09,181000.36766052246,26.120101928710938,180974.24755859375,SPY,1322
2013-08-12,180786.50285339355,26.120101928710938,180760.38275146484,SPY,1322
2013-08-13,181320.98332214355,26.120101928710938,181294.86322021484,SPY,1322
2013-08-14,180391.00828552246,26.120101928710938,180364.88818359375,SPY,1322
2013-08-15,177868.46461486816,26.120101928710938,177842.34451293945,SPY,1322
2013-08-16,177280.60871887207,26.120101928710938,177254.48861694336,SPY,1322
2013-08-19,176147.5609588623,26.120101928710938,176121.4408569336,SPY,1322
2013-08-20,177013.34831237793,26.120101928710938,176987.22821044922,SPY,1322
2013-08-21,175923.1259613037,26.120101928710938,175897.005859375,SPY,1322
2013-08-22,177526.466506958,26.120101928710938,177500.3464050293,SPY,1322
2013-08-23,178125.01362609863,26.120101928710938,178098.89352416992,SPY,1322
2013-08-26,177462.2586517334,26.120101928710938,177436.1385498047,SPY,1322
2013-08-27,174608.34757995605,26.120101928710938,174582.22747802734,SPY,1322
2013-08-28,175228.31748962402,26.120101928710938,175202.1973876953,SPY,1322
2013-08-29,175506.2287750244,26.120101928710938,175480.1086730957,SPY,1322
2013-08-30,174950.42637634277,26.120101928710938,174924.30627441406,SPY,1322
2013-09-03,175741.4356842041,26.120101928710938,175715.3155822754,SPY,1322
2013-09-04,177195.05876159668,26.120101928710938,177168.93865966797,SPY,1322
2013-09-05,177419.53410339355,26.120101928710938,177393.41400146484,SPY,1322
2013-09-06,177504.98320007324,26.120101928710938,177478.86309814453,SPY,1322
2013-09-09,179204.60527038574,26.120101928710938,179178.48516845703,SPY,1322
2013-09-10,180530.0143585205,26.120101928710938,180503.8942565918,SPY,1322
2013-09-11,181096.52815246582,26.120101928710938,181070.4080505371,SPY,1322
2013-09-12,180615.50379943848,26.120101928710938,180589.38369750977,SPY,1322
2013-09-13,181021.64924621582,26.120101928710938,180995.5291442871,SPY,1322
2013-09-16,182069.18739318848,26.120101928710938,182043.06729125977,SPY,1322
2013-09-17,182881.6396636963,26.120101928710938,182855.51956176758,SPY,1322
2013-09-18,184997.97737121582,26.120101928710938,184971.8572692871,SPY,1322
2013-09-19,184688.05293273926,26.120101928710938,184661.93283081055,SPY,1322
2013-09-20,183396.93644714355,26.120101928710938,183370.81634521484,SPY,1322
2013-09-23,182548.43659973145,26.120101928710938,182522.31649780273,SPY,1322
2013-09-24,182118.77046203613,26.120101928710938,182092.65036010742,SPY,1322
2013-09-25,181592.4193572998,26.120101928710938,181566.2992553711,SPY,1322
2013-09-26,182290.6570892334,26.120101928710938,182264.5369873047,SPY,1322
2013-09-27,181452.80812072754,26.120101928710938,181426.68801879883,SPY,1322
2013-09-30,180486.1198272705,26.120101928710938,180459.9997253418,SPY,1322
2013-10-01,181914.628616333,26.120101928710938,181888.5085144043,SPY,1322
2013-10-02,181742.84284973145,26.120101928710938,181716.72274780273,SPY,1322
2013-10-03,180067.2861175537,26.120101928710938,180041.166015625,SPY,1322
2013-10-04,181431.2844696045,26.120101928710938,181405.16436767578,SPY,1322
2013-10-07,179863.1442718506,26.120101928710938,179837.02416992188,SPY,1322
2013-10-08,177768.65296936035,26.120101928710938,177742.53286743164,SPY,1322
2013-10-09,177897.5729827881,26.120101928710938,177871.45288085938,SPY,1322
2013-10-10,181732.11128234863,26.120101928710938,181705.99118041992,SPY,1322
2013-10-11,182902.82038879395,26.120101928710938,182876.70028686523,SPY,1322
2013-10-14,183633.25282287598,26.120101928710938,183607.13272094727,SPY,1322
2013-10-15,182301.34831237793,26.120101928710938,182275.22821044922,SPY,1322
2013-10-16,184846.94871520996,26.120101928710938,184820.82861328125,SPY,1322
2013-10-17,186082.14808654785,26.120101928710938,186056.02798461914,SPY,1322
2013-10-18,187338.8711090088,26.120101928710938,187312.75100708008,SPY,1322
2013-10-21,187349.68336486816,26.120101928710938,187323.56326293945,SPY,1322
2013-10-22,188434.47941589355,26.120101928710938,188408.35931396484,SPY,1322
2013-10-23,187532.24104309082,26.120101928710938,187506.1209411621,SPY,1322
2013-10-24,188155.17625427246,26.120101928710938,188129.05615234375,SPY,1322
2013-10-25,189014.4681854248,26.120101928710938,188988.3480834961,SPY,1322
2013-10-28,189315.23448181152,26.120101928710938,189289.1143798828,SPY,1322
2013-10-29,190324.9499053955,26.120101928710938,190298.8298034668,SPY,1322
2013-10-30,189379.68440246582,26.120101928710938,189353.5643005371,SPY,1322
2013-10-31,188842.6622467041,26.120101928710938,188816.5421447754,SPY,1322
2013-11-01,189293.79151916504,26.120101928710938,189267.67141723633,SPY,1322
2013-11-04,189959.71351623535,26.120101928710938,189933.59341430664,SPY,1322
2013-11-05,189358.2212677002,26.120101928710938,189332.10116577148,SPY,1322
2013-11-06,190324.9499053955,26.120101928710938,190298.8298034668,SPY,1322
2013-11-07,187918.92039489746,26.120101928710938,187892.80029296875,SPY,1322
2013-11-08,190453.70854187012,26.120101928710938,190427.5884399414,SPY,1322
2013-11-11,190486.0242767334,26.120101928710938,190459.9041748047,SPY,1322
2013-11-12,190099.32475280762,26.120101928710938,190073.2046508789,SPY,1322
2013-11-13,191624.57902526855,26.120101928710938,191598.45892333984,SPY,1322
2013-11-14,192580.51557922363,26.120101928710938,192554.39547729492,SPY,1322
2013-11-15,193418.3242034912,26.120101928710938,193392.2041015625,SPY,1322
2013-11-18,192741.6302947998,26.120101928710938,192715.5101928711,SPY,1322
2013-11-19,192322.6957244873,26.120101928710938,192296.5756225586,SPY,1322
2013-11-20,191721.26399230957,26.120101928710938,191695.14389038086,SPY,1322
2013-11-21,193267.9208831787,26.120101928710938,193241.80078125,SPY,1322
2013-11-22,194234.66969299316,26.120101928710938,194208.54959106445,SPY,1322
2013-11-25,194041.25941467285,26.120101928710938,194015.13931274414,SPY,1322
2013-11-26,194094.93742370605,26.120101928710938,194068.81732177734,SPY,1322
2013-11-27,194567.59034729004,26.120101928710938,194541.47024536133,SPY,1322
2013-11-29,194438.6703338623,26.120101928710938,194412.5502319336,SPY,1322
2013-12-02,193933.8832244873,26.120101928710938,193907.7631225586,SPY,1322
2013-12-03,193096.07460021973,26.120101928710938,193069.95449829102,SPY,1322
2013-12-04,193074.55094909668,26.120101928710938,193048.43084716797,SPY,1322
2013-12-05,192226.03092956543,26.120101928710938,192199.91082763672,SPY,1322
2013-12-06,194374.24058532715,26.120101928710938,194348.12048339844,SPY,1322
2013-12-09,194868.39698791504,26.120101928710938,194842.27688598633,SPY,1322
2013-12-10,194170.15925598145,26.120101928710938,194144.03915405273,SPY,1322
2013-12-11,191989.7548980713,26.120101928710938,191963.63479614258,SPY,1322
2013-12-12,191356.0276031494,26.120101928710938,191329.9075012207,SPY,1322
2013-12-13,191334.60481262207,26.120101928710938,191308.48471069336,SPY,1322
2013-12-16,192526.83757019043,26.120101928710938,192500.71746826172,SPY,1322
2013-12-17,191914.57341003418,26.120101928710938,191888.45330810547,SPY,1322
2013-12-18,195190.62641906738,26.120101928710938,195164.50631713867,SPY,1322
2013-12-19,194965.02143859863,26.120101928710938,194938.90133666992,SPY,1322
2013-12-20,196098.97694396973,26.120101928710938,196072.85684204102,SPY,1322
2013-12-23,197146.49491882324,26.120101928710938,197120.37481689453,SPY,1322
2013-12-24,197578.50102233887,26.120101928710938,197552.38092041016,SPY,1322
2013-12-26,198582.8304901123,26.120101928710938,198556.7103881836,SPY,1322
2013-12-27,198571.97789001465,26.120101928710938,198545.85778808594,SPY,1322
2013-12-30,198539.64198303223,26.120101928710938,198513.52188110352,SPY,1322
2013-12-31,199479.15843200684,26.120101928710938,199453.03833007812,SPY,1322
2014-01-02,197567.66859436035,26.120101928710938,197541.54849243164,SPY,1322
2014-01-03,197535.25199890137,26.120101928710938,197509.13189697266,SPY,1322
2014-01-06,196962.88829040527,26.120101928710938,196936.76818847656,SPY,1322
2014-01-07,198172.44889831543,26.120101928710938,198146.32879638672,SPY,1322
2014-01-08,198215.6374053955,26.120101928710938,198189.5173034668,SPY,1322
2014-01-09,198345.1827545166,26.120101928710938,198319.0626525879,SPY,1322
2014-01-10,198885.15003967285,26.120101928710938,198859.02993774414,SPY,1322
2014-01-13,196239.35472106934,26.120101928710938,196213.23461914062,SPY,1322
2014-01-14,198377.5993499756,26.120101928710938,198351.47924804688,SPY,1322
2014-01-15,199446.7216644287,26.120101928710938,199420.6015625,SPY,1322
2014-01-16,199187.5704498291,26.120101928710938,199161.4503479004,SPY,1322
2014-01-17,198345.1827545166,26.120101928710938,198319.0626525879,SPY,1322
2014-01-21,198928.3183746338,26.120101928710938,198902.19827270508,SPY,1322
2014-01-22,199057.94441223145,26.120101928710938,199031.82431030273,SPY,1322
2014-01-23,197427.21012878418,26.120101928710938,197401.09002685547,SPY,1322
2014-01-24,193215.4733734131,26.120101928710938,193189.35327148438,SPY,1322
2014-01-27,192265.20518493652,26.120101928710938,192239.0850830078,SPY,1322
2014-01-28,193409.85191345215,26.120101928710938,193383.73181152344,SPY,1322
2014-01-29,191552.44352722168,26.120101928710938,191526.32342529297,SPY,1322
2014-01-30,193582.70680236816,26.120101928710938,193556.58670043945,SPY,1322
2014-01-31,192448.7109527588,26.120101928710938,192422.59085083008,SPY,1322
2014-02-03,188118.18058776855,26.120101928710938,188092.06048583984,SPY,1322
2014-02-04,189435.74272155762,26.120101928710938,189409.6226196289,SPY,1322
2014-02-05,189198.11515808105,26.120101928710938,189171.99505615234,SPY,1322
2014-02-06,191692.8213043213,26.120101928710938,191666.70120239258,SPY,1322
2014-02-07,194068.67332458496,26.120101928710938,194042.55322265625,SPY,1322
2014-02-10,194425.05415344238,26.120101928710938,194398.93405151367,SPY,1322
2014-02-11,196552.5066986084,26.120101928710938,196526.3865966797,SPY,1322
2014-02-12,196649.7363128662,26.120101928710938,196623.6162109375,SPY,1322
2014-02-13,197664.85786437988,26.120101928710938,197638.73776245117,SPY,1322
2014-02-14,198755.60469055176,26.120101928710938,198729.48458862305,SPY,1322
2014-02-18,198993.21208190918,26.120101928710938,198967.09197998047,SPY,1322
2014-02-19,197675.62977600098,26.120101928710938,197649.50967407227,SPY,1322
2014-02-20,198842.0220489502,26.120101928710938,198815.90194702148,SPY,1322
2014-02-21,198615.2470855713,26.120101928710938,198589.12698364258,SPY,1322
2014-02-24,199716.76582336426,26.120101928710938,199690.64572143555,SPY,1322
2014-02-25,199641.14054870605,26.120101928710938,199615.02044677734,SPY,1322
2014-02-26,199651.95280456543,26.120101928710938,199625.83270263672,SPY,1322
2014-02-27,200699.39009094238,26.120101928710938,200673.26998901367,SPY,1322
2014-02-28,201207.00129699707,26.120101928710938,201180.88119506836,SPY,1322
2014-03-03,199792.39109802246,26.120101928710938,199766.27099609375,SPY,1322
2014-03-04,202600.18870544434,26.120101928710938,202574.06860351562,SPY,1322
2014-03-05,202783.75498962402,26.120101928710938,202757.6348876953,SPY,1322
2014-03-06,203248.09700012207,26.120101928710938,203221.97689819336,SPY,1322
2014-03-07,203334.47401428223,26.120101928710938,203308.35391235352,SPY,1322
2014-03-10,203226.49266052246,26.120101928710938,203200.37255859375,SPY,1322
2014-03-11,202222.18336486816,26.120101928710938,202196.06326293945,SPY,1322
2014-03-12,202276.18412780762,26.120101928710938,202250.0640258789,SPY,1322
2014-03-13,200008.29328918457,26.120101928710938,199982.17318725586,SPY,1322
2014-03-14,199446.7216644287,26.120101928710938,199420.6015625,SPY,1322
2014-03-17,201250.12928771973,26.120101928710938,201224.00918579102,SPY,1322
2014-03-18,202686.54554748535,26.120101928710938,202660.42544555664,SPY,1322
2014-03-19,201606.5908050537,26.120101928710938,201580.470703125,SPY,1322
2014-03-20,202783.75498962402,26.120101928710938,202757.6348876953,SPY,1322
2014-03-21,201997.3650970459,26.120101928710938,201971.2449951172,SPY,1322
2014-03-24,201162.11833190918,26.120101928710938,201135.99822998047,SPY,1322
2014-03-25,202116.70335388184,26.120101928710938,202090.58325195312,SPY,1322
2014-03-26,200663.16096496582,26.120101928710938,200637.0408630371,SPY,1322
2014-03-27,200240.07093811035,26.120101928710938,200213.95083618164,SPY,1322
2014-03-28,201227.21376037598,26.120101928710938,201201.09365844727,SPY,1322
2014-03-31,202875.92140197754,26.120101928710938,202849.80130004883,SPY,1322
2014-04-01,204220.9983062744,26.120101928710938,204194.8782043457,SPY,1322
2014-04-02,204904.34901428223,26.120101928710938,204878.22891235352,SPY,1322
2014-04-03,204633.1752166748,26.120101928710938,204607.0551147461,SPY,1322
2014-04-04,202214.27589416504,26.120101928710938,202188.15579223633,SPY,1322
2014-04-07,199979.79008483887,26.120101928710938,199953.66998291016,SPY,1322
2014-04-08,200804.14390563965,26.120101928710938,200778.02380371094,SPY,1322
2014-04-09,202962.66151428223,26.120101928710938,202936.54141235352,SPY,1322
2014-04-10,198699.82878112793,26.120101928710938,198673.70867919922,SPY,1322
2014-04-11,196910.07768249512,26.120101928710938,196883.9575805664,SPY,1322
2014-04-14,198461.21278381348,26.120101928710938,198435.09268188477,SPY,1322
2014-04-15,199827.89402770996,26.120101928710938,199801.77392578125,SPY,1322
2014-04-16,201921.41706848145,26.120101928710938,201895.29696655273,SPY,1322
2014-04-17,202203.40312194824,26.120101928710938,202177.28302001953,SPY,1322
2014-04-21,202908.49937438965,26.120101928710938,202882.37927246094,SPY,1322
2014-04-22,203830.4660797119,26.120101928710938,203804.3459777832,SPY,1322
2014-04-23,203353.19374084473,26.120101928710938,203327.07363891602,SPY,1322
2014-04-24,203765.45133972168,26.120101928710938,203739.33123779297,SPY,1322
2014-04-25,202094.91746520996,26.120101928710938,202068.79736328125,SPY,1322
2014-04-28,202734.9384613037,26.120101928710938,202708.818359375,SPY,1322
2014-04-29,203678.6103668213,26.120101928710938,203652.49026489258,SPY,1322
2014-04-30,204286.0937347412,26.120101928710938,204259.9736328125,SPY,1322
2014-05-01,204307.69807434082,26.120101928710938,204281.5779724121,SPY,1322
2014-05-02,204014.85942077637,26.120101928710938,203988.73931884766,SPY,1322
2014-05-05,204405.37147521973,26.120101928710938,204379.25137329102,SPY,1322
2014-05-06,202626.4931488037,26.120101928710938,202600.373046875,SPY,1322
2014-05-07,203819.61347961426,26.120101928710938,203793.49337768555,SPY,1322
2014-05-08,203602.66233825684,26.120101928710938,203576.54223632812,SPY,1322
2014-05-09,203906.41410827637,26.120101928710938,203880.29400634766,SPY,1322
2014-05-12,205891.4111480713,26.120101928710938,205865.29104614258,SPY,1322
2014-05-13,206075.84483337402,26.120101928710938,206049.7247314453,SPY,1322
2014-05-14,205099.55461120605,26.120101928710938,205073.43450927734,SPY,1322
2014-05-15,203298.99125671387,26.120101928710938,203272.87115478516,SPY,1322
2014-05-16,204004.02699279785,26.120101928710938,203977.90689086914,SPY,1322
2014-05-19,204752.47312927246,26.120101928710938,204726.35302734375,SPY,1322
2014-05-20,203461.679397583,26.120101928710938,203435.5592956543,SPY,1322
2014-05-21,205175.5429840088,26.120101928710938,205149.42288208008,SPY,1322
2014-05-22,205674.480178833,26.120101928710938,205648.3600769043,SPY,1322
2014-05-23,206498.87434387207,26.120101928710938,206472.75424194336,SPY,1322
2014-05-27,207767.9628753662,26.120101928710938,207741.8427734375,SPY,1322
2014-05-28,207616.1071624756,26.120101928710938,207589.98706054688,SPY,1322
2014-05-29,208689.92958068848,26.120101928710938,208663.80947875977,SPY,1322
2014-05-30,209026.1988067627,26.120101928710938,209000.07870483398,SPY,1322
2014-06-02,209264.85514831543,26.120101928710938,209238.73504638672,SPY,1322
2014-06-03,209156.32914733887,26.120101928710938,209130.20904541016,SPY,1322
2014-06-04,209579.41917419434,26.120101928710938,209553.29907226562,SPY,1322
2014-06-05,210946.0399017334,26.120101928710938,210919.9197998047,SPY,1322
2014-06-06,211954.88792419434,26.120101928710938,211928.76782226562,SPY,1322
2014-06-09,212171.83906555176,26.120101928710938,212145.71896362305,SPY,1322
2014-06-10,212193.58460998535,26.120101928710938,212167.46450805664,SPY,1322
2014-06-11,211455.95072937012,26.120101928710938,211429.8306274414,SPY,1322
2014-06-12,209959.07862854004,26.120101928710938,209932.95852661133,SPY,1322
2014-06-13,210599.01893615723,26.120101928710938,210572.89883422852,SPY,1322
2014-06-16,210772.53950500488,26.120101928710938,210746.41940307617,SPY,1322
2014-06-17,211358.29750061035,26.120101928710938,211332.17739868164,SPY,1322
2014-06-18,212909.39225769043,26.120101928710938,212883.27215576172,SPY,1322
2014-06-19,213148.02842712402,26.120101928710938,213121.9083251953,SPY,1322
2014-06-20,213580.7002105713,26.120101928710938,213554.58010864258,SPY,1322
2014-06-23,213515.30220031738,26.120101928710938,213489.18209838867,SPY,1322
2014-06-24,212229.26908874512,26.120101928710938,212203.1489868164,SPY,1322
2014-06-25,213188.4331817627,26.120101928710938,213162.31307983398,SPY,1322
2014-06-26,213035.7907562256,26.120101928710938,213009.67065429688,SPY,1322
2014-06-27,213450.00505065918,26.120101928710938,213423.88494873047,SPY,1322
2014-06-30,213340.91423034668,26.120101928710938,213314.79412841797,SPY,1322
2014-07-01,214768.75733947754,26.120101928710938,214742.63723754883,SPY,1322
2014-07-02,214986.73725891113,26.120101928710938,214960.61715698242,SPY,1322
2014-07-03,216043.89750671387,26.120101928710938,216017.77740478516,SPY,1322
2014-07-07,215291.88090515137,26.120101928710938,215265.76080322266,SPY,1322
2014-07-08,213907.71043395996,26.120101928710938,213881.59033203125,SPY,1322
2014-07-09,214866.79383850098,26.120101928710938,214840.67373657227,SPY,1322
2014-07-10,214016.74073791504,26.120101928710938,213990.62063598633,SPY,1322
2014-07-11,214310.9712677002,26.120101928710938,214284.85116577148,SPY,1322
2014-07-14,215389.97792053223,26.120101928710938,215363.85781860352,SPY,1322
2014-07-15,214986.73725891113,26.120101928710938,214960.61715698242,SPY,1322
2014-07-16,215782.34580993652,26.120101928710938,215756.2257080078,SPY,1322
2014-07-17,213330.04145812988,26.120101928710938,213303.92135620117,SPY,1322
2014-07-18,215509.84065246582,26.120101928710938,215483.7205505371,SPY,1322
2014-07-21,215106.62016296387,26.120101928710938,215080.50006103516,SPY,1322
2014-07-22,216043.89750671387,26.120101928710938,216017.77740478516,SPY,1322
2014-07-23,216523.40895080566,26.120101928710938,216497.28884887695,SPY,1322
2014-07-24,216534.36241149902,26.120101928710938,216508.2423095703,SPY,1322
2014-07-25,215520.7537689209,26.120101928710938,215494.6336669922,SPY,1322
2014-07-28,215607.91749572754,26.120101928710938,215581.79739379883,SPY,1322
2014-07-29,214681.53309631348,26.120101928710938,214655.41299438477,SPY,1322
2014-07-30,214714.25227355957,26.120101928710938,214688.13217163086,SPY,1322
2014-07-31,210474.53678894043,26.120101928710938,210448.41668701172,SPY,1322
2014-08-01,209831.46980285645,26.120101928710938,209805.34970092773,SPY,1322
2014-08-04,211346.43629455566,26.120101928710938,211320.31619262695,SPY,1322
2014-08-05,209297.43312072754,26.120101928710938,209271.31301879883,SPY,1322
2014-08-06,209362.83113098145,26.120101928710938,209336.71102905273,SPY,1322
2014-08-07,208229.31941223145,26.120101928710938,208203.19931030273,SPY,1322
2014-08-08,210638.0318145752,26.120101928710938,210611.91171264648,SPY,1322
2014-08-11,211248.4401397705,26.120101928710938,211222.3200378418,SPY,1322
2014-08-12,210954.0885772705,26.120101928710938,210927.9684753418,SPY,1322
2014-08-13,212381.87117004395,26.120101928710938,212355.75106811523,SPY,1322
2014-08-14,213384.566696167,26.120101928710938,213358.44659423828,SPY,1322
2014-08-15,213340.91423034668,26.120101928710938,213314.79412841797,SPY,1322
2014-08-18,215128.36570739746,26.120101928710938,215102.24560546875,SPY,1322
2014-08-19,216250.94413757324,26.120101928710938,216224.82403564453,SPY,1322
2014-08-20,216828.6534576416,26.120101928710938,216802.5333557129,SPY,1322
2014-08-21,217460.78715515137,26.120101928710938,217434.66705322266,SPY,1322
2014-08-22,217122.88398742676,26.120101928710938,217096.76388549805,SPY,1322
2014-08-25,218223.71687316895,26.120101928710938,218197.59677124023,SPY,1322
2014-08-26,218365.3654937744,26.120101928710938,218339.2453918457,SPY,1322
2014-08-27,218278.18159484863,26.120101928710938,218252.06149291992,SPY,1322
2014-08-28,218158.27851867676,26.120101928710938,218132.15841674805,SPY,1322
2014-08-29,218779.55961608887,26.120101928710938,218753.43951416016,SPY,1322
2014-09-02,218670.54948425293,26.120101928710938,218644.42938232422,SPY,1322
2014-09-03,218550.6262359619,26.120101928710938,218524.5061340332,SPY,1322
2014-09-04,218234.62998962402,26.120101928710938,218208.5098876953,SPY,1322
2014-09-05,219215.4992828369,26.120101928710938,219189.3791809082,SPY,1322
2014-09-08,218648.72325134277,26.120101928710938,218622.60314941406,SPY,1322
2014-09-09,217264.63346862793,26.120101928710938,217238.51336669922,SPY,1322
2014-09-10,218082.0279083252,26.120101928710938,218055.90780639648,SPY,1322
2014-09-11,218332.72700500488,26.120101928710938,218306.60690307617,SPY,1322
2014-09-12,217057.506149292,26.120101928710938,217031.38604736328,SPY,1322
2014-09-15,216893.9909515381,26.120101928710938,216867.87084960938,SPY,1322
2014-09-16,218528.80000305176,26.120101928710938,218502.67990112305,SPY,1322
2014-09-17,218823.09104919434,26.120101928710938,218796.97094726562,SPY,1322
2014-09-18,219989.38246154785,26.120101928710938,219963.26235961914,SPY,1322
2014-09-19,219791.1913909912,26.120101928710938,219765.0712890625,SPY,1322
2014-09-22,218093.86894226074,26.120101928710938,218067.74884033203,SPY,1322
2014-09-23,216845.638381958,26.120101928710938,216819.5182800293,SPY,1322
2014-09-24,218542.8196258545,26.120101928710938,218516.69952392578,SPY,1322
2014-09-25,215016.97526550293,26.120101928710938,214990.85516357422,SPY,1322
2014-09-26,216725.15031433105,26.120101928710938,216699.03021240234,SPY,1322
2014-09-29,216331.02745056152,26.120101928710938,216304.9073486328,SPY,1322
2014-09-30,215761.64921569824,26.120101928710938,215735.52911376953,SPY,1322
2014-10-01,212837.90226745605,26.120101928710938,212811.78216552734,SPY,1322
2014-10-02,212870.86351013184,26.120101928710938,212844.74340820312,SPY,1322
2014-10-03,215214.07704162598,26.120101928710938,215187.95693969727,SPY,1322
2014-10-06,214962.22813415527,26.120101928710938,214936.10803222656,SPY,1322
2014-10-07,211644.35832214355,26.120101928710938,211618.23822021484,SPY,1322
2014-10-08,215345.45805358887,26.120101928710938,215319.33795166016,SPY,1322
2014-10-09,211075.0406036377,26.120101928710938,211048.92050170898,SPY,1322
2014-10-10,208666.06596374512,26.120101928710938,208639.9458618164,SPY,1322
2014-10-13,205238.68171691895,26.120101928710938,205212.56161499023,SPY,1322
2014-10-14,205556.21104431152,26.120101928710938,205530.0909423828,SPY,1322
2014-10-15,204165.6258392334,26.120101928710938,204139.5057373047,SPY,1322
2014-10-16,203990.37046813965,26.120101928710938,203964.25036621094,SPY,1322
2014-10-17,206399.3854522705,26.120101928710938,206373.2653503418,SPY,1322
2014-10-20,208403.2434234619,26.120101928710938,208377.1233215332,SPY,1322
2014-10-21,212531.36674499512,26.120101928710938,212505.2466430664,SPY,1322
2014-10-22,211020.2733001709,26.120101928710938,210994.1531982422,SPY,1322
2014-10-23,213473.02143859863,26.120101928710938,213446.90133666992,SPY,1322
2014-10-24,215115.49589538574,26.120101928710938,215089.37579345703,SPY,1322
2014-10-27,214819.85331726074,26.120101928710938,214793.73321533203,SPY,1322
2014-10-28,217283.67594909668,26.120101928710938,217257.55584716797,SPY,1322
2014-10-29,216955.11247253418,26.120101928710938,216928.99237060547,SPY,1322
2014-10-30,218345.77836608887,26.120101928710938,218319.65826416016,SPY,1322
2014-10-31,220842.30000305176,26.120101928710938,220816.17990112305,SPY,1322
2014-11-03,220962.80824279785,26.120101928710938,220936.68814086914,SPY,1322
2014-11-04,220196.28788757324,26.120101928710938,220170.16778564453,SPY,1322
2014-11-05,221586.91343688965,26.120101928710938,221560.79333496094,SPY,1322
2014-11-06,222473.88151550293,26.120101928710938,222447.76141357422,SPY,1322
2014-11-07,222681.9165802002,26.120101928710938,222655.79647827148,SPY,1322
2014-11-10,223382.67582702637,26.120101928710938,223356.55572509766,SPY,1322
2014-11-11,223601.70469665527,26.120101928710938,223575.58459472656,SPY,1322
2014-11-12,223360.82942199707,26.120101928710938,223334.70932006836,SPY,1322
2014-11-13,223612.67832946777,26.120101928710938,223586.55822753906,SPY,1322
2014-11-14,223667.44563293457,26.120101928710938,223641.32553100586,SPY,1322
2014-11-17,223809.75993347168,26.120101928710938,223783.63983154297,SPY,1322
2014-11-18,225101.8850250244,26.120101928710938,225075.7649230957,SPY,1322
2014-11-19,224740.48133850098,26.120101928710938,224714.36123657227,SPY,1322
2014-11-20,225134.7050628662,26.120101928710938,225108.5849609375,SPY,1322
2014-11-21,226339.1621246338,26.120101928710938,226313.04202270508,SPY,1322
2014-11-24,226974.28129577637,26.120101928710938,226948.16119384766,SPY,1322
2014-11-25,226810.01972961426,26.120101928710938,226783.89962768555,SPY,1322
2014-11-26,227390.43211364746,26.120101928710938,227364.31201171875,SPY,1322
2014-11-28,226908.64122009277,26.120101928710938,226882.52111816406,SPY,1322
2014-12-01,225331.76649475098,26.120101928710938,225305.64639282227,SPY,1322
2014-12-02,226788.15315246582,26.120101928710938,226762.0330505371,SPY,1322
2014-12-03,227664.16777038574,26.120101928710938,227638.04766845703,SPY,1322
2014-12-04,227412.2986907959,26.120101928710938,227386.1785888672,SPY,1322
2014-12-05,227784.59532165527,26.120101928710938,227758.47521972656,SPY,1322
2014-12-08,226262.56858825684,26.120101928710938,226236.44848632812,SPY,1322
2014-12-09,226109.24031066895,26.120101928710938,226083.12020874023,SPY,1322
2014-12-10,222484.87532043457,26.120101928710938,222458.75521850586,SPY,1322
2014-12-11,223612.67832946777,26.120101928710938,223586.55822753906,SPY,1322
2014-12-12,219999.1861114502,26.120101928710938,219973.06600952148,SPY,1322
2014-12-15,218488.19352722168,26.120101928710938,218462.07342529297,SPY,1322
2014-12-16,216736.1441192627,26.120101928710938,216710.02401733398,SPY,1322
2014-12-17,220984.65464782715,26.120101928710938,220958.53454589844,SPY,1322
2014-12-18,226448.73707580566,26.120101928710938,226422.61697387695,SPY,1322
2014-12-19,227412.11714172363,26.120101928710938,227385.99703979492,SPY,1322
2014-12-22,228458.10203552246,26.120101928710938,228431.98193359375,SPY,1322
2014-12-23,228766.41270446777,26.120101928710938,228740.29260253906,SPY,1322
2014-12-24,228788.44065856934,26.120101928710938,228762.32055664062,SPY,1322
2014-12-26,229526.05436706543,26.120101928710938,229499.93426513672,SPY,1322
2014-12-29,229834.42555236816,26.120101928710938,229808.30545043945,SPY,1322
2014-12-30,228601.20304870605,26.120101928710938,228575.08294677734,SPY,1322
2014-12-31,226333.1104888916,26.120101928710938,226306.9903869629,SPY,1322
2015-01-02,226211.97691345215,26.120101928710938,226185.85681152344,SPY,1322
2015-01-05,222127.10261535645,26.120101928710938,222100.98251342773,SPY,1322
2015-01-06,220035.1933441162,26.120101928710938,220009.0732421875,SPY,1322
2015-01-07,222776.78605651855,26.120101928710938,222750.66595458984,SPY,1322
2015-01-08,226729.49263000488,26.120101928710938,226703.37252807617,SPY,1322
2015-01-09,224912.77140808105,26.120101928710938,224886.65130615234,SPY,1322
2015-01-12,223151.07972717285,26.120101928710938,223124.95962524414,SPY,1322
2015-01-13,222523.525100708,26.120101928710938,222497.4049987793,SPY,1322
2015-01-14,221180.1628265381,26.120101928710938,221154.04272460938,SPY,1322
2015-01-15,219154.33741760254,26.120101928710938,219128.21731567383,SPY,1322
2015-01-16,222028.05751037598,26.120101928710938,222001.93740844727,SPY,1322
2015-01-20,222501.45680236816,26.120101928710938,222475.33670043945,SPY,1322
2015-01-21,223624.57987976074,26.120101928710938,223598.45977783203,SPY,1322
2015-01-22,226949.65113830566,26.120101928710938,226923.53103637695,SPY,1322
2015-01-23,225705.49534606934,26.120101928710938,225679.37524414062,SPY,1322
2015-01-26,226233.904006958,26.120101928710938,226207.7839050293,SPY,1322
2015-01-27,223250.20552062988,26.120101928710938,223224.08541870117,SPY,1322
2015-01-28,220387.4792327881,26.120101928710938,220361.35913085938,SPY,1322
2015-01-29,222424.39930725098,26.120101928710938,222398.27920532227,SPY,1322
2015-01-30,219627.79722595215,26.120101928710938,219601.67712402344,SPY,1322
2015-02-02,222347.38215637207,26.120101928710938,222321.26205444336,SPY,1322
2015-02-03,225562.39433288574,26.120101928710938,225536.27423095703,SPY,1322
2015-02-04,224703.5461883545,26.120101928710938,224677.42608642578,SPY,1322
2015-02-05,226971.7194366455,26.120101928710938,226945.5993347168,SPY,1322
2015-02-06,226344.10429382324,26.120101928710938,226317.98419189453,SPY,1322
2015-02-09,225331.16133117676,26.120101928710938,225305.04122924805,SPY,1322
2015-02-10,227731.40144348145,26.120101928710938,227705.28134155273,SPY,1322
2015-02-11,227863.52882385254,26.120101928710938,227837.40872192383,SPY,1322
2015-02-12,230054.52354431152,26.120101928710938,230028.4034423828,SPY,1322
2015-02-13,231001.50367736816,26.120101928710938,230975.38357543945,SPY,1322
2015-02-17,231364.76319885254,26.120101928710938,231338.64309692383,SPY,1322
2015-02-18,231386.83149719238,26.120101928710938,231360.71139526367,SPY,1322
2015-02-19,231221.66218566895,26.120101928710938,231195.54208374023,SPY,1322
2015-02-20,232608.99967956543,26.120101928710938,232582.87957763672,SPY,1322
2015-02-23,232575.97792053223,26.120101928710938,232549.85781860352,SPY,1322
2015-02-24,233236.55430603027,26.120101928710938,233210.43420410156,SPY,1322
2015-02-25,233038.38340759277,26.120101928710938,233012.26330566406,SPY,1322
2015-02-26,232763.19535827637,26.120101928710938,232737.07525634766,SPY,1322
2015-02-27,231970.39073181152,26.120101928710938,231944.2706298828,SPY,1322
2015-03-02,233434.7453765869,26.120101928710938,233408.6252746582,SPY,1322
2015-03-03,232476.8521270752,26.120101928710938,232450.73202514648,SPY,1322
2015-03-04,231496.95109558105,26.120101928710938,231470.83099365234,SPY,1322
2015-03-05,231750.19187927246,26.120101928710938,231724.07177734375,SPY,1322
2015-03-06,228491.10362243652,26.120101928710938,228464.9835205078,SPY,1322
2015-03-09,229438.0030670166,26.120101928710938,229411.8829650879,SPY,1322
2015-03-10,225716.48915100098,26.120101928710938,225690.36904907227,SPY,1322
2015-03-11,225187.99980163574,26.120101928710938,225161.87969970703,SPY,1322
2015-03-12,228050.68574523926,26.120101928710938,228024.56564331055,SPY,1322
2015-03-13,226652.41496276855,26.120101928710938,226626.29486083984,SPY,1322
2015-03-16,229680.2097015381,26.120101928710938,229654.08959960938,SPY,1322
2015-03-17,228997.58518981934,26.120101928710938,228971.46508789062,SPY,1322
2015-03-18,231750.19187927246,26.120101928710938,231724.07177734375,SPY,1322
2015-03-19,230693.1728363037,26.120101928710938,230667.052734375,SPY,1322
2015-03-20,232729.26585388184,26.120101928710938,232703.14575195312,SPY,1322
2015-03-23,232275.77644348145,26.120101928710938,232249.65634155273,SPY,1322
2015-03-24,230970.8420562744,26.120101928710938,230944.7219543457,SPY,1322
2015-03-25,227586.5858001709,26.120101928710938,227560.4656982422,SPY,1322
2015-03-26,227044.74250793457,26.120101928710938,227018.62240600586,SPY,1322
2015-03-27,227564.51750183105,26.120101928710938,227538.39739990234,SPY,1322
2015-03-30,230340.40281677246,26.120101928710938,230314.28271484375,SPY,1322
2015-03-31,228327.56825256348,26.120101928710938,228301.44815063477,SPY,1322
2015-04-01,227520.1993560791,26.120101928710938,227494.0792541504,SPY,1322
2015-04-02,228338.62257385254,26.120101928710938,228312.50247192383,SPY,1322
2015-04-06,229875.859085083,26.120101928710938,229849.7389831543,SPY,1322
2015-04-07,229267.60917663574,26.120101928710938,229241.48907470703,SPY,1322
2015-04-08,230041.77476501465,26.120101928710938,230015.65466308594,SPY,1322
2015-04-09,231059.23628234863,26.120101928710938,231033.11618041992,SPY,1322
2015-04-10,232320.0945892334,26.120101928710938,232293.9744873047,SPY,1322
2015-04-13,231269.38941955566,26.120101928710938,231243.26931762695,SPY,1322
2015-04-14,231711.80433654785,26.120101928710938,231685.68423461914,SPY,1322
2015-04-15,232751.3946685791,26.120101928710938,232725.2745666504,SPY,1322
2015-04-16,232685.0082244873,26.120101928710938,232658.8881225586,SPY,1322
2015-04-17,230008.67231750488,26.120101928710938,229982.55221557617,SPY,1322
2015-04-20,232109.98179626465,26.120101928710938,232083.86169433594,SPY,1322
2015-04-21,231833.42204284668,26.120101928710938,231807.30194091797,SPY,1322
2015-04-22,232972.6021270752,26.120101928710938,232946.48202514648,SPY,1322
2015-04-23,233558.74339294434,26.120101928710938,233532.62329101562,SPY,1322
2015-04-24,234100.6068572998,26.120101928710938,234074.4867553711,SPY,1322
2015-04-27,233127.3827972412,26.120101928710938,233101.2626953125,SPY,1322
2015-04-28,233868.4257659912,26.120101928710938,233842.3056640625,SPY,1322
2015-04-29,232906.2156829834,26.120101928710938,232880.0955810547,SPY,1322
2015-04-30,230572.64442443848,26.120101928710938,230546.52432250977,SPY,1322
2015-05-01,233072.1111907959,26.120101928710938,233045.9910888672,SPY,1322
2015-05-04,233735.75373840332,26.120101928710938,233709.6336364746,SPY,1322
2015-05-05,231059.23628234863,26.120101928710938,231033.11618041992,SPY,1322
2015-05-06,230108.1410369873,26.120101928710938,230082.0209350586,SPY,1322
2015-05-07,231026.01280212402,26.120101928710938,230999.8927001953,SPY,1322
2015-05-08,234067.40354919434,26.120101928710938,234041.28344726562,SPY,1322
2015-05-11,232950.47331237793,26.120101928710938,232924.35321044922,SPY,1322
2015-05-12,232253.66780090332,26.120101928710938,232227.5476989746,SPY,1322
2015-05-13,232297.9052581787,26.120101928710938,232271.78515625,SPY,1322
2015-05-14,234720.01194763184,26.120101928710938,234693.89184570312,SPY,1322
2015-05-15,234974.3218536377,26.120101928710938,234948.20175170898,SPY,1322
2015-05-18,235704.27015686035,26.120101928710938,235678.15005493164,SPY,1322
2015-05-19,235626.8899078369,26.120101928710938,235600.7698059082,SPY,1322
2015-05-20,235460.9944000244,26.120101928710938,235434.8742980957,SPY,1322
2015-05-21,236146.74559020996,26.120101928710938,236120.62548828125,SPY,1322
2015-05-22,235582.63227844238,26.120101928710938,235556.51217651367,SPY,1322
2015-05-26,233049.9622039795,26.120101928710938,233023.84210205078,SPY,1322
2015-05-27,235261.8754119873,26.120101928710938,235235.7553100586,SPY,1322
2015-05-28,234996.45066833496,26.120101928710938,234970.33056640625,SPY,1322
2015-05-29,233536.61457824707,26.120101928710938,233510.49447631836,SPY,1322
2015-06-01,234012.13194274902,26.120101928710938,233986.0118408203,SPY,1322
2015-06-02,233779.9911956787,26.120101928710938,233753.87109375,SPY,1322
2015-06-03,234399.21473693848,26.120101928710938,234373.09463500977,SPY,1322
2015-06-04,232419.54313659668,26.120101928710938,232393.42303466797,SPY,1322
2015-06-05,232021.4665374756,26.120101928710938,231995.34643554688,SPY,1322
2015-06-08,230594.77323913574,26.120101928710938,230568.65313720703,SPY,1322
2015-06-09,230561.56993103027,26.120101928710938,230535.44982910156,SPY,1322
2015-06-10,233326.4412689209,26.120101928710938,233300.3211669922,SPY,1322
2015-06-11,234078.49821472168,26.120101928710938,234052.37811279297,SPY,1322
2015-06-12,232286.85093688965,26.120101928710938,232260.73083496094,SPY,1322
2015-06-15,231291.53840637207,26.120101928710938,231265.41830444336,SPY,1322
2015-06-16,232552.31602478027,26.120101928710938,232526.19592285156,SPY,1322
2015-06-17,232928.32432556152,26.120101928710938,232902.2042236328,SPY,1322
2015-06-18,235350.37049865723,26.120101928710938,235324.25039672852,SPY,1322
2015-06-19,234305.75730895996,26.120101928710938,234279.63720703125,SPY,1322
2015-06-22,235505.9177093506,26.120101928710938,235479.79760742188,SPY,1322
2015-06-23,235672.68061828613,26.120101928710938,235646.56051635742,SPY,1322
2015-06-24,233961.13682556152,26.120101928710938,233935.0167236328,SPY,1322
2015-06-25,233249.90824890137,26.120101928710938,233223.78814697266,SPY,1322
2015-06-26,233205.44889831543,26.120101928710938,233179.32879638672,SPY,1322
2015-06-29,228315.6061859131,26.120101928710938,228289.48608398438,SPY,1322
2015-06-30,228793.5442047119,26.120101928710938,228767.4241027832,SPY,1322
2015-07-01,230627.230178833,26.120101928710938,230601.1100769043,SPY,1322
2015-07-02,230416.1491241455,26.120101928710938,230390.0290222168,SPY,1322
2015-07-06,229760.3131866455,26.120101928710938,229734.1930847168,SPY,1322
2015-07-07,231205.12104797363,26.120101928710938,231179.00094604492,SPY,1322
2015-07-08,227326.56718444824,26.120101928710938,227300.44708251953,SPY,1322
2015-07-09,227737.7354888916,26.120101928710938,227711.6153869629,SPY,1322
2015-07-10,230605.00050354004,26.120101928710938,230578.88040161133,SPY,1322
2015-07-13,233149.93522644043,26.120101928710938,233123.81512451172,SPY,1322
2015-07-14,234161.22407531738,26.120101928710938,234135.10397338867,SPY,1322
2015-07-15,234083.44038391113,26.120101928710938,234057.32028198242,SPY,1322
2015-07-16,235961.6462249756,26.120101928710938,235935.52612304688,SPY,1322
2015-07-17,236161.67295837402,26.120101928710938,236135.5528564453,SPY,1322
2015-07-20,236283.89582824707,26.120101928710938,236257.77572631836,SPY,1322
2015-07-21,235350.33015441895,26.120101928710938,235324.21005249023,SPY,1322
2015-07-22,234928.10752868652,26.120101928710938,234901.9874267578,SPY,1322
2015-07-23,233605.5427093506,26.120101928710938,233579.42260742188,SPY,1322
2015-07-24,231182.83085632324,26.120101928710938,231156.71075439453,SPY,1322
2015-07-27,229838.17756652832,26.120101928710938,229812.0574645996,SPY,1322
2015-07-28,232660.9227142334,26.120101928710938,232634.8026123047,SPY,1322
2015-07-29,234261.27778625488,26.120101928710938,234235.15768432617,SPY,1322
2015-07-30,234316.81163024902,26.120101928710938,234290.6915283203,SPY,1322
2015-07-31,233961.13682556152,26.120101928710938,233935.0167236328,SPY,1322
2015-08-03,233172.10438537598,26.120101928710938,233145.98428344727,SPY,1322
2015-08-04,232716.5372467041,26.120101928710938,232690.4171447754,SPY,1322
2015-08-05,233483.36018371582,26.120101928710938,233457.2400817871,SPY,1322
2015-08-06,231571.78965759277,26.120101928710938,231545.66955566406,SPY,1322
2015-08-07,231127.3978729248,26.120101928710938,231101.2777709961,SPY,1322
2015-08-10,234038.9810333252,26.120101928710938,234012.86093139648,SPY,1322
2015-08-11,231927.46446228027,26.120101928710938,231901.34436035156,SPY,1322
2015-08-12,232205.25471496582,26.120101928710938,232179.1346130371,SPY,1322
2015-08-13,231916.36979675293,26.120101928710938,231890.24969482422,SPY,1322
2015-08-14,232760.99659729004,26.120101928710938,232734.87649536133,SPY,1322
2015-08-17,234061.25105285645,26.120101928710938,234035.13095092773,SPY,1322
2015-08-18,233383.20561218262,26.120101928710938,233357.0855102539,SPY,1322
2015-08-19,231538.52583312988,26.120101928710938,231512.40573120117,SPY,1322
2015-08-20,226704.23713684082,26.120101928710938,226678.1170349121,SPY,1322
2015-08-21,219880.6143951416,26.120101928710938,219854.4942932129,SPY,1322
2015-08-24,210623.2859954834,26.120101928710938,210597.1658935547,SPY,1322
2015-08-25,208144.99995422363,26.120101928710938,208118.87985229492,SPY,1322
2015-08-26,216135.41841125488,26.120101928710938,216109.29830932617,SPY,1322
2015-08-27,221480.9291229248,26.120101928710938,221454.8090209961,SPY,1322
2015-08-28,221492.06413269043,26.120101928710938,221465.94403076172,SPY,1322
2015-08-31,219702.87785339355,26.120101928710938,219676.75775146484,SPY,1322
2015-09-01,213146.0313873291,26.120101928710938,213119.9112854004,SPY,1322
2015-09-02,217191.2271270752,26.120101928710938,217165.10702514648,SPY,1322
2015-09-03,217346.7945098877,26.120101928710938,217320.67440795898,SPY,1322
2015-09-04,214057.2463531494,26.120101928710938,214031.1262512207,SPY,1322
2015-09-08,219436.08140563965,26.120101928710938,219409.96130371094,SPY,1322
2015-09-09,216502.228225708,26.120101928710938,216476.1081237793,SPY,1322
2015-09-10,217680.23963928223,26.120101928710938,217654.11953735352,SPY,1322
2015-09-11,218669.2988128662,26.120101928710938,218643.1787109375,SPY,1322
2015-09-14,217857.9963531494,26.120101928710938,217831.8762512207,SPY,1322
2015-09-15,220580.80882263184,26.120101928710938,220554.68872070312,SPY,1322
2015-09-16,222492.25831604004,26.120101928710938,222466.13821411133,SPY,1322
2015-09-17,221992.13096618652,26.120101928710938,221966.0108642578,SPY,1322
2015-09-18,218364.90153503418,26.120101928710938,218338.78143310547,SPY,1322
2015-09-21,219493.2088470459,26.120101928710938,219467.0887451172,SPY,1322
2015-09-22,216644.54252624512,26.120101928710938,216618.4224243164,SPY,1322
2015-09-23,216298.247756958,26.120101928710938,216272.1276550293,SPY,1322
2015-09-24,215516.31590270996,26.120101928710938,215490.19580078125,SPY,1322
2015-09-25,215460.43913269043,26.120101928710938,215434.31903076172,SPY,1322
2015-09-28,210053.605178833,26.120101928710938,210027.4850769043,SPY,1322
2015-09-29,210176.57441711426,26.120101928710938,210150.45431518555,SPY,1322
2015-09-30,214097.57041931152,26.120101928710938,214071.4503173828,SPY,1322
2015-10-01,214656.15657043457,26.120101928710938,214630.03646850586,SPY,1322
2015-10-02,217862.1114654541,26.120101928710938,217835.9913635254,SPY,1322
2015-10-05,221738.54725646973,26.120101928710938,221712.42715454102,SPY,1322
2015-10-06,220978.9257659912,26.120101928710938,220952.8056640625,SPY,1322
2015-10-07,222788.66743469238,26.120101928710938,222762.54733276367,SPY,1322
2015-10-08,224799.44444274902,26.120101928710938,224773.3243408203,SPY,1322
2015-10-09,224933.48817443848,26.120101928710938,224907.36807250977,SPY,1322
2015-10-12,225145.75938415527,26.120101928710938,225119.63928222656,SPY,1322
2015-10-13,223727.11476135254,26.120101928710938,223700.99465942383,SPY,1322
2015-10-14,222654.54301452637,26.120101928710938,222628.42291259766,SPY,1322
2015-10-15,226072.89015197754,26.120101928710938,226046.77005004883,SPY,1322
2015-10-16,227100.69996643066,26.120101928710938,227074.57986450195,SPY,1322
2015-10-19,227212.37281799316,26.120101928710938,227186.25271606445,SPY,1322
2015-10-20,226921.99516296387,26.120101928710938,226895.87506103516,SPY,1322
2015-10-21,225514.38468933105,26.120101928710938,225488.26458740234,SPY,1322
2015-10-22,229323.70783996582,26.120101928710938,229297.5877380371,SPY,1322
2015-10-23,231837.21440124512,26.120101928710938,231811.0942993164,SPY,1322
2015-10-26,231267.5134124756,26.120101928710938,231241.39331054688,SPY,1322
2015-10-27,230820.70097351074,26.120101928710938,230794.58087158203,SPY,1322
2015-10-28,233445.84004211426,26.120101928710938,233419.71994018555,SPY,1322
2015-10-29,233311.85682678223,26.120101928710938,233285.73672485352,SPY,1322
2015-10-30,232306.41789245605,26.120101928710938,232280.29779052734,SPY,1322
2015-11-02,235054.54637145996,26.120101928710938,235028.42626953125,SPY,1322
2015-11-03,235735.96055603027,26.120101928710938,235709.84045410156,SPY,1322
2015-11-04,235021.04048156738,26.120101928710938,234994.92037963867,SPY,1322
2015-11-05,234786.3782196045,26.120101928710938,234760.25811767578,SPY,1322
2015-11-06,234663.5300140381,26.120101928710938,234637.40991210938,SPY,1322
2015-11-09,232474.04820251465,26.120101928710938,232447.92810058594,SPY,1322
2015-11-10,233010.22312927246,26.120101928710938,232984.10302734375,SPY,1322
2015-11-11,232094.14668273926,26.120101928710938,232068.02658081055,SPY,1322
2015-11-12,228854.52452087402,26.120101928710938,228828.4044189453,SPY,1322
2015-11-13,226285.20170593262,26.120101928710938,226259.0816040039,SPY,1322
2015-11-16,229725.96006774902,26.120101928710938,229699.8399658203,SPY,1322
2015-11-17,229558.28941345215,26.120101928710938,229532.16931152344,SPY,1322
2015-11-18,233200.08311462402,26.120101928710938,233173.9630126953,SPY,1322
2015-11-19,232999.00743103027,26.120101928710938,232972.88732910156,SPY,1322
2015-11-20,233847.99140930176,26.120101928710938,233821.87130737305,SPY,1322
2015-11-23,233579.8837738037,26.120101928710938,233553.763671875,SPY,1322
2015-11-24,233892.7533416748,26.120101928710938,233866.6332397461,SPY,1322
2015-11-25,233859.2272796631,26.120101928710938,233833.10717773438,SPY,1322
2015-11-27,234127.29457092285,26.120101928710938,234101.17446899414,SPY,1322
2015-11-30,233155.42204284668,26.120101928710938,233129.30194091797,SPY,1322
2015-12-01,235378.42991638184,26.120101928710938,235352.30981445312,SPY,1322
2015-12-02,232976.65672302246,26.120101928710938,232950.53662109375,SPY,1322
2015-12-03,229714.74436950684,26.120101928710938,229688.62426757812,SPY,1322
2015-12-04,234194.3466949463,26.120101928710938,234168.22659301758,SPY,1322
2015-12-07,232775.56086730957,26.120101928710938,232749.44076538086,SPY,1322
2015-12-08,231211.71733093262,26.120101928710938,231185.5972290039,SPY,1322
2015-12-09,229413.09049987793,26.120101928710938,229386.97039794922,SPY,1322
2015-12-10,230005.24305725098,26.120101928710938,229979.12295532227,SPY,1322
2015-12-11,225547.91075134277,26.120101928710938,225521.79064941406,SPY,1322
2015-12-14,226687.35307312012,26.120101928710938,226661.2329711914,SPY,1322
2015-12-15,229066.79573059082,26.120101928710938,229040.6756286621,SPY,1322
2015-12-16,232418.13108825684,26.120101928710938,232392.01098632812,SPY,1322
2015-12-17,228876.93574523926,26.120101928710938,228850.81564331055,SPY,1322
2015-12-18,224799.86805725098,26.120101928710938,224773.74795532227,SPY,1322
2015-12-21,226654.14976501465,26.120101928710938,226628.02966308594,SPY,1322
2015-12-22,228710.6166229248,26.120101928710938,228684.4965209961,SPY,1322
2015-12-23,231542.4593963623,26.120101928710938,231516.3392944336,SPY,1322
2015-12-24,231160.39945983887,26.120101928710938,231134.27935791016,SPY,1322
2015-12-28,230632.21269226074,26.120101928710938,230606.09259033203,SPY,1322
2015-12-29,233093.23139953613,26.120101928710938,233067.11129760742,SPY,1322
2015-12-30,231441.3567352295,26.120101928710938,231415.23663330078,SPY,1322
2015-12-31,229126.3236541748,26.120101928710938,229100.2035522461,SPY,1322
2016-01-04,225923.6568145752,26.120101928710938,225897.53671264648,SPY,1322
2016-01-05,226305.7570953369,26.120101928710938,226279.6369934082,SPY,1322
2016-01-06,223451.38206481934,26.120101928710938,223425.26196289062,SPY,1322
2016-01-07,218091.0246734619,26.120101928710938,218064.9045715332,SPY,1322
2016-01-08,215697.54222106934,26.120101928710938,215671.42211914062,SPY,1322
2016-01-11,215910.90272521973,26.120101928710938,215884.78262329102,SPY,1322
2016-01-12,217652.84590148926,26.120101928710938,217626.72579956055,SPY,1322
2016-01-13,212225.1338043213,26.120101928710938,212199.01370239258,SPY,1322
2016-01-14,215708.75791931152,26.120101928710938,215682.6378173828,SPY,1322
2016-01-15,211078.83296203613,26.120101928710938,211052.71286010742,SPY,1322
2016-01-19,211359.74989318848,26.120101928710938,211333.62979125977,SPY,1322
2016-01-20,208651.52186584473,26.120101928710938,208625.40176391602,SPY,1322
2016-01-21,209820.23393249512,26.120101928710938,209794.1138305664,SPY,1322
2016-01-22,214124.2177886963,26.120101928710938,214098.09768676758,SPY,1322
2016-01-25,210887.78282165527,26.120101928710938,210861.66271972656,SPY,1322
2016-01-26,213764.6699371338,26.120101928710938,213738.54983520508,SPY,1322
2016-01-27,211438.4615020752,26.120101928710938,211412.34140014648,SPY,1322
2016-01-28,212539.71800231934,26.120101928710938,212513.59790039062,SPY,1322
2016-01-29,217720.26112365723,26.120101928710938,217694.14102172852,SPY,1322
2016-02-01,217641.63020324707,26.120101928710938,217615.51010131836,SPY,1322
2016-02-02,213719.70628356934,26.120101928710938,213693.58618164062,SPY,1322
2016-02-03,215000.7165374756,26.120101928710938,214974.59643554688,SPY,1322
2016-02-04,215337.89350891113,26.120101928710938,215311.77340698242,SPY,1322
2016-02-05,211236.2158355713,26.120101928710938,211210.09573364258,SPY,1322
2016-02-08,208393.09684753418,26.120101928710938,208366.97674560547,SPY,1322
2016-02-09,208404.3327178955,26.120101928710938,208378.2126159668,SPY,1322
2016-02-10,208224.49827575684,26.120101928710938,208198.37817382812,SPY,1322
2016-02-11,205516.29042053223,26.120101928710938,205490.17031860352,SPY,1322
2016-02-12,209752.7380218506,26.120101928710938,209726.61791992188,SPY,1322
2016-02-16,213292.68269348145,26.120101928710938,213266.56259155273,SPY,1322
2016-02-17,216776.28663635254,26.120101928710938,216750.16653442383,SPY,1322
2016-02-18,215888.4915008545,26.120101928710938,215862.37139892578,SPY,1322
2016-02-19,215787.36866760254,26.120101928710938,215761.24856567383,SPY,1322
2016-02-22,218911.48527526855,26.120101928710938,218885.36517333984,SPY,1322
2016-02-23,216146.95686340332,26.120101928710938,216120.8367614746,SPY,1322
2016-02-24,217135.93534851074,26.120101928710938,217109.81524658203,SPY,1322
2016-02-25,219765.45176696777,26.120101928710938,219739.33166503906,SPY,1322
2016-02-26,219259.7770843506,26.120101928710938,219233.65698242188,SPY,1322
2016-02-29,217540.60823059082,26.120101928710938,217514.4881286621,SPY,1322
2016-03-01,222653.57475280762,26.120101928710938,222627.4546508789,SPY,1322
2016-03-02,223653.66807556152,26.120101928710938,223627.5479736328,SPY,1322
2016-03-03,224530.2071685791,26.120101928710938,224504.0870666504,SPY,1322
2016-03-04,225260.6799468994,26.120101928710938,225234.5598449707,SPY,1322
2016-03-07,225440.41352844238,26.120101928710938,225414.29342651367,SPY,1322
2016-03-08,222979.4553375244,26.120101928710938,222953.3352355957,SPY,1322
2016-03-09,224080.75218200684,26.120101928710938,224054.63208007812,SPY,1322
2016-03-10,224260.50593566895,26.120101928710938,224234.38583374023,SPY,1322
2016-03-11,227878.92015075684,26.120101928710938,227852.80004882812,SPY,1322
2016-03-14,227586.86820983887,26.120101928710938,227560.74810791016,SPY,1322
2016-03-15,227215.98362731934,26.120101928710938,227189.86352539062,SPY,1322
2016-03-16,228530.78218078613,26.120101928710938,228504.66207885742,SPY,1322
2016-03-17,229980.431350708,26.120101928710938,229954.3112487793,SPY,1322
2016-03-18,230884.10194396973,26.120101928710938,230857.98184204102,SPY,1322
2016-03-21,231211.6568145752,26.120101928710938,231185.53671264648,SPY,1322
2016-03-22,231087.3763885498,26.120101928710938,231061.2562866211,SPY,1322
2016-03-23,229562.46504211426,26.120101928710938,229536.34494018555,SPY,1322
2016-03-24,229460.75721740723,26.120101928710938,229434.63711547852,SPY,1322
2016-03-28,229596.41471862793,26.120101928710938,229570.29461669922,SPY,1322
2016-03-29,231719.89335632324,26.120101928710938,231693.77325439453,SPY,1322
2016-03-30,232736.5479888916,26.120101928710938,232710.4278869629,SPY,1322
2016-03-31,232171.76899719238,26.120101928710938,232145.64889526367,SPY,1322
2016-04-01,233753.16227722168,26.120101928710938,233727.04217529297,SPY,1322
2016-04-04,232996.32453918457,26.120101928710938,232970.20443725586,SPY,1322
2016-04-05,230669.4302520752,26.120101928710938,230643.31015014648,SPY,1322
2016-04-06,233188.34294128418,26.120101928710938,233162.22283935547,SPY,1322
2016-04-07,230398.37748718262,26.120101928710938,230372.2573852539,SPY,1322
2016-04-08,231019.6384124756,26.120101928710938,230993.51831054688,SPY,1322
2016-04-11,230477.472366333,26.120101928710938,230451.3522644043,SPY,1322
2016-04-12,232623.54377746582,26.120101928710938,232597.4236755371,SPY,1322
2016-04-13,234973.01066589355,26.120101928710938,234946.89056396484,SPY,1322
2016-04-14,234984.26670837402,26.120101928710938,234958.1466064453,SPY,1322
2016-04-15,234724.53050231934,26.120101928710938,234698.41040039062,SPY,1322
2016-04-18,236373.66175842285,26.120101928710938,236347.54165649414,SPY,1322
2016-04-19,237119.16276550293,26.120101928710938,237093.04266357422,SPY,1322
2016-04-20,237345.15101623535,26.120101928710938,237319.03091430664,SPY,1322
2016-04-21,236068.7601776123,26.120101928710938,236042.6400756836,SPY,1322
2016-04-22,236068.7601776123,26.120101928710938,236042.6400756836,SPY,1322
2016-04-25,235662.1305999756,26.120101928710938,235636.01049804688,SPY,1322
2016-04-26,236012.23789978027,26.120101928710938,235986.11779785156,SPY,1322
2016-04-27,236497.96235656738,26.120101928710938,236471.84225463867,SPY,1322
2016-04-28,234351.76991271973,26.120101928710938,234325.64981079102,SPY,1322
2016-04-29,233086.73597717285,26.120101928710938,233060.61587524414,SPY,1322
2016-05-02,234939.18202209473,26.120101928710938,234913.06192016602,SPY,1322
2016-05-03,232894.71757507324,26.120101928710938,232868.59747314453,SPY,1322
2016-05-04,231595.65327453613,26.120101928710938,231569.53317260742,SPY,1322
2016-05-05,231550.5080718994,26.120101928710938,231524.3879699707,SPY,1322
2016-05-06,232397.6563873291,26.120101928710938,232371.5362854004,SPY,1322
2016-05-09,232589.69496154785,26.120101928710938,232563.57485961914,SPY,1322
2016-05-10,235481.30772399902,26.120101928710938,235455.1876220703,SPY,1322
2016-05-11,233278.79472351074,26.120101928710938,233252.67462158203,SPY,1322
2016-05-12,233346.4520111084,26.120101928710938,233320.3319091797,SPY,1322
2016-05-13,231313.3041229248,26.120101928710938,231287.1840209961,SPY,1322
2016-05-16,233594.9725189209,26.120101928710938,233568.8524169922,SPY,1322
2016-05-17,231414.91108703613,26.120101928710938,231388.79098510742,SPY,1322
2016-05-18,231482.7700958252,26.120101928710938,231456.64999389648,SPY,1322
2016-05-19,230680.78715515137,26.120101928710938,230654.66705322266,SPY,1322
2016-05-20,232137.87983703613,26.120101928710938,232111.75973510742,SPY,1322
2016-05-23,231821.58100891113,26.120101928710938,231795.46090698242,SPY,1322
2016-05-24,234826.17781066895,26.120101928710938,234800.05770874023,SPY,1322
2016-05-25,236418.90782165527,26.120101928710938,236392.78771972656,SPY,1322
2016-05-26,236486.62562561035,26.120101928710938,236460.50552368164,SPY,1322
2016-05-27,237503.23991394043,26.120101928710938,237477.11981201172,SPY,1322
2016-05-31,237051.3642730713,26.120101928710938,237025.24417114258,SPY,1322
2016-06-01,237537.12907409668,26.120101928710938,237511.00897216797,SPY,1322
2016-06-02,238260.09782409668,26.120101928710938,238233.97772216797,SPY,1322
2016-06-03,237548.4658050537,26.120101928710938,237522.345703125,SPY,1322
2016-06-06,238757.05815124512,26.120101928710938,238730.9380493164,SPY,1322
2016-06-07,239129.77839660645,26.120101928710938,239103.65829467773,SPY,1322
2016-06-08,239909.24925231934,26.120101928710938,239883.12915039062,SPY,1322
2016-06-09,239581.6136932373,26.120101928710938,239555.4935913086,SPY,1322
2016-06-10,237311.22151184082,26.120101928710938,237285.1014099121,SPY,1322
2016-06-13,235481.30772399902,26.120101928710938,235455.1876220703,SPY,1322
2016-06-14,235018.2163848877,26.120101928710938,234992.09628295898,SPY,1322
2016-06-15,234690.78254699707,26.120101928710938,234664.66244506836,SPY,1322
2016-06-16,235390.99714660645,26.120101928710938,235364.87704467773,SPY,1322
2016-06-17,234514.43788146973,26.120101928710938,234488.31777954102,SPY,1322
2016-06-20,236024.62358093262,26.120101928710938,235998.5034790039,SPY,1322
2016-06-21,236694.3984527588,26.120101928710938,236668.27835083008,SPY,1322
2016-06-22,236308.40495300293,26.120101928710938,236282.28485107422,SPY,1322
2016-06-23,239385.4196624756,26.120101928710938,239359.29956054688,SPY,1322
2016-06-24,230790.26124572754,26.120101928710938,230764.14114379883,SPY,1322
2016-06-27,226657.27644348145,26.120101928710938,226631.15634155273,SPY,1322
2016-06-28,230744.83363342285,26.120101928710938,230718.71353149414,SPY,1322
2016-06-29,234673.39418029785,26.120101928710938,234647.27407836914,SPY,1322
2016-06-30,237875.3348236084,26.120101928710938,237849.2147216797,SPY,1322
2016-07-01,238374.8570098877,26.120101928710938,238348.73690795898,SPY,1322
2016-07-05,236660.40843200684,26.120101928710938,236634.28833007812,SPY,1322
2016-07-06,238079.69856262207,26.120101928710938,238053.57846069336,SPY,1322
2016-07-07,237932.1395111084,26.120101928710938,237906.0194091797,SPY,1322
2016-07-08,241474.52500915527,26.120101928710938,241448.40490722656,SPY,1322
2016-07-11,242326.17170715332,26.120101928710938,242300.0516052246,SPY,1322
2016-07-12,244086.08824157715,26.120101928710938,244059.96813964844,SPY,1322
2016-07-13,244052.0578765869,26.120101928710938,244025.9377746582,SPY,1322
2016-07-14,245414.50297546387,26.120101928710938,245388.38287353516,SPY,1322
2016-07-15,245085.2133026123,26.120101928710938,245059.0932006836,SPY,1322
2016-07-18,245743.7724761963,26.120101928710938,245717.65237426758,SPY,1322
2016-07-19,245494.00129699707,26.120101928710938,245467.88119506836,SPY,1322
2016-07-20,246515.92085266113,26.120101928710938,246489.80075073242,SPY,1322
2016-07-21,245584.8766937256,26.120101928710938,245558.75659179688,SPY,1322
2016-07-22,246686.2138824463,26.120101928710938,246660.09378051758,SPY,1322
2016-07-25,246016.29780578613,26.120101928710938,245990.17770385742,SPY,1322
2016-07-26,246129.8466644287,26.120101928710938,246103.7265625,SPY,1322
2016-07-27,245868.71858215332,26.120101928710938,245842.5984802246,SPY,1322
2016-07-28,246152.52012634277,26.120101928710938,246126.40002441406,SPY,1322
2016-07-29,246549.8705291748,26.120101928710938,246523.7504272461,SPY,1322
2016-08-01,246345.56730651855,26.120101928710938,246319.44720458984,SPY,1322
2016-08-02,244767.30070495605,26.120101928710938,244741.18060302734,SPY,1322
2016-08-03,245482.66456604004,26.120101928710938,245456.54446411133,SPY,1322
2016-08-04,245743.7724761963,26.120101928710938,245717.65237426758,SPY,1322
2016-08-05,247753.52070617676,26.120101928710938,247727.40060424805,SPY,1322
2016-08-08,247605.90113830566,26.120101928710938,247579.78103637695,SPY,1322
2016-08-09,247753.52070617676,26.120101928710938,247727.40060424805,SPY,1322
2016-08-10,247140.36897277832,26.120101928710938,247114.2488708496,SPY,1322
2016-08-11,248287.19429016113,26.120101928710938,248261.07418823242,SPY,1322
2016-08-12,248071.49382019043,26.120101928710938,248045.37371826172,SPY,1322
2016-08-15,248786.71647644043,26.120101928710938,248760.59637451172,SPY,1322
2016-08-16,247503.7293548584,26.120101928710938,247477.6092529297,SPY,1322
2016-08-17,247969.2413482666,26.120101928710938,247943.1212463379,SPY,1322
2016-08-18,248525.5682220459,26.120101928710938,248499.4481201172,SPY,1322
2016-08-19,248162.20783996582,26.120101928710938,248136.0877380371,SPY,1322
2016-08-22,248150.8307647705,26.120101928710938,248124.7106628418,SPY,1322
2016-08-23,248650.51432800293,26.120101928710938,248624.39422607422,SPY,1322
2016-08-24,247378.82359313965,26.120101928710938,247352.70349121094,SPY,1322
2016-08-25,247208.47004699707,26.120101928710938,247182.34994506836,SPY,1322
2016-08-26,246742.9177093506,26.120101928710938,246716.79760742188,SPY,1322
2016-08-29,247957.8642730713,26.120101928710938,247931.74417114258,SPY,1322
2016-08-30,247549.2174835205,26.120101928710938,247523.0973815918,SPY,1322
2016-08-31,246845.15000915527,26.120101928710938,246819.02990722656,SPY,1322
2016-09-01,246856.50691223145,26.120101928710938,246830.38681030273,SPY,1322
2016-09-02,247969.2413482666,26.120101928710938,247943.1212463379,SPY,1322
2016-09-06,248718.61540222168,26.120101928710938,248692.49530029297,SPY,1322
2016-09-07,248695.94194030762,26.120101928710938,248669.8218383789,SPY,1322
2016-09-08,248128.237991333,26.120101928710938,248102.1178894043,SPY,1322
2016-09-09,242189.94938659668,26.120101928710938,242163.82928466797,SPY,1322
2016-09-12,245664.3346710205,26.120101928710938,245638.2145690918,SPY,1322
2016-09-13,242133.18504333496,26.120101928710938,242107.06494140625,SPY,1322
2016-09-14,242042.34999084473,26.120101928710938,242016.22988891602,SPY,1322
2016-09-15,244460.76518249512,26.120101928710938,244434.6450805664,SPY,1322
2016-09-16,243515.84260559082,26.120101928710938,243489.7225036621,SPY,1322
2016-09-19,243561.59297180176,26.120101928710938,243535.47286987305,SPY,1322
2016-09-20,243572.94987487793,26.120101928710938,243546.82977294922,SPY,1322
2016-09-21,246311.75883483887,26.120101928710938,246285.63873291016,SPY,1322
2016-09-22,247863.66047668457,26.120101928710938,247837.54037475586,SPY,1322
2016-09-23,246505.65324401855,26.120101928710938,246479.53314208984,SPY,1322
2016-09-26,244508.6739654541,26.120101928710938,244482.5538635254,SPY,1322
2016-09-27,246026.5048980713,26.120101928710938,246000.38479614258,SPY,1322
2016-09-28,247247.48292541504,26.120101928710938,247221.36282348633,SPY,1322
2016-09-29,245010.81852722168,26.120101928710938,244984.69842529297,SPY,1322
2016-09-30,246859.47221374512,26.120101928710938,246833.3521118164,SPY,1322
2016-10-03,246266.12950134277,26.120101928710938,246240.00939941406,SPY,1322
2016-10-04,245010.81852722168,26.120101928710938,244984.69842529297,SPY,1322
2016-10-05,246094.90855407715,26.120101928710938,246068.78845214844,SPY,1322
2016-10-06,246266.12950134277,26.120101928710938,246240.00939941406,SPY,1322
2016-10-07,245421.5632171631,26.120101928710938,245395.44311523438,SPY,1322
2016-10-10,246699.7292022705,26.120101928710938,246673.6091003418,SPY,1322
2016-10-11,243584.4076385498,26.120101928710938,243558.2875366211,SPY,1322
2016-10-12,243903.9340057373,26.120101928710938,243877.8139038086,SPY,1322
2016-10-13,243105.11808776855,26.120101928710938,243078.99798583984,SPY,1322
2016-10-14,243230.5684967041,26.120101928710938,243204.4483947754,SPY,1322
2016-10-17,242386.12324523926,26.120101928710938,242360.00314331055,SPY,1322
2016-10-18,243903.9340057373,26.120101928710938,243877.8139038086,SPY,1322
2016-10-19,244554.34364318848,26.120101928710938,244528.22354125977,SPY,1322
2016-10-20,244097.86875915527,26.120101928710938,244071.74865722656,SPY,1322
2016-10-21,244211.9420928955,26.120101928710938,244185.8219909668,SPY,1322
2016-10-24,245250.48347473145,26.120101928710938,245224.36337280273,SPY,1322
2016-10-25,244428.8327178955,26.120101928710938,244402.7126159668,SPY,1322
2016-10-26,243938.12574768066,26.120101928710938,243912.00564575195,SPY,1322
2016-10-27,243287.5749053955,26.120101928710938,243261.4548034668,SPY,1322
2016-10-28,242568.6809234619,26.120101928710938,242542.5608215332,SPY,1322
2016-10-31,242580.15885925293,26.120101928710938,242554.03875732422,SPY,1322
2016-11-01,240822.70332336426,26.120101928710938,240796.58322143555,SPY,1322
2016-11-02,239373.53828430176,26.120101928710938,239347.41818237305,SPY,1322
2016-11-03,238277.9904937744,26.120101928710938,238251.8703918457,SPY,1322
2016-11-04,238015.47053527832,26.120101928710938,237989.3504333496,SPY,1322
2016-11-07,243264.80058288574,26.120101928710938,243238.68048095703,SPY,1322
2016-11-08,244360.36854553223,26.120101928710938,244334.24844360352,SPY,1322
2016-11-09,246950.81156921387,26.120101928710938,246924.69146728516,SPY,1322
2016-11-10,247567.06980895996,26.120101928710938,247540.94970703125,SPY,1322
2016-11-11,246996.44090270996,26.120101928710938,246970.32080078125,SPY,1322
2016-11-14,247190.4563446045,26.120101928710938,247164.33624267578,SPY,1322
2016-11-15,249119.01179504395,26.120101928710938,249092.89169311523,SPY,1322
2016-11-16,248651.099319458,26.120101928710938,248624.9792175293,SPY,1322
2016-11-17,249929.2451324463,26.120101928710938,249903.12503051758,SPY,1322
2016-11-18,249370.03364562988,26.120101928710938,249343.91354370117,SPY,1322
2016-11-21,251252.89924621582,26.120101928710938,251226.7791442871,SPY,1322
2016-11-22,251743.64656066895,26.120101928710938,251717.52645874023,SPY,1322
2016-11-23,251880.63542175293,26.120101928710938,251854.51531982422,SPY,1322
2016-11-25,252816.39985656738,26.120101928710938,252790.27975463867,SPY,1322
2016-11-28,251629.5732269287,26.120101928710938,251603.453125,SPY,1322
2016-11-29,252120.23985290527,26.120101928710938,252094.11975097656,SPY,1322
2016-11-30,251515.39903259277,26.120101928710938,251489.27893066406,SPY,1322
2016-12-01,250591.11253356934,26.120101928710938,250564.99243164062,SPY,1322
2016-12-02,250716.60328674316,26.120101928710938,250690.48318481445,SPY,1322
2016-12-05,252222.9361114502,26.120101928710938,252196.81600952148,SPY,1322
2016-12-06,253021.69151306152,26.120101928710938,252995.5714111328,SPY,1322
2016-12-07,256331.16972351074,26.120101928710938,256305.04962158203,SPY,1322
2016-12-08,256958.76469421387,26.120101928710938,256932.64459228516,SPY,1322
2016-12-09,258510.74702453613,26.120101928710938,258484.62692260742,SPY,1322
2016-12-12,258214.05549621582,26.120101928710938,258187.9353942871,SPY,1322
2016-12-13,259937.17808532715,26.120101928710938,259911.05798339844,SPY,1322
2016-12-14,257791.79252624512,26.120101928710938,257765.6724243164,SPY,1322
2016-12-15,258853.08805847168,26.120101928710938,258826.96795654297,SPY,1322
2016-12-16,258346.92924499512,26.120101928710938,258320.8091430664,SPY,1322
2016-12-19,258909.32792663574,26.120101928710938,258883.20782470703,SPY,1322
2016-12-20,259907.98902893066,26.120101928710938,259881.86892700195,SPY,1322
2016-12-21,259184.87907409668,26.120101928710938,259158.75897216797,SPY,1322
2016-12-22,258737.1992340088,26.120101928710938,258711.07913208008,SPY,1322
2016-12-23,259115.95094299316,26.120101928710938,259089.83084106445,SPY,1322
2016-12-27,259758.85655212402,26.120101928710938,259732.7364501953,SPY,1322
2016-12-28,257612.2404937744,26.120101928710938,257586.1203918457,SPY,1322
2016-12-29,257554.87098693848,26.120101928710938,257528.75088500977,SPY,1322
2016-12-30,256613.5793914795,26.120101928710938,256587.45928955078,SPY,1322
2017-01-03,258576.427444458,26.120101928710938,258550.3073425293,SPY,1322
2017-01-04,260114.65238952637,26.120101928710938,260088.53228759766,SPY,1322
2017-01-05,259907.98902893066,26.120101928710938,259881.86892700195,SPY,1322
2017-01-06,260837.82286071777,26.120101928710938,260811.70275878906,SPY,1322
2017-01-09,259976.89698791504,26.120101928710938,259950.77688598633,SPY,1322
2017-01-10,259976.89698791504,26.120101928710938,259950.77688598633,SPY,1322
2017-01-11,260711.52522277832,26.120101928710938,260685.4051208496,SPY,1322
2017-01-12,260057.2627105713,26.120101928710938,260031.14260864258,SPY,1322
2017-01-13,260654.09519958496,26.120101928710938,260627.97509765625,SPY,1322
2017-01-17,259735.8603363037,26.120101928710938,259709.740234375,SPY,1322
2017-01-18,260309.8176422119,26.120101928710938,260283.6975402832,SPY,1322
2017-01-19,259345.52983093262,26.120101928710938,259319.4097290039,SPY,1322
2017-01-20,260298.29936218262,26.120101928710938,260272.1792602539,SPY,1322
2017-01-23,259621.04063415527,26.120101928710938,259594.92053222656,SPY,1322
2017-01-24,261285.54304504395,26.120101928710938,261259.42294311523,SPY,1322
2017-01-25,263546.81742858887,26.120101928710938,263520.69732666016,SPY,1322
2017-01-26,263271.32679748535,26.120101928710938,263245.20669555664,SPY,1322
2017-01-27,262858.14128112793,26.120101928710938,262832.0211791992,SPY,1322
2017-01-30,261228.05250549316,26.120101928710938,261201.93240356445,SPY,1322
2017-01-31,261205.1369781494,26.120101928710938,261179.0168762207,SPY,1322
2017-02-01,261308.4585723877,26.120101928710938,261282.33847045898,SPY,1322
2017-02-02,261480.6074371338,26.120101928710938,261454.48733520508,SPY,1322
2017-02-03,263282.8652496338,26.120101928710938,263256.7451477051,SPY,1322
2017-02-06,262812.22953796387,26.120101928710938,262786.10943603516,SPY,1322
2017-02-07,262823.68730163574,26.120101928710938,262797.56719970703,SPY,1322
2017-02-08,263168.0253753662,26.120101928710938,263141.9052734375,SPY,1322
2017-02-09,264729.1658477783,26.120101928710938,264703.0457458496,SPY,1322
2017-02-10,265773.6781768799,26.120101928710938,265747.5580749512,SPY,1322
2017-02-13,267220.059463501,26.120101928710938,267193.93936157227,SPY,1322
2017-02-14,268287.6285247803,26.120101928710938,268261.50842285156,SPY,1322
2017-02-15,269688.0375518799,26.120101928710938,269661.9174499512,SPY,1322
2017-02-16,269458.41831970215,26.120101928710938,269432.29821777344,SPY,1322
2017-02-17,269883.16246032715,26.120101928710938,269857.04235839844,SPY,1322
2017-02-21,271490.2550201416,26.120101928710938,271464.1349182129,SPY,1322
2017-02-22,271249.15785217285,26.120101928710938,271223.03775024414,SPY,1322
2017-02-23,271432.9056854248,26.120101928710938,271406.7855834961,SPY,1322
2017-02-24,271777.18324279785,26.120101928710938,271751.06314086914,SPY,1322
2017-02-27,272201.8466949463,26.120101928710938,272175.7265930176,SPY,1322
2017-02-28,271467.2588043213,26.120101928710938,271441.1387023926,SPY,1322
2017-03-01,275266.677444458,26.120101928710938,275240.5573425293,SPY,1322
2017-03-02,273533.50914001465,26.120101928710938,273507.38903808594,SPY,1322
2017-03-03,273705.61766052246,26.120101928710938,273679.49755859375,SPY,1322
2017-03-06,272890.64387512207,26.120101928710938,272864.52377319336,SPY,1322
2017-03-07,272075.64991760254,26.120101928710938,272049.5298156738,SPY,1322
2017-03-08,271570.56022644043,26.120101928710938,271544.4401245117,SPY,1322
2017-03-09,271914.9588165283,26.120101928710938,271888.8387145996,SPY,1322
2017-03-10,272867.6678314209,26.120101928710938,272841.5477294922,SPY,1322
2017-03-13,273005.52409362793,26.120101928710938,272979.4039916992,SPY,1322
2017-03-14,271960.81004333496,26.120101928710938,271934.68994140625,SPY,1322
2017-03-15,274313.98860168457,26.120101928710938,274287.86849975586,SPY,1322
2017-03-16,273774.5054473877,26.120101928710938,273748.385345459,SPY,1322
2017-03-17,273293.7433319092,26.120101928710938,273267.62322998047,SPY,1322
2017-03-20,272994.0259857178,26.120101928710938,272967.90588378906,SPY,1322
2017-03-21,269489.26148986816,26.120101928710938,269463.14138793945,SPY,1322
2017-03-22,270123.39222717285,26.120101928710938,270097.27212524414,SPY,1322
2017-03-23,269835.0721282959,26.120101928710938,269808.9520263672,SPY,1322
2017-03-24,269639.12016296387,26.120101928710938,269613.00006103516,SPY,1322
2017-03-27,269362.43937683105,26.120101928710938,269336.31927490234,SPY,1322
2017-03-28,271322.40281677246,26.120101928710938,271296.28271484375,SPY,1322
2017-03-29,271575.946182251,26.120101928710938,271549.82608032227,SPY,1322
2017-03-30,272440.6038970947,26.120101928710938,272414.483795166,SPY,1322
2017-03-31,271806.5538482666,26.120101928710938,271780.4337463379,SPY,1322
2017-04-03,271333.92109680176,26.120101928710938,271307.80099487305,SPY,1322
2017-04-04,271506.81632995605,26.120101928710938,271480.69622802734,SPY,1322
2017-04-05,270699.72984313965,26.120101928710938,270673.60974121094,SPY,1322
2017-04-06,271460.6625213623,26.120101928710938,271434.5424194336,SPY,1322
2017-04-07,271183.96156311035,26.120101928710938,271157.84146118164,SPY,1322
2017-04-10,271345.3586883545,26.120101928710938,271319.2385864258,SPY,1322
2017-04-11,271022.58460998535,26.120101928710938,270996.46450805664,SPY,1322
2017-04-12,269835.0721282959,26.120101928710938,269808.9520263672,SPY,1322
2017-04-13,268082.69996643066,26.120101928710938,268056.57986450195,SPY,1322
2017-04-17,270457.70475769043,26.120101928710938,270431.5846557617,SPY,1322
2017-04-18,269650.63844299316,26.120101928710938,269624.51834106445,SPY,1322
2017-04-19,269154.8480987549,26.120101928710938,269128.7279968262,SPY,1322
2017-04-20,271345.3586883545,26.120101928710938,271319.2385864258,SPY,1322
2017-04-21,270480.7211456299,26.120101928710938,270454.6010437012,SPY,1322
2017-04-24,273455.1808013916,26.120101928710938,273429.0606994629,SPY,1322
2017-04-25,275046.1154937744,26.120101928710938,275019.9953918457,SPY,1322
2017-04-26,274873.1597442627,26.120101928710938,274847.039642334,SPY,1322
2017-04-27,275103.7674102783,26.120101928710938,275077.6473083496,SPY,1322
2017-04-28,274504.25202941895,26.120101928710938,274478.13192749023,SPY,1322
2017-05-01,275195.99433898926,26.120101928710938,275169.87423706055,SPY,1322
2017-05-02,275299.8000640869,26.120101928710938,275273.6799621582,SPY,1322
2017-05-03,274965.4673614502,26.120101928710938,274939.3472595215,SPY,1322
2017-05-04,275288.2817840576,26.120101928710938,275262.1616821289,SPY,1322
2017-05-05,276371.928024292,26.120101928710938,276345.8079223633,SPY,1322
2017-05-08,276325.87507629395,26.120101928710938,276299.75497436523,SPY,1322
2017-05-09,276072.2106781006,26.120101928710938,276046.0905761719,SPY,1322
2017-05-10,276567.90016174316,26.120101928710938,276541.78005981445,SPY,1322
2017-05-11,276003.0404815674,26.120101928710938,275976.9203796387,SPY,1322
2017-05-12,275541.8654937744,26.120101928710938,275515.7453918457,SPY,1322
2017-05-15,277063.6703338623,26.120101928710938,277037.5502319336,SPY,1322
2017-05-16,276810.0261077881,26.120101928710938,276783.9060058594,SPY,1322
2017-05-17,271898.8211212158,26.120101928710938,271872.7010192871,SPY,1322
2017-05-18,272994.0259857178,26.120101928710938,272967.90588378906,SPY,1322
2017-05-19,274769.4347076416,26.120101928710938,274743.3146057129,SPY,1322
2017-05-22,276164.4376068115,26.120101928710938,276138.3175048828,SPY,1322
2017-05-23,276775.4712677002,26.120101928710938,276749.3511657715,SPY,1322
2017-05-24,277421.10011291504,26.120101928710938,277394.9800109863,SPY,1322
2017-05-25,278746.87229919434,26.120101928710938,278720.7521972656,SPY,1322
2017-05-26,278689.24055480957,26.120101928710938,278663.12045288086,SPY,1322
2017-05-30,278447.1347808838,26.120101928710938,278421.0146789551,SPY,1322
2017-05-31,278378.025100708,26.120101928710938,278351.9049987793,SPY,1322
2017-06-01,280591.53190612793,26.120101928710938,280565.4118041992,SPY,1322
2017-06-02,281525.29930114746,26.120101928710938,281499.17919921875,SPY,1322
2017-06-05,281317.82905578613,26.120101928710938,281291.7089538574,SPY,1322
2017-06-06,280418.5761566162,26.120101928710938,280392.4560546875,SPY,1322
2017-06-07,280937.3627166748,26.120101928710938,280911.2426147461,SPY,1322
2017-06-08,281075.62242126465,26.120101928710938,281049.50231933594,SPY,1322
2017-06-09,280649.18382263184,26.120101928710938,280623.0637207031,SPY,1322
2017-06-12,280591.53190612793,26.120101928710938,280565.4118041992,SPY,1322
2017-06-13,281963.39738464355,26.120101928710938,281937.27728271484,SPY,1322
2017-06-14,281606.02812194824,26.120101928710938,281579.90802001953,SPY,1322
2017-06-15,281064.1646575928,26.120101928710938,281038.04455566406,SPY,1322
2017-06-16,281125.588760376,26.120101928710938,281099.46865844727,SPY,1322
2017-06-19,283465.7563018799,26.120101928710938,283439.6361999512,SPY,1322
2017-06-20,281554.24629211426,26.120101928710938,281528.12619018555,SPY,1322
2017-06-21,281484.6928253174,26.120101928710938,281458.5727233887,SPY,1322
2017-06-22,281357.2857208252,26.120101928710938,281331.1656188965,SPY,1322
2017-06-23,281693.2927093506,26.120101928710938,281667.1726074219,SPY,1322
2017-06-26,281878.63414001465,26.120101928710938,281852.51403808594,SPY,1322
2017-06-27,279607.93937683105,26.120101928710938,279581.81927490234,SPY,1322
2017-06-28,282110.3916168213,26.120101928710938,282084.2715148926,SPY,1322
2017-06-29,279631.0969696045,26.120101928710938,279604.9768676758,SPY,1322
2017-06-30,280152.4252166748,26.120101928710938,280126.3051147461,SPY,1322
2017-07-03,280627.43827819824,26.120101928710938,280601.31817626953,SPY,1322
2017-07-05,281276.1938018799,26.120101928710938,281250.0736999512,SPY,1322
2017-07-06,278704.3091278076,26.120101928710938,278678.1890258789,SPY,1322
2017-07-07,280511.5696258545,26.120101928710938,280485.4495239258,SPY,1322
2017-07-10,280812.7797088623,26.120101928710938,280786.6596069336,SPY,1322
2017-07-11,280604.2201690674,26.120101928710938,280578.1000671387,SPY,1322
2017-07-12,282712.69075012207,26.120101928710938,282686.57064819336,SPY,1322
2017-07-13,283187.68363952637,26.120101928710938,283161.56353759766,SPY,1322
2017-07-14,284508.39262390137,26.120101928710938,284482.27252197266,SPY,1322
2017-07-17,284473.6562347412,26.120101928710938,284447.5361328125,SPY,1322
2017-07-18,284624.2612762451,26.120101928710938,284598.1411743164,SPY,1322
2017-07-19,286165.0884246826,26.120101928710938,286138.9683227539,SPY,1322
2017-07-20,286292.51570129395,26.120101928710938,286266.39559936523,SPY,1322
2017-07-21,286037.60063171387,26.120101928710938,286011.48052978516,SPY,1322
2017-07-24,285968.0875091553,26.120101928710938,285941.96740722656,SPY,1322
2017-07-25,286663.19856262207,26.120101928710938,286637.07846069336,SPY,1322
2017-07-26,286674.81770324707,26.120101928710938,286648.69760131836,SPY,1322
2017-07-27,286408.3238372803,26.120101928710938,286382.20373535156,SPY,1322
2017-07-28,286072.39753723145,26.120101928710938,286046.27743530273,SPY,1322
2017-07-31,285910.1935272217,26.120101928710938,285884.07342529297,SPY,1322
2017-08-01,286547.39042663574,26.120101928710938,286521.27032470703,SPY,1322
2017-08-02,286686.3561553955,26.120101928710938,286660.2360534668,SPY,1322
2017-08-03,286130.35203552246,26.120101928710938,286104.23193359375,SPY,1322
2017-08-04,286651.6399383545,26.120101928710938,286625.5198364258,SPY,1322
2017-08-07,287184.5469818115,26.120101928710938,287158.4268798828,SPY,1322
2017-08-08,286477.857131958,26.120101928710938,286451.7370300293,SPY,1322
2017-08-09,286466.31867980957,26.120101928710938,286440.19857788086,SPY,1322
2017-08-10,282423.0796356201,26.120101928710938,282396.9595336914,SPY,1322
2017-08-11,282840.13819885254,26.120101928710938,282814.0180969238,SPY,1322
2017-08-14,285643.74000549316,26.120101928710938,285617.61990356445,SPY,1322
2017-08-15,285609.02378845215,26.120101928710938,285582.90368652344,SPY,1322
2017-08-16,286107.1339263916,26.120101928710938,286081.0138244629,SPY,1322
2017-08-17,281646.85649108887,26.120101928710938,281620.73638916016,SPY,1322
2017-08-18,281206.6806793213,26.120101928710938,281180.5605773926,SPY,1322
2017-08-21,281426.7988433838,26.120101928710938,281400.6787414551,SPY,1322
2017-08-22,284369.40672302246,26.120101928710938,284343.28662109375,SPY,1322
2017-08-23,283349.9078216553,26.120101928710938,283323.78771972656,SPY,1322
2017-08-24,282689.53315734863,26.120101928710938,282663.4130554199,SPY,1322
2017-08-25,283349.9078216553,26.120101928710938,283323.78771972656,SPY,1322
2017-08-28,283361.50679016113,26.120101928710938,283335.3866882324,SPY,1322
2017-08-29,283685.8946380615,26.120101928710938,283659.7745361328,SPY,1322
2017-08-30,285029.8217315674,26.120101928710938,285003.7016296387,SPY,1322
2017-08-31,286744.33082580566,26.120101928710938,286718.21072387695,SPY,1322
2017-09-01,287149.85093688965,26.120101928710938,287123.73083496094,SPY,1322
2017-09-05,285087.6753692627,26.120101928710938,285061.555267334,SPY,1322
2017-09-06,286060.83891296387,26.120101928710938,286034.71881103516,SPY,1322
2017-09-07,286026.02183532715,26.120101928710938,285999.90173339844,SPY,1322
2017-09-08,285690.1358795166,26.120101928710938,285664.0157775879,SPY,1322
2017-09-11,288736.95292663574,26.120101928710938,288710.83282470703,SPY,1322
2017-09-12,289710.1164703369,26.120101928710938,289683.9963684082,SPY,1322
2017-09-13,289849.12254333496,26.120101928710938,289823.00244140625,SPY,1322
2017-09-14,289756.4316558838,26.120101928710938,289730.3115539551,SPY,1322
2017-09-15,290146.4595794678,26.120101928710938,290120.33947753906,SPY,1322
2017-09-18,290763.50453186035,26.120101928710938,290737.38442993164,SPY,1322
2017-09-19,291054.648727417,26.120101928710938,291028.5286254883,SPY,1322
2017-09-20,291159.40254211426,26.120101928710938,291133.28244018555,SPY,1322
2017-09-21,290379.306350708,26.120101928710938,290353.1862487793,SPY,1322
2017-09-22,290437.543258667,26.120101928710938,290411.4231567383,SPY,1322
2017-09-25,289843.7365875244,26.120101928710938,289817.6164855957,SPY,1322
2017-09-26,290018.44731140137,26.120101928710938,289992.32720947266,SPY,1322
2017-09-27,291147.72288513184,26.120101928710938,291121.6027832031,SPY,1322
2017-09-28,291497.00312805176,26.120101928710938,291470.88302612305,SPY,1322
2017-09-29,292521.52488708496,26.120101928710938,292495.40478515625,SPY,1322
2017-10-02,293790.63359069824,26.120101928710938,293764.51348876953,SPY,1322
2017-10-03,294419.2775115967,26.120101928710938,294393.15740966797,SPY,1322
2017-10-04,294768.53758239746,26.120101928710938,294742.41748046875,SPY,1322
2017-10-05,296514.91862487793,26.120101928710938,296488.7985229492,SPY,1322
2017-10-06,296177.33821105957,26.120101928710938,296151.21810913086,SPY,1322
2017-10-09,295688.3660430908,26.120101928710938,295662.2459411621,SPY,1322
2017-10-10,296468.36137390137,26.120101928710938,296442.24127197266,SPY,1322
2017-10-11,296934.075088501,26.120101928710938,296907.95498657227,SPY,1322
2017-10-12,296491.6198272705,26.120101928710938,296465.4997253418,SPY,1322
2017-10-13,296852.57972717285,26.120101928710938,296826.45962524414,SPY,1322
2017-10-16,297248.4575653076,26.120101928710938,297222.3374633789,SPY,1322
2017-10-17,297457.9853668213,26.120101928710938,297431.8652648926,SPY,1322
2017-10-18,297749.08921813965,26.120101928710938,297722.96911621094,SPY,1322
2017-10-19,297830.52406311035,26.120101928710938,297804.40396118164,SPY,1322
2017-10-20,299367.2966156006,26.120101928710938,299341.1765136719,SPY,1322
2017-10-23,298203.143447876,26.120101928710938,298177.02334594727,SPY,1322
2017-10-24,298726.9730377197,26.120101928710938,298700.852935791,SPY,1322
2017-10-25,297248.4575653076,26.120101928710938,297222.3374633789,SPY,1322
2017-10-26,297632.6355743408,26.120101928710938,297606.5154724121,SPY,1322
2017-10-27,300065.91761779785,26.120101928710938,300039.79751586914,SPY,1322
2017-10-30,298948.2813568115,26.120101928710938,298922.1612548828,SPY,1322
2017-10-31,299413.8740386963,26.120101928710938,299387.7539367676,SPY,1322
2017-11-01,299809.7720489502,26.120101928710938,299783.6519470215,SPY,1322
2017-11-02,299926.2055206299,26.120101928710938,299900.0854187012,SPY,1322
2017-11-03,300927.5091705322,26.120101928710938,300901.3890686035,SPY,1322
2017-11-06,301393.1623687744,26.120101928710938,301367.0422668457,SPY,1322
2017-11-07,301183.6547393799,26.120101928710938,301157.5346374512,SPY,1322
2017-11-08,301695.8853607178,26.120101928710938,301669.76525878906,SPY,1322
2017-11-09,300601.4672088623,26.120101928710938,300575.3471069336,SPY,1322
2017-11-10,300508.39305114746,26.120101928710938,300482.27294921875,SPY,1322
2017-11-13,300787.69621276855,26.120101928710938,300761.57611083984,SPY,1322
2017-11-14,300089.2365875244,26.120101928710938,300063.1164855957,SPY,1322
2017-11-15,298587.3214569092,26.120101928710938,298561.20135498047,SPY,1322
2017-11-16,301125.3573150635,26.120101928710938,301099.23721313477,SPY,1322
2017-11-17,300240.5678253174,26.120101928710938,300214.4477233887,SPY,1322
2017-11-20,300752.758102417,26.120101928710938,300726.6380004883,SPY,1322
2017-11-21,302720.3667755127,26.120101928710938,302694.246673584,SPY,1322
2017-11-22,302452.60206604004,26.120101928710938,302426.4819641113,SPY,1322
2017-11-24,303151.20289611816,26.120101928710938,303125.08279418945,SPY,1322
2017-11-27,302999.8111419678,26.120101928710938,302973.69104003906,SPY,1322
2017-11-28,306073.41676330566,26.120101928710938,306047.29666137695,SPY,1322
2017-11-29,305887.1877593994,26.120101928710938,305861.0676574707,SPY,1322
2017-11-30,308564.9962310791,26.120101928710938,308538.8761291504,SPY,1322
2017-12-01,307924.6524810791,26.120101928710938,307898.5323791504,SPY,1322
2017-12-04,307552.07344055176,26.120101928710938,307525.95333862305,SPY,1322
2017-12-05,306446.07649230957,26.120101928710938,306419.95639038086,SPY,1322
2017-12-06,306504.25288391113,26.120101928710938,306478.1327819824,SPY,1322
2017-12-07,307470.6184234619,26.120101928710938,307444.4983215332,SPY,1322
2017-12-08,309147.082901001,26.120101928710938,309120.96279907227,SPY,1322
2017-12-11,310078.53050231934,26.120101928710938,310052.4104003906,SPY,1322
2017-12-12,310625.6588897705,26.120101928710938,310599.5387878418,SPY,1322
2017-12-13,310590.7409515381,26.120101928710938,310564.6208496094,SPY,1322
2017-12-14,309321.71293640137,26.120101928710938,309295.59283447266,SPY,1322
2017-12-15,311897.38996887207,26.120101928710938,311871.26986694336,SPY,1322
2017-12-18,313874.96366882324,26.120101928710938,313848.84356689453,SPY,1322
2017-12-19,312669.76023864746,26.120101928710938,312643.64013671875,SPY,1322
2017-12-20,312505.84159851074,26.120101928710938,312479.72149658203,SPY,1322
2017-12-21,313149.37254333496,26.120101928710938,313123.25244140625,SPY,1322
2017-12-22,313067.6552886963,26.120101928710938,313041.5351867676,SPY,1322
2017-12-26,312693.1598968506,26.120101928710938,312667.0397949219,SPY,1322
2017-12-27,312845.17698669434,26.120101928710938,312819.0568847656,SPY,1322
2017-12-28,313488.84913635254,26.120101928710938,313462.7290344238,SPY,1322
2017-12-29,312306.88398742676,26.120101928710938,312280.76388549805,SPY,1322
2018-01-02,314542.0556488037,26.120101928710938,314515.935546875,SPY,1322
2018-01-03,316531.3695220947,26.120101928710938,316505.249420166,SPY,1322
2018-01-04,317865.3719329834,26.120101928710938,317839.2518310547,SPY,1322
2018-01-05,319983.444442749,26.120101928710938,319957.3243408203,SPY,1322
2018-01-08,320568.49641418457,26.120101928710938,320542.37631225586,SPY,1322
2018-01-09,321294.1480560303,26.120101928710938,321268.02795410156,SPY,1322
2018-01-10,320802.55351257324,26.120101928710938,320776.43341064453,SPY,1322
2018-01-11,323143.02363586426,26.120101928710938,323116.90353393555,SPY,1322
2018-01-12,325249.45683288574,26.120101928710938,325223.33673095703,SPY,1322
2018-01-16,324137.6301422119,26.120101928710938,324111.5100402832,SPY,1322
2018-01-17,327227.05070495605,26.120101928710938,327200.93060302734,SPY,1322
2018-01-18,326677.07804870605,26.120101928710938,326650.95794677734,SPY,1322
2018-01-19,328163.23875427246,26.120101928710938,328137.11865234375,SPY,1322
2018-01-22,330831.3040924072,26.120101928710938,330805.1839904785,SPY,1322
2018-01-23,331533.293838501,26.120101928710938,331507.17373657227,SPY,1322
2018-01-24,331404.6965789795,26.120101928710938,331378.5764770508,SPY,1322
2018-01-25,331545.0340118408,26.120101928710938,331518.9139099121,SPY,1322
2018-01-26,335383.34449768066,26.120101928710938,335357.22439575195,SPY,1322
2018-01-29,333160.01387023926,26.120101928710938,333133.89376831055,SPY,1322
2018-01-30,329743.1191253662,26.120101928710938,329716.9990234375,SPY,1322
2018-01-31,329906.8763885498,26.120101928710938,329880.7562866211,SPY,1322
2018-02-01,329532.2801361084,26.120101928710938,329506.1600341797,SPY,1322
2018-02-02,322358.97370910645,26.120101928710938,322332.85360717773,SPY,1322
2018-02-05,308878.2087249756,26.120101928710938,308852.0886230469,SPY,1322
2018-02-06,314963.35035705566,26.120101928710938,314937.23025512695,SPY,1322
2018-02-07,313254.812210083,26.120101928710938,313228.6921081543,SPY,1322
2018-02-08,301505.9245147705,26.120101928710938,301479.8044128418,SPY,1322
2018-02-09,306034.62577819824,26.120101928710938,306008.50567626953,SPY,1322
2018-02-12,310528.10652160645,26.120101928710938,310501.98641967773,SPY,1322
2018-02-13,311300.57765197754,26.120101928710938,311274.4575500488,SPY,1322
2018-02-14,315501.5626678467,26.120101928710938,315475.44256591797,SPY,1322
2018-02-15,319527.0704193115,26.120101928710938,319500.9503173828,SPY,1322
2018-02-16,319620.7093963623,26.120101928710938,319594.5892944336,SPY,1322
2018-02-20,317619.65534973145,26.120101928710938,317593.53524780273,SPY,1322
2018-02-21,316039.9363555908,26.120101928710938,316013.8162536621,SPY,1322
2018-02-22,316449.51106262207,26.120101928710938,316423.39096069336,SPY,1322
2018-02-23,321493.04515075684,26.120101928710938,321466.9250488281,SPY,1322
2018-02-26,325225.97648620605,26.120101928710938,325199.85638427734,SPY,1322
2018-02-27,321165.32890319824,26.120101928710938,321139.20880126953,SPY,1322
2018-02-28,317912.2519378662,26.120101928710938,317886.1318359375,SPY,1322
2018-03-01,313289.9722137451,26.120101928710938,313263.8521118164,SPY,1322
2018-03-02,314904.8310394287,26.120101928710938,314878.7109375,SPY,1322
2018-03-05,318544.12339782715,26.120101928710938,318518.00329589844,SPY,1322
2018-03-06,319351.5931549072,26.120101928710938,319325.4730529785,SPY,1322
2018-03-07,319234.61503601074,26.120101928710938,319208.49493408203,SPY,1322
2018-03-08,320779.1941986084,26.120101928710938,320753.0740966797,SPY,1322
2018-03-09,326361.08180236816,26.120101928710938,326334.96170043945,SPY,1322
2018-03-12,325951.4465789795,26.120101928710938,325925.3264770508,SPY,1322
2018-03-13,323845.13441467285,26.120101928710938,323819.01431274414,SPY,1322
2018-03-14,322183.4359283447,26.120101928710938,322157.315826416,SPY,1322
2018-03-15,321832.40071105957,26.120101928710938,321806.28060913086,SPY,1322
2018-03-16,322181.35820007324,26.120101928710938,322155.23809814453,SPY,1322
2018-03-19,317822.4658355713,26.120101928710938,317796.3457336426,SPY,1322
2018-03-20,318362.83656311035,26.120101928710938,318336.71646118164,SPY,1322
2018-03-21,317751.9037628174,26.120101928710938,317725.7836608887,SPY,1322
2018-03-22,309809.7370147705,26.120101928710938,309783.6169128418,SPY,1322
2018-03-23,303206.8779449463,26.120101928710938,303180.7578430176,SPY,1322
2018-03-26,311501.5524749756,26.120101928710938,311475.4323730469,SPY,1322
2018-03-27,306202.8410797119,26.120101928710938,306176.7209777832,SPY,1322
2018-03-28,305298.20222473145,26.120101928710938,305272.08212280273,SPY,1322
2018-03-29,309198.76387023926,26.120101928710938,309172.64376831055,SPY,1322
2018-04-02,302525.3628997803,26.120101928710938,302499.24279785156,SPY,1322
2018-04-03,306402.5450592041,26.120101928710938,306376.4249572754,SPY,1322
2018-04-04,309680.4942474365,26.120101928710938,309654.3741455078,SPY,1322
2018-04-05,312124.34648132324,26.120101928710938,312098.22637939453,SPY,1322
2018-04-06,305168.8787689209,26.120101928710938,305142.7586669922,SPY,1322
2018-04-09,306672.7505950928,26.120101928710938,306646.63049316406,SPY,1322
2018-04-10,311548.5736846924,26.120101928710938,311522.4535827637,SPY,1322
2018-04-11,309915.47926330566,26.120101928710938,309889.35916137695,SPY,1322
2018-04-12,312464.993057251,26.120101928710938,312438.87295532227,SPY,1322
2018-04-13,311548.5736846924,26.120101928710938,311522.4535827637,SPY,1322
2018-04-16,314109.8074798584,26.120101928710938,314083.6873779297,SPY,1322
2018-04-17,317469.99839782715,26.120101928710938,317443.87829589844,SPY,1322
2018-04-18,317705.084274292,26.120101928710938,317678.9641723633,SPY,1322
2018-04-19,315942.68656921387,26.120101928710938,315916.56646728516,SPY,1322
2018-04-20,313263.9501800537,26.120101928710938,313237.830078125,SPY,1322
2018-04-23,313216.94914245605,26.120101928710938,313190.82904052734,SPY,1322
2018-04-24,308999.10023498535,26.120101928710938,308972.98013305664,SPY,1322
2018-04-25,309762.7964935303,26.120101928710938,309736.67639160156,SPY,1322
2018-04-26,312911.4423980713,26.120101928710938,312885.3222961426,SPY,1322
2018-04-27,313205.22914123535,26.120101928710938,313179.10903930664,SPY,1322
2018-04-30,310796.63777160645,26.120101928710938,310770.51766967773,SPY,1322
2018-05-01,311348.8293609619,26.120101928710938,311322.7092590332,SPY,1322
2018-05-02,309257.54542541504,26.120101928710938,309231.4253234863,SPY,1322
2018-05-03,308576.05055236816,26.120101928710938,308549.93045043945,SPY,1322
2018-05-04,312570.8159942627,26.120101928710938,312544.695892334,SPY,1322
2018-05-07,313628.1577911377,26.120101928710938,313602.037689209,SPY,1322
2018-05-08,313628.1577911377,26.120101928710938,313602.037689209,SPY,1322
2018-05-09,316659.4019622803,26.120101928710938,316633.28186035156,SPY,1322
2018-05-10,319620.04371643066,26.120101928710938,319593.92361450195,SPY,1322
2018-05-11,320595.20429992676,26.120101928710938,320569.08419799805,SPY,1322
2018-05-14,320747.98793029785,26.120101928710938,320721.86782836914,SPY,1322
2018-05-15,318539.1812286377,26.120101928710938,318513.061126709,SPY,1322
2018-05-16,319878.5494232178,26.120101928710938,319852.42932128906,SPY,1322
2018-05-17,319608.3438873291,26.120101928710938,319582.2237854004,SPY,1322
2018-05-18,318809.3464202881,26.120101928710938,318783.2263183594,SPY,1322
2018-05-21,321206.1371002197,26.120101928710938,321180.016998291,SPY,1322
2018-05-22,320313.25859069824,26.120101928710938,320287.13848876953,SPY,1322
2018-05-23,321194.37675476074,26.120101928710938,321168.25665283203,SPY,1322
2018-05-24,320536.422744751,26.120101928710938,320510.30264282227,SPY,1322
2018-05-25,319772.72648620605,26.120101928710938,319746.60638427734,SPY,1322
2018-05-29,316095.3895111084,26.120101928710938,316069.2694091797,SPY,1322
2018-05-30,320313.25859069824,26.120101928710938,320287.13848876953,SPY,1322
2018-05-31,318351.21742248535,26.120101928710938,318325.09732055664,SPY,1322
2018-06-01,321476.32246398926,26.120101928710938,321450.20236206055,SPY,1322
2018-06-04,323003.7754974365,26.120101928710938,322977.6553955078,SPY,1322
2018-06-05,323238.8210296631,26.120101928710938,323212.7009277344,SPY,1322
2018-06-06,325940.99742126465,26.120101928710938,325914.87731933594,SPY,1322
2018-06-07,325905.7163848877,26.120101928710938,325879.596282959,SPY,1322
2018-06-08,326869.1166229248,26.120101928710938,326842.9965209961,SPY,1322
2018-06-11,327303.9468231201,26.120101928710938,327277.8267211914,SPY,1322
2018-06-12,327726.87547302246,26.120101928710938,327700.75537109375,SPY,1322
2018-06-13,326681.25367736816,26.120101928710938,326655.13357543945,SPY,1322
2018-06-14,327503.6508026123,26.120101928710938,327477.5307006836,SPY,1322
2018-06-15,327085.78535461426,26.120101928710938,327059.66525268555,SPY,1322
2018-06-18,326413.125869751,26.120101928710938,326387.00576782227,SPY,1322
2018-06-19,325162.131729126,26.120101928710938,325136.01162719727,SPY,1322
2018-06-20,325716.86500549316,26.120101928710938,325690.74490356445,SPY,1322
2018-06-21,323675.2044830322,26.120101928710938,323649.0843811035,SPY,1322
2018-06-22,324265.15827941895,26.120101928710938,324239.03817749023,SPY,1322
2018-06-25,319851.4380950928,26.120101928710938,319825.31799316406,SPY,1322
2018-06-26,320559.53999328613,26.120101928710938,320533.4198913574,SPY,1322
2018-06-27,317904.1024017334,26.120101928710938,317877.9822998047,SPY,1322
2018-06-28,319721.6910247803,26.120101928710938,319695.57092285156,SPY,1322
2018-06-29,320181.87757873535,26.120101928710938,320155.75747680664,SPY,1322
2018-07-02,320866.2772369385,26.120101928710938,320840.15713500977,SPY,1322
2018-07-03,319733.35050964355,26.120101928710938,319707.23040771484,SPY,1322
2018-07-05,322341.44413757324,26.120101928710938,322315.32403564453,SPY,1322
2018-07-06,325067.72621154785,26.120101928710938,325041.60610961914,SPY,1322
2018-07-09,327994.55949401855,26.120101928710938,327968.43939208984,SPY,1322
2018-07-10,329174.6284637451,26.120101928710938,329148.5083618164,SPY,1322
2018-07-11,326767.14656066895,26.120101928710938,326741.02645874023,SPY,1322
2018-07-12,329729.4222564697,26.120101928710938,329703.302154541,SPY,1322
2018-07-13,329989.03742980957,26.120101928710938,329962.91732788086,SPY,1322
2018-07-16,329694.0000152588,26.120101928710938,329667.8799133301,SPY,1322
2018-07-17,331027.6191558838,26.120101928710938,331001.4990539551,SPY,1322
2018-07-18,331723.79933166504,26.120101928710938,331697.6792297363,SPY,1322
2018-07-19,330472.8858795166,26.120101928710938,330446.7657775879,SPY,1322
2018-07-20,330095.3041534424,26.120101928710938,330069.1840515137,SPY,1322
2018-07-23,330708.9803619385,26.120101928710938,330682.86026000977,SPY,1322
2018-07-24,332372.9179534912,26.120101928710938,332346.7978515625,SPY,1322
2018-07-25,335205.38606262207,26.120101928710938,335179.26596069336,SPY,1322
2018-07-26,334414.6591644287,26.120101928710938,334388.5390625,SPY,1322
2018-07-27,332148.7653656006,26.120101928710938,332122.6452636719,SPY,1322
2018-07-30,330413.9026031494,26.120101928710938,330387.7825012207,SPY,1322
2018-07-31,332042.47846984863,26.120101928710938,332016.3583679199,SPY,1322
2018-08-01,331487.7653656006,26.120101928710938,331461.6452636719,SPY,1322
2018-08-02,333293.57347106934,26.120101928710938,333267.4533691406,SPY,1322
2018-08-03,334721.4569244385,26.120101928710938,334695.33682250977,SPY,1322
2018-08-06,335948.8295135498,26.120101928710938,335922.7094116211,SPY,1322
2018-08-07,337058.2153778076,26.120101928710938,337032.0952758789,SPY,1322
2018-08-08,336916.687789917,26.120101928710938,336890.5676879883,SPY,1322
2018-08-09,336456.42054748535,26.120101928710938,336430.30044555664,SPY,1322
2018-08-10,334202.10554504395,26.120101928710938,334175.98544311523,SPY,1322
2018-08-13,332951.27278137207,26.120101928710938,332925.15267944336,SPY,1322
2018-08-14,335075.57847595215,26.120101928710938,335049.45837402344,SPY,1322
2018-08-15,332573.5095062256,26.120101928710938,332547.3894042969,SPY,1322
2018-08-16,335264.30882263184,26.120101928710938,335238.1887207031,SPY,1322
2018-08-17,336444.5189971924,26.120101928710938,336418.3988952637,SPY,1322
2018-08-20,337164.44175720215,26.120101928710938,337138.32165527344,SPY,1322
2018-08-21,337955.22917175293,26.120101928710938,337929.1090698242,SPY,1322
2018-08-22,337754.415725708,26.120101928710938,337728.2956237793,SPY,1322
2018-08-23,337306.1912384033,26.120101928710938,337280.0711364746,SPY,1322
2018-08-24,339336.051071167,26.120101928710938,339309.9309692383,SPY,1322
2018-08-27,342014.908493042,26.120101928710938,341988.7883911133,SPY,1322
2018-08-28,342180.158493042,26.120101928710938,342154.0383911133,SPY,1322
2018-08-29,344021.1871185303,26.120101928710938,343995.06701660156,SPY,1322
2018-08-30,342628.5443572998,26.120101928710938,342602.4242553711,SPY,1322
2018-08-31,342640.4055633545,26.120101928710938,342614.2854614258,SPY,1322
2018-09-04,342050.25004577637,26.120101928710938,342024.12994384766,SPY,1322
2018-09-05,341129.79624938965,26.120101928710938,341103.67614746094,SPY,1322
2018-09-06,340103.1160736084,26.120101928710938,340076.9959716797,SPY,1322
2018-09-07,339442.19676208496,26.120101928710938,339416.07666015625,SPY,1322
2018-09-10,340032.3522796631,26.120101928710938,340006.2321777344,SPY,1322
2018-09-11,341153.43797302246,26.120101928710938,341127.31787109375,SPY,1322
2018-09-12,341236.0226287842,26.120101928710938,341209.90252685547,SPY,1322
2018-09-13,343254.12211608887,26.120101928710938,343228.00201416016,SPY,1322
2018-09-14,343313.30711364746,26.120101928710938,343287.18701171875,SPY,1322
2018-09-17,341495.75883483887,26.120101928710938,341469.63873291016,SPY,1322
2018-09-18,343348.527633667,26.120101928710938,343322.4075317383,SPY,1322
2018-09-19,343714.36918640137,26.120101928710938,343688.24908447266,SPY,1322
2018-09-20,346499.57402038574,26.120101928710938,346473.45391845703,SPY,1322
2018-09-21,346183.03312683105,26.120101928710938,346156.91302490234,SPY,1322
2018-09-24,345033.14164733887,26.120101928710938,345007.02154541016,SPY,1322
2018-09-25,344712.96977233887,26.120101928710938,344686.84967041016,SPY,1322
2018-09-26,343681.6500091553,26.120101928710938,343655.52990722656,SPY,1322
2018-09-27,344641.96391296387,26.120101928710938,344615.84381103516,SPY,1322
2018-09-28,344677.54753112793,26.120101928710938,344651.4274291992,SPY,1322
2018-10-01,345874.8031463623,26.120101928710938,345848.6830444336,SPY,1322
2018-10-02,345673.2029876709,26.120101928710938,345647.0828857422,SPY,1322
2018-10-03,345862.7805633545,26.120101928710938,345836.6604614258,SPY,1322
2018-10-04,343159.9990081787,26.120101928710938,343133.87890625,SPY,1322
2018-10-05,341239.49223327637,26.120101928710938,341213.37213134766,SPY,1322
2018-10-08,341239.49223327637,26.120101928710938,341213.37213134766,SPY,1322
2018-10-09,340741.40226745605,26.120101928710938,340715.28216552734,SPY,1322
2018-10-10,329953.17140197754,26.120101928710938,329927.0513000488,SPY,1322
2018-10-11,322686.30668640137,26.120101928710938,322660.18658447266,SPY,1322
2018-10-12,327167.4420928955,26.120101928710938,327141.3219909668,SPY,1322
2018-10-15,325329.84272766113,26.120101928710938,325303.7226257324,SPY,1322
2018-10-16,332442.95555114746,26.120101928710938,332416.83544921875,SPY,1322
2018-10-17,332502.24140930176,26.120101928710938,332476.12130737305,SPY,1322
2018-10-18,327700.9139556885,26.120101928710938,327674.79385375977,SPY,1322
2018-10-19,327523.19758605957,26.120101928710938,327497.07748413086,SPY,1322
2018-10-22,326053.07371520996,26.120101928710938,326026.95361328125,SPY,1322
2018-10-23,324393.3924407959,26.120101928710938,324367.2723388672,SPY,1322
2018-10-24,314565.45530700684,26.120101928710938,314539.3352050781,SPY,1322
2018-10-25,320208.504776001,26.120101928710938,320182.38467407227,SPY,1322
2018-10-26,314577.2963409424,26.120101928710938,314551.1762390137,SPY,1322
2018-10-29,312834.6269683838,26.120101928710938,312808.5068664551,SPY,1322
2018-10-30,317469.99839782715,26.120101928710938,317443.87829589844,SPY,1322
2018-10-31,320860.5685272217,26.120101928710938,320834.44842529297,SPY,1322
2018-11-01,324274.8610687256,26.120101928710938,324248.7409667969,SPY,1322
2018-11-02,322354.3341217041,26.120101928710938,322328.2140197754,SPY,1322
2018-11-05,324132.58711242676,26.120101928710938,324106.46701049805,SPY,1322
2018-11-06,326183.5268096924,26.120101928710938,326157.4067077637,SPY,1322
2018-11-07,333166.146194458,26.120101928710938,333140.0260925293,SPY,1322
2018-11-08,332561.46675109863,26.120101928710938,332535.3466491699,SPY,1322
2018-11-09,329313.2916107178,26.120101928710938,329287.17150878906,SPY,1322
2018-11-12,323160.45234680176,26.120101928710938,323134.33224487305,SPY,1322
2018-11-13,322555.85359191895,26.120101928710938,322529.73348999023,SPY,1322
2018-11-14,320350.7787322998,26.120101928710938,320324.6586303711,SPY,1322
2018-11-15,323693.98472595215,26.120101928710938,323667.86462402344,SPY,1322
2018-11-16,324535.68656921387,26.120101928710938,324509.56646728516,SPY,1322
2018-11-19,319046.6915740967,26.120101928710938,319020.57147216797,SPY,1322
2018-11-20,313142.91746520996,26.120101928710938,313116.79736328125,SPY,1322
2018-11-21,314209.84101867676,26.120101928710938,314183.72091674805,SPY,1322
2018-11-23,312111.4564971924,26.120101928710938,312085.3363952637,SPY,1322
2018-11-26,317149.92738342285,26.120101928710938,317123.80728149414,SPY,1322
2018-11-27,318216.81059265137,26.120101928710938,318190.69049072266,SPY,1322
2018-11-28,325543.2435760498,26.120101928710938,325517.1234741211,SPY,1322
2018-11-29,324831.97465515137,26.120101928710938,324805.85455322266,SPY,1322
2018-11-30,326811.82780456543,26.120101928710938,326785.7077026367,SPY,1322
2018-12-03,331138.9087371826,26.120101928710938,331112.7886352539,SPY,1322
2018-12-04,320409.9637298584,26.120101928710938,320383.8436279297,SPY,1322
2018-12-06,319923.9366912842,26.120101928710938,319897.81658935547,SPY,1322
2018-12-07,312490.85371398926,26.120101928710938,312464.73361206055,SPY,1322
2018-12-10,313083.67195129395,26.120101928710938,313057.55184936523,SPY,1322
2018-12-11,313154.67781066895,26.120101928710938,313128.55770874023,SPY,1322
2018-12-12,314731.3911590576,26.120101928710938,314705.2710571289,SPY,1322
2018-12-13,314624.7613372803,26.120101928710938,314598.64123535156,SPY,1322
2018-12-14,308815.7961883545,26.120101928710938,308789.6760864258,SPY,1322
2018-12-17,302757.82640075684,26.120101928710938,302731.7062988281,SPY,1322
2018-12-18,302425.914352417,26.120101928710938,302399.7942504883,SPY,1322
2018-12-19,297897.2332611084,26.120101928710938,297871.1131591797,SPY,1322
2018-12-20,293048.4408111572,26.120101928710938,293022.3207092285,SPY,1322
2018-12-21,287044.612991333,26.120101928710938,287018.4928894043,SPY,1322
2018-12-24,279460.7837677002,26.120101928710938,279434.6636657715,SPY,1322
2018-12-26,293579.10874938965,26.120101928710938,293552.98864746094,SPY,1322
2018-12-27,295832.7984161377,26.120101928710938,295806.678314209,SPY,1322
2018-12-28,295451.2427825928,26.120101928710938,295425.12268066406,SPY,1322
2018-12-31,298038.8011932373,26.120101928710938,298012.6810913086,SPY,1322
2019-01-02,298348.8466644287,26.120101928710938,298322.7265625,SPY,1322
2019-01-03,291230.0251312256,26.120101928710938,291203.9050292969,SPY,1322
2019-01-04,300984.1524810791,26.120101928710938,300958.0323791504,SPY,1322
2019-01-07,303357.11988830566,26.120101928710938,303330.99978637695,SPY,1322
2019-01-08,306207.016708374,26.120101928710938,306180.8966064453,SPY,1322
2019-01-09,307637.92597961426,26.120101928710938,307611.80587768555,SPY,1322
2019-01-10,308723.0447845459,26.120101928710938,308696.9246826172,SPY,1322
2019-01-11,308842.3225250244,26.120101928710938,308816.2024230957,SPY,1322
2019-01-14,306958.2264251709,26.120101928710938,306932.1063232422,SPY,1322
2019-01-15,310475.8405609131,26.120101928710938,310449.7204589844,SPY,1322
2019-01-16,311227.09062194824,26.120101928710938,311200.97052001953,SPY,1322
2019-01-17,313588.176651001,26.120101928710938,313562.05654907227,SPY,1322
2019-01-18,317761.66706848145,26.120101928710938,317735.54696655273,SPY,1322
2019-01-22,313468.8585662842,26.120101928710938,313442.73846435547,SPY,1322
2019-01-23,314124.77519226074,26.120101928710938,314098.65509033203,SPY,1322
2019-01-24,314291.65913391113,26.120101928710938,314265.5390319824,SPY,1322
2019-01-25,316950.76805114746,26.120101928710938,316924.64794921875,SPY,1322
2019-01-28,314542.095993042,26.120101928710938,314515.9758911133,SPY,1322
2019-01-29,314124.77519226074,26.120101928710938,314098.65509033203,SPY,1322
2019-01-30,319097.1420440674,26.120101928710938,319071.0219421387,SPY,1322
2019-01-31,321899.43266296387,26.120101928710938,321873.31256103516,SPY,1322
2019-02-01,322054.43522644043,26.120101928710938,322028.3151245117,SPY,1322
2019-02-04,324320.0062713623,26.120101928710938,324293.8861694336,SPY,1322
2019-02-05,325679.3852081299,26.120101928710938,325653.2651062012,SPY,1322
2019-02-06,325250.1830291748,26.120101928710938,325224.0629272461,SPY,1322
2019-02-07,322149.8493499756,26.120101928710938,322123.7292480469,SPY,1322
2019-02-08,322543.34687805176,26.120101928710938,322517.22677612305,SPY,1322
2019-02-11,322722.0718536377,26.120101928710938,322695.951751709,SPY,1322
2019-02-12,326871.81968688965,26.120101928710938,326845.69958496094,SPY,1322
2019-02-13,327933.0143585205,26.120101928710938,327906.8942565918,SPY,1322
2019-02-14,327205.68843078613,26.120101928710938,327179.5683288574,SPY,1322
2019-02-15,330771.0701446533,26.120101928710938,330744.9500427246,SPY,1322
2019-02-19,331343.49436950684,26.120101928710938,331317.3742675781,SPY,1322
2019-02-20,332011.21168518066,26.120101928710938,331985.09158325195,SPY,1322
2019-02-21,330830.7997894287,26.120101928710938,330804.6796875,SPY,1322
2019-02-22,332881.7193145752,26.120101928710938,332855.5992126465,SPY,1322
2019-02-25,333334.8052825928,26.120101928710938,333308.68518066406,SPY,1322
2019-02-26,333096.3304901123,26.120101928710938,333070.2103881836,SPY,1322
2019-02-27,332953.3303375244,26.120101928710938,332927.2102355957,SPY,1322
2019-02-28,332333.1385345459,26.120101928710938,332307.0184326172,SPY,1322
2019-03-01,334407.98219299316,26.120101928710938,334381.86209106445,SPY,1322
2019-03-04,333191.7042694092,26.120101928710938,333165.58416748047,SPY,1322
2019-03-05,332738.678817749,26.120101928710938,332712.5587158203,SPY,1322
2019-03-06,330723.46394348145,26.120101928710938,330697.34384155273,SPY,1322
2019-03-07,327956.95866394043,26.120101928710938,327930.8385620117,SPY,1322
2019-03-08,327301.1025543213,26.120101928710938,327274.9824523926,SPY,1322
2019-03-11,332047.0373687744,26.120101928710938,332020.9172668457,SPY,1322
2019-03-12,333299.0602874756,26.120101928710938,333272.9401855469,SPY,1322
2019-03-13,335505.0630645752,26.120101928710938,335478.9429626465,SPY,1322
2019-03-14,335290.4720611572,26.120101928710938,335264.3519592285,SPY,1322
2019-03-15,336946.7845916748,26.120101928710938,336920.6644897461,SPY,1322
2019-03-18,338168.4686431885,26.120101928710938,338142.34854125977,SPY,1322
2019-03-19,338252.32414245605,26.120101928710938,338226.20404052734,SPY,1322
2019-03-20,337234.29780578613,26.120101928710938,337208.1777038574,SPY,1322
2019-03-21,341042.9754486084,26.120101928710938,341016.8553466797,SPY,1322
2019-03-22,334479.5932159424,26.120101928710938,334453.4731140137,SPY,1322
2019-03-25,334228.08723449707,26.120101928710938,334201.96713256836,SPY,1322
2019-03-26,336719.24308776855,26.120101928710938,336693.12298583984,SPY,1322
2019-03-27,334958.64070129395,26.120101928710938,334932.52059936523,SPY,1322
2019-03-28,336228.2335357666,26.120101928710938,336202.1134338379,SPY,1322
2019-03-29,338348.2223968506,26.120101928710938,338322.1022949219,SPY,1322
2019-04-01,342360.37620544434,26.120101928710938,342334.2561035156,SPY,1322
2019-04-02,342528.0468597412,26.120101928710938,342501.9267578125,SPY,1322
2019-04-03,343067.00553894043,26.120101928710938,343040.8854370117,SPY,1322
2019-04-04,343977.252243042,26.120101928710938,343951.1321411133,SPY,1322
2019-04-05,345642.09757995605,26.120101928710938,345615.97747802734,SPY,1322
2019-04-08,345905.6261444092,26.120101928710938,345879.50604248047,SPY,1322
2019-04-09,344132.9810028076,26.120101928710938,344106.8609008789,SPY,1322
2019-04-10,345306.63523864746,26.120101928710938,345280.51513671875,SPY,1322
2019-04-11,345210.73698425293,26.120101928710938,345184.6168823242,SPY,1322
2019-04-12,347546.3052825928,26.120101928710938,347520.18518066406,SPY,1322
2019-04-15,347318.72343444824,26.120101928710938,347292.60333251953,SPY,1322
2019-04-16,347546.3052825928,26.120101928710938,347520.18518066406,SPY,1322
2019-04-17,346695.8890838623,26.120101928710938,346669.7689819336,SPY,1322
2019-04-18,347378.5942840576,26.120101928710938,347352.4741821289,SPY,1322
2019-04-22,347678.06956481934,26.120101928710938,347651.9494628906,SPY,1322
2019-04-23,350803.98149108887,26.120101928710938,350777.86138916016,SPY,1322
2019-04-24,350025.53941345215,26.120101928710938,349999.41931152344,SPY,1322
2019-04-25,349809.98014831543,26.120101928710938,349783.8600463867,SPY,1322
2019-04-26,351438.8787689209,26.120101928710938,351412.7586669922,SPY,1322
2019-04-29,351989.6986541748,26.120101928710938,351963.5785522461,SPY,1322
2019-04-30,352169.3918914795,26.120101928710938,352143.2717895508,SPY,1322
2019-05-01,349522.4064178467,26.120101928710938,349496.28631591797,SPY,1322
2019-05-02,348768.0095062256,26.120101928710938,348741.8894042969,SPY,1322
2019-05-03,352181.4144744873,26.120101928710938,352155.2943725586,SPY,1322
2019-05-06,350732.12840270996,26.120101928710938,350706.00830078125,SPY,1322
2019-05-07,344875.5570526123,26.120101928710938,344849.4369506836,SPY,1322
2019-05-08,344396.3885345459,26.120101928710938,344370.2684326172,SPY,1322
2019-05-09,343354.41789245605,26.120101928710938,343328.29779052734,SPY,1322
2019-05-10,345079.05339050293,26.120101928710938,345052.9332885742,SPY,1322
2019-05-13,336407.886428833,26.120101928710938,336381.7663269043,SPY,1322
2019-05-14,339449.94285583496,26.120101928710938,339423.82275390625,SPY,1322
2019-05-15,341438.2279510498,26.120101928710938,341412.1078491211,SPY,1322
2019-05-16,344600.08659362793,26.120101928710938,344573.9664916992,SPY,1322
2019-05-17,342372.2777557373,26.120101928710938,342346.1576538086,SPY,1322
2019-05-20,340108.7642669678,26.120101928710938,340082.64416503906,SPY,1322
2019-05-21,343174.76499938965,26.120101928710938,343148.64489746094,SPY,1322
2019-05-22,342120.85246276855,26.120101928710938,342094.73236083984,SPY,1322
2019-05-23,337940.88679504395,26.120101928710938,337914.76669311523,SPY,1322
2019-05-24,338707.3668060303,26.120101928710938,338681.24670410156,SPY,1322
2019-05-28,335557.4904022217,26.120101928710938,335531.37030029297,SPY,1322
2019-05-29,333305.83811950684,26.120101928710938,333279.7180175781,SPY,1322
2019-05-30,334216.16551208496,26.120101928710938,334190.04541015625,SPY,1322
2019-05-31,329712.80043029785,26.120101928710938,329686.68032836914,SPY,1322
2019-06-03,328874.5076751709,26.120101928710938,328848.3875732422,SPY,1322
2019-06-04,336012.65409851074,26.120101928710938,335986.53399658203,SPY,1322
2019-06-05,338923.04710388184,26.120101928710938,338896.9270019531,SPY,1322
2019-06-06,341126.6493988037,26.120101928710938,341100.529296875,SPY,1322
2019-06-07,344540.05436706543,26.120101928710938,344513.9342651367,SPY,1322
2019-06-10,346121.0240325928,26.120101928710938,346094.90393066406,SPY,1322
2019-06-11,346037.2693939209,26.120101928710938,346011.1492919922,SPY,1322
2019-06-12,345426.33659362793,26.120101928710938,345400.2164916992,SPY,1322
2019-06-13,346851.61784362793,26.120101928710938,346825.4977416992,SPY,1322
2019-06-14,346468.4686126709,26.120101928710938,346442.3485107422,SPY,1322
2019-06-17,346600.03117370605,26.120101928710938,346573.91107177734,SPY,1322
2019-06-18,350229.1971282959,26.120101928710938,350203.0770263672,SPY,1322
2019-06-19,351019.7021331787,26.120101928710938,350993.58203125,SPY,1322
2019-06-20,354373.1152191162,26.120101928710938,354346.9951171875,SPY,1322
2019-06-21,353858.0403289795,26.120101928710938,353831.9202270508,SPY,1322
2019-06-24,353424.8642425537,26.120101928710938,353398.744140625,SPY,1322
2019-06-25,349958.6890106201,26.120101928710938,349932.5689086914,SPY,1322
2019-06-26,349609.671005249,26.120101928710938,349583.5509033203,SPY,1322
2019-06-27,350849.24772644043,26.120101928710938,350823.1276245117,SPY,1322
2019-06-28,352654.49101257324,26.120101928710938,352628.37091064453,SPY,1322
2019-07-01,355855.9273529053,26.120101928710938,355829.80725097656,SPY,1322
2019-07-02,356782.47312927246,26.120101928710938,356756.35302734375,SPY,1322
2019-07-03,359635.01249694824,26.120101928710938,359608.89239501953,SPY,1322
2019-07-05,359225.76054382324,26.120101928710938,359199.64044189453,SPY,1322
2019-07-08,357251.95903015137,26.120101928710938,357225.83892822266,SPY,1322
2019-07-09,357697.2383880615,26.120101928710938,357671.1182861328,SPY,1322
2019-07-10,359406.179977417,26.120101928710938,359380.0598754883,SPY,1322
2019-07-11,360248.64836120605,26.120101928710938,360222.52825927734,SPY,1322
2019-07-12,361861.32859802246,26.120101928710938,361835.20849609375,SPY,1322
2019-07-15,361981.67546081543,26.120101928710938,361955.5553588867,SPY,1322
2019-07-16,360814.35527038574,26.120101928710938,360788.23516845703,SPY,1322
2019-07-17,358359.2066497803,26.120101928710938,358333.08654785156,SPY,1322
2019-07-18,359670.9995574951,26.120101928710938,359644.8794555664,SPY,1322
2019-07-19,357673.1932220459,26.120101928710938,357647.0731201172,SPY,1322
2019-07-22,358551.7696990967,26.120101928710938,358525.64959716797,SPY,1322
2019-07-23,361115.202255249,26.120101928710938,361089.0821533203,SPY,1322
2019-07-24,362812.20195007324,26.120101928710938,362786.08184814453,SPY,1322
2019-07-25,361079.0941619873,26.120101928710938,361052.9740600586,SPY,1322
2019-07-26,363498.13468933105,26.120101928710938,363472.01458740234,SPY,1322
2019-07-29,362836.2067718506,26.120101928710938,362810.0866699219,SPY,1322
2019-07-30,361945.6480560303,26.120101928710938,361919.52795410156,SPY,1322
2019-07-31,357986.1031341553,26.120101928710938,357959.98303222656,SPY,1322
2019-08-01,354868.9459075928,26.120101928710938,354842.82580566406,SPY,1322
2019-08-02,352197.22941589355,26.120101928710938,352171.10931396484,SPY,1322
2019-08-05,341606.3020477295,26.120101928710938,341580.1819458008,SPY,1322
2019-08-06,346396.333114624,26.120101928710938,346370.2130126953,SPY,1322
2019-08-07,346600.87840270996,26.120101928710938,346574.75830078125,SPY,1322
2019-08-08,353400.69804382324,26.120101928710938,353374.57794189453,SPY,1322
2019-08-09,350993.76078796387,26.120101928710938,350967.64068603516,SPY,1322
2019-08-12,346721.3059539795,26.120101928710938,346695.1858520508,SPY,1322
2019-08-13,352112.90995788574,26.120101928710938,352086.78985595703,SPY,1322
2019-08-14,341702.56340026855,26.120101928710938,341676.44329833984,SPY,1322
2019-08-15,342605.18504333496,26.120101928710938,342579.06494140625,SPY,1322
2019-08-16,347659.95500183105,26.120101928710938,347633.83489990234,SPY,1322
2019-08-19,351848.1710662842,26.120101928710938,351822.05096435547,SPY,1322
2019-08-20,349152.2480316162,26.120101928710938,349126.1279296875,SPY,1322
2019-08-21,351992.6841278076,26.120101928710938,351966.5640258789,SPY,1322
2019-08-22,351884.2791595459,26.120101928710938,351858.1590576172,SPY,1322
2019-08-23,342845.99980163574,26.120101928710938,342819.87969970703,SPY,1322
2019-08-26,346636.9058074951,26.120101928710938,346610.7857055664,SPY,1322
2019-08-27,345277.0629119873,26.120101928710938,345250.9428100586,SPY,1322
2019-08-28,347708.16636657715,26.120101928710938,347682.04626464844,SPY,1322
2019-08-29,352149.01805114746,26.120101928710938,352122.89794921875,SPY,1322
2019-08-30,351992.6841278076,26.120101928710938,351966.5640258789,SPY,1322
2019-09-03,349934.56315612793,26.120101928710938,349908.4430541992,SPY,1322
2019-09-04,353906.2113494873,26.120101928710938,353880.0912475586,SPY,1322
2019-09-05,358455.46800231934,26.120101928710938,358429.3479003906,SPY,1322
2019-09-06,358732.3101654053,26.120101928710938,358706.19006347656,SPY,1322
2019-09-09,358912.8102874756,26.120101928710938,358886.6901855469,SPY,1322
2019-09-10,358828.57151794434,26.120101928710938,358802.4514160156,SPY,1322
2019-09-11,361379.9411468506,26.120101928710938,361353.8210449219,SPY,1322
2019-09-12,362631.5404510498,26.120101928710938,362605.4203491211,SPY,1322
2019-09-13,362390.88706970215,26.120101928710938,362364.76696777344,SPY,1322
2019-09-16,361271.697555542,26.120101928710938,361245.5774536133,SPY,1322
2019-09-17,362186.22074890137,26.120101928710938,362160.10064697266,SPY,1322
2019-09-18,362402.9903411865,26.120101928710938,362376.8702392578,SPY,1322
2019-09-19,362378.9048309326,26.120101928710938,362352.7847290039,SPY,1322
2019-09-20,360666.77604675293,26.120101928710938,360640.6559448242,SPY,1322
2019-09-23,360582.17417907715,26.120101928710938,360556.05407714844,SPY,1322
2019-09-24,357752.9941253662,26.120101928710938,357726.8740234375,SPY,1322
2019-09-25,359868.88804626465,26.120101928710938,359842.76794433594,SPY,1322
2019-09-26,359119.1710662842,26.120101928710938,359093.05096435547,SPY,1322
2019-09-27,357184.7051849365,26.120101928710938,357158.5850830078,SPY,1322
2019-09-30,358841.19926452637,26.120101928710938,358815.07916259766,SPY,1322
2019-10-01,354573.18229675293,26.120101928710938,354547.0621948242,SPY,1322
2019-10-02,348310.1024017334,26.120101928710938,348283.9822998047,SPY,1322
2019-10-03,351163.52934265137,26.120101928710938,351137.40924072266,SPY,1322
2019-10-04,355915.2333831787,26.120101928710938,355889.11328125,SPY,1322
2019-10-07,354379.69132995605,26.120101928710938,354353.57122802734,SPY,1322
2019-10-08,348878.51237487793,26.120101928710938,348852.3922729492,SPY,1322
2019-10-09,352191.21812438965,26.120101928710938,352165.09802246094,SPY,1322
2019-10-10,354573.18229675293,26.120101928710938,354547.0621948242,SPY,1322
2019-10-11,358248.7441253662,26.120101928710938,358222.6240234375,SPY,1322
2019-10-14,357849.73960876465,26.120101928710938,357823.61950683594,SPY,1322
2019-10-15,361392.28648376465,26.120101928710938,361366.16638183594,SPY,1322
2019-10-16,360811.8942718506,26.120101928710938,360785.7741699219,SPY,1322
2019-10-17,361875.9332122803,26.120101928710938,361849.81311035156,SPY,1322
2019-10-18,360292.0184173584,26.120101928710938,360265.8983154297,SPY,1322
2019-10-21,362734.3779144287,26.120101928710938,362708.2578125,SPY,1322
2019-10-22,361549.5079803467,26.120101928710938,361523.38787841797,SPY,1322
2019-10-23,362601.161239624,26.120101928710938,362575.0411376953,SPY,1322
2019-10-24,363193.69706726074,26.120101928710938,363167.57696533203,SPY,1322
2019-10-25,364680.94706726074,26.120101928710938,364654.82696533203,SPY,1322
2019-10-28,366736.3649749756,26.120101928710938,366710.2448730469,SPY,1322
2019-10-29,366627.55656433105,26.120101928710938,366601.43646240234,SPY,1322
2019-10-30,367751.9504852295,26.120101928710938,367725.8303833008,SPY,1322
2019-10-31,366772.7554779053,26.120101928710938,366746.63537597656,SPY,1322
2019-11-01,370170.0630950928,26.120101928710938,370143.94299316406,SPY,1322
2019-11-04,371657.2727508545,26.120101928710938,371631.1526489258,SPY,1322
2019-11-05,371246.2456512451,26.120101928710938,371220.1255493164,SPY,1322
2019-11-06,371330.8071746826,26.120101928710938,371304.6870727539,SPY,1322
2019-11-07,372636.62913513184,26.120101928710938,372610.5090332031,SPY,1322
2019-11-08,373555.5095062256,26.120101928710938,373529.3894042969,SPY,1322
2019-11-11,372842.1830291748,26.120101928710938,372816.0629272461,SPY,1322
2019-11-12,373628.0484466553,26.120101928710938,373601.92834472656,SPY,1322
2019-11-13,373748.9197845459,26.120101928710938,373722.7996826172,SPY,1322
2019-11-14,374292.9214935303,26.120101928710938,374266.80139160156,SPY,1322
2019-11-15,377001.35124206543,26.120101928710938,376975.2311401367,SPY,1322
2019-11-18,377279.32304382324,26.120101928710938,377253.20294189453,SPY,1322
2019-11-19,377170.554977417,26.120101928710938,377144.4348754883,SPY,1322
2019-11-20,375768.1085662842,26.120101928710938,375741.98846435547,SPY,1322
2019-11-21,375163.4694671631,26.120101928710938,375137.3493652344,SPY,1322
2019-11-22,375997.74797058105,26.120101928710938,375971.62786865234,SPY,1322
2019-11-25,378911.61058044434,26.120101928710938,378885.4904785156,SPY,1322
2019-11-26,379770.2166595459,26.120101928710938,379744.0965576172,SPY,1322
2019-11-27,381462.7784881592,26.120101928710938,381436.65838623047,SPY,1322
2019-11-29,380048.14811706543,26.120101928710938,380022.0280151367,SPY,1322
2019-12-02,376819.96354675293,26.120101928710938,376793.8434448242,SPY,1322
2019-12-03,374292.9214935303,26.120101928710938,374266.80139160156,SPY,1322
2019-12-04,376602.34672546387,26.120101928710938,376576.22662353516,SPY,1322
2019-12-05,377279.32304382324,26.120101928710938,377253.20294189453,SPY,1322
2019-12-06,380725.28581237793,26.120101928710938,380699.1657104492,SPY,1322
2019-12-09,379528.23191833496,26.120101928710938,379502.11181640625,SPY,1322
2019-12-10,379105.06120300293,26.120101928710938,379078.9411010742,SPY,1322
2019-12-11,380181.2437591553,26.120101928710938,380155.12365722656,SPY,1322
2019-12-12,383457.7607269287,26.120101928710938,383431.640625,SPY,1322
2019-12-13,383687.44047546387,26.120101928710938,383661.32037353516,SPY,1322
2019-12-16,386323.12956237793,26.120101928710938,386297.0094604492,SPY,1322
2019-12-17,386407.85246276855,26.120101928710938,386381.73236083984,SPY,1322
2019-12-18,386432.018661499,26.120101928710938,386405.8985595703,SPY,1322
2019-12-19,388015.8931121826,26.120101928710938,387989.7730102539,SPY,1322
2019-12-20,389716.8868865967,26.120101928710938,389690.76678466797,SPY,1322
2019-12-23,390312.28715515137,26.120101928710938,390286.16705322266,SPY,1322
2019-12-24,390324.39042663574,26.120101928710938,390298.27032470703,SPY,1322
2019-12-26,392402.1590423584,26.120101928710938,392376.0389404297,SPY,1322
2019-12-27,392304.8890838623,26.120101928710938,392278.7689819336,SPY,1322
2019-12-30,390142.31687927246,26.120101928710938,390116.19677734375,SPY,1322
2019-12-31,391089.92234802246,26.120101928710938,391063.80224609375,SPY,1322
2020-01-02,394747.0872039795,26.120101928710938,394720.9671020508,SPY,1322
2020-01-03,391758.22465515137,26.120101928710938,391732.10455322266,SPY,1322
2020-01-06,393252.6962738037,26.120101928710938,393226.576171875,SPY,1322
2020-01-07,392146.90104675293,26.120101928710938,392120.7809448242,SPY,1322
2020-01-08,394236.81327819824,26.120101928710938,394210.69317626953,SPY,1322
2020-01-09,396909.86112976074,26.120101928710938,396883.74102783203,SPY,1322
2020-01-10,395767.71574401855,26.120101928710938,395741.59564208984,SPY,1322
2020-01-13,398489.41874694824,26.120101928710938,398463.29864501953,SPY,1322
2020-01-14,397881.9152069092,26.120101928710938,397855.79510498047,SPY,1322
2020-01-15,398780.9058685303,26.120101928710938,398754.78576660156,SPY,1322
2020-01-16,402098.00914001465,26.120101928710938,402071.88903808594,SPY,1322
2020-01-17,403349.3663787842,26.120101928710938,403323.24627685547,SPY,1322
2020-01-21,402559.4665374756,26.120101928710938,402533.3464355469,SPY,1322
2020-01-22,402608.2427215576,26.120101928710938,402582.1226196289,SPY,1322
2020-01-23,403069.94218444824,26.120101928710938,403043.82208251953,SPY,1322
2020-01-24,399485.59867858887,26.120101928710938,399459.47857666016,SPY,1322
2020-01-27,393082.4839324951,26.120101928710938,393056.3638305664,SPY,1322
2020-01-28,397201.4692840576,26.120101928710938,397175.3491821289,SPY,1322
2020-01-29,396873.4302825928,26.120101928710938,396847.31018066406,SPY,1322
2020-01-30,398161.25871276855,26.120101928710938,398135.13861083984,SPY,1322
2020-01-31,390931.8939666748,26.120101928710938,390905.7738647461,SPY,1322
2020-02-03,393835.8318939209,26.120101928710938,393809.7117919922,SPY,1322
2020-02-04,399838.04594421387,26.120101928710938,399811.92584228516,SPY,1322
2020-02-05,404455.0405731201,26.120101928710938,404428.9204711914,SPY,1322
2020-02-06,405815.8517303467,26.120101928710938,405789.73162841797,SPY,1322
2020-02-07,403653.158493042,26.120101928710938,403627.0383911133,SPY,1322
2020-02-10,406666.4293060303,26.120101928710938,406640.30920410156,SPY,1322
2020-02-11,407371.12211608887,26.120101928710938,407345.00201416016,SPY,1322
2020-02-12,409995.55516052246,26.120101928710938,409969.43505859375,SPY,1322
2020-02-13,409558.18327331543,26.120101928710938,409532.0631713867,SPY,1322
2020-02-14,410214.2612762451,26.120101928710938,410188.1411743164,SPY,1322
2020-02-18,409157.08085632324,26.120101928710938,409130.96075439453,SPY,1322
2020-02-19,411113.2519378662,26.120101928710938,411087.1318359375,SPY,1322
2020-02-20,409424.52281188965,26.120101928710938,409398.40270996094,SPY,1322
2020-02-21,405208.4288787842,26.120101928710938,405182.30877685547,SPY,1322
2020-02-24,391770.32792663574,26.120101928710938,391744.20782470703,SPY,1322
2020-02-25,379899.7216644287,26.120101928710938,379873.6015625,SPY,1322
2020-02-26,378502.3989715576,26.120101928710938,378476.2788696289,SPY,1322
2020-02-27,361504.40312194824,26.120101928710938,361478.28302001953,SPY,1322
2020-02-28,359985.68461608887,26.120101928710938,359959.56451416016,SPY,1322
2020-03-02,375574.13346862793,26.120101928710938,375548.0133666992,SPY,1322
2020-03-03,364821.3853607178,26.120101928710938,364795.26525878906,SPY,1322
2020-03-04,380154.7375946045,26.120101928710938,380128.6174926758,SPY,1322
2020-03-05,367518.639755249,26.120101928710938,367492.5196533203,SPY,1322
2020-03-06,361443.5640106201,26.120101928710938,361417.4439086914,SPY,1322
2020-03-09,333218.9164581299,26.120101928710938,333192.7963562012,SPY,1322
2020-03-10,350460.0468597412,26.120101928710938,350433.9267578125,SPY,1322
2020-03-11,333376.8238067627,26.120101928710938,333350.703704834,SPY,1322
2020-03-12,301482.8274383545,26.120101928710938,301456.7073364258,SPY,1322
2020-03-13,327253.17359924316,26.120101928710938,327227.05349731445,SPY,1322
2020-03-16,291446.75437927246,26.120101928710938,291420.63427734375,SPY,1322
2020-03-17,307181.20903015137,26.120101928710938,307155.08892822266,SPY,1322
2020-03-18,291628.9691314697,26.120101928710938,291602.849029541,SPY,1322
2020-03-19,292248.696975708,26.120101928710938,292222.5768737793,SPY,1322
2020-03-20,279655.56575012207,26.120101928710938,279629.44564819336,SPY,1322
2020-03-23,272505.96156311035,26.120101928710938,272479.84146118164,SPY,1322
2020-03-24,297193.5288848877,26.120101928710938,297167.408782959,SPY,1322
2020-03-25,301642.18717956543,26.120101928710938,301616.0670776367,SPY,1322
2020-03-26,319253.4154510498,26.120101928710938,319227.2953491211,SPY,1322
2020-03-27,309745.06520080566,26.120101928710938,309718.94509887695,SPY,1322
2020-03-30,319803.3881072998,26.120101928710938,319777.2680053711,SPY,1322
2020-03-31,315037.03910827637,26.120101928710938,315010.91900634766,SPY,1322
2020-04-01,300860.0132598877,26.120101928710938,300833.893157959,SPY,1322
2020-04-02,307801.8647918701,26.120101928710938,307775.7446899414,SPY,1322
2020-04-03,303353.18632507324,26.120101928710938,303327.06622314453,SPY,1322
2020-04-06,323726.60304260254,26.120101928710938,323700.4829406738,SPY,1322
2020-04-07,324056.4777069092,26.120101928710938,324030.35760498047,SPY,1322
2020-04-08,334933.80882263184,26.120101928710938,334907.6887207031,SPY,1322
2020-04-09,340030.1736907959,26.120101928710938,340004.0535888672,SPY,1322
2020-04-13,336925.84593200684,26.120101928710938,336899.7258300781,SPY,1322
2020-04-14,346861.94596862793,26.120101928710938,346835.8258666992,SPY,1322
2020-04-15,339492.34465026855,26.120101928710938,339466.22454833984,SPY,1322
2020-04-16,341129.9576263428,26.120101928710938,341103.83752441406,SPY,1322
2020-04-17,350345.10612487793,26.120101928710938,350318.9860229492,SPY,1322
2020-04-20,344173.2445526123,26.120101928710938,344147.1244506836,SPY,1322
2020-04-21,333723.8044281006,26.120101928710938,333697.6843261719,SPY,1322
2020-04-22,341129.9576263428,26.120101928710938,341103.83752441406,SPY,1322
2020-04-23,341105.5897064209,26.120101928710938,341079.4696044922,SPY,1322
2020-04-24,345859.7950897217,26.120101928710938,345833.67498779297,SPY,1322
2020-04-27,350846.22190856934,26.120101928710938,350820.1018066406,SPY,1322
2020-04-28,349232.9365081787,26.120101928710938,349206.81640625,SPY,1322
2020-04-29,358374.6181488037,26.120101928710938,358348.498046875,SPY,1322
2020-04-30,355038.14964294434,26.120101928710938,355012.0295410156,SPY,1322
2020-05-01,345639.8786468506,26.120101928710938,345613.7585449219,SPY,1322
2020-05-04,346593.13230895996,26.120101928710938,346567.01220703125,SPY,1322
2020-05-05,349795.13346862793,26.120101928710938,349769.0133666992,SPY,1322
2020-05-06,347424.2236175537,26.120101928710938,347398.103515625,SPY,1322
2020-05-07,351616.191696167,26.120101928710938,351590.0715942383,SPY,1322
2020-05-08,357433.62913513184,26.120101928710938,357407.5090332031,SPY,1322
2020-05-11,357506.93461608887,26.120101928710938,357480.81451416016,SPY,1322
2020-05-12,350381.85972595215,26.120101928710938,350355.73962402344,SPY,1322
2020-05-13,344185.5092010498,26.120101928710938,344159.3890991211,SPY,1322
2020-05-14,348304.21214294434,26.120101928710938,348278.0920410156,SPY,1322
2020-05-15,349905.1118621826,26.120101928710938,349878.9917602539,SPY,1322
2020-05-18,360562.2844696045,26.120101928710938,360536.1643676758,SPY,1322
2020-05-19,356859.2078704834,26.120101928710938,356833.0877685547,SPY,1322
2020-05-20,362921.1313934326,26.120101928710938,362895.0112915039,SPY,1322
2020-05-21,360415.7138519287,26.120101928710938,360389.59375,SPY,1322
2020-05-22,361100.11351013184,26.120101928710938,361073.9934082031,SPY,1322
2020-05-26,365548.7919769287,26.120101928710938,365522.671875,SPY,1322
2020-05-27,370987.2759857178,26.120101928710938,370961.15588378906,SPY,1322
2020-05-28,370302.91667175293,26.120101928710938,370276.7965698242,SPY,1322
2020-05-29,371952.8749847412,26.120101928710938,371926.7548828125,SPY,1322
2020-06-01,373456.14164733887,26.120101928710938,373430.02154541016,SPY,1322
2020-06-02,376548.16441345215,26.120101928710938,376522.04431152344,SPY,1322
2020-06-03,381559.0801849365,26.120101928710938,381532.9600830078,SPY,1322
2020-06-04,380556.8486175537,26.120101928710938,380530.728515625,SPY,1322
2020-06-05,390309.6647796631,26.120101928710938,390283.5446777344,SPY,1322
2020-06-08,395027.11656188965,26.120101928710938,395000.99645996094,SPY,1322
2020-06-09,392081.8257904053,26.120101928710938,392055.70568847656,SPY,1322
2020-06-10,389894.1191253662,26.120101928710938,389867.9990234375,SPY,1322
2020-06-11,367418.70707702637,26.120101928710938,367392.58697509766,SPY,1322
2020-06-12,371818.4076385498,26.120101928710938,371792.2875366211,SPY,1322
2020-06-15,375289.262802124,26.120101928710938,375263.1427001953,SPY,1322
2020-06-16,382512.25315856934,26.120101928710938,382486.1330566406,SPY,1322
2020-06-17,380923.4970550537,26.120101928710938,380897.376953125,SPY,1322
2020-06-18,381070.2290496826,26.120101928710938,381044.1089477539,SPY,1322
2020-06-19,378892.5680999756,26.120101928710938,378866.4479980469,SPY,1322
2020-06-22,381323.02604675293,26.120101928710938,381296.9059448242,SPY,1322
2020-06-23,383078.4038543701,26.120101928710938,383052.2837524414,SPY,1322
2020-06-24,373307.2310638428,26.120101928710938,373281.11096191406,SPY,1322
2020-06-25,377309.0567474365,26.120101928710938,377282.9366455078,SPY,1322
2020-06-26,368347.9559173584,26.120101928710938,368321.8358154297,SPY,1322
2020-06-29,373761.30546569824,26.120101928710938,373735.18536376953,SPY,1322
2020-06-30,378548.6738128662,26.120101928710938,378522.5537109375,SPY,1322
2020-07-01,381200.2585296631,26.120101928710938,381174.1384277344,SPY,1322
2020-07-02,383299.3692474365,26.120101928710938,383273.2491455078,SPY,1322
2020-07-06,389216.0938568115,26.120101928710938,389189.9737548828,SPY,1322
2020-07-07,385202.08421325684,26.120101928710938,385175.9641113281,SPY,1322
2020-07-08,388148.0204925537,26.120101928710938,388121.900390625,SPY,1322
2020-07-09,385938.6489715576,26.120101928710938,385912.5288696289,SPY,1322
2020-07-10,389878.94969177246,26.120101928710938,389852.82958984375,SPY,1322
2020-07-13,386503.306930542,26.120101928710938,386477.1868286133,SPY,1322
2020-07-14,391511.5599822998,26.120101928710938,391485.4398803711,SPY,1322
2020-07-15,395108.24882507324,26.120101928710938,395082.12872314453,SPY,1322
2020-07-16,393807.06645202637,26.120101928710938,393780.94635009766,SPY,1322
2020-07-17,394948.6873626709,26.120101928710938,394922.5672607422,SPY,1322
2020-07-20,398140.19902038574,26.120101928710938,398114.07891845703,SPY,1322
2020-07-21,398987.26664733887,26.120101928710938,398961.14654541016,SPY,1322
2020-07-22,401258.20347595215,26.120101928710938,401232.08337402344,SPY,1322
2020-07-23,396470.7947845459,26.120101928710938,396444.6746826172,SPY,1322
2020-07-24,393917.44828796387,26.120101928710938,393891.32818603516,SPY,1322
2020-07-27,396789.95805358887,26.120101928710938,396763.83795166016,SPY,1322
2020-07-28,394273.4458465576,26.120101928710938,394247.3257446289,SPY,1322
2020-07-29,399122.2988128662,26.120101928710938,399096.1787109375,SPY,1322
2020-07-30,397698.42961120605,26.120101928710938,397672.30950927734,SPY,1322
2020-07-31,400840.76164245605,26.120101928710938,400814.64154052734,SPY,1322
2020-08-03,403627.41886901855,26.120101928710938,403601.29876708984,SPY,1322
2020-08-04,405186.36058044434,26.120101928710938,405160.2404785156,SPY,1322
2020-08-05,407702.75175476074,26.120101928710938,407676.63165283203,SPY,1322
2020-08-06,410427.88401794434,26.120101928710938,410401.7639160156,SPY,1322
2020-08-07,410722.43730163574,26.120101928710938,410696.31719970703,SPY,1322
2020-08-10,411949.99143981934,26.120101928710938,411923.8713378906,SPY,1322
2020-08-11,408549.698348999,26.120101928710938,408523.5782470703,SPY,1322
2020-08-12,414245.57859802246,26.120101928710938,414219.45849609375,SPY,1322
2020-08-13,413496.6685028076,26.120101928710938,413470.5484008789,SPY,1322
2020-08-14,413508.9734954834,26.120101928710938,413482.8533935547,SPY,1322
2020-08-17,414822.50120544434,26.120101928710938,414796.3811035156,SPY,1322
2020-08-18,415718.5870819092,26.120101928710938,415692.46697998047,SPY,1322
2020-08-19,413987.6982269287,26.120101928710938,413961.578125,SPY,1322
2020-08-20,415276.5756072998,26.120101928710938,415250.4555053711,SPY,1322
2020-08-21,416749.6647796631,26.120101928710938,416723.5446777344,SPY,1322
2020-08-24,420972.3348236084,26.120101928710938,420946.2147216797,SPY,1322
2020-08-25,422445.3836517334,26.120101928710938,422419.2635498047,SPY,1322
2020-08-26,426680.47972106934,26.120101928710938,426654.3596191406,SPY,1322
2020-08-27,427613.3595428467,26.120101928710938,427587.23944091797,SPY,1322
2020-08-28,430375.2454071045,26.120101928710938,430349.1253051758,SPY,1322
2020-08-31,428816.46507263184,26.120101928710938,428790.3449707031,SPY,1322
2020-09-01,432854.92332458496,26.120101928710938,432828.80322265625,SPY,1322
2020-09-02,439115.34049987793,26.120101928710938,439089.2203979492,SPY,1322
2020-09-03,424004.4867401123,26.120101928710938,423978.3666381836,SPY,1322
2020-09-04,420542.78971862793,26.120101928710938,420516.6696166992,SPY,1322
2020-09-08,409053.0330657959,26.120101928710938,409026.9129638672,SPY,1322
2020-09-09,417130.2319793701,26.120101928710938,417104.1118774414,SPY,1322
2020-09-10,409887.79570007324,26.120101928710938,409861.67559814453,SPY,1322
2020-09-11,410096.53678894043,26.120101928710938,410070.4166870117,SPY,1322
2020-09-14,415497.6216888428,26.120101928710938,415471.50158691406,SPY,1322
2020-09-15,417596.61137390137,26.120101928710938,417570.49127197266,SPY,1322
2020-09-16,415939.5121307373,26.120101928710938,415913.3920288086,SPY,1322
2020-09-17,412281.33866882324,26.120101928710938,412255.21856689453,SPY,1322
2020-09-18,407535.36351013184,26.120101928710938,407509.2434082031,SPY,1322
2020-09-21,402999.9449310303,26.120101928710938,402973.82482910156,SPY,1322
2020-09-22,407103.88188171387,26.120101928710938,407077.76177978516,SPY,1322
2020-09-23,397663.37046813965,26.120101928710938,397637.25036621094,SPY,1322
2020-09-24,398723.29429626465,26.120101928710938,398697.17419433594,SPY,1322
2020-09-25,405169.09324645996,26.120101928710938,405142.97314453125,SPY,1322
2020-09-28,411898.1894378662,26.120101928710938,411872.0693359375,SPY,1322
2020-09-29,409655.090133667,26.120101928710938,409628.9700317383,SPY,1322
2020-09-30,412760.91062927246,26.120101928710938,412734.79052734375,SPY,1322
2020-10-01,415410.72019958496,26.120101928710938,415384.60009765625,SPY,1322
2020-10-02,411466.7481536865,26.120101928710938,411440.6280517578,SPY,1322
2020-10-05,418762.84226989746,26.120101928710938,418736.72216796875,SPY,1322
2020-10-06,412810.17094421387,26.120101928710938,412784.05084228516,SPY,1322
2020-10-07,419995.4797821045,26.120101928710938,419969.3596801758,SPY,1322
2020-10-08,423717.4374847412,26.120101928710938,423691.3173828125,SPY,1322
2020-10-09,427500.92015075684,26.120101928710938,427474.8000488281,SPY,1322
2020-10-12,434377.9990081787,26.120101928710938,434351.87890625,SPY,1322
2020-10-13,431543.3321380615,26.120101928710938,431517.2120361328,SPY,1322
2020-10-14,428831.95726013184,26.120101928710938,428805.8371582031,SPY,1322
2020-10-15,428302.0760345459,26.120101928710938,428275.9559326172,SPY,1322
2020-10-16,428043.2677459717,26.120101928710938,428017.14764404297,SPY,1322
2020-10-19,421535.8631439209,26.120101928710938,421509.7430419922,SPY,1322
2020-10-20,423224.3502044678,26.120101928710938,423198.23010253906,SPY,1322
2020-10-21,422423.31535339355,26.120101928710938,422397.19525146484,SPY,1322
2020-10-22,424740.24461364746,26.120101928710938,424714.12451171875,SPY,1322
2020-10-23,426182.2283782959,26.120101928710938,426156.1082763672,SPY,1322
2020-10-26,418306.91203308105,26.120101928710938,418280.79193115234,SPY,1322
2020-10-27,416864.9686126709,26.120101928710938,416838.8485107422,SPY,1322
2020-10-28,402617.763961792,26.120101928710938,402591.6438598633,SPY,1322
2020-10-29,406709.51695251465,26.120101928710938,406683.39685058594,SPY,1322
2020-10-30,402469.9023284912,26.120101928710938,402443.7822265625,SPY,1322
2020-11-02,406980.63023376465,26.120101928710938,406954.51013183594,SPY,1322
2020-11-03,414165.898727417,26.120101928710938,414139.7786254883,SPY,1322
2020-11-04,423421.5528411865,26.120101928710938,423395.4327392578,SPY,1322
2020-11-05,431678.9694671631,26.120101928710938,431652.8493652344,SPY,1322
2020-11-06,431580.4488372803,26.120101928710938,431554.32873535156,SPY,1322
2020-11-09,437003.0372161865,26.120101928710938,436976.9171142578,SPY,1322
2020-11-10,436362.2900238037,26.120101928710938,436336.169921875,SPY,1322
2020-11-11,439603.5864715576,26.120101928710938,439577.4663696289,SPY,1322
2020-11-12,435339.32151794434,26.120101928710938,435313.2014160156,SPY,1322
2020-11-13,441365.94383239746,26.120101928710938,441339.82373046875,SPY,1322
2020-11-16,446875.0302581787,26.120101928710938,446848.91015625,SPY,1322
2020-11-17,444471.8046722412,26.120101928710938,444445.6845703125,SPY,1322
2020-11-18,439123.00590515137,26.120101928710938,439096.88580322266,SPY,1322
2020-11-19,440971.6999359131,26.120101928710938,440945.5798339844,SPY,1322
2020-11-20,437952.09507751465,26.120101928710938,437925.97497558594,SPY,1322
2020-11-23,440577.2946624756,26.120101928710938,440551.1745605469,SPY,1322
2020-11-24,447676.1861419678,26.120101928710938,447650.06604003906,SPY,1322
2020-11-25,446986.01725769043,26.120101928710938,446959.8971557617,SPY,1322
2020-11-27,448230.75804138184,26.120101928710938,448204.6379394531,SPY,1322
2020-11-30,446246.5477142334,26.120101928710938,446220.4276123047,SPY,1322
2020-12-01,451126.90953063965,26.120101928710938,451100.78942871094,SPY,1322
2020-12-02,452075.9673919678,26.120101928710938,452049.84729003906,SPY,1322
2020-12-03,451952.75608825684,26.120101928710938,451926.6359863281,SPY,1322
2020-12-04,455847.30644226074,26.120101928710938,455821.18634033203,SPY,1322
2020-12-07,454910.5939178467,26.120101928710938,454884.47381591797,SPY,1322
2020-12-08,456241.67137145996,26.120101928710938,456215.55126953125,SPY,1322
2020-12-09,452149.9587249756,26.120101928710938,452123.8386230469,SPY,1322
2020-12-10,452002.1374359131,26.120101928710938,451976.0173339844,SPY,1322
2020-12-11,451472.094833374,26.120101928710938,451445.9747314453,SPY,1322
2020-12-14,449450.8484954834,26.120101928710938,449424.7283935547,SPY,1322
2020-12-15,455526.8521575928,26.120101928710938,455500.73205566406,SPY,1322
2020-12-16,456241.67137145996,26.120101928710938,456215.55126953125,SPY,1322
2020-12-17,458792.8796234131,26.120101928710938,458766.7595214844,SPY,1322
2020-12-18,456961.0898284912,26.120101928710938,456934.9697265625,SPY,1322
2020-12-21,455327.22886657715,26.120101928710938,455301.10876464844,SPY,1322
2020-12-22,454559.8814544678,26.120101928710938,454533.76135253906,SPY,1322
2020-12-23,454968.32652282715,26.120101928710938,454942.20642089844,SPY,1322
2020-12-24,456738.30894470215,26.120101928710938,456712.18884277344,SPY,1322
2020-12-28,460661.6247406006,26.120101928710938,460635.5046386719,SPY,1322
2020-12-29,459783.0886077881,26.120101928710938,459756.9685058594,SPY,1322
2020-12-30,460438.9245452881,26.120101928710938,460412.8044433594,SPY,1322
2020-12-31,462778.28520202637,26.120101928710938,462752.16510009766,SPY,1322
2021-01-04,456478.2903289795,26.120101928710938,456452.1702270508,SPY,1322
2021-01-05,459622.1150970459,26.120101928710938,459595.9949951172,SPY,1322
2021-01-06,462369.7997894287,26.120101928710938,462343.6796875,SPY,1322
2021-01-07,469239.1325531006,26.120101928710938,469213.0124511719,SPY,1322
2021-01-08,471912.46281433105,26.120101928710938,471886.34271240234,SPY,1322
2021-01-11,468731.5616912842,26.120101928710938,468705.44158935547,SPY,1322
2021-01-12,468830.60679626465,26.120101928710938,468804.48669433594,SPY,1322
2021-01-13,470093.01835632324,26.120101928710938,470066.89825439453,SPY,1322
2021-01-14,468446.93309020996,26.120101928710938,468420.81298828125,SPY,1322
2021-01-15,465030.7847137451,26.120101928710938,465004.6646118164,SPY,1322
2021-01-19,468682.0189666748,26.120101928710938,468655.8988647461,SPY,1322
2021-01-20,475167.678024292,26.120101928710938,475141.5579223633,SPY,1322
2021-01-21,475600.8137664795,26.120101928710938,475574.6936645508,SPY,1322
2021-01-22,473917.5714569092,26.120101928710938,473891.45135498047,SPY,1322
2021-01-25,475786.4779510498,26.120101928710938,475760.3578491211,SPY,1322
2021-01-26,475043.7808685303,26.120101928710938,475017.66076660156,SPY,1322
2021-01-27,463434.20182800293,26.120101928710938,463408.0817260742,SPY,1322
2021-01-28,467419.6477508545,26.120101928710938,467393.5276489258,SPY,1322
2021-01-29,458062.6085662842,26.120101928710938,458036.48846435547,SPY,1322
2021-02-01,465686.8627166748,26.120101928710938,465660.7426147461,SPY,1322
2021-02-02,472271.4458465576,26.120101928710938,472245.3257446289,SPY,1322
2021-02-03,472642.73387145996,26.120101928710938,472616.61376953125,SPY,1322
2021-02-04,478014.3271331787,26.120101928710938,477988.20703125,SPY,1322
2021-02-05,479895.6193084717,26.120101928710938,479869.49920654297,SPY,1322
2021-02-08,483361.2700653076,26.120101928710938,483335.1499633789,SPY,1322
2021-02-09,483039.32304382324,26.120101928710938,483013.20294189453,SPY,1322
2021-02-10,482828.9681854248,26.120101928710938,482802.8480834961,SPY,1322
2021-02-11,483608.7819671631,26.120101928710938,483582.6618652344,SPY,1322
2021-02-12,485997.6046600342,26.120101928710938,485971.48455810547,SPY,1322
2021-02-16,485576.61253356934,26.120101928710938,485550.4924316406,SPY,1322
2021-02-17,485688.1240081787,26.120101928710938,485662.00390625,SPY,1322
2021-02-18,483621.12730407715,26.120101928710938,483595.00720214844,SPY,1322
2021-02-19,482767.12046813965,26.120101928710938,482741.00036621094,SPY,1322
2021-02-22,479054.0384979248,26.120101928710938,479027.9183959961,SPY,1322
2021-02-23,479635.72172546387,26.120101928710938,479609.60162353516,SPY,1322
2021-02-24,484920.6152191162,26.120101928710938,484894.4951171875,SPY,1322
2021-02-25,473236.7624359131,26.120101928710938,473210.6423339844,SPY,1322
2021-02-26,470798.4777069092,26.120101928710938,470772.35760498047,SPY,1322
2021-03-01,482210.1279144287,26.120101928710938,482184.0078125,SPY,1322
2021-03-02,478447.42253112793,26.120101928710938,478421.3024291992,SPY,1322
2021-03-03,472110.5933685303,26.120101928710938,472084.47326660156,SPY,1322
2021-03-04,466268.54594421387,26.120101928710938,466242.42584228516,SPY,1322
2021-03-05,474845.85203552246,26.120101928710938,474819.73193359375,SPY,1322
2021-03-08,472481.84104919434,26.120101928710938,472455.7209472656,SPY,1322
2021-03-09,479227.2766571045,26.120101928710938,479201.1565551758,SPY,1322
2021-03-10,482210.1279144287,26.120101928710938,482184.0078125,SPY,1322
2021-03-11,487099.0023651123,26.120101928710938,487072.8822631836,SPY,1322
2021-03-12,487755.1207122803,26.120101928710938,487729.00061035156,SPY,1322
2021-03-15,490663.6982269287,26.120101928710938,490637.578125,SPY,1322
2021-03-16,490044.81761169434,26.120101928710938,490018.6975097656,SPY,1322
2021-03-17,491715.75492858887,26.120101928710938,491689.63482666016,SPY,1322
2021-03-18,484561.7935638428,26.120101928710938,484535.67346191406,SPY,1322
2021-03-19,483665.3042449951,26.120101928710938,483639.1841430664,SPY,1322
2021-03-22,487527.09507751465,26.120101928710938,487500.97497558594,SPY,1322
2021-03-23,483690.15629577637,26.120101928710938,483664.03619384766,SPY,1322
2021-03-24,481231.3363494873,26.120101928710938,481205.2162475586,SPY,1322
2021-03-25,483938.3943939209,26.120101928710938,483912.2742919922,SPY,1322
2021-03-26,491736.65324401855,26.120101928710938,491710.53314208984,SPY,1322
2021-03-29,491488.33445739746,26.120101928710938,491462.21435546875,SPY,1322
2021-03-30,490184.489364624,26.120101928710938,490158.3692626953,SPY,1322
2021-03-31,492171.28172302246,26.120101928710938,492145.16162109375,SPY,1322
2021-04-01,497485.98960876465,26.120101928710938,497459.86950683594,SPY,1322
2021-04-05,504626.0322113037,26.120101928710938,504599.912109375,SPY,1322
2021-04-06,504327.96897888184,26.120101928710938,504301.8488769531,SPY,1322
2021-04-07,504911.7904510498,26.120101928710938,504885.6703491211,SPY,1322
2021-04-08,507308.23820495605,26.120101928710938,507282.11810302734,SPY,1322
2021-04-09,510996.3067474365,26.120101928710938,510970.1866455078,SPY,1322
2021-04-12,511182.5357513428,26.120101928710938,511156.41564941406,SPY,1322
2021-04-13,512697.42155456543,26.120101928710938,512671.3014526367,SPY,1322
2021-04-14,510946.602645874,26.120101928710938,510920.4825439453,SPY,1322
2021-04-15,516435.1941986084,26.120101928710938,516409.0740966797,SPY,1322
2021-04-16,518161.2417449951,26.120101928710938,518135.1216430664,SPY,1322
2021-04-19,515615.6413421631,26.120101928710938,515589.5212402344,SPY,1322
2021-04-20,511840.6713104248,26.120101928710938,511814.5512084961,SPY,1322
2021-04-21,516683.5533294678,26.120101928710938,516657.43322753906,SPY,1322
2021-04-22,511964.8508758545,26.120101928710938,511938.7307739258,SPY,1322
2021-04-23,517515.49186706543,26.120101928710938,517489.3717651367,SPY,1322
2021-04-26,518595.82987976074,26.120101928710938,518569.70977783203,SPY,1322
2021-04-27,518483.9956512451,26.120101928710938,518457.8755493164,SPY,1322
2021-04-28,518335.085067749,26.120101928710938,518308.9649658203,SPY,1322
2021-04-29,521638.1485443115,26.120101928710938,521612.0284423828,SPY,1322
2021-04-30,518210.8248138428,26.120101928710938,518184.70471191406,SPY,1322
2021-05-03,519328.48124694824,26.120101928710938,519302.36114501953,SPY,1322
2021-05-04,516124.7452850342,26.120101928710938,516098.62518310547,SPY,1322
2021-05-05,516286.1222381592,26.120101928710938,516260.00213623047,SPY,1322
2021-05-06,520408.738571167,26.120101928710938,520382.6184692383,SPY,1322
2021-05-07,524196.1749725342,26.120101928710938,524170.05487060547,SPY,1322
2021-05-10,519005.6466522217,26.120101928710938,518979.52655029297,SPY,1322
2021-05-11,514373.80534362793,26.120101928710938,514347.6852416992,SPY,1322
2021-05-12,503446.40702819824,26.120101928710938,503420.28692626953,SPY,1322
2021-05-13,509493.76628112793,26.120101928710938,509467.6461791992,SPY,1322
2021-05-14,517316.7964935303,26.120101928710938,517290.67639160156,SPY,1322
2021-05-17,516000.5253753662,26.120101928710938,515974.4052734375,SPY,1322
2021-05-18,511555.1147918701,26.120101928710938,511528.9946899414,SPY,1322
2021-05-19,510213.9916229248,26.120101928710938,510187.8715209961,SPY,1322
2021-05-20,515702.5831756592,26.120101928710938,515676.46307373047,SPY,1322
2021-05-21,515280.3807220459,26.120101928710938,515254.2606201172,SPY,1322
2021-05-24,520532.95848083496,26.120101928710938,520506.83837890625,SPY,1322
2021-05-25,519378.1046600342,26.120101928710938,519351.98455810547,SPY,1322
2021-05-26,520408.738571167,26.120101928710938,520382.6184692383,SPY,1322
2021-05-27,520681.90940856934,26.120101928710938,520655.7893066406,SPY,1322
2021-05-28,521613.2964935303,26.120101928710938,521587.17639160156,SPY,1322
2021-06-01,521153.8563079834,26.120101928710938,521127.7362060547,SPY,1322
2021-06-02,521973.32847595215,26.120101928710938,521947.20837402344,SPY,1322
2021-06-03,520036.3209075928,26.120101928710938,520010.20080566406,SPY,1322
2021-06-04,524792.1804046631,26.120101928710938,524766.0603027344,SPY,1322
2021-06-07,524283.0361175537,26.120101928710938,524256.916015625,SPY,1322
2021-06-08,524394.8703460693,26.120101928710938,524368.7502441406,SPY,1322
2021-06-09,523612.51487731934,26.120101928710938,523586.3947753906,SPY,1322
2021-06-10,526046.3617401123,26.120101928710938,526020.2416381836,SPY,1322
2021-06-11,526915.5380096436,26.120101928710938,526889.4179077148,SPY,1322
2021-06-14,528095.2842254639,26.120101928710938,528069.1641235352,SPY,1322
2021-06-15,527126.7400970459,26.120101928710938,527100.6199951172,SPY,1322
2021-06-16,524183.7086029053,26.120101928710938,524157.58850097656,SPY,1322
2021-06-17,524009.86528015137,26.120101928710938,523983.74517822266,SPY,1322
2021-06-18,516941.15129089355,26.120101928710938,516915.03118896484,SPY,1322
2021-06-21,524341.2931976318,26.120101928710938,524315.1730957031,SPY,1322
2021-06-22,527144.3301849365,26.120101928710938,527118.2100830078,SPY,1322
2021-06-23,526509.06980896,26.120101928710938,526482.9497070312,SPY,1322
2021-06-24,529623.5643157959,26.120101928710938,529597.4442138672,SPY,1322
2021-06-25,531504.6951141357,26.120101928710938,531478.575012207,SPY,1322
2021-06-28,532576.1573944092,26.120101928710938,532550.0372924805,SPY,1322
2021-06-29,532862.7225189209,26.120101928710938,532836.6024169922,SPY,1322
2021-06-30,533311.2294158936,26.120101928710938,533285.1093139648,SPY,1322
2021-07-01,536263.8224945068,26.120101928710938,536237.7023925781,SPY,1322
2021-07-02,540362.5146942139,26.120101928710938,540336.3945922852,SPY,1322
2021-07-06,539378.357345581,26.120101928710938,539352.2372436523,SPY,1322
2021-07-07,541284.4208831787,26.120101928710938,541258.30078125,SPY,1322
2021-07-08,536874.2308197021,26.120101928710938,536848.1107177734,SPY,1322
2021-07-09,542604.9281463623,26.120101928710938,542578.8080444336,SPY,1322
2021-07-12,544548.5118255615,26.120101928710938,544522.3917236328,SPY,1322
2021-07-13,542692.2330780029,26.120101928710938,542666.1129760742,SPY,1322
2021-07-14,543502.0226287842,26.120101928710938,543475.9025268555,SPY,1322
2021-07-15,541645.7438812256,26.120101928710938,541619.6237792969,SPY,1322
2021-07-16,537397.49559021,26.120101928710938,537371.3754882812,SPY,1322
2021-07-19,529461.6628875732,26.120101928710938,529435.5427856445,SPY,1322
2021-07-20,537048.638961792,26.120101928710938,537022.5188598633,SPY,1322
2021-07-21,541396.497177124,26.120101928710938,541370.3770751953,SPY,1322
2021-07-22,542530.1702728271,26.120101928710938,542504.0501708984,SPY,1322
2021-07-23,548111.4728851318,26.120101928710938,548085.3527832031,SPY,1322
2021-07-26,549456.872543335,26.120101928710938,549430.7524414062,SPY,1322
2021-07-27,546952.9073944092,26.120101928710938,546926.7872924805,SPY,1322
2021-07-28,546728.6337738037,26.120101928710938,546702.513671875,SPY,1322
2021-07-29,548995.97996521,26.120101928710938,548969.8598632812,SPY,1322
2021-07-30,546330.032699585,26.120101928710938,546303.9125976562,SPY,1322
2021-08-02,545183.7318572998,26.120101928710938,545157.6117553711,SPY,1322
2021-08-03,549618.9353485107,26.120101928710938,549592.815246582,SPY,1322
2021-08-04,546915.5082855225,26.120101928710938,546889.3881835938,SPY,1322
2021-08-05,550378.8594207764,26.120101928710938,550352.7393188477,SPY,1322
2021-08-06,551288.2992401123,26.120101928710938,551262.1791381836,SPY,1322
2021-08-09,550839.8326873779,26.120101928710938,550813.7125854492,SPY,1322
2021-08-10,551524.9988861084,26.120101928710938,551498.8787841797,SPY,1322
2021-08-11,552895.4926605225,26.120101928710938,552869.3725585938,SPY,1322
2021-08-12,554552.3901824951,26.120101928710938,554526.2700805664,SPY,1322
2021-08-13,555561.5609588623,26.120101928710938,555535.4408569336,SPY,1322
2021-08-16,556869.601852417,26.120101928710938,556843.4817504883,SPY,1322
2021-08-17,553219.3762054443,26.120101928710938,553193.2561035156,SPY,1322
2021-08-18,547164.6743011475,26.120101928710938,547138.5541992188,SPY,1322
2021-08-19,548011.8226165771,26.120101928710938,547985.7025146484,SPY,1322
2021-08-20,552372.1068572998,26.120101928710938,552345.9867553711,SPY,1322
2021-08-23,557230.9248504639,26.120101928710938,557204.8047485352,SPY,1322
2021-08-24,558115.5126190186,26.120101928710938,558089.3925170898,SPY,1322
2021-08-25,559286.4637908936,26.120101928710938,559260.3436889648,SPY,1322
2021-08-26,555985.1351165771,26.120101928710938,555959.0150146484,SPY,1322
2021-08-27,560955.94871521,26.120101928710938,560929.8286132812,SPY,1322
2021-08-30,563422.6761322021,26.120101928710938,563396.5560302734,SPY,1322
2021-08-31,562587.9538421631,26.120101928710938,562561.8337402344,SPY,1322
2021-09-01,562886.9449920654,26.120101928710938,562860.8248901367,SPY,1322
2021-09-02,564618.560043335,26.120101928710938,564592.4399414062,SPY,1322
2021-09-03,564481.6316986084,26.120101928710938,564455.5115966797,SPY,1322
2021-09-07,562463.290145874,26.120101928710938,562437.1700439453,SPY,1322
2021-09-08,561778.1239471436,26.120101928710938,561752.0038452148,SPY,1322
2021-09-09,559373.7283782959,26.120101928710938,559347.6082763672,SPY,1322
2021-09-10,554963.4576263428,26.120101928710938,554937.3375244141,SPY,1322
2021-09-13,556383.7765350342,26.120101928710938,556357.6564331055,SPY,1322
2021-09-14,553381.4390106201,26.120101928710938,553355.3189086914,SPY,1322
2021-09-15,558003.3152923584,26.120101928710938,557977.1951904297,SPY,1322
2021-09-16,557118.767868042,26.120101928710938,557092.6477661133,SPY,1322
2021-09-17,551692.064376831,26.120101928710938,551665.9442749023,SPY,1322
2021-09-20,542493.4973602295,26.120101928710938,542467.3772583008,SPY,1322
2021-09-21,541981.044845581,26.120101928710938,541954.9247436523,SPY,1322
2021-09-22,547267.7941741943,26.120101928710938,547241.6740722656,SPY,1322
2021-09-23,553916.7263641357,26.120101928710938,553890.606262207,SPY,1322
2021-09-24,554829.1516571045,26.120101928710938,554803.0315551758,SPY,1322
2021-09-27,553241.9286346436,26.120101928710938,553215.8085327148,SPY,1322
2021-09-28,542093.5649261475,26.120101928710938,542067.4448242188,SPY,1322
2021-09-29,543005.9498748779,26.120101928710938,542979.8297729492,SPY,1322
2021-09-30,536369.5243988037,26.120101928710938,536343.404296875,SPY,1322
2021-10-01,542743.4702606201,26.120101928710938,542717.3501586914,SPY,1322
2021-10-04,535744.4711151123,26.120101928710938,535718.3510131836,SPY,1322
2021-10-05,541318.753829956,26.120101928710938,541292.6337280273,SPY,1322
2021-10-06,543568.3485565186,26.120101928710938,543542.2284545898,SPY,1322
2021-10-07,548267.6050872803,26.120101928710938,548241.4849853516,SPY,1322
2021-10-08,547267.7941741943,26.120101928710938,547241.6740722656,SPY,1322
2021-10-11,543305.9496307373,26.120101928710938,543279.8295288086,SPY,1322
2021-10-12,541968.6188201904,26.120101928710938,541942.4987182617,SPY,1322
2021-10-13,543918.2541351318,26.120101928710938,543892.1340332031,SPY,1322
2021-10-14,553066.9153289795,26.120101928710938,553040.7952270508,SPY,1322
2021-10-15,557278.6924285889,26.120101928710938,557252.5723266602,SPY,1322
2021-10-18,558928.5297088623,26.120101928710938,558902.4096069336,SPY,1322
2021-10-19,563240.3605194092,26.120101928710938,563214.2404174805,SPY,1322
2021-10-20,565452.556137085,26.120101928710938,565426.4360351562,SPY,1322
2021-10-21,566927.2994232178,26.120101928710938,566901.1793212891,SPY,1322
2021-10-22,566339.8066253662,26.120101928710938,566313.6865234375,SPY,1322
2021-10-25,569376.8401947021,26.120101928710938,569350.7200927734,SPY,1322
2021-10-26,569889.2927093506,26.120101928710938,569863.1726074219,SPY,1322
2021-10-27,567364.6713104248,26.120101928710938,567338.5512084961,SPY,1322
2021-10-28,572838.8599700928,26.120101928710938,572812.7398681641,SPY,1322
2021-10-29,574001.1774749756,26.120101928710938,573975.0573730469,SPY,1322
2021-11-01,574988.5623626709,26.120101928710938,574962.4422607422,SPY,1322
2021-11-02,577313.2377166748,26.120101928710938,577287.1176147461,SPY,1322
2021-11-03,580837.6296844482,26.120101928710938,580811.5095825195,SPY,1322
2021-11-04,583574.7441864014,26.120101928710938,583548.6240844727,SPY,1322
2021-11-05,585599.4601287842,26.120101928710938,585573.3400268555,SPY,1322
2021-11-08,586099.3252410889,26.120101928710938,586073.2051391602,SPY,1322
2021-11-09,584162.2369842529,26.120101928710938,584136.1168823242,SPY,1322
2021-11-10,579462.8190765381,26.120101928710938,579436.6989746094,SPY,1322
2021-11-11,579650.3794403076,26.120101928710938,579624.2593383789,SPY,1322
2021-11-12,584024.6631317139,26.120101928710938,583998.5430297852,SPY,1322
2021-11-15,584224.6898651123,26.120101928710938,584198.5697631836,SPY,1322
2021-11-16,586536.8181610107,26.120101928710938,586510.698059082,SPY,1322
2021-11-17,585112.1017303467,26.120101928710938,585085.981628418,SPY,1322
2021-11-18,587099.2571868896,26.120101928710938,587073.1370849609,SPY,1322
2021-11-19,586049.3790740967,26.120101928710938,586023.258972168,SPY,1322
2021-11-22,584399.6224822998,26.120101928710938,584373.5023803711,SPY,1322
2021-11-23,585174.5142669678,26.120101928710938,585148.3941650391,SPY,1322
2021-11-24,586736.8448944092,26.120101928710938,586710.7247924805,SPY,1322
2021-11-26,573651.3525848389,26.120101928710938,573625.2324829102,SPY,1322
2021-11-29,580687.7104949951,26.120101928710938,580661.5903930664,SPY,1322
2021-11-30,569389.3872528076,26.120101928710938,569363.2671508789,SPY,1322
2021-12-01,563065.46824646,26.120101928710938,563039.3481445312,SPY,1322
2021-12-02,571689.170211792,26.120101928710938,571663.0501098633,SPY,1322
2021-12-03,566714.9273529053,26.120101928710938,566688.8072509766,SPY,1322
2021-12-06,573426.3931121826,26.120101928710938,573400.2730102539,SPY,1322
2021-12-07,585286.9940032959,26.120101928710938,585260.8739013672,SPY,1322
2021-12-08,586836.8179168701,26.120101928710938,586810.6978149414,SPY,1322
2021-12-09,582874.81199646,26.120101928710938,582848.6918945312,SPY,1322
2021-12-10,588361.5477142334,26.120101928710938,588335.4276123047,SPY,1322
2021-12-13,583149.9193572998,26.120101928710938,583123.7992553711,SPY,1322
2021-12-14,579137.8865814209,26.120101928710938,579111.7664794922,SPY,1322
2021-12-15,588186.6150970459,26.120101928710938,588160.4949951172,SPY,1322
2021-12-16,582999.8791351318,26.120101928710938,582973.7590332031,SPY,1322
2021-12-17,576795.419418335,26.120101928710938,576769.2993164062,SPY,1322
2021-12-20,570662.2883148193,26.120101928710938,570636.1682128906,SPY,1322
2021-12-21,580796.2364959717,26.120101928710938,580770.116394043,SPY,1322
2021-12-22,586603.2247772217,26.120101928710938,586577.104675293,SPY,1322
2021-12-23,590252.966293335,26.120101928710938,590226.8461914062,SPY,1322
2021-12-27,598605.9584197998,26.120101928710938,598579.8383178711,SPY,1322
2021-12-28,598116.8248748779,26.120101928710938,598090.7047729492,SPY,1322
2021-12-29,598881.9130096436,26.120101928710938,598855.7929077148,SPY,1322
2021-12-30,597226.2661590576,26.120101928710938,597200.1460571289,SPY,1322
2021-12-31,595721.2243499756,26.120101928710938,595695.1042480469,SPY,1322
2022-01-03,599170.2129364014,26.120101928710938,599144.0928344727,SPY,1322
2022-01-04,598969.5810394287,26.120101928710938,598943.4609375,SPY,1322
2022-01-05,587468.5683441162,26.120101928710938,587442.4482421875,SPY,1322
2022-01-06,586916.8205413818,26.120101928710938,586890.7004394531,SPY,1322
2022-01-07,584596.3409881592,26.120101928710938,584570.2208862305,SPY,1322
2022-01-10,583868.9747161865,26.120101928710938,583842.8546142578,SPY,1322
2022-01-11,589186.8697967529,26.120101928710938,589160.7496948242,SPY,1322
2022-01-12,590779.6199798584,26.120101928710938,590753.4998779297,SPY,1322
2022-01-13,582639.9681854248,26.120101928710938,582613.8480834961,SPY,1322
2022-01-14,582878.0798797607,26.120101928710938,582851.959777832,SPY,1322
2022-01-18,572556.0468597412,26.120101928710938,572529.9267578125,SPY,1322
2022-01-19,566611.2426605225,26.120101928710938,566585.1225585938,SPY,1322
2022-01-20,560340.2552947998,26.120101928710938,560314.1351928711,SPY,1322
2022-01-21,549340.9232025146,26.120101928710938,549314.8031005859,SPY,1322
2022-01-24,551673.7480926514,26.120101928710938,551647.6279907227,SPY,1322
2022-01-25,544938.6809539795,26.120101928710938,544912.5608520508,SPY,1322
2022-01-26,543571.576095581,26.120101928710938,543545.4559936523,SPY,1322
2022-01-27,540887.6352996826,26.120101928710938,540861.5151977539,SPY,1322
2022-01-28,554320.0477142334,26.120101928710938,554293.9276123047,SPY,1322
2022-01-31,564303.552230835,26.120101928710938,564277.4321289062,SPY,1322
2022-02-01,568116.2844696045,26.120101928710938,568090.1643676758,SPY,1322
2022-02-02,573634.7711029053,26.120101928710938,573608.6510009766,SPY,1322
2022-02-03,560152.089767456,26.120101928710938,560125.9696655273,SPY,1322
2022-02-04,562785.9633636475,26.120101928710938,562759.8432617188,SPY,1322
2022-02-07,560979.8325042725,26.120101928710938,560953.7124023438,SPY,1322
2022-02-08,565595.3343963623,26.120101928710938,565569.2142944336,SPY,1322
2022-02-09,573873.0845184326,26.120101928710938,573846.9644165039,SPY,1322
2022-02-10,563563.517868042,26.120101928710938,563537.3977661133,SPY,1322
2022-02-11,552451.3025970459,26.120101928710938,552425.1824951172,SPY,1322
2022-02-14,550645.2524261475,26.120101928710938,550619.1323242188,SPY,1322
2022-02-15,559524.938583374,26.120101928710938,559498.8184814453,SPY,1322
2022-02-16,560152.089767456,26.120101928710938,560125.9696655273,SPY,1322
2022-02-17,548187.0376434326,26.120101928710938,548160.9175415039,SPY,1322
2022-02-18,544637.6322479248,26.120101928710938,544611.5121459961,SPY,1322
2022-02-22,538793.083480835,26.120101928710938,538766.9633789062,SPY,1322
2022-02-23,529236.0175628662,26.120101928710938,529209.8974609375,SPY,1322
2022-02-24,537200.2122650146,26.120101928710938,537174.0921630859,SPY,1322
2022-02-25,549052.3408660889,26.120101928710938,549026.2207641602,SPY,1322
2022-02-28,547647.6755218506,26.120101928710938,547621.5554199219,SPY,1322
2022-03-01,539307.3111419678,26.120101928710938,539281.1910400391,SPY,1322
2022-03-02,549227.9593353271,26.120101928710938,549201.8392333984,SPY,1322
2022-03-03,546493.8706512451,26.120101928710938,546467.7505493164,SPY,1322
2022-03-04,542054.0275726318,26.120101928710938,542027.9074707031,SPY,1322
2022-03-07,526075.4095916748,26.120101928710938,526049.2894897461,SPY,1322
2022-03-08,522087.13957214355,26.120101928710938,522061.01947021484,SPY,1322
2022-03-09,536083.967880249,26.120101928710938,536057.8477783203,SPY,1322
2022-03-10,533663.313583374,26.120101928710938,533637.1934814453,SPY,1322
2022-03-11,526878.0582122803,26.120101928710938,526851.9381103516,SPY,1322
2022-03-14,523027.8058319092,26.120101928710938,523001.68572998047,SPY,1322
2022-03-15,534528.7378387451,26.120101928710938,534502.6177368164,SPY,1322
2022-03-16,546380.9874725342,26.120101928710938,546354.8673706055,SPY,1322
2022-03-17,553216.4310760498,26.120101928710938,553190.3109741211,SPY,1322
2022-03-18,559275.3287811279,26.120101928710938,559249.2086791992,SPY,1322
2022-03-21,559111.813583374,26.120101928710938,559085.6934814453,SPY,1322
2022-03-22,565653.9142303467,26.120101928710938,565627.794128418,SPY,1322
2022-03-23,558369.5199432373,26.120101928710938,558343.3998413086,SPY,1322
2022-03-24,566786.17527771,26.120101928710938,566760.0551757812,SPY,1322
2022-03-25,569554.0724334717,26.120101928710938,569527.952331543,SPY,1322
2022-03-28,573605.0777435303,26.120101928710938,573578.9576416016,SPY,1322
2022-03-29,580700.74168396,26.120101928710938,580674.6215820312,SPY,1322
2022-03-30,577115.1878509521,26.120101928710938,577089.0677490234,SPY,1322
2022-03-31,568233.0003509521,26.120101928710938,568206.8802490234,SPY,1322
2022-04-01,569843.3406219482,26.120101928710938,569817.2205200195,SPY,1322
2022-04-04,574724.7513885498,26.120101928710938,574698.6312866211,SPY,1322
2022-04-05,567465.6529388428,26.120101928710938,567439.5328369141,SPY,1322
2022-04-06,561791.5182342529,26.120101928710938,561765.3981323242,SPY,1322
2022-04-07,564622.150680542,26.120101928710938,564596.0305786133,SPY,1322
2022-04-08,563112.5903167725,26.120101928710938,563086.4702148438,SPY,1322
2022-04-11,553488.149520874,26.120101928710938,553462.0294189453,SPY,1322
2022-04-12,551437.4518890381,26.120101928710938,551411.3317871094,SPY,1322
2022-04-13,557753.0599822998,26.120101928710938,557726.9398803711,SPY,1322
2022-04-14,550808.3641815186,26.120101928710938,550782.2440795898,SPY,1322
2022-04-18,551034.8567352295,26.120101928710938,551008.7366333008,SPY,1322
2022-04-19,559929.5509490967,26.120101928710938,559903.430847168,SPY,1322
2022-04-20,559514.328048706,26.120101928710938,559488.2079467773,SPY,1322
2022-04-21,551148.0223236084,26.120101928710938,551121.9022216797,SPY,1322
2022-04-22,536025.6704559326,26.120101928710938,535999.5503540039,SPY,1322
2022-04-25,539133.1450653076,26.120101928710938,539107.0249633789,SPY,1322
2022-04-26,523520.16691589355,26.120101928710938,523494.04681396484,SPY,1322
2022-04-27,524992.2474822998,26.120101928710938,524966.1273803711,SPY,1322
2022-04-28,538252.5110321045,26.120101928710938,538226.3909301758,SPY,1322
2022-04-29,518362.0350189209,26.120101928710938,518335.9149169922,SPY,1322
2022-05-02,521482.1777191162,26.120101928710938,521456.0576171875,SPY,1322
2022-05-03,523872.533493042,26.120101928710938,523846.4133911133,SPY,1322
2022-05-04,539825.2101287842,26.120101928710938,539799.0900268555,SPY,1322
2022-05-05,520639.1445159912,26.120101928710938,520613.0244140625,SPY,1322
2022-05-06,517531.6699066162,26.120101928710938,517505.5498046875,SPY,1322
2022-05-09,500962.65434265137,26.120101928710938,500936.53424072266,SPY,1322
2022-05-10,502120.0095062256,26.120101928710938,502093.8894042969,SPY,1322
2022-05-11,494143.75187683105,26.120101928710938,494117.63177490234,SPY,1322
2022-05-12,493627.82975769043,26.120101928710938,493601.7096557617,SPY,1322
2022-05-13,505428.801864624,26.120101928710938,505402.6817626953,SPY,1322
2022-05-16,503378.18492126465,26.120101928710938,503352.06481933594,SPY,1322
2022-05-17,513732.2916107178,26.120101928710938,513706.17150878906,SPY,1322
2022-05-18,493023.9168548584,26.120101928710938,492997.7967529297,SPY,1322
2022-05-19,490004.55406188965,26.120101928710938,489978.43395996094,SPY,1322
2022-05-20,490218.45921325684,26.120101928710938,490192.3391113281,SPY,1322
2022-05-23,499389.9552459717,26.120101928710938,499363.83514404297,SPY,1322
2022-05-24,495577.9492034912,26.120101928710938,495551.8291015625,SPY,1322
2022-05-25,499955.9849090576,26.120101928710938,499929.8648071289,SPY,1322
2022-05-26,509945.37968444824,26.120101928710938,509919.25958251953,SPY,1322
2022-05-27,522463.47062683105,26.120101928710938,522437.35052490234,SPY,1322
2022-05-31,519532.0986175537,26.120101928710938,519505.978515625,SPY,1322
2022-06-01,515330.0444793701,26.120101928710938,515303.9243774414,SPY,1322
2022-06-02,525143.17527771,26.120101928710938,525117.0551757812,SPY,1322
2022-06-03,516525.20219421387,26.120101928710938,516499.08209228516,SPY,1322
2022-06-06,518097.8609466553,26.120101928710938,518071.74084472656,SPY,1322
2022-06-07,523067.22215270996,26.120101928710938,523041.10205078125,SPY,1322
2022-06-08,517380.7017669678,26.120101928710938,517354.58166503906,SPY,1322
2022-06-09,505076.55632019043,26.120101928710938,505050.4362182617,SPY,1322
2022-06-10,490432.32402038574,26.120101928710938,490406.20391845703,SPY,1322
2022-06-13,471812.4897918701,26.120101928710938,471786.3696899414,SPY,1322
2022-06-14,470390.75883483887,26.120101928710938,470364.63873291016,SPY,1322
2022-06-15,477096.455368042,26.120101928710938,477070.3352661133,SPY,1322
2022-06-16,461307.3746185303,26.120101928710938,461281.25451660156,SPY,1322
2022-06-17,462301.8197479248,26.120101928710938,462275.6996459961,SPY,1322
2022-06-21,473938.8732147217,26.120101928710938,473912.75311279297,SPY,1322
2022-06-22,473079.7023162842,26.120101928710938,473053.58221435547,SPY,1322
2022-06-23,477716.7883758545,26.120101928710938,477690.6682739258,SPY,1322
2022-06-24,492904.4575653076,26.120101928710938,492878.3374633789,SPY,1322
2022-06-27,491021.7533416748,26.120101928710938,490995.6332397461,SPY,1322
2022-06-28,480989.35160827637,26.120101928710938,480963.23150634766,SPY,1322
2022-06-29,480597.6493988037,26.120101928710938,480571.529296875,SPY,1322
2022-06-30,476693.4164276123,26.120101928710938,476667.2963256836,SPY,1322
2022-07-01,481734.8727874756,26.120101928710938,481708.7526855469,SPY,1322
2022-07-05,482644.5546722412,26.120101928710938,482618.4345703125,SPY,1322
2022-07-06,484274.4618988037,26.120101928710938,484248.341796875,SPY,1322
2022-07-07,491527.2263031006,26.120101928710938,491501.1062011719,SPY,1322
2022-07-08,491122.9366912842,26.120101928710938,491096.81658935547,SPY,1322
2022-07-11,485512.8282928467,26.120101928710938,485486.70819091797,SPY,1322
2022-07-12,481216.85276794434,26.120101928710938,481190.7326660156,SPY,1322
2022-07-13,478689.8107147217,26.120101928710938,478663.69061279297,SPY,1322
2022-07-14,477527.33183288574,26.120101928710938,477501.21173095703,SPY,1322
2022-07-15,486650.05168151855,26.120101928710938,486623.93157958984,SPY,1322
2022-07-18,482631.96726989746,26.120101928710938,482605.84716796875,SPY,1322
2022-07-19,495671.588180542,26.120101928710938,495645.4680786133,SPY,1322
2022-07-20,498830.54203796387,26.120101928710938,498804.42193603516,SPY,1322
2022-07-21,503909.84129333496,26.120101928710938,503883.72119140625,SPY,1322
2022-07-22,499234.791305542,26.120101928710938,499208.6712036133,SPY,1322
2022-07-25,499841.3265838623,26.120101928710938,499815.2064819336,SPY,1322
2022-07-26,493927.95054626465,26.120101928710938,493901.83044433594,SPY,1322
2022-07-27,506752.7383880615,26.120101928710938,506726.6182861328,SPY,1322
2022-07-28,513108.32762145996,26.120101928710938,513082.20751953125,SPY,1322
2022-07-29,520588.47215270996,26.120101928710938,520562.35205078125,SPY,1322
2022-08-01,519046.99949645996,26.120101928710938,519020.87939453125,SPY,1322
2022-08-02,515622.7419281006,26.120101928710938,515596.6218261719,SPY,1322
2022-08-03,523696.79399108887,26.120101928710938,523670.67388916016,SPY,1322
2022-08-04,523342.9750213623,26.120101928710938,523316.8549194336,SPY,1322
2022-08-05,522458.4679412842,26.120101928710938,522432.34783935547,SPY,1322
2022-08-08,521852.01335144043,26.120101928710938,521825.8932495117,SPY,1322
2022-08-09,519779.89292907715,26.120101928710938,519753.77282714844,SPY,1322
2022-08-10,530696.6807098389,26.120101928710938,530670.5606079102,SPY,1322
2022-08-11,530696.6807098389,26.120101928710938,530670.5606079102,SPY,1322
2022-08-12,539680.455001831,26.120101928710938,539654.3348999023,SPY,1322
2022-08-15,541904.1890716553,26.120101928710938,541878.0689697266,SPY,1322
2022-08-16,542965.6863250732,26.120101928710938,542939.5662231445,SPY,1322
2022-08-17,539111.8433074951,26.120101928710938,539085.7232055664,SPY,1322
2022-08-18,540678.6521453857,26.120101928710938,540652.532043457,SPY,1322
2022-08-19,533413.3406829834,26.120101928710938,533387.2205810547,SPY,1322
2022-08-22,522306.9753265381,26.120101928710938,522280.8552246094,SPY,1322
2022-08-23,521043.35343933105,26.120101928710938,521017.23333740234,SPY,1322
2022-08-24,522711.2245941162,26.120101928710938,522685.1044921875,SPY,1322
2022-08-25,530090.1454315186,26.120101928710938,530064.0253295898,SPY,1322
2022-08-26,512148.1347503662,26.120101928710938,512122.0146484375,SPY,1322
2022-08-29,508761.8007659912,26.120101928710938,508735.6806640625,SPY,1322
2022-08-30,503176.9478607178,26.120101928710938,503150.82775878906,SPY,1322
2022-08-31,499348.4410247803,26.120101928710938,499322.32092285156,SPY,1322
2022-09-01,500915.33055114746,26.120101928710938,500889.21044921875,SPY,1322
2022-09-02,495633.62425231934,26.120101928710938,495607.5041503906,SPY,1322
2022-09-06,493763.7091522217,26.120101928710938,493737.58905029297,SPY,1322
2022-09-07,502633.67234802246,26.120101928710938,502607.55224609375,SPY,1322
2022-09-08,505918.8229827881,26.120101928710938,505892.7028808594,SPY,1322
2022-09-09,513778.082321167,26.120101928710938,513751.9622192383,SPY,1322
2022-09-12,519299.67546081543,26.120101928710938,519273.5553588867,SPY,1322
2022-09-13,496720.37699890137,26.120101928710938,496694.25689697266,SPY,1322
2022-09-14,498615.66862487793,26.120101928710938,498589.5485229492,SPY,1322
2022-09-15,492954.96855163574,26.120101928710938,492928.84844970703,SPY,1322
2022-09-16,489194.5224456787,26.120101928710938,489168.40234375,SPY,1322
2022-09-19,492987.9701385498,26.120101928710938,492961.8500366211,SPY,1322
2022-09-20,487329.52934265137,26.120101928710938,487303.40924072266,SPY,1322
2022-09-21,478829.11936950684,26.120101928710938,478802.9992675781,SPY,1322
2022-09-22,474807.202255249,26.120101928710938,474781.0821533203,SPY,1322
2022-09-23,466852.32707214355,26.120101928710938,466826.20697021484,SPY,1322
2022-09-26,462234.12211608887,26.120101928710938,462208.00201416016,SPY,1322
2022-09-27,461054.2548675537,26.120101928710938,461028.134765625,SPY,1322
2022-09-28,470125.6568450928,26.120101928710938,470099.53674316406,SPY,1322
2022-09-29,460305.7078704834,26.120101928710938,460279.5877685547,SPY,1322
2022-09-30,453188.21769714355,26.120101928710938,453162.09759521484,SPY,1322
2022-10-03,465152.2208709717,26.120101928710938,465126.10076904297,SPY,1322
2022-10-04,479564.95793151855,26.120101928710938,479538.83782958984,SPY,1322
2022-10-05,478448.47148132324,26.120101928710938,478422.35137939453,SPY,1322
2022-10-06,473513.2011566162,26.120101928710938,473487.0810546875,SPY,1322
2022-10-07,460305.7078704834,26.120101928710938,460279.5877685547,SPY,1322
2022-10-10,456791.28092956543,26.120101928710938,456765.1608276367,SPY,1322
2022-10-11,453898.6393890381,26.120101928710938,453872.5192871094,SPY,1322
2022-10-12,452401.54539489746,26.120101928710938,452375.42529296875,SPY,1322
2022-10-13,464340.2930755615,26.120101928710938,464314.1729736328,SPY,1322
2022-10-14,453759.08866882324,26.120101928710938,453732.96856689453,SPY,1322
2022-10-17,465418.65422058105,26.120101928710938,465392.53411865234,SPY,1322
2022-10-18,470886.8719329834,26.120101928710938,470860.7518310547,SPY,1322
2022-10-19,467550.0806732178,26.120101928710938,467523.96057128906,SPY,1322
2022-10-20,463629.75035095215,26.120101928710938,463603.63024902344,SPY,1322
2022-10-21,474896.1209564209,26.120101928710938,474870.0008544922,SPY,1322
2022-10-24,480706.7402191162,26.120101928710938,480680.6201171875,SPY,1322
2022-10-25,488382.59465026855,26.120101928710938,488356.47454833984,SPY,1322
2022-10-26,484703.24046325684,26.120101928710938,484677.1203613281,SPY,1322
2022-10-27,482114.9962005615,26.120101928710938,482088.8760986328,SPY,1322
2022-10-28,493584.33866882324,26.120101928710938,493558.21856689453,SPY,1322
2022-10-31,490019.15867614746,26.120101928710938,489993.03857421875,SPY,1322
2022-11-01,487874.98344421387,26.120101928710938,487848.86334228516,SPY,1322
2022-11-02,475631.91917419434,26.120101928710938,475605.7990722656,SPY,1322
2022-11-03,470734.61277770996,26.120101928710938,470708.49267578125,SPY,1322
2022-11-04,477509.580368042,26.120101928710938,477483.4602661133,SPY,1322
2022-11-07,482077.03227233887,26.120101928710938,482050.91217041016,SPY,1322
2022-11-08,484677.9042816162,26.120101928710938,484651.7841796875,SPY,1322
2022-11-09,474693.0280609131,26.120101928710938,474666.9079589844,SPY,1322
2022-11-10,500777.9584197998,26.120101928710938,500751.8383178711,SPY,1322
2022-11-11,505624.51176452637,26.120101928710938,505598.39166259766,SPY,1322
2022-11-14,501323.57389831543,26.120101928710938,501297.4537963867,SPY,1322
2022-11-15,505599.0948944092,26.120101928710938,505572.97479248047,SPY,1322
2022-11-16,501742.1857147217,26.120101928710938,501716.06561279297,SPY,1322
2022-11-17,500207.0874481201,26.120101928710938,500180.9673461914,SPY,1322
2022-11-18,502478.0242767334,26.120101928710938,502451.9041748047,SPY,1322
2022-11-21,500651.11613464355,26.120101928710938,500624.99603271484,SPY,1322
2022-11-22,507387.9987640381,26.120101928710938,507361.8786621094,SPY,1322
2022-11-23,510585.1989593506,26.120101928710938,510559.0788574219,SPY,1322
2022-11-25,510470.98442077637,26.120101928710938,510444.86431884766,SPY,1322
2022-11-28,502325.76512145996,26.120101928710938,502299.64501953125,SPY,1322
2022-11-29,501463.084274292,26.120101928710938,501436.9641723633,SPY,1322
2022-11-30,517258.6201019287,26.120101928710938,517232.5,SPY,1322
2022-12-01,516878.0529022217,26.120101928710938,516851.93280029297,SPY,1322
2022-12-02,516281.7650604248,26.120101928710938,516255.6449584961,SPY,1322
2022-12-05,506994.6827850342,26.120101928710938,506968.56268310547,SPY,1322
2022-12-06,499686.8888397217,26.120101928710938,499660.76873779297,SPY,1322
2022-12-07,498836.83573913574,26.120101928710938,498810.71563720703,SPY,1322
2022-12-08,502744.4576263428,26.120101928710938,502718.33752441406,SPY,1322
2022-12-09,498989.0545501709,26.120101928710938,498962.9344482422,SPY,1322
2022-12-12,506182.7953338623,26.120101928710938,506156.6752319336,SPY,1322
2022-12-13,510014.20695495605,26.120101928710938,509988.08685302734,SPY,1322
2022-12-14,506753.6259613037,26.120101928710938,506727.505859375,SPY,1322
2022-12-15,494358.2218475342,26.120101928710938,494332.10174560547,SPY,1322
2022-12-16,488522.02433776855,26.120101928710938,488495.90423583984,SPY,1322
2022-12-19,484379.80070495605,26.120101928710938,484353.68060302734,SPY,1322
2022-12-20,485042.53550720215,26.120101928710938,485016.41540527344,SPY,1322
2022-12-21,492294.77543640137,26.120101928710938,492268.65533447266,SPY,1322
2022-12-22,485271.93284606934,26.120101928710938,485245.8127441406,SPY,1322
2022-12-23,488063.27000427246,26.120101928710938,488037.14990234375,SPY,1322
2022-12-27,486138.728805542,26.120101928710938,486112.6087036133,SPY,1322
2022-12-28,480097.30015563965,26.120101928710938,480071.18005371094,SPY,1322
2022-12-29,488738.75358581543,26.120101928710938,488712.6334838867,SPY,1322
2022-12-30,487451.409286499,26.120101928710938,487425.2891845703,SPY,1322
2023-01-03,485399.4206390381,26.120101928710938,485373.3005371094,SPY,1322
2023-01-04,489146.67417907715,26.120101928710938,489120.55407714844,SPY,1322
2023-01-05,483564.08055114746,26.120101928710938,483537.96044921875,SPY,1322
2023-01-06,494652.65409851074,26.120101928710938,494626.53399658203,SPY,1322
2023-01-09,494372.30198669434,26.120101928710938,494346.1818847656,SPY,1322
2023-01-10,497839.04203796387,26.120101928710938,497812.92193603516,SPY,1322
2023-01-11,504135.32524108887,26.120101928710938,504109.20513916016,SPY,1322
2023-01-12,505970.6249847412,26.120101928710938,505944.5048828125,SPY,1322
2023-01-13,507933.49320983887,26.120101928710938,507907.37310791016,SPY,1322
2023-01-17,507002.9936981201,26.120101928710938,506976.8735961914,SPY,1322
2023-01-18,498998.8985443115,26.120101928710938,498972.7784423828,SPY,1322
2023-01-19,495366.4243621826,26.120101928710938,495340.3042602539,SPY,1322
2023-01-20,504594.1602630615,26.120101928710938,504568.0401611328,SPY,1322
2023-01-23,510648.2166595459,26.120101928710938,510622.0965576172,SPY,1322
2023-01-24,510100.1401824951,26.120101928710938,510074.0200805664,SPY,1322
2023-01-25,510291.4122161865,26.120101928710938,510265.2921142578,SPY,1322
2023-01-26,515899.30168151855,26.120101928710938,515873.18157958984,SPY,1322
2023-01-27,517084.65574645996,26.120101928710938,517058.53564453125,SPY,1322
2023-01-30,510597.1811981201,26.120101928710938,510571.0610961914,SPY,1322
2023-01-31,518104.39671325684,26.120101928710938,518078.2766113281,SPY,1322
2023-02-01,523610.37663269043,26.120101928710938,523584.2565307617,SPY,1322
2023-02-02,531232.1697845459,26.120101928710938,531206.0496826172,SPY,1322
2023-02-03,525585.9532928467,26.120101928710938,525559.833190918,SPY,1322
2023-02-06,522374.0274505615,26.120101928710938,522347.9073486328,SPY,1322
2023-02-07,529205.6383514404,26.120101928710938,529179.5182495117,SPY,1322
2023-02-08,523419.1852874756,26.120101928710938,523393.0651855469,SPY,1322
2023-02-09,518881.7091522217,26.120101928710938,518855.58905029297,SPY,1322
2023-02-10,520092.6011199951,26.120101928710938,520066.4810180664,SPY,1322
2023-02-13,526197.652633667,26.120101928710938,526171.5325317383,SPY,1322
2023-02-14,525955.6275482178,26.120101928710938,525929.5074462891,SPY,1322
2023-02-15,527663.4394989014,26.120101928710938,527637.3193969727,SPY,1322
2023-02-16,520398.49113464355,26.120101928710938,520372.37103271484,SPY,1322
2023-02-17,519098.47874450684,26.120101928710938,519072.3586425781,SPY,1322
2023-02-21,508685.34843444824,26.120101928710938,508659.22833251953,SPY,1322
2023-02-22,507984.4076385498,26.120101928710938,507958.2875366211,SPY,1322
2023-02-23,510686.42265319824,26.120101928710938,510660.30255126953,SPY,1322
2023-02-24,505231.39750671387,26.120101928710938,505205.27740478516,SPY,1322
2023-02-27,506951.9985809326,26.120101928710938,506925.8784790039,SPY,1322
2023-02-28,505078.5331878662,26.120101928710938,505052.4130859375,SPY,1322
2023-03-01,503141.122177124,26.120101928710938,503115.0020751953,SPY,1322
2023-03-02,507053.9888153076,26.120101928710938,507027.8687133789,SPY,1322
2023-03-03,515185.61210632324,26.120101928710938,515159.49200439453,SPY,1322
2023-03-06,515542.4972381592,26.120101928710938,515516.37713623047,SPY,1322
2023-03-07,507640.27128601074,26.120101928710938,507614.15118408203,SPY,1322
2023-03-08,508468.7805633545,26.120101928710938,508442.6604614258,SPY,1322
2023-03-09,499088.0593109131,26.120101928710938,499061.9392089844,SPY,1322
2023-03-10,491886.85484313965,26.120101928710938,491860.73474121094,SPY,1322
2023-03-13,491185.9140472412,26.120101928710938,491159.7939453125,SPY,1322
2023-03-14,499304.7482147217,26.120101928710938,499278.62811279297,SPY,1322
2023-03-15,496182.1445159912,26.120101928710938,496156.0244140625,SPY,1322
2023-03-16,504887.2611541748,26.120101928710938,504861.1410522461,SPY,1322
2023-03-17,498984.051864624,26.120101928710938,498957.9317626953,SPY,1322
2023-03-20,503781.86936950684,26.120101928710938,503755.7492675781,SPY,1322
2023-03-21,510396.38792419434,26.120101928710938,510370.2678222656,SPY,1322
2023-03-22,501696.3546600342,26.120101928710938,501670.23455810547,SPY,1322
2023-03-23,503052.60691833496,26.120101928710938,503026.48681640625,SPY,1322
2023-03-24,506353.4918060303,26.120101928710938,506327.37170410156,SPY,1322
2023-03-27,507300.25004577637,26.120101928710938,507274.12994384766,SPY,1322
2023-03-28,506161.65495300293,26.120101928710938,506135.5348510742,SPY,1322
2023-03-29,513518.1040496826,26.120101928710938,513491.9839477539,SPY,1322
2023-03-30,516524.83909606934,26.120101928710938,516498.7189941406,SPY,1322
2023-03-31,523804.7148284912,26.120101928710938,523778.5947265625,SPY,1322
2023-04-03,525800.5039520264,26.120101928710938,525774.3838500977,SPY,1322
2023-04-04,522883.45414733887,26.120101928710938,522857.33404541016,SPY,1322
2023-04-05,521514.5337982178,26.120101928710938,521488.41369628906,SPY,1322
2023-04-06,523548.77098083496,26.120101928710938,523522.65087890625,SPY,1322
2023-04-10,524086.07554626465,26.120101928710938,524059.95544433594,SPY,1322
2023-04-11,524226.83659362793,26.120101928710938,524200.7164916992,SPY,1322
2023-04-12,522090.16539001465,26.120101928710938,522064.04528808594,SPY,1322
2023-04-13,529024.694442749,26.120101928710938,528998.5743408203,SPY,1322
2023-04-14,527732.4281463623,26.120101928710938,527706.3080444336,SPY,1322
2023-04-17,529625.9849700928,26.120101928710938,529599.8648681641,SPY,1322
2023-04-18,529971.4123382568,26.120101928710938,529945.2922363281,SPY,1322
2023-04-19,529881.8884735107,26.120101928710938,529855.768371582,SPY,1322
2023-04-20,526990.4169158936,26.120101928710938,526964.2968139648,SPY,1322
2023-04-21,527399.8302459717,26.120101928710938,527373.710144043,SPY,1322
2023-04-24,527949.9642791748,26.120101928710938,527923.8441772461,SPY,1322
2023-04-25,519569.7801361084,26.120101928710938,519543.6600341797,SPY,1322
2023-04-26,517369.2440032959,26.120101928710938,517343.1239013672,SPY,1322
2023-04-27,527668.4825286865,26.120101928710938,527642.3624267578,SPY,1322
2023-04-28,532171.9888153076,26.120101928710938,532145.8687133789,SPY,1322
2023-05-01,531634.6842498779,26.120101928710938,531608.5641479492,SPY,1322
2023-05-02,525659.7832489014,26.120101928710938,525633.6631469727,SPY,1322
2023-05-03,522051.87870788574,26.120101928710938,522025.75860595703,SPY,1322
2023-05-04,518354.40995788574,26.120101928710938,518328.28985595703,SPY,1322
2023-05-05,527949.9642791748,26.120101928710938,527923.8441772461,SPY,1322
2023-05-08,528090.7253265381,26.120101928710938,528064.6052246094,SPY,1322
2023-05-09,525774.9660491943,26.120101928710938,525748.8459472656,SPY,1322
2023-05-10,528231.4863739014,26.120101928710938,528205.3662719727,SPY,1322
2023-05-11,527310.2660369873,26.120101928710938,527284.1459350586,SPY,1322
2023-05-12,526619.4113006592,26.120101928710938,526593.2911987305,SPY,1322
2023-05-15,528436.1930389404,26.120101928710938,528410.0729370117,SPY,1322
2023-05-16,524904.9828948975,26.120101928710938,524878.8627929688,SPY,1322
2023-05-17,531276.4274139404,26.120101928710938,531250.3073120117,SPY,1322
2023-05-18,536394.1343841553,26.120101928710938,536368.0142822266,SPY,1322
2023-05-19,535613.6750946045,26.120101928710938,535587.5549926758,SPY,1322
2023-05-22,535831.1305389404,26.120101928710938,535805.0104370117,SPY,1322
2023-05-23,529817.942855835,26.120101928710938,529791.8227539062,SPY,1322
2023-05-24,525979.6323699951,26.120101928710938,525953.5122680664,SPY,1322
2023-05-25,530534.3758392334,26.120101928710938,530508.2557373047,SPY,1322
2023-05-26,537404.8382415771,26.120101928710938,537378.7181396484,SPY,1322
2023-05-30,537609.5045623779,26.120101928710938,537583.3844604492,SPY,1322
2023-05-31,534628.5494842529,26.120101928710938,534602.4293823242,SPY,1322
2023-06-01,539707.8083953857,26.120101928710938,539681.688293457,SPY,1322
2023-06-02,547512.1188812256,26.120101928710938,547485.9987792969,SPY,1322
2023-06-05,546463.0879974365,26.120101928710938,546436.9678955078,SPY,1322
2023-06-06,547652.8799285889,26.120101928710938,547626.7598266602,SPY,1322
2023-06-07,545759.2827606201,26.120101928710938,545733.1626586914,SPY,1322
2023-06-08,549060.2886810303,26.120101928710938,549034.1685791016,SPY,1322
2023-06-09,550045.4546356201,26.120101928710938,550019.3345336914,SPY,1322
2023-06-12,555035.1089935303,26.120101928710938,555008.9888916016,SPY,1322
2023-06-13,558694.2103729248,26.120101928710938,558668.0902709961,SPY,1322
2023-06-14,559359.4868621826,26.120101928710938,559333.3667602539,SPY,1322
2023-06-15,566293.9755706787,26.120101928710938,566267.85546875,SPY,1322
2023-06-16,564365.1578826904,26.120101928710938,564339.0377807617,SPY,1322
2023-06-20,561437.1747894287,26.120101928710938,561411.0546875,SPY,1322
2023-06-21,558560.7112884521,26.120101928710938,558534.5911865234,SPY,1322
2023-06-22,560576.833908081,26.120101928710938,560550.7138061523,SPY,1322
2023-06-23,556339.1154632568,26.120101928710938,556312.9953613281,SPY,1322
2023-06-26,554066.1210784912,26.120101928710938,554040.0009765625,SPY,1322
2023-06-27,560140.2689056396,26.120101928710938,560114.1488037109,SPY,1322
2023-06-28,560422.759262085,26.120101928710938,560396.6391601562,SPY,1322
2023-06-29,562631.4852752686,26.120101928710938,562605.3651733398,SPY,1322
2023-06-30,569270.6541595459,26.120101928710938,569244.5340576172,SPY,1322
2023-07-03,569925.642868042,26.120101928710938,569899.5227661133,SPY,1322
2023-07-05,569077.9700775146,26.120101928710938,569051.8499755859,SPY,1322
2023-07-06,564622.0296478271,26.120101928710938,564595.9095458984,SPY,1322
2023-07-07,563196.5063323975,26.120101928710938,563170.3862304688,SPY,1322
2023-07-10,564622.0296478271,26.120101928710938,564595.9095458984,SPY,1322
2023-07-11,568217.629196167,26.120101928710938,568191.5090942383,SPY,1322
2023-07-12,572789.2365570068,26.120101928710938,572763.1164550781,SPY,1322
2023-07-13,577335.2253265381,26.120101928710938,577309.1052246094,SPY,1322
2023-07-14,576975.6371307373,26.120101928710938,576949.5170288086,SPY,1322
2023-07-17,578978.9302825928,26.120101928710938,578952.8101806641,SPY,1322
2023-07-18,583280.8767547607,26.120101928710938,583254.756652832,SPY,1322
2023-07-19,584577.8633270264,26.120101928710938,584551.7432250977,SPY,1322
2023-07-20,580699.6523895264,26.120101928710938,580673.5322875977,SPY,1322
2023-07-21,580699.6523895264,26.120101928710938,580673.5322875977,SPY,1322
2023-07-24,583293.7062225342,26.120101928710938,583267.5861206055,SPY,1322
2023-07-25,584886.0529632568,26.120101928710938,584859.9328613281,SPY,1322
2023-07-26,584975.9802703857,26.120101928710938,584949.860168457,SPY,1322
2023-07-27,581097.809677124,26.120101928710938,581071.6895751953,SPY,1322
2023-07-28,586786.6296844482,26.120101928710938,586760.5095825195,SPY,1322
2023-07-31,587903.9230194092,26.120101928710938,587877.8029174805,SPY,1322
2023-08-01,586221.6086273193,26.120101928710938,586195.4885253906,SPY,1322
2023-08-02,578067.2311859131,26.120101928710938,578041.1110839844,SPY,1322
2023-08-03,576410.5757293701,26.120101928710938,576384.4556274414,SPY,1322
2023-08-04,573803.7327728271,26.120101928710938,573777.6126708984,SPY,1322
2023-08-07,578812.0665130615,26.120101928710938,578785.9464111328,SPY,1322
2023-08-08,576295.0298309326,26.120101928710938,576268.9097290039,SPY,1322
2023-08-09,572442.558517456,26.120101928710938,572416.4384155273,SPY,1322
2023-08-10,572647.9510345459,26.120101928710938,572621.8309326172,SPY,1322
2023-08-11,572314.1024627686,26.120101928710938,572287.9823608398,SPY,1322
2023-08-14,575473.1773529053,26.120101928710938,575447.0572509766,SPY,1322
2023-08-15,568769.901473999,26.120101928710938,568743.7813720703,SPY,1322
2023-08-16,564596.3707122803,26.120101928710938,564570.2506103516,SPY,1322
2023-08-17,560294.3435516357,26.120101928710938,560268.223449707,SPY,1322
2023-08-18,560564.0044403076,26.120101928710938,560537.8843383789,SPY,1322
2023-08-21,564211.042892456,26.120101928710938,564184.9227905273,SPY,1322
2023-08-22,562682.8031463623,26.120101928710938,562656.6830444336,SPY,1322
2023-08-23,568949.5947113037,26.120101928710938,568923.474609375,SPY,1322
2023-08-24,561064.7974700928,26.120101928710938,561038.6773681641,SPY,1322
2023-08-25,565020.06590271,26.120101928710938,564993.9458007812,SPY,1322
2023-08-28,568602.9166717529,26.120101928710938,568576.7965698242,SPY,1322
2023-08-29,576821.5624847412,26.120101928710938,576795.4423828125,SPY,1322
2023-08-30,579197.2329559326,26.120101928710938,579171.1128540039,SPY,1322
2023-08-31,578349.6811981201,26.120101928710938,578323.5610961914,SPY,1322
2023-09-01,579428.4054412842,26.120101928710938,579402.2853393555,SPY,1322
2023-09-05,576924.2789154053,26.120101928710938,576898.1588134766,SPY,1322
2023-09-06,573045.9872894287,26.120101928710938,573019.8671875,SPY,1322
2023-09-07,571286.7767791748,26.120101928710938,571260.6566772461,SPY,1322
2023-09-08,572147.1580047607,26.120101928710938,572121.037902832,SPY,1322
2023-09-11,575909.782699585,26.120101928710938,575883.6625976562,SPY,1322
2023-09-12,572750.7078094482,26.120101928710938,572724.5877075195,SPY,1322
2023-09-13,573418.5259857178,26.120101928710938,573392.4058837891,SPY,1322
2023-09-14,578362.5106658936,26.120101928710938,578336.3905639648,SPY,1322
2023-09-15,571394.5765838623,26.120101928710938,571368.4564819336,SPY,1322
2023-09-18,571729.5951385498,26.120101928710938,571703.4750366211,SPY,1322
2023-09-19,570544.039352417,26.120101928710938,570517.9192504883,SPY,1322
2023-09-20,565299.0463104248,26.120101928710938,565272.9262084961,SPY,1322
2023-09-21,555956.0469207764,26.120101928710938,555929.9268188477,SPY,1322
2023-09-22,554705.9403533936,26.120101928710938,554679.8202514648,SPY,1322
2023-09-25,557038.5231781006,26.120101928710938,557012.4030761719,SPY,1322
2023-09-26,548855.259262085,26.120101928710938,548829.1391601562,SPY,1322
2023-09-27,549074.3284759521,26.120101928710938,549048.2083740234,SPY,1322
2023-09-28,552257.3678436279,26.120101928710938,552231.2477416992,SPY,1322
2023-09-29,550917.2532806396,26.120101928710938,550891.1331787109,SPY,1322
2023-10-02,550698.1437225342,26.120101928710938,550672.0236206055,SPY,1322
2023-10-03,543326.7672576904,26.120101928710938,543300.6471557617,SPY,1322
2023-10-04,547283.0846405029,26.120101928710938,547256.9645385742,SPY,1322
2023-10-05,547076.8852386475,26.120101928710938,547050.7651367188,SPY,1322
2023-10-06,553571.9041595459,26.120101928710938,553545.7840576172,SPY,1322
2023-10-09,557115.8227386475,26.120101928710938,557089.7026367188,SPY,1322
2023-10-10,560015.4438323975,26.120101928710938,559989.3237304688,SPY,1322
2023-10-11,562309.2154998779,26.120101928710938,562283.0953979492,SPY,1322
2023-10-12,558881.286605835,26.120101928710938,558855.1665039062,SPY,1322
2023-10-13,556097.7358856201,26.120101928710938,556071.6157836914,SPY,1322
2023-10-16,561948.4169769287,26.120101928710938,561922.296875,SPY,1322
2023-10-17,561922.5966644287,26.120101928710938,561896.4765625,SPY,1322
2023-10-18,554435.3112030029,26.120101928710938,554409.1911010742,SPY,1322
2023-10-19,549564.02684021,26.120101928710938,549537.9067382812,SPY,1322
2023-10-20,542811.3292694092,26.120101928710938,542785.2091674805,SPY,1322
2023-10-23,541870.5016326904,26.120101928710938,541844.3815307617,SPY,1322
2023-10-24,545955.7592010498,26.120101928710938,545929.6390991211,SPY,1322
2023-10-25,538120.4239959717,26.120101928710938,538094.303894043,SPY,1322
2023-10-26,531677.0457000732,26.120101928710938,531650.9255981445,SPY,1322
2023-10-27,529267.122970581,26.120101928710938,529241.0028686523,SPY,1322
2023-10-30,535594.6326141357,26.120101928710938,535568.512512207,SPY,1322
2023-10-31,538958.1317596436,26.120101928710938,538932.0116577148,SPY,1322
2023-11-01,544705.6929779053,26.120101928710938,544679.5728759766,SPY,1322
2023-11-02,555144.1191253662,26.120101928710938,555117.9990234375,SPY,1322
2023-11-03,560208.6523895264,26.120101928710938,560182.5322875977,SPY,1322
2023-11-06,561497.3683929443,26.120101928710938,561471.2482910156,SPY,1322
2023-11-07,563095.3229827881,26.120101928710938,563069.2028808594,SPY,1322
2023-11-08,563507.721786499,26.120101928710938,563481.6016845703,SPY,1322
2023-11-09,559113.2256317139,26.120101928710938,559087.1055297852,SPY,1322
2023-11-10,567837.7075042725,26.120101928710938,567811.5874023438,SPY,1322
2023-11-13,567296.5298919678,26.120101928710938,567270.4097900391,SPY,1322
2023-11-14,578301.9539642334,26.120101928710938,578275.8338623047,SPY,1322
2023-11-15,579526.1998748779,26.120101928710938,579500.0797729492,SPY,1322
2023-11-16,580235.0077972412,26.120101928710938,580208.8876953125,SPY,1322
2023-11-17,580956.6048431396,26.120101928710938,580930.4847412109,SPY,1322
2023-11-20,585428.4005584717,26.120101928710938,585402.280456543,SPY,1322
2023-11-21,584152.5947113037,26.120101928710938,584126.474609375,SPY,1322
2023-11-22,586407.8376312256,26.120101928710938,586381.7175292969,SPY,1322
2023-11-24,586768.6361541748,26.120101928710938,586742.5160522461,SPY,1322
2023-11-27,585711.9398651123,26.120101928710938,585685.8197631836,SPY,1322
2023-11-28,586291.8882904053,26.120101928710938,586265.7681884766,SPY,1322
2023-11-29,585879.449142456,26.120101928710938,585853.3290405273,SPY,1322
2023-11-30,588186.2519989014,26.120101928710938,588160.1318969727,SPY,1322
2023-12-01,591665.7004852295,26.120101928710938,591639.5803833008,SPY,1322
2023-12-04,588559.9606781006,26.120101928710938,588533.8405761719,SPY,1322
2023-12-05,588444.0516815186,26.120101928710938,588417.9315795898,SPY,1322
2023-12-06,586072.8190765381,26.120101928710938,586046.6989746094,SPY,1322
2023-12-07,590544.5341033936,26.120101928710938,590518.4140014648,SPY,1322
2023-12-08,593083.2759857178,26.120101928710938,593057.1558837891,SPY,1322
2023-12-11,595389.9981536865,26.120101928710938,595363.8780517578,SPY,1322
2023-12-12,598109.240158081,26.120101928710938,598083.1200561523,SPY,1322
2023-12-13,606356.8934783936,26.120101928710938,606330.7733764648,SPY,1322
2023-12-14,608302.7364349365,26.120101928710938,608276.6163330078,SPY,1322
2023-12-15,607301.1907196045,26.120101928710938,607275.0706176758,SPY,1322
2023-12-18,610717.2180633545,26.120101928710938,610691.0979614258,SPY,1322
2023-12-19,614430.7841644287,26.120101928710938,614404.6640625,SPY,1322
2023-12-20,605916.8185272217,26.120101928710938,605890.698425293,SPY,1322
2023-12-21,611661.7977142334,26.120101928710938,611635.6776123047,SPY,1322
2023-12-22,612890.92527771,26.120101928710938,612864.8051757812,SPY,1322
2023-12-26,615478.846786499,26.120101928710938,615452.7266845703,SPY,1322
2023-12-27,616591.6215667725,26.120101928710938,616565.5014648438,SPY,1322
2023-12-28,616824.4885101318,26.120101928710938,616798.3684082031,SPY,1322
2023-12-29,615038.892868042,26.120101928710938,615012.7727661133,SPY,1322
2024-01-02,611597.045211792,26.120101928710938,611570.9251098633,SPY,1322
2024-01-03,606602.6302337646,26.120101928710938,606576.5101318359,SPY,1322
2024-01-04,604648.6780853271,26.120101928710938,604622.5579833984,SPY,1322
2024-01-05,605476.8242645264,26.120101928710938,605450.7041625977,SPY,1322
2024-01-08,614120.2142181396,26.120101928710938,614094.0941162109,SPY,1322
2024-01-09,613188.5447235107,26.120101928710938,613162.424621582,SPY,1322
2024-01-10,616656.2933807373,26.120101928710938,616630.1732788086,SPY,1322
2024-01-11,616384.5749359131,26.120101928710938,616358.4548339844,SPY,1322
2024-01-12,616811.5380096436,26.120101928710938,616785.4179077148,SPY,1322
2024-01-16,614547.2176361084,26.120101928710938,614521.0975341797,SPY,1322
2024-01-17,611131.3516693115,26.120101928710938,611105.2315673828,SPY,1322
2024-01-18,616565.7205657959,26.120101928710938,616539.6004638672,SPY,1322
2024-01-19,624251.580368042,26.120101928710938,624225.4602661133,SPY,1322
2024-01-22,625571.4017791748,26.120101928710938,625545.2816772461,SPY,1322
2024-01-23,627395.8085784912,26.120101928710938,627369.6884765625,SPY,1322
2024-01-24,628081.6606292725,26.120101928710938,628055.5405273438,SPY,1322
2024-01-25,631497.5669403076,26.120101928710938,631471.4468383789,SPY,1322
2024-01-26,630695.3621063232,26.120101928710938,630669.2420043945,SPY,1322
2024-01-29,635689.8577728271,26.120101928710938,635663.7376708984,SPY,1322
2024-01-30,635198.1421966553,26.120101928710938,635172.0220947266,SPY,1322
2024-01-31,624833.8687591553,26.120101928710938,624807.7486572266,SPY,1322
2024-02-01,633011.4844818115,26.120101928710938,632985.3643798828,SPY,1322
2024-02-02,639675.1423187256,26.120101928710938,639649.0222167969,SPY,1322
2024-02-05,637346.069442749,26.120101928710938,637319.9493408203,SPY,1322
2024-02-06,639196.377243042,26.120101928710938,639170.2571411133,SPY,1322
2024-02-07,644527.3035125732,26.120101928710938,644501.1834106445,SPY,1322
2024-02-08,644811.9321136475,26.120101928710938,644785.8120117188,SPY,1322
2024-02-09,648538.4890594482,26.120101928710938,648512.3689575195,SPY,1322
2024-02-12,648253.7797698975,26.120101928710938,648227.6596679688,SPY,1322
2024-02-13,639325.6805267334,26.120101928710938,639299.5604248047,SPY,1322
2024-02-14,645135.4122161865,26.120101928710938,645109.2921142578,SPY,1322
2024-02-15,649586.470993042,26.120101928710938,649560.3508911133,SPY,1322
2024-02-16,646351.7910003662,26.120101928710938,646325.6708984375,SPY,1322
2024-02-20,642793.5098724365,26.120101928710938,642767.3897705078,SPY,1322
2024-02-21,643375.7175750732,26.120101928710938,643349.5974731445,SPY,1322
2024-02-22,656690.1634368896,26.120101928710938,656664.0433349609,SPY,1322
2024-02-23,657143.0275115967,26.120101928710938,657116.907409668,SPY,1322
2024-02-26,654736.2919769287,26.120101928710938,654710.171875,SPY,1322
2024-02-27,655952.5497283936,26.120101928710938,655926.4296264648,SPY,1322
2024-02-28,655085.632736206,26.120101928710938,655059.5126342773,SPY,1322
2024-02-29,657440.6066131592,26.120101928710938,657414.4865112305,SPY,1322
2024-03-01,663612.6295623779,26.120101928710938,663586.5094604492,SPY,1322
2024-03-04,662900.9571990967,26.120101928710938,662874.837097168,SPY,1322
2024-03-05,656276.1105194092,26.120101928710938,656249.9904174805,SPY,1322
2024-03-06,659601.4843597412,26.120101928710938,659575.3642578125,SPY,1322
2024-03-07,666148.6683807373,26.120101928710938,666122.5482788086,SPY,1322
2024-03-08,662150.5140228271,26.120101928710938,662124.3939208984,SPY,1322
2024-03-11,661581.1761322021,26.120101928710938,661555.0560302734,SPY,1322
2024-03-12,668697.7787322998,26.120101928710938,668671.6586303711,SPY,1322
2024-03-13,667649.6354217529,26.120101928710938,667623.5153198242,SPY,1322
2024-03-14,666329.8946990967,26.120101928710938,666303.774597168,SPY,1322
2024-03-15,661754.575668335,26.120101928710938,661728.4555664062,SPY,1322
2024-03-18,665687.3723602295,26.120101928710938,665661.2522583008,SPY,1322
2024-03-19,669386.495223999,26.120101928710938,669360.3751220703,SPY,1322
2024-03-20,675577.6413421631,26.120101928710938,675551.5212402344,SPY,1322
2024-03-21,677810.1301116943,26.120101928710938,677784.0100097656,SPY,1322
2024-03-22,676525.1661224365,26.120101928710938,676499.0460205078,SPY,1322
2024-03-25,674656.2596282959,26.120101928710938,674630.1395263672,SPY,1322
2024-03-26,673410.1067962646,26.120101928710938,673383.9866943359,SPY,1322
2024-03-27,679069.112411499,26.120101928710938,679042.9923095703,SPY,1322
2024-03-28,678939.28465271,26.120101928710938,678913.1645507812,SPY,1322
2024-04-01,677758.1667327881,26.120101928710938,677732.0466308594,SPY,1322
2024-04-02,673449.2003631592,26.120101928710938,673423.0802612305,SPY,1322
2024-04-03,674188.8716278076,26.120101928710938,674162.7515258789,SPY,1322
2024-04-04,665960.0187225342,26.120101928710938,665933.8986206055,SPY,1322
2024-04-05,672916.8581390381,26.120101928710938,672890.7380371094,SPY,1322
2024-04-08,673293.2698822021,26.120101928710938,673267.1497802734,SPY,1322
2024-04-09,674072.0347137451,26.120101928710938,674045.9146118164,SPY,1322
2024-04-10,667322.72605896,26.120101928710938,667296.6059570312,SPY,1322
2024-04-11,672358.8569793701,26.120101928710938,672332.7368774414,SPY,1322
2024-04-12,663078.5121917725,26.120101928710938,663052.3920898438,SPY,1322
2024-04-15,654771.7545623779,26.120101928710938,654745.6344604492,SPY,1322
2024-04-16,653577.6054534912,26.120101928710938,653551.4853515625,SPY,1322
2024-04-17,649709.6822967529,26.120101928710938,649683.5621948242,SPY,1322
2024-04-18,648372.916305542,26.120101928710938,648346.7962036133,SPY,1322
2024-04-19,642713.8703460693,26.120101928710938,642687.7502441406,SPY,1322
2024-04-22,648632.4911346436,26.120101928710938,648606.3710327148,SPY,1322
2024-04-23,656329.2438812256,26.120101928710938,656303.1237792969,SPY,1322
2024-04-24,656017.7863616943,26.120101928710938,655991.6662597656,SPY,1322
2024-04-25,653525.6824188232,26.120101928710938,653499.5623168945,SPY,1322
2024-04-26,659716.9092254639,26.120101928710938,659690.7891235352,SPY,1322
2024-04-29,662053.1633758545,26.120101928710938,662027.0432739258,SPY,1322
2024-04-30,651565.8400115967,26.120101928710938,651539.719909668,SPY,1322
2024-05-01,649450.1478118896,26.120101928710938,649424.0277099609,SPY,1322
2024-05-02,655524.5377044678,26.120101928710938,655498.4176025391,SPY,1322
2024-05-03,663649.6252288818,26.120101928710938,663623.5051269531,SPY,1322
2024-05-06,670502.6992645264,26.120101928710938,670476.5791625977,SPY,1322
2024-05-07,671242.6529388428,26.120101928710938,671216.5328369141,SPY,1322
2024-05-08,671307.4054412842,26.120101928710938,671281.2853393555,SPY,1322
2024-05-09,675175.2479095459,26.120101928710938,675149.1278076172,SPY,1322
2024-05-10,676044.9889984131,26.120101928710938,676018.8688964844,SPY,1322
2024-05-13,676135.8038787842,26.120101928710938,676109.6837768555,SPY,1322
2024-05-14,679237.9127044678,26.120101928710938,679211.7926025391,SPY,1322
2024-05-15,687648.5567474365,26.120101928710938,687622.4366455078,SPY,1322
2024-05-16,686233.6843109131,26.120101928710938,686207.5642089844,SPY,1322
2024-05-17,687220.2623138428,26.120101928710938,687194.1422119141,SPY,1322
2024-05-20,688011.8969573975,26.120101928710938,687985.7768554688,SPY,1322
2024-05-21,689699.4157562256,26.120101928710938,689673.2956542969,SPY,1322
2024-05-22,687713.5109710693,26.120101928710938,687687.3908691406,SPY,1322
2024-05-23,682690.411239624,26.120101928710938,682664.2911376953,SPY,1322
2024-05-24,687207.2714691162,26.120101928710938,687181.1513671875,SPY,1322
2024-05-28,687687.5292816162,26.120101928710938,687661.4091796875,SPY,1322
2024-05-29,682871.9603118896,26.120101928710938,682845.8402099609,SPY,1322
2024-05-30,678342.270614624,26.120101928710938,678316.1505126953,SPY,1322
2024-05-31,684520.5065765381,26.120101928710938,684494.3864746094,SPY,1322
2024-06-03,685078.6287689209,26.120101928710938,685052.5086669922,SPY,1322
2024-06-04,685844.2817230225,26.120101928710938,685818.1616210938,SPY,1322
2024-06-05,693995.5123138428,26.120101928710938,693969.3922119141,SPY,1322
2024-06-06,693982.4407806396,26.120101928710938,693956.3206787109,SPY,1322
2024-06-07,693138.8427581787,26.120101928710938,693112.72265625,SPY,1322
2024-06-10,695280.3149261475,26.120101928710938,695254.1948242188,SPY,1322
2024-06-11,696954.6815032959,26.120101928710938,696928.5614013672,SPY,1322
2024-06-12,702678.7220306396,26.120101928710938,702652.6019287109,SPY,1322
2024-06-13,704093.43309021,26.120101928710938,704067.3129882812,SPY,1322
2024-06-14,704521.8082122803,26.120101928710938,704495.6881103516,SPY,1322
2024-06-17,710128.8504486084,26.120101928710938,710102.7303466797,SPY,1322
2024-06-18,711933.0447845459,26.120101928710938,711906.9246826172,SPY,1322
2024-06-20,709999.1033782959,26.120101928710938,709972.9832763672,SPY,1322
2024-06-21,709047.2214202881,26.120101928710938,709021.1013183594,SPY,1322
2024-06-24,706742.4357757568,26.120101928710938,706716.3156738281,SPY,1322
2024-06-25,709463.8160247803,26.120101928710938,709437.6959228516,SPY,1322
2024-06-26,710349.3720550537,26.120101928710938,710323.251953125,SPY,1322
2024-06-27,711469.1667327881,26.120101928710938,711443.0466308594,SPY,1322
2024-06-28,708669.5993499756,26.120101928710938,708643.4792480469,SPY,1322
2024-07-01,710127.9628753662,26.120101928710938,710101.8427734375,SPY,1322
2024-07-02,714906.7378997803,26.120101928710938,714880.6177978516,SPY,1322
2024-07-03,718096.9988861084,26.120101928710938,718070.8787841797,SPY,1322
2024-07-05,722237.7701263428,26.120101928710938,722211.6500244141,SPY,1322
2024-07-08,723071.1207122803,26.120101928710938,723045.0006103516,SPY,1322
2024-07-09,723774.2400970459,26.120101928710938,723748.1199951172,SPY,1322
2024-07-10,730935.8265228271,26.120101928710938,730909.7064208984,SPY,1322
2024-07-11,724633.6530609131,26.120101928710938,724607.5329589844,SPY,1322
2024-07-12,729204.1711273193,26.120101928710938,729178.0510253906,SPY,1322
2024-07-15,731209.4411468506,26.120101928710938,731183.3210449219,SPY,1322
2024-07-16,735545.4785003662,26.120101928710938,735519.3583984375,SPY,1322
2024-07-17,725232.6843109131,26.120101928710938,725206.5642089844,SPY,1322
2024-07-18,719659.6119232178,26.120101928710938,719633.4918212891,SPY,1322
2024-07-19,714880.6755218506,26.120101928710938,714854.5554199219,SPY,1322
2024-07-22,722250.8416595459,26.120101928710938,722224.7215576172,SPY,1322
2024-07-23,721117.8947601318,26.120101928710938,721091.7746582031,SPY,1322
2024-07-24,704776.2189788818,26.120101928710938,704750.0988769531,SPY,1322
2024-07-25,701104.167098999,26.120101928710938,701078.0469970703,SPY,1322
2024-07-26,708956.124130249,26.120101928710938,708930.0040283203,SPY,1322
2024-07-29,709372.7994232178,26.120101928710938,709346.6793212891,SPY,1322
2024-07-30,705778.934677124,26.120101928710938,705752.8145751953,SPY,1322
2024-07-31,717250.5767669678,26.120101928710938,717224.4566650391,SPY,1322
2024-08-01,707093.9954681396,26.120101928710938,707067.8753662109,SPY,1322
2024-08-02,693929.5091400146,26.120101928710938,693903.3890380859,SPY,1322
2024-08-05,673720.5557098389,26.120101928710938,673694.4356079102,SPY,1322
2024-08-06,679931.7529144287,26.120101928710938,679905.6328125,SPY,1322
2024-08-07,675387.2568817139,26.120101928710938,675361.1367797852,SPY,1322
2024-08-08,690999.7912445068,26.120101928710938,690973.6711425781,SPY,1322
2024-08-09,694046.74949646,26.120101928710938,694020.6293945312,SPY,1322
2024-08-12,694411.3000335693,26.120101928710938,694385.1799316406,SPY,1322
2024-08-13,705830.9787445068,26.120101928710938,705804.8586425781,SPY,1322
2024-08-14,708057.4965667725,26.120101928710938,708031.3764648438,SPY,1322
2024-08-15,720193.3661956787,26.120101928710938,720167.24609375,SPY,1322
2024-08-16,721808.1039886475,26.120101928710938,721781.9838867188,SPY,1322
2024-08-19,728709.3087005615,26.120101928710938,728683.1885986328,SPY,1322
2024-08-20,727524.3984222412,26.120101928710938,727498.2783203125,SPY,1322
2024-08-21,730024.4501800537,26.120101928710938,729998.330078125,SPY,1322
2024-08-22,724295.0035247803,26.120101928710938,724268.8834228516,SPY,1322
2024-08-23,731990.6669769287,26.120101928710938,731964.546875,SPY,1322
2024-08-26,730245.7786712646,26.120101928710938,730219.6585693359,SPY,1322
2024-08-27,731248.4943695068,26.120101928710938,731222.3742675781,SPY,1322
2024-08-28,727003.4736175537,26.120101928710938,726977.353515625,SPY,1322
2024-08-29,727068.6699066162,26.120101928710938,727042.5498046875,SPY,1322
2024-08-30,734008.9278411865,26.120101928710938,733982.8077392578,SPY,1322
2024-09-03,718904.2870941162,26.120101928710938,718878.1669921875,SPY,1322
2024-09-04,717432.8520355225,26.120101928710938,717406.7319335938,SPY,1322
2024-09-05,715688.044418335,26.120101928710938,715661.9243164062,SPY,1322
2024-09-06,703643.3527679443,26.120101928710938,703617.2326660156,SPY,1322
2024-09-09,711521.2108001709,26.120101928710938,711495.0906982422,SPY,1322
2024-09-10,714620.2938079834,26.120101928710938,714594.1737060547,SPY,1322
2024-09-11,721951.1646575928,26.120101928710938,721925.0445556641,SPY,1322
2024-09-12,728032.2516937256,26.120101928710938,728006.1315917969,SPY,1322
2024-09-13,731834.4540863037,26.120101928710938,731808.333984375,SPY,1322
2024-09-16,732915.1955413818,26.120101928710938,732889.0754394531,SPY,1322
2024-09-17,733214.6304779053,26.120101928710938,733188.5103759766,SPY,1322
2024-09-18,731040.1567230225,26.120101928710938,731014.0366210938,SPY,1322
2024-09-19,743514.5145111084,26.120101928710938,743488.3944091797,SPY,1322
2024-09-20,742229.1470794678,26.120101928710938,742203.0269775391,SPY,1322
2024-09-23,744083.93309021,26.120101928710938,744057.8129882812,SPY,1322
2024-09-24,746212.8985443115,26.120101928710938,746186.7784423828,SPY,1322
2024-09-25,744567.0956878662,26.120101928710938,744540.9755859375,SPY,1322
2024-09-26,747519.0029144287,26.120101928710938,747492.8828125,SPY,1322
2024-09-27,746435.0339202881,26.120101928710938,746408.9138183594,SPY,1322
2024-09-30,749425.9943695068,26.120101928710938,749399.8742675781,SPY,1322
2024-10-01,742712.4710540771,26.120101928710938,742686.3509521484,SPY,1322
2024-10-02,743026.026473999,26.120101928710938,742999.9063720703,SPY,1322
2024-10-03,741667.6359710693,26.120101928710938,741641.5158691406,SPY,1322
2024-10-04,748407.1409759521,26.120101928710938,748381.0208740234,SPY,1322
2024-10-07,741641.4929046631,26.120101928710938,741615.3728027344,SPY,1322
2024-10-08,748655.419418335,26.120101928710938,748629.2993164062,SPY,1322
2024-10-09,753840.6222991943,26.120101928710938,753814.5021972656,SPY,1322
2024-10-10,752521.6077728271,26.120101928710938,752495.4876708984,SPY,1322
2024-10-11,757027.65574646,26.120101928710938,757001.5356445312,SPY,1322
2024-10-14,763218.7211761475,26.120101928710938,763192.6010742188,SPY,1322
2024-10-15,757288.9250335693,26.120101928710938,757262.8049316406,SPY,1322
2024-10-16,760580.2079925537,26.120101928710938,760554.087890625,SPY,1322
2024-10-17,760645.5656585693,26.120101928710938,760619.4455566406,SPY,1322
2024-10-18,763571.3298187256,26.120101928710938,763545.2097167969,SPY,1322
2024-10-21,762317.4308929443,26.120101928710938,762291.3107910156,SPY,1322
2024-10-22,761912.6168060303,26.120101928710938,761886.4967041016,SPY,1322
2024-10-23,754950.8957366943,26.120101928710938,754924.7756347656,SPY,1322
2024-10-24,756583.54637146,26.120101928710938,756557.4262695312,SPY,1322
2024-10-25,756322.2770843506,26.120101928710938,756296.1569824219,SPY,1322
2024-10-28,758660.3063812256,26.120101928710938,758634.1862792969,SPY,1322
2024-10-29,759887.981552124,26.120101928710938,759861.8614501953,SPY,1322
2024-10-30,757589.3282318115,26.120101928710938,757563.2081298828,SPY,1322
2024-10-31,742738.6141204834,26.120101928710938,742712.4940185547,SPY,1322
2024-11-01,745873.3614349365,26.120101928710938,745847.2413330078,SPY,1322
2024-11-04,744266.7731781006,26.120101928710938,744240.6530761719,SPY,1322
2024-11-05,753266.0396575928,26.120101928710938,753239.9195556641,SPY,1322
2024-11-06,771995.69090271,26.120101928710938,771969.5708007812,SPY,1322
2024-11-07,777964.7016448975,26.120101928710938,777938.5815429688,SPY,1322
2024-11-08,781334.4944915771,26.120101928710938,781308.3743896484,SPY,1322
2024-11-11,782079.0070648193,26.120101928710938,782052.8869628906,SPY,1322
2024-11-12,779649.6384124756,26.120101928710938,779623.5183105469,SPY,1322
2024-11-13,780028.39012146,26.120101928710938,780002.2700195312,SPY,1322
2024-11-14,775012.8751068115,26.120101928710938,774986.7550048828,SPY,1322
2024-11-15,765086.3366546631,26.120101928710938,765060.2165527344,SPY,1322
2024-11-18,768221.0839691162,26.120101928710938,768194.9638671875,SPY,1322
2024-11-19,771029.2850189209,26.120101928710938,771003.1649169922,SPY,1322
2024-11-20,771290.4736175537,26.120101928710938,771264.353515625,SPY,1322
2024-11-21,775430.8414154053,26.120101928710938,775404.7213134766,SPY,1322
2024-11-22,777834.1476898193,26.120101928710938,777808.0275878906,SPY,1322
2024-11-25,780472.5801849365,26.120101928710938,780446.4600830078,SPY,1322
2024-11-26,784547.671005249,26.120101928710938,784521.5509033203,SPY,1322
2024-11-27,782170.3464202881,26.120101928710938,782144.2263183594,SPY,1322
2024-11-29,787029.2451019287,26.120101928710938,787003.125,SPY,1322
2024-12-02,788439.8410491943,26.120101928710938,788413.7209472656,SPY,1322
2024-12-03,788805.5212249756,26.120101928710938,788779.4011230469,SPY,1322
2024-12-04,793703.4731292725,26.120101928710938,793677.3530273438,SPY,1322
2024-12-05,792397.3687591553,26.120101928710938,792371.2486572266,SPY,1322
2024-12-06,793899.3847503662,26.120101928710938,793873.2646484375,SPY,1322
2024-12-09,789811.2223968506,26.120101928710938,789785.1022949219,SPY,1322
2024-12-10,787355.7106781006,26.120101928710938,787329.5905761719,SPY,1322
2024-12-11,793442.2845306396,26.120101928710938,793416.1644287109,SPY,1322
2024-12-12,789354.0414886475,26.120101928710938,789327.9213867188,SPY,1322
2024-12-13,789197.4251556396,26.120101928710938,789171.3050537109,SPY,1322
2024-12-16,792567.1373138428,26.120101928710938,792541.0172119141,SPY,1322
2024-12-17,789301.755355835,26.120101928710938,789275.6352539062,SPY,1322
2024-12-18,765778.6437835693,26.120101928710938,765752.5236816406,SPY,1322
2024-12-19,765543.4368743896,26.120101928710938,765517.3167724609,SPY,1322
2024-12-20,774738.1308441162,26.120101928710938,774712.0107421875,SPY,1322
2024-12-23,779377.3148040771,26.120101928710938,779351.1947021484,SPY,1322
2024-12-24,788039.7875823975,26.120101928710938,788013.6674804688,SPY,1322
2024-12-26,788092.3964691162,26.120101928710938,788066.2763671875,SPY,1322
2024-12-27,779796.733505249,26.120101928710938,779770.6134033203,SPY,1322
2024-12-30,770898.32762146,26.120101928710938,770872.2075195312,SPY,1322
