date,equity,cash,position_value,position,shares
2004-09-29,100000.0,100000.0,0.0,,0
2004-09-30,100000.0,100000.0,0.0,,0
2004-10-01,100000.0,100000.0,0.0,,0
2004-10-04,100000.0,100000.0,0.0,,0
2004-10-05,100000.0,100000.0,0.0,,0
2004-10-06,100000.0,100000.0,0.0,,0
2004-10-07,100000.0,100000.0,0.0,,0
2004-10-08,100000.0,100000.0,0.0,,0
2004-10-11,100000.0,100000.0,0.0,,0
2004-10-12,100000.0,100000.0,0.0,,0
2004-10-13,100000.0,100000.0,0.0,,0
2004-10-14,100000.0,100000.0,0.0,,0
2004-10-15,100000.0,100000.0,0.0,,0
2004-10-18,100000.0,100000.0,0.0,,0
2004-10-19,100000.0,100000.0,0.0,,0
2004-10-20,100000.0,100000.0,0.0,,0
2004-10-21,100000.0,100000.0,0.0,,0
2004-10-22,100000.0,100000.0,0.0,,0
2004-10-25,100000.0,100000.0,0.0,,0
2004-10-26,100000.0,100000.0,0.0,,0
2004-10-27,100000.0,100000.0,0.0,,0
2004-10-28,100000.0,100000.0,0.0,,0
2004-10-29,100000.0,100000.0,0.0,,0
2004-11-01,100000.0,100000.0,0.0,,0
2004-11-02,100000.0,100000.0,0.0,,0
2004-11-03,100000.0,100000.0,0.0,,0
2004-11-04,100000.0,100000.0,0.0,,0
2004-11-05,100000.0,100000.0,0.0,,0
2004-11-08,100000.0,100000.0,0.0,,0
2004-11-09,100000.0,100000.0,0.0,,0
2004-11-10,100000.0,100000.0,0.0,,0
2004-11-11,100000.0,100000.0,0.0,,0
2004-11-12,100000.0,100000.0,0.0,,0
2004-11-15,100000.0,100000.0,0.0,,0
2004-11-16,100000.0,100000.0,0.0,,0
2004-11-17,100000.0,100000.0,0.0,,0
2004-11-18,100000.0,100000.0,0.0,,0
2004-11-19,100000.0,100000.0,0.0,,0
2004-11-22,100000.0,100000.0,0.0,,0
2004-11-23,100000.0,100000.0,0.0,,0
2004-11-24,100000.0,100000.0,0.0,,0
2004-11-26,100000.0,100000.0,0.0,,0
2004-11-29,100000.0,100000.0,0.0,,0
2004-11-30,100000.0,100000.0,0.0,,0
2004-12-01,100000.0,100000.0,0.0,,0
2004-12-02,100000.0,100000.0,0.0,,0
2004-12-03,100000.0,100000.0,0.0,,0
2004-12-06,100000.0,100000.0,0.0,,0
2004-12-07,100000.0,100000.0,0.0,,0
2004-12-08,100000.0,100000.0,0.0,,0
2004-12-09,100000.0,100000.0,0.0,,0
2004-12-10,100000.0,100000.0,0.0,,0
2004-12-13,100000.0,100000.0,0.0,,0
2004-12-14,100000.0,100000.0,0.0,,0
2004-12-15,100000.0,100000.0,0.0,,0
2004-12-16,100000.0,100000.0,0.0,,0
2004-12-17,100000.0,100000.0,0.0,,0
2004-12-20,100000.0,100000.0,0.0,,0
2004-12-21,100000.0,100000.0,0.0,,0
2004-12-22,100000.0,100000.0,0.0,,0
2004-12-23,100000.0,100000.0,0.0,,0
2004-12-27,100000.0,100000.0,0.0,,0
2004-12-28,100000.0,100000.0,0.0,,0
2004-12-29,100000.0,100000.0,0.0,,0
2004-12-30,100000.0,100000.0,0.0,,0
2004-12-31,100000.0,100000.0,0.0,,0
2005-01-03,100000.0,100000.0,0.0,,0
2005-01-04,100000.0,100000.0,0.0,,0
2005-01-05,100000.0,100000.0,0.0,,0
2005-01-06,100000.0,100000.0,0.0,,0
2005-01-07,100000.0,100000.0,0.0,,0
2005-01-10,100000.0,100000.0,0.0,,0
2005-01-11,100000.0,100000.0,0.0,,0
2005-01-12,100000.0,100000.0,0.0,,0
2005-01-13,100000.0,100000.0,0.0,,0
2005-01-14,100000.0,100000.0,0.0,,0
2005-01-18,100000.0,100000.0,0.0,,0
2005-01-19,100000.0,100000.0,0.0,,0
2005-01-20,100000.0,100000.0,0.0,,0
2005-01-21,100000.0,100000.0,0.0,,0
2005-01-24,100000.0,100000.0,0.0,,0
2005-01-25,100000.0,100000.0,0.0,,0
2005-01-26,100000.0,100000.0,0.0,,0
2005-01-27,100000.0,100000.0,0.0,,0
2005-01-28,100000.0,100000.0,0.0,,0
2005-01-31,100000.0,100000.0,0.0,,0
2005-02-01,100000.0,100000.0,0.0,,0
2005-02-02,100000.0,100000.0,0.0,,0
2005-02-03,100000.0,100000.0,0.0,,0
2005-02-04,100000.0,100000.0,0.0,,0
2005-02-07,100000.0,100000.0,0.0,,0
2005-02-08,100000.0,100000.0,0.0,,0
2005-02-09,100000.0,100000.0,0.0,,0
2005-02-10,100000.0,100000.0,0.0,,0
2005-02-11,100000.0,100000.0,0.0,,0
2005-02-14,100000.0,100000.0,0.0,,0
2005-02-15,100000.0,100000.0,0.0,,0
2005-02-16,100000.0,100000.0,0.0,,0
2005-02-17,100000.0,100000.0,0.0,,0
2005-02-18,100000.0,100000.0,0.0,,0
2005-02-22,100000.0,100000.0,0.0,,0
2005-02-23,100000.0,100000.0,0.0,,0
2005-02-24,100000.0,100000.0,0.0,,0
2005-02-25,100000.0,100000.0,0.0,,0
2005-02-28,100000.0,100000.0,0.0,,0
2005-03-01,100000.0,100000.0,0.0,,0
2005-03-02,100000.0,100000.0,0.0,,0
2005-03-03,100000.0,100000.0,0.0,,0
2005-03-04,100000.0,100000.0,0.0,,0
2005-03-07,100000.0,100000.0,0.0,,0
2005-03-08,100000.0,100000.0,0.0,,0
2005-03-09,100000.0,100000.0,0.0,,0
2005-03-10,100000.0,100000.0,0.0,,0
2005-03-11,100000.0,100000.0,0.0,,0
2005-03-14,100000.0,100000.0,0.0,,0
2005-03-15,100000.0,100000.0,0.0,,0
2005-03-16,100000.0,100000.0,0.0,,0
2005-03-17,100000.0,100000.0,0.0,,0
2005-03-18,100000.0,100000.0,0.0,,0
2005-03-21,100000.0,100000.0,0.0,,0
2005-03-22,100000.0,100000.0,0.0,,0
2005-03-23,100000.0,100000.0,0.0,,0
2005-03-24,100000.0,100000.0,0.0,,0
2005-03-28,100000.0,100000.0,0.0,,0
2005-03-29,100000.0,100000.0,0.0,,0
2005-03-30,100000.0,100000.0,0.0,,0
2005-03-31,100000.0,100000.0,0.0,,0
2005-04-01,100000.0,100000.0,0.0,,0
2005-04-04,100000.0,100000.0,0.0,,0
2005-04-05,100000.0,100000.0,0.0,,0
2005-04-06,100000.0,100000.0,0.0,,0
2005-04-07,100000.0,100000.0,0.0,,0
2005-04-08,100000.0,100000.0,0.0,,0
2005-04-11,100000.0,100000.0,0.0,,0
2005-04-12,100000.0,100000.0,0.0,,0
2005-04-13,100000.0,100000.0,0.0,,0
2005-04-14,100000.0,100000.0,0.0,,0
2005-04-15,100000.0,100000.0,0.0,,0
2005-04-18,100000.0,100000.0,0.0,,0
2005-04-19,100000.0,100000.0,0.0,,0
2005-04-20,100000.0,100000.0,0.0,,0
2005-04-21,100000.0,100000.0,0.0,,0
2005-04-22,100000.0,100000.0,0.0,,0
2005-04-25,100000.0,100000.0,0.0,,0
2005-04-26,100000.0,100000.0,0.0,,0
2005-04-27,100000.0,100000.0,0.0,,0
2005-04-28,100000.0,100000.0,0.0,,0
2005-04-29,100000.0,100000.0,0.0,,0
2005-05-02,100000.0,100000.0,0.0,,0
2005-05-03,100000.0,100000.0,0.0,,0
2005-05-04,100000.0,100000.0,0.0,,0
2005-05-05,100000.0,100000.0,0.0,,0
2005-05-06,100000.0,100000.0,0.0,,0
2005-05-09,100000.0,100000.0,0.0,,0
2005-05-10,100000.0,100000.0,0.0,,0
2005-05-11,100000.0,100000.0,0.0,,0
2005-05-12,100000.0,100000.0,0.0,,0
2005-05-13,100000.0,100000.0,0.0,,0
2005-05-16,100000.0,100000.0,0.0,,0
2005-05-17,100000.0,100000.0,0.0,,0
2005-05-18,100000.0,100000.0,0.0,,0
2005-05-19,100000.0,100000.0,0.0,,0
2005-05-20,100000.0,100000.0,0.0,,0
2005-05-23,100000.0,100000.0,0.0,,0
2005-05-24,100000.0,100000.0,0.0,,0
2005-05-25,100000.0,100000.0,0.0,,0
2005-05-26,100000.0,100000.0,0.0,,0
2005-05-27,100000.0,100000.0,0.0,,0
2005-05-31,100000.0,100000.0,0.0,,0
2005-06-01,100000.0,100000.0,0.0,,0
2005-06-02,100000.0,100000.0,0.0,,0
2005-06-03,100000.0,100000.0,0.0,,0
2005-06-06,100000.0,100000.0,0.0,,0
2005-06-07,100000.0,100000.0,0.0,,0
2005-06-08,100000.0,100000.0,0.0,,0
2005-06-09,100000.0,100000.0,0.0,,0
2005-06-10,100000.0,100000.0,0.0,,0
2005-06-13,100000.0,100000.0,0.0,,0
2005-06-14,100000.0,100000.0,0.0,,0
2005-06-15,100000.0,100000.0,0.0,,0
2005-06-16,100000.0,100000.0,0.0,,0
2005-06-17,100000.0,100000.0,0.0,,0
2005-06-20,100000.0,100000.0,0.0,,0
2005-06-21,100000.0,100000.0,0.0,,0
2005-06-22,100000.0,100000.0,0.0,,0
2005-06-23,100000.0,100000.0,0.0,,0
2005-06-24,100000.0,100000.0,0.0,,0
2005-06-27,100000.0,100000.0,0.0,,0
2005-06-28,100000.0,100000.0,0.0,,0
2005-06-29,100000.0,100000.0,0.0,,0
2005-06-30,100000.0,100000.0,0.0,,0
2005-07-01,100000.0,100000.0,0.0,,0
2005-07-05,100000.0,100000.0,0.0,,0
2005-07-06,100000.0,100000.0,0.0,,0
2005-07-07,100000.0,100000.0,0.0,,0
2005-07-08,100000.0,100000.0,0.0,,0
2005-07-11,100000.0,100000.0,0.0,,0
2005-07-12,100000.0,100000.0,0.0,,0
2005-07-13,100000.0,100000.0,0.0,,0
2005-07-14,100000.0,100000.0,0.0,,0
2005-07-15,100000.0,100000.0,0.0,,0
2005-07-18,100000.0,100000.0,0.0,,0
2005-07-19,100000.0,100000.0,0.0,,0
2005-07-20,100000.0,100000.0,0.0,,0
2005-07-21,100000.0,100000.0,0.0,,0
2005-07-22,100000.0,100000.0,0.0,,0
2005-07-25,100000.0,100000.0,0.0,,0
2005-07-26,100000.0,100000.0,0.0,,0
2005-07-27,100000.0,100000.0,0.0,,0
2005-07-28,100000.0,100000.0,0.0,,0
2005-07-29,100000.0,100000.0,0.0,,0
2005-08-01,100000.0,100000.0,0.0,,0
2005-08-02,100000.0,100000.0,0.0,,0
2005-08-03,100000.0,100000.0,0.0,,0
2005-08-04,100000.0,100000.0,0.0,,0
2005-08-05,100000.0,100000.0,0.0,,0
2005-08-08,100000.0,100000.0,0.0,,0
2005-08-09,100000.0,100000.0,0.0,,0
2005-08-10,100000.0,100000.0,0.0,,0
2005-08-11,100000.0,100000.0,0.0,,0
2005-08-12,100000.0,100000.0,0.0,,0
2005-08-15,100000.0,100000.0,0.0,,0
2005-08-16,100000.0,100000.0,0.0,,0
2005-08-17,100000.0,100000.0,0.0,,0
2005-08-18,100000.0,100000.0,0.0,,0
2005-08-19,100000.0,100000.0,0.0,,0
2005-08-22,100000.0,100000.0,0.0,,0
2005-08-23,100000.0,100000.0,0.0,,0
2005-08-24,100000.0,100000.0,0.0,,0
2005-08-25,100000.0,100000.0,0.0,,0
2005-08-26,100000.0,100000.0,0.0,,0
2005-08-29,100000.0,100000.0,0.0,,0
2005-08-30,100000.0,100000.0,0.0,,0
2005-08-31,100000.0,100000.0,0.0,,0
2005-09-01,100000.0,100000.0,0.0,,0
2005-09-02,100000.0,100000.0,0.0,,0
2005-09-06,100000.0,100000.0,0.0,,0
2005-09-07,100000.0,100000.0,0.0,,0
2005-09-08,100000.0,100000.0,0.0,,0
2005-09-09,100000.0,100000.0,0.0,,0
2005-09-12,100000.0,100000.0,0.0,,0
2005-09-13,100000.0,100000.0,0.0,,0
2005-09-14,100000.0,100000.0,0.0,,0
2005-09-15,100000.0,100000.0,0.0,,0
2005-09-16,100000.0,100000.0,0.0,,0
2005-09-19,100000.0,100000.0,0.0,,0
2005-09-20,100000.0,100000.0,0.0,,0
2005-09-21,100000.0,100000.0,0.0,,0
2005-09-22,100000.0,100000.0,0.0,,0
2005-09-23,100000.0,100000.0,0.0,,0
2005-09-26,100000.0,100000.0,0.0,,0
2005-09-27,100000.0,100000.0,0.0,,0
2005-09-28,100000.0,100000.0,0.0,,0
2005-09-29,100000.0,100000.0,0.0,,0
2005-09-30,100000.0,100000.0,0.0,,0
2005-10-03,100000.0,100000.0,0.0,,0
2005-10-04,100000.0,100000.0,0.0,,0
2005-10-05,100000.0,100000.0,0.0,,0
2005-10-06,100000.0,100000.0,0.0,,0
2005-10-07,100000.0,100000.0,0.0,,0
2005-10-10,100000.0,100000.0,0.0,,0
2005-10-11,100000.0,100000.0,0.0,,0
2005-10-12,100000.0,100000.0,0.0,,0
2005-10-13,100000.0,100000.0,0.0,,0
2005-10-14,100000.0,100000.0,0.0,,0
2005-10-17,100000.0,100000.0,0.0,,0
2005-10-18,100000.0,100000.0,0.0,,0
2005-10-19,100000.0,100000.0,0.0,,0
2005-10-20,100000.0,100000.0,0.0,,0
2005-10-21,100000.0,100000.0,0.0,,0
2005-10-24,100000.0,100000.0,0.0,,0
2005-10-25,100000.0,100000.0,0.0,,0
2005-10-26,100000.0,100000.0,0.0,,0
2005-10-27,100000.0,100000.0,0.0,,0
2005-10-28,100000.0,100000.0,0.0,,0
2005-10-31,100000.0,100000.0,0.0,,0
2005-11-01,100000.0,100000.0,0.0,,0
2005-11-02,100000.0,100000.0,0.0,,0
2005-11-03,100000.0,100000.0,0.0,,0
2005-11-04,100000.0,100000.0,0.0,,0
2005-11-07,100000.0,100000.0,0.0,,0
2005-11-08,100000.0,100000.0,0.0,,0
2005-11-09,100000.0,100000.0,0.0,,0
2005-11-10,100000.0,100000.0,0.0,,0
2005-11-11,100000.0,100000.0,0.0,,0
2005-11-14,100000.0,100000.0,0.0,,0
2005-11-15,100000.0,100000.0,0.0,,0
2005-11-16,100000.0,100000.0,0.0,,0
2005-11-17,100000.0,100000.0,0.0,,0
2005-11-18,100000.0,100000.0,0.0,,0
2005-11-21,100000.0,100000.0,0.0,,0
2005-11-22,100000.0,100000.0,0.0,,0
2005-11-23,100000.0,100000.0,0.0,,0
2005-11-25,100000.0,100000.0,0.0,,0
2005-11-28,100000.0,100000.0,0.0,,0
2005-11-29,100000.0,100000.0,0.0,,0
2005-11-30,100000.0,100000.0,0.0,,0
2005-12-01,100000.0,100000.0,0.0,,0
2005-12-02,100000.0,100000.0,0.0,,0
2005-12-05,100000.0,100000.0,0.0,,0
2005-12-06,100000.0,100000.0,0.0,,0
2005-12-07,100000.0,100000.0,0.0,,0
2005-12-08,100000.0,100000.0,0.0,,0
2005-12-09,100000.0,100000.0,0.0,,0
2005-12-12,100000.0,100000.0,0.0,,0
2005-12-13,100000.0,100000.0,0.0,,0
2005-12-14,100000.0,100000.0,0.0,,0
2005-12-15,100000.0,100000.0,0.0,,0
2005-12-16,100000.0,100000.0,0.0,,0
2005-12-19,100000.0,100000.0,0.0,,0
2005-12-20,100000.0,100000.0,0.0,,0
2005-12-21,100000.0,100000.0,0.0,,0
2005-12-22,100000.0,100000.0,0.0,,0
2005-12-23,100000.0,100000.0,0.0,,0
2005-12-27,100000.0,100000.0,0.0,,0
2005-12-28,100000.0,100000.0,0.0,,0
2005-12-29,100000.0,100000.0,0.0,,0
2005-12-30,100000.0,100000.0,0.0,,0
2006-01-03,100000.0,100000.0,0.0,,0
2006-01-04,100000.0,100000.0,0.0,,0
2006-01-05,100000.0,100000.0,0.0,,0
2006-01-06,100000.0,100000.0,0.0,,0
2006-01-09,100000.0,100000.0,0.0,,0
2006-01-10,100000.0,100000.0,0.0,,0
2006-01-11,100000.0,100000.0,0.0,,0
2006-01-12,100000.0,100000.0,0.0,,0
2006-01-13,100000.0,100000.0,0.0,,0
2006-01-17,100000.0,100000.0,0.0,,0
2006-01-18,100000.0,100000.0,0.0,,0
2006-01-19,100000.0,100000.0,0.0,,0
2006-01-20,100000.0,100000.0,0.0,,0
2006-01-23,100000.0,100000.0,0.0,,0
2006-01-24,100000.0,100000.0,0.0,,0
2006-01-25,100000.0,100000.0,0.0,,0
2006-01-26,100000.0,100000.0,0.0,,0
2006-01-27,100000.0,100000.0,0.0,,0
2006-01-30,100000.0,100000.0,0.0,,0
2006-01-31,100000.0,100000.0,0.0,,0
2006-02-01,100000.0,100000.0,0.0,,0
2006-02-02,100000.0,100000.0,0.0,,0
2006-02-03,100000.0,100000.0,0.0,,0
2006-02-06,100000.0,100000.0,0.0,,0
2006-02-07,100000.0,100000.0,0.0,,0
2006-02-08,100000.0,100000.0,0.0,,0
2006-02-09,100000.0,100000.0,0.0,,0
2006-02-10,100000.0,100000.0,0.0,,0
2006-02-13,100000.0,100000.0,0.0,,0
2006-02-14,100000.0,100000.0,0.0,,0
2006-02-15,100000.0,100000.0,0.0,,0
2006-02-16,100000.0,100000.0,0.0,,0
2006-02-17,100000.0,100000.0,0.0,,0
2006-02-21,100000.0,100000.0,0.0,,0
2006-02-22,100000.0,100000.0,0.0,,0
2006-02-23,100000.0,100000.0,0.0,,0
2006-02-24,100000.0,100000.0,0.0,,0
2006-02-27,100000.0,100000.0,0.0,,0
2006-02-28,100000.0,100000.0,0.0,,0
2006-03-01,100000.0,100000.0,0.0,,0
2006-03-02,100000.0,100000.0,0.0,,0
2006-03-03,100000.0,100000.0,0.0,,0
2006-03-06,100000.0,100000.0,0.0,,0
2006-03-07,100000.0,100000.0,0.0,,0
2006-03-08,100000.0,100000.0,0.0,,0
2006-03-09,100000.0,100000.0,0.0,,0
2006-03-10,100000.0,100000.0,0.0,,0
2006-03-13,100000.0,100000.0,0.0,,0
2006-03-14,100000.0,100000.0,0.0,,0
2006-03-15,100000.0,100000.0,0.0,,0
2006-03-16,100000.0,100000.0,0.0,,0
2006-03-17,100000.0,100000.0,0.0,,0
2006-03-20,100000.0,100000.0,0.0,,0
2006-03-21,100000.0,100000.0,0.0,,0
2006-03-22,100000.0,100000.0,0.0,,0
2006-03-23,100000.0,100000.0,0.0,,0
2006-03-24,100000.0,100000.0,0.0,,0
2006-03-27,100000.0,100000.0,0.0,,0
2006-03-28,100000.0,100000.0,0.0,,0
2006-03-29,100000.0,100000.0,0.0,,0
2006-03-30,100000.0,100000.0,0.0,,0
2006-03-31,100000.0,100000.0,0.0,,0
2006-04-03,100000.0,100000.0,0.0,,0
2006-04-04,100000.0,100000.0,0.0,,0
2006-04-05,100000.0,100000.0,0.0,,0
2006-04-06,100000.0,100000.0,0.0,,0
2006-04-07,100000.0,100000.0,0.0,,0
2006-04-10,100000.0,100000.0,0.0,,0
2006-04-11,100000.0,100000.0,0.0,,0
2006-04-12,100000.0,100000.0,0.0,,0
2006-04-13,100000.0,100000.0,0.0,,0
2006-04-17,100000.0,100000.0,0.0,,0
2006-04-18,100000.0,100000.0,0.0,,0
2006-04-19,100000.0,100000.0,0.0,,0
2006-04-20,100000.0,100000.0,0.0,,0
2006-04-21,100000.0,100000.0,0.0,,0
2006-04-24,100000.0,100000.0,0.0,,0
2006-04-25,100000.0,100000.0,0.0,,0
2006-04-26,100000.0,100000.0,0.0,,0
2006-04-27,100000.0,100000.0,0.0,,0
2006-04-28,100000.0,100000.0,0.0,,0
2006-05-01,100000.0,100000.0,0.0,,0
2006-05-02,100000.0,100000.0,0.0,,0
2006-05-03,100000.0,100000.0,0.0,,0
2006-05-04,100000.0,100000.0,0.0,,0
2006-05-05,100000.0,100000.0,0.0,,0
2006-05-08,100000.0,100000.0,0.0,,0
2006-05-09,100000.0,100000.0,0.0,,0
2006-05-10,100000.0,100000.0,0.0,,0
2006-05-11,100000.0,100000.0,0.0,,0
2006-05-12,100000.0,100000.0,0.0,,0
2006-05-15,100000.0,100000.0,0.0,,0
2006-05-16,100000.0,100000.0,0.0,,0
2006-05-17,100000.0,100000.0,0.0,,0
2006-05-18,100000.0,100000.0,0.0,,0
2006-05-19,100000.0,100000.0,0.0,,0
2006-05-22,100000.0,100000.0,0.0,,0
2006-05-23,100000.0,100000.0,0.0,,0
2006-05-24,100000.0,100000.0,0.0,,0
2006-05-25,100000.0,100000.0,0.0,,0
2006-05-26,100000.0,100000.0,0.0,,0
2006-05-30,100000.0,100000.0,0.0,,0
2006-05-31,100000.0,100000.0,0.0,,0
2006-06-01,100000.0,100000.0,0.0,,0
2006-06-02,100000.0,100000.0,0.0,,0
2006-06-05,100000.0,100000.0,0.0,,0
2006-06-06,100000.0,100000.0,0.0,,0
2006-06-07,100000.0,100000.0,0.0,,0
2006-06-08,100000.0,100000.0,0.0,,0
2006-06-09,100000.0,100000.0,0.0,,0
2006-06-12,100000.0,100000.0,0.0,,0
2006-06-13,100000.0,100000.0,0.0,,0
2006-06-14,100000.0,100000.0,0.0,,0
2006-06-15,100000.0,100000.0,0.0,,0
2006-06-16,100000.0,100000.0,0.0,,0
2006-06-19,100000.0,100000.0,0.0,,0
2006-06-20,100000.0,100000.0,0.0,,0
2006-06-21,100000.0,100000.0,0.0,,0
2006-06-22,100000.0,100000.0,0.0,,0
2006-06-23,100000.0,100000.0,0.0,,0
2006-06-26,100000.0,100000.0,0.0,,0
2006-06-27,100000.0,100000.0,0.0,,0
2006-06-28,100000.0,100000.0,0.0,,0
2006-06-29,100000.0,100000.0,0.0,,0
2006-06-30,100000.0,100000.0,0.0,,0
2006-07-03,100000.0,100000.0,0.0,,0
2006-07-05,100000.0,100000.0,0.0,,0
2006-07-06,100000.0,100000.0,0.0,,0
2006-07-07,100000.0,100000.0,0.0,,0
2006-07-10,100000.0,100000.0,0.0,,0
2006-07-11,100000.0,100000.0,0.0,,0
2006-07-12,100000.0,100000.0,0.0,,0
2006-07-13,100000.0,100000.0,0.0,,0
2006-07-14,100000.0,100000.0,0.0,,0
2006-07-17,100000.0,100000.0,0.0,,0
2006-07-18,100000.0,100000.0,0.0,,0
2006-07-19,100000.0,100000.0,0.0,,0
2006-07-20,100000.0,100000.0,0.0,,0
2006-07-21,100000.0,100000.0,0.0,,0
2006-07-24,100000.0,100000.0,0.0,,0
2006-07-25,100000.0,100000.0,0.0,,0
2006-07-26,100000.0,100000.0,0.0,,0
2006-07-27,100000.0,100000.0,0.0,,0
2006-07-28,100000.0,100000.0,0.0,,0
2006-07-31,100000.0,100000.0,0.0,,0
2006-08-01,100000.0,100000.0,0.0,,0
2006-08-02,100000.0,100000.0,0.0,,0
2006-08-03,100000.0,100000.0,0.0,,0
2006-08-04,100000.0,100000.0,0.0,,0
2006-08-07,100000.0,100000.0,0.0,,0
2006-08-08,100000.0,100000.0,0.0,,0
2006-08-09,100000.0,100000.0,0.0,,0
2006-08-10,100000.0,100000.0,0.0,,0
2006-08-11,100000.0,100000.0,0.0,,0
2006-08-14,100000.0,100000.0,0.0,,0
2006-08-15,100000.0,100000.0,0.0,,0
2006-08-16,100000.0,100000.0,0.0,,0
2006-08-17,100000.0,100000.0,0.0,,0
2006-08-18,100000.0,100000.0,0.0,,0
2006-08-21,100000.0,100000.0,0.0,,0
2006-08-22,100000.0,100000.0,0.0,,0
2006-08-23,100000.0,100000.0,0.0,,0
2006-08-24,100000.0,100000.0,0.0,,0
2006-08-25,100000.0,100000.0,0.0,,0
2006-08-28,100000.0,100000.0,0.0,,0
2006-08-29,100000.0,100000.0,0.0,,0
2006-08-30,100000.0,100000.0,0.0,,0
2006-08-31,100000.0,100000.0,0.0,,0
2006-09-01,100000.0,100000.0,0.0,,0
2006-09-05,100000.0,100000.0,0.0,,0
2006-09-06,100000.0,100000.0,0.0,,0
2006-09-07,100000.0,100000.0,0.0,,0
2006-09-08,100000.0,100000.0,0.0,,0
2006-09-11,100000.0,100000.0,0.0,,0
2006-09-12,100000.0,100000.0,0.0,,0
2006-09-13,100000.0,100000.0,0.0,,0
2006-09-14,100000.0,100000.0,0.0,,0
2006-09-15,100000.0,100000.0,0.0,,0
2006-09-18,100000.0,100000.0,0.0,,0
2006-09-19,100000.0,100000.0,0.0,,0
2006-09-20,100000.0,100000.0,0.0,,0
2006-09-21,100000.0,100000.0,0.0,,0
2006-09-22,100000.0,100000.0,0.0,,0
2006-09-25,100000.0,100000.0,0.0,,0
2006-09-26,100000.0,100000.0,0.0,,0
2006-09-27,100000.0,100000.0,0.0,,0
2006-09-28,100000.0,100000.0,0.0,,0
2006-09-29,100000.0,100000.0,0.0,,0
2006-10-02,100000.0,100000.0,0.0,,0
2006-10-03,100000.0,100000.0,0.0,,0
2006-10-04,100000.0,100000.0,0.0,,0
2006-10-05,100000.0,100000.0,0.0,,0
2006-10-06,100000.0,100000.0,0.0,,0
2006-10-09,100000.0,100000.0,0.0,,0
2006-10-10,100000.0,100000.0,0.0,,0
2006-10-11,100000.0,100000.0,0.0,,0
2006-10-12,100000.0,100000.0,0.0,,0
2006-10-13,100000.0,100000.0,0.0,,0
2006-10-16,100000.0,100000.0,0.0,,0
2006-10-17,100000.0,100000.0,0.0,,0
2006-10-18,100000.0,100000.0,0.0,,0
2006-10-19,100000.0,100000.0,0.0,,0
2006-10-20,100000.0,100000.0,0.0,,0
2006-10-23,100000.0,100000.0,0.0,,0
2006-10-24,100000.0,100000.0,0.0,,0
2006-10-25,100000.0,100000.0,0.0,,0
2006-10-26,100000.0,100000.0,0.0,,0
2006-10-27,100000.0,100000.0,0.0,,0
2006-10-30,100000.0,100000.0,0.0,,0
2006-10-31,100000.0,100000.0,0.0,,0
2006-11-01,100000.0,100000.0,0.0,,0
2006-11-02,100000.0,100000.0,0.0,,0
2006-11-03,100000.0,100000.0,0.0,,0
2006-11-06,100000.0,100000.0,0.0,,0
2006-11-07,100000.0,100000.0,0.0,,0
2006-11-08,100000.0,100000.0,0.0,,0
2006-11-09,100000.0,100000.0,0.0,,0
2006-11-10,100000.0,100000.0,0.0,,0
2006-11-13,100000.0,100000.0,0.0,,0
2006-11-14,100000.0,100000.0,0.0,,0
2006-11-15,100000.0,100000.0,0.0,,0
2006-11-16,100000.0,100000.0,0.0,,0
2006-11-17,100000.0,100000.0,0.0,,0
2006-11-20,100000.0,100000.0,0.0,,0
2006-11-21,100000.0,100000.0,0.0,,0
2006-11-22,100000.0,100000.0,0.0,,0
2006-11-24,100000.0,100000.0,0.0,,0
2006-11-27,100000.0,100000.0,0.0,,0
2006-11-28,100000.0,100000.0,0.0,,0
2006-11-29,100000.0,100000.0,0.0,,0
2006-11-30,100000.0,100000.0,0.0,,0
2006-12-01,100000.0,100000.0,0.0,,0
2006-12-04,100000.0,100000.0,0.0,,0
2006-12-05,100000.0,100000.0,0.0,,0
2006-12-06,100000.0,100000.0,0.0,,0
2006-12-07,100000.0,100000.0,0.0,,0
2006-12-08,100000.0,100000.0,0.0,,0
2006-12-11,100000.0,100000.0,0.0,,0
2006-12-12,100000.0,100000.0,0.0,,0
2006-12-13,100000.0,100000.0,0.0,,0
2006-12-14,100000.0,100000.0,0.0,,0
2006-12-15,100000.0,100000.0,0.0,,0
2006-12-18,100000.0,100000.0,0.0,,0
2006-12-19,100000.0,100000.0,0.0,,0
2006-12-20,100000.0,100000.0,0.0,,0
2006-12-21,100000.0,100000.0,0.0,,0
2006-12-22,100000.0,100000.0,0.0,,0
2006-12-26,100000.0,100000.0,0.0,,0
2006-12-27,100000.0,100000.0,0.0,,0
2006-12-28,100000.0,100000.0,0.0,,0
2006-12-29,100000.0,100000.0,0.0,,0
2007-01-03,100000.0,100000.0,0.0,,0
2007-01-04,100000.0,100000.0,0.0,,0
2007-01-05,100000.0,100000.0,0.0,,0
2007-01-08,100000.0,100000.0,0.0,,0
2007-01-09,100000.0,100000.0,0.0,,0
2007-01-10,100000.0,100000.0,0.0,,0
2007-01-11,100000.0,100000.0,0.0,,0
2007-01-12,100000.0,100000.0,0.0,,0
2007-01-16,100000.0,100000.0,0.0,,0
2007-01-17,100000.0,100000.0,0.0,,0
2007-01-18,100000.0,100000.0,0.0,,0
2007-01-19,100000.0,100000.0,0.0,,0
2007-01-22,100000.0,100000.0,0.0,,0
2007-01-23,100000.0,100000.0,0.0,,0
2007-01-24,100000.0,100000.0,0.0,,0
2007-01-25,100000.0,100000.0,0.0,,0
2007-01-26,100000.0,100000.0,0.0,,0
2007-01-29,100000.0,100000.0,0.0,,0
2007-01-30,100000.0,100000.0,0.0,,0
2007-01-31,100000.0,100000.0,0.0,,0
2007-02-01,100000.0,100000.0,0.0,,0
2007-02-02,100000.0,100000.0,0.0,,0
2007-02-05,100000.0,100000.0,0.0,,0
2007-02-06,100000.0,100000.0,0.0,,0
2007-02-07,100000.0,100000.0,0.0,,0
2007-02-08,100000.0,100000.0,0.0,,0
2007-02-09,100000.0,100000.0,0.0,,0
2007-02-12,100000.0,100000.0,0.0,,0
2007-02-13,100000.0,100000.0,0.0,,0
2007-02-14,100000.0,100000.0,0.0,,0
2007-02-15,100000.0,100000.0,0.0,,0
2007-02-16,100000.0,100000.0,0.0,,0
2007-02-20,100000.0,100000.0,0.0,,0
2007-02-21,100000.0,100000.0,0.0,,0
2007-02-22,100000.0,100000.0,0.0,,0
2007-02-23,100000.0,100000.0,0.0,,0
2007-02-26,100000.0,100000.0,0.0,,0
2007-02-27,100000.0,100000.0,0.0,,0
2007-02-28,100000.0,100000.0,0.0,,0
2007-03-01,100000.0,100000.0,0.0,,0
2007-03-02,100000.0,100000.0,0.0,,0
2007-03-05,100000.0,100000.0,0.0,,0
2007-03-06,100000.0,100000.0,0.0,,0
2007-03-07,100000.0,100000.0,0.0,,0
2007-03-08,100000.0,100000.0,0.0,,0
2007-03-09,100000.0,100000.0,0.0,,0
2007-03-12,100000.0,100000.0,0.0,,0
2007-03-13,100000.0,100000.0,0.0,,0
2007-03-14,100000.0,100000.0,0.0,,0
2007-03-15,100000.0,100000.0,0.0,,0
2007-03-16,100000.0,100000.0,0.0,,0
2007-03-19,100000.0,100000.0,0.0,,0
2007-03-20,100000.0,100000.0,0.0,,0
2007-03-21,100000.0,100000.0,0.0,,0
2007-03-22,100000.0,100000.0,0.0,,0
2007-03-23,100000.0,100000.0,0.0,,0
2007-03-26,100000.0,100000.0,0.0,,0
2007-03-27,100000.0,100000.0,0.0,,0
2007-03-28,100000.0,100000.0,0.0,,0
2007-03-29,100000.0,100000.0,0.0,,0
2007-03-30,100000.0,100000.0,0.0,,0
2007-04-02,100000.0,100000.0,0.0,,0
2007-04-03,100000.0,100000.0,0.0,,0
2007-04-04,100000.0,100000.0,0.0,,0
2007-04-05,100000.0,100000.0,0.0,,0
2007-04-09,100000.0,100000.0,0.0,,0
2007-04-10,100000.0,100000.0,0.0,,0
2007-04-11,100000.0,100000.0,0.0,,0
2007-04-12,100000.0,100000.0,0.0,,0
2007-04-13,100000.0,100000.0,0.0,,0
2007-04-16,100000.0,100000.0,0.0,,0
2007-04-17,100000.0,100000.0,0.0,,0
2007-04-18,100000.0,100000.0,0.0,,0
2007-04-19,100000.0,100000.0,0.0,,0
2007-04-20,100000.0,100000.0,0.0,,0
2007-04-23,100000.0,100000.0,0.0,,0
2007-04-24,100000.0,100000.0,0.0,,0
2007-04-25,100000.0,100000.0,0.0,,0
2007-04-26,100000.0,100000.0,0.0,,0
2007-04-27,100000.0,100000.0,0.0,,0
2007-04-30,100000.0,100000.0,0.0,,0
2007-05-01,100000.0,100000.0,0.0,,0
2007-05-02,100000.0,100000.0,0.0,,0
2007-05-03,100000.0,100000.0,0.0,,0
2007-05-04,100000.0,100000.0,0.0,,0
2007-05-07,100000.0,100000.0,0.0,,0
2007-05-08,100000.0,100000.0,0.0,,0
2007-05-09,100000.0,100000.0,0.0,,0
2007-05-10,100000.0,100000.0,0.0,,0
2007-05-11,100000.0,100000.0,0.0,,0
2007-05-14,100000.0,100000.0,0.0,,0
2007-05-15,100000.0,100000.0,0.0,,0
2007-05-16,100000.0,100000.0,0.0,,0
2007-05-17,100000.0,100000.0,0.0,,0
2007-05-18,100000.0,100000.0,0.0,,0
2007-05-21,100000.0,100000.0,0.0,,0
2007-05-22,100000.0,100000.0,0.0,,0
2007-05-23,100000.0,100000.0,0.0,,0
2007-05-24,100000.0,100000.0,0.0,,0
2007-05-25,100000.0,100000.0,0.0,,0
2007-05-29,100000.0,100000.0,0.0,,0
2007-05-30,100000.0,100000.0,0.0,,0
2007-05-31,100000.0,100000.0,0.0,,0
2007-06-01,100000.0,100000.0,0.0,,0
2007-06-04,100000.0,100000.0,0.0,,0
2007-06-05,100000.0,100000.0,0.0,,0
2007-06-06,100000.0,100000.0,0.0,,0
2007-06-07,100000.0,100000.0,0.0,,0
2007-06-08,100000.0,100000.0,0.0,,0
2007-06-11,100000.0,100000.0,0.0,,0
2007-06-12,100000.0,100000.0,0.0,,0
2007-06-13,100000.0,100000.0,0.0,,0
2007-06-14,100000.0,100000.0,0.0,,0
2007-06-15,100000.0,100000.0,0.0,,0
2007-06-18,100000.0,100000.0,0.0,,0
2007-06-19,100000.0,100000.0,0.0,,0
2007-06-20,100000.0,100000.0,0.0,,0
2007-06-21,100000.0,100000.0,0.0,,0
2007-06-22,100000.0,100000.0,0.0,,0
2007-06-25,100000.0,100000.0,0.0,,0
2007-06-26,100000.0,100000.0,0.0,,0
2007-06-27,100000.0,100000.0,0.0,,0
2007-06-28,100000.0,100000.0,0.0,,0
2007-06-29,100000.0,100000.0,0.0,,0
2007-07-02,100000.0,100000.0,0.0,,0
2007-07-03,100000.0,100000.0,0.0,,0
2007-07-05,100000.0,100000.0,0.0,,0
2007-07-06,100000.0,100000.0,0.0,,0
2007-07-09,100000.0,100000.0,0.0,,0
2007-07-10,100000.0,100000.0,0.0,,0
2007-07-11,100000.0,100000.0,0.0,,0
2007-07-12,100000.0,100000.0,0.0,,0
2007-07-13,100000.0,100000.0,0.0,,0
2007-07-16,100000.0,100000.0,0.0,,0
2007-07-17,100000.0,100000.0,0.0,,0
2007-07-18,100000.0,100000.0,0.0,,0
2007-07-19,100000.0,100000.0,0.0,,0
2007-07-20,100000.0,100000.0,0.0,,0
2007-07-23,100000.0,100000.0,0.0,,0
2007-07-24,100000.0,100000.0,0.0,,0
2007-07-25,100000.0,100000.0,0.0,,0
2007-07-26,100000.0,100000.0,0.0,,0
2007-07-27,100000.0,100000.0,0.0,,0
2007-07-30,100000.0,100000.0,0.0,,0
2007-07-31,100000.0,100000.0,0.0,,0
2007-08-01,100000.0,100000.0,0.0,,0
2007-08-02,100000.0,100000.0,0.0,,0
2007-08-03,100000.0,100000.0,0.0,,0
2007-08-06,100000.0,100000.0,0.0,,0
2007-08-07,100000.0,100000.0,0.0,,0
2007-08-08,100000.0,100000.0,0.0,,0
2007-08-09,100000.0,100000.0,0.0,,0
2007-08-10,100000.0,100000.0,0.0,,0
2007-08-13,100000.0,100000.0,0.0,,0
2007-08-14,100000.0,100000.0,0.0,,0
2007-08-15,100000.0,100000.0,0.0,,0
2007-08-16,100000.0,100000.0,0.0,,0
2007-08-17,100000.0,100000.0,0.0,,0
2007-08-20,100000.0,100000.0,0.0,,0
2007-08-21,100000.0,100000.0,0.0,,0
2007-08-22,100000.0,100000.0,0.0,,0
2007-08-23,100000.0,100000.0,0.0,,0
2007-08-24,100000.0,100000.0,0.0,,0
2007-08-27,100000.0,100000.0,0.0,,0
2007-08-28,100000.0,100000.0,0.0,,0
2007-08-29,100000.0,100000.0,0.0,,0
2007-08-30,100000.0,100000.0,0.0,,0
2007-08-31,100000.0,100000.0,0.0,,0
2007-09-04,100000.0,100000.0,0.0,,0
2007-09-05,100000.0,100000.0,0.0,,0
2007-09-06,100000.0,100000.0,0.0,,0
2007-09-07,100000.0,100000.0,0.0,,0
2007-09-10,100000.0,100000.0,0.0,,0
2007-09-11,100000.0,100000.0,0.0,,0
2007-09-12,100000.0,100000.0,0.0,,0
2007-09-13,100000.0,100000.0,0.0,,0
2007-09-14,100000.0,100000.0,0.0,,0
2007-09-17,100000.0,100000.0,0.0,,0
2007-09-18,100000.0,100000.0,0.0,,0
2007-09-19,100000.0,100000.0,0.0,,0
2007-09-20,100000.0,100000.0,0.0,,0
2007-09-21,100000.0,100000.0,0.0,,0
2007-09-24,100000.0,100000.0,0.0,,0
2007-09-25,100000.0,100000.0,0.0,,0
2007-09-26,100000.0,100000.0,0.0,,0
2007-09-27,100000.0,100000.0,0.0,,0
2007-09-28,100000.0,100000.0,0.0,,0
2007-10-01,99850.39196277618,111.70048023223353,99738.69148254395,XLB,3448
2007-10-02,99152.9040629959,111.70048023223353,99041.20358276367,XLB,3448
2007-10-03,97874.20145679473,111.70048023223353,97762.5009765625,XLB,3448
2007-10-04,98292.71261096954,111.70048023223353,98181.0121307373,XLB,3448
2007-10-05,99966.5993907547,111.70048023223353,99854.89891052246,XLB,3448
2007-10-08,99385.3846843338,111.70048023223353,99273.68420410156,XLB,3448
2007-10-09,101245.32830310821,111.70048023223353,101133.62782287598,XLB,3448
2007-10-10,100640.87211109161,111.70048023223353,100529.17163085938,XLB,3448
2007-10-11,100082.87258411407,111.70048023223353,99971.17210388184,XLB,3448
2007-10-12,100896.57448841094,111.70048023223353,100784.87400817871,XLB,3448
2007-10-15,100315.38608814239,111.70048023223353,100203.68560791016,XLB,3448
2007-10-16,98548.42814136505,111.70048023223353,98436.72766113281,XLB,3448
2007-10-17,98501.87940479278,111.70048023223353,98390.17892456055,XLB,3448
2007-10-18,99269.17725635528,111.70048023223353,99157.47677612305,XLB,3448
2007-10-19,97106.98252368926,111.70048023223353,96995.28204345703,XLB,3448
2007-10-22,96386.23340869903,111.70048023223353,96274.5329284668,XLB,3448
2007-10-23,97920.68442798614,111.70048023223353,97808.9839477539,XLB,3448
2007-10-24,98106.68865467071,111.70048023223353,97994.98817443848,XLB,3448
2007-10-25,98873.92074085235,111.70048023223353,98762.22026062012,XLB,3448
2007-10-26,100733.87751270294,111.70048023223353,100622.1770324707,XLB,3448
2007-10-29,101849.77791858673,111.70048023223353,101738.07743835449,XLB,3448
2007-10-30,99455.12887073516,111.70048023223353,99343.42839050293,XLB,3448
2007-10-31,102082.29142261505,111.70048023223353,101970.59094238281,XLB,3448
2007-11-01,98253.55378827857,107.37939176367945,98146.17439651489,XLK,4469
2007-11-02,98463.15749845313,107.37939176367945,98355.77810668945,XLK,4469
2007-11-05,98323.43305692481,107.37939176367945,98216.05366516113,XLK,4469
2007-11-06,98847.5019999485,107.37939176367945,98740.12260818481,XLK,4469
2007-11-07,96192.08126745032,107.37939176367945,96084.70187568665,XLK,4469
2007-11-08,92768.0056277256,107.37939176367945,92660.62623596191,XLK,4469
2007-11-09,90846.29164418983,107.37939176367945,90738.91225242615,XLK,4469
2007-11-12,89378.8525744419,107.37939176367945,89271.47318267822,XLK,4469
2007-11-13,92418.57518873023,107.37939176367945,92311.19579696655,XLK,4469
2007-11-14,91894.50624570655,107.37939176367945,91787.12685394287,XLK,4469
2007-11-15,90776.42942342567,107.37939176367945,90669.05003166199,XLK,4469
2007-11-16,92069.16179761695,107.37939176367945,91961.78240585327,XLK,4469
2007-11-19,90252.30933675574,107.37939176367945,90144.92994499207,XLK,4469
2007-11-20,91020.98981580543,107.37939176367945,90913.61042404175,XLK,4469
2007-11-21,89308.91363820838,107.37939176367945,89201.5342464447,XLK,4469
2007-11-23,90182.45563993262,107.37939176367945,90075.07624816895,XLK,4469
2007-11-26,88295.68129071998,107.37939176367945,88188.3018989563,XLK,4469
2007-11-27,89274.01662359046,107.37939176367945,89166.63723182678,XLK,4469
2007-11-28,91894.50624570655,107.37939176367945,91787.12685394287,XLK,4469
2007-11-29,92348.68739614295,107.37939176367945,92241.30800437927,XLK,4469
2007-11-30,91859.53251561927,107.37939176367945,91752.15312385559,XLK,4469
2007-12-03,91027.34525372408,107.04087139986223,90920.30438232422,XLP,5064
2007-12-04,90902.27327801607,107.04087139986223,90795.23240661621,XLP,5064
2007-12-05,91277.47954632662,107.04087139986223,91170.43867492676,XLP,5064
2007-12-06,91246.20430828951,107.04087139986223,91139.16343688965,XLP,5064
2007-12-07,92215.43726422213,107.04087139986223,92108.39639282227,XLP,5064
2007-12-10,92309.22434307955,107.04087139986223,92202.18347167969,XLP,5064
2007-12-11,91308.73546673678,107.04087139986223,91201.69459533691,XLP,5064
2007-12-12,91558.85044171236,107.04087139986223,91451.8095703125,XLP,5064
2007-12-13,91965.31263043307,107.04087139986223,91858.2717590332,XLP,5064
2007-12-14,90839.73246075533,107.04087139986223,90732.69158935547,XLP,5064
2007-12-17,90214.42087628267,107.04087139986223,90107.38000488281,XLP,5064
2007-12-18,89807.97800518892,107.04087139986223,89700.93713378906,XLP,5064
2007-12-19,90558.36156536959,107.04087139986223,90451.32069396973,XLP,5064
2007-12-20,90151.88971783541,107.04087139986223,90044.84884643555,XLP,5064
2007-12-21,92310.84702374361,107.04087139986223,92203.80615234375,XLP,5064
2007-12-24,92185.14722515963,107.04087139986223,92078.10635375977,XLP,5064
2007-12-26,91870.89772869967,107.04087139986223,91763.8568572998,XLP,5064
2007-12-27,90990.97982098482,107.04087139986223,90883.93894958496,XLP,5064
2007-12-28,91336.67841412447,107.04087139986223,91229.63754272461,XLP,5064
2007-12-31,90613.85144879244,107.04087139986223,90506.81057739258,XLP,5064
2008-01-02,89058.1168876543,97.68707045458723,88960.4298171997,XLE,1942
2008-01-03,90109.96194228076,97.68707045458723,90012.27487182617,XLE,1942
2008-01-04,86820.08012160205,97.68707045458723,86722.39305114746,XLE,1942
2008-01-07,86484.41720351123,97.68707045458723,86386.73013305664,XLE,1942
2008-01-08,84973.76368483447,97.68707045458723,84876.07661437988,XLE,1942
2008-01-09,86092.77836378955,97.68707045458723,85995.09129333496,XLE,1942
2008-01-10,85734.6687751665,97.68707045458723,85636.98170471191,XLE,1942
2008-01-11,84693.98038252734,97.68707045458723,84596.29331207275,XLE,1942
2008-01-14,86372.50240095996,97.68707045458723,86274.81533050537,XLE,1942
2008-01-15,82802.87431868457,97.68707045458723,82705.18724822998,XLE,1942
2008-01-16,80050.14947279834,97.68707045458723,79952.46240234375,XLE,1942
2008-01-17,77028.84243544482,97.68707045458723,76931.15536499023,XLE,1942
2008-01-18,77196.73315962695,97.68707045458723,77099.04608917236,XLE,1942
2008-01-22,75014.6426826372,97.68707045458723,74916.95561218262,XLE,1942
2008-01-23,75708.42259749316,97.68707045458723,75610.73552703857,XLE,1942
2008-01-24,78371.65708693408,97.68707045458723,78273.97001647949,XLE,1942
2008-01-25,76972.91837080859,97.68707045458723,76875.231300354,XLE,1942
2008-01-28,78718.51370772265,97.68707045458723,78620.82663726807,XLE,1942
2008-01-29,79602.55693587207,97.68707045458723,79504.86986541748,XLE,1942
2008-01-30,78606.64335402392,97.68707045458723,78508.95628356934,XLE,1942
2008-01-31,77979.99602278613,97.68707045458723,77882.30895233154,XLE,1942
2008-02-01,79938.21985396289,97.68707045458723,79840.5327835083,XLE,1942
2008-02-04,79994.20318373584,97.68707045458723,79896.51611328125,XLE,1942
2008-02-05,76693.13506850146,97.68707045458723,76595.44799804688,XLE,1942
2008-02-06,75641.29742201709,97.68707045458723,75543.6103515625,XLE,1942
2008-02-07,77129.5931678667,97.68707045458723,77031.90609741211,XLE,1942
2008-02-08,78259.74228438281,97.68707045458723,78162.05521392822,XLE,1942
2008-02-11,80273.9642616167,97.68707045458723,80176.27719116211,XLE,1942
2008-02-12,80229.20426710986,97.68707045458723,80131.51719665527,XLE,1942
2008-02-13,82176.26402815722,97.68707045458723,82078.57695770264,XLE,1942
2008-02-14,81471.26077803515,97.68707045458723,81373.57370758057,XLE,1942
2008-02-15,81616.77891310595,97.68707045458723,81519.09184265137,XLE,1942
2008-02-19,84302.36376723193,97.68707045458723,84204.67669677734,XLE,1942
2008-02-20,85309.44141920947,97.68707045458723,85211.75434875488,XLE,1942
2008-02-21,82970.74281844043,97.68707045458723,82873.05574798584,XLE,1942
2008-02-22,83910.69529494189,97.68707045458723,83813.0082244873,XLE,1942
2008-02-25,86305.33277663135,97.68707045458723,86207.64570617676,XLE,1942
2008-02-26,87771.23370894336,97.68707045458723,87673.54663848877,XLE,1942
2008-02-27,86629.85384901904,97.68707045458723,86532.16677856445,XLE,1942
2008-02-28,88118.12737044238,97.68707045458723,88020.4402999878,XLE,1942
2008-02-29,85197.56365736865,97.68707045458723,85099.87658691406,XLE,1942
2008-03-03,86260.63945540332,97.68707045458723,86162.95238494873,XLE,1942
2008-03-04,84582.07298811816,97.68707045458723,84484.38591766357,XLE,1942
2008-03-05,86708.2245841875,97.68707045458723,86610.53751373291,XLE,1942
2008-03-06,84973.76368483447,97.68707045458723,84876.07661437988,XLE,1942
2008-03-07,82635.02063521289,97.68707045458723,82537.3335647583,XLE,1942
2008-03-10,81616.77891310595,97.68707045458723,81519.09184265137,XLE,1942
2008-03-11,85813.0098777666,97.68707045458723,85715.32280731201,XLE,1942
2008-03-12,83910.69529494189,97.68707045458723,83813.0082244873,XLE,1942
2008-03-13,85309.44141920947,97.68707045458723,85211.75434875488,XLE,1942
2008-03-14,83754.03531416797,97.68707045458723,83656.34824371338,XLE,1942
2008-03-17,80833.45678481006,97.68707045458723,80735.76971435547,XLE,1942
2008-03-18,84358.32487257861,97.68707045458723,84260.63780212402,XLE,1942
2008-03-19,79210.90327986621,97.68707045458723,79113.21620941162,XLE,1942
2008-03-20,79562.13070448779,97.68707045458723,79464.4436340332,XLE,1942
2008-03-24,80953.69833907031,97.68707045458723,80856.01126861572,XLE,1942
2008-03-25,81761.71921309375,97.68707045458723,81664.03214263916,XLE,1942
2008-03-26,83534.81357344531,97.68707045458723,83437.12650299072,XLE,1942
2008-03-27,82693.1449180498,97.68707045458723,82595.45784759521,XLE,1942
2008-03-28,82468.71525343799,97.68707045458723,82371.0281829834,XLE,1942
2008-03-31,83209.38129958056,97.68707045458723,83111.69422912598,XLE,1942
2008-04-01,84642.25456016634,84642.25456016634,0.0,GLD,0
2008-04-02,84642.25456016634,84642.25456016634,0.0,GLD,0
2008-04-03,84642.25456016634,84642.25456016634,0.0,GLD,0
2008-04-04,84642.25456016634,84642.25456016634,0.0,GLD,0
2008-04-07,84642.25456016634,84642.25456016634,0.0,GLD,0
2008-04-08,84642.25456016634,84642.25456016634,0.0,GLD,0
2008-04-09,84642.25456016634,84642.25456016634,0.0,GLD,0
2008-04-10,84642.25456016634,84642.25456016634,0.0,GLD,0
2008-04-11,84642.25456016634,84642.25456016634,0.0,GLD,0
2008-04-14,84642.25456016634,84642.25456016634,0.0,GLD,0
2008-04-15,84642.25456016634,84642.25456016634,0.0,GLD,0
2008-04-16,84642.25456016634,84642.25456016634,0.0,GLD,0
2008-04-17,84642.25456016634,84642.25456016634,0.0,GLD,0
2008-04-18,84642.25456016634,84642.25456016634,0.0,GLD,0
2008-04-21,84642.25456016634,84642.25456016634,0.0,GLD,0
2008-04-22,84642.25456016634,84642.25456016634,0.0,GLD,0
2008-04-23,84642.25456016634,84642.25456016634,0.0,GLD,0
2008-04-24,84642.25456016634,84642.25456016634,0.0,GLD,0
2008-04-25,84642.25456016634,84642.25456016634,0.0,GLD,0
2008-04-28,84642.25456016634,84642.25456016634,0.0,GLD,0
2008-04-29,84642.25456016634,84642.25456016634,0.0,GLD,0
2008-04-30,84642.25456016634,84642.25456016634,0.0,GLD,0
2008-05-01,84515.6260414152,96.61354065226624,84419.01250076294,XLE,1827
2008-05-02,86109.90210342692,96.61354065226624,86013.28856277466,XLE,1827
2008-05-05,87355.68466186809,96.61354065226624,87259.07112121582,XLE,1827
2008-05-06,89667.80033111857,96.61354065226624,89571.18679046631,XLE,1827
2008-05-07,87999.71777344035,96.61354065226624,87903.10423278809,XLE,1827
2008-05-08,89762.80093002605,96.61354065226624,89666.18738937378,XLE,1827
2008-05-09,89593.93807983684,96.61354065226624,89497.32453918457,XLE,1827
2008-05-12,89097.69219589519,96.61354065226624,89001.07865524292,XLE,1827
2008-05-13,90554.68399429607,96.61354065226624,90458.0704536438,XLE,1827
2008-05-14,89519.99219513225,96.61354065226624,89423.37865447998,XLE,1827
2008-05-15,90702.46425247478,96.61354065226624,90605.85071182251,XLE,1827
2008-05-16,94006.98805618571,96.61354065226624,93910.37451553345,XLE,1827
2008-05-19,94587.68975830363,96.61354065226624,94491.07621765137,XLE,1827
2008-05-20,95527.29035568523,96.61354065226624,95430.67681503296,XLE,1827
2008-05-21,94112.58222198772,96.61354065226624,94015.96868133545,XLE,1827
2008-05-22,92740.0462417631,96.61354065226624,92643.43270111084,XLE,1827
2008-05-23,91166.99216079997,96.61354065226624,91070.3786201477,XLE,1827
2008-05-27,90575.78052521037,96.61354065226624,90479.1669845581,XLE,1827
2008-05-28,92486.70666504191,96.61354065226624,92390.09312438965,XLE,1827
2008-05-29,89963.44448089885,96.61354065226624,89866.83094024658,XLE,1827
2008-05-30,90892.50726700114,96.61354065226624,90795.89372634888,XLE,1827
2008-06-02,91430.99499893474,96.61354065226624,91334.38145828247,XLE,1827
2008-06-03,89467.21950531291,96.61354065226624,89370.60596466064,XLE,1827
2008-06-04,88136.93931198405,96.61354065226624,88040.32577133179,XLE,1827
2008-06-05,92729.52236938762,96.61354065226624,92632.90882873535,XLE,1827
2008-06-06,90913.58985901164,96.61354065226624,90816.97631835938,XLE,1827
2008-06-09,93584.73684311198,96.61354065226624,93488.12330245972,XLE,1827
2008-06-10,91283.14504623698,96.61354065226624,91186.53150558472,XLE,1827
2008-06-11,91842.69446182536,96.61354065226624,91746.0809211731,XLE,1827
2008-06-12,90449.07588959025,96.61354065226624,90352.46234893799,XLE,1827
2008-06-13,91525.9746894865,96.61354065226624,91429.36114883423,XLE,1827
2008-06-16,91853.24621200847,96.61354065226624,91756.6326713562,XLE,1827
2008-06-17,93373.55548095988,96.61354065226624,93276.94194030762,XLE,1827
2008-06-18,93732.5240707426,96.61354065226624,93635.91053009033,XLE,1827
2008-06-19,91483.72587204265,96.61354065226624,91387.11233139038,XLE,1827
2008-06-20,90867.66814041423,96.61354065226624,90771.05459976196,XLE,1827
2008-06-23,94456.12741470622,96.61354065226624,94359.51387405396,XLE,1827
2008-06-24,92667.18759155559,96.61354065226624,92570.57405090332,XLE,1827
2008-06-25,92317.86472320842,96.61354065226624,92221.25118255615,XLE,1827
2008-06-26,91650.99271774577,96.61354065226624,91554.3791770935,XLE,1827
2008-06-27,92455.49048996257,96.61354065226624,92358.8769493103,XLE,1827
2008-06-30,93757.5025863676,96.61354065226624,93660.88904571533,XLE,1827
2008-07-01,94008.0860480318,94008.0860480318,0.0,GLD,0
2008-07-02,94008.0860480318,94008.0860480318,0.0,GLD,0
2008-07-03,94008.0860480318,94008.0860480318,0.0,GLD,0
2008-07-07,94008.0860480318,94008.0860480318,0.0,GLD,0
2008-07-08,94008.0860480318,94008.0860480318,0.0,GLD,0
2008-07-09,94008.0860480318,94008.0860480318,0.0,GLD,0
2008-07-10,94008.0860480318,94008.0860480318,0.0,GLD,0
2008-07-11,94008.0860480318,94008.0860480318,0.0,GLD,0
2008-07-14,94008.0860480318,94008.0860480318,0.0,GLD,0
2008-07-15,94008.0860480318,94008.0860480318,0.0,GLD,0
2008-07-16,94008.0860480318,94008.0860480318,0.0,GLD,0
2008-07-17,94008.0860480318,94008.0860480318,0.0,GLD,0
2008-07-18,94008.0860480318,94008.0860480318,0.0,GLD,0
2008-07-21,94008.0860480318,94008.0860480318,0.0,GLD,0
2008-07-22,94008.0860480318,94008.0860480318,0.0,GLD,0
2008-07-23,94008.0860480318,94008.0860480318,0.0,GLD,0
2008-07-24,94008.0860480318,94008.0860480318,0.0,GLD,0
2008-07-25,94008.0860480318,94008.0860480318,0.0,GLD,0
2008-07-28,94008.0860480318,94008.0860480318,0.0,GLD,0
2008-07-29,94008.0860480318,94008.0860480318,0.0,GLD,0
2008-07-30,94008.0860480318,94008.0860480318,0.0,GLD,0
2008-07-31,94008.0860480318,94008.0860480318,0.0,GLD,0
2008-08-01,94008.0860480318,94008.0860480318,0.0,GLD,0
2008-08-04,94008.0860480318,94008.0860480318,0.0,GLD,0
2008-08-05,94008.0860480318,94008.0860480318,0.0,GLD,0
2008-08-06,94008.0860480318,94008.0860480318,0.0,GLD,0
2008-08-07,94008.0860480318,94008.0860480318,0.0,GLD,0
2008-08-08,94008.0860480318,94008.0860480318,0.0,GLD,0
2008-08-11,94008.0860480318,94008.0860480318,0.0,GLD,0
2008-08-12,94008.0860480318,94008.0860480318,0.0,GLD,0
2008-08-13,94008.0860480318,94008.0860480318,0.0,GLD,0
2008-08-14,94008.0860480318,94008.0860480318,0.0,GLD,0
2008-08-15,94008.0860480318,94008.0860480318,0.0,GLD,0
2008-08-18,94008.0860480318,94008.0860480318,0.0,GLD,0
2008-08-19,94008.0860480318,94008.0860480318,0.0,GLD,0
2008-08-20,94008.0860480318,94008.0860480318,0.0,GLD,0
2008-08-21,94008.0860480318,94008.0860480318,0.0,GLD,0
2008-08-22,94008.0860480318,94008.0860480318,0.0,GLD,0
2008-08-25,94008.0860480318,94008.0860480318,0.0,GLD,0
2008-08-26,94008.0860480318,94008.0860480318,0.0,GLD,0
2008-08-27,94008.0860480318,94008.0860480318,0.0,GLD,0
2008-08-28,94008.0860480318,94008.0860480318,0.0,GLD,0
2008-08-29,94008.0860480318,94008.0860480318,0.0,GLD,0
2008-09-02,94008.0860480318,94008.0860480318,0.0,SHY,0
2008-09-03,94008.0860480318,94008.0860480318,0.0,SHY,0
2008-09-04,94008.0860480318,94008.0860480318,0.0,SHY,0
2008-09-05,94008.0860480318,94008.0860480318,0.0,SHY,0
2008-09-08,94008.0860480318,94008.0860480318,0.0,SHY,0
2008-09-09,94008.0860480318,94008.0860480318,0.0,SHY,0
2008-09-10,94008.0860480318,94008.0860480318,0.0,SHY,0
2008-09-11,94008.0860480318,94008.0860480318,0.0,SHY,0
2008-09-12,94008.0860480318,94008.0860480318,0.0,SHY,0
2008-09-15,94008.0860480318,94008.0860480318,0.0,SHY,0
2008-09-16,94008.0860480318,94008.0860480318,0.0,SHY,0
2008-09-17,94008.0860480318,94008.0860480318,0.0,SHY,0
2008-09-18,94008.0860480318,94008.0860480318,0.0,SHY,0
2008-09-19,94008.0860480318,94008.0860480318,0.0,SHY,0
2008-09-22,94008.0860480318,94008.0860480318,0.0,SHY,0
2008-09-23,94008.0860480318,94008.0860480318,0.0,SHY,0
2008-09-24,94008.0860480318,94008.0860480318,0.0,SHY,0
2008-09-25,94008.0860480318,94008.0860480318,0.0,SHY,0
2008-09-26,94008.0860480318,94008.0860480318,0.0,SHY,0
2008-09-29,94008.0860480318,94008.0860480318,0.0,SHY,0
2008-09-30,94008.0860480318,94008.0860480318,0.0,SHY,0
2008-10-01,94008.0860480318,94008.0860480318,0.0,TLT,0
2008-10-02,94008.0860480318,94008.0860480318,0.0,TLT,0
2008-10-03,94008.0860480318,94008.0860480318,0.0,TLT,0
2008-10-06,94008.0860480318,94008.0860480318,0.0,TLT,0
2008-10-07,94008.0860480318,94008.0860480318,0.0,TLT,0
2008-10-08,94008.0860480318,94008.0860480318,0.0,TLT,0
2008-10-09,94008.0860480318,94008.0860480318,0.0,TLT,0
2008-10-10,94008.0860480318,94008.0860480318,0.0,TLT,0
2008-10-13,94008.0860480318,94008.0860480318,0.0,TLT,0
2008-10-14,94008.0860480318,94008.0860480318,0.0,TLT,0
2008-10-15,94008.0860480318,94008.0860480318,0.0,TLT,0
2008-10-16,94008.0860480318,94008.0860480318,0.0,TLT,0
2008-10-17,94008.0860480318,94008.0860480318,0.0,TLT,0
2008-10-20,94008.0860480318,94008.0860480318,0.0,TLT,0
2008-10-21,94008.0860480318,94008.0860480318,0.0,TLT,0
2008-10-22,94008.0860480318,94008.0860480318,0.0,TLT,0
2008-10-23,94008.0860480318,94008.0860480318,0.0,TLT,0
2008-10-24,94008.0860480318,94008.0860480318,0.0,TLT,0
2008-10-27,94008.0860480318,94008.0860480318,0.0,TLT,0
2008-10-28,94008.0860480318,94008.0860480318,0.0,TLT,0
2008-10-29,94008.0860480318,94008.0860480318,0.0,TLT,0
2008-10-30,94008.0860480318,94008.0860480318,0.0,TLT,0
2008-10-31,94008.0860480318,94008.0860480318,0.0,TLT,0
2008-11-03,94008.0860480318,94008.0860480318,0.0,TLT,0
2008-11-04,94008.0860480318,94008.0860480318,0.0,TLT,0
2008-11-05,94008.0860480318,94008.0860480318,0.0,TLT,0
2008-11-06,94008.0860480318,94008.0860480318,0.0,TLT,0
2008-11-07,94008.0860480318,94008.0860480318,0.0,TLT,0
2008-11-10,94008.0860480318,94008.0860480318,0.0,TLT,0
2008-11-11,94008.0860480318,94008.0860480318,0.0,TLT,0
2008-11-12,94008.0860480318,94008.0860480318,0.0,TLT,0
2008-11-13,94008.0860480318,94008.0860480318,0.0,TLT,0
2008-11-14,94008.0860480318,94008.0860480318,0.0,TLT,0
2008-11-17,94008.0860480318,94008.0860480318,0.0,TLT,0
2008-11-18,94008.0860480318,94008.0860480318,0.0,TLT,0
2008-11-19,94008.0860480318,94008.0860480318,0.0,TLT,0
2008-11-20,94008.0860480318,94008.0860480318,0.0,TLT,0
2008-11-21,94008.0860480318,94008.0860480318,0.0,TLT,0
2008-11-24,94008.0860480318,94008.0860480318,0.0,TLT,0
2008-11-25,94008.0860480318,94008.0860480318,0.0,TLT,0
2008-11-26,94008.0860480318,94008.0860480318,0.0,TLT,0
2008-11-28,94008.0860480318,94008.0860480318,0.0,TLT,0
2008-12-01,94008.0860480318,94008.0860480318,0.0,TLT,0
2008-12-02,94008.0860480318,94008.0860480318,0.0,TLT,0
2008-12-03,94008.0860480318,94008.0860480318,0.0,TLT,0
2008-12-04,94008.0860480318,94008.0860480318,0.0,TLT,0
2008-12-05,94008.0860480318,94008.0860480318,0.0,TLT,0
2008-12-08,94008.0860480318,94008.0860480318,0.0,TLT,0
2008-12-09,94008.0860480318,94008.0860480318,0.0,TLT,0
2008-12-10,94008.0860480318,94008.0860480318,0.0,TLT,0
2008-12-11,94008.0860480318,94008.0860480318,0.0,TLT,0
2008-12-12,94008.0860480318,94008.0860480318,0.0,TLT,0
2008-12-15,94008.0860480318,94008.0860480318,0.0,TLT,0
2008-12-16,94008.0860480318,94008.0860480318,0.0,TLT,0
2008-12-17,94008.0860480318,94008.0860480318,0.0,TLT,0
2008-12-18,94008.0860480318,94008.0860480318,0.0,TLT,0
2008-12-19,94008.0860480318,94008.0860480318,0.0,TLT,0
2008-12-22,94008.0860480318,94008.0860480318,0.0,TLT,0
2008-12-23,94008.0860480318,94008.0860480318,0.0,TLT,0
2008-12-24,94008.0860480318,94008.0860480318,0.0,TLT,0
2008-12-26,94008.0860480318,94008.0860480318,0.0,TLT,0
2008-12-29,94008.0860480318,94008.0860480318,0.0,TLT,0
2008-12-30,94008.0860480318,94008.0860480318,0.0,TLT,0
2008-12-31,94008.0860480318,94008.0860480318,0.0,TLT,0
2009-01-02,94008.0860480318,94008.0860480318,0.0,TLT,0
2009-01-05,94008.0860480318,94008.0860480318,0.0,TLT,0
2009-01-06,94008.0860480318,94008.0860480318,0.0,TLT,0
2009-01-07,94008.0860480318,94008.0860480318,0.0,TLT,0
2009-01-08,94008.0860480318,94008.0860480318,0.0,TLT,0
2009-01-09,94008.0860480318,94008.0860480318,0.0,TLT,0
2009-01-12,94008.0860480318,94008.0860480318,0.0,TLT,0
2009-01-13,94008.0860480318,94008.0860480318,0.0,TLT,0
2009-01-14,94008.0860480318,94008.0860480318,0.0,TLT,0
2009-01-15,94008.0860480318,94008.0860480318,0.0,TLT,0
2009-01-16,94008.0860480318,94008.0860480318,0.0,TLT,0
2009-01-20,94008.0860480318,94008.0860480318,0.0,TLT,0
2009-01-21,94008.0860480318,94008.0860480318,0.0,TLT,0
2009-01-22,94008.0860480318,94008.0860480318,0.0,TLT,0
2009-01-23,94008.0860480318,94008.0860480318,0.0,TLT,0
2009-01-26,94008.0860480318,94008.0860480318,0.0,TLT,0
2009-01-27,94008.0860480318,94008.0860480318,0.0,TLT,0
2009-01-28,94008.0860480318,94008.0860480318,0.0,TLT,0
2009-01-29,94008.0860480318,94008.0860480318,0.0,TLT,0
2009-01-30,94008.0860480318,94008.0860480318,0.0,TLT,0
2009-02-02,94008.0860480318,94008.0860480318,0.0,GLD,0
2009-02-03,94008.0860480318,94008.0860480318,0.0,GLD,0
2009-02-04,94008.0860480318,94008.0860480318,0.0,GLD,0
2009-02-05,94008.0860480318,94008.0860480318,0.0,GLD,0
2009-02-06,94008.0860480318,94008.0860480318,0.0,GLD,0
2009-02-09,94008.0860480318,94008.0860480318,0.0,GLD,0
2009-02-10,94008.0860480318,94008.0860480318,0.0,GLD,0
2009-02-11,94008.0860480318,94008.0860480318,0.0,GLD,0
2009-02-12,94008.0860480318,94008.0860480318,0.0,GLD,0
2009-02-13,94008.0860480318,94008.0860480318,0.0,GLD,0
2009-02-17,94008.0860480318,94008.0860480318,0.0,GLD,0
2009-02-18,94008.0860480318,94008.0860480318,0.0,GLD,0
2009-02-19,94008.0860480318,94008.0860480318,0.0,GLD,0
2009-02-20,94008.0860480318,94008.0860480318,0.0,GLD,0
2009-02-23,94008.0860480318,94008.0860480318,0.0,GLD,0
2009-02-24,94008.0860480318,94008.0860480318,0.0,GLD,0
2009-02-25,94008.0860480318,94008.0860480318,0.0,GLD,0
2009-02-26,94008.0860480318,94008.0860480318,0.0,GLD,0
2009-02-27,94008.0860480318,94008.0860480318,0.0,GLD,0
2009-03-02,94008.0860480318,94008.0860480318,0.0,GLD,0
2009-03-03,94008.0860480318,94008.0860480318,0.0,GLD,0
2009-03-04,94008.0860480318,94008.0860480318,0.0,GLD,0
2009-03-05,94008.0860480318,94008.0860480318,0.0,GLD,0
2009-03-06,94008.0860480318,94008.0860480318,0.0,GLD,0
2009-03-09,94008.0860480318,94008.0860480318,0.0,GLD,0
2009-03-10,94008.0860480318,94008.0860480318,0.0,GLD,0
2009-03-11,94008.0860480318,94008.0860480318,0.0,GLD,0
2009-03-12,94008.0860480318,94008.0860480318,0.0,GLD,0
2009-03-13,94008.0860480318,94008.0860480318,0.0,GLD,0
2009-03-16,94008.0860480318,94008.0860480318,0.0,GLD,0
2009-03-17,94008.0860480318,94008.0860480318,0.0,GLD,0
2009-03-18,94008.0860480318,94008.0860480318,0.0,GLD,0
2009-03-19,94008.0860480318,94008.0860480318,0.0,GLD,0
2009-03-20,94008.0860480318,94008.0860480318,0.0,GLD,0
2009-03-23,94008.0860480318,94008.0860480318,0.0,GLD,0
2009-03-24,94008.0860480318,94008.0860480318,0.0,GLD,0
2009-03-25,94008.0860480318,94008.0860480318,0.0,GLD,0
2009-03-26,94008.0860480318,94008.0860480318,0.0,GLD,0
2009-03-27,94008.0860480318,94008.0860480318,0.0,GLD,0
2009-03-30,94008.0860480318,94008.0860480318,0.0,GLD,0
2009-03-31,94008.0860480318,94008.0860480318,0.0,GLD,0
2009-04-01,94008.0860480318,94008.0860480318,0.0,IEF,0
2009-04-02,94008.0860480318,94008.0860480318,0.0,IEF,0
2009-04-03,94008.0860480318,94008.0860480318,0.0,IEF,0
2009-04-06,94008.0860480318,94008.0860480318,0.0,IEF,0
2009-04-07,94008.0860480318,94008.0860480318,0.0,IEF,0
2009-04-08,94008.0860480318,94008.0860480318,0.0,IEF,0
2009-04-09,94008.0860480318,94008.0860480318,0.0,IEF,0
2009-04-13,94008.0860480318,94008.0860480318,0.0,IEF,0
2009-04-14,94008.0860480318,94008.0860480318,0.0,IEF,0
2009-04-15,94008.0860480318,94008.0860480318,0.0,IEF,0
2009-04-16,94008.0860480318,94008.0860480318,0.0,IEF,0
2009-04-17,94008.0860480318,94008.0860480318,0.0,IEF,0
2009-04-20,94008.0860480318,94008.0860480318,0.0,IEF,0
2009-04-21,94008.0860480318,94008.0860480318,0.0,IEF,0
2009-04-22,94008.0860480318,94008.0860480318,0.0,IEF,0
2009-04-23,94008.0860480318,94008.0860480318,0.0,IEF,0
2009-04-24,94008.0860480318,94008.0860480318,0.0,IEF,0
2009-04-27,94008.0860480318,94008.0860480318,0.0,IEF,0
2009-04-28,94008.0860480318,94008.0860480318,0.0,IEF,0
2009-04-29,94008.0860480318,94008.0860480318,0.0,IEF,0
2009-04-30,94008.0860480318,94008.0860480318,0.0,IEF,0
2009-05-01,93867.44271806572,105.22274068687693,93762.21997737885,VNQ,5891
2009-05-04,101596.88016561363,105.22274068687693,101491.65742492676,VNQ,5891
2009-05-05,97808.48607686852,105.22274068687693,97703.26333618164,VNQ,5891
2009-05-06,101535.78899625633,105.22274068687693,101430.56625556946,VNQ,5891
2009-05-07,95731.02676061486,105.22274068687693,95625.80401992798,VNQ,5891
2009-05-08,102116.26184896324,105.22274068687693,102011.03910827637,VNQ,5891
2009-05-11,98236.22538808678,105.22274068687693,98131.0026473999,VNQ,5891
2009-05-12,97961.28703550194,105.22274068687693,97856.06429481506,VNQ,5891
2009-05-13,91545.48389009331,105.22274068687693,91440.26114940643,VNQ,5891
2009-05-14,93714.6305232415,105.22274068687693,93609.40778255463,VNQ,5891
2009-05-15,90567.83416513298,105.22274068687693,90462.6114244461,VNQ,5891
2009-05-18,97839.08222440575,105.22274068687693,97733.85948371887,VNQ,5891
2009-05-19,95975.47009137963,105.22274068687693,95870.24735069275,VNQ,5891
2009-05-20,95211.64507726525,105.22274068687693,95106.42233657837,VNQ,5891
2009-05-21,95486.60590223168,105.22274068687693,95381.3831615448,VNQ,5891
2009-05-22,93134.19137910698,105.22274068687693,93028.9686384201,VNQ,5891
2009-05-26,98663.96469930504,105.22274068687693,98558.74195861816,VNQ,5891
2009-05-27,95089.45150235985,105.22274068687693,94984.22876167297,VNQ,5891
2009-05-28,96403.19816640709,105.22274068687693,96297.97542572021,VNQ,5891
2009-05-29,99580.51201871727,105.22274068687693,99475.2892780304,VNQ,5891
2009-06-01,104369.33586431453,121.18466878840991,104248.15119552612,XLV,5319
2009-06-02,105010.86678815792,121.18466878840991,104889.6821193695,XLV,5319
2009-06-03,104770.29395986507,121.18466878840991,104649.10929107666,XLV,5319
2009-06-04,103326.85699010799,121.18466878840991,103205.67232131958,XLV,5319
2009-06-05,103527.36647344539,121.18466878840991,103406.18180465698,XLV,5319
2009-06-08,102404.7000382037,121.18466878840991,102283.51536941528,XLV,5319
2009-06-09,101883.45045591304,121.18466878840991,101762.26578712463,XLV,5319
2009-06-10,101442.37828947017,121.18466878840991,101321.19362068176,XLV,5319
2009-06-11,102524.98137975643,121.18466878840991,102403.79671096802,XLV,5319
2009-06-12,102885.84569478939,121.18466878840991,102764.66102600098,XLV,5319
2009-06-15,99718.29500127742,121.18466878840991,99597.11033248901,XLV,5319
2009-06-16,100119.22266126583,121.18466878840991,99998.03799247742,XLV,5319
2009-06-17,102404.7000382037,121.18466878840991,102283.51536941528,XLV,5319
2009-06-18,104369.33586431453,121.18466878840991,104248.15119552612,XLV,5319
2009-06-19,105215.58652425716,121.18466878840991,105094.40185546875,XLV,5319
2009-06-22,103321.64236379573,121.18466878840991,103200.45769500732,XLV,5319
2009-06-23,102999.25874448726,121.18466878840991,102878.07407569885,XLV,5319
2009-06-24,103523.15622068355,121.18466878840991,103401.97155189514,XLV,5319
2009-06-25,106384.2005131335,121.18466878840991,106263.0158443451,XLV,5319
2009-06-26,106384.2005131335,121.18466878840991,106263.0158443451,XLV,5319
2009-06-29,107028.9880421252,121.18466878840991,106907.80337333679,XLV,5319
2009-06-30,106142.44069791744,121.18466878840991,106021.25602912903,XLV,5319
2009-07-01,106106.02683089493,109.26831649063388,105996.7585144043,XLU,6612
2009-07-02,103066.80815718888,109.26831649063388,102957.53984069824,XLU,6612
2009-07-06,103667.12919829605,109.26831649063388,103557.86088180542,XLU,6612
2009-07-07,101603.5212843251,109.26831649063388,101494.25296783447,XLU,6612
2009-07-08,101153.22532866715,109.26831649063388,101043.95701217651,XLU,6612
2009-07-09,101190.72529433487,109.26831649063388,101081.45697784424,XLU,6612
2009-07-10,101078.21909163712,109.26831649063388,100968.95077514648,XLU,6612
2009-07-13,102841.66333220719,109.26831649063388,102732.39501571655,XLU,6612
2009-07-14,103629.58509276627,109.26831649063388,103520.31677627563,XLU,6612
2009-07-15,105693.28759215592,109.26831649063388,105584.01927566528,XLU,6612
2009-07-16,105730.79386351822,109.26831649063388,105621.52554702759,XLU,6612
2009-07-17,105243.03577636002,109.26831649063388,105133.76745986938,XLU,6612
2009-07-20,106030.95123122452,109.26831649063388,105921.68291473389,XLU,6612
2009-07-21,107081.54300521134,109.26831649063388,106972.2746887207,XLU,6612
2009-07-22,106518.75976393936,109.26831649063388,106409.49144744873,XLU,6612
2009-07-23,109295.28320143936,109.26831649063388,109186.01488494873,XLU,6612
2009-07-24,111021.29053328751,109.26831649063388,110912.02221679688,XLU,6612
2009-07-27,110758.5826856923,109.26831649063388,110649.31436920166,XLU,6612
2009-07-28,108957.5754225087,109.26831649063388,108848.30710601807,XLU,6612
2009-07-29,108432.27322982071,109.26831649063388,108323.00491333008,XLU,6612
2009-07-30,110083.19235060929,109.26831649063388,109973.92403411865,XLU,6612
2009-07-31,108694.90540908097,109.26831649063388,108585.63709259033,XLU,6612
2009-08-03,109454.51794533394,112.72874169013812,109341.7892036438,XLB,5134
2009-08-04,109055.57850746773,112.72874169013812,108942.84976577759,XLB,5134
2009-08-05,109925.95977883003,112.72874169013812,109813.23103713989,XLB,5134
2009-08-06,109019.33710198067,112.72874169013812,108906.60836029053,XLB,5134
2009-08-07,109672.1230555024,112.72874169013812,109559.39431381226,XLB,5134
2009-08-10,108221.477810904,112.72874169013812,108108.74906921387,XLB,5134
2009-08-11,107967.58233360908,112.72874169013812,107854.85359191895,XLB,5134
2009-08-12,108946.76616005562,112.72874169013812,108834.03741836548,XLB,5134
2009-08-13,110941.40459541939,112.72874169013812,110828.67585372925,XLB,5134
2009-08-14,108148.95583061836,112.72874169013812,108036.22708892822,XLB,5134
2009-08-17,104050.86661247871,112.72874169013812,103938.13787078857,XLB,5134
2009-08-18,105610.31441216133,112.72874169013812,105497.58567047119,XLB,5134
2009-08-19,106988.41809181831,112.72874169013812,106875.68935012817,XLB,5134
2009-08-20,107206.01340965889,112.72874169013812,107093.28466796875,XLB,5134
2009-08-21,110034.77212624214,112.72874169013812,109922.043384552,XLB,5134
2009-08-24,109164.4104395356,112.72874169013812,109051.68169784546,XLB,5134
2009-08-25,108620.40745644234,112.72874169013812,108507.6787147522,XLB,5134
2009-08-26,108221.477810904,112.72874169013812,108108.74906921387,XLB,5134
2009-08-27,108983.07611183784,112.72874169013812,108870.3473701477,XLB,5134
2009-08-28,109672.1230555024,112.72874169013812,109559.39431381226,XLB,5134
2009-08-31,108221.477810904,112.72874169013812,108108.74906921387,XLB,5134
2009-09-01,104715.78892905233,112.4005251598137,104603.38840389252,XLF,12331
2009-09-02,103813.42741877554,112.4005251598137,103701.02689361572,XLF,12331
2009-09-03,105843.7966757488,112.4005251598137,105731.39615058899,XLF,12331
2009-09-04,107046.98455531118,112.4005251598137,106934.58403015137,XLF,12331
2009-09-08,107498.22998911855,112.4005251598137,107385.82946395874,XLF,12331
2009-09-09,109152.6633024883,112.4005251598137,109040.26277732849,XLF,12331
2009-09-10,110055.0248127651,112.4005251598137,109942.62428760529,XLF,12331
2009-09-11,109378.250740118,112.4005251598137,109265.85021495819,XLF,12331
2009-09-14,110807.08485610006,112.4005251598137,110694.68433094025,XLF,12331
2009-09-15,111032.63701445577,112.4005251598137,110920.23648929596,XLF,12331
2009-09-16,114867.83512980459,112.4005251598137,114755.43460464478,XLF,12331
2009-09-17,114491.8403874111,112.4005251598137,114379.43986225128,XLF,12331
2009-09-18,114318.37219721792,112.4005251598137,114205.9716720581,XLF,12331
2009-09-21,113262.26361090658,112.4005251598137,113149.86308574677,XLF,12331
2009-09-22,115827.00803095815,112.4005251598137,115714.60750579834,XLF,12331
2009-09-23,113488.55663401601,112.4005251598137,113376.1561088562,XLF,12331
2009-09-24,111225.60288340566,112.4005251598137,111113.20235824585,XLF,12331
2009-09-25,110169.51781661031,112.4005251598137,110057.1172914505,XLF,12331
2009-09-28,113865.73911196706,112.4005251598137,113753.33858680725,XLF,12331
2009-09-29,113337.71421820638,112.4005251598137,113225.31369304657,XLF,12331
2009-09-30,112809.66580492971,112.4005251598137,112697.2652797699,XLF,12331
2009-10-01,107508.4281638212,111.43925696084625,107396.98890686035,VNQ,5096
2009-10-02,106748.87059241007,111.43925696084625,106637.43133544922,VNQ,5096
2009-10-05,109678.61764746378,111.43925696084625,109567.17839050293,VNQ,5096
2009-10-06,109380.21829443643,111.43925696084625,109268.77903747559,VNQ,5096
2009-10-07,109298.8340018339,111.43925696084625,109187.39474487305,VNQ,5096
2009-10-08,111387.6586325712,111.43925696084625,111276.21937561035,VNQ,5096
2009-10-09,112337.09344702432,111.43925696084625,112225.65419006348,VNQ,5096
2009-10-12,112174.28598242471,111.43925696084625,112062.84672546387,VNQ,5096
2009-10-13,110600.92436438272,111.43925696084625,110489.48510742188,VNQ,5096
2009-10-14,114642.8942587919,111.43925696084625,114531.45500183105,VNQ,5096
2009-10-15,113666.2730277128,111.43925696084625,113554.83377075195,VNQ,5096
2009-10-16,110682.3183768339,111.43925696084625,110570.87911987305,VNQ,5096
2009-10-19,113069.52292090128,111.43925696084625,112958.08366394043,VNQ,5096
2009-10-20,110980.71772986124,111.43925696084625,110869.27847290039,VNQ,5096
2009-10-21,109570.10525732706,111.43925696084625,109458.66600036621,VNQ,5096
2009-10-22,112445.60583716104,111.43925696084625,112334.1665802002,VNQ,5096
2009-10-23,111116.3484976835,111.43925696084625,111004.90924072266,VNQ,5096
2009-10-26,110845.08696203897,111.43925696084625,110733.64770507812,VNQ,5096
2009-10-27,109244.57780676553,111.43925696084625,109133.13854980469,VNQ,5096
2009-10-28,104660.06540137003,111.43925696084625,104548.62614440918,VNQ,5096
2009-10-29,109434.46476965616,111.43925696084625,109323.02551269531,VNQ,5096
2009-10-30,107535.54654150674,111.43925696084625,107424.1072845459,VNQ,5096
2009-11-02,107186.72467212961,114.7191179303918,107072.00555419922,XLE,3248
2009-11-03,108573.23053150461,114.7191179303918,108458.51141357422,XLE,3248
2009-11-04,108476.93438892649,114.7191179303918,108362.2152709961,XLE,3248
2009-11-05,110325.62951832102,114.7191179303918,110210.91040039062,XLE,3248
2009-11-06,110036.75348072336,114.7191179303918,109922.03436279297,XLE,3248
2009-11-09,112135.9028337507,114.7191179303918,112021.18371582031,XLE,3248
2009-11-10,112212.93231373117,114.7191179303918,112098.21319580078,XLE,3248
2009-11-11,112174.41137867258,114.7191179303918,112059.69226074219,XLE,3248
2009-11-12,109709.44323902414,114.7191179303918,109594.72412109375,XLE,3248
2009-11-13,110402.70855884836,114.7191179303918,110287.98944091797,XLE,3248
2009-11-16,113291.33264332102,114.7191179303918,113176.61352539062,XLE,3248
2009-11-17,113098.74035816477,114.7191179303918,112984.02124023438,XLE,3248
2009-11-18,112655.86731128977,114.7191179303918,112541.14819335938,XLE,3248
2009-11-19,110133.11157398508,114.7191179303918,110018.39245605469,XLE,3248
2009-11-20,109112.44928150461,114.7191179303918,108997.73016357422,XLE,3248
2009-11-23,110518.25897388742,114.7191179303918,110403.53985595703,XLE,3248
2009-11-24,111153.71191578195,114.7191179303918,111038.99279785156,XLE,3248
2009-11-25,112020.37719898508,114.7191179303918,111905.65808105469,XLE,3248
2009-11-27,109921.24023609445,114.7191179303918,109806.52111816406,XLE,3248
2009-11-30,109536.10522632883,114.7191179303918,109421.38610839844,XLE,3248
2009-12-01,110980.42346363352,114.7191179303918,110865.70434570312,XLE,3248
2009-12-02,110325.62951832102,114.7191179303918,110210.91040039062,XLE,3248
2009-12-03,108553.96386890695,114.7191179303918,108439.24475097656,XLE,3248
2009-12-04,107764.42718677805,114.7191179303918,107649.70806884766,XLE,3248
2009-12-07,107514.07208423899,114.7191179303918,107399.3529663086,XLE,3248
2009-12-08,105684.58166675852,114.7191179303918,105569.86254882812,XLE,3248
2009-12-09,105684.58166675852,114.7191179303918,105569.86254882812,XLE,3248
2009-12-10,106994.11999683664,114.7191179303918,106879.40087890625,XLE,3248
2009-12-11,107051.90759449289,114.7191179303918,106937.1884765625,XLE,3248
2009-12-14,108149.57458668039,114.7191179303918,108034.85546875,XLE,3248
2009-12-15,108496.20105152414,114.7191179303918,108381.48193359375,XLE,3248
2009-12-16,109189.46637134836,114.7191179303918,109074.74725341797,XLE,3248
2009-12-17,108265.12500171945,114.7191179303918,108150.40588378906,XLE,3248
2009-12-18,108834.3774431257,114.7191179303918,108719.65832519531,XLE,3248
2009-12-21,110131.64953785227,114.7191179303918,110016.93041992188,XLE,3248
2009-12-22,110654.41418628977,114.7191179303918,110539.69506835938,XLE,3248
2009-12-23,111525.75055103586,114.7191179303918,111411.03143310547,XLE,3248
2009-12-24,112048.55236988352,114.7191179303918,111933.83325195312,XLE,3248
2009-12-28,112242.13586597727,114.7191179303918,112127.41674804688,XLE,3248
2009-12-29,111506.38476734445,114.7191179303918,111391.66564941406,XLE,3248
2009-12-30,111390.21484546945,114.7191179303918,111275.49572753906,XLE,3248
2009-12-31,110499.50030689524,114.7191179303918,110384.78118896484,XLE,3248
2010-01-04,113643.68499234102,114.53445294282574,113529.1505393982,XLV,4694
2010-01-05,112530.26025631807,114.53445294282574,112415.72580337524,XLV,4694
2010-01-06,113679.56004193208,114.53445294282574,113565.02558898926,XLV,4694
2010-01-07,114074.66010144136,114.53445294282574,113960.12564849854,XLV,4694
2010-01-08,114254.21441128633,114.53445294282574,114139.6799583435,XLV,4694
2010-01-11,114900.66364529512,114.53445294282574,114786.1291923523,XLV,4694
2010-01-12,114074.66010144136,114.53445294282574,113960.12564849854,XLV,4694
2010-01-13,115583.11327221773,114.53445294282574,115468.5788192749,XLV,4694
2010-01-14,116624.63570645235,114.53445294282574,116510.10125350952,XLV,4694
2010-01-15,115834.49825909517,114.53445294282574,115719.96380615234,XLV,4694
2010-01-19,118635.89466336153,114.53445294282574,118521.3602104187,XLV,4694
2010-01-20,117630.2830910959,114.53445294282574,117515.74863815308,XLV,4694
2010-01-21,115080.23586132906,114.53445294282574,114965.70140838623,XLV,4694
2010-01-22,113823.23034909151,114.53445294282574,113708.69589614868,XLV,4694
2010-01-25,113823.23034909151,114.53445294282574,113708.69589614868,XLV,4694
2010-01-26,113176.70949032686,114.53445294282574,113062.17503738403,XLV,4694
2010-01-27,113966.88275006197,114.53445294282574,113852.34829711914,XLV,4694
2010-01-28,113248.56702664278,114.53445294282574,113134.03257369995,XLV,4694
2010-01-29,112458.4295792856,114.53445294282574,112343.89512634277,XLV,4694
2010-02-01,112766.44190643213,120.26213882348384,112646.17976760864,VNQ,4854
2010-02-02,114310.60102889917,120.26213882348384,114190.33889007568,VNQ,4854
2010-02-03,112452.35508773706,120.26213882348384,112332.09294891357,VNQ,4854
2010-02-04,108290.97554443261,120.26213882348384,108170.71340560913,VNQ,4854
2010-02-05,110280.04084442041,120.26213882348384,110159.77870559692,VNQ,4854
2010-02-08,107872.16843078515,120.26213882348384,107751.90629196167,VNQ,4854
2010-02-09,107531.91774032495,120.26213882348384,107411.65560150146,VNQ,4854
2010-02-10,107741.3675885,120.26213882348384,107621.10544967651,VNQ,4854
2010-02-11,108762.06411025903,120.26213882348384,108641.80197143555,VNQ,4854
2010-02-12,110044.51970718286,120.26213882348384,109924.25756835938,VNQ,4854
2010-02-16,113158.98330734155,120.26213882348384,113038.72116851807,VNQ,4854
2010-02-17,114179.73537872217,120.26213882348384,114059.47323989868,VNQ,4854
2010-02-18,115880.91476486108,120.26213882348384,115760.6526260376,VNQ,4854
2010-02-19,115959.47118804834,120.26213882348384,115839.20904922485,VNQ,4854
2010-02-22,116247.40339324853,120.26213882348384,116127.14125442505,VNQ,4854
2010-02-23,115357.46142242334,120.26213882348384,115237.19928359985,VNQ,4854
2010-02-24,116535.25227401635,120.26213882348384,116414.99013519287,VNQ,4854
2010-02-25,116980.19548461816,120.26213882348384,116859.93334579468,VNQ,4854
2010-02-26,116927.85848281762,120.26213882348384,116807.59634399414,VNQ,4854
2010-03-01,117569.56181380937,127.49311874101113,117442.06869506836,XLV,4842
2010-03-02,117977.09151885698,127.49311874101113,117849.59840011597,XLV,4842
2010-03-03,117495.49404952714,127.49311874101113,117368.00093078613,XLV,4842
2010-03-04,117124.98899123857,127.49311874101113,116997.49587249756,XLV,4842
2010-03-05,118755.08010528276,127.49311874101113,118627.58698654175,XLV,4842
2010-03-08,118051.17775390336,127.49311874101113,117923.68463516235,XLV,4842
2010-03-09,117977.09151885698,127.49311874101113,117849.59840011597,XLV,4842
2010-03-10,118051.17775390336,127.49311874101113,117923.68463516235,XLV,4842
2010-03-11,118977.41269347856,127.49311874101113,118849.91957473755,XLV,4842
2010-03-12,118088.23010680864,127.49311874101113,117960.73698806763,XLV,4842
2010-03-15,118866.2279286165,127.49311874101113,118738.73480987549,XLV,4842
2010-03-16,119199.65292785356,127.49311874101113,119072.15980911255,XLV,4842
2010-03-17,119236.75145766923,127.49311874101113,119109.25833892822,XLV,4842
2010-03-18,120051.79239700029,127.49311874101113,119924.29927825928,XLV,4842
2010-03-19,120007.15779540727,127.49311874101113,119879.66467666626,XLV,4842
2010-03-22,120787.74152419755,127.49311874101113,120660.24840545654,XLV,4842
2010-03-23,121382.5370716829,127.49311874101113,121255.0439529419,XLV,4842
2010-03-24,120081.53032729814,127.49311874101113,119954.03720855713,XLV,4842
2010-03-25,119598.26125381181,127.49311874101113,119470.7681350708,XLV,4842
2010-03-26,118706.14181564043,127.49311874101113,118578.64869689941,XLV,4842
2010-03-29,119969.99461791704,127.49311874101113,119842.50149917603,XLV,4842
2010-03-30,119969.99461791704,127.49311874101113,119842.50149917603,XLV,4842
2010-03-31,119561.11654708574,127.49311874101113,119433.62342834473,XLV,4842
2010-04-01,119870.4213604593,125.84572645660955,119744.57563400269,VNQ,4493
2010-04-05,122506.4750046396,125.84572645660955,122380.62927818298,VNQ,4493
2010-04-06,125313.39167448517,125.84572645660955,125187.54594802856,VNQ,4493
2010-04-07,122555.29668470856,125.84572645660955,122429.45095825195,VNQ,4493
2010-04-08,122701.75315519806,125.84572645660955,122575.90742874146,VNQ,4493
2010-04-09,124434.71283957001,125.84572645660955,124308.8671131134,VNQ,4493
2010-04-12,123653.66022535798,125.84572645660955,123527.81449890137,VNQ,4493
2010-04-13,126680.21875235077,125.84572645660955,126554.37302589417,VNQ,4493
2010-04-14,126875.49690290925,125.84572645660955,126749.65117645264,VNQ,4493
2010-04-15,123409.55182501313,125.84572645660955,123283.70609855652,VNQ,4493
2010-04-16,120578.22859999177,125.84572645660955,120452.38287353516,VNQ,4493
2010-04-19,121115.18995329377,125.84572645660955,120989.34422683716,VNQ,4493
2010-04-20,123165.49484297272,125.84572645660955,123039.64911651611,VNQ,4493
2010-04-21,125313.39167448517,125.84572645660955,125187.54594802856,VNQ,4493
2010-04-22,127241.62093969819,125.84572645660955,127115.77521324158,VNQ,4493
2010-04-23,128925.75037428376,125.84572645660955,128799.90464782715,VNQ,4493
2010-04-26,129950.85140081879,125.84572645660955,129825.00567436218,VNQ,4493
2010-04-27,125801.5313477182,125.84572645660955,125675.6856212616,VNQ,4493
2010-04-28,126192.06193968293,125.84572645660955,126066.21621322632,VNQ,4493
2010-04-29,131879.03781744477,125.84572645660955,131753.19209098816,VNQ,4493
2010-04-30,127778.5908627176,125.84572645660955,127652.74513626099,VNQ,4493
2010-05-03,132025.50285765168,125.84572645660955,131899.65713119507,VNQ,4493
2010-05-04,129023.34231611725,125.84572645660955,128897.49658966064,VNQ,4493
2010-05-05,127290.3826317453,125.84572645660955,127164.5369052887,VNQ,4493
2010-05-06,122067.14844175812,125.84572645660955,121941.30271530151,VNQ,4493
2010-05-07,120016.89497038361,125.84572645660955,119891.049243927,VNQ,4493
2010-05-10,127924.95306631562,125.84572645660955,127799.10733985901,VNQ,4493
2010-05-11,128681.64197393891,125.84572645660955,128555.7962474823,VNQ,4493
2010-05-12,130756.34484907624,125.84572645660955,130630.49912261963,VNQ,4493
2010-05-13,128632.79458471772,125.84572645660955,128506.94885826111,VNQ,4493
2010-05-14,124556.7284760141,125.84572645660955,124430.8827495575,VNQ,4493
2010-05-17,124727.56579252717,125.84572645660955,124601.72006607056,VNQ,4493
2010-05-18,121578.93164106843,125.84572645660955,121453.08591461182,VNQ,4493
2010-05-19,120456.22153326508,125.84572645660955,120330.37580680847,VNQ,4493
2010-05-20,114281.0888428354,125.84572645660955,114155.24311637878,VNQ,4493
2010-05-21,118113.08083006379,125.84572645660955,117987.23510360718,VNQ,4493
2010-05-24,115477.01861616608,125.84572645660955,115351.17288970947,VNQ,4493
2010-05-25,116404.52770086762,125.84572645660955,116278.68197441101,VNQ,4493
2010-05-26,116160.4535793924,125.84572645660955,116034.60785293579,VNQ,4493
2010-05-27,122530.89869925019,125.84572645660955,122405.05297279358,VNQ,4493
2010-05-28,120968.7677616739,125.84572645660955,120842.92203521729,VNQ,4493
2010-06-01,118454.7468933725,125.84572645660955,118328.9011669159,VNQ,4493
2010-06-02,120773.49818083283,125.84572645660955,120647.65245437622,VNQ,4493
2010-06-03,120431.78926893708,125.84572645660955,120305.94354248047,VNQ,4493
2010-06-04,113622.07757421967,125.84572645660955,113496.23184776306,VNQ,4493
2010-06-07,113011.83656736847,125.84572645660955,112885.99084091187,VNQ,4493
2010-06-08,115037.72633215424,125.84572645660955,114911.88060569763,VNQ,4493
2010-06-09,115721.10130735871,125.84572645660955,115595.2555809021,VNQ,4493
2010-06-10,120724.67650076386,125.84572645660955,120598.83077430725,VNQ,4493
2010-06-11,122164.76609274384,125.84572645660955,122038.92036628723,VNQ,4493
2010-06-14,123678.03250166413,125.84572645660955,123552.18677520752,VNQ,4493
2010-06-15,126436.13606115815,125.84572645660955,126310.29033470154,VNQ,4493
2010-06-16,125288.9851193094,125.84572645660955,125163.13939285278,VNQ,4493
2010-06-17,125557.4657959604,125.84572645660955,125431.62006950378,VNQ,4493
2010-06-18,125166.92663427826,125.84572645660955,125041.08090782166,VNQ,4493
2010-06-21,124190.63014837739,125.84572645660955,124064.78442192078,VNQ,4493
2010-06-22,120505.00893446442,125.84572645660955,120379.16320800781,VNQ,4493
2010-06-23,120822.3284306192,125.84572645660955,120696.4827041626,VNQ,4493
2010-06-24,118267.34431311127,125.84572645660955,118141.49858665466,VNQ,4493
2010-06-25,121248.62045332429,125.84572645660955,121122.77472686768,VNQ,4493
2010-06-28,119819.53437849518,125.84572645660955,119693.68865203857,VNQ,4493
2010-06-29,115902.04232069489,125.84572645660955,115776.19659423828,VNQ,4493
2010-06-30,114670.13687368867,125.84572645660955,114544.29114723206,VNQ,4493
2010-07-01,114104.67051928517,114104.67051928517,0.0,TLT,0
2010-07-02,114104.67051928517,114104.67051928517,0.0,TLT,0
2010-07-06,114104.67051928517,114104.67051928517,0.0,TLT,0
2010-07-07,114104.67051928517,114104.67051928517,0.0,TLT,0
2010-07-08,114104.67051928517,114104.67051928517,0.0,TLT,0
2010-07-09,114104.67051928517,114104.67051928517,0.0,TLT,0
2010-07-12,114104.67051928517,114104.67051928517,0.0,TLT,0
2010-07-13,114104.67051928517,114104.67051928517,0.0,TLT,0
2010-07-14,114104.67051928517,114104.67051928517,0.0,TLT,0
2010-07-15,114104.67051928517,114104.67051928517,0.0,TLT,0
2010-07-16,114104.67051928517,114104.67051928517,0.0,TLT,0
2010-07-19,114104.67051928517,114104.67051928517,0.0,TLT,0
2010-07-20,114104.67051928517,114104.67051928517,0.0,TLT,0
2010-07-21,114104.67051928517,114104.67051928517,0.0,TLT,0
2010-07-22,114104.67051928517,114104.67051928517,0.0,TLT,0
2010-07-23,114104.67051928517,114104.67051928517,0.0,TLT,0
2010-07-26,114104.67051928517,114104.67051928517,0.0,TLT,0
2010-07-27,114104.67051928517,114104.67051928517,0.0,TLT,0
2010-07-28,114104.67051928517,114104.67051928517,0.0,TLT,0
2010-07-29,114104.67051928517,114104.67051928517,0.0,TLT,0
2010-07-30,114104.67051928517,114104.67051928517,0.0,TLT,0
2010-08-02,114104.67051928517,114104.67051928517,0.0,TLT,0
2010-08-03,114104.67051928517,114104.67051928517,0.0,TLT,0
2010-08-04,114104.67051928517,114104.67051928517,0.0,TLT,0
2010-08-05,114104.67051928517,114104.67051928517,0.0,TLT,0
2010-08-06,114104.67051928517,114104.67051928517,0.0,TLT,0
2010-08-09,114104.67051928517,114104.67051928517,0.0,TLT,0
2010-08-10,114104.67051928517,114104.67051928517,0.0,TLT,0
2010-08-11,114104.67051928517,114104.67051928517,0.0,TLT,0
2010-08-12,114104.67051928517,114104.67051928517,0.0,TLT,0
2010-08-13,114104.67051928517,114104.67051928517,0.0,TLT,0
2010-08-16,114104.67051928517,114104.67051928517,0.0,TLT,0
2010-08-17,114104.67051928517,114104.67051928517,0.0,TLT,0
2010-08-18,114104.67051928517,114104.67051928517,0.0,TLT,0
2010-08-19,114104.67051928517,114104.67051928517,0.0,TLT,0
2010-08-20,114104.67051928517,114104.67051928517,0.0,TLT,0
2010-08-23,114104.67051928517,114104.67051928517,0.0,TLT,0
2010-08-24,114104.67051928517,114104.67051928517,0.0,TLT,0
2010-08-25,114104.67051928517,114104.67051928517,0.0,TLT,0
2010-08-26,114104.67051928517,114104.67051928517,0.0,TLT,0
2010-08-27,114104.67051928517,114104.67051928517,0.0,TLT,0
2010-08-30,114104.67051928517,114104.67051928517,0.0,TLT,0
2010-08-31,114104.67051928517,114104.67051928517,0.0,TLT,0
2010-09-01,114104.67051928517,114104.67051928517,0.0,TLT,0
2010-09-02,114104.67051928517,114104.67051928517,0.0,TLT,0
2010-09-03,114104.67051928517,114104.67051928517,0.0,TLT,0
2010-09-07,114104.67051928517,114104.67051928517,0.0,TLT,0
2010-09-08,114104.67051928517,114104.67051928517,0.0,TLT,0
2010-09-09,114104.67051928517,114104.67051928517,0.0,TLT,0
2010-09-10,114104.67051928517,114104.67051928517,0.0,TLT,0
2010-09-13,114104.67051928517,114104.67051928517,0.0,TLT,0
2010-09-14,114104.67051928517,114104.67051928517,0.0,TLT,0
2010-09-15,114104.67051928517,114104.67051928517,0.0,TLT,0
2010-09-16,114104.67051928517,114104.67051928517,0.0,TLT,0
2010-09-17,114104.67051928517,114104.67051928517,0.0,TLT,0
2010-09-20,114104.67051928517,114104.67051928517,0.0,TLT,0
2010-09-21,114104.67051928517,114104.67051928517,0.0,TLT,0
2010-09-22,114104.67051928517,114104.67051928517,0.0,TLT,0
2010-09-23,114104.67051928517,114104.67051928517,0.0,TLT,0
2010-09-24,114104.67051928517,114104.67051928517,0.0,TLT,0
2010-09-27,114104.67051928517,114104.67051928517,0.0,TLT,0
2010-09-28,114104.67051928517,114104.67051928517,0.0,TLT,0
2010-09-29,114104.67051928517,114104.67051928517,0.0,TLT,0
2010-09-30,114104.67051928517,114104.67051928517,0.0,TLT,0
2010-10-01,113933.94972805973,120.08891110416153,113813.86081695557,VNQ,3930
2010-10-04,114977.71355633732,120.08891110416153,114857.62464523315,VNQ,3930
2010-10-05,116804.36209683414,120.08891110416153,116684.27318572998,VNQ,3930
2010-10-06,116173.72620587345,120.08891110416153,116053.63729476929,VNQ,3930
2010-10-07,116499.90942959781,120.08891110416153,116379.82051849365,VNQ,3930
2010-10-08,116826.06266980167,120.08891110416153,116705.97375869751,VNQ,3930
2010-10-11,116804.36209683414,120.08891110416153,116684.27318572998,VNQ,3930
2010-10-12,117630.6629467487,120.08891110416153,117510.57403564453,VNQ,3930
2010-10-13,118848.3611774921,120.08891110416153,118728.27226638794,VNQ,3930
2010-10-14,118543.95348553653,120.08891110416153,118423.86457443237,VNQ,3930
2010-10-15,118391.74214367862,120.08891110416153,118271.65323257446,VNQ,3930
2010-10-18,119913.90803341861,120.08891110416153,119793.81912231445,VNQ,3930
2010-10-19,118435.2032566547,120.08891110416153,118315.11434555054,VNQ,3930
2010-10-20,121022.86353116031,120.08891110416153,120902.77462005615,VNQ,3930
2010-10-21,120892.3977375507,120.08891110416153,120772.30882644653,VNQ,3930
2010-10-22,120957.65686993595,120.08891110416153,120837.56795883179,VNQ,3930
2010-10-25,121175.07487301822,120.08891110416153,121054.98596191406,VNQ,3930
2010-10-26,120305.33539776798,120.08891110416153,120185.24648666382,VNQ,3930
2010-10-27,119457.221536684,120.08891110416153,119337.13262557983,VNQ,3930
2010-10-28,118717.91037564274,120.08891110416153,118597.82146453857,VNQ,3930
2010-10-29,118739.61844449039,120.08891110416153,118619.52953338623,VNQ,3930
2010-11-01,119403.27746006963,128.66945836064406,119274.60800170898,XLY,4080
2010-11-02,120759.06221959111,128.66945836064406,120630.39276123047,XLY,4080
2010-11-03,121369.14629551885,128.66945836064406,121240.4768371582,XLY,4080
2010-11-04,123267.28853795049,128.66945836064406,123138.61907958984,XLY,4080
2010-11-05,123877.34148594853,128.66945836064406,123748.67202758789,XLY,4080
2010-11-08,123673.99050328252,128.66945836064406,123545.32104492188,XLY,4080
2010-11-09,122555.44725987432,128.66945836064406,122426.77780151367,XLY,4080
2010-11-10,123640.14666172978,128.66945836064406,123511.47720336914,XLY,4080
2010-11-11,123470.59282872197,128.66945836064406,123341.92337036133,XLY,4080
2010-11-12,122182.57357213018,128.66945836064406,122053.90411376953,XLY,4080
2010-11-15,121945.3320560169,128.66945836064406,121816.66259765625,XLY,4080
2010-11-16,120284.55584141728,128.66945836064406,120155.88638305664,XLY,4080
2010-11-17,121335.25576207158,128.66945836064406,121206.58630371094,XLY,4080
2010-11-18,122385.98681065557,128.66945836064406,122257.31735229492,XLY,4080
2010-11-19,122962.25039097783,128.66945836064406,122833.58093261719,XLY,4080
2010-11-22,123538.39724156377,128.66945836064406,123409.72778320312,XLY,4080
2010-11-23,121708.14501378057,128.66945836064406,121579.47555541992,XLY,4080
2010-11-24,124216.27794835088,128.66945836064406,124087.60848999023,XLY,4080
2010-11-26,123199.452997179,128.66945836064406,123070.78353881836,XLY,4080
2010-11-29,122928.25869175908,128.66945836064406,122799.58923339844,XLY,4080
2010-11-30,122657.15777012822,128.66945836064406,122528.48831176758,XLY,4080
2010-12-01,124892.20576115606,151.36103459355945,124740.8447265625,XLE,3200
2010-12-02,126746.79560490606,151.36103459355945,126595.4345703125,XLE,3200
2010-12-03,127307.08613224981,151.36103459355945,127155.72509765625,XLE,3200
2010-12-06,127732.14716740606,151.36103459355945,127580.7861328125,XLE,3200
2010-12-07,127249.12714787481,151.36103459355945,127097.76611328125,XLE,3200
2010-12-08,126650.25019474981,151.36103459355945,126498.88916015625,XLE,3200
2010-12-09,126940.02070256231,151.36103459355945,126788.65966796875,XLE,3200
2010-12-10,127461.57831974981,151.36103459355945,127310.21728515625,XLE,3200
2010-12-13,128543.45087834356,151.36103459355945,128392.08984375,XLE,3200
2010-12-14,127944.57392521856,151.36103459355945,127793.212890625,XLE,3200
2010-12-15,127249.12714787481,151.36103459355945,127097.76611328125,XLE,3200
2010-12-16,127963.92206974981,151.36103459355945,127812.56103515625,XLE,3200
2010-12-17,128008.48994084356,151.36103459355945,127857.12890625,XLE,3200
2010-12-20,128842.92597599981,151.36103459355945,128691.56494140625,XLE,3200
2010-12-21,130143.03583928106,151.36103459355945,129991.6748046875,XLE,3200
2010-12-22,130589.36152287481,151.36103459355945,130438.00048828125,XLE,3200
2010-12-23,130958.09931584356,151.36103459355945,130806.73828125,XLE,3200
2010-12-27,130492.30341740606,151.36103459355945,130340.9423828125,XLE,3200
2010-12-28,130977.50849553106,151.36103459355945,130826.1474609375,XLE,3200
2010-12-29,132277.55732365604,151.36103459355945,132126.1962890625,XLE,3200
2010-12-30,132393.96357365604,151.36103459355945,132242.6025390625,XLE,3200
2010-12-31,132588.03095646854,151.36103459355945,132436.669921875,XLE,3200
2011-01-03,133577.70380803104,151.36103459355945,133426.3427734375,XLE,3200
2011-01-04,132432.80634709354,151.36103459355945,132281.4453125,XLE,3200
2011-01-05,132956.75654240604,151.36103459355945,132805.3955078125,XLE,3200
2011-01-06,131695.4162103748,151.36103459355945,131544.05517578125,XLE,3200
2011-01-07,132646.2218744373,151.36103459355945,132494.86083984375,XLE,3200
2011-01-10,132122.30830021854,151.36103459355945,131970.947265625,XLE,3200
2011-01-11,134315.08173771854,151.36103459355945,134163.720703125,XLE,3200
2011-01-12,136158.48994084354,151.36103459355945,136007.12890625,XLE,3200
2011-01-13,135770.4162103748,151.36103459355945,135619.05517578125,XLE,3200
2011-01-14,137245.13544865604,151.36103459355945,137093.7744140625,XLE,3200
2011-01-18,138098.94404240604,151.36103459355945,137947.5830078125,XLE,3200
2011-01-19,136430.21845646854,151.36103459355945,136278.857421875,XLE,3200
2011-01-20,135459.93037053104,151.36103459355945,135308.5693359375,XLE,3200
2011-01-21,136177.89912053104,151.36103459355945,136026.5380859375,XLE,3200
2011-01-24,136682.41572209354,151.36103459355945,136531.0546875,XLE,3200
2011-01-25,136294.3419916248,151.36103459355945,136142.98095703125,XLE,3200
2011-01-26,139554.2785150623,151.36103459355945,139402.91748046875,XLE,3200
2011-01-27,138739.2638666248,151.36103459355945,138587.90283203125,XLE,3200
2011-01-28,138137.78681584354,151.36103459355945,137986.42578125,XLE,3200
2011-01-31,142096.3195306873,151.36103459355945,141944.95849609375,XLE,3200
2011-02-01,144405.4259759998,151.36103459355945,144254.06494140625,XLE,3200
2011-02-02,144289.00751896854,151.36103459355945,144137.646484375,XLE,3200
2011-02-03,144366.61982365604,151.36103459355945,144215.2587890625,XLE,3200
2011-02-04,143997.9796869373,151.36103459355945,143846.61865234375,XLE,3200
2011-02-07,144832.34247990604,151.36103459355945,144680.9814453125,XLE,3200
2011-02-08,144347.2960931873,151.36103459355945,144195.93505859375,XLE,3200
2011-02-09,142523.18720646854,151.36103459355945,142371.826171875,XLE,3200
2011-02-10,143978.55830021854,151.36103459355945,143827.197265625,XLE,3200
2011-02-11,143959.1369134998,151.36103459355945,143807.77587890625,XLE,3200
2011-02-14,147122.1251947498,151.36103459355945,146970.76416015625,XLE,3200
2011-02-15,145589.1662103748,151.36103459355945,145437.80517578125,XLE,3200
2011-02-16,147529.6691400623,151.36103459355945,147378.30810546875,XLE,3200
2011-02-17,148984.9914056873,151.36103459355945,148833.63037109375,XLE,3200
2011-02-18,149605.87763615604,151.36103459355945,149454.5166015625,XLE,3200
2011-02-22,148150.57978459354,151.36103459355945,147999.21875,XLE,3200
2011-02-23,151158.3068353748,151.36103459355945,151006.94580078125,XLE,3200
2011-02-24,149023.77314396854,151.36103459355945,148872.412109375,XLE,3200
2011-02-25,151391.1193353748,151.36103459355945,151239.75830078125,XLE,3200
2011-02-28,152555.4015619373,151.36103459355945,152404.04052734375,XLE,3200
2011-03-01,149702.94794865604,151.36103459355945,149551.5869140625,XLE,3200
2011-03-02,150556.7199213123,151.36103459355945,150405.35888671875,XLE,3200
2011-03-03,153137.5060541248,151.36103459355945,152986.14501953125,XLE,3200
2011-03-04,152167.32783146854,151.36103459355945,152015.966796875,XLE,3200
2011-03-07,151100.0548822498,151.36103459355945,150948.69384765625,XLE,3200
2011-03-08,149858.1847650623,151.36103459355945,149706.82373046875,XLE,3200
2011-03-09,148829.75458928104,151.36103459355945,148678.3935546875,XLE,3200
2011-03-10,143415.8263666248,151.36103459355945,143264.46533203125,XLE,3200
2011-03-11,145899.6642572498,151.36103459355945,145748.30322265625,XLE,3200
2011-03-14,146695.20869084354,151.36103459355945,146543.84765625,XLE,3200
2011-03-15,145589.1662103748,151.36103459355945,145437.80517578125,XLE,3200
2011-03-16,143260.6261713123,151.36103459355945,143109.26513671875,XLE,3200
2011-03-17,147626.6906244373,151.36103459355945,147475.32958984375,XLE,3200
2011-03-18,146935.4796869373,151.36103459355945,146784.11865234375,XLE,3200
2011-03-21,151394.1222650623,151.36103459355945,151242.76123046875,XLE,3200
2011-03-22,151063.0675775623,151.36103459355945,150911.70654296875,XLE,3200
2011-03-23,151452.4718744373,151.36103459355945,151301.11083984375,XLE,3200
2011-03-24,151997.60126896854,151.36103459355945,151846.240234375,XLE,3200
2011-03-25,153360.51630803104,151.36103459355945,153209.1552734375,XLE,3200
2011-03-28,152990.6066400623,151.36103459355945,152839.24560546875,XLE,3200
2011-03-29,154859.7716791248,151.36103459355945,154708.41064453125,XLE,3200
2011-03-30,155930.6212884998,151.36103459355945,155779.26025390625,XLE,3200
2011-03-31,155424.3468744373,151.36103459355945,155272.98583984375,XLE,3200
2011-04-01,155891.69306584354,151.36103459355945,155740.33203125,XLE,3200
2011-04-04,155988.98310490604,151.36103459355945,155837.6220703125,XLE,3200
2011-04-05,156456.2560541248,151.36103459355945,156304.89501953125,XLE,3200
2011-04-06,154820.8312494373,151.36103459355945,154669.47021484375,XLE,3200
2011-04-07,154820.8312494373,151.36103459355945,154669.47021484375,XLE,3200
2011-04-08,155365.98505803104,151.36103459355945,155214.6240234375,XLE,3200
2011-04-11,152309.1857416248,151.36103459355945,152157.82470703125,XLE,3200
2011-04-12,147597.3937494373,151.36103459355945,147446.03271484375,XLE,3200
2011-04-13,148200.99482365604,151.36103459355945,148049.6337890625,XLE,3200
2011-04-14,149213.4337884998,151.36103459355945,149062.07275390625,XLE,3200
2011-04-15,150440.08173771854,151.36103459355945,150288.720703125,XLE,3200
2011-04-18,148200.99482365604,151.36103459355945,148049.6337890625,XLE,3200
2011-04-19,149700.16474553104,151.36103459355945,149548.8037109375,XLE,3200
2011-04-20,153224.2248041248,151.36103459355945,153072.86376953125,XLE,3200
2011-04-21,153925.14033146854,151.36103459355945,153773.779296875,XLE,3200
2011-04-25,153126.92255803104,151.36103459355945,152975.5615234375,XLE,3200
2011-04-26,154645.57490178104,151.36103459355945,154494.2138671875,XLE,3200
2011-04-27,154567.71845646854,151.36103459355945,154416.357421875,XLE,3200
2011-04-28,154548.2238275623,151.36103459355945,154396.86279296875,XLE,3200
2011-04-29,156845.69697209354,151.36103459355945,156694.3359375,XLE,3200
2011-05-02,154762.3839838123,151.36103459355945,154611.02294921875,XLE,3200
2011-05-03,150887.83564396854,151.36103459355945,150736.474609375,XLE,3200
2011-05-04,148220.47724553104,151.36103459355945,148069.1162109375,XLE,3200
2011-05-05,145144.1710931873,151.36103459355945,144992.81005859375,XLE,3200
2011-05-06,145786.7003900623,151.36103459355945,145635.33935546875,XLE,3200
2011-05-09,148337.32294865604,151.36103459355945,148185.9619140625,XLE,3200
2011-05-10,149038.25068303104,151.36103459355945,148886.8896484375,XLE,3200
2011-05-11,144735.34540959354,151.36103459355945,144583.984375,XLE,3200
2011-05-12,144521.16083928104,151.36103459355945,144369.7998046875,XLE,3200
2011-05-13,143820.23310490604,151.36103459355945,143668.8720703125,XLE,3200
2011-05-16,142729.97431584354,151.36103459355945,142578.61328125,XLE,3200
2011-05-17,142729.97431584354,151.36103459355945,142578.61328125,XLE,3200
2011-05-18,145611.49287053104,151.36103459355945,145460.1318359375,XLE,3200
2011-05-19,145630.9630853748,151.36103459355945,145479.60205078125,XLE,3200
2011-05-20,145455.73115178104,151.36103459355945,145304.3701171875,XLE,3200
2011-05-23,143197.2472650623,151.36103459355945,143045.88623046875,XLE,3200
2011-05-24,145222.08857365604,151.36103459355945,145070.7275390625,XLE,3200
2011-05-25,147675.31122990604,151.36103459355945,147523.9501953125,XLE,3200
2011-05-26,148415.17939396854,151.36103459355945,148263.818359375,XLE,3200
2011-05-27,148785.12568303104,151.36103459355945,148633.7646484375,XLE,3200
2011-05-31,150284.3078119373,151.36103459355945,150132.94677734375,XLE,3200
2011-06-01,146262.8554614429,158.89995607180754,146103.9555053711,XLV,5239
2011-06-02,145934.6285460834,158.89995607180754,145775.7285900116,XLV,5239
2011-06-03,144539.68164285464,158.89995607180754,144380.78168678284,XLV,5239
2011-06-06,143678.0597594623,158.89995607180754,143519.1598033905,XLV,5239
2011-06-07,143965.30702432437,158.89995607180754,143806.40706825256,XLV,5239
2011-06-08,144129.3855079059,158.89995607180754,143970.4855518341,XLV,5239
2011-06-09,145647.52117761417,158.89995607180754,145488.62122154236,XLV,5239
2011-06-10,142980.55633004947,158.89995607180754,142821.65637397766,XLV,5239
2011-06-13,143678.0597594623,158.89995607180754,143519.1598033905,XLV,5239
2011-06-14,144908.9481643085,158.89995607180754,144750.0482082367,XLV,5239
2011-06-15,142939.5167239551,158.89995607180754,142780.6167678833,XLV,5239
2011-06-16,143185.7343753223,158.89995607180754,143026.8344192505,XLV,5239
2011-06-17,143515.56010659976,158.89995607180754,143356.66015052795,XLV,5239
2011-06-20,144958.6213763599,158.89995607180754,144799.7214202881,XLV,5239
2011-06-21,145865.5996688251,158.89995607180754,145706.6997127533,XLV,5239
2011-06-22,144999.8708270435,158.89995607180754,144840.97087097168,XLV,5239
2011-06-23,144834.92298730655,158.89995607180754,144676.02303123474,XLV,5239
2011-06-24,143144.44495424075,158.89995607180754,142985.54499816895,XLV,5239
2011-06-27,143886.6452811603,158.89995607180754,143727.7453250885,XLV,5239
2011-06-28,145906.9290603046,158.89995607180754,145748.0291042328,XLV,5239
2011-06-29,146195.5553038959,158.89995607180754,146036.6553478241,XLV,5239
2011-06-30,146649.0094760303,158.89995607180754,146490.1095199585,XLV,5239
2011-07-01,148421.91646226688,158.89995607180754,148263.01650619507,XLV,5239
2011-07-05,148009.65178521915,158.89995607180754,147850.75182914734,XLV,5239
2011-07-06,148421.91646226688,158.89995607180754,148263.01650619507,XLV,5239
2011-07-07,148339.4775164966,158.89995607180754,148180.5775604248,XLV,5239
2011-07-08,147679.79607614322,158.89995607180754,147520.8961200714,XLV,5239
2011-07-11,145659.52228959842,158.89995607180754,145500.6223335266,XLV,5239
2011-07-12,145659.52228959842,158.89995607180754,145500.6223335266,XLV,5239
2011-07-13,146236.75479158206,158.89995607180754,146077.85483551025,XLV,5239
2011-07-14,145989.34802087588,158.89995607180754,145830.44806480408,XLV,5239
2011-07-15,145247.22763475223,158.89995607180754,145088.32767868042,XLV,5239
2011-07-18,144175.19158395572,158.89995607180754,144016.2916278839,XLV,5239
2011-07-19,145453.3249991779,158.89995607180754,145294.42504310608,XLV,5239
2011-07-20,144958.6213763599,158.89995607180754,144799.7214202881,XLV,5239
2011-07-21,147143.82301744266,158.89995607180754,146984.92306137085,XLV,5239
2011-07-22,146896.42623933597,158.89995607180754,146737.52628326416,XLV,5239
2011-07-25,145370.8960460071,158.89995607180754,145211.9960899353,XLV,5239
2011-07-26,144216.51098283572,158.89995607180754,144057.61102676392,XLV,5239
2011-07-27,141701.473617876,158.89995607180754,141542.5736618042,XLV,5239
2011-07-28,141577.7552436237,158.89995607180754,141418.85528755188,XLV,5239
2011-07-29,140835.59488710208,158.89995607180754,140676.69493103027,XLV,5239
2011-08-01,138030.0655522756,148.6051183156378,137881.46043395996,VNQ,4036
2011-08-02,133626.68338064474,148.6051183156378,133478.0782623291,VNQ,4036
2011-08-03,132525.75315908712,148.6051183156378,132377.14804077148,VNQ,4036
2011-08-04,126058.32889608663,148.6051183156378,125909.723777771,VNQ,4036
2011-08-05,122916.29679922384,148.6051183156378,122767.6916809082,VNQ,4036
2011-08-08,112251.83683828634,148.6051183156378,112103.2317199707,VNQ,4036
2011-08-09,122457.66183523458,148.6051183156378,122309.05671691895,VNQ,4036
2011-08-10,119636.6772923879,148.6051183156378,119488.07217407227,VNQ,4036
2011-08-11,125828.94213156027,148.6051183156378,125680.33701324463,VNQ,4036
2011-08-12,125806.04040579122,148.6051183156378,125657.43528747559,VNQ,4036
2011-08-15,130392.89811758322,148.6051183156378,130244.29299926758,VNQ,4036
2011-08-16,130002.97602896017,148.6051183156378,129854.37091064453,VNQ,4036
2011-08-17,130369.98869375509,148.6051183156378,130221.38357543945,VNQ,4036
2011-08-18,124567.57666067404,148.6051183156378,124418.9715423584,VNQ,4036
2011-08-19,122182.43312887472,148.6051183156378,122033.82801055908,VNQ,4036
2011-08-22,122320.0051427297,148.6051183156378,122171.40002441406,VNQ,4036
2011-08-23,125324.44982961935,148.6051183156378,125175.84471130371,VNQ,4036
2011-08-24,126975.69120077413,148.6051183156378,126827.0860824585,VNQ,4036
2011-08-25,124613.44169668478,148.6051183156378,124464.83657836914,VNQ,4036
2011-08-26,126127.05716757101,148.6051183156378,125978.45204925537,VNQ,4036
2011-08-29,130438.79394583029,148.6051183156378,130290.18882751465,VNQ,4036
2011-08-30,130805.74502615255,148.6051183156378,130657.13990783691,VNQ,4036
2011-08-31,132273.45697073263,148.6051183156378,132124.851852417,VNQ,4036
2011-09-01,130174.65661839193,130174.65661839193,0.0,GLD,0
2011-09-02,130174.65661839193,130174.65661839193,0.0,GLD,0
2011-09-06,130174.65661839193,130174.65661839193,0.0,GLD,0
2011-09-07,130174.65661839193,130174.65661839193,0.0,GLD,0
2011-09-08,130174.65661839193,130174.65661839193,0.0,GLD,0
2011-09-09,130174.65661839193,130174.65661839193,0.0,GLD,0
2011-09-12,130174.65661839193,130174.65661839193,0.0,GLD,0
2011-09-13,130174.65661839193,130174.65661839193,0.0,GLD,0
2011-09-14,130174.65661839193,130174.65661839193,0.0,GLD,0
2011-09-15,130174.65661839193,130174.65661839193,0.0,GLD,0
2011-09-16,130174.65661839193,130174.65661839193,0.0,GLD,0
2011-09-19,130174.65661839193,130174.65661839193,0.0,GLD,0
2011-09-20,130174.65661839193,130174.65661839193,0.0,GLD,0
2011-09-21,130174.65661839193,130174.65661839193,0.0,GLD,0
2011-09-22,130174.65661839193,130174.65661839193,0.0,GLD,0
2011-09-23,130174.65661839193,130174.65661839193,0.0,GLD,0
2011-09-26,130174.65661839193,130174.65661839193,0.0,GLD,0
2011-09-27,130174.65661839193,130174.65661839193,0.0,GLD,0
2011-09-28,130174.65661839193,130174.65661839193,0.0,GLD,0
2011-09-29,130174.65661839193,130174.65661839193,0.0,GLD,0
2011-09-30,130174.65661839193,130174.65661839193,0.0,GLD,0
2011-10-03,130174.65661839193,130174.65661839193,0.0,TLT,0
2011-10-04,130174.65661839193,130174.65661839193,0.0,TLT,0
2011-10-05,130174.65661839193,130174.65661839193,0.0,TLT,0
2011-10-06,130174.65661839193,130174.65661839193,0.0,TLT,0
2011-10-07,130174.65661839193,130174.65661839193,0.0,TLT,0
2011-10-10,130174.65661839193,130174.65661839193,0.0,TLT,0
2011-10-11,130174.65661839193,130174.65661839193,0.0,TLT,0
2011-10-12,130174.65661839193,130174.65661839193,0.0,TLT,0
2011-10-13,130174.65661839193,130174.65661839193,0.0,TLT,0
2011-10-14,130174.65661839193,130174.65661839193,0.0,TLT,0
2011-10-17,130174.65661839193,130174.65661839193,0.0,TLT,0
2011-10-18,130174.65661839193,130174.65661839193,0.0,TLT,0
2011-10-19,130174.65661839193,130174.65661839193,0.0,TLT,0
2011-10-20,130174.65661839193,130174.65661839193,0.0,TLT,0
2011-10-21,130174.65661839193,130174.65661839193,0.0,TLT,0
2011-10-24,130174.65661839193,130174.65661839193,0.0,TLT,0
2011-10-25,130174.65661839193,130174.65661839193,0.0,TLT,0
2011-10-26,130174.65661839193,130174.65661839193,0.0,TLT,0
2011-10-27,130174.65661839193,130174.65661839193,0.0,TLT,0
2011-10-28,130174.65661839193,130174.65661839193,0.0,TLT,0
2011-10-31,130174.65661839193,130174.65661839193,0.0,TLT,0
2011-11-01,129979.910613738,149.24084445089102,129830.66976928711,XLU,6106
2011-11-02,132262.97565432638,149.24084445089102,132113.7348098755,XLU,6106
2011-11-03,133861.1002194509,149.24084445089102,133711.859375,XLU,6106
2011-11-04,133252.29141589254,149.24084445089102,133103.05057144165,XLU,6106
2011-11-07,133975.2686116323,149.24084445089102,133826.0277671814,XLU,6106
2011-11-08,134850.43927355856,149.24084445089102,134701.19842910767,XLU,6106
2011-11-09,131920.5170628652,149.24084445089102,131771.2762184143,XLU,6106
2011-11-10,132795.67607852072,149.24084445089102,132646.43523406982,XLU,6106
2011-11-11,134698.24580737203,149.24084445089102,134549.00496292114,XLU,6106
2011-11-14,133100.0746571645,149.24084445089102,132950.83381271362,XLU,6106
2011-11-15,133328.4114415273,149.24084445089102,133179.17059707642,XLU,6106
2011-11-16,131730.22864504904,149.24084445089102,131580.98780059814,XLU,6106
2011-11-17,131045.33475466818,149.24084445089102,130896.09391021729,XLU,6106
2011-11-18,131958.57707568258,149.24084445089102,131809.3362312317,XLU,6106
2011-11-21,130322.35755892843,149.24084445089102,130173.11671447754,XLU,6106
2011-11-22,128724.20970126241,149.24084445089102,128574.96885681152,XLU,6106
2011-11-23,126707.4948727712,149.24084445089102,126558.25402832031,XLU,6106
2011-11-25,127354.35204287618,149.24084445089102,127205.1111984253,XLU,6106
2011-11-28,128952.48825427145,149.24084445089102,128803.24740982056,XLU,6106
2011-11-29,130360.42921801656,149.24084445089102,130211.18837356567,XLU,6106
2011-11-30,134127.4387852773,149.24084445089102,133978.19794082642,XLU,6106
2011-12-01,133346.82316180127,174.3936955537065,133172.42946624756,XLE,3082
2011-12-02,133233.41613360302,174.3936955537065,133059.02243804932,XLE,3082
2011-12-05,134877.26546831982,174.3936955537065,134702.8717727661,XLE,3082
2011-12-06,134858.34862109082,174.3936955537065,134683.9549255371,XLE,3082
2011-12-07,133573.54316302197,174.3936955537065,133399.14946746826,XLE,3082
2011-12-08,129851.23904009716,174.3936955537065,129676.84534454346,XLE,3082
2011-12-09,132798.86946459668,174.3936955537065,132624.47576904297,XLE,3082
2011-12-12,129700.02183123486,174.3936955537065,129525.62813568115,XLE,3082
2011-12-13,128490.69565173046,174.3936955537065,128316.30195617676,XLE,3082
2011-12-14,124881.81031390087,174.3936955537065,124707.41661834717,XLE,3082
2011-12-15,124352.71467944043,174.3936955537065,124178.32098388672,XLE,3082
2011-12-16,125675.30680437939,174.3936955537065,125500.91310882568,XLE,3082
2011-12-19,123474.2158238496,174.3936955537065,123299.8221282959,XLE,3082
2011-12-20,128540.5566517915,174.3936955537065,128366.1629562378,XLE,3082
2011-12-21,129963.64673205273,174.3936955537065,129789.25303649902,XLE,3082
2011-12-22,131481.6619984712,174.3936955537065,131307.26830291748,XLE,3082
2011-12-23,132240.68726702587,174.3936955537065,132066.29357147217,XLE,3082
2011-12-27,132582.21336718457,174.3936955537065,132407.81967163086,XLE,3082
2011-12-28,130058.50137682812,174.3936955537065,129884.10768127441,XLE,3082
2011-12-29,131405.75947161572,174.3936955537065,131231.365776062,XLE,3082
2011-12-30,131348.86784716503,174.3936955537065,131174.47415161133,XLE,3082
2012-01-03,134588.14464406006,144.68557385436725,134443.4590702057,XLP,5973
2012-01-04,134298.19174984924,144.68557385436725,134153.50617599487,XLP,5973
2012-01-05,134215.34481076233,144.68557385436725,134070.65923690796,XLP,5973
2012-01-06,133345.6114466571,144.68557385436725,133200.92587280273,XLP,5973
2012-01-09,133552.6490462207,144.68557385436725,133407.96347236633,XLP,5973
2012-01-10,134008.3186037921,144.68557385436725,133863.63302993774,XLP,5973
2012-01-11,133428.43560055725,144.68557385436725,133283.75002670288,XLP,5973
2012-01-12,133386.95516804687,144.68557385436725,133242.2695941925,XLP,5973
2012-01-13,133262.74172238342,144.68557385436725,133118.05614852905,XLP,5973
2012-01-17,133759.78917912475,144.68557385436725,133615.1036052704,XLP,5973
2012-01-18,134049.70789555542,144.68557385436725,133905.02232170105,XLP,5973
2012-01-19,134298.19174984924,144.68557385436725,134153.50617599487,XLP,5973
2012-01-20,134339.64939717285,144.68557385436725,134194.96382331848,XLP,5973
2012-01-23,134215.34481076233,144.68557385436725,134070.65923690796,XLP,5973
2012-01-24,133469.84767750732,144.68557385436725,133325.16210365295,XLP,5973
2012-01-25,135002.31098393432,144.68557385436725,134857.62541007996,XLP,5973
2012-01-26,134505.34327534668,144.68557385436725,134360.6577014923,XLP,5973
2012-01-27,133594.12947873108,144.68557385436725,133449.4439048767,XLP,5973
2012-01-30,132724.31636647217,144.68557385436725,132579.6307926178,XLP,5973
2012-01-31,132807.12912777893,144.68557385436725,132662.44355392456,XLP,5973
2012-02-01,133359.5565409383,152.9013552388351,133206.65518569946,XLI,4702
2012-02-02,133432.30782267658,152.9013552388351,133279.40646743774,XLI,4702
2012-02-03,135724.57407710163,152.9013552388351,135571.6727218628,XLI,4702
2012-02-06,135397.148467513,152.9013552388351,135244.24711227417,XLI,4702
2012-02-07,135251.53828379718,152.9013552388351,135098.63692855835,XLI,4702
2012-02-08,135542.65999934284,152.9013552388351,135389.758644104,XLI,4702
2012-02-09,135906.50609156696,152.9013552388351,135753.60473632812,XLI,4702
2012-02-10,134669.37556788532,152.9013552388351,134516.47421264648,XLI,4702
2012-02-13,136306.75472972004,152.9013552388351,136153.8533744812,XLI,4702
2012-02-14,135833.75480982868,152.9013552388351,135680.85345458984,XLI,4702
2012-02-15,134050.81927439777,152.9013552388351,133897.91791915894,XLI,4702
2012-02-16,135287.9856714925,152.9013552388351,135135.08431625366,XLI,4702
2012-02-17,135797.33432719318,152.9013552388351,135644.43297195435,XLI,4702
2012-02-21,136270.36115214435,152.9013552388351,136117.45979690552,XLI,4702
2012-02-22,136124.76890513508,152.9013552388351,135971.86754989624,XLI,4702
2012-02-23,136561.46493098346,152.9013552388351,136408.56357574463,XLI,4702
2012-02-24,136525.02651164142,152.9013552388351,136372.1251564026,XLI,4702
2012-02-27,136634.2341494283,152.9013552388351,136481.33279418945,XLI,4702
2012-02-28,136452.26626154987,152.9013552388351,136299.36490631104,XLI,4702
2012-02-29,135615.4202494344,152.9013552388351,135462.51889419556,XLI,4702
2012-03-01,135681.24480169383,136.6688587006647,135544.57594299316,XLF,14406
2012-03-02,135227.0044051942,136.6688587006647,135090.33554649353,XLF,14406
2012-03-05,134681.91043394175,136.6688587006647,134545.2415752411,XLF,14406
2012-03-06,131411.3740836915,136.6688587006647,131274.70522499084,XLF,14406
2012-03-07,133046.66973608104,136.6688587006647,132910.00087738037,XLF,14406
2012-03-08,134318.50987356273,136.6688587006647,134181.84101486206,XLF,14406
2012-03-09,135408.7115546998,136.6688587006647,135272.04269599915,XLF,14406
2012-03-12,135045.29725568858,136.6688587006647,134908.62839698792,XLF,14406
2012-03-13,140223.60755079356,136.6688587006647,140086.9386920929,XLF,14406
2012-03-14,140405.27348440257,136.6688587006647,140268.6046257019,XLF,14406
2012-03-15,142858.15513914195,136.6688587006647,142721.48628044128,XLF,14406
2012-03-16,143404.99391668406,136.6688587006647,143268.3250579834,XLF,14406
2012-03-19,144134.1443435487,136.6688587006647,143997.47548484802,XLF,14406
2012-03-20,144863.1848613557,136.6688587006647,144726.51600265503,XLF,14406
2012-03-21,144225.24521368113,136.6688587006647,144088.57635498047,XLF,14406
2012-03-22,142311.31636159983,136.6688587006647,142174.64750289917,XLF,14406
2012-03-23,143496.13600271312,136.6688587006647,143359.46714401245,XLF,14406
2012-03-26,145774.5507671174,136.6688587006647,145637.88190841675,XLF,14406
2012-03-27,144407.50190847483,136.6688587006647,144270.83304977417,XLF,14406
2012-03-28,144772.08399122325,136.6688587006647,144635.41513252258,XLF,14406
2012-03-29,143313.8106147584,136.6688587006647,143177.14175605774,XLF,14406
2012-03-30,144134.1443435487,136.6688587006647,143997.47548484802,XLF,14406
2012-04-02,144793.1942499408,160.01754362671636,144633.1767063141,XLU,6457
2012-04-03,144711.02356512635,160.01754362671636,144551.00602149963,XLU,6457
2012-04-04,144505.70769484132,160.01754362671636,144345.6901512146,XLU,6457
2012-04-05,143437.9814222583,160.01754362671636,143277.9638786316,XLU,6457
2012-04-09,142698.79009993165,160.01754362671636,142538.77255630493,XLU,6457
2012-04-10,140850.8610571155,160.01754362671636,140690.84351348877,XLU,6457
2012-04-11,141179.40832312196,160.01754362671636,141019.39077949524,XLU,6457
2012-04-12,141631.1500375995,160.01754362671636,141471.13249397278,XLU,6457
2012-04-13,141138.28603346436,160.01754362671636,140978.26848983765,XLU,6457
2012-04-16,142452.45046599,160.01754362671636,142292.43292236328,XLU,6457
2012-04-17,143191.62947256654,160.01754362671636,143031.61192893982,XLU,6457
2012-04-18,142945.1913126239,160.01754362671636,142785.1737689972,XLU,6457
2012-04-19,142575.6079672107,160.01754362671636,142415.59042358398,XLU,6457
2012-04-20,143971.88150580018,160.01754362671636,143811.86396217346,XLU,6457
2012-04-23,143355.87231619447,160.01754362671636,143195.85477256775,XLU,6457
2012-04-24,144341.42790396302,160.01754362671636,144181.4103603363,XLU,6457
2012-04-25,145080.64385778992,160.01754362671636,144920.6263141632,XLU,6457
2012-04-26,145901.89502317994,160.01754362671636,145741.87747955322,XLU,6457
2012-04-27,146394.75902731507,160.01754362671636,146234.74148368835,XLU,6457
2012-04-30,146600.05026609986,160.01754362671636,146440.03272247314,XLU,6457
2012-05-01,147339.20464117615,160.01754362671636,147179.18709754944,XLU,6457
2012-05-02,146476.84350187867,160.01754362671636,146316.82595825195,XLU,6457
2012-05-03,146025.15105040162,160.01754362671636,145865.1335067749,XLU,6457
2012-05-04,146230.4422891864,160.01754362671636,146070.4247455597,XLU,6457
2012-05-07,145943.02962858765,160.01754362671636,145783.01208496094,XLU,6457
2012-05-08,146189.34463102906,160.01754362671636,146029.32708740234,XLU,6457
2012-05-09,146271.49068434327,160.01754362671636,146111.47314071655,XLU,6457
2012-05-10,147626.67888052552,160.01754362671636,147466.6613368988,XLU,6457
2012-05-11,147708.76335508912,160.01754362671636,147548.7458114624,XLU,6457
2012-05-14,147544.54514296143,160.01754362671636,147384.52759933472,XLU,6457
2012-05-15,146517.8795812854,160.01754362671636,146357.8620376587,XLU,6457
2012-05-16,146723.18313582032,160.01754362671636,146563.1655921936,XLU,6457
2012-05-17,145901.89502317994,160.01754362671636,145741.87747955322,XLU,6457
2012-05-18,145614.4946783313,160.01754362671636,145454.4771347046,XLU,6457
2012-05-21,145778.712890459,160.01754362671636,145618.69534683228,XLU,6457
2012-05-22,146805.35382063477,160.01754362671636,146645.33627700806,XLU,6457
2012-05-23,146025.15105040162,160.01754362671636,145865.1335067749,XLU,6457
2012-05-24,146600.05026609986,160.01754362671636,146440.03272247314,XLU,6457
2012-05-25,147092.84037573426,160.01754362671636,146932.82283210754,XLU,6457
2012-05-29,147544.54514296143,160.01754362671636,147384.52759933472,XLU,6457
2012-05-30,146641.0863455066,160.01754362671636,146481.06880187988,XLU,6457
2012-05-31,147421.3630102405,160.01754362671636,147261.34546661377,XLU,6457
2012-06-01,146805.35382063477,160.01754362671636,146645.33627700806,XLU,6457
2012-06-04,147298.23014052003,160.01754362671636,147138.2125968933,XLU,6457
2012-06-05,147831.99475081055,160.01754362671636,147671.97720718384,XLU,6457
2012-06-06,149885.27661116212,160.01754362671636,149725.2590675354,XLU,6457
2012-06-07,151035.1366213092,160.01754362671636,150875.1190776825,XLU,6457
2012-06-08,151363.68388731568,160.01754362671636,151203.66634368896,XLU,6457
2012-06-11,151240.4771230945,160.01754362671636,151080.45957946777,XLU,6457
2012-06-12,151404.7076509723,160.01754362671636,151244.69010734558,XLU,6457
2012-06-13,151445.74373037904,160.01754362671636,151285.72618675232,XLU,6457
2012-06-14,152472.45855505555,160.01754362671636,152312.44101142883,XLU,6457
2012-06-15,153226.78593428223,160.01754362671636,153066.76839065552,XLU,6457
2012-06-18,153807.01786978333,160.01754362671636,153647.00032615662,XLU,6457
2012-06-19,153475.5394552478,160.01754362671636,153315.5219116211,XLU,6457
2012-06-20,151983.35085470765,160.01754362671636,151823.33331108093,XLU,6457
2012-06-21,150408.32651884644,160.01754362671636,150248.30897521973,XLU,6457
2012-06-22,150449.74438650697,160.01754362671636,150289.72684288025,XLU,6457
2012-06-25,150159.63457663148,160.01754362671636,149999.61703300476,XLU,6457
2012-06-26,150366.8963354358,160.01754362671636,150206.87879180908,XLU,6457
2012-06-27,152066.22353727906,160.01754362671636,151906.20599365234,XLU,6457
2012-06-28,152605.04992086976,160.01754362671636,152445.03237724304,XLU,6457
2012-06-29,153475.5394552478,160.01754362671636,153315.5219116211,XLU,6457
2012-07-02,153966.67927302164,185.6754964713473,153781.0037765503,XLY,4097
2012-07-03,153826.52006281656,185.6754964713473,153640.84456634521,XLY,4097
2012-07-05,154211.81723154825,185.6754964713473,154026.1417350769,XLY,4097
2012-07-06,153476.35646952433,185.6754964713473,153290.68097305298,XLY,4097
2012-07-09,152635.85444392008,185.6754964713473,152450.17894744873,XLY,4097
2012-07-10,151725.2415555839,185.6754964713473,151539.56605911255,XLY,4097
2012-07-11,150849.71535624308,185.6754964713473,150664.03985977173,XLY,4097
2012-07-12,150499.48924769205,185.6754964713473,150313.8137512207,XLY,4097
2012-07-13,152951.02512110514,185.6754964713473,152765.3496246338,XLY,4097
2012-07-16,151970.4420293693,185.6754964713473,151784.76653289795,XLY,4097
2012-07-17,153476.35646952433,185.6754964713473,153290.68097305298,XLY,4097
2012-07-18,154281.8655790214,185.6754964713473,154096.19008255005,XLY,4097
2012-07-19,155297.4572156791,185.6754964713473,155111.78171920776,XLY,4097
2012-07-20,153406.32375086588,185.6754964713473,153220.64825439453,XLY,4097
2012-07-23,151164.93291987223,185.6754964713473,150979.25742340088,XLY,4097
2012-07-24,150149.29439677042,185.6754964713473,149963.61890029907,XLY,4097
2012-07-25,149834.12371958536,185.6754964713473,149648.448223114,XLY,4097
2012-07-26,152250.5572751884,185.6754964713473,152064.88177871704,XLY,4097
2012-07-27,155262.44867075724,185.6754964713473,155076.7731742859,XLY,4097
2012-07-30,154667.115861309,185.6754964713473,154481.44036483765,XLY,4097
2012-07-31,152670.87861765665,185.6754964713473,152485.2031211853,XLY,4097
2012-08-01,152040.45911921305,185.6754964713473,151854.7836227417,XLY,4097
2012-08-02,152425.69377268595,185.6754964713473,152240.0182762146,XLY,4097
2012-08-03,155437.5382818107,185.6754964713473,155251.86278533936,XLY,4097
2012-08-06,155997.90943278116,185.6754964713473,155812.2339363098,XLY,4097
2012-08-07,157468.8465856437,185.6754964713473,157283.17108917236,XLY,4097
2012-08-08,156698.3616498832,185.6754964713473,156512.68615341187,XLY,4097
2012-08-09,156593.3203863029,185.6754964713473,156407.64488983154,XLY,4097
2012-08-10,156453.2080625419,185.6754964713473,156267.53256607056,XLY,4097
2012-08-13,156523.28766764444,185.6754964713473,156337.6121711731,XLY,4097
2012-08-14,156908.53794993204,185.6754964713473,156722.8624534607,XLY,4097
2012-08-15,157398.78260935587,185.6754964713473,157213.10711288452,XLY,4097
2012-08-16,158694.61452235025,185.6754964713473,158508.9390258789,XLY,4097
2012-08-17,159289.9785894279,185.6754964713473,159104.30309295654,XLY,4097
2012-08-20,158624.5974325065,185.6754964713473,158438.92193603516,XLY,4097
2012-08-21,158414.49927653116,185.6754964713473,158228.8237800598,XLY,4097
2012-08-22,158869.71976221842,185.6754964713473,158684.04426574707,XLY,4097
2012-08-23,157784.07977808756,185.6754964713473,157598.4042816162,XLY,4097
2012-08-24,159079.89606226725,185.6754964713473,158894.2205657959,XLY,4097
2012-08-27,158834.69558848185,185.6754964713473,158649.0200920105,XLY,4097
2012-08-28,159149.8975232963,185.6754964713473,158964.22202682495,XLY,4097
2012-08-29,159920.3668302421,185.6754964713473,159734.69133377075,XLY,4097
2012-08-30,159044.7937444572,185.6754964713473,158859.11824798584,XLY,4097
2012-08-31,159710.25304545206,185.6754964713473,159524.5775489807,XLY,4097
2012-09-04,159325.01839197916,185.6754964713473,159139.3428955078,XLY,4097
2012-09-05,159570.17197932047,185.6754964713473,159384.49648284912,XLY,4097
2012-09-06,163142.38763941568,185.6754964713473,162956.71214294434,XLY,4097
2012-09-07,164017.8982099418,185.6754964713473,163832.22271347046,XLY,4097
2012-09-10,163772.7602514152,185.6754964713473,163587.08475494385,XLY,4097
2012-09-11,163702.72753275675,185.6754964713473,163517.0520362854,XLY,4097
2012-09-12,164508.22101343912,185.6754964713473,164322.54551696777,XLY,4097
2012-09-13,166609.51514948648,185.6754964713473,166423.83965301514,XLY,4097
2012-09-14,167275.05259455484,185.6754964713473,167089.3770980835,XLY,4097
2012-09-17,166644.57058085245,185.6754964713473,166458.8950843811,XLY,4097
2012-09-18,165839.04584254068,185.6754964713473,165653.37034606934,XLY,4097
2012-09-19,167555.16784037394,185.6754964713473,167369.4923439026,XLY,4097
2012-09-20,167345.0384267692,185.6754964713473,167159.36293029785,XLY,4097
2012-09-21,167225.5092519645,185.6754964713473,167039.83375549316,XLY,4097
2012-09-24,166768.63211191935,185.6754964713473,166582.956615448,XLY,4097
2012-09-25,164800.55799235147,185.6754964713473,164614.88249588013,XLY,4097
2012-09-26,163675.97100199503,185.6754964713473,163490.29550552368,XLY,4097
2012-09-27,165327.76479853434,185.6754964713473,165142.089302063,XLY,4097
2012-09-28,164624.8744863395,185.6754964713473,164439.19898986816,XLY,4097
2012-10-01,164027.11414972108,183.5936991290364,163843.52045059204,VNQ,4275
2012-10-02,165272.0050303058,183.5936991290364,165088.41133117676,VNQ,4275
2012-10-03,165602.3038355426,183.5936991290364,165418.71013641357,VNQ,4275
2012-10-04,165551.45601907533,183.5936991290364,165367.8623199463,VNQ,4275
2012-10-05,165754.71682229798,183.5936991290364,165571.12312316895,VNQ,4275
2012-10-08,165399.01041665833,183.5936991290364,165215.4167175293,VNQ,4275
2012-10-09,164789.2932383136,183.5936991290364,164605.69953918457,VNQ,4275
2012-10-10,165449.8093096332,183.5936991290364,165266.21561050415,VNQ,4275
2012-10-11,165322.77130761903,183.5936991290364,165139.17760849,VNQ,4275
2012-10-12,164738.3964983539,183.5936991290364,164554.80279922485,VNQ,4275
2012-10-15,165830.87439218324,183.5936991290364,165647.2806930542,VNQ,4275
2012-10-16,166847.1457926349,183.5936991290364,166663.55209350586,VNQ,4275
2012-10-17,166389.84160104554,183.5936991290364,166206.2479019165,VNQ,4275
2012-10-18,168092.0203653888,183.5936991290364,167908.42666625977,VNQ,4275
2012-10-19,166694.73280587952,183.5936991290364,166511.1391067505,VNQ,4275
2012-10-22,165856.26568475526,183.5936991290364,165672.67198562622,VNQ,4275
2012-10-23,164179.54344430726,183.5936991290364,163995.94974517822,VNQ,4275
2012-10-24,164052.4891344623,183.5936991290364,163868.89543533325,VNQ,4275
2012-10-25,163595.20125070374,183.5936991290364,163411.6075515747,VNQ,4275
2012-10-26,162172.4408594684,183.5936991290364,161988.84716033936,VNQ,4275
2012-10-31,163747.6142374591,183.5936991290364,163564.02053833008,VNQ,4275
2012-11-01,164535.2335421161,183.5936991290364,164351.63984298706,VNQ,4275
2012-11-02,165627.662512453,183.5936991290364,165444.06881332397,VNQ,4275
2012-11-05,164535.2335421161,183.5936991290364,164351.63984298706,VNQ,4275
2012-11-06,165246.59742990296,183.5936991290364,165063.00373077393,VNQ,4275
2012-11-07,164509.82594171326,183.5936991290364,164326.23224258423,VNQ,4275
2012-11-08,162553.55486551087,183.5936991290364,162369.96116638184,VNQ,4275
2012-11-09,162121.62565866273,183.5936991290364,161938.0319595337,VNQ,4275
2012-11-12,161740.5768839435,183.5936991290364,161556.98318481445,VNQ,4275
2012-11-13,161613.4899584369,183.5936991290364,161429.89625930786,VNQ,4275
2012-11-14,158590.19751230042,183.5936991290364,158406.6038131714,VNQ,4275
2012-11-15,157853.40971627992,183.5936991290364,157669.81601715088,VNQ,4275
2012-11-16,158818.81699243348,183.5936991290364,158635.22329330444,VNQ,4275
2012-11-19,160775.1206842975,183.5936991290364,160591.52698516846,VNQ,4275
2012-11-20,161969.16374841493,183.5936991290364,161785.5700492859,VNQ,4275
2012-11-21,161689.7290674762,183.5936991290364,161506.13536834717,VNQ,4275
2012-11-23,162883.80474725526,183.5936991290364,162700.21104812622,VNQ,4275
2012-11-26,163214.10355249207,183.5936991290364,163030.50985336304,VNQ,4275
2012-11-27,162299.49516931336,183.5936991290364,162115.90147018433,VNQ,4275
2012-11-28,162096.25067392152,183.5936991290364,161912.65697479248,VNQ,4275
2012-11-29,162985.4677645282,183.5936991290364,162801.87406539917,VNQ,4275
2012-11-30,163315.7339541034,183.5936991290364,163132.14025497437,VNQ,4275
2012-12-03,163976.25002542298,183.5936991290364,163792.65632629395,VNQ,4275
2012-12-04,164230.3260294513,183.5936991290364,164046.73233032227,VNQ,4275
2012-12-05,163722.17402139466,183.5936991290364,163538.58032226562,VNQ,4275
2012-12-06,165246.59742990296,183.5936991290364,165063.00373077393,VNQ,4275
2012-12-07,165856.26568475526,183.5936991290364,165672.67198562622,VNQ,4275
2012-12-10,165780.0918070392,183.5936991290364,165596.49810791016,VNQ,4275
2012-12-11,166186.5971056537,183.5936991290364,166003.00340652466,VNQ,4275
2012-12-12,165729.34183755677,183.5936991290364,165545.74813842773,VNQ,4275
2012-12-13,164458.96181741517,183.5936991290364,164275.36811828613,VNQ,4275
2012-12-14,164433.57052484315,183.5936991290364,164249.9768257141,VNQ,4275
2012-12-17,165297.42893853944,183.5936991290364,165113.8352394104,VNQ,4275
2012-12-18,166999.5913950519,183.5936991290364,166815.99769592285,VNQ,4275
2012-12-19,166770.9392992572,183.5936991290364,166587.34560012817,VNQ,4275
2012-12-20,168955.8950869159,183.5936991290364,168772.30138778687,VNQ,4275
2012-12-21,168676.39517465394,183.5936991290364,168492.8014755249,VNQ,4275
2012-12-24,168900.10599771302,183.5936991290364,168716.51229858398,VNQ,4275
2012-12-26,168102.9792276935,183.5936991290364,167919.38552856445,VNQ,4275
2012-12-27,168720.11646905701,183.5936991290364,168536.52276992798,VNQ,4275
2012-12-28,167614.3803087787,183.5936991290364,167430.78660964966,VNQ,4275
2012-12-31,169388.65599313538,183.5936991290364,169205.06229400635,VNQ,4275
2013-01-02,170984.15884344856,177.09677069465397,170807.0620727539,XLV,5170
2013-01-03,171194.07965033333,177.09677069465397,171016.98287963867,XLV,5170
2013-01-04,171950.0233301429,177.09677069465397,171772.92655944824,XLV,5170
2013-01-07,172496.02648108284,177.09677069465397,172318.92971038818,XLV,5170
2013-01-08,172538.03430884163,177.09677069465397,172360.93753814697,XLV,5170
2013-01-09,174427.91323035042,177.09677069465397,174250.81645965576,XLV,5170
2013-01-10,175645.84440558235,177.09677069465397,175468.7476348877,XLV,5170
2013-01-11,175603.83657782356,177.09677069465397,175426.7398071289,XLV,5170
2013-01-14,175771.828444889,177.09677069465397,175594.73167419434,XLV,5170
2013-01-15,175561.88791601936,177.09677069465397,175384.7911453247,XLV,5170
2013-01-16,175183.8963541297,177.09677069465397,175006.79958343506,XLV,5170
2013-01-17,176737.8112634925,177.09677069465397,176560.71449279785,XLV,5170
2013-01-18,177325.82224219124,177.09677069465397,177148.72547149658,XLV,5170
2013-01-22,177829.8175653724,177.09677069465397,177652.72079467773,XLV,5170
2013-01-23,177619.7981485633,177.09677069465397,177442.70137786865,XLV,5170
2013-01-24,178753.79255621711,177.09677069465397,178576.69578552246,XLV,5170
2013-01-25,180139.61698859016,177.09677069465397,179962.5202178955,XLV,5170
2013-01-28,179509.75595801155,177.09677069465397,179332.6591873169,XLV,5170
2013-01-29,181441.62298529426,177.09677069465397,181264.5262145996,XLV,5170
2013-01-30,180895.63955633919,177.09677069465397,180718.54278564453,XLV,5170
2013-01-31,180391.74284308235,177.09677069465397,180214.6460723877,XLV,5170
2013-02-01,181819.59482519905,177.09677069465397,181642.4980545044,XLV,5170
2013-02-04,179803.75158636848,177.09677069465397,179626.65481567383,XLV,5170
2013-02-05,181777.62644141,177.09677069465397,181600.52967071533,XLV,5170
2013-02-06,181735.6777796058,177.09677069465397,181558.58100891113,XLV,5170
2013-02-07,181063.61170141975,177.09677069465397,180886.5149307251,XLV,5170
2013-02-08,182407.62552588264,177.09677069465397,182230.528755188,XLV,5170
2013-02-11,182029.59452002327,177.09677069465397,181852.4977493286,XLV,5170
2013-02-12,181819.59482519905,177.09677069465397,181642.4980545044,XLV,5170
2013-02-13,181693.65022986213,177.09677069465397,181516.55345916748,XLV,5170
2013-02-14,182071.64179175178,177.09677069465397,181894.54502105713,XLV,5170
2013-02-15,182491.58201544563,177.09677069465397,182314.48524475098,XLV,5170
2013-02-19,183625.5369791297,177.09677069465397,183448.44020843506,XLV,5170
2013-02-20,182449.5939096717,177.09677069465397,182272.49713897705,XLV,5170
2013-02-21,181609.65429632942,177.09677069465397,181432.55752563477,XLV,5170
2013-02-22,182407.62552588264,177.09677069465397,182230.528755188,XLV,5170
2013-02-25,180391.74284308235,177.09677069465397,180214.6460723877,XLV,5170
2013-02-26,180853.65145056526,177.09677069465397,180676.5546798706,XLV,5170
2013-02-27,182827.62491553108,177.09677069465397,182650.52814483643,XLV,5170
2013-02-28,182659.5541605262,177.09677069465397,182482.45738983154,XLV,5170
2013-03-01,183494.77594211284,189.5977633256116,183305.17817878723,XLF,16178
2013-03-04,185053.47536494915,189.5977633256116,184863.87760162354,XLF,16178
2013-03-05,186612.22107341472,189.5977633256116,186422.6233100891,XLF,16178
2013-03-06,187859.2022116441,189.5977633256116,187669.60444831848,XLF,16178
2013-03-07,189210.09458759014,189.5977633256116,189020.49682426453,XLF,16178
2013-03-08,189729.6816332597,189.5977633256116,189540.08386993408,XLF,16178
2013-03-11,191184.5006754655,189.5977633256116,190994.9029121399,XLF,16178
2013-03-12,190145.3265841264,189.5977633256116,189955.72882080078,XLF,16178
2013-03-13,190664.88277270977,189.5977633256116,190475.28500938416,XLF,16178
2013-03-14,191911.89476802532,189.5977633256116,191722.2970046997,XLF,16178
2013-03-15,192558.3198664445,189.5977633256116,192368.7221031189,XLF,16178
2013-03-18,190681.49931361858,189.5977633256116,190491.90155029297,XLF,16178
2013-03-19,189638.9155142564,189.5977633256116,189449.3177509308,XLF,16178
2013-03-20,190890.09321620647,189.5977633256116,190700.49545288086,XLF,16178
2013-03-21,188596.25457217876,189.5977633256116,188406.65680885315,XLF,16178
2013-03-22,189743.22789409343,189.5977633256116,189553.63013076782,XLF,16178
2013-03-25,189221.85113742534,189.5977633256116,189032.25337409973,XLF,16178
2013-03-26,190473.0442679185,189.5977633256116,190283.4465045929,XLF,16178
2013-03-27,189534.61856296245,189.5977633256116,189345.02079963684,XLF,16178
2013-03-28,190055.97989108745,189.5977633256116,189866.38212776184,XLF,16178
2013-04-01,189117.5696146745,189.5977633256116,188927.97185134888,XLF,16178
2013-04-02,190264.51207950298,189.5977633256116,190074.91431617737,XLF,16178
2013-04-03,187136.56011035625,189.5977633256116,186946.96234703064,XLF,16178
2013-04-04,188804.80218913738,189.5977633256116,188615.20442581177,XLF,16178
2013-04-05,188179.2056238908,189.5977633256116,187989.6078605652,XLF,16178
2013-04-08,190055.97989108745,189.5977633256116,189866.38212776184,XLF,16178
2013-04-09,190577.35664775554,189.5977633256116,190387.75888442993,XLF,16178
2013-04-10,193183.901003148,189.5977633256116,192994.3032398224,XLF,16178
2013-04-11,193600.98080852214,189.5977633256116,193411.38304519653,XLF,16178
2013-04-12,192766.8983404893,189.5977633256116,192577.3005771637,XLF,16178
2013-04-15,188700.53609492962,189.5977633256116,188510.938331604,XLF,16178
2013-04-16,191619.94044711773,189.5977633256116,191430.3426837921,XLF,16178
2013-04-17,188074.90867259685,189.5977633256116,187885.31090927124,XLF,16178
2013-04-18,186093.88373973552,189.5977633256116,185904.2859764099,XLF,16178
2013-04-19,188700.53609492962,189.5977633256116,188510.938331604,XLF,16178
2013-04-22,188909.03742625896,189.5977633256116,188719.43966293335,XLF,16178
2013-04-23,192349.7568209428,189.5977633256116,192160.1590576172,XLF,16178
2013-04-24,193496.71471431438,189.5977633256116,193307.11695098877,XLF,16178
2013-04-25,194643.5954649705,189.5977633256116,194453.9977016449,XLF,16178
2013-04-26,193809.4667113084,189.5977633256116,193619.8689479828,XLF,16178
2013-04-29,194643.5954649705,189.5977633256116,194453.9977016449,XLF,16178
2013-04-30,195165.00307872478,189.5977633256116,194975.40531539917,XLF,16178
2013-05-01,192975.39967181865,189.5977633256116,192785.80190849304,XLF,16178
2013-05-02,194643.5954649705,189.5977633256116,194453.9977016449,XLF,16178
2013-05-03,196728.94820621196,189.5977633256116,196539.35044288635,XLF,16178
2013-05-06,198814.23923328106,189.5977633256116,198624.64146995544,XLF,16178
2013-05-07,199856.85388972942,189.5977633256116,199667.2561264038,XLF,16178
2013-05-08,201525.12682559673,189.5977633256116,201335.52906227112,XLF,16178
2013-05-09,200065.40150668804,189.5977633256116,199875.80374336243,XLF,16178
2013-05-10,200899.54568889324,189.5977633256116,200709.94792556763,XLF,16178
2013-05-13,201525.12682559673,189.5977633256116,201335.52906227112,XLF,16178
2013-05-14,204965.8153631944,189.5977633256116,204776.21759986877,XLF,16178
2013-05-15,206842.58963039104,189.5977633256116,206652.99186706543,XLF,16178
2013-05-16,205487.1304056901,189.5977633256116,205297.5326423645,XLF,16178
2013-05-17,208198.04885509197,189.5977633256116,208008.45109176636,XLF,16178
2013-05-20,208615.1440890092,189.5977633256116,208425.5463256836,XLF,16178
2013-05-21,209136.42827441875,189.5977633256116,208946.83051109314,XLF,16178
2013-05-22,206946.8557245988,189.5977633256116,206757.2579612732,XLF,16178
2013-05-23,205695.69345119182,189.5977633256116,205506.0956878662,XLF,16178
2013-05-24,205904.19478252117,189.5977633256116,205714.59701919556,XLF,16178
2013-05-28,207989.50123813335,189.5977633256116,207799.90347480774,XLF,16178
2013-05-29,207989.50123813335,189.5977633256116,207799.90347480774,XLF,16178
2013-05-30,210491.88749911968,189.5977633256116,210302.28973579407,XLF,16178
2013-05-31,207051.18353297893,189.5977633256116,206861.58576965332,XLF,16178
2013-06-03,206639.4754374942,246.88159594146418,206392.59384155273,XLV,5230
2013-06-04,205359.42783007232,246.88159594146418,205112.54623413086,XLV,5230
2013-06-05,202372.5037730655,246.88159594146418,202125.62217712402,XLV,5230
2013-06-06,205316.732975336,246.88159594146418,205069.85137939453,XLV,5230
2013-06-07,207194.22923693268,246.88159594146418,206947.3476409912,XLV,5230
2013-06-10,207492.91366228668,246.88159594146418,207246.03206634521,XLV,5230
2013-06-11,206639.4754374942,246.88159594146418,206392.59384155273,XLV,5230
2013-06-12,204548.62460741607,246.88159594146418,204301.7430114746,XLV,5230
2013-06-13,207706.24827990143,246.88159594146418,207459.36668395996,XLV,5230
2013-06-14,207364.8889506778,246.88159594146418,207118.00735473633,XLV,5230
2013-06-17,207834.3128932437,246.88159594146418,207587.43129730225,XLV,5230
2013-06-18,209583.7445414981,246.88159594146418,209336.86294555664,XLV,5230
2013-06-19,206255.46115526764,246.88159594146418,206008.57955932617,XLV,5230
2013-06-20,200964.39155230133,246.88159594146418,200717.50995635986,XLV,5230
2013-06-21,202944.73453173248,246.88159594146418,202697.85293579102,XLV,5230
2013-06-24,201230.17699846832,246.88159594146418,200983.29540252686,XLV,5230
2013-06-25,202258.90353808014,246.88159594146418,202012.02194213867,XLV,5230
2013-06-26,205173.5855067691,246.88159594146418,204926.70391082764,XLV,5230
2013-06-27,205902.25101122467,246.88159594146418,205655.3694152832,XLV,5230
2013-06-28,204316.27681383697,246.88159594146418,204069.3952178955,XLV,5230
2013-07-01,204873.52447161285,246.88159594146418,204626.6428756714,XLV,5230
2013-07-02,204444.92000231353,246.88159594146418,204198.03840637207,XLV,5230
2013-07-03,204144.83901629059,246.88159594146418,203897.95742034912,XLV,5230
2013-07-05,206930.93764910309,246.88159594146418,206684.05605316162,XLV,5230
2013-07-08,208088.22757372467,246.88159594146418,207841.3459777832,XLV,5230
2013-07-09,208688.30974230377,246.88159594146418,208441.4281463623,XLV,5230
2013-07-10,210059.89192614166,246.88159594146418,209813.0103302002,XLV,5230
2013-07-11,212760.26168474762,246.88159594146418,212513.38008880615,XLV,5230
2013-07-12,214046.15489611236,246.88159594146418,213799.2733001709,XLV,5230
2013-07-15,214260.46710619537,246.88159594146418,214013.5855102539,XLV,5230
2013-07-16,213017.52811083404,246.88159594146418,212770.64651489258,XLV,5230
2013-07-17,213574.67601427643,246.88159594146418,213327.79441833496,XLV,5230
2013-07-18,214174.75818285553,246.88159594146418,213927.87658691406,XLV,5230
2013-07-19,217003.67137560455,246.88159594146418,216756.7897796631,XLV,5230
2013-07-22,218075.2523768863,246.88159594146418,217828.37078094482,XLV,5230
2013-07-23,217303.7124598941,246.88159594146418,217056.83086395264,XLV,5230
2013-07-24,216960.83686480133,246.88159594146418,216713.95526885986,XLV,5230
2013-07-25,218032.37796434967,246.88159594146418,217785.4963684082,XLV,5230
2013-07-26,219446.89441332428,246.88159594146418,219200.0128173828,XLV,5230
2013-07-29,218803.87797960846,246.88159594146418,218556.996383667,XLV,5230
2013-07-30,218846.79229387848,246.88159594146418,218599.910697937,XLV,5230
2013-07-31,218932.54111895172,246.88159594146418,218685.65952301025,XLV,5230
2013-08-01,219644.88304037324,221.8970965789922,219422.98594379425,XLF,16287
2013-08-02,219539.46400636903,221.8970965789922,219317.56690979004,XLF,16287
2013-08-05,219117.9431952881,221.8970965789922,218896.0460987091,XLF,16287
2013-08-06,217115.52518648378,221.8970965789922,216893.62808990479,XLF,16287
2013-08-07,215640.031490271,221.8970965789922,215418.13439369202,XLF,16287
2013-08-08,216166.92473787538,221.8970965789922,215945.0276412964,XLF,16287
2013-08-09,215429.24001974336,221.8970965789922,215207.34292316437,XLF,16287
2013-08-12,214586.07413763276,221.8970965789922,214364.17704105377,XLF,16287
2013-08-13,215640.031490271,221.8970965789922,215418.13439369202,XLF,16287
2013-08-14,214796.97433561555,221.8970965789922,214575.07723903656,XLF,16287
2013-08-15,211635.17994016877,221.8970965789922,211413.28284358978,XLF,16287
2013-08-16,211213.62806410066,221.8970965789922,210991.73096752167,XLF,16287
2013-08-19,208473.50980467073,221.8970965789922,208251.61270809174,XLF,16287
2013-08-20,210475.88121599428,221.8970965789922,210253.98411941528,XLF,16287
2013-08-21,209000.46518224946,221.8970965789922,208778.56808567047,XLF,16287
2013-08-22,211424.37293714753,221.8970965789922,211202.47584056854,XLF,16287
2013-08-23,211635.17994016877,221.8970965789922,211413.28284358978,XLF,16287
2013-08-26,210265.08974546663,221.8970965789922,210043.19264888763,XLF,16287
2013-08-27,205206.3895701813,221.8970965789922,204984.4924736023,XLF,16287
2013-08-28,205522.56900972596,221.8970965789922,205300.67191314697,XLF,16287
2013-08-29,206049.49332231752,221.8970965789922,205827.59622573853,XLF,16287
2013-08-30,205101.00160116426,221.8970965789922,204879.10450458527,XLF,16287
2013-09-03,206168.51367484036,239.18689642849495,205929.32677841187,XLY,4081
2013-09-04,208330.98722754422,239.18689642849495,208091.80033111572,XLY,4081
2013-09-05,208401.86732779446,239.18689642849495,208162.68043136597,XLY,4081
2013-09-06,208153.6546507925,239.18689642849495,207914.467754364,XLY,4081
2013-09-09,209997.11326514187,239.18689642849495,209757.92636871338,XLY,4081
2013-09-10,212017.79548178616,239.18689642849495,211778.60858535767,XLY,4081
2013-09-11,213577.54688178006,239.18689642849495,213338.35998535156,XLY,4081
2013-09-12,213081.24607001248,239.18689642849495,212842.05917358398,XLY,4081
2013-09-13,213683.9526549429,239.18689642849495,213444.7657585144,XLY,4081
2013-09-16,214641.05974112454,239.18689642849495,214401.87284469604,XLY,4081
2013-09-17,215881.8584738821,239.18689642849495,215642.6715774536,XLY,4081
2013-09-18,218363.33139716092,239.18689642849495,218124.14450073242,XLY,4081
2013-09-19,218292.3890257925,239.18689642849495,218053.202129364,XLY,4081
2013-09-20,216976.92722235623,239.18689642849495,216737.74032592773,XLY,4081
2013-09-23,215305.9129019827,239.18689642849495,215066.7260055542,XLY,4081
2013-09-24,215874.74399863186,239.18689642849495,215635.55710220337,XLY,4081
2013-09-25,214559.21992407742,239.18689642849495,214320.03302764893,XLY,4081
2013-09-26,216585.84903250638,239.18689642849495,216346.66213607788,XLY,4081
2013-09-27,216621.37470541897,239.18689642849495,216382.18780899048,XLY,4081
2013-09-30,215803.64594946805,239.18689642849495,215564.45905303955,XLY,4081
2013-10-01,216894.78682138005,220.3598270563234,216674.42699432373,XLB,6542
2013-10-02,217459.78499032537,220.3598270563234,217239.42516326904,XLB,6542
2013-10-03,215611.03811074773,220.3598270563234,215390.6782836914,XLB,6542
2013-10-04,218743.7832584528,220.3598270563234,218523.42343139648,XLB,6542
2013-10-07,216073.19363595525,220.3598270563234,215852.83380889893,XLB,6542
2013-10-08,212632.19507028142,220.3598270563234,212411.8352432251,XLB,6542
2013-10-09,212940.37362100164,220.3598270563234,212720.0137939453,XLB,6542
2013-10-10,217459.78499032537,220.3598270563234,217239.42516326904,XLB,6542
2013-10-11,218743.7832584528,220.3598270563234,218523.42343139648,XLB,6542
2013-10-14,219514.0175113825,220.3598270563234,219293.65768432617,XLB,6542
2013-10-15,218178.7850895075,220.3598270563234,217958.42526245117,XLB,6542
2013-10-16,220387.144319549,220.3598270563234,220166.78449249268,XLB,6542
2013-10-17,223263.21958352605,220.3598270563234,223042.85975646973,XLB,6542
2013-10-18,223930.86075021306,220.3598270563234,223710.50092315674,XLB,6542
2013-10-21,223879.4019947199,220.3598270563234,223659.04216766357,XLB,6542
2013-10-22,227114.88996316472,220.3598270563234,226894.5301361084,XLB,6542
2013-10-23,225625.6306553034,220.3598270563234,225405.27082824707,XLB,6542
2013-10-24,226755.42734719792,220.3598270563234,226535.0675201416,XLB,6542
2013-10-25,227423.06851388494,220.3598270563234,227202.7086868286,XLB,6542
2013-10-28,226293.22191049138,220.3598270563234,226072.86208343506,XLB,6542
2013-10-29,226755.42734719792,220.3598270563234,226535.0675201416,XLB,6542
2013-10-30,225368.66130258123,220.3598270563234,225148.3014755249,XLB,6542
2013-10-31,225009.3484211115,220.3598270563234,224788.98859405518,XLB,6542
2013-11-01,224495.6842289118,220.3598270563234,224275.32440185547,XLB,6542
2013-11-04,225420.1200580744,220.3598270563234,225199.76023101807,XLB,6542
2013-11-05,224444.3752079157,220.3598270563234,224224.01538085938,XLB,6542
2013-11-06,225985.04335977117,220.3598270563234,225764.68353271484,XLB,6542
2013-11-07,223006.32509805242,220.3598270563234,222785.9652709961,XLB,6542
2013-11-08,227166.24889565984,220.3598270563234,226945.88906860352,XLB,6542
2013-11-11,227063.5310306696,220.3598270563234,226843.17120361328,XLB,6542
2013-11-12,226344.53093148748,220.3598270563234,226124.17110443115,XLB,6542
2013-11-13,227577.12035562078,220.3598270563234,227356.76052856445,XLB,6542
2013-11-14,229477.30103494207,220.3598270563234,229256.94120788574,XLB,6542
2013-11-15,230966.73503304998,220.3598270563234,230746.37520599365,XLB,6542
2013-11-18,229528.6849231867,220.3598270563234,229308.32509613037,XLB,6542
2013-11-19,228809.63491250554,220.3598270563234,228589.27508544922,XLB,6542
2013-11-20,226960.81316567937,220.3598270563234,226740.45333862305,XLB,6542
2013-11-21,228809.63491250554,220.3598270563234,228589.27508544922,XLB,6542
2013-11-22,229990.89035989324,220.3598270563234,229770.5305328369,XLB,6542
2013-11-25,228552.89016152898,220.3598270563234,228332.53033447266,XLB,6542
2013-11-26,227987.89199258367,220.3598270563234,227767.53216552734,XLB,6542
2013-11-27,228142.09356881658,220.3598270563234,227921.73374176025,XLB,6542
2013-11-29,227936.50810433904,220.3598270563234,227716.14827728271,XLB,6542
2013-12-02,226691.32718056813,237.7975098527968,226453.52967071533,XLI,5618
2013-12-03,224751.18153542653,237.7975098527968,224513.38402557373,XLI,5618
2013-12-04,223848.80914467946,237.7975098527968,223611.01163482666,XLI,5618
2013-12-05,223939.03352517262,237.7975098527968,223701.23601531982,XLI,5618
2013-12-06,227368.1386200823,237.7975098527968,227130.3411102295,XLI,5618
2013-12-09,227954.72567910329,237.7975098527968,227716.9281692505,XLI,5618
2013-12-10,227458.40586251393,237.7975098527968,227220.60835266113,XLI,5618
2013-12-11,223893.8999039568,237.7975098527968,223656.102394104,XLI,5618
2013-12-12,224119.58944100514,237.7975098527968,223881.79193115234,XLI,5618
2013-12-13,224796.3365876116,237.7975098527968,224558.5390777588,XLI,5618
2013-12-16,226917.01671761647,237.7975098527968,226679.21920776367,XLI,5618
2013-12-17,226826.6851822771,237.7975098527968,226588.88767242432,XLI,5618
2013-12-18,230616.7306610979,237.7975098527968,230378.93315124512,XLI,5618
2013-12-19,230842.2273194231,237.7975098527968,230604.4298095703,XLI,5618
2013-12-20,232697.0562760271,237.7975098527968,232459.25876617432,XLI,5618
2013-12-23,233604.10061806813,237.7975098527968,233366.30310821533,XLI,5618
2013-12-24,234692.450959865,237.7975098527968,234454.6534500122,XLI,5618
2013-12-26,236324.95504159108,237.7975098527968,236087.15753173828,XLI,5618
2013-12-27,236052.9960419573,237.7975098527968,235815.1985321045,XLI,5618
2013-12-30,235826.25638741627,237.7975098527968,235588.45887756348,XLI,5618
2013-12-31,237231.97795266286,237.7975098527968,236994.18044281006,XLI,5618
2014-01-02,233921.5147034563,237.7975098527968,233683.71719360352,XLI,5618
2014-01-03,234556.38573617116,237.7975098527968,234318.58822631836,XLI,5618
2014-01-06,233195.92637795582,237.7975098527968,232958.12886810303,XLI,5618
2014-01-07,234647.14589089528,237.7975098527968,234409.34838104248,XLI,5618
2014-01-08,234238.95021981373,237.7975098527968,234001.15270996094,XLI,5618
2014-01-09,235372.66992348805,237.7975098527968,235134.87241363525,XLI,5618
2014-01-10,235735.45337075368,237.7975098527968,235497.65586090088,XLI,5618
2014-01-13,232878.51229256764,237.7975098527968,232640.71478271484,XLI,5618
2014-01-14,235327.32199257985,237.7975098527968,235089.52448272705,XLI,5618
2014-01-15,237005.2168671526,237.7975098527968,236767.4193572998,XLI,5618
2014-01-16,236415.69376534596,237.7975098527968,236177.89625549316,XLI,5618
2014-01-17,235236.56183785573,237.7975098527968,234998.76432800293,XLI,5618
2014-01-21,235463.43007821217,237.7975098527968,235225.63256835938,XLI,5618
2014-01-22,236188.95411080495,237.7975098527968,235951.15660095215,XLI,5618
2014-01-23,233377.33953255787,237.7975098527968,233139.54202270508,XLI,5618
2014-01-24,226121.456277553,237.7975098527968,225883.6587677002,XLI,5618
2014-01-27,226348.195932094,237.7975098527968,226110.3984222412,XLI,5618
2014-01-28,228479.59154671803,237.7975098527968,228241.79403686523,XLI,5618
2014-01-29,226030.86757058278,237.7975098527968,225793.07006072998,XLI,5618
2014-01-30,228252.8947541155,237.7975098527968,228015.0972442627,XLI,5618
2014-01-31,227119.15361947194,237.7975098527968,226881.35610961914,XLI,5618
2014-02-03,220815.6197754778,237.7975098527968,220577.822265625,XLI,5618
2014-02-04,222221.44849557057,237.7975098527968,221983.65098571777,XLI,5618
2014-02-05,222130.7740647234,237.7975098527968,221892.9765548706,XLI,5618
2014-02-06,225214.45479745045,237.7975098527968,224976.65728759766,XLI,5618
2014-02-07,229114.5268723406,237.7975098527968,228876.7293624878,XLI,5618
2014-02-10,227663.26449746266,237.7975098527968,227425.46698760986,XLI,5618
2014-02-11,230202.8986451067,237.7975098527968,229965.1011352539,XLI,5618
2014-02-12,231518.01007241383,237.7975098527968,231280.21256256104,XLI,5618
2014-02-13,231699.44465798512,237.7975098527968,231461.64714813232,XLI,5618
2014-02-14,233195.92637795582,237.7975098527968,232958.12886810303,XLI,5618
2014-02-18,233014.51322335377,237.7975098527968,232776.71571350098,XLI,5618
2014-02-19,230837.76967782155,237.7975098527968,230599.97216796875,XLI,5618
2014-02-20,233014.51322335377,237.7975098527968,232776.71571350098,XLI,5618
2014-02-21,233286.62223977223,237.7975098527968,233048.82472991943,XLI,5618
2014-02-24,235055.23440713063,237.7975098527968,234817.43689727783,XLI,5618
2014-02-25,234284.23385781422,237.7975098527968,234046.43634796143,XLI,5618
2014-02-26,234511.08066720143,237.7975098527968,234273.28315734863,XLI,5618
2014-02-27,235871.561456386,237.7975098527968,235633.7639465332,XLI,5618
2014-02-28,236324.95504159108,237.7975098527968,236087.15753173828,XLI,5618
2014-03-03,234035.41316707744,263.9995356382278,233771.4136314392,XLV,4795
2014-03-04,238473.03436000957,263.9995356382278,238209.03482437134,XLV,4795
2014-03-05,237878.68951519145,263.9995356382278,237614.68997955322,XLV,4795
2014-03-06,236412.70108898295,263.9995356382278,236148.70155334473,XLV,4795
2014-03-07,235818.35624416484,263.9995356382278,235554.3567085266,XLV,4795
2014-03-10,236808.91269405498,263.9995356382278,236544.91315841675,XLV,4795
2014-03-11,236333.46242626323,263.9995356382278,236069.462890625,XLV,4795
2014-03-12,236293.87967785014,263.9995356382278,236029.8801422119,XLV,4795
2014-03-13,233084.45775707377,263.9995356382278,232820.45822143555,XLV,4795
2014-03-14,231816.5476961912,263.9995356382278,231552.54816055298,XLV,4795
2014-03-17,234075.0142069639,263.9995356382278,233811.01467132568,XLV,4795
2014-03-18,236571.1784144224,263.9995356382278,236307.17887878418,XLV,4795
2014-03-19,235858.01215847148,263.9995356382278,235594.01262283325,XLV,4795
2014-03-20,235858.01215847148,263.9995356382278,235594.01262283325,XLV,4795
2014-03-21,231583.91673763408,263.9995356382278,231319.91720199585,XLV,4795
2014-03-24,228999.49617107524,263.9995356382278,228735.496635437,XLV,4795
2014-03-25,231027.23403652324,263.9995356382278,230763.234500885,XLV,4795
2014-03-26,231106.7470713438,263.9995356382278,230842.74753570557,XLV,4795
2014-03-27,230589.8849078001,263.9995356382278,230325.88537216187,XLV,4795
2014-03-28,229715.15006740703,263.9995356382278,229451.1505317688,XLV,4795
2014-03-31,232816.41450603618,263.9995356382278,232552.41497039795,XLV,4795
2014-04-01,234287.5245447935,263.9995356382278,234023.52500915527,XLV,4795
2014-04-02,235321.30374630107,263.9995356382278,235057.30421066284,XLV,4795
2014-04-03,234804.3684168638,263.9995356382278,234540.3688812256,XLV,4795
2014-04-04,230907.93704708232,263.9995356382278,230643.9375114441,XLV,4795
2014-04-07,228601.94928844585,263.9995356382278,228337.94975280762,XLV,4795
2014-04-08,226733.23749263896,263.9995356382278,226469.23795700073,XLV,4795
2014-04-09,231583.91673763408,263.9995356382278,231319.91720199585,XLV,4795
2014-04-10,223870.56703289165,263.9995356382278,223606.56749725342,XLV,4795
2014-04-11,221763.40758999003,263.9995356382278,221499.4080543518,XLV,4795
2014-04-14,222995.88706691875,263.9995356382278,222731.88753128052,XLV,4795
2014-04-15,225381.3695689024,263.9995356382278,225117.37003326416,XLV,4795
2014-04-16,226494.6618052305,263.9995356382278,226230.66226959229,XLV,4795
2014-04-17,226454.89614208354,263.9995356382278,226190.8966064453,XLV,4795
2014-04-21,229158.6136980833,263.9995356382278,228894.61416244507,XLV,4795
2014-04-22,231663.39318950786,263.9995356382278,231399.39365386963,XLV,4795
2014-04-23,230510.35358150615,263.9995356382278,230246.35404586792,XLV,4795
2014-04-24,230152.49919613017,263.9995356382278,229888.49966049194,XLV,4795
2014-04-25,228442.88663585795,263.9995356382278,228178.88710021973,XLV,4795
2014-04-28,229794.73626812114,263.9995356382278,229530.7367324829,XLV,4795
2014-04-29,231146.51273449077,263.9995356382278,230882.51319885254,XLV,4795
2014-04-30,231345.3776331724,263.9995356382278,231081.37809753418,XLV,4795
2014-05-01,231168.41953460444,256.34646026362316,230912.07307434082,XLU,7737
2014-05-02,226431.9921397375,256.34646026362316,226175.64567947388,XLU,7737
2014-05-05,228454.3276061224,256.34646026362316,228197.98114585876,XLU,7737
2014-05-06,227336.67961112727,256.34646026362316,227080.33315086365,XLU,7737
2014-05-07,231008.6585597204,256.34646026362316,230752.3120994568,XLU,7737
2014-05-08,228507.51239768733,256.34646026362316,228251.1659374237,XLU,7737
2014-05-09,225154.73074142207,256.34646026362316,224898.38428115845,XLU,7737
2014-05-12,223079.31378356685,256.34646026362316,222822.96732330322,XLU,7737
2014-05-13,223611.47159950007,256.34646026362316,223355.12513923645,XLU,7737
2014-05-14,224729.0162944006,256.34646026362316,224472.66983413696,XLU,7737
2014-05-15,223824.37309447993,256.34646026362316,223568.0266342163,XLU,7737
2014-05-16,224516.08528510798,256.34646026362316,224259.73882484436,XLU,7737
2014-05-19,221057.0668601202,256.34646026362316,220800.72039985657,XLU,7737
2014-05-20,221057.0668601202,256.34646026362316,220800.72039985657,XLU,7737
2014-05-21,221216.6359919714,256.34646026362316,220960.28953170776,XLU,7737
2014-05-22,223026.06996337642,256.34646026362316,222769.7235031128,XLU,7737
2014-05-23,222493.83836166133,256.34646026362316,222237.4919013977,XLU,7737
2014-05-27,224250.11705581416,256.34646026362316,223993.77059555054,XLU,7737
2014-05-28,225580.60751716365,256.34646026362316,225324.26105690002,XLU,7737
2014-05-29,226219.0611304449,256.34646026362316,225962.71467018127,XLU,7737
2014-05-30,227709.25353805293,256.34646026362316,227452.9070777893,XLU,7737
2014-06-02,226974.83313421,237.12726262796787,226737.70587158203,XLE,3711
2014-06-03,227760.86399892558,237.12726262796787,227523.7367362976,XLE,3711
2014-06-04,227641.8941045164,237.12726262796787,227404.76684188843,XLE,3711
2014-06-05,228951.87948278178,237.12726262796787,228714.7522201538,XLE,3711
2014-06-06,230833.6678090452,237.12726262796787,230596.54054641724,XLE,3711
2014-06-09,231190.87477544535,237.12726262796787,230953.74751281738,XLE,3711
2014-06-10,230809.75774816264,237.12726262796787,230572.63048553467,XLE,3711
2014-06-11,231691.10326055277,237.12726262796787,231453.9759979248,XLE,3711
2014-06-12,232453.3090024351,237.12726262796787,232216.18173980713,XLE,3711
2014-06-13,234668.5782666563,237.12726262796787,234431.45100402832,XLE,3711
2014-06-16,236073.90660527934,237.12726262796787,235836.77934265137,XLE,3711
2014-06-17,235907.10243276347,237.12726262796787,235669.9751701355,XLE,3711
2014-06-18,237693.5902676939,237.12726262796787,237456.46300506592,XLE,3711
2014-06-19,239384.79176763285,237.12726262796787,239147.66450500488,XLE,3711
2014-06-20,241763.4535260557,237.12726262796787,241526.32626342773,XLE,3711
2014-06-23,242624.980160272,237.12726262796787,242387.85289764404,XLE,3711
2014-06-24,237527.79119542826,237.12726262796787,237290.6639328003,XLE,3711
2014-06-25,239322.56049016703,237.12726262796787,239085.43322753906,XLE,3711
2014-06-26,239585.84013036478,237.12726262796787,239348.71286773682,XLE,3711
2014-06-27,239585.84013036478,237.12726262796787,239348.71286773682,XLE,3711
2014-06-30,239777.23386815775,237.12726262796787,239540.10660552979,XLE,3711
2014-07-01,239920.8641095518,237.12726262796787,239683.73684692383,XLE,3711
2014-07-02,239561.88760045756,237.12726262796787,239324.7603378296,XLE,3711
2014-07-03,240471.31929448832,237.12726262796787,240234.19203186035,XLE,3711
2014-07-07,238628.5883145689,237.12726262796787,238391.46105194092,XLE,3711
2014-07-08,238245.65927556742,237.12726262796787,238008.53201293945,XLE,3711
2014-07-09,239825.1106152891,237.12726262796787,239587.98335266113,XLE,3711
2014-07-10,237527.79119542826,237.12726262796787,237290.6639328003,XLE,3711
2014-07-11,235709.15430883158,237.12726262796787,235472.0270462036,XLE,3711
2014-07-14,237743.19408849467,237.12726262796787,237506.0668258667,XLE,3711
2014-07-15,236714.22624639262,237.12726262796787,236477.09898376465,XLE,3711
2014-07-16,240303.70821050394,237.12726262796787,240066.58094787598,XLE,3711
2014-07-17,236427.02238897074,237.12726262796787,236189.89512634277,XLE,3711
2014-07-18,237120.9945645689,237.12726262796787,236883.86730194092,XLE,3711
2014-07-21,237479.95691732157,237.12726262796787,237242.8296546936,XLE,3711
2014-07-22,239178.9868741392,237.12726262796787,238941.85961151123,XLE,3711
2014-07-23,240710.4765286802,237.12726262796787,240473.34926605225,XLE,3711
2014-07-24,240925.85110906351,237.12726262796787,240688.72384643555,XLE,3711
2014-07-25,239155.06265691508,237.12726262796787,238917.9353942871,XLE,3711
2014-07-28,238580.76819280375,237.12726262796787,238343.64093017578,XLE,3711
2014-07-29,237982.5495114683,237.12726262796787,237745.42224884033,XLE,3711
2014-07-30,236570.55353597392,237.12726262796787,236333.42627334595,XLE,3711
2014-07-31,231473.4778218626,237.12726262796787,231236.35055923462,XLE,3711
2014-08-01,229607.00665715922,237.12726262796787,229369.87939453125,XLE,3711
2014-08-04,233459.7399487852,237.12726262796787,233222.61268615723,XLE,3711
2014-08-05,228362.63592199076,237.12726262796787,228125.5086593628,XLE,3711
2014-08-06,229032.66972402323,237.12726262796787,228795.54246139526,XLE,3711
2014-08-07,227596.86278203715,237.12726262796787,227359.73551940918,XLE,3711
2014-08-08,231401.73348287333,237.12726262796787,231164.60622024536,XLE,3711
2014-08-11,231425.6435437559,237.12726262796787,231188.51628112793,XLE,3711
2014-08-12,229726.61358693827,237.12726262796787,229489.4863243103,XLE,3711
2014-08-13,230468.53329137553,237.12726262796787,230231.40602874756,XLE,3711
2014-08-14,229152.31912282694,237.12726262796787,228915.19186019897,XLE,3711
2014-08-15,230851.3066106199,237.12726262796787,230614.17934799194,XLE,3711
2014-08-18,231473.4778218626,237.12726262796787,231236.35055923462,XLE,3711
2014-08-19,233244.35121206034,237.12726262796787,233007.22394943237,XLE,3711
2014-08-20,233746.8730244993,237.12726262796787,233509.74576187134,XLE,3711
2014-08-21,233938.29507497538,237.12726262796787,233701.1678123474,XLE,3711
2014-08-22,232382.85289052714,237.12726262796787,232145.72562789917,XLE,3711
2014-08-25,234440.81688741434,237.12726262796787,234203.68962478638,XLE,3711
2014-08-26,235637.3533444761,237.12726262796787,235400.22608184814,XLE,3711
2014-08-27,235158.69912389506,237.12726262796787,234921.5718612671,XLE,3711
2014-08-28,235206.66080907572,237.12726262796787,234969.53354644775,XLE,3711
2014-08-29,236522.80419591654,237.12726262796787,236285.67693328857,XLE,3711
2014-09-02,232832.66060340632,263.40819251764333,232569.25241088867,XLK,6631
2014-09-03,231562.68690192926,263.40819251764333,231299.27870941162,XLK,6631
2014-09-04,231447.31523215998,263.40819251764333,231183.90703964233,XLK,6631
2014-09-05,232832.66060340632,263.40819251764333,232569.25241088867,XLK,6631
2014-09-08,233178.97797477472,263.40819251764333,232915.56978225708,XLK,6631
2014-09-09,231504.98841941584,263.40819251764333,231241.5802268982,XLK,6631
2014-09-10,232890.35908591974,263.40819251764333,232626.9508934021,XLK,6631
2014-09-11,233409.797200086,263.40819251764333,233146.38900756836,XLK,6631
2014-09-12,232428.64474952448,263.40819251764333,232165.23655700684,XLK,6631
2014-09-15,231043.22349250544,263.40819251764333,230779.8152999878,XLK,6631
2014-09-16,232774.93682563532,263.40819251764333,232511.52863311768,XLK,6631
2014-09-17,233236.802933576,263.40819251764333,232973.39474105835,XLK,6631
2014-09-18,234622.14830482233,263.40819251764333,234358.7401123047,XLK,6631
2014-09-19,234123.50289237726,263.40819251764333,233860.09469985962,XLK,6631
2014-09-22,232558.28294456232,263.40819251764333,232294.87475204468,XLK,6631
2014-09-23,232036.54296195734,263.40819251764333,231773.1347694397,XLK,6631
2014-09-24,233543.88736045588,263.40819251764333,233280.47916793823,XLK,6631
2014-09-25,228442.21333778132,263.40819251764333,228178.80514526367,XLK,6631
2014-09-26,230935.06097114313,263.40819251764333,230671.6527786255,XLK,6631
2014-09-29,230877.05894553888,263.40819251764333,230613.65075302124,XLK,6631
2014-09-30,231572.7291191839,263.40819251764333,231309.32092666626,XLK,6631
2014-10-01,227296.35861724796,266.91678375186166,227029.4418334961,XLV,4298
2014-10-02,226829.64235443057,266.91678375186166,226562.7255706787,XLV,4298
2014-10-03,231496.60823577823,266.91678375186166,231229.69145202637,XLV,4298
2014-10-06,230419.63250488223,266.91678375186166,230152.71572113037,XLV,4298
2014-10-07,226757.8461584467,266.91678375186166,226490.92937469482,XLV,4298
2014-10-08,232537.6940664667,266.91678375186166,232270.77728271484,XLV,4298
2014-10-09,227727.08660644473,266.91678375186166,227460.16982269287,XLV,4298
2014-10-10,226327.0853781122,266.91678375186166,226060.16859436035,XLV,4298
2014-10-13,220978.0474371332,266.91678375186166,220711.13065338135,XLV,4298
2014-10-14,219326.62016052188,266.91678375186166,219059.70337677002,XLV,4298
2014-10-15,217531.63328308047,266.91678375186166,217264.7164993286,XLV,4298
2014-10-16,216418.7840475458,266.91678375186166,216151.86726379395,XLV,4298
2014-10-17,219865.1162237543,266.91678375186166,219598.19944000244,XLV,4298
2014-10-20,222521.69024414005,266.91678375186166,222254.77346038818,XLV,4298
2014-10-21,228409.28983062686,266.91678375186166,228142.373046875,XLV,4298
2014-10-22,227260.43592590274,266.91678375186166,226993.51914215088,XLV,4298
2014-10-23,231137.5616735834,266.91678375186166,230870.64488983154,XLV,4298
2014-10-24,234368.58723968448,266.91678375186166,234101.67045593262,XLV,4298
2014-10-27,234619.8821234125,266.91678375186166,234352.96533966064,XLV,4298
2014-10-28,236343.05640930118,266.91678375186166,236076.13962554932,XLV,4298
2014-10-29,236450.77529663028,266.91678375186166,236183.85851287842,XLV,4298
2014-10-30,240794.65009826602,266.91678375186166,240527.73331451416,XLV,4298
2014-10-31,241763.85775512637,266.91678375186166,241496.9409713745,XLV,4298
2014-11-03,241326.75816562594,243.72097995699733,241083.03718566895,XLU,7525
2014-11-04,240062.60673549594,243.72097995699733,239818.88575553894,XLU,7525
2014-11-05,245487.8353789133,243.72097995699733,245244.1143989563,XLU,7525
2014-11-06,241326.75816562594,243.72097995699733,241083.03718566895,XLU,7525
2014-11-07,243855.0036146921,243.72097995699733,243611.2826347351,XLU,7525
2014-11-10,245066.46592166842,243.72097995699733,244822.74494171143,XLU,7525
2014-11-11,244171.1096480173,243.72097995699733,243927.3886680603,XLU,7525
2014-11-12,239904.52501323642,243.72097995699733,239660.80403327942,XLU,7525
2014-11-13,237955.6733324808,243.72097995699733,237711.9523525238,XLU,7525
2014-11-14,236954.91010692538,243.72097995699733,236711.18912696838,XLU,7525
2014-11-17,240062.60673549594,243.72097995699733,239818.88575553894,XLU,7525
2014-11-18,240747.32133892,243.72097995699733,240503.600358963,XLU,7525
2014-11-19,240536.65096309604,243.72097995699733,240292.92998313904,XLU,7525
2014-11-20,240009.81714275302,243.72097995699733,239766.09616279602,XLU,7525
2014-11-21,240958.0634787363,243.72097995699733,240714.3424987793,XLU,7525
2014-11-24,238956.43655803622,243.72097995699733,238712.71557807922,XLU,7525
2014-11-25,238956.43655803622,243.72097995699733,238712.71557807922,XLU,7525
2014-11-26,240009.81714275302,243.72097995699733,239766.09616279602,XLU,7525
2014-11-28,242538.19176700534,243.72097995699733,242294.47078704834,XLU,7525
2014-12-01,243012.26470020236,243.72097995699733,242768.54372024536,XLU,7525
2014-12-02,244645.12517002047,243.72097995699733,244401.40419006348,XLU,7525
2014-12-03,243960.4105665964,243.72097995699733,243716.6895866394,XLU,7525
2014-12-04,243749.7114851755,243.72097995699733,243505.9905052185,XLU,7525
2014-12-05,241853.41975238742,243.72097995699733,241609.69877243042,XLU,7525
2014-12-08,243802.38625553073,243.72097995699733,243558.66527557373,XLU,7525
2014-12-09,245013.76244571627,243.72097995699733,244770.04146575928,XLU,7525
2014-12-10,241958.85540988864,243.72097995699733,241715.13442993164,XLU,7525
2014-12-11,244381.75131824435,243.72097995699733,244138.03033828735,XLU,7525
2014-12-12,242064.11883380832,243.72097995699733,241820.39785385132,XLU,7525
2014-12-15,240009.81714275302,243.72097995699733,239766.09616279602,XLU,7525
2014-12-16,239799.21853092135,243.72097995699733,239555.49755096436,XLU,7525
2014-12-17,244065.73140170993,243.72097995699733,243822.01042175293,XLU,7525
2014-12-18,248858.99197605075,243.72097995699733,248615.27099609375,XLU,7525
2014-12-19,249268.07543781222,243.72097995699733,249024.35445785522,XLU,7525
2014-12-22,249905.798979072,243.72097995699733,249662.077999115,XLU,7525
2014-12-23,250543.52252033175,243.72097995699733,250299.80154037476,XLU,7525
2014-12-24,255166.93207767428,243.72097995699733,254923.21109771729,XLU,7525
2014-12-26,258249.13813617648,243.72097995699733,258005.41715621948,XLU,7525
2014-12-29,261224.9899580759,243.72097995699733,260981.2689781189,XLU,7525
2014-12-30,255804.62691333712,243.72097995699733,255560.90593338013,XLU,7525
2014-12-31,251181.2173559946,243.72097995699733,250937.4963760376,XLU,7525
2015-01-02,251595.25798889104,276.3801202386967,251318.87786865234,XLV,4368
2015-01-05,250313.55431457463,276.3801202386967,250037.17419433594,XLV,4368
2015-01-06,249471.4099664301,276.3801202386967,249195.0298461914,XLV,4368
2015-01-07,255330.42919250432,276.3801202386967,255054.04907226562,XLV,4368
2015-01-08,259688.14836975042,276.3801202386967,259411.76824951172,XLV,4368
2015-01-09,257381.0617608637,276.3801202386967,257104.681640625,XLV,4368
2015-01-12,257491.00158019963,276.3801202386967,257214.62145996094,XLV,4368
2015-01-13,256355.745476684,276.3801202386967,256079.3653564453,XLV,4368
2015-01-14,255952.97716613713,276.3801202386967,255676.59704589844,XLV,4368
2015-01-15,253206.53118225042,276.3801202386967,252930.15106201172,XLV,4368
2015-01-16,257967.06865783635,276.3801202386967,257690.68853759766,XLV,4368
2015-01-20,257967.06865783635,276.3801202386967,257690.68853759766,XLV,4368
2015-01-21,258479.77678771917,276.3801202386967,258203.39666748047,XLV,4368
2015-01-22,261555.72564025823,276.3801202386967,261279.34552001953,XLV,4368
2015-01-23,260054.2756280512,276.3801202386967,259777.8955078125,XLV,4368
2015-01-26,261409.2614068598,276.3801202386967,261132.8812866211,XLV,4368
2015-01-27,259541.66747375432,276.3801202386967,259265.28735351562,XLV,4368
2015-01-28,255806.546257934,276.3801202386967,255530.1661376953,XLV,4368
2015-01-29,257967.06865783635,276.3801202386967,257690.68853759766,XLV,4368
2015-01-30,253938.95232482854,276.3801202386967,253662.57220458984,XLV,4368
2015-02-02,254602.9146762232,267.65085176032153,254335.2638244629,VNQ,4520
2015-02-03,256812.75644258063,267.65085176032153,256545.1055908203,VNQ,4520
2015-02-04,255752.03653291267,267.65085176032153,255484.38568115234,VNQ,4520
2015-02-05,258816.24078706306,267.65085176032153,258548.58993530273,VNQ,4520
2015-02-06,251302.92016938727,267.65085176032153,251035.26931762695,VNQ,4520
2015-02-09,249535.10538056892,267.65085176032153,249267.4545288086,VNQ,4520
2015-02-10,250330.5677218775,267.65085176032153,250062.9168701172,VNQ,4520
2015-02-11,249594.02276948493,267.65085176032153,249326.3719177246,VNQ,4520
2015-02-12,252569.8078341822,267.65085176032153,252302.15698242188,VNQ,4520
2015-02-13,250890.41223481696,267.65085176032153,250622.76138305664,VNQ,4520
2015-02-17,250271.66757539313,267.65085176032153,250004.0167236328,VNQ,4520
2015-02-18,252599.3441195826,267.65085176032153,252331.69326782227,VNQ,4520
2015-02-19,247177.9097934107,267.65085176032153,246910.2589416504,VNQ,4520
2015-02-20,249564.6416659693,267.65085176032153,249296.99081420898,VNQ,4520
2015-02-23,251568.00531343024,267.65085176032153,251300.35446166992,VNQ,4520
2015-02-24,246618.11700776618,267.65085176032153,246350.46615600586,VNQ,4520
2015-02-25,246676.99991181892,267.65085176032153,246409.3490600586,VNQ,4520
2015-02-26,243995.85351899665,267.65085176032153,243728.20266723633,VNQ,4520
2015-02-27,245911.00488618415,267.65085176032153,245643.35403442383,VNQ,4520
2015-03-02,247325.2291293482,267.65085176032153,247057.5782775879,VNQ,4520
2015-03-03,246853.8555331568,267.65085176032153,246586.20468139648,VNQ,4520
2015-03-04,244496.69443086188,267.65085176032153,244229.04357910156,VNQ,4520
2015-03-05,245203.78931001227,267.65085176032153,244936.13845825195,VNQ,4520
2015-03-06,237071.68954804938,267.65085176032153,236804.03869628906,VNQ,4520
2015-03-09,238957.44256928962,267.65085176032153,238689.7917175293,VNQ,4520
2015-03-10,238780.63867524665,267.65085176032153,238512.98782348633,VNQ,4520
2015-03-11,238986.87540010017,267.65085176032153,238719.22454833984,VNQ,4520
2015-03-12,243141.3703341822,267.65085176032153,242873.71948242188,VNQ,4520
2015-03-13,242994.0509982447,267.65085176032153,242726.40014648438,VNQ,4520
2015-03-16,245498.46246675056,267.65085176032153,245230.81161499023,VNQ,4520
2015-03-17,245410.09500459235,267.65085176032153,245142.44415283203,VNQ,4520
2015-03-18,250536.8734164576,267.65085176032153,250269.22256469727,VNQ,4520
2015-03-19,250419.07312348884,267.65085176032153,250151.42227172852,VNQ,4520
2015-03-20,256694.85269502204,267.65085176032153,256427.20184326172,VNQ,4520
2015-03-23,256370.72946504157,267.65085176032153,256103.07861328125,VNQ,4520
2015-03-24,254190.4067416529,267.65085176032153,253922.75588989258,VNQ,4520
2015-03-25,249809.50143769782,267.65085176032153,249541.8505859375,VNQ,4520
2015-03-26,248505.40460542243,267.65085176032153,248237.7537536621,VNQ,4520
2015-03-27,248831.49347260993,267.65085176032153,248563.8426208496,VNQ,4520
2015-03-30,252388.24502900642,267.65085176032153,252120.5941772461,VNQ,4520
2015-03-31,250165.21280244392,267.65085176032153,249897.5619506836,VNQ,4520
2015-04-01,249061.98943285315,262.50345568030025,248799.48597717285,XLY,3727
2015-04-02,251283.93793444007,262.50345568030025,251021.43447875977,XLY,3727
2015-04-06,252478.05540422766,262.50345568030025,252215.55194854736,XLY,3727
2015-04-07,251085.0652690348,262.50345568030025,250822.5618133545,XLY,3727
2015-04-08,253439.7756343302,262.50345568030025,253177.2721786499,XLY,3727
2015-04-09,253671.9169612345,262.50345568030025,253409.4135055542,XLY,3727
2015-04-10,254534.22929338782,262.50345568030025,254271.72583770752,XLY,3727
2015-04-13,253141.26759294837,262.50345568030025,252878.76413726807,XLY,3727
2015-04-14,253008.59103350012,262.50345568030025,252746.08757781982,XLY,3727
2015-04-15,253008.59103350012,262.50345568030025,252746.08757781982,XLY,3727
2015-04-16,253506.14234880774,262.50345568030025,253243.63889312744,XLY,3727
2015-04-17,249758.4987178263,262.50345568030025,249495.995262146,XLY,3727
2015-04-20,252511.06815294593,262.50345568030025,252248.56469726562,XLY,3727
2015-04-21,252776.44970659583,262.50345568030025,252513.94625091553,XLY,3727
2015-04-22,253008.59103350012,262.50345568030025,252746.08757781982,XLY,3727
2015-04-23,254268.76243547766,262.50345568030025,254006.25897979736,XLY,3727
2015-04-24,257717.89802507727,262.50345568030025,257455.39456939697,XLY,3727
2015-04-27,255462.7661662516,262.50345568030025,255200.2627105713,XLY,3727
2015-04-28,254567.29891161292,262.50345568030025,254304.79545593262,XLY,3727
2015-04-29,252842.75955156653,262.50345568030025,252580.25609588623,XLY,3727
2015-04-30,250023.82340196936,262.50345568030025,249761.31994628906,XLY,3727
2015-05-01,252714.43849424878,301.34668592968956,252413.0918083191,XLV,4131
2015-05-04,254311.91061644116,301.34668592968956,254010.56393051147,XLV,4131
2015-05-05,251116.85606245557,301.34668592968956,250815.50937652588,XLV,4131
2015-05-06,250144.382380052,301.34668592968956,249843.0356941223,XLV,4131
2015-05-07,251325.2781739668,301.34668592968956,251023.9314880371,XLV,4131
2015-05-08,255388.4535279707,301.34668592968956,255087.10684204102,XLV,4131
2015-05-11,255527.4121079878,301.34668592968956,255226.0654220581,XLV,4131
2015-05-12,253895.20822004834,301.34668592968956,253593.86153411865,XLV,4131
2015-05-13,254172.95203642407,301.34668592968956,253871.60535049438,XLV,4131
2015-05-14,257680.5767236189,301.34668592968956,257379.2300376892,XLV,4131
2015-05-15,258201.52169279614,301.34668592968956,257900.17500686646,XLV,4131
2015-05-18,259729.51452497998,301.34668592968956,259428.1678390503,XLV,4131
2015-05-19,260945.17360167066,301.34668592968956,260643.82691574097,XLV,4131
2015-05-20,261292.42822508374,301.34668592968956,260991.08153915405,XLV,4131
2015-05-21,261327.23878340283,301.34668592968956,261025.89209747314,XLV,4131
2015-05-22,260702.08275846997,301.34668592968956,260400.73607254028,XLV,4131
2015-05-26,258062.67342237988,301.34668592968956,257761.3267364502,XLV,4131
2015-05-27,261049.41617445508,301.34668592968956,260748.0694885254,XLV,4131
2015-05-28,261223.04348616162,301.34668592968956,260921.69680023193,XLV,4131
2015-05-29,260563.2344880537,301.34668592968956,260261.88780212402,XLV,4131
2015-06-01,261605.0613923506,301.34668592968956,261303.7147064209,XLV,4131
2015-06-02,259903.29942183057,301.34668592968956,259601.95273590088,XLV,4131
2015-06-03,260389.48110823194,301.34668592968956,260088.13442230225,XLV,4131
2015-06-04,258583.64990858594,301.34668592968956,258282.30322265625,XLV,4131
2015-06-05,258479.40733580152,301.34668592968956,258178.06064987183,XLV,4131
2015-06-08,257194.41079573194,301.34668592968956,256893.06410980225,XLV,4131
2015-06-09,257124.9787812666,301.34668592968956,256823.6320953369,XLV,4131
2015-06-10,260285.38036207715,301.34668592968956,259984.03367614746,XLV,4131
2015-06-11,262056.5585885481,301.34668592968956,261755.2119026184,XLV,4131
2015-06-12,258826.72499327222,301.34668592968956,258525.37830734253,XLV,4131
2015-06-15,259139.26360945264,301.34668592968956,258837.91692352295,XLV,4131
2015-06-16,260424.32318357984,301.34668592968956,260122.97649765015,XLV,4131
2015-06-17,260667.3825097517,301.34668592968956,260366.03582382202,XLV,4131
2015-06-18,264348.7605767683,301.34668592968956,264047.4138908386,XLV,4131
2015-06-19,264143.064688249,301.34668592968956,263841.71800231934,XLV,4131
2015-06-22,266199.17261366406,301.34668592968956,265897.8259277344,XLV,4131
2015-06-23,266721.75646833936,301.34668592968956,266420.40978240967,XLV,4131
2015-06-24,264038.4596696333,301.34668592968956,263737.1129837036,XLV,4131
2015-06-25,265502.26807264844,301.34668592968956,265200.92138671875,XLV,4131
2015-06-26,265118.8319001631,301.34668592968956,264817.4852142334,XLV,4131
2015-06-29,258636.80337767163,301.34668592968956,258335.45669174194,XLV,4131
2015-06-30,259542.99674849072,301.34668592968956,259241.65006256104,XLV,4131
2015-07-01,262330.9931168989,301.34668592968956,262029.64643096924,XLV,4131
2015-07-02,261111.23682646314,301.34668592968956,260809.89014053345,XLV,4131
2015-07-06,261006.6002908186,301.34668592968956,260705.25360488892,XLV,4131
2015-07-07,262261.2774491743,301.34668592968956,261959.93076324463,XLV,4131
2015-07-08,257765.78301100293,301.34668592968956,257464.43632507324,XLV,4131
2015-07-09,259159.6866441206,301.34668592968956,258858.33995819092,XLV,4131
2015-07-10,262644.57179503003,301.34668592968956,262343.22510910034,XLV,4131
2015-07-13,264874.85858015576,301.34668592968956,264573.5118942261,XLV,4131
2015-07-14,267523.42361311475,301.34668592968956,267222.07692718506,XLV,4131
2015-07-15,267871.90740065137,301.34668592968956,267570.5607147217,XLV,4131
2015-07-16,269126.47424940625,301.34668592968956,268825.12756347656,XLV,4131
2015-07-17,268534.0801759199,301.34668592968956,268232.73348999023,XLV,4131
2015-07-20,269405.3054032759,301.34668592968956,269103.9587173462,XLV,4131
2015-07-21,268220.5172563032,301.34668592968956,267919.17057037354,XLV,4131
2015-07-22,268812.7537446455,301.34668592968956,268511.4070587158,XLV,4131
2015-07-23,267836.98653273145,301.34668592968956,267535.63984680176,XLV,4131
2015-07-24,261145.9370751814,301.34668592968956,260844.5903892517,XLV,4131
2015-07-27,260902.0267892317,301.34668592968956,260600.680103302,XLV,4131
2015-07-28,265606.7155061201,301.34668592968956,265305.36882019043,XLV,4131
2015-07-29,266059.77279524365,301.34668592968956,265758.42610931396,XLV,4131
2015-07-30,265676.46269087354,301.34668592968956,265375.11600494385,XLV,4131
2015-07-31,267209.82917646924,301.34668592968956,266908.48249053955,XLV,4131
2015-08-03,267000.6506562666,301.34668592968956,266699.3039703369,XLV,4131
2015-08-04,266861.3138719038,301.34668592968956,266559.9671859741,XLV,4131
2015-08-05,269091.58489851514,301.34668592968956,268790.23821258545,XLV,4131
2015-08-06,263236.95011000196,301.34668592968956,262935.60342407227,XLV,4131
2015-08-07,262783.95585493604,301.34668592968956,262482.60916900635,XLV,4131
2015-08-10,264909.71641401807,301.34668592968956,264608.3697280884,XLV,4131
2015-08-11,262679.46114592114,301.34668592968956,262378.11445999146,XLV,4131
2015-08-12,262853.67152266065,301.34668592968956,262552.32483673096,XLV,4131
2015-08-13,262261.2774491743,301.34668592968956,261959.93076324463,XLV,4131
2015-08-14,262993.11861662427,301.34668592968956,262691.7719306946,XLV,4131
2015-08-17,265641.5103059248,301.34668592968956,265340.1636199951,XLV,4131
2015-08-18,265258.2002015547,301.34668592968956,264956.853515625,XLV,4131
2015-08-19,264177.8437295393,301.34668592968956,263876.4970436096,XLV,4131
2015-08-20,258044.45657972852,301.34668592968956,257743.10989379883,XLV,4131
2015-08-21,250168.5716996626,301.34668592968956,249867.2250137329,XLV,4131
2015-08-24,239539.54828505078,301.34668592968956,239238.2015991211,XLV,4131
2015-08-25,237134.98808912793,301.34668592968956,236833.64140319824,XLV,4131
2015-08-26,247136.79111341992,301.34668592968956,246835.44442749023,XLV,4131
2015-08-27,251945.87998823682,301.34668592968956,251644.53330230713,XLV,4131
2015-08-28,250517.11852125684,301.34668592968956,250215.77183532715,XLV,4131
2015-08-31,245951.84538130322,301.34668592968956,245650.49869537354,XLV,4131
2015-09-01,239504.7850022749,301.34668592968956,239203.43831634521,XLV,4131
2015-09-02,244418.57344679395,301.34668592968956,244117.22676086426,XLV,4131
2015-09-03,242676.09147505322,301.34668592968956,242374.74478912354,XLV,4131
2015-09-04,239644.21633772412,301.34668592968956,239342.86965179443,XLV,4131
2015-09-08,246335.13972715894,301.34668592968956,246033.79304122925,XLV,4131
2015-09-09,242536.660139604,301.34668592968956,242235.31345367432,XLV,4131
2015-09-10,244871.48890928784,301.34668592968956,244570.14222335815,XLV,4131
2015-09-11,246439.79202131787,301.34668592968956,246138.44533538818,XLV,4131
2015-09-14,245673.17181257764,301.34668592968956,245371.82512664795,XLV,4131
2015-09-15,249192.86752180615,301.34668592968956,248891.52083587646,XLV,4131
2015-09-16,249889.8823724226,301.34668592968956,249588.53568649292,XLV,4131
2015-09-17,252155.07426695386,301.34668592968956,251853.72758102417,XLV,4131
2015-09-18,248311.24167494336,301.34668592968956,248009.89498901367,XLV,4131
2015-09-21,245023.5428147749,301.34668592968956,244722.19612884521,XLV,4131
2015-09-22,243519.56595854321,301.34668592968956,243218.21927261353,XLV,4131
2015-09-23,243274.75743727246,301.34668592968956,242973.41075134277,XLV,4131
2015-09-24,240791.53073744336,301.34668592968956,240490.18405151367,XLV,4131
2015-09-25,234216.24332670728,301.34668592968956,233914.8966407776,XLV,4131
2015-09-28,225157.58738951245,301.34668592968956,224856.24070358276,XLV,4131
2015-09-29,227221.11757521192,301.34668592968956,226919.77088928223,XLV,4131
2015-09-30,231942.82548765698,301.34668592968956,231641.4788017273,XLV,4131
2015-10-01,233935.1551596121,233935.1551596121,0.0,TLT,0
2015-10-02,233935.1551596121,233935.1551596121,0.0,TLT,0
2015-10-05,233935.1551596121,233935.1551596121,0.0,TLT,0
2015-10-06,233935.1551596121,233935.1551596121,0.0,TLT,0
2015-10-07,233935.1551596121,233935.1551596121,0.0,TLT,0
2015-10-08,233935.1551596121,233935.1551596121,0.0,TLT,0
2015-10-09,233935.1551596121,233935.1551596121,0.0,TLT,0
2015-10-12,233935.1551596121,233935.1551596121,0.0,TLT,0
2015-10-13,233935.1551596121,233935.1551596121,0.0,TLT,0
2015-10-14,233935.1551596121,233935.1551596121,0.0,TLT,0
2015-10-15,233935.1551596121,233935.1551596121,0.0,TLT,0
2015-10-16,233935.1551596121,233935.1551596121,0.0,TLT,0
2015-10-19,233935.1551596121,233935.1551596121,0.0,TLT,0
2015-10-20,233935.1551596121,233935.1551596121,0.0,TLT,0
2015-10-21,233935.1551596121,233935.1551596121,0.0,TLT,0
2015-10-22,233935.1551596121,233935.1551596121,0.0,TLT,0
2015-10-23,233935.1551596121,233935.1551596121,0.0,TLT,0
2015-10-26,233935.1551596121,233935.1551596121,0.0,TLT,0
2015-10-27,233935.1551596121,233935.1551596121,0.0,TLT,0
2015-10-28,233935.1551596121,233935.1551596121,0.0,TLT,0
2015-10-29,233935.1551596121,233935.1551596121,0.0,TLT,0
2015-10-30,233935.1551596121,233935.1551596121,0.0,TLT,0
2015-11-02,233935.1551596121,233935.1551596121,0.0,IEF,0
2015-11-03,233935.1551596121,233935.1551596121,0.0,IEF,0
2015-11-04,233935.1551596121,233935.1551596121,0.0,IEF,0
2015-11-05,233935.1551596121,233935.1551596121,0.0,IEF,0
2015-11-06,233935.1551596121,233935.1551596121,0.0,IEF,0
2015-11-09,233935.1551596121,233935.1551596121,0.0,IEF,0
2015-11-10,233935.1551596121,233935.1551596121,0.0,IEF,0
2015-11-11,233935.1551596121,233935.1551596121,0.0,IEF,0
2015-11-12,233935.1551596121,233935.1551596121,0.0,IEF,0
2015-11-13,233935.1551596121,233935.1551596121,0.0,IEF,0
2015-11-16,233935.1551596121,233935.1551596121,0.0,IEF,0
2015-11-17,233935.1551596121,233935.1551596121,0.0,IEF,0
2015-11-18,233935.1551596121,233935.1551596121,0.0,IEF,0
2015-11-19,233935.1551596121,233935.1551596121,0.0,IEF,0
2015-11-20,233935.1551596121,233935.1551596121,0.0,IEF,0
2015-11-23,233935.1551596121,233935.1551596121,0.0,IEF,0
2015-11-24,233935.1551596121,233935.1551596121,0.0,IEF,0
2015-11-25,233935.1551596121,233935.1551596121,0.0,IEF,0
2015-11-27,233935.1551596121,233935.1551596121,0.0,IEF,0
2015-11-30,233935.1551596121,233935.1551596121,0.0,IEF,0
2015-12-01,233585.14037513486,241.95072364559746,233343.18965148926,XLY,3191
2015-12-02,231555.05067634335,241.95072364559746,231313.09995269775,XLY,3191
2015-12-03,228066.6959857916,241.95072364559746,227824.745262146,XLY,3191
2015-12-04,232469.8533496832,241.95072364559746,232227.9026260376,XLY,3191
2015-12-07,231497.81464576474,241.95072364559746,231255.86392211914,XLY,3191
2015-12-08,230811.639604566,241.95072364559746,230569.6888809204,XLY,3191
2015-12-09,227866.57681464902,241.95072364559746,227624.62609100342,XLY,3191
2015-12-10,228638.4963474249,241.95072364559746,228396.5456237793,XLY,3191
2015-12-11,223434.74057197323,241.95072364559746,223192.78984832764,XLY,3191
2015-12-14,224578.46302222958,241.95072364559746,224336.51229858398,XLY,3191
2015-12-15,225807.88127326718,241.95072364559746,225565.93054962158,XLY,3191
2015-12-16,229582.1726627325,241.95072364559746,229340.2219390869,XLY,3191
2015-12-17,225807.88127326718,241.95072364559746,225565.93054962158,XLY,3191
2015-12-18,222262.21751594296,241.95072364559746,222020.26679229736,XLY,3191
2015-12-21,223381.81367683163,241.95072364559746,223139.86295318604,XLY,3191
2015-12-22,225018.38436317196,241.95072364559746,224776.43363952637,XLY,3191
2015-12-23,226166.78112983456,241.95072364559746,225924.83040618896,XLY,3191
2015-12-24,225563.8430042242,241.95072364559746,225321.8922805786,XLY,3191
2015-12-28,226138.10225105038,241.95072364559746,225896.15152740479,XLY,3191
2015-12-29,228750.7286319708,241.95072364559746,228508.7779083252,XLY,3191
2015-12-30,226913.28406715146,241.95072364559746,226671.33334350586,XLY,3191
2015-12-31,224645.1450672125,241.95072364559746,224403.1943435669,XLY,3191
2016-01-04,220797.84182929745,241.95072364559746,220555.89110565186,XLY,3191
2016-01-05,220510.80958747616,241.95072364559746,220268.85886383057,XLY,3191
2016-01-06,218357.50782966366,241.95072364559746,218115.55710601807,XLY,3191
2016-01-07,213878.66062354794,241.95072364559746,213636.70989990234,XLY,3191
2016-01-08,211581.745363233,241.95072364559746,211339.7946395874,XLY,3191
2016-01-11,213247.0436191534,241.95072364559746,213005.0928955078,XLY,3191
2016-01-12,215601.17056464902,241.95072364559746,215359.21984100342,XLY,3191
2016-01-13,208337.40459632626,241.95072364559746,208095.45387268066,XLY,3191
2016-01-14,209830.41047096005,241.95072364559746,209588.45974731445,XLY,3191
2016-01-15,205523.6852283453,241.95072364559746,205281.7345046997,XLY,3191
2016-01-19,206298.98877143612,241.95072364559746,206057.03804779053,XLY,3191
2016-01-20,204490.15004920712,241.95072364559746,204248.19932556152,XLY,3191
2016-01-21,207102.87381171933,241.95072364559746,206860.92308807373,XLY,3191
2016-01-22,210720.4295291876,241.95072364559746,210478.478805542,XLY,3191
2016-01-25,208308.67702674618,241.95072364559746,208066.7263031006,XLY,3191
2016-01-26,211352.02218818417,241.95072364559746,211110.07146453857,XLY,3191
2016-01-27,208050.34800910702,241.95072364559746,207808.39728546143,XLY,3191
2016-01-28,210720.4295291876,241.95072364559746,210478.478805542,XLY,3191
2016-01-29,213017.19871711484,241.95072364559746,212775.24799346924,XLY,3191
2016-02-01,214309.28202247372,241.95072364559746,214067.33129882812,XLY,3191
2016-02-02,210146.21897315732,241.95072364559746,209904.26824951172,XLY,3191
2016-02-03,209600.71164130917,241.95072364559746,209358.76091766357,XLY,3191
2016-02-04,208394.88408088437,241.95072364559746,208152.93335723877,XLY,3191
2016-02-05,201676.57675361386,241.95072364559746,201434.62602996826,XLY,3191
2016-02-08,197771.86706733456,241.95072364559746,197529.91634368896,XLY,3191
2016-02-09,197456.03421973935,241.95072364559746,197214.08349609375,XLY,3191
2016-02-10,197111.52249335995,241.95072364559746,196869.57176971436,XLY,3191
2016-02-11,196996.7339420294,241.95072364559746,196754.7832183838,XLY,3191
2016-02-12,200614.22879600278,241.95072364559746,200372.27807235718,XLY,3191
2016-02-16,205466.3518161749,241.95072364559746,205224.4010925293,XLY,3191
2016-02-17,209887.74388313046,241.95072364559746,209645.79315948486,XLY,3191
2016-02-18,208509.64828681698,241.95072364559746,208267.6975631714,XLY,3191
2016-02-19,209083.8344974493,241.95072364559746,208841.8837738037,XLY,3191
2016-02-22,213132.1333408331,241.95072364559746,212890.1826171875,XLY,3191
2016-02-23,211954.96031379452,241.95072364559746,211713.00959014893,XLY,3191
2016-02-24,213189.58847999325,241.95072364559746,212947.63775634766,XLY,3191
2016-02-25,215314.18701362362,241.95072364559746,215072.23628997803,XLY,3191
2016-02-26,215084.48818397275,241.95072364559746,214842.53746032715,XLY,3191
2016-02-29,213964.67291450253,241.95072364559746,213722.72219085693,XLY,3191
2016-03-01,219620.74183845273,241.95072364559746,219378.79111480713,XLY,3191
2016-03-02,219419.77057838193,241.95072364559746,219177.81985473633,XLY,3191
2016-03-03,220711.75650214902,241.95072364559746,220469.80577850342,XLY,3191
2016-03-04,220510.80958747616,241.95072364559746,220268.85886383057,XLY,3191
2016-03-07,219563.33539008847,241.95072364559746,219321.38466644287,XLY,3191
2016-03-08,217840.6793765997,241.95072364559746,217598.7286529541,XLY,3191
2016-03-09,218271.34946632138,241.95072364559746,218029.39874267578,XLY,3191
2016-03-10,218816.83245277157,241.95072364559746,218574.88172912598,XLY,3191
2016-03-11,222176.03480720273,241.95072364559746,221934.08408355713,XLY,3191
2016-03-14,223008.647417066,241.95072364559746,222766.6966934204,XLY,3191
2016-03-15,222951.24096870175,241.95072364559746,222709.29024505615,XLY,3191
2016-03-16,224760.0553455328,241.95072364559746,224518.1046218872,XLY,3191
2016-03-17,225075.79081153622,241.95072364559746,224833.84008789062,XLY,3191
2016-03-18,225366.96177100888,241.95072364559746,225125.01104736328,XLY,3191
2016-03-21,225482.28592109433,241.95072364559746,225240.33519744873,XLY,3191
2016-03-22,225107.51286506405,241.95072364559746,224865.56214141846,XLY,3191
2016-03-23,223521.8727512335,241.95072364559746,223279.9220275879,XLY,3191
2016-03-24,223810.17095374814,241.95072364559746,223568.22023010254,XLY,3191
2016-03-28,224819.2146625494,241.95072364559746,224577.2639389038,XLY,3191
2016-03-29,227096.65360450497,241.95072364559746,226854.70288085938,XLY,3191
2016-03-30,228538.12027168027,241.95072364559746,228296.16954803467,XLY,3191
2016-03-31,228278.6957111334,241.95072364559746,228036.7449874878,XLY,3191
2016-04-01,229230.0895175909,241.95072364559746,228988.1387939453,XLY,3191
2016-04-04,227442.65040015927,241.95072364559746,227200.69967651367,XLY,3191
2016-04-05,225511.1595630621,241.95072364559746,225269.2088394165,XLY,3191
2016-04-06,227644.40071296445,241.95072364559746,227402.44998931885,XLY,3191
2016-04-07,225078.59053230038,241.95072364559746,224836.63980865479,XLY,3191
2016-04-08,224732.69111823788,241.95072364559746,224490.74039459229,XLY,3191
2016-04-11,223896.64580726376,241.95072364559746,223654.69508361816,XLY,3191
2016-04-12,225597.61007117978,241.95072364559746,225355.65934753418,XLY,3191
2016-04-13,228768.74422645321,241.95072364559746,228526.79350280762,XLY,3191
2016-04-14,228768.74422645321,241.95072364559746,228526.79350280762,XLY,3191
2016-04-15,229403.0635700201,241.95072364559746,229161.1128463745,XLY,3191
2016-04-18,231565.12967109433,241.95072364559746,231323.17894744873,XLY,3191
2016-04-19,230296.73443794003,241.95072364559746,230054.78371429443,XLY,3191
2016-04-20,230584.95960426083,241.95072364559746,230343.00888061523,XLY,3191
2016-04-21,229777.71489906064,241.95072364559746,229535.76417541504,XLY,3191
2016-04-22,229316.4913349127,241.95072364559746,229074.5406112671,XLY,3191
2016-04-25,229575.9889316534,241.95072364559746,229334.0382080078,XLY,3191
2016-04-26,230123.68734931698,241.95072364559746,229881.7366256714,XLY,3191
2016-04-27,229893.18512153378,241.95072364559746,229651.23439788818,XLY,3191
2016-04-28,227413.80110358945,241.95072364559746,227171.85037994385,XLY,3191
2016-04-29,228566.94522285214,241.95072364559746,228324.99449920654,XLY,3191
2016-05-02,231073.4816531271,235.6215457052167,230837.86010742188,XLP,5625
2016-05-03,230637.09697524013,235.6215457052167,230401.4754295349,XLP,5625
2016-05-04,231335.30816832485,235.6215457052167,231099.68662261963,XLP,5625
2016-05-05,231378.91015807094,235.6215457052167,231143.28861236572,XLP,5625
2016-05-06,232557.15093413295,235.6215457052167,232321.52938842773,XLP,5625
2016-05-09,233822.59568968715,235.6215457052167,233586.97414398193,XLP,5625
2016-05-10,236135.30359068813,235.6215457052167,235899.6820449829,XLP,5625
2016-05-11,234258.93745222987,235.6215457052167,234023.31590652466,XLP,5625
2016-05-12,235524.4036654562,235.6215457052167,235288.78211975098,XLP,5625
2016-05-13,232557.15093413295,235.6215457052167,232321.52938842773,XLP,5625
2016-05-16,234040.77729979457,235.6215457052167,233805.15575408936,XLP,5625
2016-05-17,229458.9420298666,235.6215457052167,229223.32048416138,XLP,5625
2016-05-18,226797.07488814296,235.6215457052167,226561.45334243774,XLP,5625
2016-05-19,229022.5358943075,235.6215457052167,228786.9143486023,XLP,5625
2016-05-20,227844.38094893398,235.6215457052167,227608.75940322876,XLP,5625
2016-05-23,228062.60547438564,235.6215457052167,227826.98392868042,XLP,5625
2016-05-24,229982.5950602621,235.6215457052167,229746.97351455688,XLP,5625
2016-05-25,230331.64701262416,235.6215457052167,230096.02546691895,XLP,5625
2016-05-26,231248.08273116054,235.6215457052167,231012.46118545532,XLP,5625
2016-05-27,231509.86633101405,235.6215457052167,231274.24478530884,XLP,5625
2016-05-31,230026.17559233608,235.6215457052167,229790.55404663086,XLP,5625
2016-06-01,231687.20346896304,255.59003131045029,231431.6134376526,XLE,5113
2016-06-02,231375.79386965884,255.59003131045029,231120.2038383484,XLE,5113
2016-06-03,230476.20514742984,255.59003131045029,230220.61511611938,XLE,5113
2016-06-06,235562.1718451227,255.59003131045029,235306.58181381226,XLE,5113
2016-06-07,240890.44353167666,255.59003131045029,240634.8535003662,XLE,5113
2016-06-08,240336.8654753412,255.59003131045029,240081.27544403076,XLE,5113
2016-06-09,238503.10646884097,255.59003131045029,238247.51643753052,XLE,5113
2016-06-10,233347.91813342227,255.59003131045029,233092.32810211182,XLE,5113
2016-06-13,232655.87729708804,255.59003131045029,232400.2872657776,XLE,5113
2016-06-14,232517.51203982485,255.59003131045029,232261.9220085144,XLE,5113
2016-06-15,231963.97299258364,255.59003131045029,231708.3829612732,XLE,5113
2016-06-16,230856.73886172427,255.59003131045029,230601.14883041382,XLE,5113
2016-06-17,233211.07423083438,255.59003131045029,232955.48419952393,XLE,5113
2016-06-20,235230.9846350397,255.59003131045029,234975.39460372925,XLE,5113
2016-06-21,238017.09216372622,255.59003131045029,237761.50213241577,XLE,5113
2016-06-22,236693.6891371454,255.59003131045029,236438.09910583496,XLE,5113
2016-06-23,240594.28648821963,255.59003131045029,240338.69645690918,XLE,5113
2016-06-24,232827.96591632022,255.59003131045029,232572.37588500977,XLE,5113
2016-06-27,225375.06391207827,255.59003131045029,225119.47388076782,XLE,5113
2016-06-28,231643.8643652643,255.59003131045029,231388.27433395386,XLE,5113
2016-06-29,236031.99737612857,255.59003131045029,235776.40734481812,XLE,5113
2016-06-30,237912.66481845034,255.59003131045029,237657.0747871399,XLE,5113
2016-07-01,239166.4171072687,255.59003131045029,238910.82707595825,XLE,5113
2016-07-05,234360.36016528262,255.59003131045029,234104.77013397217,XLE,5113
2016-07-06,235370.2861105646,255.59003131045029,235114.69607925415,XLE,5113
2016-07-07,232967.32590548648,255.59003131045029,232711.73587417603,XLE,5113
2016-07-08,236066.8910109247,255.59003131045029,235811.30097961426,XLE,5113
2016-07-11,236519.59154955996,255.59003131045029,236264.0015182495,XLE,5113
2016-07-12,242370.4095579828,255.59003131045029,242114.81952667236,XLE,5113
2016-07-13,240280.86792056216,255.59003131045029,240025.2778892517,XLE,5113
2016-07-14,241499.80459277285,255.59003131045029,241244.2145614624,XLE,5113
2016-07-15,241360.52262179507,255.59003131045029,241104.93259048462,XLE,5113
2016-07-18,241534.62020938052,255.59003131045029,241279.03017807007,XLE,5113
2016-07-19,240176.32354800357,255.59003131045029,239920.73351669312,XLE,5113
2016-07-20,239828.10886828555,255.59003131045029,239572.5188369751,XLE,5113
2016-07-21,237459.92527072085,255.59003131045029,237204.3352394104,XLE,5113
2016-07-22,238191.2092558588,255.59003131045029,237935.61922454834,XLE,5113
2016-07-25,233454.82255618228,255.59003131045029,233199.23252487183,XLE,5113
2016-07-26,234813.0997130121,255.59003131045029,234557.50968170166,XLE,5113
2016-07-27,232514.4888350214,255.59003131045029,232258.89880371094,XLE,5113
2016-07-28,232549.28494708193,255.59003131045029,232293.69491577148,XLE,5113
2016-07-29,234917.5465628351,255.59003131045029,234661.95653152466,XLE,5113
2016-08-01,226506.2798214964,275.1908932737424,226231.08892822266,VNQ,3528
2016-08-02,222892.36234102765,275.1908932737424,222617.1714477539,VNQ,3528
2016-08-03,221598.257207971,275.1908932737424,221323.06631469727,VNQ,3528
2016-08-04,220694.76437960187,275.1908932737424,220419.57348632812,VNQ,3528
2016-08-05,220841.3247433714,275.1908932737424,220566.13385009766,VNQ,3528
2016-08-08,221232.04471407452,275.1908932737424,220956.85382080078,VNQ,3528
2016-08-09,222428.44293795148,275.1908932737424,222153.25204467773,VNQ,3528
2016-08-10,222184.25641451398,275.1908932737424,221909.06552124023,VNQ,3528
2016-08-11,219669.2590390257,275.1908932737424,219394.06814575195,VNQ,3528
2016-08-12,220597.17859468976,275.1908932737424,220321.98770141602,VNQ,3528
2016-08-15,220377.43225679913,275.1908932737424,220102.2413635254,VNQ,3528
2016-08-16,217740.30124483624,275.1908932737424,217465.1103515625,VNQ,3528
2016-08-17,218619.3000546507,275.1908932737424,218344.10916137695,VNQ,3528
2016-08-18,217813.54105196515,275.1908932737424,217538.3501586914,VNQ,3528
2016-08-19,216421.74246798077,275.1908932737424,216146.55157470703,VNQ,3528
2016-08-22,217593.78125582257,275.1908932737424,217318.59036254883,VNQ,3528
2016-08-23,217715.968725305,275.1908932737424,217440.77783203125,VNQ,3528
2016-08-24,216763.622442346,275.1908932737424,216488.43154907227,VNQ,3528
2016-08-25,217740.30124483624,275.1908932737424,217465.1103515625,VNQ,3528
2016-08-26,215591.5298214964,275.1908932737424,215316.33892822266,VNQ,3528
2016-08-29,217715.968725305,275.1908932737424,217440.77783203125,VNQ,3528
2016-08-30,217300.76819429913,275.1908932737424,217025.5773010254,VNQ,3528
2016-08-31,217520.4741574339,275.1908932737424,217245.28326416016,VNQ,3528
2016-09-01,216334.10510032024,253.58196799602592,216080.52313232422,XLK,5072
2016-09-02,217296.73333518353,253.58196799602592,217043.1513671875,XLK,5072
2016-09-06,218396.8688332304,253.58196799602592,218143.28686523438,XLK,5072
2016-09-07,218946.93658225384,253.58196799602592,218693.3546142578,XLK,5072
2016-09-08,217159.22607199993,253.58196799602592,216905.6441040039,XLK,5072
2016-09-09,211841.98834006634,253.58196799602592,211588.4063720703,XLK,5072
2016-09-12,215371.53490989056,253.58196799602592,215117.95294189453,XLK,5072
2016-09-13,213813.08056418743,253.58196799602592,213559.4985961914,XLK,5072
2016-09-14,214821.50585715618,253.58196799602592,214567.92388916016,XLK,5072
2016-09-15,218351.03307883587,253.58196799602592,218097.45111083984,XLK,5072
2016-09-16,217550.11663596478,253.58196799602592,217296.53466796875,XLK,5072
2016-09-19,217135.89220969524,253.58196799602592,216882.31024169922,XLK,5072
2016-09-20,216997.78515403118,253.58196799602592,216744.20318603516,XLK,5072
2016-09-21,219437.23791282024,253.58196799602592,219183.65594482422,XLK,5072
2016-09-22,220772.06640403118,253.58196799602592,220518.48443603516,XLK,5072
2016-09-23,218838.8771950468,253.58196799602592,218585.29522705078,XLK,5072
2016-09-26,217550.11663596478,253.58196799602592,217296.53466796875,XLK,5072
2016-09-27,219943.540158914,253.58196799602592,219689.95819091797,XLK,5072
2016-09-28,220357.84197776165,253.58196799602592,220104.26000976562,XLK,5072
2016-09-29,219023.03283469524,253.58196799602592,218769.45086669922,XLK,5072
2016-09-30,220173.72503440228,253.58196799602592,219920.14306640625,XLK,5072
2016-10-03,219529.31573264446,253.58196799602592,219275.73376464844,XLK,5072
2016-10-04,218746.85741965618,253.58196799602592,218493.27545166016,XLK,5072
2016-10-05,219529.31573264446,253.58196799602592,219275.73376464844,XLK,5072
2016-10-06,220035.65667502728,253.58196799602592,219782.07470703125,XLK,5072
2016-10-07,219437.23791282024,253.58196799602592,219183.65594482422,XLK,5072
2016-10-10,220956.16399924603,253.58196799602592,220702.58203125,XLK,5072
2016-10-11,218470.75939719524,253.58196799602592,218217.17742919922,XLK,5072
2016-10-12,218838.8771950468,253.58196799602592,218585.29522705078,XLK,5072
2016-10-13,217458.1355568632,253.58196799602592,217204.5535888672,XLK,5072
2016-10-14,218286.56506125774,253.58196799602592,218032.98309326172,XLK,5072
2016-10-17,217826.31139914837,253.58196799602592,217572.72943115234,XLK,5072
2016-10-18,219023.03283469524,253.58196799602592,218769.45086669922,XLK,5072
2016-10-19,219437.23791282024,253.58196799602592,219183.65594482422,XLK,5072
2016-10-20,218424.65276877728,253.58196799602592,218171.07080078125,XLK,5072
2016-10-21,219023.03283469524,253.58196799602592,218769.45086669922,XLK,5072
2016-10-24,221140.35833518353,253.58196799602592,220886.7763671875,XLK,5072
2016-10-25,220357.84197776165,253.58196799602592,220104.26000976562,XLK,5072
2016-10-26,219115.0719582304,253.58196799602592,218861.48999023438,XLK,5072
2016-10-27,218838.8771950468,253.58196799602592,218585.29522705078,XLK,5072
2016-10-28,218608.75036399212,253.58196799602592,218355.1683959961,XLK,5072
2016-10-31,218516.71124045696,253.58196799602592,218263.12927246094,XLK,5072
2016-11-01,216629.62865989056,253.58196799602592,216376.04669189453,XLK,5072
2016-11-02,215248.77093283978,253.58196799602592,214995.18896484375,XLK,5072
2016-11-03,213177.47466819134,253.58196799602592,212923.8927001953,XLK,5072
2016-11-04,212809.29882590618,253.58196799602592,212555.71685791016,XLK,5072
2016-11-07,217412.02892844524,253.58196799602592,217158.44696044922,XLK,5072
2016-11-08,218470.75939719524,253.58196799602592,218217.17742919922,XLK,5072
2016-11-09,218194.5259377226,253.58196799602592,217940.94396972656,XLK,5072
2016-11-10,214696.42010276165,253.58196799602592,214442.83813476562,XLK,5072
2016-11-11,215340.848752664,253.58196799602592,215087.26678466797,XLK,5072
2016-11-14,212072.81170432415,253.58196799602592,211819.22973632812,XLK,5072
2016-11-15,215064.69268576946,253.58196799602592,214811.11071777344,XLK,5072
2016-11-16,217043.81438987103,253.58196799602592,216790.232421875,XLK,5072
2016-11-17,218424.65276877728,253.58196799602592,218171.07080078125,XLK,5072
2016-11-18,218240.57452170696,253.58196799602592,217986.99255371094,XLK,5072
2016-11-21,220449.91979758587,253.58196799602592,220196.33782958984,XLK,5072
2016-11-22,221140.35833518353,253.58196799602592,220886.7763671875,XLK,5072
2016-11-23,220265.7448097929,253.58196799602592,220012.16284179688,XLK,5072
2016-11-25,221186.3488747343,253.58196799602592,220932.76690673828,XLK,5072
2016-11-28,221370.38842551556,253.58196799602592,221116.80645751953,XLK,5072
2016-11-29,221508.5535256132,253.58196799602592,221254.9715576172,XLK,5072
2016-11-30,218885.02251975384,253.58196799602592,218631.4405517578,XLK,5072
2016-12-01,213732.76642471354,233.594543991494,213499.17188072205,XLF,11031
2016-12-02,211402.02246910136,233.594543991494,211168.42792510986,XLF,11031
2016-12-05,213919.3277745823,233.594543991494,213685.73323059082,XLF,11031
2016-12-06,215783.86823516886,233.594543991494,215550.27369117737,XLF,11031
2016-12-07,219140.20517593424,233.594543991494,218906.61063194275,XLF,11031
2016-12-08,221191.3490663151,233.594543991494,220957.7545223236,XLF,11031
2016-12-09,221657.48944145243,233.594543991494,221423.89489746094,XLF,11031
2016-12-12,219513.07539611857,233.594543991494,219279.48085212708,XLF,11031
2016-12-13,220072.50696617167,233.594543991494,219838.91242218018,XLF,11031
2016-12-14,219046.99814086955,233.594543991494,218813.40359687805,XLF,11031
2016-12-15,220911.62276130717,233.594543991494,220678.02821731567,XLF,11031
2016-12-16,219010.47276550333,233.594543991494,218776.87822151184,XLF,11031
2016-12-19,219104.0374799351,233.594543991494,218870.4429359436,XLF,11031
2016-12-20,221820.06523376505,233.594543991494,221586.47068977356,XLF,11031
2016-12-21,221258.1299081425,233.594543991494,221024.535364151,XLF,11031
2016-12-22,220696.17354255717,233.594543991494,220462.57899856567,XLF,11031
2016-12-23,221070.79007965128,233.594543991494,220837.1955356598,XLF,11031
2016-12-27,221351.7998223881,233.594543991494,221118.2052783966,XLF,11031
2016-12-28,219104.0374799351,233.594543991494,218870.4429359436,XLF,11031
2016-12-29,217511.9855771641,233.594543991494,217278.3910331726,XLF,11031
2016-12-30,217980.20890861552,233.594543991494,217746.61436462402,XLF,11031
2017-01-03,220415.2689996342,233.594543991494,220181.6744556427,XLF,11031
2017-01-04,222194.7238507847,233.594543991494,221961.1293067932,XLF,11031
2017-01-05,219946.94046836894,233.594543991494,219713.34592437744,XLF,11031
2017-01-06,220696.17354255717,233.594543991494,220462.57899856567,XLF,11031
2017-01-09,219197.7073941807,233.594543991494,218964.1128501892,XLF,11031
2017-01-10,219665.99384552042,233.594543991494,219432.39930152893,XLF,11031
2017-01-11,221070.79007965128,233.594543991494,220837.1955356598,XLF,11031
2017-01-12,219197.7073941807,233.594543991494,218964.1128501892,XLF,11031
2017-01-13,220415.2689996342,233.594543991494,220181.6744556427,XLF,11031
2017-01-17,215170.59540039103,233.594543991494,214937.00085639954,XLF,11031
2017-01-18,216950.008171616,233.594543991494,216716.4136276245,XLF,11031
2017-01-19,216013.49838882487,233.594543991494,215779.90384483337,XLF,11031
2017-01-20,217043.65704589884,233.594543991494,216810.06250190735,XLF,11031
2017-01-23,215638.90289169352,233.594543991494,215405.30834770203,XLF,11031
2017-01-24,218354.80440574687,233.594543991494,218121.20986175537,XLF,11031
2017-01-25,222007.3840222935,233.594543991494,221773.789478302,XLF,11031
2017-01-26,222569.23518806498,233.594543991494,222335.6406440735,XLF,11031
2017-01-27,221726.37427955668,233.594543991494,221492.7797355652,XLF,11031
2017-01-30,219946.94046836894,233.594543991494,219713.34592437744,XLF,11031
2017-01-31,218542.1231942753,233.594543991494,218308.5286502838,XLF,11031
2017-02-01,218168.4714968819,275.0329974312044,217893.43849945068,VNQ,3763
2017-02-02,220765.59664565508,275.0329974312044,220490.56364822388,VNQ,3763
2017-02-03,221970.50194198076,275.0329974312044,221695.46894454956,VNQ,3763
2017-02-06,221595.64315444414,275.0329974312044,221320.61015701294,VNQ,3763
2017-02-07,220819.21147185747,275.0329974312044,220544.17847442627,VNQ,3763
2017-02-08,222559.590359034,275.0329974312044,222284.55736160278,VNQ,3763
2017-02-09,223094.97782164995,275.0329974312044,222819.94482421875,VNQ,3763
2017-02-10,224674.7849696297,275.0329974312044,224399.7519721985,VNQ,3763
2017-02-13,224755.0851939339,275.0329974312044,224480.0521965027,VNQ,3763
2017-02-14,223577.00884276812,275.0329974312044,223301.9758453369,VNQ,3763
2017-02-15,222827.26255828326,275.0329974312044,222552.22956085205,VNQ,3763
2017-02-16,224139.25395995562,275.0329974312044,223864.2209625244,VNQ,3763
2017-02-17,224567.59838134234,275.0329974312044,224292.56538391113,VNQ,3763
2017-02-21,227432.46750289385,275.0329974312044,227157.43450546265,VNQ,3763
2017-02-22,226682.85041076128,275.0329974312044,226407.81741333008,VNQ,3763
2017-02-23,227860.94111663286,275.0329974312044,227585.90811920166,VNQ,3763
2017-02-24,228931.9744265694,275.0329974312044,228656.94142913818,VNQ,3763
2017-02-27,230136.7792399544,275.0329974312044,229861.7462425232,VNQ,3763
2017-02-28,228557.10128432696,275.0329974312044,228282.06828689575,VNQ,3763
2017-03-01,227179.20408361856,273.75685995523236,226905.44722366333,XLK,4689
2017-03-02,225683.35827749674,273.75685995523236,225409.6014175415,XLK,4689
2017-03-03,226196.23553961221,273.75685995523236,225922.47867965698,XLK,4689
2017-03-06,225854.26966589395,273.75685995523236,225580.51280593872,XLK,4689
2017-03-07,225854.26966589395,273.75685995523236,225580.51280593872,XLK,4689
2017-03-08,226110.7530147404,273.75685995523236,225836.99615478516,XLK,4689
2017-03-09,226068.00280874674,273.75685995523236,225794.2459487915,XLK,4689
2017-03-10,227264.6866084904,273.75685995523236,226990.92974853516,XLK,4689
2017-03-13,227478.4018642277,273.75685995523236,227204.64500427246,XLK,4689
2017-03-14,226965.59615057413,273.75685995523236,226691.8392906189,XLK,4689
2017-03-15,228504.15638845865,273.75685995523236,228230.39952850342,XLK,4689
2017-03-16,228632.35334509317,273.75685995523236,228358.59648513794,XLK,4689
2017-03-17,229125.7873126835,273.75685995523236,228852.03045272827,XLK,4689
2017-03-20,229340.28960150186,273.75685995523236,229066.53274154663,XLK,4689
2017-03-21,225993.7712795109,273.75685995523236,225720.01441955566,XLK,4689
2017-03-22,227409.60801809732,273.75685995523236,227135.8511581421,XLK,4689
2017-03-23,226808.9229060978,273.75685995523236,226535.16604614258,XLK,4689
2017-03-24,226980.58555334512,273.75685995523236,226706.8286933899,XLK,4689
2017-03-27,226980.58555334512,273.75685995523236,226706.8286933899,XLK,4689
2017-03-28,228610.97824209635,273.75685995523236,228337.2213821411,XLK,4689
2017-03-29,228997.12529104654,273.75685995523236,228723.3684310913,XLK,4689
2017-03-30,229426.12986868326,273.75685995523236,229152.37300872803,XLK,4689
2017-03-31,228997.12529104654,273.75685995523236,228723.3684310913,XLK,4689
2017-04-03,228098.03887609905,241.30131201213226,227856.7375640869,XLU,5818
2017-04-04,228808.73222021526,241.30131201213226,228567.43090820312,XLU,5818
2017-04-05,230096.73351721233,241.30131201213226,229855.4322052002,XLU,5818
2017-04-06,229519.3589826054,241.30131201213226,229278.05767059326,XLU,5818
2017-04-07,228542.16118292278,241.30131201213226,228300.85987091064,XLU,5818
2017-04-10,228941.98444799846,241.30131201213226,228700.68313598633,XLU,5818
2017-04-11,228853.16442541545,241.30131201213226,228611.86311340332,XLU,5818
2017-04-12,230540.9889874882,241.30131201213226,230299.68767547607,XLU,5818
2017-04-13,229785.90782598918,241.30131201213226,229544.60651397705,XLU,5818
2017-04-17,230807.47124914592,241.30131201213226,230566.1699371338,XLU,5818
2017-04-18,231340.39138464397,241.30131201213226,231099.09007263184,XLU,5818
2017-04-19,229741.38684515422,241.30131201213226,229500.0855331421,XLU,5818
2017-04-20,228853.16442541545,241.30131201213226,228611.86311340332,XLU,5818
2017-04-21,230007.86910681194,241.30131201213226,229766.5677947998,XLU,5818
2017-04-24,231207.18354467815,241.30131201213226,230965.88223266602,XLU,5818
2017-04-25,230896.29127172893,241.30131201213226,230654.9899597168,XLU,5818
2017-04-26,230185.6201215214,241.30131201213226,229944.31880950928,XLU,5818
2017-04-27,230985.11129431194,241.30131201213226,230743.8099822998,XLU,5818
2017-04-28,229874.66126684612,241.30131201213226,229633.35995483398,XLU,5818
2017-05-01,227814.13043072168,279.09844829980284,227535.03198242188,VNQ,3812
2017-05-02,227431.62750103418,279.09844829980284,227152.52905273438,VNQ,3812
2017-05-03,224398.85507061426,279.09844829980284,224119.75662231445,VNQ,3812
2017-05-04,223306.0373368496,279.09844829980284,223026.9388885498,VNQ,3812
2017-05-05,225409.81799175683,279.09844829980284,225130.71954345703,VNQ,3812
2017-05-08,223825.14430096094,279.09844829980284,223546.04585266113,VNQ,3812
2017-05-09,222623.0026231045,279.09844829980284,222343.9041748047,VNQ,3812
2017-05-10,224371.57498028222,279.09844829980284,224092.47653198242,VNQ,3812
2017-05-11,223251.3899064297,279.09844829980284,222972.29145812988,VNQ,3812
2017-05-12,222349.79455425683,279.09844829980284,222070.69610595703,VNQ,3812
2017-05-15,223005.52009441797,279.09844829980284,222726.42164611816,VNQ,3812
2017-05-16,221502.788466,279.09844829980284,221223.6900177002,VNQ,3812
2017-05-17,222404.45652630273,279.09844829980284,222125.35807800293,VNQ,3812
2017-05-18,223633.90737774316,279.09844829980284,223354.80892944336,VNQ,3812
2017-05-19,224836.0490555996,279.09844829980284,224556.9506072998,VNQ,3812
2017-05-22,225710.34977581445,279.09844829980284,225431.25132751465,VNQ,3812
2017-05-23,225901.58669903222,279.09844829980284,225622.48825073242,VNQ,3812
2017-05-24,227732.1011185879,279.09844829980284,227453.0026702881,VNQ,3812
2017-05-25,227759.48300030176,279.09844829980284,227480.38455200195,VNQ,3812
2017-05-26,226120.23458721582,279.09844829980284,225841.13613891602,VNQ,3812
2017-05-30,224699.44502117578,279.09844829980284,224420.34657287598,VNQ,3812
2017-05-31,224836.0490555996,279.09844829980284,224556.9506072998,VNQ,3812
2017-06-01,225334.67151501315,240.39830258028815,225094.27321243286,XLK,4341
2017-06-02,227400.13396694796,240.39830258028815,227159.73566436768,XLK,4341
2017-06-05,227598.78293850558,240.39830258028815,227358.3846359253,XLK,4341
2017-06-06,227161.89098980563,240.39830258028815,226921.49268722534,XLK,4341
2017-06-07,227876.83519604342,240.39830258028815,227636.43689346313,XLK,4341
2017-06-08,228393.14699032443,240.39830258028815,228152.74868774414,XLK,4341
2017-06-09,222752.91382839816,240.39830258028815,222512.51552581787,XLK,4341
2017-06-12,221442.07238629,240.39830258028815,221201.67408370972,XLK,4341
2017-06-13,223030.94952633517,240.39830258028815,222790.55122375488,XLK,4341
2017-06-14,221958.483538176,240.39830258028815,221718.0852355957,XLK,4341
2017-06-15,220965.5036340012,240.39830258028815,220725.1053314209,XLK,4341
2017-06-16,220578.6879182114,240.39830258028815,220338.2896156311,XLK,4341
2017-06-19,223848.82821133273,240.39830258028815,223608.42990875244,XLK,4341
2017-06-20,222054.24770977633,240.39830258028815,221813.84940719604,XLK,4341
2017-06-21,223290.53782894748,240.39830258028815,223050.1395263672,XLK,4341
2017-06-22,223370.28886654513,240.39830258028815,223129.89056396484,XLK,4341
2017-06-23,224766.0810609116,240.39830258028815,224525.6827583313,XLK,4341
2017-06-26,223569.69957974093,240.39830258028815,223329.30127716064,XLK,4341
2017-06-27,219900.737860228,240.39830258028815,219660.3395576477,XLK,4341
2017-06-28,222652.39705135959,240.39830258028815,222411.9987487793,XLK,4341
2017-06-29,218664.38150265353,240.39830258028815,218423.98320007324,XLK,4341
2017-06-30,218465.0039086594,240.39830258028815,218224.6056060791,XLK,4341
2017-07-03,216300.38091682474,250.83308815042255,216049.54782867432,XLV,3127
2017-07-05,217579.59951423685,250.83308815042255,217328.76642608643,XLV,3127
2017-07-06,214776.19744514505,250.83308815042255,214525.36435699463,XLV,3127
2017-07-07,215864.8931085972,250.83308815042255,215614.06002044678,XLV,3127
2017-07-10,215456.65012764017,250.83308815042255,215205.81703948975,XLV,3127
2017-07-11,215211.6852533726,250.83308815042255,214960.85216522217,XLV,3127
2017-07-12,216681.37907051126,250.83308815042255,216430.54598236084,XLV,3127
2017-07-13,216871.87814735452,250.83308815042255,216621.0450592041,XLV,3127
2017-07-14,218341.66739296,250.83308815042255,218090.83430480957,XLV,3127
2017-07-17,217552.25925849954,250.83308815042255,217301.42617034912,XLV,3127
2017-07-18,217715.6566507725,250.83308815042255,217464.82356262207,XLV,3127
2017-07-19,219484.75728248636,250.83308815042255,219233.92419433594,XLV,3127
2017-07-20,220927.32555793802,250.83308815042255,220676.4924697876,XLV,3127
2017-07-21,220682.38454078714,250.83308815042255,220431.55145263672,XLV,3127
2017-07-24,220600.67391609232,250.83308815042255,220349.8408279419,XLV,3127
2017-07-25,219022.048504105,250.83308815042255,218771.2154159546,XLV,3127
2017-07-26,218287.17773841898,250.83308815042255,218036.34465026855,XLV,3127
2017-07-27,216790.2629511265,250.83308815042255,216539.42986297607,XLV,3127
2017-07-28,217879.00632881204,250.83308815042255,217628.17324066162,XLV,3127
2017-07-31,217688.45953773538,250.83308815042255,217437.62644958496,XLV,3127
2017-08-01,216548.56885890427,220.74047069015796,216327.8283882141,XLF,10009
2017-08-02,216891.01698283615,220.74047069015796,216670.276512146,XLF,10009
2017-08-03,216120.51824931565,220.74047069015796,215899.7777786255,XLF,10009
2017-08-04,217575.83686809006,220.74047069015796,217355.0963973999,XLF,10009
2017-08-07,217233.44601611557,220.74047069015796,217012.70554542542,XLF,10009
2017-08-08,216634.171344561,220.74047069015796,216413.43087387085,XLF,10009
2017-08-09,216634.171344561,220.74047069015796,216413.43087387085,XLF,10009
2017-08-10,212781.81131152573,220.74047069015796,212561.07084083557,XLF,10009
2017-08-11,211925.78645495835,220.74047069015796,211705.0459842682,XLF,10009
2017-08-14,214836.42369250717,220.74047069015796,214615.68322181702,XLF,10009
2017-08-15,215007.64775447312,220.74047069015796,214786.90728378296,XLF,10009
2017-08-16,214579.5971448845,220.74047069015796,214358.85667419434,XLF,10009
2017-08-17,210898.51844577256,220.74047069015796,210677.7779750824,XLF,10009
2017-08-18,210984.19729403916,220.74047069015796,210763.456823349,XLF,10009
2017-08-21,210384.90353183213,220.74047069015796,210164.16306114197,XLF,10009
2017-08-22,212696.17064456406,220.74047069015796,212475.4301738739,XLF,10009
2017-08-23,212011.38894061508,220.74047069015796,211790.64846992493,XLF,10009
2017-08-24,212011.38894061508,220.74047069015796,211790.64846992493,XLF,10009
2017-08-25,212610.62543086472,220.74047069015796,212389.88496017456,XLF,10009
2017-08-28,211240.9283883995,220.74047069015796,211020.18791770935,XLF,10009
2017-08-29,210556.08941249314,220.74047069015796,210335.34894180298,XLF,10009
2017-08-30,211412.15245036545,220.74047069015796,211191.4119796753,XLF,10009
2017-08-31,211669.01717929306,220.74047069015796,211448.2767086029,XLF,10009
2017-09-01,211633.04564951075,221.25350473535946,211411.7921447754,XLK,3915
2017-09-05,209762.7633619131,221.25350473535946,209541.50985717773,XLK,3915
2017-09-06,209942.62002466334,221.25350473535946,209721.36651992798,XLK,3915
2017-09-07,210661.97200296534,221.25350473535946,210440.71849822998,XLK,3915
2017-09-08,208935.55413721217,221.25350473535946,208714.3006324768,XLK,3915
2017-09-11,211884.79718683375,221.25350473535946,211663.5436820984,XLK,3915
2017-09-12,212388.31519601954,221.25350473535946,212167.06169128418,XLK,3915
2017-09-13,212100.63115594996,221.25350473535946,211879.3776512146,XLK,3915
2017-09-14,211381.24930856837,221.25350473535946,211159.995803833,XLK,3915
2017-09-15,212243.95793436182,221.25350473535946,212022.70442962646,XLK,3915
2017-09-18,212424.42691324366,221.25350473535946,212203.1734085083,XLK,3915
2017-09-19,213362.89845941676,221.25350473535946,213141.6449546814,XLK,3915
2017-09-20,212496.6204786123,221.25350473535946,212275.36697387695,XLK,3915
2017-09-21,211341.56823633326,221.25350473535946,211120.3147315979,XLK,3915
2017-09-22,211449.82871530665,221.25350473535946,211228.5752105713,XLK,3915
2017-09-25,208959.3149900259,221.25350473535946,208738.06148529053,XLK,3915
2017-09-26,209717.30262277735,221.25350473535946,209496.049118042,XLK,3915
2017-09-27,211846.90825937403,221.25350473535946,211625.65475463867,XLK,3915
2017-09-28,212099.57080362452,221.25350473535946,211878.31729888916,XLK,3915
2017-09-29,213543.3525037588,221.25350473535946,213322.09899902344,XLK,3915
2017-10-02,213228.24722356166,214.3929373678111,213013.85428619385,XLU,5169
2017-10-03,212627.04021519984,214.3929373678111,212412.64727783203,XLU,5169
2017-10-04,214751.55474156703,214.3929373678111,214537.16180419922,XLU,5169
2017-10-05,214551.17869633998,214.3929373678111,214336.78575897217,XLU,5169
2017-10-06,214390.81081837977,214.3929373678111,214176.41788101196,XLU,5169
2017-10-09,214671.42009801234,214.3929373678111,214457.02716064453,XLU,5169
2017-10-10,216755.90673894252,214.3929373678111,216541.5138015747,XLU,5169
2017-10-11,217677.84950322474,214.3929373678111,217463.45656585693,XLU,5169
2017-10-12,218800.14859456386,214.3929373678111,218585.75565719604,XLU,5169
2017-10-13,217276.93966740932,214.3929373678111,217062.5467300415,XLU,5169
2017-10-16,216795.87546986903,214.3929373678111,216581.48253250122,XLU,5169
2017-10-17,218078.66074818934,214.3929373678111,217864.26781082153,XLU,5169
2017-10-18,217677.84950322474,214.3929373678111,217463.45656585693,XLU,5169
2017-10-19,219962.65303487147,214.3929373678111,219748.26009750366,XLU,5169
2017-10-20,220123.02091283168,214.3929373678111,219908.62797546387,XLU,5169
2017-10-23,220243.30175084437,214.3929373678111,220028.90881347656,XLU,5169
2017-10-24,220443.73695058192,214.3929373678111,220229.3440132141,XLU,5169
2017-10-25,219481.60855550136,214.3929373678111,219267.21561813354,XLU,5169
2017-10-26,219521.6758772787,214.3929373678111,219307.2829399109,XLU,5169
2017-10-27,220884.63523549403,214.3929373678111,220670.24229812622,XLU,5169
2017-10-30,220924.78142995204,214.3929373678111,220710.38849258423,XLU,5169
2017-10-31,221165.20507878627,214.3929373678111,220950.81214141846,XLU,5169
2017-11-01,219264.47748565808,233.8519706739462,219030.62551498413,XLE,4511
2017-11-02,218626.62486648693,233.8519706739462,218392.772895813,XLE,4511
2017-11-03,219264.47748565808,233.8519706739462,219030.62551498413,XLE,4511
2017-11-06,224271.41490936413,233.8519706739462,224037.5629386902,XLE,4511
2017-11-07,223984.41822815075,233.8519706739462,223750.5662574768,XLE,4511
2017-11-08,222900.1014709486,233.8519706739462,222666.24950027466,XLE,4511
2017-11-09,223569.82349014416,233.8519706739462,223335.97151947021,XLE,4511
2017-11-10,222389.84690857067,233.8519706739462,222155.99493789673,XLE,4511
2017-11-13,221114.17608642712,233.8519706739462,220880.32411575317,XLE,4511
2017-11-14,217542.35973358288,233.8519706739462,217308.50776290894,XLE,4511
2017-11-15,215086.71232986584,233.8519706739462,214852.8603591919,XLE,4511
2017-11-16,214225.56741333142,233.8519706739462,213991.71544265747,XLE,4511
2017-11-17,215278.04918670788,233.8519706739462,215044.19721603394,XLE,4511
2017-11-20,214767.7774162306,233.8519706739462,214533.92544555664,XLE,4511
2017-11-21,215246.12816238537,233.8519706739462,215012.27619171143,XLE,4511
2017-11-22,216107.20424652233,233.8519706739462,215873.3522758484,XLE,4511
2017-11-24,216713.13584137097,233.8519706739462,216479.28387069702,XLE,4511
2017-11-27,214512.68455124035,233.8519706739462,214278.8325805664,XLE,4511
2017-11-28,216171.04629516735,233.8519706739462,215937.1943244934,XLE,4511
2017-11-29,217350.97125244275,233.8519706739462,217117.1192817688,XLE,4511
2017-11-30,220603.93873214856,233.8519706739462,220370.0867614746,XLE,4511
2017-12-01,221787.9897417368,277.0788912118878,221510.9108505249,XLK,3783
2017-12-04,218230.4019579233,277.0788912118878,217953.32306671143,XLK,3783
2017-12-05,218300.13254874363,277.0788912118878,218023.05365753174,XLK,3783
2017-12-06,219695.30717414035,277.0788912118878,219418.22828292847,XLK,3783
2017-12-07,221055.5299181284,277.0788912118878,220778.4510269165,XLK,3783
2017-12-08,222101.86398642673,277.0788912118878,221824.78509521484,XLK,3783
2017-12-11,224020.17678397312,277.0788912118878,223743.09789276123,XLK,3783
2017-12-12,223950.4173311533,277.0788912118878,223673.3384399414,XLK,3783
2017-12-13,224020.17678397312,277.0788912118878,223743.09789276123,XLK,3783
2017-12-14,223741.1822656931,277.0788912118878,223464.1033744812,XLK,3783
2017-12-15,226289.74011557712,277.0788912118878,226012.66122436523,XLK,3783
2017-12-18,228285.18660681858,277.0788912118878,228008.1077156067,XLK,3783
2017-12-19,226884.97556250705,277.0788912118878,226607.89667129517,XLK,3783
2017-12-20,226814.84090369358,277.0788912118878,226537.7620124817,XLK,3783
2017-12-21,226359.75932639255,277.0788912118878,226082.68043518066,XLK,3783
2017-12-22,226219.7209047617,277.0788912118878,225942.6420135498,XLK,3783
2017-12-26,224714.3944582285,277.0788912118878,224437.3155670166,XLK,3783
2017-12-27,224959.43283408298,277.0788912118878,224682.3539428711,XLK,3783
2017-12-28,225344.53849356784,277.0788912118878,225067.45960235596,XLK,3783
2017-12-29,224154.2263407053,277.0788912118878,223877.1474494934,XLK,3783
2018-01-02,226240.9903219656,259.0909079030971,225981.8994140625,XLY,2432
2018-01-03,227278.4942282156,259.0909079030971,227019.4033203125,XLY,2432
2018-01-04,228022.8155172781,259.0909079030971,227763.724609375,XLY,2432
2018-01-05,229827.2217672781,259.0909079030971,229568.130859375,XLY,2432
2018-01-08,230097.9346579031,259.0909079030971,229838.84375,XLY,2432
2018-01-09,230549.0547750906,259.0909079030971,230289.9638671875,XLY,2432
2018-01-10,230391.0987204031,259.0909079030971,230132.0078125,XLY,2432
2018-01-11,234135.3418844656,259.0909079030971,233876.2509765625,XLY,2432
2018-01-12,237157.7334860281,259.0909079030971,236898.642578125,XLY,2432
2018-01-16,235466.1026266531,259.0909079030971,235207.01171875,XLY,2432
2018-01-17,236593.8565329031,259.0909079030971,236334.765625,XLY,2432
2018-01-18,236390.8125875906,259.0909079030971,236131.7216796875,XLY,2432
2018-01-19,238443.4063375906,259.0909079030971,238184.3154296875,XLY,2432
2018-01-22,241082.3653219656,259.0909079030971,240823.2744140625,XLY,2432
2018-01-23,243112.2852438406,259.0909079030971,242853.1943359375,XLY,2432
2018-01-24,244149.8819235281,259.0909079030971,243890.791015625,XLY,2432
2018-01-25,243721.3985250906,259.0909079030971,243462.3076171875,XLY,2432
2018-01-26,246112.1700094656,259.0909079030971,245853.0791015625,XLY,2432
2018-01-29,245435.4991110281,259.0909079030971,245176.408203125,XLY,2432
2018-01-30,244217.5694235281,259.0909079030971,243958.478515625,XLY,2432
2018-01-31,243428.0674704031,259.0909079030971,243168.9765625,XLY,2432
2018-02-01,240001.13148995533,245.76171227588202,239755.36977767944,XLE,4455
2018-02-02,229982.22491570606,245.76171227588202,229736.46320343018,XLE,4455
2018-02-05,220343.82466622486,245.76171227588202,220098.06295394897,XLE,4455
2018-02-06,222087.6278812517,245.76171227588202,221841.86616897583,XLE,4455
2018-02-07,218378.10757943286,245.76171227588202,218132.34586715698,XLE,4455
2018-02-08,211783.4010440935,245.76171227588202,211537.63933181763,XLE,4455
2018-02-09,211624.9105579485,245.76171227588202,211379.1488456726,XLE,4455
2018-02-12,215080.7713062395,245.76171227588202,214835.00959396362,XLE,4455
2018-02-13,214193.08183022632,245.76171227588202,213947.32011795044,XLE,4455
2018-02-14,217300.18193551197,245.76171227588202,217054.42022323608,XLE,4455
2018-02-15,216761.18512459888,245.76171227588202,216515.423412323,XLE,4455
2018-02-16,216222.15432473316,245.76171227588202,215976.39261245728,XLE,4455
2018-02-20,215049.04261895313,245.76171227588202,214803.28090667725,XLE,4455
2018-02-21,211434.67439004077,245.76171227588202,211188.9126777649,XLE,4455
2018-02-22,213749.15211983814,245.76171227588202,213503.39040756226,XLE,4455
2018-02-23,218378.10757943286,245.76171227588202,218132.34586715698,XLE,4455
2018-02-26,219678.01507302417,245.76171227588202,219432.2533607483,XLE,4455
2018-02-27,216824.54053231372,245.76171227588202,216578.77882003784,XLE,4455
2018-02-28,211846.84142418994,245.76171227588202,211601.07971191406,XLE,4455
2018-03-01,210896.94039392224,268.2717843030987,210628.66860961914,XLY,2206
2018-03-02,211101.54810571423,268.2717843030987,210833.27632141113,XLY,2206
2018-03-05,213618.05297326794,268.2717843030987,213349.78118896484,XLY,2206
2018-03-06,215091.1039528822,268.2717843030987,214822.8321685791,XLY,2206
2018-03-07,213638.51879358044,268.2717843030987,213370.24700927734,XLY,2206
2018-03-08,214313.6888985609,268.2717843030987,214045.4171142578,XLY,2206
2018-03-09,217628.0746407484,268.2717843030987,217359.8028564453,XLY,2206
2018-03-12,218344.0922341322,268.2717843030987,218075.8204498291,XLY,2206
2018-03-13,216809.64379358044,268.2717843030987,216541.37200927734,XLY,2206
2018-03-14,216543.7059426283,268.2717843030987,216275.4341583252,XLY,2206
2018-03-15,216318.6829018568,268.2717843030987,216050.4111175537,XLY,2206
2018-03-16,216092.95298242322,268.2717843030987,215824.68119812012,XLY,2206
2018-03-19,213404.8953957533,268.2717843030987,213136.6236114502,XLY,2206
2018-03-20,214677.12551355115,268.2717843030987,214408.85372924805,XLY,2206
2018-03-21,214512.9613594984,268.2717843030987,214244.6895751953,XLY,2206
2018-03-22,209957.53231286755,268.2717843030987,209689.26052856445,XLY,2206
2018-03-23,205833.16460656872,268.2717843030987,205564.89282226562,XLY,2206
2018-03-26,211906.98584985486,268.2717843030987,211638.71406555176,XLY,2206
2018-03-27,207762.01767968884,268.2717843030987,207493.74589538574,XLY,2206
2018-03-28,205238.07375573865,268.2717843030987,204969.80197143555,XLY,2206
2018-03-29,208110.82863855115,268.2717843030987,207842.55685424805,XLY,2206
2018-04-02,201637.2085752882,258.33581833020435,201378.872756958,XLK,3397
2018-04-03,203623.90620712415,258.33581833020435,203365.57038879395,XLK,3397
2018-04-04,206461.96607879773,258.33581833020435,206203.63026046753,XLK,3397
2018-04-05,207313.4579039015,258.33581833020435,207055.1220855713,XLK,3397
2018-04-06,202236.3719702162,258.33581833020435,201978.036151886,XLK,3397
2018-04-09,203813.152529756,258.33581833020435,203554.81671142578,XLK,3397
2018-04-10,208827.06564621106,258.33581833020435,208568.72982788086,XLK,3397
2018-04-11,207597.1718855299,258.33581833020435,207338.8360671997,XLK,3397
2018-04-12,210088.46158508435,258.33581833020435,209830.12576675415,XLK,3397
2018-04-13,209394.76573852674,258.33581833020435,209136.42992019653,XLK,3397
2018-04-16,211002.970725099,258.33581833020435,210744.6349067688,XLK,3397
2018-04-17,214913.2450056471,258.33581833020435,214654.9091873169,XLK,3397
2018-04-18,214345.6356230177,258.33581833020435,214087.2998046875,XLK,3397
2018-04-19,211980.49718002454,258.33581833020435,211722.16136169434,XLK,3397
2018-04-20,209047.80118850843,258.33581833020435,208789.46537017822,XLK,3397
2018-04-23,208291.01027588025,258.33581833020435,208032.67445755005,XLK,3397
2018-04-24,204664.54068664685,258.33581833020435,204406.20486831665,XLK,3397
2018-04-25,204696.06878189222,258.33581833020435,204437.732963562,XLK,3397
2018-04-26,208417.1226568617,258.33581833020435,208158.7868385315,XLK,3397
2018-04-27,208038.73367981092,258.33581833020435,207780.3978614807,XLK,3397
2018-04-30,206682.7016210951,258.33581833020435,206424.3658027649,XLK,3397
2018-05-01,208642.43507966175,242.9091702379228,208399.52590942383,XLU,5140
2018-05-02,208439.69307526722,242.9091702379228,208196.7839050293,XLU,5140
2018-05-03,208155.87387665882,242.9091702379228,207912.9647064209,XLU,5140
2018-05-04,209088.44788178577,242.9091702379228,208845.53871154785,XLU,5140
2018-05-07,207993.69988068714,242.9091702379228,207750.79071044922,XLU,5140
2018-05-08,202804.0535794176,242.9091702379228,202561.1444091797,XLU,5140
2018-05-09,201384.93797883167,242.9091702379228,201142.02880859375,XLU,5140
2018-05-10,204223.05153473988,242.9091702379228,203980.14236450195,XLU,5140
2018-05-11,204506.87073334827,242.9091702379228,204263.96156311035,XLU,5140
2018-05-14,203736.54915436878,242.9091702379228,203493.63998413086,XLU,5140
2018-05-15,202033.67317780628,242.9091702379228,201790.76400756836,XLU,5140
2018-05-16,200452.46201142445,242.9091702379228,200209.55284118652,XLU,5140
2018-05-17,198830.62401398792,242.9091702379228,198587.71484375,XLU,5140
2018-05-18,198871.19202241077,242.9091702379228,198628.28285217285,XLU,5140
2018-05-21,199884.78439911976,242.9091702379228,199641.87522888184,XLU,5140
2018-05-22,200614.5771847643,242.9091702379228,200371.66801452637,XLU,5140
2018-05-23,202439.0983639635,242.9091702379228,202196.1891937256,XLU,5140
2018-05-24,204101.44554719105,242.9091702379228,203858.53637695312,XLU,5140
2018-05-25,204993.41232880726,242.9091702379228,204750.50315856934,XLU,5140
2018-05-29,204993.41232880726,242.9091702379228,204750.50315856934,XLU,5140
2018-05-30,206655.7595120348,242.9091702379228,206412.85034179688,XLU,5140
2018-05-31,206980.04868134632,242.9091702379228,206737.1395111084,XLU,5140
2018-06-01,203207.8114904131,213.18571221485035,202994.62577819824,XLE,3708
2018-06-04,201453.73104607716,213.18571221485035,201240.5453338623,XLE,3708
2018-06-05,200975.32232415333,213.18571221485035,200762.13661193848,XLE,3708
2018-06-06,201932.11147820606,213.18571221485035,201718.9257659912,XLE,3708
2018-06-07,204988.4843419756,213.18571221485035,204775.29862976074,XLE,3708
2018-06-08,204589.82455193653,213.18571221485035,204376.63883972168,XLE,3708
2018-06-11,205652.89846551075,213.18571221485035,205439.7127532959,XLE,3708
2018-06-12,204084.82342278614,213.18571221485035,203871.6377105713,XLE,3708
2018-06-13,203314.06796013966,213.18571221485035,203100.8822479248,XLE,3708
2018-06-14,203021.70707451954,213.18571221485035,202808.5213623047,XLE,3708
2018-06-15,198665.82833611622,213.18571221485035,198452.64262390137,XLE,3708
2018-06-18,200645.78864800587,213.18571221485035,200432.60293579102,XLE,3708
2018-06-19,200190.90289055958,213.18571221485035,199977.71717834473,XLE,3708
2018-06-20,201073.8981145586,213.18571221485035,200860.71240234375,XLE,3708
2018-06-21,197354.75193535938,213.18571221485035,197141.56622314453,XLE,3708
2018-06-22,201287.95284783497,213.18571221485035,201074.76713562012,XLE,3708
2018-06-25,197247.703351375,213.18571221485035,197034.51763916016,XLE,3708
2018-06-26,199736.07371270313,213.18571221485035,199522.88800048828,XLE,3708
2018-06-27,202411.72251641407,213.18571221485035,202198.53680419922,XLE,3708
2018-06-28,202144.08691155567,213.18571221485035,201930.90119934082,XLE,3708
2018-06-29,203401.70974480762,213.18571221485035,203188.52403259277,XLE,3708
2018-07-02,200404.92933404102,213.18571221485035,200191.74362182617,XLE,3708
2018-07-03,201662.55216729298,213.18571221485035,201449.36645507812,XLE,3708
2018-07-05,201448.48328911915,213.18571221485035,201235.2975769043,XLE,3708
2018-07-06,202679.31568658008,213.18571221485035,202466.12997436523,XLE,3708
2018-07-09,205702.78751885548,213.18571221485035,205489.60180664062,XLE,3708
2018-07-10,207227.90450799122,213.18571221485035,207014.71879577637,XLE,3708
2018-07-11,202839.77540337696,213.18571221485035,202626.5896911621,XLE,3708
2018-07-12,203187.6408666338,213.18571221485035,202974.45515441895,XLE,3708
2018-07-13,204257.94282281055,213.18571221485035,204044.7571105957,XLE,3708
2018-07-16,201903.3124669756,213.18571221485035,201690.12675476074,XLE,3708
2018-07-17,201100.64611565723,213.18571221485035,200887.46040344238,XLE,3708
2018-07-18,201234.44270074024,213.18571221485035,201021.2569885254,XLE,3708
2018-07-19,201287.95284783497,213.18571221485035,201074.76713562012,XLE,3708
2018-07-20,200592.2219213213,213.18571221485035,200379.03620910645,XLE,3708
2018-07-23,199709.28327691212,213.18571221485035,199496.09756469727,XLE,3708
2018-07-24,202224.3874944414,213.18571221485035,202011.20178222656,XLE,3708
2018-07-25,203910.02077996387,213.18571221485035,203696.83506774902,XLE,3708
2018-07-26,206130.84040581837,213.18571221485035,205917.65469360352,XLE,3708
2018-07-27,205247.94419610157,213.18571221485035,205034.75848388672,XLE,3708
2018-07-30,206933.53504693165,213.18571221485035,206720.3493347168,XLE,3708
2018-07-31,206558.96401726856,213.18571221485035,206345.7783050537,XLE,3708
2018-08-01,203086.61158505574,286.0052312959742,202800.60635375977,XLY,1964
2018-08-02,204478.68229428426,286.0052312959742,204192.67706298828,XLY,1964
2018-08-03,205174.72514096394,286.0052312959742,204888.71990966797,XLY,1964
2018-08-06,206548.410321628,286.0052312959742,206262.40509033203,XLY,1964
2018-08-07,207500.89158383504,286.0052312959742,207214.88635253906,XLY,1964
2018-08-08,207720.6937994112,286.0052312959742,207434.68856811523,XLY,1964
2018-08-09,208490.00904599324,286.0052312959742,208204.00381469727,XLY,1964
2018-08-10,206749.9468816866,286.0052312959742,206463.94165039062,XLY,1964
2018-08-13,205705.8676275362,286.0052312959742,205419.86239624023,XLY,1964
2018-08-14,207702.3981756319,286.0052312959742,207416.39294433594,XLY,1964
2018-08-15,205174.72514096394,286.0052312959742,204888.71990966797,XLY,1964
2018-08-16,206182.12324277058,286.0052312959742,205896.1180114746,XLY,1964
2018-08-17,206365.30424252644,286.0052312959742,206079.29901123047,XLY,1964
2018-08-20,207830.572431003,286.0052312959742,207544.56719970703,XLY,1964
2018-08-21,209479.05158749715,286.0052312959742,209193.04635620117,XLY,1964
2018-08-22,209698.92872372761,286.0052312959742,209412.92349243164,XLY,1964
2018-08-23,209497.40714779988,286.0052312959742,209211.4019165039,XLY,1964
2018-08-24,210724.6374334444,286.0052312959742,210438.63220214844,XLY,1964
2018-08-27,212080.04197446004,286.0052312959742,211794.03674316406,XLY,1964
2018-08-28,212501.32081357136,286.0052312959742,212215.3155822754,XLY,1964
2018-08-29,214882.4340643038,286.0052312959742,214596.4288330078,XLY,1964
2018-08-30,213655.24873105183,286.0052312959742,213369.24349975586,XLY,1964
2018-08-31,214497.8064092745,286.0052312959742,214211.80117797852,XLY,1964
2018-09-04,214257.85208363668,247.60916371480562,214010.24291992188,XLV,2632
2018-09-05,215118.06338734762,247.60916371480562,214870.4542236328,XLV,2632
2018-09-06,215118.06338734762,247.60916371480562,214870.4542236328,XLV,2632
2018-09-07,215443.60952992574,247.60916371480562,215196.00036621094,XLV,2632
2018-09-10,214885.61075062887,247.60916371480562,214638.00158691406,XLV,2632
2018-09-11,214699.58438344137,247.60916371480562,214451.97521972656,XLV,2632
2018-09-12,215769.13559193746,247.60916371480562,215521.52642822266,XLV,2632
2018-09-13,218443.08389516012,247.60916371480562,218195.4747314453,XLV,2632
2018-09-14,217722.29196400777,247.60916371480562,217474.68280029297,XLV,2632
2018-09-17,216931.76022572652,247.60916371480562,216684.15106201172,XLV,2632
2018-09-18,218187.37796254293,247.60916371480562,217939.76879882812,XLV,2632
2018-09-19,217885.00479359762,247.60916371480562,217637.3956298828,XLV,2632
2018-09-20,220001.01455922262,247.60916371480562,219753.4053955078,XLV,2632
2018-09-21,220297.38363881246,247.60916371480562,220049.77447509766,XLV,2632
2018-09-24,220741.04367299215,247.60916371480562,220493.43450927734,XLV,2632
2018-09-25,220063.98721547262,247.60916371480562,219816.3780517578,XLV,2632
2018-09-26,220554.194002582,247.60916371480562,220306.5848388672,XLV,2632
2018-09-27,221674.60928578512,247.60916371480562,221427.0001220703,XLV,2632
2018-09-28,222351.5050987734,247.60916371480562,222103.8959350586,XLV,2632
2018-10-01,223448.6871666445,247.60916371480562,223201.0780029297,XLV,2632
2018-10-02,223191.9571251406,247.60916371480562,222944.34796142578,XLV,2632
2018-10-03,222771.731111957,247.60916371480562,222524.1219482422,XLV,2632
2018-10-04,220600.86123891012,247.60916371480562,220353.2520751953,XLV,2632
2018-10-05,220344.15127797262,247.60916371480562,220096.5421142578,XLV,2632
2018-10-08,220250.73648305074,247.60916371480562,220003.12731933594,XLV,2632
2018-10-09,220624.2550987734,247.60916371480562,220376.6459350586,XLV,2632
2018-10-10,215418.85019154684,247.60916371480562,215171.24102783203,XLV,2632
2018-10-11,209606.6105675234,247.60916371480562,209359.0014038086,XLV,2632
2018-10-12,212827.8948692812,247.60916371480562,212580.2857055664,XLV,2632
2018-10-15,211357.25442738668,247.60916371480562,211109.64526367188,XLV,2632
2018-10-16,217146.22067494527,247.60916371480562,216898.61151123047,XLV,2632
2018-10-17,218290.02981801168,247.60916371480562,218042.42065429688,XLV,2632
2018-10-18,215815.68234486715,247.60916371480562,215568.07318115234,XLV,2632
2018-10-19,213854.89535756246,247.60916371480562,213607.28619384766,XLV,2632
2018-10-22,212104.23141713277,247.60916371480562,211856.62225341797,XLV,2632
2018-10-23,210960.46243519918,247.60916371480562,210712.85327148438,XLV,2632
2018-10-24,204004.39358754293,247.60916371480562,203756.78442382812,XLV,2632
2018-10-25,206642.0964684023,247.60916371480562,206394.4873046875,XLV,2632
2018-10-26,204307.81094594137,247.60916371480562,204060.20178222656,XLV,2632
2018-10-29,204821.39151234762,247.60916371480562,204573.7823486328,XLV,2632
2018-10-30,207015.55484242574,247.60916371480562,206767.94567871094,XLV,2632
2018-10-31,207295.65866322652,247.60916371480562,207048.04949951172,XLV,2632
2018-11-01,209595.55434822408,209595.55434822408,0.0,SHY,0
2018-11-02,209595.55434822408,209595.55434822408,0.0,SHY,0
2018-11-05,209595.55434822408,209595.55434822408,0.0,SHY,0
2018-11-06,209595.55434822408,209595.55434822408,0.0,SHY,0
2018-11-07,209595.55434822408,209595.55434822408,0.0,SHY,0
2018-11-08,209595.55434822408,209595.55434822408,0.0,SHY,0
2018-11-09,209595.55434822408,209595.55434822408,0.0,SHY,0
2018-11-12,209595.55434822408,209595.55434822408,0.0,SHY,0
2018-11-13,209595.55434822408,209595.55434822408,0.0,SHY,0
2018-11-14,209595.55434822408,209595.55434822408,0.0,SHY,0
2018-11-15,209595.55434822408,209595.55434822408,0.0,SHY,0
2018-11-16,209595.55434822408,209595.55434822408,0.0,SHY,0
2018-11-19,209595.55434822408,209595.55434822408,0.0,SHY,0
2018-11-20,209595.55434822408,209595.55434822408,0.0,SHY,0
2018-11-21,209595.55434822408,209595.55434822408,0.0,SHY,0
2018-11-23,209595.55434822408,209595.55434822408,0.0,SHY,0
2018-11-26,209595.55434822408,209595.55434822408,0.0,SHY,0
2018-11-27,209595.55434822408,209595.55434822408,0.0,SHY,0
2018-11-28,209595.55434822408,209595.55434822408,0.0,SHY,0
2018-11-29,209595.55434822408,209595.55434822408,0.0,SHY,0
2018-11-30,209595.55434822408,209595.55434822408,0.0,SHY,0
2018-12-03,209595.55434822408,209595.55434822408,0.0,TLT,0
2018-12-04,209595.55434822408,209595.55434822408,0.0,TLT,0
2018-12-06,209595.55434822408,209595.55434822408,0.0,TLT,0
2018-12-07,209595.55434822408,209595.55434822408,0.0,TLT,0
2018-12-10,209595.55434822408,209595.55434822408,0.0,TLT,0
2018-12-11,209595.55434822408,209595.55434822408,0.0,TLT,0
2018-12-12,209595.55434822408,209595.55434822408,0.0,TLT,0
2018-12-13,209595.55434822408,209595.55434822408,0.0,TLT,0
2018-12-14,209595.55434822408,209595.55434822408,0.0,TLT,0
2018-12-17,209595.55434822408,209595.55434822408,0.0,TLT,0
2018-12-18,209595.55434822408,209595.55434822408,0.0,TLT,0
2018-12-19,209595.55434822408,209595.55434822408,0.0,TLT,0
2018-12-20,209595.55434822408,209595.55434822408,0.0,TLT,0
2018-12-21,209595.55434822408,209595.55434822408,0.0,TLT,0
2018-12-24,209595.55434822408,209595.55434822408,0.0,TLT,0
2018-12-26,209595.55434822408,209595.55434822408,0.0,TLT,0
2018-12-27,209595.55434822408,209595.55434822408,0.0,TLT,0
2018-12-28,209595.55434822408,209595.55434822408,0.0,TLT,0
2018-12-31,209595.55434822408,209595.55434822408,0.0,TLT,0
2019-01-02,209595.55434822408,209595.55434822408,0.0,TLT,0
2019-01-03,209595.55434822408,209595.55434822408,0.0,TLT,0
2019-01-04,209595.55434822408,209595.55434822408,0.0,TLT,0
2019-01-07,209595.55434822408,209595.55434822408,0.0,TLT,0
2019-01-08,209595.55434822408,209595.55434822408,0.0,TLT,0
2019-01-09,209595.55434822408,209595.55434822408,0.0,TLT,0
2019-01-10,209595.55434822408,209595.55434822408,0.0,TLT,0
2019-01-11,209595.55434822408,209595.55434822408,0.0,TLT,0
2019-01-14,209595.55434822408,209595.55434822408,0.0,TLT,0
2019-01-15,209595.55434822408,209595.55434822408,0.0,TLT,0
2019-01-16,209595.55434822408,209595.55434822408,0.0,TLT,0
2019-01-17,209595.55434822408,209595.55434822408,0.0,TLT,0
2019-01-18,209595.55434822408,209595.55434822408,0.0,TLT,0
2019-01-22,209595.55434822408,209595.55434822408,0.0,TLT,0
2019-01-23,209595.55434822408,209595.55434822408,0.0,TLT,0
2019-01-24,209595.55434822408,209595.55434822408,0.0,TLT,0
2019-01-25,209595.55434822408,209595.55434822408,0.0,TLT,0
2019-01-28,209595.55434822408,209595.55434822408,0.0,TLT,0
2019-01-29,209595.55434822408,209595.55434822408,0.0,TLT,0
2019-01-30,209595.55434822408,209595.55434822408,0.0,TLT,0
2019-01-31,209595.55434822408,209595.55434822408,0.0,TLT,0
2019-02-01,209595.55434822408,209595.55434822408,0.0,GLD,0
2019-02-04,209595.55434822408,209595.55434822408,0.0,GLD,0
2019-02-05,209595.55434822408,209595.55434822408,0.0,GLD,0
2019-02-06,209595.55434822408,209595.55434822408,0.0,GLD,0
2019-02-07,209595.55434822408,209595.55434822408,0.0,GLD,0
2019-02-08,209595.55434822408,209595.55434822408,0.0,GLD,0
2019-02-11,209595.55434822408,209595.55434822408,0.0,GLD,0
2019-02-12,209595.55434822408,209595.55434822408,0.0,GLD,0
2019-02-13,209595.55434822408,209595.55434822408,0.0,GLD,0
2019-02-14,209595.55434822408,209595.55434822408,0.0,GLD,0
2019-02-15,209595.55434822408,209595.55434822408,0.0,GLD,0
2019-02-19,209595.55434822408,209595.55434822408,0.0,GLD,0
2019-02-20,209595.55434822408,209595.55434822408,0.0,GLD,0
2019-02-21,209595.55434822408,209595.55434822408,0.0,GLD,0
2019-02-22,209595.55434822408,209595.55434822408,0.0,GLD,0
2019-02-25,209595.55434822408,209595.55434822408,0.0,GLD,0
2019-02-26,209595.55434822408,209595.55434822408,0.0,GLD,0
2019-02-27,209595.55434822408,209595.55434822408,0.0,GLD,0
2019-02-28,209595.55434822408,209595.55434822408,0.0,GLD,0
2019-03-01,209281.97501245825,229.08450189916766,209052.89051055908,XLI,3065
2019-03-04,208351.70897547095,229.08450189916766,208122.62447357178,XLI,3065
2019-03-05,207011.07546869604,229.08450189916766,206781.99096679688,XLI,3065
2019-03-06,205068.58214441626,229.08450189916766,204839.4976425171,XLI,3065
2019-03-07,203837.36281458227,229.08450189916766,203608.2783126831,XLI,3065
2019-03-08,203427.0654970774,229.08450189916766,203197.98099517822,XLI,3065
2019-03-11,205150.68369928686,229.08450189916766,204921.5991973877,XLI,3065
2019-03-12,203454.35473505346,229.08450189916766,203225.2702331543,XLI,3065
2019-03-13,205232.69171778052,229.08450189916766,205003.60721588135,XLI,3065
2019-03-14,204548.68357721655,229.08450189916766,204319.59907531738,XLI,3065
2019-03-15,203827.79872003882,229.08450189916766,203598.71421813965,XLI,3065
2019-03-18,205808.96933618872,229.08450189916766,205579.88483428955,XLI,3065
2019-03-19,205066.03327814428,229.08450189916766,204836.94877624512,XLI,3065
2019-03-20,203662.6836306223,229.08450189916766,203433.59912872314,XLI,3065
2019-03-21,205616.40132013647,229.08450189916766,205387.3168182373,XLI,3065
2019-03-22,200966.00649896948,229.08450189916766,200736.9219970703,XLI,3065
2019-03-25,201433.78192011206,229.08450189916766,201204.6974182129,XLI,3065
2019-03-26,202782.06202570288,229.08450189916766,202552.9775238037,XLI,3065
2019-03-27,203002.24665705053,229.08450189916766,202773.16215515137,XLI,3065
2019-03-28,204488.18892542212,229.08450189916766,204259.10442352295,XLI,3065
2019-03-29,206689.54417291968,229.08450189916766,206460.4596710205,XLI,3065
2019-04-01,210323.43962227192,218.09500252094585,210105.34461975098,XLK,2974
2019-04-02,211051.69206367817,218.09500252094585,210833.59706115723,XLK,2974
2019-04-03,212760.30352913227,218.09500252094585,212542.20852661133,XLK,2974
2019-04-04,211864.0329755434,218.09500252094585,211645.93797302246,XLK,2974
2019-04-05,212872.36854683247,218.09500252094585,212654.27354431152,XLK,2974
2019-04-08,213684.68676887837,218.09500252094585,213466.59176635742,XLK,2974
2019-04-09,212676.2831281313,218.09500252094585,212458.18812561035,XLK,2974
2019-04-10,214160.83262764302,218.09500252094585,213942.73762512207,XLK,2974
2019-04-11,213880.79487739888,218.09500252094585,213662.69987487793,XLK,2974
2019-04-12,215365.2763074526,218.09500252094585,215147.18130493164,XLK,2974
2019-04-15,215281.21052681294,218.09500252094585,215063.115524292,XLK,2974
2019-04-16,216373.61187874165,218.09500252094585,216155.5168762207,XLK,2974
2019-04-17,217578.05555855122,218.09500252094585,217359.96055603027,XLK,2974
2019-04-18,218194.31105171528,218.09500252094585,217976.21604919434,XLK,2974
2019-04-22,218698.52421699848,218.09500252094585,218480.42921447754,XLK,2974
2019-04-23,221079.45771919575,218.09500252094585,220861.3627166748,XLK,2974
2019-04-24,221163.38736091938,218.09500252094585,220945.29235839844,XLK,2974
2019-04-25,221107.36619697895,218.09500252094585,220889.271194458,XLK,2974
2019-04-26,220267.0487378725,218.09500252094585,220048.95373535156,XLK,2974
2019-04-29,220323.09259163227,218.09500252094585,220104.99758911133,XLK,2974
2019-04-30,220687.26419197407,218.09500252094585,220469.16918945312,XLK,2974
2019-05-01,220127.05255256977,218.09500252094585,219908.95755004883,XLK,2974
2019-05-02,218978.63003670063,218.09500252094585,218760.5350341797,XLK,2974
2019-05-03,221051.36772285786,218.09500252094585,220833.2727203369,XLK,2974
2019-05-06,219342.75625740376,218.09500252094585,219124.6612548828,XLK,2974
2019-05-07,214637.04655586567,218.09500252094585,214418.95155334473,XLK,2974
2019-05-08,214384.9626630434,218.09500252094585,214166.86766052246,XLK,2974
2019-05-09,212928.34433113423,218.09500252094585,212710.24932861328,XLK,2974
2019-05-10,213600.59829841938,218.09500252094585,213382.50329589844,XLK,2974
2019-05-13,205561.68606697407,218.09500252094585,205343.59106445312,XLK,2974
2019-05-14,208866.84398018208,218.09500252094585,208648.74897766113,XLK,2974
2019-05-15,211135.82591377583,218.09500252094585,210917.73091125488,XLK,2974
2019-05-16,213068.40858589497,218.09500252094585,212850.31358337402,XLK,2974
2019-05-17,211359.8198102602,218.09500252094585,211141.72480773926,XLK,2974
2019-05-20,207690.4222272524,218.09500252094585,207472.32722473145,XLK,2974
2019-05-21,210239.44191109028,218.09500252094585,210021.34690856934,XLK,2974
2019-05-22,209146.97248970356,218.09500252094585,208928.87748718262,XLK,2974
2019-05-23,205477.64297615376,218.09500252094585,205259.5479736328,XLK,2974
2019-05-24,205533.68682991352,218.09500252094585,205315.59182739258,XLK,2974
2019-05-28,204945.43057381,218.09500252094585,204727.33557128906,XLK,2974
2019-05-29,203741.00958381977,218.09500252094585,203522.91458129883,XLK,2974
2019-05-30,205001.4290479311,218.09500252094585,204783.33404541016,XLK,2974
2019-05-31,201584.22880684223,218.09500252094585,201366.1338043213,XLK,2974
2019-06-03,198054.9181684145,218.09500252094585,197836.82316589355,XLK,2974
2019-06-04,204665.32475410786,218.09500252094585,204447.2297515869,XLK,2974
2019-06-05,207326.34138618794,218.09500252094585,207108.246383667,XLK,2974
2019-06-06,209735.25143562641,218.09500252094585,209517.15643310547,XLK,2974
2019-06-07,213628.6429151186,218.09500252094585,213410.54791259766,XLK,2974
2019-06-10,215813.44561897602,218.09500252094585,215595.35061645508,XLK,2974
2019-06-11,215813.44561897602,218.09500252094585,215595.35061645508,XLK,2974
2019-06-12,214609.00193916645,218.09500252094585,214390.9069366455,XLK,2974
2019-06-13,215253.23397957173,218.09500252094585,215035.13897705078,XLK,2974
2019-06-14,213376.468263019,218.09500252094585,213158.37326049805,XLK,2974
2019-06-17,213544.6678937563,218.09500252094585,213326.57289123535,XLK,2974
2019-06-18,217410.1055158266,218.09500252094585,217192.01051330566,XLK,2974
2019-06-19,218194.31105171528,218.09500252094585,217976.21604919434,XLK,2974
2019-06-20,221387.5400861391,218.09500252094585,221169.44508361816,XLK,2974
2019-06-21,220341.83438240376,218.09500252094585,220123.7393798828,XLK,2974
2019-06-24,220763.57005440083,218.09500252094585,220545.47505187988,XLK,2974
2019-06-25,216715.68359505024,218.09500252094585,216497.5885925293,XLK,2974
2019-06-26,219048.8096479067,218.09500252094585,218830.71464538574,XLK,2974
2019-06-27,219610.9953015932,218.09500252094585,219392.90029907227,XLK,2974
2019-06-28,219582.88261543598,218.09500252094585,219364.78761291504,XLK,2974
2019-07-01,222400.94637282126,235.58855421774206,222165.35781860352,XLP,4486
2019-07-02,224340.48629744284,235.58855421774206,224104.8977432251,XLP,4486
2019-07-03,227116.53078444235,235.58855421774206,226880.9422302246,XLP,4486
2019-07-05,226127.87692244284,235.58855421774206,225892.2883682251,XLP,4486
2019-07-08,226432.03861983054,235.58855421774206,226196.4500656128,XLP,4486
2019-07-09,225101.07878096335,235.58855421774206,224865.4902267456,XLP,4486
2019-07-10,226546.16342909567,235.58855421774206,226310.57487487793,XLP,4486
2019-07-11,227116.53078444235,235.58855421774206,226880.9422302246,XLP,4486
2019-07-12,227763.0326841616,235.58855421774206,227527.44412994385,XLP,4486
2019-07-15,228295.42688734762,235.58855421774206,228059.83833312988,XLP,4486
2019-07-16,228371.52720625632,235.58855421774206,228135.93865203857,XLP,4486
2019-07-17,228105.32154829733,235.58855421774206,227869.7329940796,XLP,4486
2019-07-18,229626.47228987448,235.58855421774206,229390.88373565674,XLP,4486
2019-07-19,228181.43897993796,235.58855421774206,227945.85042572021,XLP,4486
2019-07-22,226850.35935194723,235.58855421774206,226614.7707977295,XLP,4486
2019-07-23,228485.6177900576,235.58855421774206,228250.02923583984,XLP,4486
2019-07-24,226964.4499357485,235.58855421774206,226728.86138153076,XLP,4486
2019-07-25,227268.7143095278,235.58855421774206,227033.12575531006,XLP,4486
2019-07-26,229816.66319258444,235.58855421774206,229581.0746383667,XLP,4486
2019-07-29,230234.93258650534,235.58855421774206,229999.3440322876,XLP,4486
2019-07-30,230919.4932020449,235.58855421774206,230683.90464782715,XLP,4486
2019-07-31,226241.89905531637,235.58855421774206,226006.31050109863,XLP,4486
2019-08-01,224768.69211837332,249.743601527618,224518.9485168457,XLK,2956
2019-08-02,221108.6484782366,249.743601527618,220858.90487670898,XLK,2956
2019-08-05,211888.78452559988,249.743601527618,211639.04092407227,XLK,2956
2019-08-06,215409.13804122488,249.743601527618,215159.39443969727,XLK,2956
2019-08-07,216750.221873012,249.743601527618,216500.47827148438,XLK,2956
2019-08-08,222058.67212935965,249.743601527618,221808.92852783203,XLK,2956
2019-08-09,219544.09202071707,249.743601527618,219294.34841918945,XLK,2956
2019-08-12,216666.34916183035,249.743601527618,216416.60556030273,XLK,2956
2019-08-13,222086.5244547991,249.743601527618,221836.78085327148,XLK,2956
2019-08-14,215269.4704692034,249.743601527618,215019.72686767578,XLK,2956
2019-08-15,214878.2524211077,249.743601527618,214628.50881958008,XLK,2956
2019-08-16,218957.3889872698,249.743601527618,218707.6453857422,XLK,2956
2019-08-19,222282.18986007254,249.743601527618,222032.44625854492,XLK,2956
2019-08-20,221164.6012065081,249.743601527618,220914.85760498047,XLK,2956
2019-08-21,223762.89615890066,249.743601527618,223513.15255737305,XLK,2956
2019-08-22,223232.10074874441,249.743601527618,222982.3571472168,XLK,2956
2019-08-23,215856.08329268973,249.743601527618,215606.3396911621,XLK,2956
2019-08-26,218845.57374068777,249.743601527618,218595.83013916016,XLK,2956
2019-08-27,218510.3986308245,249.743601527618,218260.65502929688,XLK,2956
2019-08-28,218705.95127364676,249.743601527618,218456.20767211914,XLK,2956
2019-08-29,222505.63993331473,249.743601527618,222255.8963317871,XLK,2956
2019-08-30,222449.79996749441,249.743601527618,222200.0563659668,XLK,2956
2019-09-03,219082.1925875315,255.6972033151833,218826.4953842163,XLU,4178
2019-09-04,219288.33215967505,255.6972033151833,219032.63495635986,XLU,4178
2019-09-05,216917.66332880346,255.6972033151833,216661.96612548828,XLU,4178
2019-09-06,216058.66344324438,255.6972033151833,215802.9662399292,XLU,4178
2019-09-09,214993.53992334692,255.6972033151833,214737.84272003174,XLU,4178
2019-09-10,215268.40331140845,255.6972033151833,215012.70610809326,XLU,4178
2019-09-11,217398.65035120337,255.6972033151833,217142.95314788818,XLU,4178
2019-09-12,217879.6214357981,255.6972033151833,217623.9242324829,XLU,4178
2019-09-13,216505.33637110083,255.6972033151833,216249.63916778564,XLU,4178
2019-09-16,216677.09809748022,255.6972033151833,216421.40089416504,XLU,4178
2019-09-17,218566.81178156225,255.6972033151833,218311.11457824707,XLU,4178
2019-09-18,219494.48766962378,255.6972033151833,219238.7904663086,XLU,4178
2019-09-19,220525.2174059519,255.6972033151833,220269.52020263672,XLU,4178
2019-09-20,221397.7644259104,255.6972033151833,221142.06722259521,XLU,4178
2019-09-23,221432.33352533667,255.6972033151833,221176.63632202148,XLU,4178
2019-09-24,224029.1438738474,255.6972033151833,223773.44667053223,XLU,4178
2019-09-25,223890.66028467505,255.6972033151833,223634.96308135986,XLU,4178
2019-09-26,225067.89032617895,255.6972033151833,224812.19312286377,XLU,4178
2019-09-27,224271.51007715552,255.6972033151833,224015.81287384033,XLU,4178
2019-09-30,224409.99366632788,255.6972033151833,224154.2964630127,XLU,4178
2019-10-01,223890.66028467505,255.6972033151833,223634.96308135986,XLU,4178
2019-10-02,220913.06389490454,255.6972033151833,220657.36669158936,XLU,4178
2019-10-03,221432.33352533667,255.6972033151833,221176.63632202148,XLU,4178
2019-10-04,224513.87628046362,255.6972033151833,224258.17907714844,XLU,4178
2019-10-07,223648.29408136694,255.6972033151833,223392.59687805176,XLU,4178
2019-10-08,221570.86492792456,255.6972033151833,221315.16772460938,XLU,4178
2019-10-09,222644.2282930979,255.6972033151833,222388.53108978271,XLU,4178
2019-10-10,222401.8620897898,255.6972033151833,222146.1648864746,XLU,4178
2019-10-11,221570.86492792456,255.6972033151833,221315.16772460938,XLU,4178
2019-10-14,220151.25274530737,255.6972033151833,219895.5555419922,XLU,4178
2019-10-15,219458.8029238352,255.6972033151833,219203.10572052002,XLU,4178
2019-10-16,219943.5353304514,255.6972033151833,219687.83812713623,XLU,4178
2019-10-17,220497.53343836157,255.6972033151833,220241.8362350464,XLU,4178
2019-10-18,221224.64798609106,255.6972033151833,220968.95078277588,XLU,4178
2019-10-21,222090.23018518774,255.6972033151833,221834.53298187256,XLU,4178
2019-10-22,223025.07808557837,255.6972033151833,222769.38088226318,XLU,4178
2019-10-23,223925.3090731272,255.6972033151833,223669.611869812,XLU,4178
2019-10-24,224687.00865808813,255.6972033151833,224431.31145477295,XLU,4178
2019-10-25,222401.8620897898,255.6972033151833,222146.1648864746,XLU,4178
2019-10-28,219354.90437189428,255.6972033151833,219099.2071685791,XLU,4178
2019-10-29,219562.6536623606,255.6972033151833,219306.9564590454,XLU,4178
2019-10-30,221501.6151644358,255.6972033151833,221245.9179611206,XLU,4178
2019-10-31,222713.44618097632,255.6972033151833,222457.74897766113,XLU,4178
2019-11-01,222159.44807306616,255.6972033151833,221903.75086975098,XLU,4178
2019-11-04,219320.3512102732,255.6972033151833,219064.654006958,XLU,4178
2019-11-05,217069.7896792063,255.6972033151833,216814.0924758911,XLU,4178
2019-11-06,217900.739027656,255.6972033151833,217645.04182434082,XLU,4178
2019-11-07,214957.6957995066,255.6972033151833,214701.9985961914,XLU,4178
2019-11-08,214057.4966875681,255.6972033151833,213801.79948425293,XLU,4178
2019-11-11,212741.79899469702,255.6972033151833,212486.10179138184,XLU,4178
2019-11-12,213261.14831415503,255.6972033151833,213005.45111083984,XLU,4178
2019-11-13,216411.9089571604,255.6972033151833,216156.21175384521,XLU,4178
2019-11-14,217173.6404177317,255.6972033151833,216917.9432144165,XLU,4178
2019-11-15,217866.1221148142,255.6972033151833,217610.42491149902,XLU,4178
2019-11-18,218316.22167078345,255.6972033151833,218060.52446746826,XLU,4178
2019-11-19,217762.23950067846,255.6972033151833,217506.54229736328,XLU,4178
2019-11-20,219077.92125574438,255.6972033151833,218822.2240524292,XLU,4178
2019-11-21,218316.22167078345,255.6972033151833,218060.52446746826,XLU,4178
2019-11-22,218385.4873720774,255.6972033151833,218129.7901687622,XLU,4178
2019-11-25,217658.34094873755,255.6972033151833,217402.64374542236,XLU,4178
2019-11-26,218385.4873720774,255.6972033151833,218129.7901687622,XLU,4178
2019-11-27,218766.32122675268,255.6972033151833,218510.6240234375,XLU,4178
2019-11-29,218558.6197497019,255.6972033151833,218302.92254638672,XLU,4178
2019-12-02,216489.40781426564,295.60703301563626,216193.80078125,XLK,2624
2019-12-03,214573.85898614064,295.60703301563626,214278.251953125,XLK,2624
2019-12-04,215444.4883806719,295.60703301563626,215148.88134765625,XLK,2624
2019-12-05,216240.68515801564,295.60703301563626,215945.078125,XLK,2624
2019-12-06,218628.97519707814,295.60703301563626,218333.3681640625,XLK,2624
2019-12-09,217484.53867364064,295.60703301563626,217188.931640625,XLK,2624
2019-12-10,217658.7686541094,295.60703301563626,217363.16162109375,XLK,2624
2019-12-11,219126.5606462969,295.60703301563626,218830.95361328125,XLK,2624
2019-12-12,221465.1622087969,295.60703301563626,221169.55517578125,XLK,2624
2019-12-13,222932.93418145314,295.60703301563626,222637.3271484375,XLK,2624
2019-12-16,224923.23593926564,295.60703301563626,224627.62890625,XLK,2624
2019-12-17,224400.7862322344,295.60703301563626,224105.17919921875,XLK,2624
2019-12-18,224375.8418962969,295.60703301563626,224080.23486328125,XLK,2624
2019-12-19,225992.9795916094,295.60703301563626,225697.37255859375,XLK,2624
2019-12-20,227303.3780291094,295.60703301563626,227007.77099609375,XLK,2624
2019-12-23,227952.2911150469,295.60703301563626,227656.68408203125,XLK,2624
2019-12-24,228027.22422051564,295.60703301563626,227731.6171875,XLK,2624
2019-12-26,229724.4600603594,295.60703301563626,229428.85302734375,XLK,2624
2019-12-27,229699.5157244219,295.60703301563626,229403.90869140625,XLK,2624
2019-12-30,228376.64511895314,295.60703301563626,228081.0380859375,XLK,2624
2019-12-31,229100.47129082814,295.60703301563626,228804.8642578125,XLK,2624
2020-01-02,233393.57968926564,295.60703301563626,233097.97265625,XLK,2624
2020-01-03,230772.74277520314,295.60703301563626,230477.1357421875,XLK,2624
2020-01-06,231321.87851739064,295.60703301563626,231026.271484375,XLK,2624
2020-01-07,231222.0010759844,295.60703301563626,230926.39404296875,XLK,2624
2020-01-08,233693.0518572344,295.60703301563626,233397.44482421875,XLK,2624
2020-01-09,236338.7930681719,295.60703301563626,236043.18603515625,XLK,2624
2020-01-10,235789.6573259844,295.60703301563626,235494.05029296875,XLK,2624
2020-01-13,238734.8506853594,295.60703301563626,238439.24365234375,XLK,2624
2020-01-14,237611.69492364064,295.60703301563626,237316.087890625,XLK,2624
2020-01-15,237886.2627947344,295.60703301563626,237590.65576171875,XLK,2624
2020-01-16,241081.0596697344,295.60703301563626,240785.45263671875,XLK,2624
2020-01-17,242703.46250176564,295.60703301563626,242407.85546875,XLK,2624
2020-01-21,242603.6651384844,295.60703301563626,242308.05810546875,XLK,2624
2020-01-22,243477.2374041094,295.60703301563626,243181.63037109375,XLK,2624
2020-01-23,244625.3174822344,295.60703301563626,244329.71044921875,XLK,2624
2020-01-24,243477.2374041094,295.60703301563626,243181.63037109375,XLK,2624
2020-01-27,237686.5879900469,295.60703301563626,237390.98095703125,XLK,2624
2020-01-28,242229.2198259844,295.60703301563626,241933.61279296875,XLK,2624
2020-01-29,242853.20859551564,295.60703301563626,242557.6015625,XLK,2624
2020-01-30,244949.81406426564,295.60703301563626,244654.20703125,XLK,2624
2020-01-31,238235.7637712969,295.60703301563626,237940.15673828125,XLK,2624
2020-02-03,241380.61191582814,295.60703301563626,241085.0048828125,XLK,2624
2020-02-04,247695.3926775469,295.60703301563626,247399.78564453125,XLK,2624
2020-02-05,249143.1250994219,295.60703301563626,248847.51806640625,XLK,2624
2020-02-06,251414.3809587969,295.60703301563626,251118.77392578125,XLK,2624
2020-02-07,249118.1006853594,295.60703301563626,248822.49365234375,XLK,2624
2020-02-10,252487.5879900469,295.60703301563626,252191.98095703125,XLK,2624
2020-02-11,251639.0401384844,295.60703301563626,251343.43310546875,XLK,2624
2020-02-12,254359.63437676564,295.60703301563626,254064.02734375,XLK,2624
2020-02-13,253685.69687676564,295.60703301563626,253390.08984375,XLK,2624
2020-02-14,254783.9083025469,295.60703301563626,254488.30126953125,XLK,2624
2020-02-18,253835.4629900469,295.60703301563626,253539.85595703125,XLK,2624
2020-02-19,256855.6094744219,295.60703301563626,256560.00244140625,XLK,2624
2020-02-20,254184.9239275469,295.60703301563626,253889.31689453125,XLK,2624
2020-02-21,248494.15195489064,295.60703301563626,248198.544921875,XLK,2624
2020-02-24,238235.7637712969,295.60703301563626,237940.15673828125,XLK,2624
2020-02-25,230622.99668145314,295.60703301563626,230327.3896484375,XLK,2624
2020-02-26,231671.2793962969,295.60703301563626,231375.67236328125,XLK,2624
2020-02-27,219191.48398614064,295.60703301563626,218895.876953125,XLK,2624
2020-02-28,220863.8155291094,295.60703301563626,220568.20849609375,XLK,2624
2020-03-02,233268.19495269336,233268.19495269336,0.0,TLT,0
2020-03-03,233268.19495269336,233268.19495269336,0.0,TLT,0
2020-03-04,233268.19495269336,233268.19495269336,0.0,TLT,0
2020-03-05,233268.19495269336,233268.19495269336,0.0,TLT,0
2020-03-06,233268.19495269336,233268.19495269336,0.0,TLT,0
2020-03-09,233268.19495269336,233268.19495269336,0.0,TLT,0
2020-03-10,233268.19495269336,233268.19495269336,0.0,TLT,0
2020-03-11,233268.19495269336,233268.19495269336,0.0,TLT,0
2020-03-12,233268.19495269336,233268.19495269336,0.0,TLT,0
2020-03-13,233268.19495269336,233268.19495269336,0.0,TLT,0
2020-03-16,233268.19495269336,233268.19495269336,0.0,TLT,0
2020-03-17,233268.19495269336,233268.19495269336,0.0,TLT,0
2020-03-18,233268.19495269336,233268.19495269336,0.0,TLT,0
2020-03-19,233268.19495269336,233268.19495269336,0.0,TLT,0
2020-03-20,233268.19495269336,233268.19495269336,0.0,TLT,0
2020-03-23,233268.19495269336,233268.19495269336,0.0,TLT,0
2020-03-24,233268.19495269336,233268.19495269336,0.0,TLT,0
2020-03-25,233268.19495269336,233268.19495269336,0.0,TLT,0
2020-03-26,233268.19495269336,233268.19495269336,0.0,TLT,0
2020-03-27,233268.19495269336,233268.19495269336,0.0,TLT,0
2020-03-30,233268.19495269336,233268.19495269336,0.0,TLT,0
2020-03-31,233268.19495269336,233268.19495269336,0.0,TLT,0
2020-04-01,233268.19495269336,233268.19495269336,0.0,TLT,0
2020-04-02,233268.19495269336,233268.19495269336,0.0,TLT,0
2020-04-03,233268.19495269336,233268.19495269336,0.0,TLT,0
2020-04-06,233268.19495269336,233268.19495269336,0.0,TLT,0
2020-04-07,233268.19495269336,233268.19495269336,0.0,TLT,0
2020-04-08,233268.19495269336,233268.19495269336,0.0,TLT,0
2020-04-09,233268.19495269336,233268.19495269336,0.0,TLT,0
2020-04-13,233268.19495269336,233268.19495269336,0.0,TLT,0
2020-04-14,233268.19495269336,233268.19495269336,0.0,TLT,0
2020-04-15,233268.19495269336,233268.19495269336,0.0,TLT,0
2020-04-16,233268.19495269336,233268.19495269336,0.0,TLT,0
2020-04-17,233268.19495269336,233268.19495269336,0.0,TLT,0
2020-04-20,233268.19495269336,233268.19495269336,0.0,TLT,0
2020-04-21,233268.19495269336,233268.19495269336,0.0,TLT,0
2020-04-22,233268.19495269336,233268.19495269336,0.0,TLT,0
2020-04-23,233268.19495269336,233268.19495269336,0.0,TLT,0
2020-04-24,233268.19495269336,233268.19495269336,0.0,TLT,0
2020-04-27,233268.19495269336,233268.19495269336,0.0,TLT,0
2020-04-28,233268.19495269336,233268.19495269336,0.0,TLT,0
2020-04-29,233268.19495269336,233268.19495269336,0.0,TLT,0
2020-04-30,233268.19495269336,233268.19495269336,0.0,TLT,0
2020-05-01,233268.19495269336,233268.19495269336,0.0,TLT,0
2020-05-04,233268.19495269336,233268.19495269336,0.0,TLT,0
2020-05-05,233268.19495269336,233268.19495269336,0.0,TLT,0
2020-05-06,233268.19495269336,233268.19495269336,0.0,TLT,0
2020-05-07,233268.19495269336,233268.19495269336,0.0,TLT,0
2020-05-08,233268.19495269336,233268.19495269336,0.0,TLT,0
2020-05-11,233268.19495269336,233268.19495269336,0.0,TLT,0
2020-05-12,233268.19495269336,233268.19495269336,0.0,TLT,0
2020-05-13,233268.19495269336,233268.19495269336,0.0,TLT,0
2020-05-14,233268.19495269336,233268.19495269336,0.0,TLT,0
2020-05-15,233268.19495269336,233268.19495269336,0.0,TLT,0
2020-05-18,233268.19495269336,233268.19495269336,0.0,TLT,0
2020-05-19,233268.19495269336,233268.19495269336,0.0,TLT,0
2020-05-20,233268.19495269336,233268.19495269336,0.0,TLT,0
2020-05-21,233268.19495269336,233268.19495269336,0.0,TLT,0
2020-05-22,233268.19495269336,233268.19495269336,0.0,TLT,0
2020-05-26,233268.19495269336,233268.19495269336,0.0,TLT,0
2020-05-27,233268.19495269336,233268.19495269336,0.0,TLT,0
2020-05-28,233268.19495269336,233268.19495269336,0.0,TLT,0
2020-05-29,233268.19495269336,233268.19495269336,0.0,TLT,0
2020-06-01,232919.2643426775,298.8576654313947,232620.4066772461,XLK,2484
2020-06-02,235104.38156069507,298.8576654313947,234805.52389526367,XLK,2484
2020-06-03,236933.19320620288,298.8576654313947,236634.33554077148,XLK,2484
2020-06-04,234985.53723086108,298.8576654313947,234686.6795654297,XLK,2484
2020-06-05,241160.93194521655,298.8576654313947,240862.07427978516,XLK,2484
2020-06-08,242372.26855410327,298.8576654313947,242073.41088867188,XLK,2484
2020-06-09,243512.32888735522,298.8576654313947,243213.47122192383,XLK,2484
2020-06-10,247573.76895083179,298.8576654313947,247274.9112854004,XLK,2484
2020-06-11,233394.2436822771,298.8576654313947,233095.3860168457,XLK,2484
2020-06-12,236410.7216180681,298.8576654313947,236111.86395263672,XLK,2484
2020-06-15,238690.80438174,298.8576654313947,238391.9467163086,XLK,2484
2020-06-16,243773.5741571306,298.8576654313947,243474.71649169922,XLK,2484
2020-06-17,243726.06295717944,298.8576654313947,243427.20529174805,XLK,2484
2020-06-18,244818.66894472827,298.8576654313947,244519.81127929688,XLK,2484
2020-06-19,243132.23928774585,298.8576654313947,242833.38162231445,XLK,2484
2020-06-22,247707.49014223804,298.8576654313947,247408.63247680664,XLK,2484
2020-06-23,249493.75585879077,298.8576654313947,249194.89819335938,XLK,2484
2020-06-24,243873.0311883806,298.8576654313947,243574.17352294922,XLK,2484
2020-06-25,246992.9459527849,298.8576654313947,246694.08828735352,XLK,2484
2020-06-26,242134.3524774431,298.8576654313947,241835.49481201172,XLK,2484
2020-06-29,244778.03710879077,298.8576654313947,244479.17944335938,XLK,2484
2020-06-30,249160.28674257983,298.8576654313947,248861.42907714844,XLK,2484
2020-07-01,249565.20269716968,298.8576654313947,249266.34503173828,XLK,2484
2020-07-02,251018.0372003435,298.8576654313947,250719.1795349121,XLK,2484
2020-07-06,255400.3436883806,298.8576654313947,255101.48602294922,XLK,2484
2020-07-07,252732.8181756853,298.8576654313947,252433.9605102539,XLK,2484
2020-07-08,256853.1402887224,298.8576654313947,256554.28262329102,XLK,2484
2020-07-09,257781.9491876482,298.8576654313947,257483.0915222168,XLK,2484
2020-07-10,257710.5213006853,298.8576654313947,257411.6636352539,XLK,2484
2020-07-13,252375.58398379077,298.8576654313947,252076.72631835938,XLK,2484
2020-07-14,255281.2150873064,298.8576654313947,254982.357421875,XLK,2484
2020-07-15,256662.60275210132,298.8576654313947,256363.74508666992,XLK,2484
2020-07-16,253494.9872735857,298.8576654313947,253196.1296081543,XLK,2484
2020-07-17,254733.40545595874,298.8576654313947,254434.54779052734,XLK,2484
2020-07-20,261235.44677675952,298.8576654313947,260936.58911132812,XLK,2484
2020-07-21,258615.52722109546,298.8576654313947,258316.66955566406,XLK,2484
2020-07-22,260687.63714541186,298.8576654313947,260388.77947998047,XLK,2484
2020-07-23,253923.6304010271,298.8576654313947,253624.7727355957,XLK,2484
2020-07-24,250851.34054507007,298.8576654313947,250552.48287963867,XLK,2484
2020-07-27,254804.89019716968,298.8576654313947,254506.03253173828,XLK,2484
2020-07-28,251827.85015810718,298.8576654313947,251528.99249267578,XLK,2484
2020-07-29,255471.7526239275,298.8576654313947,255172.8949584961,XLK,2484
2020-07-30,256900.72729433764,298.8576654313947,256601.86962890625,XLK,2484
2020-07-31,263307.48089541186,298.8576654313947,263008.62322998047,XLK,2484
2020-08-03,269785.64343203296,298.8576654313947,269486.78576660156,XLK,2484
2020-08-04,270476.36569155444,298.8576654313947,270177.50802612305,XLK,2484
2020-08-05,271476.6024774431,298.8576654313947,271177.7448120117,XLK,2484
2020-08-06,275287.334258449,298.8576654313947,274988.4765930176,XLK,2484
2020-08-07,271190.8151239275,298.8576654313947,270891.9574584961,XLK,2484
2020-08-10,270428.70288027514,298.8576654313947,270129.84521484375,XLK,2484
2020-08-11,265570.0715021013,298.8576654313947,265271.2138366699,XLK,2484
2020-08-12,271595.7121271013,298.8576654313947,271296.8544616699,XLK,2484
2020-08-13,271714.8028253435,298.8576654313947,271415.9451599121,XLK,2484
2020-08-14,271524.2463373064,298.8576654313947,271225.388671875,XLK,2484
2020-08-17,273334.3529352068,298.8576654313947,273035.4952697754,XLK,2484
2020-08-18,274358.4306024431,298.8576654313947,274059.5729370117,XLK,2484
2020-08-19,274025.03729189624,298.8576654313947,273726.17962646484,XLK,2484
2020-08-20,277668.9966119646,298.8576654313947,277370.1389465332,XLK,2484
2020-08-21,281193.9220880388,298.8576654313947,280895.0644226074,XLK,2484
2020-08-24,283623.13354433764,298.8576654313947,283324.27587890625,XLK,2484
2020-08-25,285052.16506899585,298.8576654313947,284753.30740356445,XLK,2484
2020-08-26,290839.6622003435,298.8576654313947,290540.8045349121,XLK,2484
2020-08-27,291077.80569399585,298.8576654313947,290778.94802856445,XLK,2484
2020-08-28,293626.278411281,298.8576654313947,293327.4207458496,XLK,2484
2020-08-31,294555.1252130388,298.8576654313947,294256.2675476074,XLK,2484
2020-09-01,300175.849883449,298.8576654313947,299876.9922180176,XLK,2484
2020-09-02,302843.35644472827,298.8576654313947,302544.4987792969,XLK,2484
2020-09-03,285599.9936517595,298.8576654313947,285301.1359863281,XLK,2484
2020-09-04,281622.58416689624,298.8576654313947,281323.72650146484,XLK,2484
2020-09-08,268904.4404901384,298.8576654313947,268605.58282470703,XLK,2484
2020-09-09,277668.9966119646,298.8576654313947,277370.1389465332,XLK,2484
2020-09-10,271405.19354189624,298.8576654313947,271106.33587646484,XLK,2484
2020-09-11,269333.1404718279,298.8576654313947,269034.2828063965,XLK,2484
2020-09-14,274977.7060235857,298.8576654313947,274678.8483581543,XLK,2484
2020-09-15,277692.7995904802,298.8576654313947,277393.9419250488,XLK,2484
2020-09-16,273405.7808221697,298.8576654313947,273106.9231567383,XLK,2484
2020-09-17,271143.1712640642,298.8576654313947,270844.3135986328,XLK,2484
2020-09-18,266475.1153253435,298.8576654313947,266176.2576599121,XLK,2484
2020-09-21,268687.82580507983,298.8576654313947,268388.96813964844,XLK,2484
2020-09-22,272936.5627130388,298.8576654313947,272637.7050476074,XLK,2484
2020-09-23,264439.0130914568,298.8576654313947,264140.1554260254,XLK,2484
2020-09-24,265918.94811953296,298.8576654313947,265620.09045410156,XLK,2484
2020-09-25,272268.2410272478,298.8576654313947,271969.3833618164,XLK,2484
2020-09-28,277471.788176906,298.8576654313947,277172.9305114746,XLK,2484
2020-09-29,276540.8946222185,298.8576654313947,276242.0369567871,XLK,2484
2020-09-30,278856.2080682634,298.8576654313947,278557.35040283203,XLK,2484
2020-10-01,281792.2182916521,298.8576654313947,281493.3606262207,XLK,2484
2020-10-02,274655.2097772478,298.8576654313947,274356.3521118164,XLK,2484
2020-10-05,280670.3323663591,298.8576654313947,280371.47470092773,XLK,2484
2020-10-06,276326.0613702654,298.8576654313947,276027.203704834,XLK,2484
2020-10-07,281386.4116205095,298.8576654313947,281087.5539550781,XLK,2484
2020-10-08,282842.44891299,298.8576654313947,282543.5912475586,XLK,2484
2020-10-09,287162.84112490405,298.8576654313947,286863.98345947266,XLK,2484
2020-10-12,294992.05010927905,298.8576654313947,294693.19244384766,XLK,2484
2020-10-13,293106.34631289233,298.8576654313947,292807.48864746094,XLK,2484
2020-10-14,291554.83178652514,298.8576654313947,291255.97412109375,XLK,2484
2020-10-15,290242.02929629077,298.8576654313947,289943.1716308594,XLK,2484
2020-10-16,289406.594024074,298.8576654313947,289107.7363586426,XLK,2484
2020-10-19,284107.55068911304,298.8576654313947,283808.69302368164,XLK,2484
2020-10-20,285086.14495791186,298.8576654313947,284787.28729248047,XLK,2484
2020-10-21,284656.53530825366,298.8576654313947,284357.67764282227,XLK,2484
2020-10-22,283319.81613100757,298.8576654313947,283020.9584655762,XLK,2484
2020-10-23,283009.54354799975,298.8576654313947,282710.68588256836,XLK,2484
2020-10-26,276875.064940822,298.8576654313947,276576.2072753906,XLK,2484
2020-10-27,278259.4658807634,298.8576654313947,277960.60821533203,XLK,2484
2020-10-28,266467.9327386736,298.8576654313947,266169.0750732422,XLK,2484
2020-10-29,270907.68096865405,298.8576654313947,270608.82330322266,XLK,2484
2020-10-30,264916.4561151384,298.8576654313947,264617.59844970703,XLK,2484
2020-11-02,265584.7588495134,298.8576654313947,265285.90118408203,XLK,2484
2020-11-03,270263.1812127947,298.8576654313947,269964.3235473633,XLK,2484
2020-11-04,280765.7716974138,298.8576654313947,280466.9140319824,XLK,2484
2020-11-05,289478.173522365,298.8576654313947,289179.3158569336,XLK,2484
2020-11-06,290504.58221377124,298.8576654313947,290205.72454833984,XLK,2484
2020-11-09,288404.0451654314,298.8576654313947,288105.1875,XLK,2484
2020-11-10,283033.42233217944,298.8576654313947,282734.56466674805,XLK,2484
2020-11-11,289740.7453912615,298.8576654313947,289441.8877258301,XLK,2484
2020-11-12,287162.84112490405,298.8576654313947,286863.98345947266,XLK,2484
2020-11-13,289597.5295404314,298.8576654313947,289298.671875,XLK,2484
2020-11-16,292390.26705874194,298.8576654313947,292091.40939331055,XLK,2484
2020-11-17,290767.1351312517,298.8576654313947,290468.2774658203,XLK,2484
2020-11-18,287664.0681756853,298.8576654313947,287365.2105102539,XLK,2484
2020-11-19,289979.43847597827,298.8576654313947,289680.5808105469,XLK,2484
2020-11-20,286995.72753847827,298.8576654313947,286696.8698730469,XLK,2484
2020-11-23,286924.0911859392,298.8576654313947,286625.2335205078,XLK,2484
2020-11-24,290910.3699334978,298.8576654313947,290611.5122680664,XLK,2484
2020-11-25,291530.8961480974,298.8576654313947,291232.038482666,XLK,2484
2020-11-27,293082.46752871264,298.8576654313947,292783.60986328125,XLK,2484
2020-11-30,295039.7887262224,298.8576654313947,294740.931060791,XLK,2484
2020-12-01,298811.1394647478,298.8576654313947,298512.2817993164,XLK,2484
2020-12-02,298357.6320794939,298.8576654313947,298058.7744140625,XLK,2484
2020-12-03,298166.7155145525,298.8576654313947,297867.8578491211,XLK,2484
2020-12-04,301150.3506463884,298.8576654313947,300851.49298095703,XLK,2484
2020-12-07,302009.6457513689,298.8576654313947,301710.7880859375,XLK,2484
2020-12-08,302988.29687441577,298.8576654313947,302689.4392089844,XLK,2484
2020-12-09,297188.0454400896,298.8576654313947,296889.1877746582,XLK,2484
2020-12-10,297617.69299257983,298.8576654313947,297318.83532714844,XLK,2484
2020-12-11,296997.09097231616,298.8576654313947,296698.23330688477,XLK,2484
2020-12-14,298071.20037783374,298.8576654313947,297772.34271240234,XLK,2484
2020-12-15,303036.07339419116,298.8576654313947,302737.21572875977,XLK,2484
2020-12-16,305088.8339227556,298.8576654313947,304789.9762573242,XLK,2484
2020-12-17,307499.6625055193,298.8576654313947,307200.8048400879,XLK,2484
2020-12-18,306425.5341485857,298.8576654313947,306126.6764831543,XLK,2484
2020-12-21,306731.75112856616,298.8576654313947,306432.89346313477,XLK,2484
2020-12-22,309387.48886049975,298.8576654313947,309088.63119506836,XLK,2484
2020-12-23,307042.85757387866,298.8576654313947,306743.99990844727,XLK,2484
2020-12-24,309076.4203180193,298.8576654313947,308777.5626525879,XLK,2484
2020-12-28,312569.4695123552,298.8576654313947,312270.6118469238,XLK,2484
2020-12-29,311086.1042779802,298.8576654313947,310787.2466125488,XLK,2484
2020-12-30,310918.6874688982,298.8576654313947,310619.8298034668,XLK,2484
2020-12-31,311373.256133449,298.8576654313947,311074.3984680176,XLK,2484
2021-01-04,305384.5922921251,357.030524546979,305027.5617675781,XLY,1988
2021-01-05,307661.4371407579,357.030524546979,307304.40661621094,XLY,1988
2021-01-06,310799.41699915635,357.030524546979,310442.3864746094,XLY,1988
2021-01-07,316788.2912667345,357.030524546979,316431.2607421875,XLY,1988
2021-01-08,323312.69031458604,357.030524546979,322955.65979003906,XLY,1988
2021-01-11,317285.7462838243,357.030524546979,316928.71575927734,XLY,1988
2021-01-12,322126.49109583604,357.030524546979,321769.46057128906,XLY,1988
2021-01-13,322107.35004358995,357.030524546979,321750.31951904297,XLY,1988
2021-01-14,320060.1068184923,357.030524546979,319703.0762939453,XLY,1988
2021-01-15,317591.8211129259,357.030524546979,317234.7905883789,XLY,1988
2021-01-19,319390.3823311876,357.030524546979,319033.3518066406,XLY,1988
2021-01-20,325417.4780343126,357.030524546979,325060.4475097656,XLY,1988
2021-01-21,326928.9841378282,357.030524546979,326571.95361328125,XLY,1988
2021-01-22,325819.25812464464,357.030524546979,325462.22760009766,XLY,1988
2021-01-25,327024.6893990587,357.030524546979,326667.6588745117,XLY,1988
2021-01-26,326814.22882776964,357.030524546979,326457.19830322266,XLY,1988
2021-01-27,316749.88782435167,357.030524546979,316392.8572998047,XLY,1988
2021-01-28,317744.919196422,357.030524546979,317387.888671875,XLY,1988
2021-01-29,310340.27442103135,357.030524546979,309983.2438964844,XLY,1988
2021-02-01,317442.75395922794,376.0225062860409,317066.7314529419,XLB,4875
2021-02-02,321613.0525355829,376.0225062860409,321237.0300292969,XLB,4875
2021-02-03,322234.1062312616,376.0225062860409,321858.0837249756,XLB,4875
2021-02-04,321080.5560832514,376.0225062860409,320704.53357696533,XLB,4875
2021-02-05,326581.6680675043,376.0225062860409,326205.64556121826,XLB,4875
2021-02-08,329287.8896480097,376.0225062860409,328911.86714172363,XLB,4875
2021-02-09,326847.86050372256,376.0225062860409,326471.8379974365,XLB,4875
2021-02-10,326492.9992442621,376.0225062860409,326116.9767379761,XLB,4875
2021-02-11,326803.48889880313,376.0225062860409,326427.4663925171,XLB,4875
2021-02-12,330175.13577990665,376.0225062860409,329799.1132736206,XLB,4875
2021-02-16,329554.00769763126,376.0225062860409,329177.9851913452,XLB,4875
2021-02-17,329376.5956645502,376.0225062860409,329000.57315826416,XLB,4875
2021-02-18,327335.87377123965,376.0225062860409,326959.8512649536,XLB,4875
2021-02-19,333324.96182971133,376.0225062860409,332948.9393234253,XLB,4875
2021-02-22,334611.40363268985,376.0225062860409,334235.3811264038,XLB,4875
2021-02-23,335764.8793941034,376.0225062860409,335388.8568878174,XLB,4875
2021-02-24,338692.95899920596,376.0225062860409,338316.9364929199,XLB,4875
2021-02-25,330884.85829882754,376.0225062860409,330508.8357925415,XLB,4875
2021-02-26,326670.41127734317,376.0225062860409,326294.3887710571,XLB,4875
2021-03-01,334921.96767382754,376.0225062860409,334545.9451675415,XLB,4875
2021-03-02,336785.27753405704,376.0225062860409,336409.255027771,XLB,4875
2021-03-03,333458.07664446963,376.0225062860409,333082.0541381836,XLB,4875
2021-03-04,326980.86373858585,376.0225062860409,326604.8412322998,XLB,4875
2021-03-05,334478.3632045282,376.0225062860409,334102.3406982422,XLB,4875
2021-03-08,338959.1142421259,376.0225062860409,338583.09173583984,XLB,4875
2021-03-09,341044.20774035587,376.0225062860409,340668.1852340698,XLB,4875
2021-03-10,346678.39734606876,376.0225062860409,346302.3748397827,XLB,4875
2021-03-11,348541.5956264032,376.0225062860409,348165.5731201172,XLB,4875
2021-03-12,349473.2877498163,376.0225062860409,349097.2652435303,XLB,4875
2021-03-15,349872.55780749454,376.0225062860409,349496.5353012085,XLB,4875
2021-03-16,346988.9241939081,376.0225062860409,346612.90168762207,XLB,4875
2021-03-17,350094.37863879337,376.0225062860409,349718.3561325073,XLB,4875
2021-03-18,348142.43714862,376.0225062860409,347766.414642334,XLB,4875
2021-03-19,346412.2049098505,376.0225062860409,346036.18240356445,XLB,4875
2021-03-22,346626.0663753046,376.0225062860409,346250.04386901855,XLB,4875
2021-03-23,339408.81841235294,376.0225062860409,339032.7959060669,XLB,4875
2021-03-24,341859.0757136835,376.0225062860409,341483.05320739746,XLB,4875
2021-03-25,346804.22227435245,376.0225062860409,346428.1997680664,XLB,4875
2021-03-26,355402.5317912592,376.0225062860409,355026.50928497314,XLB,4875
2021-03-29,354199.70052294864,376.0225062860409,353823.6780166626,XLB,4875
2021-03-30,353175.0623469843,376.0225062860409,352799.03984069824,XLB,4875
2021-03-31,351437.54022174014,376.0225062860409,351061.5177154541,XLB,4875
2021-04-01,353450.6677325205,369.99689511815086,353080.67083740234,XLE,8318
2021-04-05,345028.87677030126,369.99689511815086,344658.8798751831,XLE,8318
2021-04-06,344116.62052945653,369.99689511815086,343746.6236343384,XLE,8318
2021-04-07,345309.724769874,369.99689511815086,344939.72787475586,XLE,8318
2021-04-08,340818.0288851694,369.99689511815086,340448.03199005127,XLE,8318
2021-04-09,338572.26026944676,369.99689511815086,338202.2633743286,XLE,8318
2021-04-12,335905.3941729502,369.99689511815086,335535.39727783203,XLE,8318
2021-04-13,336256.33518247167,369.99689511815086,335886.3382873535,XLE,8318
2021-04-14,345590.3189242319,369.99689511815086,345220.32202911377,XLE,8318
2021-04-15,342783.13988523046,369.99689511815086,342413.1429901123,XLE,8318
2021-04-16,340046.0538561777,369.99689511815086,339676.05696105957,XLE,8318
2021-04-19,339695.17630795995,369.99689511815086,339325.1794128418,XLE,8318
2021-04-20,330712.00665311376,369.99689511815086,330342.0097579956,XLE,8318
2021-04-21,334922.88626889745,369.99689511815086,334552.8893737793,XLE,8318
2021-04-22,330992.7911913828,369.99689511815086,330622.79429626465,XLE,8318
2021-04-23,334010.47137479344,369.99689511815086,333640.4744796753,XLE,8318
2021-04-26,336256.33518247167,369.99689511815086,335886.3382873535,XLE,8318
2021-04-27,340326.8066637949,369.99689511815086,339956.80976867676,XLE,8318
2021-04-28,352047.030617042,369.99689511815086,351677.0337219238,XLE,8318
2021-04-29,355977.1574252085,369.99689511815086,355607.16053009033,XLE,8318
2021-04-30,346993.9877703623,369.99689511815086,346623.99087524414,XLE,8318
2021-05-03,356538.59957913915,369.99689511815086,356168.602684021,XLE,8318
2021-05-04,356749.16418485204,369.99689511815086,356379.1672897339,XLE,8318
2021-05-05,368258.8235323862,369.99689511815086,367888.82663726807,XLE,8318
2021-05-06,370153.7145998911,369.99689511815086,369783.71770477295,XLE,8318
2021-05-07,376750.80269650975,369.99689511815086,376380.8058013916,XLE,8318
2021-05-10,376891.0839083628,369.99689511815086,376521.0870132446,XLE,8318
2021-05-11,367206.09569577733,369.99689511815086,366836.0988006592,XLE,8318
2021-05-12,368960.6420901255,369.99689511815086,368590.6451950073,XLE,8318
2021-05-13,364469.0096667246,369.99689511815086,364099.01277160645,XLE,8318
2021-05-14,375768.2313311533,369.99689511815086,375398.23443603516,XLE,8318
2021-05-17,384470.6481783823,369.99689511815086,384100.65128326416,XLE,8318
2021-05-18,375557.6984560923,369.99689511815086,375187.7015609741,XLE,8318
2021-05-19,366223.55606107274,369.99689511815086,365853.5591659546,XLE,8318
2021-05-20,365662.14563779393,369.99689511815086,365292.1487426758,XLE,8318
2021-05-21,366434.0889361338,369.99689511815086,366064.0920410156,XLE,8318
2021-05-24,370083.5898592905,369.99689511815086,369713.59296417236,XLE,8318
2021-05-25,362574.1820605234,369.99689511815086,362204.1851654053,XLE,8318
2021-05-26,365802.58550290624,369.99689511815086,365432.5886077881,XLE,8318
2021-05-27,366083.211387916,369.99689511815086,365713.21449279785,XLE,8318
2021-05-28,366785.02994565526,369.99689511815086,366415.0330505371,XLE,8318
2021-06-01,379751.6319798998,407.286276774772,379344.345703125,XLF,10736
2021-06-02,380347.07076163805,407.286276774772,379939.7844848633,XLF,10736
2021-06-03,381240.29036613024,407.286276774772,380833.00408935547,XLF,10736
2021-06-04,382232.86580558337,407.286276774772,381825.5795288086,XLF,10736
2021-06-07,379751.6319798998,407.286276774772,379344.345703125,XLF,10736
2021-06-08,378759.0155858568,407.286276774772,378351.72930908203,XLF,10736
2021-06-09,375185.891440349,407.286276774772,374778.6051635742,XLF,10736
2021-06-10,370818.82161613024,407.286276774772,370411.53533935547,XLF,10736
2021-06-11,373200.94533439196,407.286276774772,372793.6590576172,XLF,10736
2021-06-14,369329.9994115404,407.286276774772,368922.7131347656,XLF,10736
2021-06-15,370024.83498282946,407.286276774772,369617.5487060547,XLF,10736
2021-06-16,369627.82118888415,407.286276774772,369220.5349121094,XLF,10736
2021-06-17,358709.94185538805,407.286276774772,358302.6555786133,XLF,10736
2021-06-18,350074.9532689623,407.286276774772,349667.6669921875,XLF,10736
2021-06-21,358235.97438712633,407.286276774772,357828.68811035156,XLF,10736
2021-06-22,358833.78853507555,407.286276774772,358426.5022583008,XLF,10736
2021-06-23,359531.5318822435,407.286276774772,359124.24560546875,XLF,10736
2021-06-24,364015.48610587633,407.286276774772,363608.19982910156,XLF,10736
2021-06-25,368399.9616307787,407.286276774772,367992.6753540039,XLF,10736
2021-06-28,365709.49080558337,407.286276774772,365302.2045288086,XLF,10736
2021-06-29,364414.09712882555,407.286276774772,364006.8108520508,XLF,10736
2021-06-30,366008.2545384935,407.286276774772,365600.96826171875,XLF,10736
2021-07-01,367794.28053223743,410.5700219835271,367383.7105102539,XLE,7864
2021-07-02,366989.9232629503,410.5700219835271,366579.3532409668,XLE,7864
2021-07-06,355058.8387597765,410.5700219835271,354648.26873779297,XLE,7864
2021-07-07,349294.3633264269,410.5700219835271,348883.79330444336,XLE,7864
2021-07-08,347283.48515259876,410.5700219835271,346872.91513061523,XLE,7864
2021-07-09,354656.6751245226,410.5700219835271,354246.10510253906,XLE,7864
2021-07-12,354120.44694459095,410.5700219835271,353709.8769226074,XLE,7864
2021-07-13,351439.30604493275,410.5700219835271,351028.7360229492,XLE,7864
2021-07-14,340982.8715356554,410.5700219835271,340572.3015136719,XLE,7864
2021-07-15,336223.77519166126,410.5700219835271,335813.20516967773,XLE,7864
2021-07-16,326705.76249634876,410.5700219835271,326295.19247436523,XLE,7864
2021-07-19,315176.78163087025,410.5700219835271,314766.2116088867,XLE,7864
2021-07-20,319399.55979859486,410.5700219835271,318988.9897766113,XLE,7864
2021-07-21,330526.31703126087,410.5700219835271,330115.74700927734,XLE,7864
2021-07-22,326839.7970422472,410.5700219835271,326429.2270202637,XLE,7864
2021-07-23,325633.2761377062,410.5700219835271,325222.70611572266,XLE,7864
2021-07-26,333676.6988366808,410.5700219835271,333266.12881469727,XLE,7864
2021-07-27,330593.424300548,410.5700219835271,330182.85427856445,XLE,7864
2021-07-28,333609.71156251087,410.5700219835271,333199.14154052734,XLE,7864
2021-07-29,336827.11064088,410.5700219835271,336416.5406188965,XLE,7864
2021-07-30,331464.768844005,410.5700219835271,331054.1988220215,XLE,7864
2021-08-02,328984.70976197376,410.5700219835271,328574.13973999023,XLE,7864
2021-08-03,334615.12065064564,410.5700219835271,334204.5506286621,XLE,7864
2021-08-04,325566.1688684191,410.5700219835271,325155.59884643555,XLE,7864
2021-08-05,329252.8688501085,410.5700219835271,328842.298828125,XLE,7864
2021-08-06,332269.1261132921,410.5700219835271,331858.5560913086,XLE,7864
2021-08-09,327577.1370385851,410.5700219835271,327166.56701660156,XLE,7864
2021-08-10,333341.6124719347,410.5700219835271,332931.0424499512,XLE,7864
2021-08-11,335955.7060998644,410.5700219835271,335545.13607788086,XLE,7864
2021-08-12,335620.5297387804,410.5700219835271,335209.9597167969,XLE,7864
2021-08-13,331665.79066407337,410.5700219835271,331255.22064208984,XLE,7864
2021-08-16,325566.1688684191,410.5700219835271,325155.59884643555,XLE,7864
2021-08-17,322214.8252404894,410.5700219835271,321804.25521850586,XLE,7864
2021-08-18,315511.9879907335,410.5700219835271,315101.41796875,XLE,7864
2021-08-19,307334.4407495226,410.5700219835271,306923.87072753906,XLE,7864
2021-08-20,308004.79347169056,410.5700219835271,307594.22344970703,XLE,7864
2021-08-23,319533.7143396105,410.5700219835271,319123.14431762695,XLE,7864
2021-08-24,324828.9188684191,410.5700219835271,324418.34884643555,XLE,7864
2021-08-25,327308.9779504503,410.5700219835271,326898.4079284668,XLE,7864
2021-08-26,322348.8597863878,410.5700219835271,321938.2897644043,XLE,7864
2021-08-27,330928.5106652941,410.5700219835271,330517.94064331055,XLE,7864
2021-08-30,327040.87885987415,410.5700219835271,326630.3088378906,XLE,7864
2021-08-31,324828.9188684191,410.5700219835271,324418.34884643555,XLE,7864
2021-09-01,320069.9125207628,410.5700219835271,319659.3424987793,XLE,7864
2021-09-02,328180.35249268665,410.5700219835271,327769.7824707031,XLE,7864
2021-09-03,326303.50886475696,410.5700219835271,325892.93884277344,XLE,7864
2021-09-07,324359.73796021595,410.5700219835271,323949.1679382324,XLE,7864
2021-09-08,320203.97706544056,410.5700219835271,319793.40704345703,XLE,7864
2021-09-09,320874.29978882923,410.5700219835271,320463.7297668457,XLE,7864
2021-09-10,320740.2052453722,410.5700219835271,320329.6352233887,XLE,7864
2021-09-13,329923.1015771593,410.5700219835271,329512.5315551758,XLE,7864
2021-09-14,325164.09522950306,410.5700219835271,324753.52520751953,XLE,7864
2021-09-15,337296.26155030384,410.5700219835271,336885.6915283203,XLE,7864
2021-09-16,333475.58702027454,410.5700219835271,333065.016998291,XLE,7864
2021-09-17,330995.5879358019,410.5700219835271,330585.01791381836,XLE,7864
2021-09-20,320900.5187219347,410.5700219835271,320489.9486999512,XLE,7864
2021-09-21,321646.82835328236,410.5700219835271,321236.2583312988,XLE,7864
2021-09-22,331551.88529908314,410.5700219835271,331141.3152770996,XLE,7864
2021-09-23,343153.01322877064,410.5700219835271,342742.4432067871,XLE,7864
2021-09-24,345731.0483239855,410.5700219835271,345320.47830200195,XLE,7864
2021-09-27,358010.6886438097,410.5700219835271,357600.1186218262,XLE,7864
2021-09-28,359231.8489526476,410.5700219835271,358821.27893066406,XLE,7864
2021-09-29,359231.8489526476,410.5700219835271,358821.27893066406,XLE,7864
2021-09-30,353804.3498071398,410.5700219835271,353393.77978515625,XLE,7864
2021-10-01,364582.7657253908,401.8221981691313,364180.9435272217,VNQ,4130
2021-10-04,364653.2837612795,401.8221981691313,364251.46156311035,VNQ,4130
2021-10-05,362148.2549984621,401.8221981691313,361746.43280029297,VNQ,4130
2021-10-06,365605.93894316425,401.8221981691313,365204.1167449951,VNQ,4130
2021-10-07,366593.7901241945,401.8221981691313,366191.9679260254,VNQ,4130
2021-10-08,363136.1376888918,401.8221981691313,362734.31549072266,VNQ,4130
2021-10-11,364053.56536223163,401.8221981691313,363651.7431640625,VNQ,4130
2021-10-12,368816.58919646015,401.8221981691313,368414.766998291,VNQ,4130
2021-10-13,371498.1021053957,401.8221981691313,371096.27990722656,VNQ,4130
2021-10-14,376014.1237576174,401.8221981691313,375612.30155944824,VNQ,4130
2021-10-15,375731.8625576662,401.8221981691313,375330.04035949707,VNQ,4130
2021-10-18,376684.5492489504,401.8221981691313,376282.72705078125,VNQ,4130
2021-10-19,376860.8758480715,401.8221981691313,376459.05364990234,VNQ,4130
2021-10-20,382788.29802824726,401.8221981691313,382386.4758300781,VNQ,4130
2021-10-21,383317.56141020526,401.8221981691313,382915.73921203613,VNQ,4130
2021-10-22,385116.9056637453,401.8221981691313,384715.0834655762,VNQ,4130
2021-10-25,386351.66449858417,401.8221981691313,385949.84230041504,VNQ,4130
2021-10-26,387410.1912625002,401.8221981691313,387008.36906433105,VNQ,4130
2021-10-27,384128.9284451174,401.8221981691313,383727.10624694824,VNQ,4130
2021-10-28,389491.89124418964,401.8221981691313,389090.0690460205,VNQ,4130
2021-10-29,385116.9056637453,401.8221981691313,384715.0834655762,VNQ,4130
2021-11-01,387022.153008716,401.8221981691313,386620.3308105469,VNQ,4130
2021-11-02,388856.7877895998,401.8221981691313,388454.96559143066,VNQ,4130
2021-11-03,390162.190697925,401.8221981691313,389760.36849975586,VNQ,4130
2021-11-04,386457.56759001483,401.8221981691313,386055.7453918457,VNQ,4130
2021-11-05,388433.3644802736,401.8221981691313,388031.5422821045,VNQ,4130
2021-11-08,388115.87577177753,401.8221981691313,387714.0535736084,VNQ,4130
2021-11-09,388786.2382443117,401.8221981691313,388384.4160461426,VNQ,4130
2021-11-10,386986.83097197284,401.8221981691313,386585.0087738037,VNQ,4130
2021-11-11,387621.87140776386,401.8221981691313,387220.0492095947,VNQ,4130
2021-11-12,387339.6417172121,401.8221981691313,386937.81951904297,VNQ,4130
2021-11-15,390056.38213469257,401.8221981691313,389654.55993652344,VNQ,4130
2021-11-16,387480.7408077883,401.8221981691313,387078.91860961914,VNQ,4130
2021-11-17,388680.36666228046,401.8221981691313,388278.5444641113,VNQ,4130
2021-11-18,388750.94771696796,401.8221981691313,388349.1255187988,VNQ,4130
2021-11-19,386457.56759001483,401.8221981691313,386055.7453918457,VNQ,4130
2021-11-22,384552.35175444355,401.8221981691313,384150.5295562744,VNQ,4130
2021-11-23,387657.22495390644,401.8221981691313,387255.4027557373,VNQ,4130
2021-11-24,392349.69924284687,401.8221981691313,391947.87704467773,VNQ,4130
2021-11-26,381447.5730831789,401.8221981691313,381045.75088500977,VNQ,4130
2021-11-29,384270.1220638918,401.8221981691313,383868.29986572266,VNQ,4130
2021-11-30,377002.0694668459,401.8221981691313,376600.24726867676,VNQ,4130
2021-12-01,369682.9104922518,381.12855560629396,369301.7819366455,XLK,2291
2021-12-02,373078.300018619,381.12855560629396,372697.1714630127,XLK,2291
2021-12-03,366842.3725283846,381.12855560629396,366461.2439727783,XLK,2291
2021-12-06,370326.5201266512,381.12855560629396,369945.3915710449,XLK,2291
2021-12-07,383242.41017181723,381.12855560629396,382861.28161621094,XLK,2291
2021-12-08,384995.6180575594,381.12855560629396,384614.4895019531,XLK,2291
2021-12-09,380845.69752533286,381.12855560629396,380464.56896972656,XLK,2291
2021-12-10,388479.87052948325,381.12855560629396,388098.74197387695,XLK,2291
2021-12-13,382709.826782535,381.12855560629396,382328.6982269287,XLK,2291
2021-12-14,376429.3979037508,381.12855560629396,376048.26934814453,XLK,2291
2021-12-15,386393.7586978182,381.12855560629396,386012.6301422119,XLK,2291
2021-12-16,375452.9891970858,381.12855560629396,375071.8606414795,XLK,2291
2021-12-17,372945.2503054842,381.12855560629396,372564.12174987793,XLK,2291
2021-12-20,368513.9537509188,381.12855560629396,368132.8251953125,XLK,2291
2021-12-21,377830.0205538973,381.12855560629396,377448.891998291,XLK,2291
2021-12-22,382766.03906280844,381.12855560629396,382384.91050720215,XLK,2291
2021-12-23,384900.5675662264,381.12855560629396,384519.4390106201,XLK,2291
2021-12-27,393149.5099490389,381.12855560629396,392768.3813934326,XLK,2291
2021-12-28,391103.98422272055,381.12855560629396,390722.85566711426,XLK,2291
2021-12-29,391437.4474948153,381.12855560629396,391056.318939209,XLK,2291
2021-12-30,388858.32460052817,381.12855560629396,388477.1960449219,XLK,2291
2021-12-31,386968.29154999106,381.12855560629396,386587.16299438477,XLK,2291
2022-01-03,390637.0167849764,381.12855560629396,390255.8882293701,XLK,2291
2022-01-04,386501.42898590415,381.12855560629396,386120.30043029785,XLK,2291
2022-01-05,374628.3676303133,381.12855560629396,374247.23907470703,XLK,2291
2022-01-06,372738.4744113192,381.12855560629396,372357.3458557129,XLK,2291
2022-01-07,369314.3145449862,381.12855560629396,368933.1859893799,XLK,2291
2022-01-10,369381.08410675375,381.12855560629396,368999.95555114746,XLK,2291
2022-01-11,373805.6687472567,381.12855560629396,373424.5401916504,XLK,2291
2022-01-12,375562.1976321444,381.12855560629396,375181.0690765381,XLK,2291
2022-01-13,365845.8280795321,381.12855560629396,365464.6995239258,XLK,2291
2022-01-14,368936.34988434165,381.12855560629396,368555.22132873535,XLK,2291
2022-01-18,360087.14564545004,381.12855560629396,359706.01708984375,XLK,2291
2022-01-19,355062.1942752108,381.12855560629396,354681.0657196045,XLK,2291
2022-01-20,350481.9421694979,381.12855560629396,350100.8136138916,XLK,2291
2022-01-21,343522.6661074862,381.12855560629396,343141.5375518799,XLK,2291
2022-01-24,345301.3233340487,381.12855560629396,344920.1947784424,XLK,2291
2022-01-25,337319.2144931063,381.12855560629396,336938.0859375,XLK,2291
2022-01-26,339298.04057342856,381.12855560629396,338916.91201782227,XLK,2291
2022-01-27,336963.4830477938,381.12855560629396,336582.3544921875,XLK,2291
2022-01-28,351682.5357974276,381.12855560629396,351301.4072418213,XLK,2291
2022-01-31,360509.57673675864,381.12855560629396,360128.44818115234,XLK,2291
2022-02-01,360361.87174844684,377.552870273008,359984.3188781738,XLE,6034
2022-02-02,361521.880995273,377.552870273008,361144.328125,XLE,6034
2022-02-03,358094.5181717867,377.552870273008,357716.9653015137,XLE,6034
2022-02-04,363683.7896485323,377.552870273008,363306.2367782593,XLE,6034
2022-02-07,368323.9877610201,377.552870273008,367946.43489074707,XLE,6034
2022-02-08,360414.536665439,377.552870273008,360036.983795166,XLE,6034
2022-02-09,363420.09677743854,377.552870273008,363042.5439071655,XLE,6034
2022-02-10,361152.7432007784,377.552870273008,360775.1903305054,XLE,6034
2022-02-11,371645.99773263873,377.552870273008,371268.4448623657,XLE,6034
2022-02-14,362892.84914255084,377.552870273008,362515.29627227783,XLE,6034
2022-02-15,359096.3024888033,377.552870273008,358718.7496185303,XLE,6034
2022-02-16,361996.4867310518,377.552870273008,361618.9338607788,XLE,6034
2022-02-17,361416.48210763873,377.552870273008,361038.9292373657,XLE,6034
2022-02-18,359201.86250162066,377.552870273008,358824.30963134766,XLE,6034
2022-02-22,353401.5860886568,377.552870273008,353024.0332183838,XLE,6034
2022-02-23,357039.9078125948,377.552870273008,356662.3549423218,XLE,6034
2022-02-24,354245.23754739703,377.552870273008,353867.684677124,XLE,6034
2022-02-25,363578.3677430147,377.552870273008,363200.8148727417,XLE,6034
2022-02-28,372542.40617990436,377.552870273008,372164.85330963135,XLE,6034
2022-03-01,375722.2869139513,375722.2869139513,0.0,TIPX,0
2022-03-02,375722.2869139513,375722.2869139513,0.0,TIPX,0
2022-03-03,375722.2869139513,375722.2869139513,0.0,TIPX,0
2022-03-04,375722.2869139513,375722.2869139513,0.0,TIPX,0
2022-03-07,375722.2869139513,375722.2869139513,0.0,TIPX,0
2022-03-08,375722.2869139513,375722.2869139513,0.0,TIPX,0
2022-03-09,375722.2869139513,375722.2869139513,0.0,TIPX,0
2022-03-10,375722.2869139513,375722.2869139513,0.0,TIPX,0
2022-03-11,375722.2869139513,375722.2869139513,0.0,TIPX,0
2022-03-14,375722.2869139513,375722.2869139513,0.0,TIPX,0
2022-03-15,375722.2869139513,375722.2869139513,0.0,TIPX,0
2022-03-16,375722.2869139513,375722.2869139513,0.0,TIPX,0
2022-03-17,375722.2869139513,375722.2869139513,0.0,TIPX,0
2022-03-18,375722.2869139513,375722.2869139513,0.0,TIPX,0
2022-03-21,375722.2869139513,375722.2869139513,0.0,TIPX,0
2022-03-22,375722.2869139513,375722.2869139513,0.0,TIPX,0
2022-03-23,375722.2869139513,375722.2869139513,0.0,TIPX,0
2022-03-24,375722.2869139513,375722.2869139513,0.0,TIPX,0
2022-03-25,375722.2869139513,375722.2869139513,0.0,TIPX,0
2022-03-28,375722.2869139513,375722.2869139513,0.0,TIPX,0
2022-03-29,375722.2869139513,375722.2869139513,0.0,TIPX,0
2022-03-30,375722.2869139513,375722.2869139513,0.0,TIPX,0
2022-03-31,375722.2869139513,375722.2869139513,0.0,TIPX,0
2022-04-01,375160.18869514024,428.0428211168037,374732.14587402344,XLE,5512
2022-04-04,375646.5762683824,428.0428211168037,375218.5334472656,XLE,5512
2022-04-05,369762.5314075426,428.0428211168037,369334.4885864258,XLE,5512
2022-04-06,371950.77084846055,428.0428211168037,371522.72802734375,XLE,5512
2022-04-07,376813.6373035387,428.0428211168037,376385.5944824219,XLE,5512
2022-04-08,387171.55630988633,428.0428211168037,386743.51348876953,XLE,5512
2022-04-11,375549.3071643785,428.0428211168037,375121.2643432617,XLE,5512
2022-04-12,381773.7728626207,428.0428211168037,381345.7300415039,XLE,5512
2022-04-13,387463.27951545274,428.0428211168037,387035.23669433594,XLE,5512
2022-04-14,388727.6937610582,428.0428211168037,388299.6509399414,XLE,5512
2022-04-18,394417.1583606676,428.0428211168037,393989.1155395508,XLE,5512
2022-04-19,391207.69846076524,428.0428211168037,390779.65563964844,XLE,5512
2022-04-20,392715.2223865465,428.0428211168037,392287.1795654297,XLE,5512
2022-04-21,380266.24893683946,428.0428211168037,379838.20611572266,XLE,5512
2022-04-22,370978.12186164415,428.0428211168037,370550.07904052734,XLE,5512
2022-04-25,358723.8127796129,428.0428211168037,358295.7699584961,XLE,5512
2022-04-26,359210.1162464098,428.0428211168037,358782.07342529297,XLE,5512
2022-04-27,364461.93295783555,428.0428211168037,364033.89013671875,XLE,5512
2022-04-28,375500.65158576524,428.0428211168037,375072.60876464844,XLE,5512
2022-04-29,365872.22983283555,428.0428211168037,365444.18701171875,XLE,5512
2022-05-02,371707.57706183946,428.0428211168037,371279.53424072266,XLE,5512
2022-05-03,382114.10959357774,428.0428211168037,381686.06677246094,XLE,5512
2022-05-04,397967.0390979723,428.0428211168037,397538.99627685547,XLE,5512
2022-05-05,391985.7251331285,428.0428211168037,391557.6823120117,XLE,5512
2022-05-06,403656.58780402696,428.0428211168037,403228.54498291016,XLE,5512
2022-05-09,370297.3642932848,428.0428211168037,369869.32147216797,XLE,5512
2022-05-10,373652.79092902696,428.0428211168037,373224.74810791016,XLE,5512
2022-05-11,378661.5400134996,428.0428211168037,378233.4971923828,XLE,5512
2022-05-12,380266.24893683946,428.0428211168037,379838.20611572266,XLE,5512
2022-05-13,393250.09732551133,428.0428211168037,392822.05450439453,XLE,5512
2022-05-16,403608.1004383043,428.0428211168037,403180.0576171875,XLE,5512
2022-05-17,408276.38663215196,428.0428211168037,407848.34381103516,XLE,5512
2022-05-18,397821.24057502305,428.0428211168037,397393.19775390625,XLE,5512
2022-05-19,396362.41428107774,428.0428211168037,395934.37145996094,XLE,5512
2022-05-20,398064.2661487535,428.0428211168037,397636.2233276367,XLE,5512
2022-05-23,408568.10983771837,428.0428211168037,408140.06701660156,XLE,5512
2022-05-24,410124.2052356676,428.0428211168037,409696.1624145508,XLE,5512
2022-05-25,418585.6080066637,428.0428211168037,418157.5651855469,XLE,5512
2022-05-26,423205.364781566,428.0428211168037,422777.3219604492,XLE,5512
2022-05-27,430937.27029914415,428.0428211168037,430509.22747802734,XLE,5512
2022-05-31,424469.6949207262,428.0428211168037,424041.6520996094,XLE,5512
2022-06-01,430728.53986442124,430728.53986442124,0.0,GLD,0
2022-06-02,430728.53986442124,430728.53986442124,0.0,GLD,0
2022-06-03,430728.53986442124,430728.53986442124,0.0,GLD,0
2022-06-06,430728.53986442124,430728.53986442124,0.0,GLD,0
2022-06-07,430728.53986442124,430728.53986442124,0.0,GLD,0
2022-06-08,430728.53986442124,430728.53986442124,0.0,GLD,0
2022-06-09,430728.53986442124,430728.53986442124,0.0,GLD,0
2022-06-10,430728.53986442124,430728.53986442124,0.0,GLD,0
2022-06-13,430728.53986442124,430728.53986442124,0.0,GLD,0
2022-06-14,430728.53986442124,430728.53986442124,0.0,GLD,0
2022-06-15,430728.53986442124,430728.53986442124,0.0,GLD,0
2022-06-16,430728.53986442124,430728.53986442124,0.0,GLD,0
2022-06-17,430728.53986442124,430728.53986442124,0.0,GLD,0
2022-06-21,430728.53986442124,430728.53986442124,0.0,GLD,0
2022-06-22,430728.53986442124,430728.53986442124,0.0,GLD,0
2022-06-23,430728.53986442124,430728.53986442124,0.0,GLD,0
2022-06-24,430728.53986442124,430728.53986442124,0.0,GLD,0
2022-06-27,430728.53986442124,430728.53986442124,0.0,GLD,0
2022-06-28,430728.53986442124,430728.53986442124,0.0,GLD,0
2022-06-29,430728.53986442124,430728.53986442124,0.0,GLD,0
2022-06-30,430728.53986442124,430728.53986442124,0.0,GLD,0
2022-07-01,430728.53986442124,430728.53986442124,0.0,GLD,0
2022-07-05,430728.53986442124,430728.53986442124,0.0,GLD,0
2022-07-06,430728.53986442124,430728.53986442124,0.0,GLD,0
2022-07-07,430728.53986442124,430728.53986442124,0.0,GLD,0
2022-07-08,430728.53986442124,430728.53986442124,0.0,GLD,0
2022-07-11,430728.53986442124,430728.53986442124,0.0,GLD,0
2022-07-12,430728.53986442124,430728.53986442124,0.0,GLD,0
2022-07-13,430728.53986442124,430728.53986442124,0.0,GLD,0
2022-07-14,430728.53986442124,430728.53986442124,0.0,GLD,0
2022-07-15,430728.53986442124,430728.53986442124,0.0,GLD,0
2022-07-18,430728.53986442124,430728.53986442124,0.0,GLD,0
2022-07-19,430728.53986442124,430728.53986442124,0.0,GLD,0
2022-07-20,430728.53986442124,430728.53986442124,0.0,GLD,0
2022-07-21,430728.53986442124,430728.53986442124,0.0,GLD,0
2022-07-22,430728.53986442124,430728.53986442124,0.0,GLD,0
2022-07-25,430728.53986442124,430728.53986442124,0.0,GLD,0
2022-07-26,430728.53986442124,430728.53986442124,0.0,GLD,0
2022-07-27,430728.53986442124,430728.53986442124,0.0,GLD,0
2022-07-28,430728.53986442124,430728.53986442124,0.0,GLD,0
2022-07-29,430728.53986442124,430728.53986442124,0.0,GLD,0
2022-08-01,430728.53986442124,430728.53986442124,0.0,GLD,0
2022-08-02,430728.53986442124,430728.53986442124,0.0,GLD,0
2022-08-03,430728.53986442124,430728.53986442124,0.0,GLD,0
2022-08-04,430728.53986442124,430728.53986442124,0.0,GLD,0
2022-08-05,430728.53986442124,430728.53986442124,0.0,GLD,0
2022-08-08,430728.53986442124,430728.53986442124,0.0,GLD,0
2022-08-09,430728.53986442124,430728.53986442124,0.0,GLD,0
2022-08-10,430728.53986442124,430728.53986442124,0.0,GLD,0
2022-08-11,430728.53986442124,430728.53986442124,0.0,GLD,0
2022-08-12,430728.53986442124,430728.53986442124,0.0,GLD,0
2022-08-15,430728.53986442124,430728.53986442124,0.0,GLD,0
2022-08-16,430728.53986442124,430728.53986442124,0.0,GLD,0
2022-08-17,430728.53986442124,430728.53986442124,0.0,GLD,0
2022-08-18,430728.53986442124,430728.53986442124,0.0,GLD,0
2022-08-19,430728.53986442124,430728.53986442124,0.0,GLD,0
2022-08-22,430728.53986442124,430728.53986442124,0.0,GLD,0
2022-08-23,430728.53986442124,430728.53986442124,0.0,GLD,0
2022-08-24,430728.53986442124,430728.53986442124,0.0,GLD,0
2022-08-25,430728.53986442124,430728.53986442124,0.0,GLD,0
2022-08-26,430728.53986442124,430728.53986442124,0.0,GLD,0
2022-08-29,430728.53986442124,430728.53986442124,0.0,GLD,0
2022-08-30,430728.53986442124,430728.53986442124,0.0,GLD,0
2022-08-31,430728.53986442124,430728.53986442124,0.0,GLD,0
2022-09-01,430084.11759862455,469.27373418363277,429614.8438644409,XLE,6133
2022-09-02,437962.9862509683,469.27373418363277,437493.71251678467,XLE,6133
2022-09-06,433914.1075964883,469.27373418363277,433444.8338623047,XLE,6133
2022-09-07,428880.557524772,469.27373418363277,428411.2837905884,XLE,6133
2022-09-08,430740.6431952432,469.27373418363277,430271.36946105957,XLE,6133
2022-09-09,441464.5964728311,469.27373418363277,440995.32273864746,XLE,6133
2022-09-12,449562.26019963773,469.27373418363277,449092.9864654541,XLE,6133
2022-09-13,438236.5268851236,469.27373418363277,437767.25315093994,XLE,6133
2022-09-14,450601.8643408731,469.27373418363277,450132.59060668945,XLE,6133
2022-09-15,439002.49681005033,469.27373418363277,438533.2230758667,XLE,6133
2022-09-16,429646.3870764688,469.27373418363277,429177.11334228516,XLE,6133
2022-09-19,429900.8369513467,469.27373418363277,429431.5632171631,XLE,6133
2022-09-20,426914.0689459756,469.27373418363277,426444.795211792,XLE,6133
2022-09-21,420663.9040900186,469.27373418363277,420194.63035583496,XLE,6133
2022-09-22,419170.5668784097,469.27373418363277,418701.2931442261,XLE,6133
2022-09-23,390298.4371672586,469.27373418363277,389829.16343307495,XLE,6133
2022-09-26,380729.7321768716,469.27373418363277,380260.458442688,XLE,6133
2022-09-27,384988.65597447904,469.27373418363277,384519.3822402954,XLE,6133
2022-09-28,402024.21079167875,469.27373418363277,401554.9370574951,XLE,6133
2022-09-29,402024.21079167875,469.27373418363277,401554.9370574951,XLE,6133
2022-09-30,398816.2613669351,469.27373418363277,398346.98763275146,XLE,6133
2022-10-03,420066.8680981725,444.7676228611963,419622.1004753113,XLU,6829
2022-10-04,428965.9504040807,444.7676228611963,428521.1827812195,XLU,6829
2022-10-05,419444.6502904027,444.7676228611963,418999.8826675415,XLU,6829
2022-10-06,405629.35696307116,444.7676228611963,405184.58934020996,XLU,6829
2022-10-07,397228.2573079198,444.7676228611963,396783.4896850586,XLU,6829
2022-10-10,397912.7620228856,444.7676228611963,397467.9944000244,XLU,6829
2022-10-11,396481.4396351903,444.7676228611963,396036.6720123291,XLU,6829
2022-10-12,383288.5464696019,444.7676228611963,382843.7788467407,XLU,6829
2022-10-13,392872.0813893407,444.7676228611963,392427.3137664795,XLU,6829
2022-10-14,387209.1047963231,444.7676228611963,386764.3371734619,XLU,6829
2022-10-17,395299.0825223058,444.7676228611963,394854.3148994446,XLU,6829
2022-10-18,402517.85111514025,444.7676228611963,402073.08349227905,XLU,6829
2022-10-19,397290.4139622777,444.7676228611963,396845.6463394165,XLU,6829
2022-10-20,387271.28750124865,444.7676228611963,386826.51987838745,XLU,6829
2022-10-21,394427.8733891576,444.7676228611963,393983.1057662964,XLU,6829
2022-10-24,397726.0315541356,444.7676228611963,397281.2639312744,XLU,6829
2022-10-25,405691.6699208348,444.7676228611963,405246.90229797363,XLU,6829
2022-10-26,405504.9134015172,444.7676228611963,405060.145778656,XLU,6829
2022-10-27,408740.9149121373,444.7676228611963,408296.1472892761,XLU,6829
2022-10-28,419942.5026883214,444.7676228611963,419497.7350654602,XLU,6829
2022-10-31,416021.9183110326,444.7676228611963,415577.1506881714,XLU,6829
2022-11-01,417639.893015775,444.7676228611963,417195.1253929138,XLU,6829
2022-11-02,413594.96927920275,444.7676228611963,413150.20165634155,XLU,6829
2022-11-03,415399.64840212755,444.7676228611963,414954.88077926636,XLU,6829
2022-11-04,417951.06704607897,444.7676228611963,417506.2994232178,XLU,6829
2022-11-07,409985.5589322179,444.7676228611963,409540.7913093567,XLU,6829
2022-11-08,412848.15160647326,444.7676228611963,412403.38398361206,XLU,6829
2022-11-09,409612.1240452855,444.7676228611963,409167.3564224243,XLU,6829
2022-11-10,428903.7416485875,444.7676228611963,428458.9740257263,XLU,6829
2022-11-11,424111.97418871813,444.7676228611963,423667.20656585693,XLU,6829
2022-11-14,419071.24145403795,444.7676228611963,418626.47383117676,XLU,6829
2022-11-15,423676.27844515734,444.7676228611963,423231.51082229614,XLU,6829
2022-11-16,427472.3150586217,444.7676228611963,427027.5474357605,XLU,6829
2022-11-17,420004.6593426793,444.7676228611963,419559.8917198181,XLU,6829
2022-11-18,428903.7416485875,444.7676228611963,428458.9740257263,XLU,6829
2022-11-21,430832.9685353368,444.7676228611963,430388.2009124756,XLU,6829
2022-11-22,434504.43133440905,444.7676228611963,434059.66371154785,XLU,6829
2022-11-23,439358.4857014745,444.7676228611963,438913.7180786133,XLU,6829
2022-11-25,441910.034598264,444.7676228611963,441465.26697540283,XLU,6829
2022-11-28,437367.0761097997,444.7676228611963,436922.3084869385,XLU,6829
2022-11-29,434131.0485486119,444.7676228611963,433686.28092575073,XLU,6829
2022-11-30,444959.20143786364,444.7676228611963,444514.43381500244,XLU,6829
2022-12-01,443255.585895799,488.094440720859,442767.4914550781,XLE,5404
2022-12-02,440623.8817637189,488.094440720859,440135.78732299805,XLE,5404
2022-12-05,427562.6208994611,488.094440720859,427074.52645874023,XLE,5404
2022-12-06,416304.5624277814,488.094440720859,415816.46798706055,XLE,5404
2022-12-07,415329.8205454572,488.094440720859,414841.7261047363,XLE,5404
2022-12-08,413477.8439524396,488.094440720859,412989.74951171875,XLE,5404
2022-12-09,403438.2334482892,488.094440720859,402950.13900756836,XLE,5404
2022-12-12,414013.9890940412,488.094440720859,413525.8946533203,XLE,5404
2022-12-13,421860.4509775861,488.094440720859,421372.35653686523,XLE,5404
2022-12-14,419277.4385874494,488.094440720859,418789.3441467285,XLE,5404
2022-12-15,416743.15916850406,488.094440720859,416255.0647277832,XLE,5404
2022-12-16,411625.86735942203,488.094440720859,411137.7729187012,XLE,5404
2022-12-19,411576.63963725406,488.094440720859,411088.5451965332,XLE,5404
2022-12-20,417780.6519663556,488.094440720859,417292.55752563477,XLE,5404
2022-12-21,425708.0056345685,488.094440720859,425219.91119384766,XLE,5404
2022-12-22,415909.5450022443,488.094440720859,415421.45056152344,XLE,5404
2022-12-23,429154.6058542951,488.094440720859,428666.5114135742,XLE,5404
2022-12-27,433733.7735178693,488.094440720859,433245.67907714844,XLE,5404
2022-12-28,424033.80955912906,488.094440720859,423545.7151184082,XLE,5404
2022-12-29,428465.2940561994,488.094440720859,427977.1996154785,XLE,5404
2022-12-30,431173.43721415836,488.094440720859,430685.3427734375,XLE,5404
2023-01-03,416057.3106272443,488.094440720859,415569.21618652344,XLE,5404
2023-01-04,416008.1241343244,488.094440720859,415520.0296936035,XLE,5404
2023-01-05,423590.7188303693,488.094440720859,423102.62438964844,XLE,5404
2023-01-06,431616.5279429181,488.094440720859,431128.43350219727,XLE,5404
2023-01-09,430090.1387217267,488.094440720859,429602.04428100586,XLE,5404
2023-01-10,433142.9583933576,488.094440720859,432654.8639526367,XLE,5404
2023-01-11,434472.354267381,488.094440720859,433984.25982666016,XLE,5404
2023-01-12,442744.3844492658,488.094440720859,442256.2900085449,XLE,5404
2023-01-13,443384.3860666974,488.094440720859,442896.29162597656,XLE,5404
2023-01-17,444319.9601633771,488.094440720859,443831.86572265625,XLE,5404
2023-01-18,436195.61314799625,488.094440720859,435707.5187072754,XLE,5404
2023-01-19,441611.8582346662,488.094440720859,441123.7637939453,XLE,5404
2023-01-20,445994.07378032047,488.094440720859,445505.9793395996,XLE,5404
2023-01-23,446584.93013408023,488.094440720859,446096.8356933594,XLE,5404
2023-01-24,444861.5887949689,488.094440720859,444373.49435424805,XLE,5404
2023-01-25,444910.8577463849,488.094440720859,444422.76330566406,XLE,5404
2023-01-26,458943.68584086734,488.094440720859,458455.5914001465,XLE,5404
2023-01-27,449686.936298631,488.094440720859,449198.84185791016,XLE,5404
2023-01-30,439396.15721537906,488.094440720859,438908.0627746582,XLE,5404
2023-01-31,443285.97185160953,488.094440720859,442797.8774108887,XLE,5404
2023-02-01,434570.850940965,488.094440720859,434082.75650024414,XLE,5404
2023-02-02,424673.9760935529,488.094440720859,424185.88165283203,XLE,5404
2023-02-03,423738.44322612125,488.094440720859,423250.3487854004,XLE,5404
2023-02-06,421818.10853984195,488.094440720859,421330.0140991211,XLE,5404
2023-02-07,435506.30134990055,488.094440720859,435018.2069091797,XLE,5404
2023-02-08,431616.5279429181,488.094440720859,431128.43350219727,XLE,5404
2023-02-09,427923.62419535953,488.094440720859,427435.5297546387,XLE,5404
2023-02-10,444664.5542185529,488.094440720859,444176.45977783203,XLE,5404
2023-02-13,443532.19292094547,488.094440720859,443044.0984802246,XLE,5404
2023-02-14,443679.8760874494,488.094440720859,443191.7816467285,XLE,5404
2023-02-15,436146.5091135724,488.094440720859,435658.41467285156,XLE,5404
2023-02-16,431862.707783006,488.094440720859,431374.61334228516,XLE,5404
2023-02-17,416500.4425852521,488.094440720859,416012.34814453125,XLE,5404
2023-02-21,414432.46596171695,488.094440720859,413944.3715209961,XLE,5404
2023-02-22,411675.09508159,488.094440720859,411187.00064086914,XLE,5404
2023-02-23,417879.1486399396,488.094440720859,417391.05419921875,XLE,5404
2023-02-24,417337.47877909977,488.094440720859,416849.3843383789,XLE,5404
2023-02-27,418568.50166728336,488.094440720859,418080.4072265625,XLE,5404
2023-02-28,412561.4414561017,488.094440720859,412073.34701538086,XLE,5404
2023-03-01,420685.7060129865,488.094440720859,420197.6115722656,XLE,5404
2023-03-02,424378.527302049,488.094440720859,423890.4328613281,XLE,5404
2023-03-03,430139.4489023908,488.094440720859,429651.3544616699,XLE,5404
2023-03-06,430336.35979106266,488.094440720859,429848.2653503418,XLE,5404
2023-03-07,422852.1793101056,488.094440720859,422364.08486938477,XLE,5404
2023-03-08,418519.23271586734,488.094440720859,418031.1382751465,XLE,5404
2023-03-09,412610.6691782697,488.094440720859,412122.5747375488,XLE,5404
2023-03-10,407342.18971659977,488.094440720859,406854.0952758789,XLE,5404
2023-03-13,399070.11830546695,488.094440720859,398582.0238647461,XLE,5404
2023-03-14,403009.20189311344,488.094440720859,402521.1074523926,XLE,5404
2023-03-15,381393.73787333805,488.094440720859,380905.6434326172,XLE,5404
2023-03-16,385529.69112040836,488.094440720859,385041.5966796875,XLE,5404
2023-03-17,379473.48564555484,488.094440720859,378985.391204834,XLE,5404
2023-03-20,387060.65678813297,488.094440720859,386572.5623474121,XLE,5404
2023-03-21,400443.9180796369,488.094440720859,399955.823638916,XLE,5404
2023-03-22,391936.2627451642,488.094440720859,391448.16830444336,XLE,5404
2023-03-23,386513.37974955875,488.094440720859,386025.2853088379,XLE,5404
2023-03-24,388005.9197581037,488.094440720859,387517.8253173828,XLE,5404
2023-03-27,396264.7153513654,488.094440720859,395776.62091064453,XLE,5404
2023-03-28,402384.20772197086,488.094440720859,401896.11328125,XLE,5404
2023-03-29,407956.4230540021,488.094440720859,407468.32861328125,XLE,5404
2023-03-30,409747.4628184064,488.094440720859,409259.36837768555,XLE,5404
2023-03-31,412583.3341868146,488.094440720859,412095.23974609375,XLE,5404
2023-04-03,429950.08636498766,525.0650408299407,429425.0213241577,XLI,4403
2023-04-04,420332.9013369115,525.0650408299407,419807.83629608154,XLI,4403
2023-04-05,414867.64802575426,525.0650408299407,414342.5829849243,XLI,4403
2023-04-06,414740.56864190416,525.0650408299407,414215.5036010742,XLI,4403
2023-04-10,418511.19502282457,525.0650408299407,417986.1299819946,XLI,4403
2023-04-11,421010.75882745103,525.0650408299407,420485.6937866211,XLI,4403
2023-04-12,422408.86719537096,525.0650408299407,421883.802154541,XLI,4403
2023-04-13,423976.38114953355,525.0650408299407,423451.3161087036,XLI,4403
2023-04-14,423468.03002190904,525.0650408299407,422942.9649810791,XLI,4403
2023-04-17,426814.9576799901,525.0650408299407,426289.89263916016,XLI,4403
2023-04-18,428848.4965593846,525.0650408299407,428323.4315185547,XLI,4403
2023-04-19,428509.5846102269,525.0650408299407,427984.519569397,XLI,4403
2023-04-20,427747.00753045396,525.0650408299407,427221.942489624,XLI,4403
2023-04-21,426772.5642931493,525.0650408299407,426247.49925231934,XLI,4403
2023-04-24,427789.36732507066,525.0650408299407,427264.3022842407,XLI,4403
2023-04-25,419909.23620629625,525.0650408299407,419384.1711654663,XLI,4403
2023-04-26,411986.8124773534,525.0650408299407,411461.74743652344,XLI,4403
2023-04-27,420121.06877160387,525.0650408299407,419596.0037307739,XLI,4403
2023-04-28,424188.2808992894,525.0650408299407,423663.2158584595,XLI,4403
2023-05-01,425200.05085208634,510.14026859024307,424689.9105834961,XLK,2865
2023-05-02,421232.2601721547,510.14026859024307,420722.11990356445,XLK,2865
2023-05-03,417686.5516302846,510.14026859024307,417176.41136169434,XLK,2865
2023-05-04,415688.57959964493,510.14026859024307,415178.4393310547,XLK,2865
2023-05-05,426100.56560733536,510.14026859024307,425590.4253387451,XLK,2865
2023-05-08,425875.3822729848,510.14026859024307,425365.24200439453,XLK,2865
2023-05-09,422611.16382816056,510.14026859024307,422101.0235595703,XLK,2865
2023-05-10,427760.78449466446,510.14026859024307,427250.6442260742,XLK,2865
2023-05-11,425847.18517520645,510.14026859024307,425337.0449066162,XLK,2865
2023-05-12,425284.423563268,510.14026859024307,424774.28329467773,XLK,2865
2023-05-15,428801.8912909291,510.14026859024307,428291.75102233887,XLK,2865
2023-05-16,429252.17052676895,510.14026859024307,428742.0302581787,XLK,2865
2023-05-17,434964.55280521134,510.14026859024307,434454.4125366211,XLK,2865
2023-05-18,443856.9119665883,510.14026859024307,443346.77169799805,XLK,2865
2023-05-19,443659.88201358536,510.14026859024307,443149.7417449951,XLK,2865
2023-05-22,444504.0900061391,510.14026859024307,443993.9497375488,XLK,2865
2023-05-23,437947.4560187123,510.14026859024307,437437.31575012207,XLK,2865
2023-05-24,434739.4569037221,510.14026859024307,434229.31663513184,XLK,2865
2023-05-25,451398.3459875844,510.14026859024307,450888.20571899414,XLK,2865
2023-05-26,464202.18906619766,510.14026859024307,463692.0487976074,XLK,2865
2023-05-30,466678.54999759415,510.14026859024307,466168.4097290039,XLK,2865
2023-05-31,462795.1757452748,510.14026859024307,462285.03547668457,XLK,2865
2023-06-01,467494.42974307755,510.14026859024307,466984.2894744873,XLK,2865
2023-06-02,470167.82062747696,510.14026859024307,469657.6803588867,XLK,2865
2023-06-05,467466.3637945912,510.14026859024307,466956.223526001,XLK,2865
2023-06-06,467353.79398563126,510.14026859024307,466843.653717041,XLK,2865
2023-06-07,460375.077860143,510.14026859024307,459864.93759155273,XLK,2865
2023-06-08,465355.8656714223,510.14026859024307,464845.72540283203,XLK,2865
2023-06-09,467663.3500311635,510.14026859024307,467153.20976257324,XLK,2865
2023-06-12,477821.91189029434,510.14026859024307,477311.7716217041,XLK,2865
2023-06-13,480720.3112433217,510.14026859024307,480210.17097473145,XLK,2865
2023-06-14,485672.989389684,510.14026859024307,485162.84912109375,XLK,2865
2023-06-15,491920.0673315785,510.14026859024307,491409.9270629883,XLK,2865
2023-06-16,487867.90394046524,510.14026859024307,487357.763671875,XLK,2865
2023-06-20,484574.2643378041,510.14026859024307,484064.12406921387,XLK,2865
2023-06-21,477411.72062137345,510.14026859024307,476901.5803527832,XLK,2865
2023-06-22,481303.18241336563,510.14026859024307,480793.0421447754,XLK,2865
2023-06-23,476086.4570257924,510.14026859024307,475576.31675720215,XLK,2865
2023-06-26,472674.34589603165,510.14026859024307,472164.2056274414,XLK,2865
2023-06-27,481980.0439093373,510.14026859024307,481469.90364074707,XLK,2865
2023-06-28,482261.97117068985,510.14026859024307,481751.8309020996,XLK,2865
2023-06-29,483107.9715369008,510.14026859024307,482597.83126831055,XLK,2865
2023-06-30,490778.0630133412,510.14026859024307,490267.922744751,XLK,2865
2023-07-03,489734.7266791127,510.14026859024307,489224.58641052246,XLK,2865
2023-07-05,486717.4186346791,510.14026859024307,486207.27836608887,XLK,2865
2023-07-06,485420.26470401505,510.14026859024307,484910.1244354248,XLK,2865
2023-07-07,483305.35122134903,510.14026859024307,482795.2109527588,XLK,2865
2023-07-10,484574.2643378041,510.14026859024307,484064.12406921387,XLK,2865
2023-07-11,485617.6006720326,510.14026859024307,485107.4604034424,XLK,2865
2023-07-12,491116.4719031117,510.14026859024307,490606.3316345215,XLK,2865
2023-07-13,497517.56283023575,510.14026859024307,497007.4225616455,XLK,2865
2023-07-14,496784.52572086075,510.14026859024307,496274.3854522705,XLK,2865
2023-07-17,503129.2661688588,510.14026859024307,502619.12590026855,XLK,2865
2023-07-18,508825.4296515248,510.14026859024307,508315.28938293457,XLK,2865
2023-07-19,507556.4728186391,510.14026859024307,507046.3325500488,XLK,2865
2023-07-20,497433.1026861928,510.14026859024307,496922.96241760254,XLK,2865
2023-07-21,497179.2413733266,510.14026859024307,496669.1011047363,XLK,2865
2023-07-24,498053.4388373158,510.14026859024307,497543.2985687256,XLK,2865
2023-07-25,503749.6460364125,510.14026859024307,503239.50576782227,XLK,2865
2023-07-26,496981.905405309,510.14026859024307,496471.76513671875,XLK,2865
2023-07-27,495543.678552892,510.14026859024307,495033.53828430176,XLK,2865
2023-07-28,502283.26580264786,510.14026859024307,501773.1255340576,XLK,2865
2023-07-31,503439.52167728165,510.14026859024307,502929.3814086914,XLK,2865
2023-08-01,504285.3908942006,510.14026859024307,503775.25062561035,XLK,2865
2023-08-02,491821.4430640004,510.14026859024307,491311.30279541016,XLK,2865
2023-08-03,489819.3616888783,510.14026859024307,489309.2214202881,XLK,2865
2023-08-04,483164.4094488881,510.14026859024307,482654.26918029785,XLK,2865
2023-08-07,484517.91385867813,510.14026859024307,484007.7735900879,XLK,2865
2023-08-08,480795.7220862172,510.14026859024307,480285.58181762695,XLK,2865
2023-08-09,474591.7922613881,510.14026859024307,474081.65199279785,XLK,2865
2023-08-10,474648.2301733754,510.14026859024307,474138.08990478516,XLK,2865
2023-08-11,471151.57146671036,510.14026859024307,470641.4311981201,XLK,2865
2023-08-14,478652.52407291153,510.14026859024307,478142.3838043213,XLK,2865
2023-08-15,473943.3027289174,510.14026859024307,473433.16246032715,XLK,2865
2023-08-16,469431.4173529408,510.14026859024307,468921.2770843506,XLK,2865
2023-08-17,464976.10103824356,510.14026859024307,464465.9607696533,XLK,2865
2023-08-18,465680.9847662709,510.14026859024307,465170.84449768066,XLK,2865
2023-08-21,474563.63888004044,510.14026859024307,474053.4986114502,XLK,2865
2023-08-22,474027.8503058217,510.14026859024307,473517.71003723145,XLK,2865
2023-08-23,482572.18296268204,510.14026859024307,482062.0426940918,XLK,2865
2023-08-24,471461.6958258412,510.14026859024307,470951.555557251,XLK,2865
2023-08-25,476255.59589603165,510.14026859024307,475745.4556274414,XLK,2865
2023-08-28,480147.05768802384,510.14026859024307,479636.9174194336,XLK,2865
2023-08-29,489762.9674933217,510.14026859024307,489252.82722473145,XLK,2865
2023-08-30,493456.9621680043,510.14026859024307,492946.82189941406,XLK,2865
2023-08-31,495853.8903448842,510.14026859024307,495343.75007629395,XLK,2865
2023-09-01,497376.7522070668,510.14026859024307,496866.61193847656,XLK,2865
2023-09-05,499153.21308353165,510.14026859024307,498643.0728149414,XLK,2865
2023-09-06,493880.0497839711,510.14026859024307,493369.90951538086,XLK,2865
2023-09-07,486745.61573245743,510.14026859024307,486235.4754638672,XLK,2865
2023-09-08,487760.7549689076,510.14026859024307,487250.6147003174,XLK,2865
2023-09-11,490298.75606754044,510.14026859024307,489788.6157989502,XLK,2865
2023-09-12,481416.05823734024,510.14026859024307,480905.91796875,XLK,2865
2023-09-13,482628.5771582387,510.14026859024307,482118.43688964844,XLK,2865
2023-09-14,486125.2358649037,510.14026859024307,485615.0955963135,XLK,2865
2023-09-15,476791.3844702504,510.14026859024307,476281.24420166016,XLK,2865
2023-09-18,479080.4204962514,510.14026859024307,478570.28022766113,XLK,2865
2023-09-19,478826.0345862172,510.14026859024307,478315.89431762695,XLK,2865
2023-09-20,471309.081766393,510.14026859024307,470798.94149780273,XLK,2865
2023-09-21,464131.1935827992,510.14026859024307,463621.053314209,XLK,2865
2023-09-22,465120.40897586563,510.14026859024307,464610.2687072754,XLK,2865
2023-09-25,466618.0464575551,510.14026859024307,466107.90618896484,XLK,2865
2023-09-26,458225.0600836537,510.14026859024307,457714.9198150635,XLK,2865
2023-09-27,458931.51760318497,510.14026859024307,458421.3773345947,XLK,2865
2023-09-28,462181.3533423207,510.14026859024307,461671.21307373047,XLK,2865
2023-09-29,463763.8881323598,510.14026859024307,463253.74786376953,XLK,2865
2023-10-02,468737.50644901016,510.14026859024307,468227.3661804199,XLK,2865
2023-10-03,460796.6791174672,510.14026859024307,460286.53884887695,XLK,2865
2023-10-04,466533.28029849747,510.14026859024307,466023.1400299072,XLK,2865
2023-10-05,467155.05909183243,510.14026859024307,466644.9188232422,XLK,2865
2023-10-06,475887.11010196427,510.14026859024307,475376.969833374,XLK,2865
2023-10-09,478345.6347296498,510.14026859024307,477835.49446105957,XLK,2865
2023-10-10,479080.4204962514,510.14026859024307,478570.28022766113,XLK,2865
2023-10-11,483517.0261786244,510.14026859024307,483006.8859100342,XLK,2865
2023-10-12,483969.27265384415,510.14026859024307,483459.1323852539,XLK,2865
2023-10-13,477045.7703802846,510.14026859024307,476535.63011169434,XLK,2865
2023-10-16,481623.7549994252,510.14026859024307,481113.61473083496,XLK,2865
2023-10-17,479391.24431827286,510.14026859024307,478881.1040496826,XLK,2865
2023-10-18,474474.10763004044,510.14026859024307,473963.9673614502,XLK,2865
2023-10-19,471761.1970923207,510.14026859024307,471251.05682373047,XLK,2865
2023-10-20,463792.12894656876,510.14026859024307,463281.9886779785,XLK,2865
2023-10-23,464329.09786441544,510.14026859024307,463818.9575958252,XLK,2865
2023-10-24,467522.3645422719,510.14026859024307,467012.22427368164,XLK,2865
2023-10-25,462011.8210242055,510.14026859024307,461501.68075561523,XLK,2865
2023-10-26,453195.003855016,510.14026859024307,452684.8635864258,XLK,2865
2023-10-27,455823.01708438614,510.14026859024307,455312.8768157959,XLK,2865
2023-10-30,460711.8692419789,510.14026859024307,460201.7289733887,XLK,2865
2023-10-31,463989.94579532364,510.14026859024307,463479.8055267334,XLK,2865
2023-11-01,472239.3975971196,472239.3975971196,0.0,SHY,0
2023-11-02,472239.3975971196,472239.3975971196,0.0,SHY,0
2023-11-03,472239.3975971196,472239.3975971196,0.0,SHY,0
2023-11-06,472239.3975971196,472239.3975971196,0.0,SHY,0
2023-11-07,472239.3975971196,472239.3975971196,0.0,SHY,0
2023-11-08,472239.3975971196,472239.3975971196,0.0,SHY,0
2023-11-09,472239.3975971196,472239.3975971196,0.0,SHY,0
2023-11-10,472239.3975971196,472239.3975971196,0.0,SHY,0
2023-11-13,472239.3975971196,472239.3975971196,0.0,SHY,0
2023-11-14,472239.3975971196,472239.3975971196,0.0,SHY,0
2023-11-15,472239.3975971196,472239.3975971196,0.0,SHY,0
2023-11-16,472239.3975971196,472239.3975971196,0.0,SHY,0
2023-11-17,472239.3975971196,472239.3975971196,0.0,SHY,0
2023-11-20,472239.3975971196,472239.3975971196,0.0,SHY,0
2023-11-21,472239.3975971196,472239.3975971196,0.0,SHY,0
2023-11-22,472239.3975971196,472239.3975971196,0.0,SHY,0
2023-11-24,472239.3975971196,472239.3975971196,0.0,SHY,0
2023-11-27,472239.3975971196,472239.3975971196,0.0,SHY,0
2023-11-28,472239.3975971196,472239.3975971196,0.0,SHY,0
2023-11-29,472239.3975971196,472239.3975971196,0.0,SHY,0
2023-11-30,472239.3975971196,472239.3975971196,0.0,SHY,0
2023-12-01,471532.9204682973,548.1679200795479,470984.7525482178,XLK,2573
2023-12-04,465797.222287145,548.1679200795479,465249.05436706543,XLK,2573
2023-12-05,468588.905301061,548.1679200795479,468040.73738098145,XLK,2573
2023-12-06,464629.76122757467,548.1679200795479,464081.5933074951,XLK,2573
2023-12-07,470263.9308137563,548.1679200795479,469715.76289367676,XLK,2573
2023-12-08,474273.839184728,548.1679200795479,473725.67126464844,XLK,2573
2023-12-11,478410.6386689809,548.1679200795479,477862.47074890137,XLK,2573
2023-12-12,481583.03428360494,548.1679200795479,481034.8663635254,XLK,2573
2023-12-13,485821.3623628286,548.1679200795479,485273.194442749,XLK,2573
2023-12-14,484628.49952408345,548.1679200795479,484080.3316040039,XLK,2573
2023-12-15,487064.87171646627,548.1679200795479,486516.7037963867,XLK,2573
2023-12-18,488519.8008241323,548.1679200795479,487971.63290405273,XLK,2573
2023-12-19,490376.52561661275,548.1679200795479,489828.3576965332,XLK,2573
2023-12-20,482974.9104432729,548.1679200795479,482426.74252319336,XLK,2573
2023-12-21,488392.6348848012,548.1679200795479,487844.4669647217,XLK,2573
2023-12-22,489028.42532059224,548.1679200795479,488480.2574005127,XLK,2573
2023-12-26,491063.2766542104,548.1679200795479,490515.10873413086,XLK,2573
2023-12-27,491037.7963533071,548.1679200795479,490489.62843322754,XLK,2573
2023-12-28,491622.861752477,548.1679200795479,491074.69383239746,XLK,2573
2023-12-29,490122.19373795064,548.1679200795479,489574.0258178711,XLK,2573
2024-01-02,477302.89338394674,548.1679200795479,476754.7254638672,XLK,2573
2024-01-03,472444.7933015493,548.1679200795479,471896.6253814697,XLK,2573
2024-01-04,468985.67559525045,548.1679200795479,468437.5076751709,XLK,2573
2024-01-05,468858.47039505513,548.1679200795479,468310.3024749756,XLK,2573
2024-01-08,480609.48263260396,548.1679200795479,480061.3147125244,XLK,2573
2024-01-09,481372.4782685903,548.1679200795479,480824.31034851074,XLK,2573
2024-01-10,485467.54345413717,548.1679200795479,484919.3755340576,XLK,2573
2024-01-11,487934.73542496236,548.1679200795479,487386.5675048828,XLK,2573
2024-01-12,489511.80508133443,548.1679200795479,488963.6371612549,XLK,2573
2024-01-16,490732.6216554311,548.1679200795479,490184.45373535156,XLK,2573
2024-01-17,488316.31176468404,548.1679200795479,487768.1438446045,XLK,2573
2024-01-18,498210.5206880239,548.1679200795479,497662.35276794434,XLK,2573
2024-01-19,509681.7207460073,548.1679200795479,509133.55282592773,XLK,2573
2024-01-22,511920.0611390737,548.1679200795479,511371.89321899414,XLK,2573
2024-01-23,513980.23573013814,548.1679200795479,513432.0678100586,XLK,2573
2024-01-24,517515.7158174184,548.1679200795479,516967.54789733887,XLK,2573
2024-01-25,519677.6938295034,548.1679200795479,519129.5259094238,XLK,2573
2024-01-26,513700.46281143697,548.1679200795479,513152.2948913574,XLK,2573
2024-01-29,518405.91665360006,548.1679200795479,517857.7487335205,XLK,2573
2024-01-30,514132.803448644,548.1679200795479,513584.63552856445,XLK,2573
2024-01-31,503348.35442825826,548.1679200795479,502800.1865081787,XLK,2573
2024-02-01,509681.7207460073,548.1679200795479,509133.55282592773,XLK,2573
2024-02-02,514946.7989473012,548.1679200795479,514398.6310272217,XLK,2573
2024-02-05,516116.8119630483,548.1679200795479,515568.64404296875,XLK,2573
2024-02-06,513751.3448915151,548.1679200795479,513203.17697143555,XLK,2573
2024-02-07,520542.53214737447,548.1679200795479,519994.3642272949,XLK,2573
2024-02-08,522170.40536209615,548.1679200795479,521622.2374420166,XLK,2573
2024-02-09,529190.4441957143,548.1679200795479,528642.2762756348,XLK,2573
2024-02-12,525171.6628694204,548.1679200795479,524623.4949493408,XLK,2573
2024-02-13,516269.37968155416,548.1679200795479,515721.2117614746,XLK,2573
2024-02-14,521661.6630830434,548.1679200795479,521113.49516296387,XLK,2573
2024-02-15,520567.9339265493,548.1679200795479,520019.7660064697,XLK,2573
2024-02-16,515786.2354859975,548.1679200795479,515238.06756591797,XLK,2573
2024-02-20,510546.5198030141,548.1679200795479,509998.35188293457,XLK,2573
2024-02-21,507341.69471451314,548.1679200795479,506793.5267944336,XLK,2573
2024-02-22,523925.4052552846,548.1679200795479,523377.2373352051,XLK,2573
2024-02-23,522704.4708985952,548.1679200795479,522156.3029785156,XLK,2573
2024-02-26,523213.25243851217,548.1679200795479,522665.0845184326,XLK,2573
2024-02-27,523671.0733766225,548.1679200795479,523122.90545654297,XLK,2573
2024-02-28,521203.8028840688,548.1679200795479,520655.63496398926,XLK,2573
2024-02-29,527002.985882726,548.1679200795479,526454.8179626465,XLK,2573
2024-03-01,536617.461148229,548.1679200795479,536069.2932281494,XLK,2573
2024-03-04,536617.461148229,548.1679200795479,536069.2932281494,XLK,2573
2024-03-05,523442.0647554067,548.1679200795479,522893.89683532715,XLK,2573
2024-03-06,527587.9727601674,548.1679200795479,527039.8048400879,XLK,2573
2024-03-07,535905.229809728,548.1679200795479,535357.0618896484,XLK,2573
2024-03-08,527944.0687989858,548.1679200795479,527395.9008789062,XLK,2573
2024-03-11,526494.3221254018,548.1679200795479,525946.1542053223,XLK,2573
2024-03-12,537278.7711457876,548.1679200795479,536730.603225708,XLK,2573
2024-03-13,531479.6274079946,548.1679200795479,530931.459487915,XLK,2573
2024-03-14,531581.3130464223,548.1679200795479,531033.1451263428,XLK,2573
2024-03-15,523569.30921646627,548.1679200795479,523021.1412963867,XLK,2573
2024-03-18,526139.992825475,548.1679200795479,525591.8249053955,XLK,2573
2024-03-19,528865.9138917592,548.1679200795479,528317.7459716797,XLK,2573
2024-03-20,534776.5977449086,548.1679200795479,534228.4298248291,XLK,2573
2024-03-21,535158.8022584585,548.1679200795479,534610.6343383789,XLK,2573
2024-03-22,535337.1251039174,548.1679200795479,534788.9571838379,XLK,2573
2024-03-25,531795.834408727,548.1679200795479,531247.6664886475,XLK,2573
2024-03-26,529604.8033570913,548.1679200795479,529056.6354370117,XLK,2573
2024-03-27,532305.3619050649,548.1679200795479,531757.1939849854,XLK,2573
2024-03-28,531158.9054078725,548.1679200795479,530610.737487793,XLK,2573
2024-04-01,532636.6058168081,548.1679200795479,532088.4378967285,XLK,2573
2024-04-02,527515.6542482045,548.1679200795479,526967.486328125,XLK,2573
2024-04-03,528916.9530152944,548.1679200795479,528368.7850952148,XLK,2573
2024-04-04,520560.4743623403,548.1679200795479,520012.30644226074,XLK,2573
2024-04-05,526522.0402955678,548.1679200795479,525973.8723754883,XLK,2573
2024-04-08,525910.6701173452,548.1679200795479,525362.5021972656,XLK,2573
2024-04-09,528560.2288026479,548.1679200795479,528012.0608825684,XLK,2573
2024-04-10,522089.05685135396,548.1679200795479,521540.8889312744,XLK,2573
2024-04-11,532509.2043122915,548.1679200795479,531961.0363922119,XLK,2573
2024-04-12,523897.92265030416,548.1679200795479,523349.7547302246,XLK,2573
2024-04-15,513961.940167394,548.1679200795479,513413.77224731445,XLK,2573
2024-04-16,514573.31034561666,548.1679200795479,514025.1424255371,XLK,2573
2024-04-17,507159.48504349263,548.1679200795479,506611.3171234131,XLK,2573
2024-04-18,501376.2419557241,548.1679200795479,500828.07403564453,XLK,2573
2024-04-19,491058.01569839986,548.1679200795479,490509.8477783203,XLK,2573
2024-04-22,495440.07780167134,548.1679200795479,494891.9098815918,XLK,2573
2024-04-23,502777.50146194967,548.1679200795479,502229.3335418701,XLK,2573
2024-04-24,505070.3751954702,548.1679200795479,504522.2072753906,XLK,2573
2024-04-25,503974.87930008443,548.1679200795479,503426.7113800049,XLK,2573
2024-04-26,509656.24044510396,548.1679200795479,509108.0725250244,XLK,2573
2024-04-29,511847.2714967397,548.1679200795479,511299.10357666016,XLK,2573
2024-04-30,500586.3918885854,548.1679200795479,500038.22396850586,XLK,2573
2024-05-01,495465.47958084615,548.1679200795479,494917.3116607666,XLK,2573
2024-05-02,502599.10009476217,548.1679200795479,502050.9321746826,XLK,2573
2024-05-03,516586.0185517934,548.1679200795479,516037.85063171387,XLK,2573
2024-05-06,522649.58421036275,548.1679200795479,522101.4162902832,XLK,2573
2024-05-07,520942.6003541616,548.1679200795479,520394.43243408203,XLK,2573
2024-05-08,522420.26150223287,548.1679200795479,521872.0935821533,XLK,2573
2024-05-09,522267.4189576772,548.1679200795479,521719.25103759766,XLK,2573
2024-05-10,524203.6077394155,548.1679200795479,523655.43981933594,XLK,2573
2024-05-13,526674.9221009878,548.1679200795479,526126.7541809082,XLK,2573
2024-05-14,531337.2282533315,548.1679200795479,530789.060333252,XLK,2573
2024-05-15,543285.9974641469,548.1679200795479,542737.8295440674,XLK,2573
2024-05-16,541400.6515016225,548.1679200795479,540852.483581543,XLK,2573
2024-05-17,540203.312924352,548.1679200795479,539655.1450042725,XLK,2573
2024-05-20,546547.0441102651,548.1679200795479,545998.8761901855,XLK,2573
2024-05-21,547438.6975984243,548.1679200795479,546890.5296783447,XLK,2573
2024-05-22,548661.6342591909,548.1679200795479,548113.4663391113,XLK,2573
2024-05-23,544203.1312532094,548.1679200795479,543654.9633331299,XLK,2573
2024-05-24,548789.0357637075,548.1679200795479,548240.8678436279,XLK,2573
2024-05-28,551107.4683198598,548.1679200795479,550559.3003997803,XLK,2573
2024-05-29,547617.0597047475,548.1679200795479,547068.891784668,XLK,2573
2024-05-30,535133.3219575551,548.1679200795479,534585.1540374756,XLK,2573
2024-05-31,535974.0541047719,548.1679200795479,535425.8861846924,XLK,2573
2024-06-03,535716.5939627965,679.5494376500137,535037.0445251465,VUG,1525
2024-06-04,538002.8374015172,679.5494376500137,537323.2879638672,VUG,1525
2024-06-05,547389.9551688512,679.5494376500137,546710.4057312012,VUG,1525
2024-06-06,548010.6964408238,679.5494376500137,547331.1470031738,VUG,1525
2024-06-07,547450.5028067906,679.5494376500137,546770.9533691406,VUG,1525
2024-06-10,549115.958434232,679.5494376500137,548436.408996582,VUG,1525
2024-06-11,554596.8460379918,679.5494376500137,553917.2966003418,VUG,1525
2024-06-12,562076.3176261266,679.5494376500137,561396.7681884766,VUG,1525
2024-06-13,562727.3094474156,679.5494376500137,562047.7600097656,VUG,1525
2024-06-14,564665.3457938512,679.5494376500137,563985.7963562012,VUG,1525
2024-06-17,569283.1154166539,679.5494376500137,568603.5659790039,VUG,1525
2024-06-18,570343.0015860875,679.5494376500137,569663.4521484375,VUG,1525
2024-06-20,566557.9132376988,679.5494376500137,565878.3638000488,VUG,1525
2024-06-21,566012.9379569371,679.5494376500137,565333.3885192871,VUG,1525
2024-06-24,560486.5349112828,679.5494376500137,559806.9854736328,VUG,1525
2024-06-25,568223.3688651402,679.5494376500137,567543.8194274902,VUG,1525
2024-06-26,570676.1299430211,679.5494376500137,569996.5805053711,VUG,1525
2024-06-27,572337.4901114781,679.5494376500137,571657.9406738281,VUG,1525
2024-06-28,567638.2767020543,679.5494376500137,566958.7272644043,VUG,1525
2024-07-01,571716.0042105992,679.5494376500137,571036.4547729492,VUG,1525
2024-07-02,576642.6552115758,679.5494376500137,575963.1057739258,VUG,1525
2024-07-03,580917.4766837438,679.5494376500137,580237.9272460938,VUG,1525
2024-07-05,587875.382262357,679.5494376500137,587195.832824707,VUG,1525
2024-07-08,587936.0229789098,679.5494376500137,587256.4735412598,VUG,1525
2024-07-09,589345.7916556676,679.5494376500137,588666.2422180176,VUG,1525
2024-07-10,594818.2091056188,679.5494376500137,594138.6596679688,VUG,1525
2024-07-11,582403.0578910192,679.5494376500137,581723.5084533691,VUG,1525
2024-07-12,585935.0654898961,679.5494376500137,585255.5160522461,VUG,1525
2024-07-15,587390.3496085485,679.5494376500137,586710.8001708984,VUG,1525
2024-07-16,587284.2865287145,679.5494376500137,586604.7370910645,VUG,1525
2024-07-17,571246.0968314488,679.5494376500137,570566.5473937988,VUG,1525
2024-07-18,566683.243590482,679.5494376500137,566003.694152832,VUG,1525
2024-07-19,563287.6892386754,679.5494376500137,562608.1398010254,VUG,1525
2024-07-22,572034.3796073277,679.5494376500137,571354.8301696777,VUG,1525
2024-07-23,571973.6923514684,679.5494376500137,571294.1429138184,VUG,1525
2024-07-24,550736.0382376988,679.5494376500137,550056.4888000488,VUG,1525
2024-07-25,544399.6185599645,679.5494376500137,543720.0691223145,VUG,1525
2024-07-26,549007.9872428258,679.5494376500137,548328.4378051758,VUG,1525
2024-07-29,550569.3344413121,679.5494376500137,549889.7850036621,VUG,1525
2024-07-30,544126.7586051305,679.5494376500137,543447.2091674805,VUG,1525
2024-07-31,557466.6458426793,679.5494376500137,556787.0964050293,VUG,1525
2024-08-01,548325.7675467809,679.5494376500137,547646.2181091309,VUG,1525
2024-08-02,536729.1961966832,679.5494376500137,536049.6467590332,VUG,1525
2024-08-05,517719.89062417345,679.5494376500137,517040.34118652344,VUG,1525
2024-08-06,524344.4351493199,679.5494376500137,523664.8857116699,VUG,1525
2024-08-07,519387.4405204137,679.5494376500137,518707.8910827637,VUG,1525
2024-08-08,534955.6762992223,679.5494376500137,534276.1268615723,VUG,1525
2024-08-09,538730.2002250035,679.5494376500137,538050.6507873535,VUG,1525
2024-08-12,540852.4391471227,679.5494376500137,540172.8897094727,VUG,1525
2024-08-13,552888.6673270543,679.5494376500137,552209.1178894043,VUG,1525
2024-08-14,554070.9984122594,679.5494376500137,553391.4489746094,VUG,1525
2024-08-15,565106.6780387242,679.5494376500137,564427.1286010742,VUG,1525
2024-08-16,566334.6176444371,679.5494376500137,565655.0682067871,VUG,1525
2024-08-19,573201.538878568,679.5494376500137,572521.989440918,VUG,1525
2024-08-20,572625.4753409703,679.5494376500137,571945.9259033203,VUG,1525
2024-08-21,575308.6990653356,679.5494376500137,574629.1496276855,VUG,1525
2024-08-22,566880.3375541051,679.5494376500137,566200.7881164551,VUG,1525
2024-08-23,573368.2892142613,679.5494376500137,572688.7397766113,VUG,1525
2024-08-26,570048.5473929723,679.5494376500137,569368.9979553223,VUG,1525
2024-08-27,571761.5196524938,679.5494376500137,571081.9702148438,VUG,1525
2024-08-28,565728.2570182164,679.5494376500137,565048.7075805664,VUG,1525
2024-08-29,564379.0359793981,679.5494376500137,563699.486541748,VUG,1525
2024-08-30,569972.6883231481,679.5494376500137,569293.138885498,VUG,1525
2024-09-03,553131.137114652,679.5494376500137,552451.587677002,VUG,1525
2024-09-04,551357.617217191,679.5494376500137,550678.067779541,VUG,1525
2024-09-05,551872.9934989293,679.5494376500137,551193.4440612793,VUG,1525
2024-09-06,540685.6888114293,679.5494376500137,540006.1393737793,VUG,1525
2024-09-09,547401.1246024449,679.5494376500137,546721.5751647949,VUG,1525
2024-09-10,551266.586333402,679.5494376500137,550587.036895752,VUG,1525
2024-09-11,562453.8444815953,679.5494376500137,561774.2950439453,VUG,1525
2024-09-12,567956.6055594762,679.5494376500137,567277.0561218262,VUG,1525
2024-09-13,570124.3133841832,679.5494376500137,569444.7639465332,VUG,1525
2024-09-16,567986.9026480992,679.5494376500137,567307.3532104492,VUG,1525
2024-09-17,568077.8869925817,679.5494376500137,567398.3375549316,VUG,1525
2024-09-18,565940.429717191,679.5494376500137,565260.880279541,VUG,1525
2024-09-19,579810.8185111363,679.5494376500137,579131.2690734863,VUG,1525
2024-09-20,578067.5491629918,679.5494376500137,577387.9997253418,VUG,1525
2024-09-23,579507.708006986,679.5494376500137,578828.1585693359,VUG,1525
2024-09-24,581766.3536368688,679.5494376500137,581086.8041992188,VUG,1525
2024-09-25,583115.5281363805,679.5494376500137,582435.9786987305,VUG,1525
2024-09-26,584185.5133353551,679.5494376500137,583505.9638977051,VUG,1525
2024-09-27,580922.4563895543,679.5494376500137,580242.9069519043,VUG,1525
2024-09-30,583365.9561454137,679.5494376500137,582686.4067077637,VUG,1525
2024-10-01,575564.9910270055,679.5494376500137,574885.4415893555,VUG,1525
2024-10-02,576187.2680960973,679.5494376500137,575507.7186584473,VUG,1525
2024-10-03,576217.5651847203,679.5494376500137,575538.0157470703,VUG,1525
2024-10-04,582516.008788236,679.5494376500137,581836.4593505859,VUG,1525
2024-10-07,575883.7387381871,679.5494376500137,575204.1893005371,VUG,1525
2024-10-08,585308.5533439,679.5494376500137,584629.00390625,VUG,1525
2024-10-09,589057.2944938024,679.5494376500137,588377.7450561523,VUG,1525
2024-10-10,588571.5637503942,679.5494376500137,587892.0143127441,VUG,1525
2024-10-11,590741.8777762731,679.5494376500137,590062.328338623,VUG,1525
2024-10-14,595841.3292228063,679.5494376500137,595161.7797851562,VUG,1525
2024-10-15,590468.6920462926,679.5494376500137,589789.1426086426,VUG,1525
2024-10-16,591394.4984732945,679.5494376500137,590714.9490356445,VUG,1525
2024-10-17,592122.9782401402,679.5494376500137,591443.4288024902,VUG,1525
2024-10-18,595886.8446647008,679.5494376500137,595207.2952270508,VUG,1525
2024-10-21,598421.4218436559,679.5494376500137,597741.8724060059,VUG,1525
2024-10-22,598315.1726065953,679.5494376500137,597635.6231689453,VUG,1525
2024-10-23,589634.009581693,679.5494376500137,588954.460144043,VUG,1525
2024-10-24,593579.9843131383,679.5494376500137,592900.4348754883,VUG,1525
2024-10-25,596327.0134269078,679.5494376500137,595647.4639892578,VUG,1525
2024-10-28,597313.5071097692,679.5494376500137,596633.9576721191,VUG,1525
2024-10-29,602139.7728263219,679.5494376500137,601460.2233886719,VUG,1525
2024-10-30,599028.4805594762,679.5494376500137,598348.9311218262,VUG,1525
2024-10-31,581833.1375418981,679.5494376500137,581153.588104248,VUG,1525
2024-11-01,584737.5056657079,607.3361100438051,584130.1695556641,XLU,7696
2024-11-04,577784.3782243016,607.3361100438051,577177.0421142578,XLU,7696
2024-11-05,586457.0571793797,607.3361100438051,585849.7210693359,XLU,7696
2024-11-06,580401.1661881688,607.3361100438051,579793.830078125,XLU,7696
2024-11-07,581447.8931168797,607.3361100438051,580840.5570068359,XLU,7696
2024-11-08,592587.6934098485,607.3361100438051,591980.3572998047,XLU,7696
2024-11-11,594232.4996842626,607.3361100438051,593625.1635742188,XLU,7696
2024-11-12,587428.9801530126,607.3361100438051,586821.6440429688,XLU,7696
2024-11-13,586382.3119401219,607.3361100438051,585774.9758300781,XLU,7696
2024-11-14,584363.6620377782,607.3361100438051,583756.3259277344,XLU,7696
2024-11-15,593111.0275162938,607.3361100438051,592503.69140625,XLU,7696
2024-11-18,598269.7407731297,607.3361100438051,597662.4046630859,XLU,7696
2024-11-19,602082.6287125829,607.3361100438051,601475.2926025391,XLU,7696
2024-11-20,602381.7271012547,607.3361100438051,601774.3909912109,XLU,7696
2024-11-21,612848.7028092626,607.3361100438051,612241.3666992188,XLU,7696
2024-11-22,609559.0315446141,607.3361100438051,608951.6954345703,XLU,7696
2024-11-25,610680.5624284032,607.3361100438051,610073.2263183594,XLU,7696
2024-11-26,620399.9095963719,607.3361100438051,619792.5734863281,XLU,7696
2024-11-27,620399.9095963719,607.3361100438051,619792.5734863281,XLU,7696
2024-11-29,620624.1453141454,607.3361100438051,620016.8092041016,XLU,7696
2024-12-02,607316.2046403172,607.3361100438051,606708.8685302734,XLU,7696
2024-12-03,602082.6287125829,607.3361100438051,601475.2926025391,XLU,7696
2024-12-04,602007.9421891454,607.3361100438051,601400.6060791016,XLU,7696
2024-12-05,603877.0428971532,607.3361100438051,603269.7067871094,XLU,7696
2024-12-06,596400.6987809422,607.3361100438051,595793.3626708984,XLU,7696
2024-12-09,588924.295948911,607.3361100438051,588316.9598388672,XLU,7696
2024-12-10,584662.8191422704,607.3361100438051,584055.4830322266,XLU,7696
2024-12-11,580999.2455338719,607.3361100438051,580391.9094238281,XLU,7696
2024-12-12,580700.1471452,607.3361100438051,580092.8110351562,XLU,7696
2024-12-13,581074.1082047704,607.3361100438051,580466.7720947266,XLU,7696
2024-12-16,576438.6703385594,607.3361100438051,575831.3342285156,XLU,7696
2024-12-17,574046.2355241063,607.3361100438051,573438.8994140625,XLU,7696
2024-12-18,560513.9417008641,607.3361100438051,559906.6055908203,XLU,7696
2024-12-19,563055.9844254735,607.3361100438051,562448.6483154297,XLU,7696
2024-12-20,572027.5856217626,607.3361100438051,571420.2495117188,XLU,7696
2024-12-23,573972.4884537938,607.3361100438051,573365.15234375,XLU,7696
2024-12-24,577138.6216325047,607.3361100438051,576531.2855224609,XLU,7696
2024-12-26,575781.6990250829,607.3361100438051,575174.3629150391,XLU,7696
2024-12-27,574123.3293961766,607.3361100438051,573515.9932861328,XLU,7696
2024-12-30,571711.0486344579,607.3361100438051,571103.7125244141,XLU,7696
