date,equity,cash,position_value,position,shares
2004-09-29,99850.0,26.120101928710938,99823.87989807129,SPY,1322
2004-09-30,99778.63104248047,26.120101928710938,99752.51094055176,SPY,1322
2004-10-01,101465.59510803223,26.120101928710938,101439.47500610352,SPY,1322
2004-10-04,101635.15185546875,26.120101928710938,101609.03175354004,SPY,1322
2004-10-05,101688.69874572754,26.120101928710938,101662.57864379883,SPY,1322
2004-10-06,102384.91926574707,26.120101928710938,102358.79916381836,SPY,1322
2004-10-07,101287.0718536377,26.120101928710938,101260.95175170898,SPY,1322
2004-10-08,100448.03273010254,26.120101928710938,100421.91262817383,SPY,1322
2004-10-11,100858.60595703125,26.120101928710938,100832.48585510254,SPY,1322
2004-10-12,100465.88505554199,26.120101928710938,100439.76495361328,SPY,1322
2004-10-13,99582.27563476562,26.120101928710938,99556.15553283691,SPY,1322
2004-10-14,98778.96133422852,26.120101928710938,98752.8412322998,SPY,1322
2004-10-15,99332.32290649414,26.120101928710938,99306.20280456543,SPY,1322
2004-10-18,99707.20156860352,26.120101928710938,99681.0814666748,SPY,1322
2004-10-19,98868.20278930664,26.120101928710938,98842.08268737793,SPY,1322
2004-10-20,98671.88772583008,26.120101928710938,98645.76762390137,SPY,1322
2004-10-21,99314.5008392334,26.120101928710938,99288.38073730469,SPY,1322
2004-10-22,98198.81118774414,26.120101928710938,98172.69108581543,SPY,1322
2004-10-25,98082.76098632812,26.120101928710938,98056.64088439941,SPY,1322
2004-10-26,99582.27563476562,26.120101928710938,99556.15553283691,SPY,1322
2004-10-27,100778.29066467285,26.120101928710938,100752.17056274414,SPY,1322
2004-10-28,101081.78019714355,26.120101928710938,101055.66009521484,SPY,1322
2004-10-29,101063.89761352539,26.120101928710938,101037.77751159668,SPY,1322
2004-11-01,101340.62882995605,26.120101928710938,101314.50872802734,SPY,1322
2004-11-02,101376.32339477539,26.120101928710938,101350.20329284668,SPY,1322
2004-11-03,102652.6940612793,26.120101928710938,102626.57395935059,SPY,1322
2004-11-04,104054.00074768066,26.120101928710938,104027.88064575195,SPY,1322
2004-11-05,104705.55010986328,26.120101928710938,104679.43000793457,SPY,1322
2004-11-08,104553.79525756836,26.120101928710938,104527.67515563965,SPY,1322
2004-11-09,104348.51368713379,26.120101928710938,104322.39358520508,SPY,1322
2004-11-10,104428.88949584961,26.120101928710938,104402.7693939209,SPY,1322
2004-11-11,105223.23728942871,26.120101928710938,105197.1171875,SPY,1322
2004-11-12,106053.29981994629,26.120101928710938,106027.17971801758,SPY,1322
2004-11-15,106313.82273864746,26.120101928710938,106287.70263671875,SPY,1322
2004-11-16,105552.8900604248,26.120101928710938,105526.7699584961,SPY,1322
2004-11-17,106179.55711364746,26.120101928710938,106153.43701171875,SPY,1322
2004-11-18,106322.78924560547,26.120101928710938,106296.66914367676,SPY,1322
2004-11-19,105141.10650634766,26.120101928710938,105114.98640441895,SPY,1322
2004-11-22,105642.43409729004,26.120101928710938,105616.31399536133,SPY,1322
2004-11-23,105803.58915710449,26.120101928710938,105777.46905517578,SPY,1322
2004-11-24,106054.20756530762,26.120101928710938,106028.0874633789,SPY,1322
2004-11-26,105973.63003540039,26.120101928710938,105947.50993347168,SPY,1322
2004-11-29,105490.20520019531,26.120101928710938,105464.0850982666,SPY,1322
2004-11-30,105561.83639526367,26.120101928710938,105535.71629333496,SPY,1322
2004-12-01,106761.41180419922,26.120101928710938,106735.29170227051,SPY,1322
2004-12-02,106850.92558288574,26.120101928710938,106824.80548095703,SPY,1322
2004-12-03,106779.30447387695,26.120101928710938,106753.18437194824,SPY,1322
2004-12-06,106743.53930664062,26.120101928710938,106717.41920471191,SPY,1322
2004-12-07,105749.8405456543,26.120101928710938,105723.72044372559,SPY,1322
2004-12-08,106367.5209197998,26.120101928710938,106341.4008178711,SPY,1322
2004-12-09,106743.53930664062,26.120101928710938,106717.41920471191,SPY,1322
2004-12-10,106850.92558288574,26.120101928710938,106824.80548095703,SPY,1322
2004-12-13,107781.92939758301,26.120101928710938,107755.8092956543,SPY,1322
2004-12-14,108157.93769836426,26.120101928710938,108131.81759643555,SPY,1322
2004-12-15,108238.4748840332,26.120101928710938,108212.35478210449,SPY,1322
2004-12-16,108175.81019592285,26.120101928710938,108149.69009399414,SPY,1322
2004-12-17,107454.51573181152,26.120101928710938,107428.39562988281,SPY,1322
2004-12-20,107481.48585510254,26.120101928710938,107455.36575317383,SPY,1322
2004-12-21,108308.96635437012,26.120101928710938,108282.8462524414,SPY,1322
2004-12-22,108569.78176879883,26.120101928710938,108543.66166687012,SPY,1322
2004-12-23,108650.76274108887,26.120101928710938,108624.64263916016,SPY,1322
2004-12-27,108425.87387084961,26.120101928710938,108399.7537689209,SPY,1322
2004-12-28,109019.56959533691,26.120101928710938,108993.4494934082,SPY,1322
2004-12-29,109181.44076538086,26.120101928710938,109155.32066345215,SPY,1322
2004-12-30,108974.56559753418,26.120101928710938,108948.44549560547,SPY,1322
2004-12-31,108740.71022033691,26.120101928710938,108714.5901184082,SPY,1322
2005-01-03,108228.00555419922,26.120101928710938,108201.88545227051,SPY,1322
2005-01-04,106905.83409118652,26.120101928710938,106879.71398925781,SPY,1322
2005-01-05,106168.29098510742,26.120101928710938,106142.17088317871,SPY,1322
2005-01-06,106707.94560241699,26.120101928710938,106681.82550048828,SPY,1322
2005-01-07,106555.07119750977,26.120101928710938,106528.95109558105,SPY,1322
2005-01-10,107058.7589263916,26.120101928710938,107032.63882446289,SPY,1322
2005-01-11,106321.19564819336,26.120101928710938,106295.07554626465,SPY,1322
2005-01-12,106671.98880004883,26.120101928710938,106645.86869812012,SPY,1322
2005-01-13,105817.57852172852,26.120101928710938,105791.4584197998,SPY,1322
2005-01-14,106375.14598083496,26.120101928710938,106349.02587890625,SPY,1322
2005-01-18,107481.48585510254,26.120101928710938,107455.36575317383,SPY,1322
2005-01-19,106357.21296691895,26.120101928710938,106331.09286499023,SPY,1322
2005-01-20,105709.60725402832,26.120101928710938,105683.48715209961,SPY,1322
2005-01-21,105061.99145507812,26.120101928710938,105035.87135314941,SPY,1322
2005-01-24,104855.15663146973,26.120101928710938,104829.03652954102,SPY,1322
2005-01-25,105151.94902038574,26.120101928710938,105125.82891845703,SPY,1322
2005-01-26,105466.7349395752,26.120101928710938,105440.61483764648,SPY,1322
2005-01-27,105646.60972595215,26.120101928710938,105620.48962402344,SPY,1322
2005-01-28,105646.60972595215,26.120101928710938,105620.48962402344,SPY,1322
2005-01-31,106303.2424621582,26.120101928710938,106277.12236022949,SPY,1322
2005-02-01,106977.80821228027,26.120101928710938,106951.68811035156,SPY,1322
2005-02-02,107301.61106872559,26.120101928710938,107275.49096679688,SPY,1322
2005-02-03,107022.76177978516,26.120101928710938,106996.64167785645,SPY,1322
2005-02-04,108165.03828430176,26.120101928710938,108138.91818237305,SPY,1322
2005-02-07,108021.16064453125,26.120101928710938,107995.04054260254,SPY,1322
2005-02-08,108147.06492614746,26.120101928710938,108120.94482421875,SPY,1322
2005-02-09,107337.57795715332,26.120101928710938,107311.45785522461,SPY,1322
2005-02-10,107724.35816955566,26.120101928710938,107698.23806762695,SPY,1322
2005-02-11,108650.76274108887,26.120101928710938,108624.64263916016,SPY,1322
2005-02-14,108569.78176879883,26.120101928710938,108543.66166687012,SPY,1322
2005-02-15,108974.56559753418,26.120101928710938,108948.44549560547,SPY,1322
2005-02-16,109046.52963256836,26.120101928710938,109020.40953063965,SPY,1322
2005-02-17,108165.03828430176,26.120101928710938,108138.91818237305,SPY,1322
2005-02-18,108308.96635437012,26.120101928710938,108282.8462524414,SPY,1322
2005-02-22,106698.98918151855,26.120101928710938,106672.86907958984,SPY,1322
2005-02-23,107463.46206665039,26.120101928710938,107437.34196472168,SPY,1322
2005-02-24,108174.03504943848,26.120101928710938,108147.91494750977,SPY,1322
2005-02-25,109244.35760498047,26.120101928710938,109218.23750305176,SPY,1322
2005-02-28,108524.84837341309,26.120101928710938,108498.72827148438,SPY,1322
2005-03-01,109064.51307678223,26.120101928710938,109038.39297485352,SPY,1322
2005-03-02,109010.51231384277,26.120101928710938,108984.39221191406,SPY,1322
2005-03-03,109055.49613952637,26.120101928710938,109029.37603759766,SPY,1322
2005-03-04,110413.68492126465,26.120101928710938,110387.56481933594,SPY,1322
2005-03-07,110467.64533996582,26.120101928710938,110441.52523803711,SPY,1322
2005-03-08,110053.86474609375,26.120101928710938,110027.74464416504,SPY,1322
2005-03-09,108830.64761352539,26.120101928710938,108804.52751159668,SPY,1322
2005-03-10,109073.50984191895,26.120101928710938,109047.38973999023,SPY,1322
2005-03-11,108308.96635437012,26.120101928710938,108282.8462524414,SPY,1322
2005-03-14,108983.55227661133,26.120101928710938,108957.43217468262,SPY,1322
2005-03-15,108084.12791442871,26.120101928710938,108058.0078125,SPY,1322
2005-03-16,107166.69993591309,26.120101928710938,107140.57983398438,SPY,1322
2005-03-17,107382.5315246582,26.120101928710938,107356.41142272949,SPY,1322
2005-03-18,107063.81204223633,26.120101928710938,107037.69194030762,SPY,1322
2005-03-21,106666.50198364258,26.120101928710938,106640.38188171387,SPY,1322
2005-03-22,105582.9263458252,26.120101928710938,105556.80624389648,SPY,1322
2005-03-23,105673.23692321777,26.120101928710938,105647.11682128906,SPY,1322
2005-03-24,105799.61524963379,26.120101928710938,105773.49514770508,SPY,1322
2005-03-28,105953.11499023438,26.120101928710938,105926.99488830566,SPY,1322
2005-03-29,105248.84579467773,26.120101928710938,105222.72569274902,SPY,1322
2005-03-30,106738.71817016602,26.120101928710938,106712.5980682373,SPY,1322
2005-03-31,106540.08331298828,26.120101928710938,106513.96321105957,SPY,1322
2005-04-01,106061.46952819824,26.120101928710938,106035.34942626953,SPY,1322
2005-04-04,106242.0906829834,26.120101928710938,106215.97058105469,SPY,1322
2005-04-05,106747.76536560059,26.120101928710938,106721.64526367188,SPY,1322
2005-04-06,107117.95401000977,26.120101928710938,107091.83390808105,SPY,1322
2005-04-07,107695.88522338867,26.120101928710938,107669.76512145996,SPY,1322
2005-04-08,106576.17123413086,26.120101928710938,106550.05113220215,SPY,1322
2005-04-11,106657.44470214844,26.120101928710938,106631.32460021973,SPY,1322
2005-04-12,107208.29484558105,26.120101928710938,107182.17474365234,SPY,1322
2005-04-13,105944.0677947998,26.120101928710938,105917.9476928711,SPY,1322
2005-04-14,104562.59030151367,26.120101928710938,104536.47019958496,SPY,1322
2005-04-15,103099.82925415039,26.120101928710938,103073.70915222168,SPY,1322
2005-04-18,103415.79524230957,26.120101928710938,103389.67514038086,SPY,1322
2005-04-19,104237.53677368164,26.120101928710938,104211.41667175293,SPY,1322
2005-04-20,102783.74223327637,26.120101928710938,102757.62213134766,SPY,1322
2005-04-21,104779.32963562012,26.120101928710938,104753.2095336914,SPY,1322
2005-04-22,104381.96914672852,26.120101928710938,104355.8490447998,SPY,1322
2005-04-25,105068.24481201172,26.120101928710938,105042.12471008301,SPY,1322
2005-04-26,104047.9087677002,26.120101928710938,104021.78866577148,SPY,1322
2005-04-27,104454.2357635498,26.120101928710938,104428.1156616211,SPY,1322
2005-04-28,103144.9441986084,26.120101928710938,103118.82409667969,SPY,1322
2005-04-29,104544.53625488281,26.120101928710938,104518.4161529541,SPY,1322
2005-05-02,105131.47431945801,26.120101928710938,105105.3542175293,SPY,1322
2005-05-03,105312.02487182617,26.120101928710938,105285.90476989746,SPY,1322
2005-05-04,106124.67886352539,26.120101928710938,106098.55876159668,SPY,1322
2005-05-05,106088.60102844238,26.120101928710938,106062.48092651367,SPY,1322
2005-05-06,105754.52047729492,26.120101928710938,105728.40037536621,SPY,1322
2005-05-09,106413.64447021484,26.120101928710938,106387.52436828613,SPY,1322
2005-05-10,105312.02487182617,26.120101928710938,105285.90476989746,SPY,1322
2005-05-11,105889.94599914551,26.120101928710938,105863.8258972168,SPY,1322
2005-05-12,104725.12715148926,26.120101928710938,104699.00704956055,SPY,1322
2005-05-13,104517.40475463867,26.120101928710938,104491.28465270996,SPY,1322
2005-05-16,105492.67628479004,26.120101928710938,105466.55618286133,SPY,1322
2005-05-17,106196.96565246582,26.120101928710938,106170.84555053711,SPY,1322
2005-05-18,107289.56831359863,26.120101928710938,107263.44821166992,SPY,1322
2005-05-19,107741.02033996582,26.120101928710938,107714.90023803711,SPY,1322
2005-05-20,107587.5306854248,26.120101928710938,107561.4105834961,SPY,1322
2005-05-23,108183.46551513672,26.120101928710938,108157.34541320801,SPY,1322
2005-05-24,107930.65843200684,26.120101928710938,107904.53833007812,SPY,1322
2005-05-25,107849.35470581055,26.120101928710938,107823.23460388184,SPY,1322
2005-05-26,108427.25566101074,26.120101928710938,108401.13555908203,SPY,1322
2005-05-27,108607.90707397461,26.120101928710938,108581.7869720459,SPY,1322
2005-05-31,107912.58421325684,26.120101928710938,107886.46411132812,SPY,1322
2005-06-01,108833.6330871582,26.120101928710938,108807.51298522949,SPY,1322
2005-06-02,109068.35586547852,26.120101928710938,109042.2357635498,SPY,1322
2005-06-03,108517.59649658203,26.120101928710938,108491.47639465332,SPY,1322
2005-06-06,108418.24880981445,26.120101928710938,108392.12870788574,SPY,1322
2005-06-07,108499.55253601074,26.120101928710938,108473.43243408203,SPY,1322
2005-06-08,108300.84707641602,26.120101928710938,108274.7269744873,SPY,1322
2005-06-09,108815.53869628906,26.120101928710938,108789.41859436035,SPY,1322
2005-06-10,108562.74169921875,26.120101928710938,108536.62159729004,SPY,1322
2005-06-13,108905.87953186035,26.120101928710938,108879.75942993164,SPY,1322
2005-06-14,109158.70678710938,26.120101928710938,109132.58668518066,SPY,1322
2005-06-15,109366.35858154297,26.120101928710938,109340.23847961426,SPY,1322
2005-06-16,109646.28707885742,26.120101928710938,109620.16697692871,SPY,1322
2005-06-17,110052.46278381348,26.120101928710938,110026.34268188477,SPY,1322
2005-06-20,110088.73225402832,26.120101928710938,110062.61215209961,SPY,1322
2005-06-21,110152.16348266602,26.120101928710938,110126.0433807373,SPY,1322
2005-06-22,110242.86741638184,26.120101928710938,110216.74731445312,SPY,1322
2005-06-23,108692.55937194824,26.120101928710938,108666.43927001953,SPY,1322
2005-06-24,107894.74197387695,26.120101928710938,107868.62187194824,SPY,1322
2005-06-27,108048.87713623047,26.120101928710938,108022.75703430176,SPY,1322
2005-06-28,108955.45251464844,26.120101928710938,108929.33241271973,SPY,1322
2005-06-29,108665.33709716797,26.120101928710938,108639.21699523926,SPY,1322
2005-06-30,108076.01872253418,26.120101928710938,108049.89862060547,SPY,1322
2005-07-01,108393.38667297363,26.120101928710938,108367.26657104492,SPY,1322
2005-07-05,109263.69258117676,26.120101928710938,109237.57247924805,SPY,1322
2005-07-06,108348.02966308594,26.120101928710938,108321.90956115723,SPY,1322
2005-07-07,108774.15559387207,26.120101928710938,108748.03549194336,SPY,1322
2005-07-08,110016.22357177734,26.120101928710938,109990.10346984863,SPY,1322
2005-07-11,110578.29949951172,26.120101928710938,110552.17939758301,SPY,1322
2005-07-12,110868.40483093262,26.120101928710938,110842.2847290039,SPY,1322
2005-07-13,111022.52990722656,26.120101928710938,110996.40980529785,SPY,1322
2005-07-14,111457.71311950684,26.120101928710938,111431.59301757812,SPY,1322
2005-07-15,111394.22137451172,26.120101928710938,111368.10127258301,SPY,1322
2005-07-18,110949.99096679688,26.120101928710938,110923.87086486816,SPY,1322
2005-07-19,111557.41381835938,26.120101928710938,111531.29371643066,SPY,1322
2005-07-20,111938.18273925781,26.120101928710938,111912.0626373291,SPY,1322
2005-07-21,111285.45330810547,26.120101928710938,111259.33320617676,SPY,1322
2005-07-22,112028.85641479492,26.120101928710938,112002.73631286621,SPY,1322
2005-07-25,111711.56915283203,26.120101928710938,111685.44905090332,SPY,1322
2005-07-26,111847.5090637207,26.120101928710938,111821.38896179199,SPY,1322
2005-07-27,112255.50025939941,26.120101928710938,112229.3801574707,SPY,1322
2005-07-28,112962.6742401123,26.120101928710938,112936.5541381836,SPY,1322
2005-07-29,112210.16342163086,26.120101928710938,112184.04331970215,SPY,1322
2005-08-01,112128.59745788574,26.120101928710938,112102.47735595703,SPY,1322
2005-08-02,112799.47171020508,26.120101928710938,112773.35160827637,SPY,1322
2005-08-03,113098.6746673584,26.120101928710938,113072.55456542969,SPY,1322
2005-08-04,112192.05894470215,26.120101928710938,112165.93884277344,SPY,1322
2005-08-05,111430.49084472656,26.120101928710938,111404.37074279785,SPY,1322
2005-08-08,111221.97164916992,26.120101928710938,111195.85154724121,SPY,1322
2005-08-09,111892.92658996582,26.120101928710938,111866.80648803711,SPY,1322
2005-08-10,111838.49212646484,26.120101928710938,111812.37202453613,SPY,1322
2005-08-11,112282.7527923584,26.120101928710938,112256.63269042969,SPY,1322
2005-08-12,111593.69337463379,26.120101928710938,111567.57327270508,SPY,1322
2005-08-15,112282.7527923584,26.120101928710938,112256.63269042969,SPY,1322
2005-08-16,110823.0881652832,26.120101928710938,110796.96806335449,SPY,1322
2005-08-17,110814.01071166992,26.120101928710938,110787.89060974121,SPY,1322
2005-08-18,110804.93325805664,26.120101928710938,110778.81315612793,SPY,1322
2005-08-19,111058.77920532227,26.120101928710938,111032.65910339355,SPY,1322
2005-08-22,111058.77920532227,26.120101928710938,111032.65910339355,SPY,1322
2005-08-23,110850.2700958252,26.120101928710938,110824.14999389648,SPY,1322
2005-08-24,109862.06823730469,26.120101928710938,109835.94813537598,SPY,1322
2005-08-25,110260.97189331055,26.120101928710938,110234.85179138184,SPY,1322
2005-08-26,109508.44090270996,26.120101928710938,109482.32080078125,SPY,1322
2005-08-29,110351.67582702637,26.120101928710938,110325.55572509766,SPY,1322
2005-08-30,109771.40464782715,26.120101928710938,109745.28454589844,SPY,1322
2005-08-31,111158.59085083008,26.120101928710938,111132.47074890137,SPY,1322
2005-09-01,111076.93411254883,26.120101928710938,111050.81401062012,SPY,1322
2005-09-02,110877.47219848633,26.120101928710938,110851.35209655762,SPY,1322
2005-09-06,112173.90403747559,26.120101928710938,112147.78393554688,SPY,1322
2005-09-07,112364.31875610352,26.120101928710938,112338.1986541748,SPY,1322
2005-09-08,111992.58694458008,26.120101928710938,111966.46684265137,SPY,1322
2005-09-09,112989.88642883301,26.120101928710938,112963.7663269043,SPY,1322
2005-09-12,112763.1820678711,26.120101928710938,112737.06196594238,SPY,1322
2005-09-13,112137.67491149902,26.120101928710938,112111.55480957031,SPY,1322
2005-09-14,111729.67362976074,26.120101928710938,111703.55352783203,SPY,1322
2005-09-15,111675.30976867676,26.120101928710938,111649.18966674805,SPY,1322
2005-09-16,112469.17343139648,26.120101928710938,112443.05332946777,SPY,1322
2005-09-19,112095.90853881836,26.120101928710938,112069.78843688965,SPY,1322
2005-09-20,111149.05952453613,26.120101928710938,111122.93942260742,SPY,1322
2005-09-21,110111.0930480957,26.120101928710938,110084.97294616699,SPY,1322
2005-09-22,110502.58345031738,26.120101928710938,110476.46334838867,SPY,1322
2005-09-23,110593.6605682373,26.120101928710938,110567.5404663086,SPY,1322
2005-09-26,110721.0979309082,26.120101928710938,110694.97782897949,SPY,1322
2005-09-27,110693.79496765137,26.120101928710938,110667.67486572266,SPY,1322
2005-09-28,110803.05725097656,26.120101928710938,110776.93714904785,SPY,1322
2005-09-29,111704.43830871582,26.120101928710938,111678.31820678711,SPY,1322
2005-09-30,112050.3699798584,26.120101928710938,112024.24987792969,SPY,1322
2005-10-03,111649.76177978516,26.120101928710938,111623.64167785645,SPY,1322
2005-10-04,110393.36151123047,26.120101928710938,110367.24140930176,SPY,1322
2005-10-05,108945.66903686523,26.120101928710938,108919.54893493652,SPY,1322
2005-10-06,108554.16854858398,26.120101928710938,108528.04844665527,SPY,1322
2005-10-07,108927.46369934082,26.120101928710938,108901.34359741211,SPY,1322
2005-10-10,108007.88739013672,26.120101928710938,107981.76728820801,SPY,1322
2005-10-11,107853.12689208984,26.120101928710938,107827.00679016113,SPY,1322
2005-10-12,107006.40219116211,26.120101928710938,106980.2820892334,SPY,1322
2005-10-13,106942.64820861816,26.120101928710938,106916.52810668945,SPY,1322
2005-10-14,108071.64137268066,26.120101928710938,108045.52127075195,SPY,1322
2005-10-17,108472.2193145752,26.120101928710938,108446.09921264648,SPY,1322
2005-10-18,107297.72793579102,26.120101928710938,107271.6078338623,SPY,1322
2005-10-19,109082.28471374512,26.120101928710938,109056.1646118164,SPY,1322
2005-10-20,107161.1929473877,26.120101928710938,107135.07284545898,SPY,1322
2005-10-21,107579.99639892578,26.120101928710938,107553.87629699707,SPY,1322
2005-10-24,109246.15292358398,26.120101928710938,109220.03282165527,SPY,1322
2005-10-25,109027.59809875488,26.120101928710938,109001.47799682617,SPY,1322
2005-10-26,108708.96939086914,26.120101928710938,108682.84928894043,SPY,1322
2005-10-27,107552.68334960938,26.120101928710938,107526.56324768066,SPY,1322
2005-10-28,109100.47996520996,26.120101928710938,109074.35986328125,SPY,1322
2005-10-31,109400.94367980957,26.120101928710938,109374.82357788086,SPY,1322
2005-11-01,109728.67001342773,26.120101928710938,109702.54991149902,SPY,1322
2005-11-02,110875.90885925293,26.120101928710938,110849.78875732422,SPY,1322
2005-11-03,111349.3484954834,26.120101928710938,111323.22839355469,SPY,1322
2005-11-04,111203.65536499023,26.120101928710938,111177.53526306152,SPY,1322
2005-11-07,111312.91764831543,26.120101928710938,111286.79754638672,SPY,1322
2005-11-08,111312.91764831543,26.120101928710938,111286.79754638672,SPY,1322
2005-11-09,111458.60069274902,26.120101928710938,111432.48059082031,SPY,1322
2005-11-10,112323.54081726074,26.120101928710938,112297.42071533203,SPY,1322
2005-11-11,112705.94367980957,26.120101928710938,112679.82357788086,SPY,1322
2005-11-14,112642.20986938477,26.120101928710938,112616.08976745605,SPY,1322
2005-11-15,112232.52421569824,26.120101928710938,112206.40411376953,SPY,1322
2005-11-16,112460.08589172363,26.120101928710938,112433.96578979492,SPY,1322
2005-11-17,113507.14999389648,26.120101928710938,113481.02989196777,SPY,1322
2005-11-18,113953.28666687012,26.120101928710938,113927.1665649414,SPY,1322
2005-11-21,114526.86070251465,26.120101928710938,114500.74060058594,SPY,1322
2005-11-22,115018.52584838867,26.120101928710938,114992.40574645996,SPY,1322
2005-11-23,115683.19717407227,26.120101928710938,115657.07707214355,SPY,1322
2005-11-25,115774.22386169434,26.120101928710938,115748.10375976562,SPY,1322
2005-11-28,114954.80212402344,26.120101928710938,114928.68202209473,SPY,1322
2005-11-29,114827.3445892334,26.120101928710938,114801.22448730469,SPY,1322
2005-11-30,114208.2017364502,26.120101928710938,114182.08163452148,SPY,1322
2005-12-01,115373.57531738281,26.120101928710938,115347.4552154541,SPY,1322
2005-12-02,115519.28861999512,26.120101928710938,115493.1685180664,SPY,1322
2005-12-05,115273.50143432617,26.120101928710938,115247.38133239746,SPY,1322
2005-12-06,115491.99574279785,26.120101928710938,115465.87564086914,SPY,1322
2005-12-07,114818.22679138184,26.120101928710938,114792.10668945312,SPY,1322
2005-12-08,114745.38526916504,26.120101928710938,114719.26516723633,SPY,1322
2005-12-09,115045.81872558594,26.120101928710938,115019.69862365723,SPY,1322
2005-12-12,115155.08100891113,26.120101928710938,115128.96090698242,SPY,1322
2005-12-13,115938.11224365234,26.120101928710938,115911.99214172363,SPY,1322
2005-12-14,116393.33645629883,26.120101928710938,116367.21635437012,SPY,1322
2005-12-15,116056.4923248291,26.120101928710938,116030.37222290039,SPY,1322
2005-12-16,115683.00553894043,26.120101928710938,115656.88543701172,SPY,1322
2005-12-19,115088.06922912598,26.120101928710938,115061.94912719727,SPY,1322
2005-12-20,115197.93667602539,26.120101928710938,115171.81657409668,SPY,1322
2005-12-21,115380.99865722656,26.120101928710938,115354.87855529785,SPY,1322
2005-12-22,115985.06285095215,26.120101928710938,115958.94274902344,SPY,1322
2005-12-23,116049.15975952148,26.120101928710938,116023.03965759277,SPY,1322
2005-12-27,114868.40493774414,26.120101928710938,114842.28483581543,SPY,1322
2005-12-28,115124.74214172363,26.120101928710938,115098.62203979492,SPY,1322
2005-12-29,114612.14842224121,26.120101928710938,114586.0283203125,SPY,1322
2005-12-30,113989.73768615723,26.120101928710938,113963.61758422852,SPY,1322
2006-01-03,115994.2512512207,26.120101928710938,115968.13114929199,SPY,1322
2006-01-04,116543.3766784668,26.120101928710938,116517.25657653809,SPY,1322
2006-01-05,116616.61155700684,26.120101928710938,116590.49145507812,SPY,1322
2006-01-06,117586.84005737305,26.120101928710938,117560.71995544434,SPY,1322
2006-01-09,117888.87719726562,26.120101928710938,117862.75709533691,SPY,1322
2006-01-10,118007.87252807617,26.120101928710938,117981.75242614746,SPY,1322
2006-01-11,118383.16471862793,26.120101928710938,118357.04461669922,SPY,1322
2006-01-12,117916.3717956543,26.120101928710938,117890.25169372559,SPY,1322
2006-01-13,117806.51443481445,26.120101928710938,117780.39433288574,SPY,1322
2006-01-17,117486.15092468262,26.120101928710938,117460.0308227539,SPY,1322
2006-01-18,117019.3176574707,26.120101928710938,116993.19755554199,SPY,1322
2006-01-19,117467.85481262207,26.120101928710938,117441.73471069336,SPY,1322
2006-01-20,115326.08006286621,26.120101928710938,115299.9599609375,SPY,1322
2006-01-23,115737.93421936035,26.120101928710938,115711.81411743164,SPY,1322
2006-01-24,115856.94972229004,26.120101928710938,115830.82962036133,SPY,1322
2006-01-25,115957.61868286133,26.120101928710938,115931.49858093262,SPY,1322
2006-01-26,116598.36587524414,26.120101928710938,116572.24577331543,SPY,1322
2006-01-27,117678.34078979492,26.120101928710938,117652.22068786621,SPY,1322
2006-01-30,117586.84005737305,26.120101928710938,117560.71995544434,SPY,1322
2006-01-31,116726.4285736084,26.120101928710938,116700.30847167969,SPY,1322
2006-02-01,117541.08969116211,26.120101928710938,117514.9695892334,SPY,1322
2006-02-02,116177.3031463623,26.120101928710938,116151.1830444336,SPY,1322
2006-02-03,115600.63269042969,26.120101928710938,115574.51258850098,SPY,1322
2006-02-06,115902.71017456055,26.120101928710938,115876.59007263184,SPY,1322
2006-02-07,114877.58325195312,26.120101928710938,114851.46315002441,SPY,1322
2006-02-08,115921.01637268066,26.120101928710938,115894.89627075195,SPY,1322
2006-02-09,115728.77607727051,26.120101928710938,115702.6559753418,SPY,1322
2006-02-10,115939.29231262207,26.120101928710938,115913.17221069336,SPY,1322
2006-02-13,115728.77607727051,26.120101928710938,115702.6559753418,SPY,1322
2006-02-14,116955.24092102051,26.120101928710938,116929.1208190918,SPY,1322
2006-02-15,117367.17576599121,26.120101928710938,117341.0556640625,SPY,1322
2006-02-16,118245.83293151855,26.120101928710938,118219.71282958984,SPY,1322
2006-02-17,117925.47950744629,26.120101928710938,117899.35940551758,SPY,1322
2006-02-21,117632.6206817627,26.120101928710938,117606.50057983398,SPY,1322
2006-02-22,118346.53215026855,26.120101928710938,118320.41204833984,SPY,1322
2006-02-23,118172.62831115723,26.120101928710938,118146.50820922852,SPY,1322
2006-02-24,118474.69570922852,26.120101928710938,118448.5756072998,SPY,1322
2006-02-27,118520.43598937988,26.120101928710938,118494.31588745117,SPY,1322
2006-02-28,117394.61993408203,26.120101928710938,117368.49983215332,SPY,1322
2006-03-01,118438.09339904785,26.120101928710938,118411.97329711914,SPY,1322
2006-03-02,118428.88482666016,26.120101928710938,118402.76472473145,SPY,1322
2006-03-03,117879.73922729492,26.120101928710938,117853.61912536621,SPY,1322
2006-03-06,117339.72151184082,26.120101928710938,117313.60140991211,SPY,1322
2006-03-07,117156.65953063965,26.120101928710938,117130.53942871094,SPY,1322
2006-03-08,117403.77807617188,26.120101928710938,117377.65797424316,SPY,1322
2006-03-09,116616.61155700684,26.120101928710938,116590.49145507812,SPY,1322
2006-03-10,117724.14158630371,26.120101928710938,117698.021484375,SPY,1322
2006-03-13,117943.79579162598,26.120101928710938,117917.67568969727,SPY,1322
2006-03-14,119179.4591217041,26.120101928710938,119153.33901977539,SPY,1322
2006-03-15,119710.32878112793,26.120101928710938,119684.20867919922,SPY,1322
2006-03-16,119957.42715454102,26.120101928710938,119931.3070526123,SPY,1322
2006-03-17,120057.6220703125,26.120101928710938,120031.50196838379,SPY,1322
2006-03-20,119864.65557861328,26.120101928710938,119838.53547668457,SPY,1322
2006-03-21,119111.1058959961,26.120101928710938,119084.98579406738,SPY,1322
2006-03-22,119837.07020568848,26.120101928710938,119810.95010375977,SPY,1322
2006-03-23,119588.94305419922,26.120101928710938,119562.82295227051,SPY,1322
2006-03-24,119680.82705688477,26.120101928710938,119654.70695495605,SPY,1322
2006-03-27,119506.27770996094,26.120101928710938,119480.15760803223,SPY,1322
2006-03-28,118771.15525817871,26.120101928710938,118745.03515625,SPY,1322
2006-03-29,119515.43585205078,26.120101928710938,119489.31575012207,SPY,1322
2006-03-30,119304.10264587402,26.120101928710938,119277.98254394531,SPY,1322
2006-03-31,119331.65776062012,26.120101928710938,119305.5376586914,SPY,1322
2006-04-03,119239.75358581543,26.120101928710938,119213.63348388672,SPY,1322
2006-04-04,120002.51184082031,26.120101928710938,119976.3917388916,SPY,1322
2006-04-05,120416.04028320312,26.120101928710938,120389.92018127441,SPY,1322
2006-04-06,120287.36233520508,26.120101928710938,120261.24223327637,SPY,1322
2006-04-07,119065.17398071289,26.120101928710938,119039.05387878418,SPY,1322
2006-04-10,119248.96215820312,26.120101928710938,119222.84205627441,SPY,1322
2006-04-11,118238.1372680664,26.120101928710938,118212.0171661377,SPY,1322
2006-04-12,118458.67904663086,26.120101928710938,118432.55894470215,SPY,1322
2006-04-13,118302.44598388672,26.120101928710938,118276.32588195801,SPY,1322
2006-04-17,118256.50398254395,26.120101928710938,118230.38388061523,SPY,1322
2006-04-18,120131.14944458008,26.120101928710938,120105.02934265137,SPY,1322
2006-04-19,120360.89979553223,26.120101928710938,120334.77969360352,SPY,1322
2006-04-20,120526.30108642578,26.120101928710938,120500.18098449707,SPY,1322
2006-04-21,120544.64762878418,26.120101928710938,120518.52752685547,SPY,1322
2006-04-24,120324.07559204102,26.120101928710938,120297.9554901123,SPY,1322
2006-04-25,119827.89189147949,26.120101928710938,119801.77178955078,SPY,1322
2006-04-26,119855.41674804688,26.120101928710938,119829.29664611816,SPY,1322
2006-04-27,120434.38682556152,26.120101928710938,120408.26672363281,SPY,1322
2006-04-28,120838.67643737793,26.120101928710938,120812.55633544922,SPY,1322
2006-05-01,119855.41674804688,26.120101928710938,119829.29664611816,SPY,1322
2006-05-02,120756.03126525879,26.120101928710938,120729.91116333008,SPY,1322
2006-05-03,120305.73913574219,26.120101928710938,120279.61903381348,SPY,1322
2006-05-04,120737.6141204834,26.120101928710938,120711.49401855469,SPY,1322
2006-05-05,121803.62992858887,26.120101928710938,121777.50982666016,SPY,1322
2006-05-08,121656.544921875,26.120101928710938,121630.42481994629,SPY,1322
2006-05-09,121895.44332885742,26.120101928710938,121869.32322692871,SPY,1322
2006-05-10,121831.19512939453,26.120101928710938,121805.07502746582,SPY,1322
2006-05-11,120360.89979553223,26.120101928710938,120334.77969360352,SPY,1322
2006-05-12,118789.55223083496,26.120101928710938,118763.43212890625,SPY,1322
2006-05-15,119028.42037963867,26.120101928710938,119002.30027770996,SPY,1322
2006-05-16,118853.87103271484,26.120101928710938,118827.75093078613,SPY,1322
2006-05-17,116593.20181274414,26.120101928710938,116567.08171081543,SPY,1322
2006-05-18,116005.1240234375,26.120101928710938,115979.00392150879,SPY,1322
2006-05-19,116822.97233581543,26.120101928710938,116796.85223388672,SPY,1322
2006-05-22,115931.58656311035,26.120101928710938,115905.46646118164,SPY,1322
2006-05-23,115049.3992767334,26.120101928710938,115023.27917480469,SPY,1322
2006-05-24,115968.37042236328,26.120101928710938,115942.25032043457,SPY,1322
2006-05-25,117401.9020690918,26.120101928710938,117375.78196716309,SPY,1322
2006-05-26,117999.16825866699,26.120101928710938,117973.04815673828,SPY,1322
2006-05-30,115904.04153442383,26.120101928710938,115877.92143249512,SPY,1322
2006-05-31,117199.76734924316,26.120101928710938,117173.64724731445,SPY,1322
2006-06-01,118320.8328704834,26.120101928710938,118294.71276855469,SPY,1322
2006-06-02,118568.94993591309,26.120101928710938,118542.82983398438,SPY,1322
2006-06-05,116841.33905029297,26.120101928710938,116815.21894836426,SPY,1322
2006-06-06,116556.47846984863,26.120101928710938,116530.35836791992,SPY,1322
2006-06-07,115683.53001403809,26.120101928710938,115657.40991210938,SPY,1322
2006-06-08,115582.40718078613,26.120101928710938,115556.28707885742,SPY,1322
2006-06-09,115214.83082580566,26.120101928710938,115188.71072387695,SPY,1322
2006-06-12,113965.07727050781,26.120101928710938,113938.9571685791,SPY,1322
2006-06-13,112641.8265991211,26.120101928710938,112615.70649719238,SPY,1322
2006-06-14,113514.83557128906,26.120101928710938,113488.71546936035,SPY,1322
2006-06-15,115922.40824890137,26.120101928710938,115896.28814697266,SPY,1322
2006-06-16,115077.86213684082,26.120101928710938,115051.74203491211,SPY,1322
2006-06-19,114173.32414245605,26.120101928710938,114147.20404052734,SPY,1322
2006-06-20,114560.96166992188,26.120101928710938,114534.84156799316,SPY,1322
2006-06-21,115410.15745544434,26.120101928710938,115384.03735351562,SPY,1322
2006-06-22,114902.4958190918,26.120101928710938,114876.37571716309,SPY,1322
2006-06-23,114884.05850219727,26.120101928710938,114857.93840026855,SPY,1322
2006-06-26,115391.65962219238,26.120101928710938,115365.53952026367,SPY,1322
2006-06-27,114394.86444091797,26.120101928710938,114368.74433898926,SPY,1322
2006-06-28,115170.17984008789,26.120101928710938,115144.05973815918,SPY,1322
2006-06-29,117496.13612365723,26.120101928710938,117470.01602172852,SPY,1322
2006-06-30,117505.39512634277,26.120101928710938,117479.27502441406,SPY,1322
2006-07-03,117985.28984069824,26.120101928710938,117959.16973876953,SPY,1322
2006-07-05,117311.51080322266,26.120101928710938,117285.39070129395,SPY,1322
2006-07-06,117652.99452209473,26.120101928710938,117626.87442016602,SPY,1322
2006-07-07,116886.91795349121,26.120101928710938,116860.7978515625,SPY,1322
2006-07-10,117108.42799377441,26.120101928710938,117082.3078918457,SPY,1322
2006-07-11,117625.35871887207,26.120101928710938,117599.23861694336,SPY,1322
2006-07-12,116370.05783081055,26.120101928710938,116343.93772888184,SPY,1322
2006-07-13,114477.90296936035,26.120101928710938,114451.78286743164,SPY,1322
2006-07-14,114034.87280273438,26.120101928710938,114008.75270080566,SPY,1322
2006-07-17,113868.71505737305,26.120101928710938,113842.59495544434,SPY,1322
2006-07-18,114450.18647766113,26.120101928710938,114424.06637573242,SPY,1322
2006-07-19,116037.73225402832,26.120101928710938,116011.61215209961,SPY,1322
2006-07-20,115244.01988220215,26.120101928710938,115217.89978027344,SPY,1322
2006-07-21,114431.71890258789,26.120101928710938,114405.59880065918,SPY,1322
2006-07-24,116517.74800109863,26.120101928710938,116491.62789916992,SPY,1322
2006-07-25,116933.0919342041,26.120101928710938,116906.97183227539,SPY,1322
2006-07-26,117089.97050476074,26.120101928710938,117063.85040283203,SPY,1322
2006-07-27,116979.25582885742,26.120101928710938,116953.13572692871,SPY,1322
2006-07-28,118151.44758605957,26.120101928710938,118125.32748413086,SPY,1322
2006-07-31,118031.43356323242,26.120101928710938,118005.31346130371,SPY,1322
2006-08-01,117449.96214294434,26.120101928710938,117423.84204101562,SPY,1322
2006-08-02,118243.7451171875,26.120101928710938,118217.62501525879,SPY,1322
2006-08-03,118557.58294677734,26.120101928710938,118531.46284484863,SPY,1322
2006-08-04,118354.5001373291,26.120101928710938,118328.38003540039,SPY,1322
2006-08-07,118077.61763000488,26.120101928710938,118051.49752807617,SPY,1322
2006-08-08,117625.35871887207,26.120101928710938,117599.23861694336,SPY,1322
2006-08-09,117228.44201660156,26.120101928710938,117202.32191467285,SPY,1322
2006-08-10,117588.42356872559,26.120101928710938,117562.30346679688,SPY,1322
2006-08-11,117256.13833618164,26.120101928710938,117230.01823425293,SPY,1322
2006-08-14,117348.45603942871,26.120101928710938,117322.3359375,SPY,1322
2006-08-15,118751.39666748047,26.120101928710938,118725.27656555176,SPY,1322
2006-08-16,119738.99336242676,26.120101928710938,119712.87326049805,SPY,1322
2006-08-17,120043.61253356934,26.120101928710938,120017.49243164062,SPY,1322
2006-08-18,120652.77018737793,26.120101928710938,120626.65008544922,SPY,1322
2006-08-21,120135.87980651855,26.120101928710938,120109.75970458984,SPY,1322
2006-08-22,120126.73175048828,26.120101928710938,120100.61164855957,SPY,1322
2006-08-23,119794.34565734863,26.120101928710938,119768.22555541992,SPY,1322
2006-08-24,119692.85972595215,26.120101928710938,119666.73962402344,SPY,1322
2006-08-25,119840.5599822998,26.120101928710938,119814.4398803711,SPY,1322
2006-08-28,120412.80265808105,26.120101928710938,120386.68255615234,SPY,1322
2006-08-29,120551.25399780273,26.120101928710938,120525.13389587402,SPY,1322
2006-08-30,120625.08395385742,26.120101928710938,120598.96385192871,SPY,1322
2006-08-31,120606.64663696289,26.120101928710938,120580.52653503418,SPY,1322
2006-09-01,121326.5895690918,26.120101928710938,121300.46946716309,SPY,1322
2006-09-05,121557.29809570312,26.120101928710938,121531.17799377441,SPY,1322
2006-09-06,120486.62252807617,26.120101928710938,120460.50242614746,SPY,1322
2006-09-07,119932.82725524902,26.120101928710938,119906.70715332031,SPY,1322
2006-09-08,120274.38157653809,26.120101928710938,120248.26147460938,SPY,1322
2006-09-11,120394.33508300781,26.120101928710938,120368.2149810791,SPY,1322
2006-09-12,121575.74549865723,26.120101928710938,121549.62539672852,SPY,1322
2006-09-13,122064.90930175781,26.120101928710938,122038.7891998291,SPY,1322
2006-09-14,122074.1884765625,26.120101928710938,122048.06837463379,SPY,1322
2006-09-15,122360.63256835938,26.120101928710938,122334.51246643066,SPY,1322
2006-09-18,122527.52659606934,26.120101928710938,122501.40649414062,SPY,1322
2006-09-19,122221.54580688477,26.120101928710938,122195.42570495605,SPY,1322
2006-09-20,122870.5433959961,26.120101928710938,122844.42329406738,SPY,1322
2006-09-21,122277.18051147461,26.120101928710938,122251.0604095459,SPY,1322
2006-09-22,121906.3564453125,26.120101928710938,121880.23634338379,SPY,1322
2006-09-25,122842.70587158203,26.120101928710938,122816.58576965332,SPY,1322
2006-09-26,123862.47709655762,26.120101928710938,123836.3569946289,SPY,1322
2006-09-27,124010.80268859863,26.120101928710938,123984.68258666992,SPY,1322
2006-09-28,123964.41690063477,26.120101928710938,123938.29679870605,SPY,1322
2006-09-29,123862.47709655762,26.120101928710938,123836.3569946289,SPY,1322
2006-10-02,123398.95205688477,26.120101928710938,123372.83195495605,SPY,1322
2006-10-03,123658.54705810547,26.120101928710938,123632.42695617676,SPY,1322
2006-10-04,125104.76696777344,26.120101928710938,125078.64686584473,SPY,1322
2006-10-05,125345.78344726562,26.120101928710938,125319.66334533691,SPY,1322
2006-10-06,125188.2190246582,26.120101928710938,125162.09892272949,SPY,1322
2006-10-09,125262.32130432129,26.120101928710938,125236.20120239258,SPY,1322
2006-10-10,125429.20524597168,26.120101928710938,125403.08514404297,SPY,1322
2006-10-11,125280.8998260498,26.120101928710938,125254.7797241211,SPY,1322
2006-10-12,126365.53450012207,26.120101928710938,126339.41439819336,SPY,1322
2006-10-13,126689.99295043945,26.120101928710938,126663.87284851074,SPY,1322
2006-10-16,126884.66398620605,26.120101928710938,126858.54388427734,SPY,1322
2006-10-17,126486.02256774902,26.120101928710938,126459.90246582031,SPY,1322
2006-10-18,126652.9468536377,26.120101928710938,126626.82675170898,SPY,1322
2006-10-19,126856.8567199707,26.120101928710938,126830.73661804199,SPY,1322
2006-10-20,126884.66398620605,26.120101928710938,126858.54388427734,SPY,1322
2006-10-23,127468.75778198242,26.120101928710938,127442.63768005371,SPY,1322
2006-10-24,127848.85093688965,26.120101928710938,127822.73083496094,SPY,1322
2006-10-25,128284.57879638672,26.120101928710938,128258.45869445801,SPY,1322
2006-10-26,128683.13952636719,26.120101928710938,128657.01942443848,SPY,1322
2006-10-27,127876.64811706543,26.120101928710938,127850.52801513672,SPY,1322
2006-10-30,127783.93705749512,26.120101928710938,127757.8169555664,SPY,1322
2006-10-31,127765.38879394531,26.120101928710938,127739.2686920166,SPY,1322
2006-11-01,126903.232421875,26.120101928710938,126877.11231994629,SPY,1322
2006-11-02,126829.04945373535,26.120101928710938,126802.92935180664,SPY,1322
2006-11-03,126606.53080749512,26.120101928710938,126580.4107055664,SPY,1322
2006-11-06,128034.27305603027,26.120101928710938,128008.15295410156,SPY,1322
2006-11-07,128525.60536193848,26.120101928710938,128499.48526000977,SPY,1322
2006-11-08,128803.69819641113,26.120101928710938,128777.57809448242,SPY,1322
2006-11-09,128126.92359924316,26.120101928710938,128100.80349731445,SPY,1322
2006-11-10,128182.56838989258,26.120101928710938,128156.44828796387,SPY,1322
2006-11-13,128497.77792358398,26.120101928710938,128471.65782165527,SPY,1322
2006-11-14,129461.94470214844,26.120101928710938,129435.82460021973,SPY,1322
2006-11-15,129832.72842407227,26.120101928710938,129806.60832214355,SPY,1322
2006-11-16,130166.48622131348,26.120101928710938,130140.36611938477,SPY,1322
2006-11-17,130203.58274841309,26.120101928710938,130177.46264648438,SPY,1322
2006-11-20,130277.72537231445,26.120101928710938,130251.60527038574,SPY,1322
2006-11-21,130407.58338928223,26.120101928710938,130381.46328735352,SPY,1322
2006-11-22,130667.05735778809,26.120101928710938,130640.93725585938,SPY,1322
2006-11-24,130138.70921325684,26.120101928710938,130112.58911132812,SPY,1322
2006-11-27,128349.46241760254,26.120101928710938,128323.34231567383,SPY,1322
2006-11-28,128905.65817260742,26.120101928710938,128879.53807067871,SPY,1322
2006-11-29,130249.93827819824,26.120101928710938,130223.81817626953,SPY,1322
2006-11-30,130305.49229431152,26.120101928710938,130279.37219238281,SPY,1322
2006-12-01,130018.16062927246,26.120101928710938,129992.04052734375,SPY,1322
2006-12-04,131010.10441589355,26.120101928710938,130983.98431396484,SPY,1322
2006-12-05,131575.62977600098,26.120101928710938,131549.50967407227,SPY,1322
2006-12-06,131464.33010864258,26.120101928710938,131438.21000671387,SPY,1322
2006-12-07,130889.62643432617,26.120101928710938,130863.50633239746,SPY,1322
2006-12-08,131130.60256958008,26.120101928710938,131104.48246765137,SPY,1322
2006-12-11,131510.6957244873,26.120101928710938,131484.5756225586,SPY,1322
2006-12-12,131408.68531799316,26.120101928710938,131382.56521606445,SPY,1322
2006-12-13,131547.78216552734,26.120101928710938,131521.66206359863,SPY,1322
2006-12-14,132706.6199798584,26.120101928710938,132680.4998779297,SPY,1322
2006-12-15,132718.77368164062,26.120101928710938,132692.6535797119,SPY,1322
2006-12-18,132355.15106201172,26.120101928710938,132329.030960083,SPY,1322
2006-12-19,132606.87893676758,26.120101928710938,132580.75883483887,SPY,1322
2006-12-20,132532.3631286621,26.120101928710938,132506.2430267334,SPY,1322
2006-12-21,132047.56658935547,26.120101928710938,132021.44648742676,SPY,1322
2006-12-22,131236.48602294922,26.120101928710938,131210.3659210205,SPY,1322
2006-12-26,132010.25825500488,26.120101928710938,131984.13815307617,SPY,1322
2006-12-27,132877.18533325195,26.120101928710938,132851.06523132324,SPY,1322
2006-12-28,132597.5594177246,26.120101928710938,132571.4393157959,SPY,1322
2006-12-29,132047.56658935547,26.120101928710938,132021.44648742676,SPY,1322
2007-01-03,131814.44749450684,26.120101928710938,131788.32739257812,SPY,1322
2007-01-04,132094.12384033203,26.120101928710938,132068.00373840332,SPY,1322
2007-01-05,131040.71560668945,26.120101928710938,131014.59550476074,SPY,1322
2007-01-08,131646.65580749512,26.120101928710938,131620.5357055664,SPY,1322
2007-01-09,131534.81149291992,26.120101928710938,131508.6913909912,SPY,1322
2007-01-10,131972.90957641602,26.120101928710938,131946.7894744873,SPY,1322
2007-01-11,132550.90130615234,26.120101928710938,132524.78120422363,SPY,1322
2007-01-12,133557.72203063965,26.120101928710938,133531.60192871094,SPY,1322
2007-01-16,133296.69480895996,26.120101928710938,133270.57470703125,SPY,1322
2007-01-17,133352.62200927734,26.120101928710938,133326.50190734863,SPY,1322
2007-01-18,132905.17414855957,26.120101928710938,132879.05404663086,SPY,1322
2007-01-19,133166.20137023926,26.120101928710938,133140.08126831055,SPY,1322
2007-01-22,132756.00132751465,26.120101928710938,132729.88122558594,SPY,1322
2007-01-23,133147.58250427246,26.120101928710938,133121.46240234375,SPY,1322
2007-01-24,134219.6196899414,26.120101928710938,134193.4995880127,SPY,1322
2007-01-25,132644.12675476074,26.120101928710938,132618.00665283203,SPY,1322
2007-01-26,132522.96292114258,26.120101928710938,132496.84281921387,SPY,1322
2007-01-29,132448.3865966797,26.120101928710938,132422.26649475098,SPY,1322
2007-01-30,133138.2226409912,26.120101928710938,133112.1025390625,SPY,1322
2007-01-31,134033.1687927246,26.120101928710938,134007.0486907959,SPY,1322
2007-02-01,134834.91975402832,26.120101928710938,134808.7996520996,SPY,1322
2007-02-02,135021.33030700684,26.120101928710938,134995.21020507812,SPY,1322
2007-02-05,135058.648727417,26.120101928710938,135032.52862548828,SPY,1322
2007-02-06,135095.82594299316,26.120101928710938,135069.70584106445,SPY,1322
2007-02-07,135394.2119293213,26.120101928710938,135368.09182739258,SPY,1322
2007-02-08,135217.0704650879,26.120101928710938,135190.95036315918,SPY,1322
2007-02-09,134210.30017089844,26.120101928710938,134184.18006896973,SPY,1322
2007-02-12,133753.48236083984,26.120101928710938,133727.36225891113,SPY,1322
2007-02-13,134881.47700500488,26.120101928710938,134855.35690307617,SPY,1322
2007-02-14,135767.16415405273,26.120101928710938,135741.04405212402,SPY,1322
2007-02-15,135944.20475769043,26.120101928710938,135918.08465576172,SPY,1322
2007-02-16,135878.99838256836,26.120101928710938,135852.87828063965,SPY,1322
2007-02-20,136167.9639892578,26.120101928710938,136141.8438873291,SPY,1322
2007-02-21,136112.05696105957,26.120101928710938,136085.93685913086,SPY,1322
2007-02-22,136009.49182128906,26.120101928710938,135983.37171936035,SPY,1322
2007-02-23,135478.087600708,26.120101928710938,135451.9674987793,SPY,1322
2007-02-26,135356.9035949707,26.120101928710938,135330.783493042,SPY,1322
2007-02-27,130071.22338867188,26.120101928710938,130045.10328674316,SPY,1322
2007-02-28,131404.24745178223,26.120101928710938,131378.12734985352,SPY,1322
2007-03-01,131012.78730773926,26.120101928710938,130986.66720581055,SPY,1322
2007-03-02,129297.45115661621,26.120101928710938,129271.3310546875,SPY,1322
2007-03-05,128066.94180297852,26.120101928710938,128040.8217010498,SPY,1322
2007-03-06,130257.65411376953,26.120101928710938,130231.53401184082,SPY,1322
2007-03-07,130127.12033081055,26.120101928710938,130101.00022888184,SPY,1322
2007-03-08,131227.1866760254,26.120101928710938,131201.06657409668,SPY,1322
2007-03-09,131264.47483825684,26.120101928710938,131238.35473632812,SPY,1322
2007-03-12,131460.1746520996,26.120101928710938,131434.0545501709,SPY,1322
2007-03-13,128905.94058227539,26.120101928710938,128879.82048034668,SPY,1322
2007-03-14,129866.19396972656,26.120101928710938,129840.07386779785,SPY,1322
2007-03-15,130043.2547454834,26.120101928710938,130017.13464355469,SPY,1322
2007-03-16,129679.22868347168,26.120101928710938,129653.10858154297,SPY,1322
2007-03-19,131242.14430236816,26.120101928710938,131216.02420043945,SPY,1322
2007-03-20,131962.8235168457,26.120101928710938,131936.703414917,SPY,1322
2007-03-21,134134.17059326172,26.120101928710938,134108.050491333,SPY,1322
2007-03-22,134031.21209716797,26.120101928710938,134005.09199523926,SPY,1322
2007-03-23,134227.75914001465,26.120101928710938,134201.63903808594,SPY,1322
2007-03-26,134049.91165161133,26.120101928710938,134023.79154968262,SPY,1322
2007-03-27,133731.72673034668,26.120101928710938,133705.60662841797,SPY,1322
2007-03-28,132758.40180969238,26.120101928710938,132732.28170776367,SPY,1322
2007-03-29,132898.71907043457,26.120101928710938,132872.59896850586,SPY,1322
2007-03-30,132926.8390045166,26.120101928710938,132900.7189025879,SPY,1322
2007-04-02,133076.5665588379,26.120101928710938,133050.44645690918,SPY,1322
2007-04-03,134508.54495239258,26.120101928710938,134482.42485046387,SPY,1322
2007-04-04,134658.2321624756,26.120101928710938,134632.11206054688,SPY,1322
2007-04-05,135023.29708862305,26.120101928710938,134997.17698669434,SPY,1322
2007-04-09,135210.4741821289,26.120101928710938,135184.3540802002,SPY,1322
2007-04-10,135369.60194396973,26.120101928710938,135343.48184204102,SPY,1322
2007-04-11,134817.34983825684,26.120101928710938,134791.22973632812,SPY,1322
2007-04-12,135416.3609161377,26.120101928710938,135390.24081420898,SPY,1322
2007-04-13,136034.03120422363,26.120101928710938,136007.91110229492,SPY,1322
2007-04-16,137325.62173461914,26.120101928710938,137299.50163269043,SPY,1322
2007-04-17,137690.64631652832,26.120101928710938,137664.5262145996,SPY,1322
2007-04-18,137859.11376953125,26.120101928710938,137832.99366760254,SPY,1322
2007-04-19,137821.6944885254,26.120101928710938,137795.57438659668,SPY,1322
2007-04-20,139122.6650543213,26.120101928710938,139096.54495239258,SPY,1322
2007-04-23,138598.472366333,26.120101928710938,138572.3522644043,SPY,1322
2007-04-24,138654.62145996094,26.120101928710938,138628.50135803223,SPY,1322
2007-04-25,139927.4418334961,26.120101928710938,139901.32173156738,SPY,1322
2007-04-26,140086.6099395752,26.120101928710938,140060.48983764648,SPY,1322
2007-04-27,139974.3218383789,26.120101928710938,139948.2017364502,SPY,1322
2007-04-30,138813.75930786133,26.120101928710938,138787.63920593262,SPY,1322
2007-05-01,139169.42402648926,26.120101928710938,139143.30392456055,SPY,1322
2007-05-02,139983.66152954102,26.120101928710938,139957.5414276123,SPY,1322
2007-05-03,140741.74993896484,26.120101928710938,140715.62983703613,SPY,1322
2007-05-04,141275.17137145996,26.120101928710938,141249.05126953125,SPY,1322
2007-05-07,141303.291305542,26.120101928710938,141277.17120361328,SPY,1322
2007-05-08,141116.1242980957,26.120101928710938,141090.004196167,SPY,1322
2007-05-09,141499.83834838867,26.120101928710938,141473.71824645996,SPY,1322
2007-05-10,140021.02029418945,26.120101928710938,139994.90019226074,SPY,1322
2007-05-11,141219.11305236816,26.120101928710938,141192.99295043945,SPY,1322
2007-05-14,140910.2375640869,26.120101928710938,140884.1174621582,SPY,1322
2007-05-15,140947.62658691406,26.120101928710938,140921.50648498535,SPY,1322
2007-05-16,141911.70259094238,26.120101928710938,141885.58248901367,SPY,1322
2007-05-17,141630.92686462402,26.120101928710938,141604.8067626953,SPY,1322
2007-05-18,142866.30778503418,26.120101928710938,142840.18768310547,SPY,1322
2007-05-21,142791.42887878418,26.120101928710938,142765.30877685547,SPY,1322
2007-05-22,142679.1407775879,26.120101928710938,142653.02067565918,SPY,1322
2007-05-23,142697.83024597168,26.120101928710938,142671.71014404297,SPY,1322
2007-05-24,141406.2296295166,26.120101928710938,141380.1095275879,SPY,1322
2007-05-25,141995.91110229492,26.120101928710938,141969.7910003662,SPY,1322
2007-05-29,142510.67332458496,26.120101928710938,142484.55322265625,SPY,1322
2007-05-30,143671.19551086426,26.120101928710938,143645.07540893555,SPY,1322
2007-05-31,143521.4276123047,26.120101928710938,143495.30751037598,SPY,1322
2007-06-01,144232.74696350098,26.120101928710938,144206.62686157227,SPY,1322
2007-06-04,144251.48686218262,26.120101928710938,144225.3667602539,SPY,1322
2007-06-05,143680.56546020508,26.120101928710938,143654.44535827637,SPY,1322
2007-06-06,142136.33930969238,26.120101928710938,142110.21920776367,SPY,1322
2007-06-07,139571.85780334473,26.120101928710938,139545.73770141602,SPY,1322
2007-06-08,141387.4796447754,26.120101928710938,141361.35954284668,SPY,1322
2007-06-11,141630.92686462402,26.120101928710938,141604.8067626953,SPY,1322
2007-06-12,140086.6099395752,26.120101928710938,140060.48983764648,SPY,1322
2007-06-13,142183.02767944336,26.120101928710938,142156.90757751465,SPY,1322
2007-06-14,143090.94450378418,26.120101928710938,143064.82440185547,SPY,1322
2007-06-15,143904.92985534668,26.120101928710938,143878.80975341797,SPY,1322
2007-06-18,143735.74629211426,26.120101928710938,143709.62619018555,SPY,1322
2007-06-19,144092.9037475586,26.120101928710938,144066.78364562988,SPY,1322
2007-06-20,142090.810836792,26.120101928710938,142064.69073486328,SPY,1322
2007-06-21,142880.3274078369,26.120101928710938,142854.2073059082,SPY,1322
2007-06-22,141536.28936767578,26.120101928710938,141510.16926574707,SPY,1322
2007-06-25,140859.49459838867,26.120101928710938,140833.37449645996,SPY,1322
2007-06-26,139411.953414917,26.120101928710938,139385.83331298828,SPY,1322
2007-06-27,141395.23582458496,26.120101928710938,141369.11572265625,SPY,1322
2007-06-28,141376.47575378418,26.120101928710938,141350.35565185547,SPY,1322
2007-06-29,141423.44653320312,26.120101928710938,141397.3264312744,SPY,1322
2007-07-02,142701.77389526367,26.120101928710938,142675.65379333496,SPY,1322
2007-07-03,143218.75505065918,26.120101928710938,143192.63494873047,SPY,1322
2007-07-05,143068.3416442871,26.120101928710938,143042.2215423584,SPY,1322
2007-07-06,143820.28764343262,26.120101928710938,143794.1675415039,SPY,1322
2007-07-09,143933.10021972656,26.120101928710938,143906.98011779785,SPY,1322
2007-07-10,141883.9760131836,26.120101928710938,141857.85591125488,SPY,1322
2007-07-11,142889.76795959473,26.120101928710938,142863.64785766602,SPY,1322
2007-07-12,145145.64630126953,26.120101928710938,145119.52619934082,SPY,1322
2007-07-13,145577.9751586914,26.120101928710938,145551.8550567627,SPY,1322
2007-07-16,145559.28569030762,26.120101928710938,145533.1655883789,SPY,1322
2007-07-17,145484.03359985352,26.120101928710938,145457.9134979248,SPY,1322
2007-07-18,145220.9084777832,26.120101928710938,145194.7883758545,SPY,1322
2007-07-19,145784.83015441895,26.120101928710938,145758.71005249023,SPY,1322
2007-07-20,144309.05809020996,26.120101928710938,144282.93798828125,SPY,1322
2007-07-23,144750.8476715088,26.120101928710938,144724.72756958008,SPY,1322
2007-07-24,142241.25450134277,26.120101928710938,142215.13439941406,SPY,1322
2007-07-25,142532.59033203125,26.120101928710938,142506.47023010254,SPY,1322
2007-07-26,139158.15789794922,26.120101928710938,139132.0377960205,SPY,1322
2007-07-27,136422.88914489746,26.120101928710938,136396.76904296875,SPY,1322
2007-07-30,138556.60513305664,26.120101928710938,138530.48503112793,SPY,1322
2007-07-31,136996.20094299316,26.120101928710938,136970.08084106445,SPY,1322
2007-08-01,137663.62576293945,26.120101928710938,137637.50566101074,SPY,1322
2007-08-02,138763.40969848633,26.120101928710938,138737.28959655762,SPY,1322
2007-08-03,135191.5224761963,26.120101928710938,135165.40237426758,SPY,1322
2007-08-06,137456.86154174805,26.120101928710938,137430.74143981934,SPY,1322
2007-08-07,138923.14262390137,26.120101928710938,138897.02252197266,SPY,1322
2007-08-08,140859.49459838867,26.120101928710938,140833.37449645996,SPY,1322
2007-08-09,136686.08486938477,26.120101928710938,136659.96476745605,SPY,1322
2007-08-10,136046.9211883545,26.120101928710938,136020.80108642578,SPY,1322
2007-08-13,136535.64120483398,26.120101928710938,136509.52110290527,SPY,1322
2007-08-14,134448.9161682129,26.120101928710938,134422.79606628418,SPY,1322
2007-08-15,132597.2870941162,26.120101928710938,132571.1669921875,SPY,1322
2007-08-16,133593.6183166504,26.120101928710938,133567.49821472168,SPY,1322
2007-08-17,136046.9211883545,26.120101928710938,136020.80108642578,SPY,1322
2007-08-20,135981.08947753906,26.120101928710938,135954.96937561035,SPY,1322
2007-08-21,136253.7156677246,26.120101928710938,136227.5955657959,SPY,1322
2007-08-22,137870.41015625,26.120101928710938,137844.2900543213,SPY,1322
2007-08-23,137748.24780273438,26.120101928710938,137722.12770080566,SPY,1322
2007-08-24,139449.5945892334,26.120101928710938,139423.4744873047,SPY,1322
2007-08-27,138152.38612365723,26.120101928710938,138126.26602172852,SPY,1322
2007-08-28,135116.35107421875,26.120101928710938,135090.23097229004,SPY,1322
2007-08-29,137766.9977874756,26.120101928710938,137740.87768554688,SPY,1322
2007-08-30,137400.41995239258,26.120101928710938,137374.29985046387,SPY,1322
2007-08-31,138753.99940490723,26.120101928710938,138727.87930297852,SPY,1322
2007-09-04,140154.5597229004,26.120101928710938,140128.43962097168,SPY,1322
2007-09-05,138941.9228668213,26.120101928710938,138915.80276489258,SPY,1322
2007-09-06,139261.54000854492,26.120101928710938,139235.4199066162,SPY,1322
2007-09-07,137325.24855041504,26.120101928710938,137299.12844848633,SPY,1322
2007-09-10,137061.9923095703,26.120101928710938,137035.8722076416,SPY,1322
2007-09-11,138659.98724365234,26.120101928710938,138633.86714172363,SPY,1322
2007-09-12,139017.11444091797,26.120101928710938,138990.99433898926,SPY,1322
2007-09-13,139994.71585083008,26.120101928710938,139968.59574890137,SPY,1322
2007-09-14,139985.27529907227,26.120101928710938,139959.15519714355,SPY,1322
2007-09-17,139233.30912780762,26.120101928710938,139207.1890258789,SPY,1322
2007-09-18,143331.56762695312,26.120101928710938,143305.4475250244,SPY,1322
2007-09-19,144177.4955291748,26.120101928710938,144151.3754272461,SPY,1322
2007-09-20,143162.34371948242,26.120101928710938,143136.2236175537,SPY,1322
2007-09-21,143548.58937072754,26.120101928710938,143522.46926879883,SPY,1322
2007-09-24,143284.23374938965,26.120101928710938,143258.11364746094,SPY,1322
2007-09-25,143000.82556152344,26.120101928710938,142974.70545959473,SPY,1322
2007-09-26,143756.3924560547,26.120101928710938,143730.27235412598,SPY,1322
2007-09-27,144606.37495422363,26.120101928710938,144580.25485229492,SPY,1322
2007-09-28,144124.72526550293,26.120101928710938,144098.60516357422,SPY,1322
2007-10-01,145749.1053314209,26.120101928710938,145722.9852294922,SPY,1322
2007-10-02,145550.77305603027,26.120101928710938,145524.65295410156,SPY,1322
2007-10-03,145258.0050048828,26.120101928710938,145231.8849029541,SPY,1322
2007-10-04,145484.6488494873,26.120101928710938,145458.5287475586,SPY,1322
2007-10-05,147212.9758453369,26.120101928710938,147186.8557434082,SPY,1322
2007-10-08,146429.0973815918,26.120101928710938,146402.9772796631,SPY,1322
2007-10-09,147807.94241333008,26.120101928710938,147781.82231140137,SPY,1322
2007-10-10,147562.35694885254,26.120101928710938,147536.23684692383,SPY,1322
2007-10-11,146854.0432434082,26.120101928710938,146827.9231414795,SPY,1322
2007-10-12,147666.25344848633,26.120101928710938,147640.13334655762,SPY,1322
2007-10-15,146419.69717407227,26.120101928710938,146393.57707214355,SPY,1322
2007-10-16,145258.0050048828,26.120101928710938,145231.8849029541,SPY,1322
2007-10-17,145701.85214233398,26.120101928710938,145675.73204040527,SPY,1322
2007-10-18,145173.09046936035,26.120101928710938,145146.97036743164,SPY,1322
2007-10-19,141376.45558166504,26.120101928710938,141350.33547973633,SPY,1322
2007-10-22,142198.07608032227,26.120101928710938,142171.95597839355,SPY,1322
2007-10-23,143350.26718139648,26.120101928710938,143324.14707946777,SPY,1322
2007-10-24,143085.82078552246,26.120101928710938,143059.70068359375,SPY,1322
2007-10-25,143425.87228393555,26.120101928710938,143399.75218200684,SPY,1322
2007-10-26,145106.88557434082,26.120101928710938,145080.7654724121,SPY,1322
2007-10-29,145588.51509094238,26.120101928710938,145562.39498901367,SPY,1322
2007-10-30,144578.07347106934,26.120101928710938,144551.95336914062,SPY,1322
2007-10-31,146079.65576171875,26.120101928710938,146053.53565979004,SPY,1322
2007-11-01,142660.8244934082,26.120101928710938,142634.7043914795,SPY,1322
2007-11-02,142821.41473388672,26.120101928710938,142795.294631958,SPY,1322
2007-11-05,141735.35792541504,26.120101928710938,141709.23782348633,SPY,1322
2007-11-06,143643.0856628418,26.120101928710938,143616.9655609131,SPY,1322
2007-11-07,139714.29313659668,26.120101928710938,139688.17303466797,SPY,1322
2007-11-08,139005.94917297363,26.120101928710938,138979.82907104492,SPY,1322
2007-11-09,137098.30212402344,26.120101928710938,137072.18202209473,SPY,1322
2007-11-12,135738.31802368164,26.120101928710938,135712.19792175293,SPY,1322
2007-11-13,139874.8430328369,26.120101928710938,139848.7229309082,SPY,1322
2007-11-14,139487.65937805176,26.120101928710938,139461.53927612305,SPY,1322
2007-11-15,137476.02505493164,26.120101928710938,137449.90495300293,SPY,1322
2007-11-16,137712.0892791748,26.120101928710938,137685.9691772461,SPY,1322
2007-11-19,135794.9714202881,26.120101928710938,135768.85131835938,SPY,1322
2007-11-20,136626.08290100098,26.120101928710938,136599.96279907227,SPY,1322
2007-11-21,133830.59028625488,26.120101928710938,133804.47018432617,SPY,1322
2007-11-23,136144.43321228027,26.120101928710938,136118.31311035156,SPY,1322
2007-11-26,133141.1778564453,26.120101928710938,133115.0577545166,SPY,1322
2007-11-27,134671.1725769043,26.120101928710938,134645.0524749756,SPY,1322
2007-11-28,138977.6981201172,26.120101928710938,138951.57801818848,SPY,1322
2007-11-29,139024.90087890625,26.120101928710938,138998.78077697754,SPY,1322
2007-11-30,140422.58666992188,26.120101928710938,140396.46656799316,SPY,1322
2007-12-03,139497.11001586914,26.120101928710938,139470.98991394043,SPY,1322
2007-12-04,138250.4831390381,26.120101928710938,138224.36303710938,SPY,1322
2007-12-05,140564.29580688477,26.120101928710938,140538.17570495605,SPY,1322
2007-12-06,142575.8595275879,26.120101928710938,142549.73942565918,SPY,1322
2007-12-07,142547.57821655273,26.120101928710938,142521.45811462402,SPY,1322
2007-12-10,143652.51612854004,26.120101928710938,143626.39602661133,SPY,1322
2007-12-11,139714.29313659668,26.120101928710938,139688.17303466797,SPY,1322
2007-12-12,141093.14825439453,26.120101928710938,141067.02815246582,SPY,1322
2007-12-13,140800.39028930664,26.120101928710938,140774.27018737793,SPY,1322
2007-12-14,139015.43006896973,26.120101928710938,138989.30996704102,SPY,1322
2007-12-17,137032.12748718262,26.120101928710938,137006.0073852539,SPY,1322
2007-12-18,137797.15510559082,26.120101928710938,137771.0350036621,SPY,1322
2007-12-19,137797.15510559082,26.120101928710938,137771.0350036621,SPY,1322
2007-12-20,138666.0187072754,26.120101928710938,138639.89860534668,SPY,1322
2007-12-21,140664.56132507324,26.120101928710938,140638.44122314453,SPY,1322
2007-12-24,141708.89210510254,26.120101928710938,141682.77200317383,SPY,1322
2007-12-26,142012.68421936035,26.120101928710938,141986.56411743164,SPY,1322
2007-12-27,140227.82485961914,26.120101928710938,140201.70475769043,SPY,1322
2007-12-28,139876.577835083,26.120101928710938,139850.4577331543,SPY,1322
2007-12-31,138841.70777893066,26.120101928710938,138815.58767700195,SPY,1322
2008-01-02,137626.408203125,26.120101928710938,137600.2881011963,SPY,1322
2008-01-03,137559.96124267578,26.120101928710938,137533.84114074707,SPY,1322
2008-01-04,134189.44219970703,26.120101928710938,134163.32209777832,SPY,1322
2008-01-07,134075.53024291992,26.120101928710938,134049.4101409912,SPY,1322
2008-01-08,131910.82987976074,26.120101928710938,131884.70977783203,SPY,1322
2008-01-09,133297.02764892578,26.120101928710938,133270.90754699707,SPY,1322
2008-01-10,134170.41989135742,26.120101928710938,134144.2997894287,SPY,1322
2008-01-11,133088.09492492676,26.120101928710938,133061.97482299805,SPY,1322
2008-01-14,134160.98942565918,26.120101928710938,134134.86932373047,SPY,1322
2008-01-15,131208.24505615234,26.120101928710938,131182.12495422363,SPY,1322
2008-01-16,130078.43492126465,26.120101928710938,130052.31481933594,SPY,1322
2008-01-17,126707.98648071289,26.120101928710938,126681.86637878418,SPY,1322
2008-01-18,125407.26806640625,26.120101928710938,125381.14796447754,SPY,1322
2008-01-22,124135.0225982666,26.120101928710938,124108.90249633789,SPY,1322
2008-01-23,127116.27017211914,26.120101928710938,127090.15007019043,SPY,1322
2008-01-24,128189.083984375,26.120101928710938,128162.96388244629,SPY,1322
2008-01-25,126337.67680358887,26.120101928710938,126311.55670166016,SPY,1322
2008-01-28,128426.43922424316,26.120101928710938,128400.31912231445,SPY,1322
2008-01-29,129062.6275177002,26.120101928710938,129036.50741577148,SPY,1322
2008-01-30,128113.1157836914,26.120101928710938,128086.9956817627,SPY,1322
2008-01-31,130448.77485656738,26.120101928710938,130422.65475463867,SPY,1322
2008-02-01,132546.96774291992,26.120101928710938,132520.8476409912,SPY,1322
2008-02-04,130875.94973754883,26.120101928710938,130849.82963562012,SPY,1322
2008-02-05,127372.62754821777,26.120101928710938,127346.50744628906,SPY,1322
2008-02-06,126347.20812988281,26.120101928710938,126321.0880279541,SPY,1322
2008-02-07,127182.70704650879,26.120101928710938,127156.58694458008,SPY,1322
2008-02-08,126366.15983581543,26.120101928710938,126340.03973388672,SPY,1322
2008-02-11,127011.81893920898,26.120101928710938,126985.69883728027,SPY,1322
2008-02-12,128189.083984375,26.120101928710938,128162.96388244629,SPY,1322
2008-02-13,129499.24295043945,26.120101928710938,129473.12284851074,SPY,1322
2008-02-14,128359.96200561523,26.120101928710938,128333.84190368652,SPY,1322
2008-02-15,128331.47897338867,26.120101928710938,128305.35887145996,SPY,1322
2008-02-19,128692.3077545166,26.120101928710938,128666.18765258789,SPY,1322
2008-02-20,129072.00755310059,26.120101928710938,129045.88745117188,SPY,1322
2008-02-21,127999.19374084473,26.120101928710938,127973.07363891602,SPY,1322
2008-02-22,128787.1974029541,26.120101928710938,128761.07730102539,SPY,1322
2008-02-25,130410.79075622559,26.120101928710938,130384.67065429688,SPY,1322
2008-02-26,131388.6947479248,26.120101928710938,131362.5746459961,SPY,1322
2008-02-27,131255.73022460938,26.120101928710938,131229.61012268066,SPY,1322
2008-02-28,129973.96351623535,26.120101928710938,129947.84341430664,SPY,1322
2008-02-29,127078.27598571777,26.120101928710938,127052.15588378906,SPY,1322
2008-03-03,126774.45361328125,26.120101928710938,126748.33351135254,SPY,1322
2008-03-04,126290.2723236084,26.120101928710938,126264.15222167969,SPY,1322
2008-03-05,127087.76696777344,26.120101928710938,127061.64686584473,SPY,1322
2008-03-06,124457.83702087402,26.120101928710938,124431.71691894531,SPY,1322
2008-03-07,123176.15100097656,26.120101928710938,123150.03089904785,SPY,1322
2008-03-10,121552.62825012207,26.120101928710938,121526.50814819336,SPY,1322
2008-03-11,125919.94247436523,26.120101928710938,125893.82237243652,SPY,1322
2008-03-12,124742.64717102051,26.120101928710938,124716.5270690918,SPY,1322
2008-03-13,125018.01676940918,26.120101928710938,124991.89666748047,SPY,1322
2008-03-14,123081.1806640625,26.120101928710938,123055.06056213379,SPY,1322
2008-03-17,121837.42831420898,26.120101928710938,121811.30821228027,SPY,1322
2008-03-18,126897.87672424316,26.120101928710938,126871.75662231445,SPY,1322
2008-03-19,123755.28245544434,26.120101928710938,123729.16235351562,SPY,1322
2008-03-20,126047.12768554688,26.120101928710938,126021.00758361816,SPY,1322
2008-03-24,128566.00003051758,26.120101928710938,128539.87992858887,SPY,1322
2008-03-25,128690.03839111328,26.120101928710938,128663.91828918457,SPY,1322
2008-03-26,127115.69526672363,26.120101928710938,127089.57516479492,SPY,1322
2008-03-27,126714.99629211426,26.120101928710938,126688.87619018555,SPY,1322
2008-03-28,125503.2268371582,26.120101928710938,125477.10673522949,SPY,1322
2008-03-31,125942.14189147949,26.120101928710938,125916.02178955078,SPY,1322
2008-04-01,130369.27653503418,26.120101928710938,130343.15643310547,SPY,1322
2008-04-02,130455.11898803711,26.120101928710938,130428.9988861084,SPY,1322
2008-04-03,130779.46649169922,26.120101928710938,130753.34638977051,SPY,1322
2008-04-04,130636.43608093262,26.120101928710938,130610.3159790039,SPY,1322
2008-04-07,130703.21588134766,26.120101928710938,130677.09577941895,SPY,1322
2008-04-08,130569.66636657715,26.120101928710938,130543.54626464844,SPY,1322
2008-04-09,129625.04637145996,26.120101928710938,129598.92626953125,SPY,1322
2008-04-10,129806.34329223633,26.120101928710938,129780.22319030762,SPY,1322
2008-04-11,127287.44068908691,26.120101928710938,127261.3205871582,SPY,1322
2008-04-14,126858.05696105957,26.120101928710938,126831.93685913086,SPY,1322
2008-04-15,127153.87100219727,26.120101928710938,127127.75090026855,SPY,1322
2008-04-16,130598.30068969727,26.120101928710938,130572.18058776855,SPY,1322
2008-04-17,130789.10876464844,26.120101928710938,130762.98866271973,SPY,1322
2008-04-18,132153.54081726074,26.120101928710938,132127.42071533203,SPY,1322
2008-04-21,132220.3105316162,26.120101928710938,132194.1904296875,SPY,1322
2008-04-22,131638.31463623047,26.120101928710938,131612.19453430176,SPY,1322
2008-04-23,131428.3430480957,26.120101928710938,131402.222946167,SPY,1322
2008-04-24,132000.8378753662,26.120101928710938,131974.7177734375,SPY,1322
2008-04-25,133222.0781402588,26.120101928710938,133195.95803833008,SPY,1322
2008-04-28,133250.73263549805,26.120101928710938,133224.61253356934,SPY,1322
2008-04-29,132725.97512817383,26.120101928710938,132699.85502624512,SPY,1322
2008-04-30,131943.56922912598,26.120101928710938,131917.44912719727,SPY,1322
2008-05-01,134672.40307617188,26.120101928710938,134646.28297424316,SPY,1322
2008-05-02,135044.49798583984,26.120101928710938,135018.37788391113,SPY,1322
2008-05-05,134395.69203186035,26.120101928710938,134369.57192993164,SPY,1322
2008-05-06,135559.75442504883,26.120101928710938,135533.63432312012,SPY,1322
2008-05-07,133145.8073577881,26.120101928710938,133119.68725585938,SPY,1322
2008-05-08,132802.34677124023,26.120101928710938,132776.22666931152,SPY,1322
2008-05-09,132554.23979187012,26.120101928710938,132528.1196899414,SPY,1322
2008-05-12,134042.70011901855,26.120101928710938,134016.58001708984,SPY,1322
2008-05-13,134061.75268554688,26.120101928710938,134035.63258361816,SPY,1322
2008-05-14,134338.4637298584,26.120101928710938,134312.3436279297,SPY,1322
2008-05-15,136017.69178771973,26.120101928710938,135991.57168579102,SPY,1322
2008-05-16,136141.73014831543,26.120101928710938,136115.61004638672,SPY,1322
2008-05-19,136513.8956604004,26.120101928710938,136487.77555847168,SPY,1322
2008-05-20,135407.0514831543,26.120101928710938,135380.9313812256,SPY,1322
2008-05-21,133117.1326904297,26.120101928710938,133091.01258850098,SPY,1322
2008-05-22,133136.23568725586,26.120101928710938,133110.11558532715,SPY,1322
2008-05-23,131352.06217956543,26.120101928710938,131325.94207763672,SPY,1322
2008-05-27,132325.23580932617,26.120101928710938,132299.11570739746,SPY,1322
2008-05-28,132935.89628601074,26.120101928710938,132909.77618408203,SPY,1322
2008-05-29,133603.78506469727,26.120101928710938,133577.66496276855,SPY,1322
2008-05-30,133937.69415283203,26.120101928710938,133911.57405090332,SPY,1322
2008-06-02,132554.23979187012,26.120101928710938,132528.1196899414,SPY,1322
2008-06-03,131781.37530517578,26.120101928710938,131755.25520324707,SPY,1322
2008-06-04,131714.59550476074,26.120101928710938,131688.47540283203,SPY,1322
2008-06-05,134348.0454864502,26.120101928710938,134321.92538452148,SPY,1322
2008-06-06,130063.97151184082,26.120101928710938,130037.85140991211,SPY,1322
2008-06-09,130378.83811950684,26.120101928710938,130352.71801757812,SPY,1322
2008-06-10,129730.02207946777,26.120101928710938,129703.90197753906,SPY,1322
2008-06-11,127821.75978088379,26.120101928710938,127795.63967895508,SPY,1322
2008-06-12,128308.3012084961,26.120101928710938,128282.18110656738,SPY,1322
2008-06-13,129930.38165283203,26.120101928710938,129904.26155090332,SPY,1322
2008-06-16,130006.67260742188,26.120101928710938,129980.55250549316,SPY,1322
2008-06-17,129376.9898223877,26.120101928710938,129350.86972045898,SPY,1322
2008-06-18,128117.5334777832,26.120101928710938,128091.41337585449,SPY,1322
2008-06-19,128279.73748779297,26.120101928710938,128253.61738586426,SPY,1322
2008-06-20,126197.97479248047,26.120101928710938,126171.85469055176,SPY,1322
2008-06-23,126073.29092407227,26.120101928710938,126047.17082214355,SPY,1322
2008-06-24,125823.99378967285,26.120101928710938,125797.87368774414,SPY,1322
2008-06-25,126418.48631286621,26.120101928710938,126392.3662109375,SPY,1322
2008-06-26,122985.66567993164,26.120101928710938,122959.54557800293,SPY,1322
2008-06-27,122314.43841552734,26.120101928710938,122288.31831359863,SPY,1322
2008-06-30,122745.94021606445,26.120101928710938,122719.82011413574,SPY,1322
2008-07-01,123129.55340576172,26.120101928710938,123103.43330383301,SPY,1322
2008-07-02,121019.94309997559,26.120101928710938,120993.82299804688,SPY,1322
2008-07-03,121144.5563659668,26.120101928710938,121118.43626403809,SPY,1322
2008-07-07,119907.60202026367,26.120101928710938,119881.48191833496,SPY,1322
2008-07-08,122036.31532287598,26.120101928710938,122010.19522094727,SPY,1322
2008-07-09,119687.06024169922,26.120101928710938,119660.94013977051,SPY,1322
2008-07-10,120176.09292602539,26.120101928710938,120149.97282409668,SPY,1322
2008-07-11,118776.10751342773,26.120101928710938,118749.98741149902,SPY,1322
2008-07-14,117702.11363220215,26.120101928710938,117675.99353027344,SPY,1322
2008-07-15,116043.26950073242,26.120101928710938,116017.14939880371,SPY,1322
2008-07-16,118891.15919494629,26.120101928710938,118865.03909301758,SPY,1322
2008-07-17,120080.21484375,26.120101928710938,120054.09474182129,SPY,1322
2008-07-18,120828.1566772461,26.120101928710938,120802.03657531738,SPY,1322
2008-07-21,120895.2894897461,26.120101928710938,120869.16938781738,SPY,1322
2008-07-22,122266.51954650879,26.120101928710938,122240.39944458008,SPY,1322
2008-07-23,122928.15496826172,26.120101928710938,122902.03486633301,SPY,1322
2008-07-24,120377.44093322754,26.120101928710938,120351.32083129883,SPY,1322
2008-07-25,120348.68557739258,26.120101928710938,120322.56547546387,SPY,1322
2008-07-28,118584.31100463867,26.120101928710938,118558.19090270996,SPY,1322
2008-07-29,121115.82118225098,26.120101928710938,121089.70108032227,SPY,1322
2008-07-30,123273.33018493652,26.120101928710938,123247.21008300781,SPY,1322
2008-07-31,121643.20106506348,26.120101928710938,121617.08096313477,SPY,1322
2008-08-01,121000.74932861328,26.120101928710938,120974.62922668457,SPY,1322
2008-08-04,119878.81640625,26.120101928710938,119852.69630432129,SPY,1322
2008-08-05,123110.33946228027,26.120101928710938,123084.21936035156,SPY,1322
2008-08-06,123656.90303039551,26.120101928710938,123630.7829284668,SPY,1322
2008-08-07,121815.8138885498,26.120101928710938,121789.6937866211,SPY,1322
2008-08-08,124078.82307434082,26.120101928710938,124052.70297241211,SPY,1322
2008-08-11,125363.68620300293,26.120101928710938,125337.56610107422,SPY,1322
2008-08-12,124059.63938903809,26.120101928710938,124033.51928710938,SPY,1322
2008-08-13,123311.68746948242,26.120101928710938,123285.56736755371,SPY,1322
2008-08-14,124241.81379699707,26.120101928710938,124215.69369506836,SPY,1322
2008-08-15,124845.90824890137,26.120101928710938,124819.78814697266,SPY,1322
2008-08-18,123139.12507629395,26.120101928710938,123113.00497436523,SPY,1322
2008-08-19,121796.65037536621,26.120101928710938,121770.5302734375,SPY,1322
2008-08-20,122362.40771484375,26.120101928710938,122336.28761291504,SPY,1322
2008-08-21,122573.29713439941,26.120101928710938,122547.1770324707,SPY,1322
2008-08-22,124347.30389404297,26.120101928710938,124321.18379211426,SPY,1322
2008-08-25,121825.37547302246,26.120101928710938,121799.25537109375,SPY,1322
2008-08-26,122180.19296264648,26.120101928710938,122154.07286071777,SPY,1322
2008-08-27,123369.25869750977,26.120101928710938,123343.13859558105,SPY,1322
2008-08-28,124865.11210632324,26.120101928710938,124838.99200439453,SPY,1322
2008-08-29,123522.62731933594,26.120101928710938,123496.50721740723,SPY,1322
2008-09-02,122755.55223083496,26.120101928710938,122729.43212890625,SPY,1322
2008-09-03,122650.02178955078,26.120101928710938,122623.90168762207,SPY,1322
2008-09-04,118958.28192138672,26.120101928710938,118932.16181945801,SPY,1322
2008-09-05,119332.23266601562,26.120101928710938,119306.11256408691,SPY,1322
2008-09-08,121796.65037536621,26.120101928710938,121770.5302734375,SPY,1322
2008-09-09,118181.59481811523,26.120101928710938,118155.47471618652,SPY,1322
2008-09-10,118661.00540161133,26.120101928710938,118634.88529968262,SPY,1322
2008-09-11,120377.44093322754,26.120101928710938,120351.32083129883,SPY,1322
2008-09-12,120933.61651611328,26.120101928710938,120907.49641418457,SPY,1322
2008-09-15,115180.22555541992,26.120101928710938,115154.10545349121,SPY,1322
2008-09-16,117107.58076477051,26.120101928710938,117081.4606628418,SPY,1322
2008-09-17,111843.25274658203,26.120101928710938,111817.13264465332,SPY,1322
2008-09-18,115161.03178405762,26.120101928710938,115134.9116821289,SPY,1322
2008-09-19,119733.50654602051,26.120101928710938,119707.3864440918,SPY,1322
2008-09-22,117023.38233947754,26.120101928710938,116997.26223754883,SPY,1322
2008-09-23,114361.51992797852,26.120101928710938,114335.3998260498,SPY,1322
2008-09-24,114728.00698852539,26.120101928710938,114701.88688659668,SPY,1322
2008-09-25,116521.88328552246,26.120101928710938,116495.76318359375,SPY,1322
2008-09-26,116579.7268371582,26.120101928710938,116553.60673522949,SPY,1322
2008-09-29,107446.38636779785,26.120101928710938,107420.26626586914,SPY,1322
2008-09-30,111892.55340576172,26.120101928710938,111866.43330383301,SPY,1322
2008-10-01,111960.04931640625,26.120101928710938,111933.92921447754,SPY,1322
2008-10-02,107899.76483154297,26.120101928710938,107873.64472961426,SPY,1322
2008-10-03,106443.40843200684,26.120101928710938,106417.28833007812,SPY,1322
2008-10-06,101023.21044921875,26.120101928710938,100997.09034729004,SPY,1322
2008-10-07,96499.92539978027,26.120101928710938,96473.80529785156,SPY,1322
2008-10-08,94069.50779724121,26.120101928710938,94043.3876953125,SPY,1322
2008-10-09,87501.62718200684,26.120101928710938,87475.50708007812,SPY,1322
2008-10-10,85379.8228302002,26.120101928710938,85353.70272827148,SPY,1322
2008-10-13,97773.00801086426,26.120101928710938,97746.88790893555,SPY,1322
2008-10-14,96326.32414245605,26.120101928710938,96300.20404052734,SPY,1322
2008-10-15,86845.78115844727,26.120101928710938,86819.66105651855,SPY,1322
2008-10-16,90462.47065734863,26.120101928710938,90436.35055541992,SPY,1322
2008-10-17,89922.40251159668,26.120101928710938,89896.28240966797,SPY,1322
2008-10-20,95323.29577636719,26.120101928710938,95297.17567443848,SPY,1322
2008-10-21,92478.17974853516,26.120101928710938,92452.05964660645,SPY,1322
2008-10-22,87443.7130279541,26.120101928710938,87417.59292602539,SPY,1322
2008-10-23,88456.43409729004,26.120101928710938,88430.31399536133,SPY,1322
2008-10-24,83971.73831176758,26.120101928710938,83945.61820983887,SPY,1322
2008-10-27,80991.61533355713,26.120101928710938,80965.49523162842,SPY,1322
2008-10-28,90452.85864257812,26.120101928710938,90426.73854064941,SPY,1322
2008-10-29,89797.02270507812,26.120101928710938,89770.90260314941,SPY,1322
2008-10-30,92902.54061889648,26.120101928710938,92876.42051696777,SPY,1322
2008-10-31,93413.69203186035,26.120101928710938,93387.57192993164,SPY,1322
2008-11-03,93683.75636291504,26.120101928710938,93657.63626098633,SPY,1322
2008-11-04,96866.44271850586,26.120101928710938,96840.32261657715,SPY,1322
2008-11-05,92796.42518615723,26.120101928710938,92770.30508422852,SPY,1322
2008-11-06,87655.93380737305,26.120101928710938,87629.81370544434,SPY,1322
2008-11-07,90549.2511138916,26.120101928710938,90523.13101196289,SPY,1322
2008-11-10,89362.98930358887,26.120101928710938,89336.86920166016,SPY,1322
2008-11-11,86604.67390441895,26.120101928710938,86578.55380249023,SPY,1322
2008-11-12,82795.12381744385,26.120101928710938,82769.00371551514,SPY,1322
2008-11-13,87954.93504333496,26.120101928710938,87928.81494140625,SPY,1322
2008-11-14,83566.6569442749,26.120101928710938,83540.53684234619,SPY,1322
2008-11-17,82457.55348968506,26.120101928710938,82431.43338775635,SPY,1322
2008-11-18,84010.30740356445,26.120101928710938,83984.18730163574,SPY,1322
2008-11-19,78628.68355560303,26.120101928710938,78602.56345367432,SPY,1322
2008-11-20,72793.75688934326,26.120101928710938,72767.63678741455,SPY,1322
2008-11-21,76719.08989715576,26.120101928710938,76692.96979522705,SPY,1322
2008-11-24,82033.17749023438,26.120101928710938,82007.05738830566,SPY,1322
2008-11-25,82640.81214904785,26.120101928710938,82614.69204711914,SPY,1322
2008-11-26,85833.14077758789,26.120101928710938,85807.02067565918,SPY,1322
2008-11-28,86913.2770690918,26.120101928710938,86887.15696716309,SPY,1322
2008-12-01,79216.98323822021,26.120101928710938,79190.8631362915,SPY,1322
2008-12-02,82264.6676864624,26.120101928710938,82238.54758453369,SPY,1322
2008-12-03,84241.81777191162,26.120101928710938,84215.69766998291,SPY,1322
2008-12-04,82293.61972045898,26.120101928710938,82267.49961853027,SPY,1322
2008-12-05,84830.07206726074,26.120101928710938,84803.95196533203,SPY,1322
2008-12-08,87790.93571472168,26.120101928710938,87764.81561279297,SPY,1322
2008-12-09,86344.29219055176,26.120101928710938,86318.17208862305,SPY,1322
2008-12-10,86932.60195922852,26.120101928710938,86906.4818572998,SPY,1322
2008-12-11,84839.72442626953,26.120101928710938,84813.60432434082,SPY,1322
2008-12-12,85852.41523742676,26.120101928710938,85826.29513549805,SPY,1322
2008-12-15,84656.49098205566,26.120101928710938,84630.37088012695,SPY,1322
2008-12-16,88639.68771362305,26.120101928710938,88613.56761169434,SPY,1322
2008-12-17,87781.33378601074,26.120101928710938,87755.21368408203,SPY,1322
2008-12-18,86141.77420043945,26.120101928710938,86115.65409851074,SPY,1322
2008-12-19,85771.32331848145,26.120101928710938,85745.20321655273,SPY,1322
2008-12-22,84672.63876342773,26.120101928710938,84646.51866149902,SPY,1322
2008-12-23,83797.62266540527,26.120101928710938,83771.50256347656,SPY,1322
2008-12-24,84283.74552154541,26.120101928710938,84257.6254196167,SPY,1322
2008-12-26,84769.88854980469,26.120101928710938,84743.76844787598,SPY,1322
2008-12-29,84526.82964324951,26.120101928710938,84500.7095413208,SPY,1322
2008-12-30,86529.66387939453,26.120101928710938,86503.54377746582,SPY,1322
2008-12-31,87764.47998046875,26.120101928710938,87738.35987854004,SPY,1322
2009-01-02,90409.10531616211,26.120101928710938,90382.9852142334,SPY,1322
2009-01-05,90302.10231018066,26.120101928710938,90275.98220825195,SPY,1322
2009-01-06,90904.94609069824,26.120101928710938,90878.82598876953,SPY,1322
2009-01-07,88182.56732177734,26.120101928710938,88156.44721984863,SPY,1322
2009-01-08,88542.29672241211,26.120101928710938,88516.1766204834,SPY,1322
2009-01-09,86646.38984680176,26.120101928710938,86620.26974487305,SPY,1322
2009-01-12,84565.67105865479,26.120101928710938,84539.55095672607,SPY,1322
2009-01-13,84721.27374267578,26.120101928710938,84695.15364074707,SPY,1322
2009-01-14,82057.23274230957,26.120101928710938,82031.11264038086,SPY,1322
2009-01-15,82086.3713684082,26.120101928710938,82060.25126647949,SPY,1322
2009-01-16,82728.06665039062,26.120101928710938,82701.94654846191,SPY,1322
2009-01-20,78362.55783081055,26.120101928710938,78336.43772888184,SPY,1322
2009-01-21,81746.10301971436,26.120101928710938,81719.98291778564,SPY,1322
2009-01-22,80482.13820648193,26.120101928710938,80456.01810455322,SPY,1322
2009-01-23,80832.1496887207,26.120101928710938,80806.02958679199,SPY,1322
2009-01-26,81386.29797363281,26.120101928710938,81360.1778717041,SPY,1322
2009-01-27,82212.76482391357,26.120101928710938,82186.64472198486,SPY,1322
2009-01-28,84993.50657653809,26.120101928710938,84967.38647460938,SPY,1322
2009-01-29,82232.20066070557,26.120101928710938,82206.08055877686,SPY,1322
2009-01-30,80559.86642456055,26.120101928710938,80533.74632263184,SPY,1322
2009-02-02,80316.84786224365,26.120101928710938,80290.72776031494,SPY,1322
2009-02-03,81444.64582824707,26.120101928710938,81418.52572631836,SPY,1322
2009-02-04,81046.03971099854,26.120101928710938,81019.91960906982,SPY,1322
2009-02-05,82251.6566696167,26.120101928710938,82225.53656768799,SPY,1322
2009-02-06,84594.88028717041,26.120101928710938,84568.7601852417,SPY,1322
2009-02-09,84711.50035095215,26.120101928710938,84685.38024902344,SPY,1322
2009-02-10,80832.1496887207,26.120101928710938,80806.02958679199,SPY,1322
2009-02-11,81308.54958343506,26.120101928710938,81282.42948150635,SPY,1322
2009-02-12,81366.90752410889,26.120101928710938,81340.78742218018,SPY,1322
2009-02-13,80491.84099578857,26.120101928710938,80465.72089385986,SPY,1322
2009-02-17,77050.00846862793,26.120101928710938,77023.88836669922,SPY,1322
2009-02-18,76865.24698638916,26.120101928710938,76839.12688446045,SPY,1322
2009-02-19,76038.81039428711,26.120101928710938,76012.6902923584,SPY,1322
2009-02-20,75299.89054107666,26.120101928710938,75273.77043914795,SPY,1322
2009-02-23,72606.66552734375,26.120101928710938,72580.54542541504,SPY,1322
2009-02-24,75358.22830963135,26.120101928710938,75332.10820770264,SPY,1322
2009-02-25,74765.14783477783,26.120101928710938,74739.02773284912,SPY,1322
2009-02-26,73549.77261352539,26.120101928710938,73523.65251159668,SPY,1322
2009-02-27,71906.64256286621,26.120101928710938,71880.5224609375,SPY,1322
2009-03-02,68668.9468383789,26.120101928710938,68642.8267364502,SPY,1322
2009-03-03,68153.63492584229,26.120101928710938,68127.51482391357,SPY,1322
2009-03-04,69767.6364364624,26.120101928710938,69741.51633453369,SPY,1322
2009-03-05,66918.8389968872,26.120101928710938,66892.7188949585,SPY,1322
2009-03-06,67035.50444793701,26.120101928710938,67009.3843460083,SPY,1322
2009-03-09,66247.97987365723,26.120101928710938,66221.85977172852,SPY,1322
2009-03-10,70195.4063949585,26.120101928710938,70169.28629302979,SPY,1322
2009-03-11,70652.38558197021,26.120101928710938,70626.2654800415,SPY,1322
2009-03-12,73433.09707641602,26.120101928710938,73406.9769744873,SPY,1322
2009-03-13,74006.74675750732,26.120101928710938,73980.62665557861,SPY,1322
2009-03-16,73783.11864471436,26.120101928710938,73756.99854278564,SPY,1322
2009-03-17,76038.81039428711,26.120101928710938,76012.6902923584,SPY,1322
2009-03-18,77740.27821350098,26.120101928710938,77714.15811157227,SPY,1322
2009-03-19,76777.74033355713,26.120101928710938,76751.62023162842,SPY,1322
2009-03-20,75143.33976745605,26.120101928710938,75117.21966552734,SPY,1322
2009-03-23,80538.98828125,26.120101928710938,80512.86817932129,SPY,1322
2009-03-24,78952.62761688232,26.120101928710938,78926.50751495361,SPY,1322
2009-03-25,79784.97463989258,26.120101928710938,79758.85453796387,SPY,1322
2009-03-26,81410.53981781006,26.120101928710938,81384.41971588135,SPY,1322
2009-03-27,79941.68174743652,26.120101928710938,79915.56164550781,SPY,1322
2009-03-30,77180.19428253174,26.120101928710938,77154.07418060303,SPY,1322
2009-03-31,77895.03871154785,26.120101928710938,77868.91860961914,SPY,1322
2009-04-01,79403.07103729248,26.120101928710938,79376.95093536377,SPY,1322
2009-04-02,81723.88847351074,26.120101928710938,81697.76837158203,SPY,1322
2009-04-03,82536.62819671631,26.120101928710938,82510.5080947876,SPY,1322
2009-04-06,81890.31349945068,26.120101928710938,81864.19339752197,SPY,1322
2009-04-07,79980.8257446289,26.120101928710938,79954.7056427002,SPY,1322
2009-04-08,80842.59380340576,26.120101928710938,80816.47370147705,SPY,1322
2009-04-09,84054.46417236328,26.120101928710938,84028.34407043457,SPY,1322
2009-04-13,84074.00086975098,26.120101928710938,84047.88076782227,SPY,1322
2009-04-14,82624.79044342041,26.120101928710938,82598.6703414917,SPY,1322
2009-04-15,83506.07502746582,26.120101928710938,83479.95492553711,SPY,1322
2009-04-16,84730.10913085938,26.120101928710938,84703.98902893066,SPY,1322
2009-04-17,85298.06523132324,26.120101928710938,85271.94512939453,SPY,1322
2009-04-20,81723.88847351074,26.120101928710938,81697.76837158203,SPY,1322
2009-04-21,83319.97714233398,26.120101928710938,83293.85704040527,SPY,1322
2009-04-22,82810.79251098633,26.120101928710938,82784.67240905762,SPY,1322
2009-04-23,83623.55744934082,26.120101928710938,83597.43734741211,SPY,1322
2009-04-24,84886.81623840332,26.120101928710938,84860.69613647461,SPY,1322
2009-04-27,84083.80451965332,26.120101928710938,84057.68441772461,SPY,1322
2009-04-28,83819.45394134521,26.120101928710938,83793.3338394165,SPY,1322
2009-04-29,85601.63545227051,26.120101928710938,85575.5153503418,SPY,1322
2009-04-30,85630.98588562012,26.120101928710938,85604.8657836914,SPY,1322
2009-05-01,86091.25312805176,26.120101928710938,86065.13302612305,SPY,1322
2009-05-04,89019.21604919434,26.120101928710938,88993.09594726562,SPY,1322
2009-05-05,88715.64582824707,26.120101928710938,88689.52572631836,SPY,1322
2009-05-06,90253.05380249023,26.120101928710938,90226.93370056152,SPY,1322
2009-05-07,88999.57849121094,26.120101928710938,88973.45838928223,SPY,1322
2009-05-08,91075.54170227051,26.120101928710938,91049.4216003418,SPY,1322
2009-05-11,89371.66331481934,26.120101928710938,89345.54321289062,SPY,1322
2009-05-12,89107.29760742188,26.120101928710938,89081.17750549316,SPY,1322
2009-05-13,86864.84381103516,26.120101928710938,86838.72370910645,SPY,1322
2009-05-14,87609.07397460938,26.120101928710938,87582.95387268066,SPY,1322
2009-05-15,86894.24467468262,26.120101928710938,86868.1245727539,SPY,1322
2009-05-18,89361.92018127441,26.120101928710938,89335.8000793457,SPY,1322
2009-05-19,89254.22123718262,26.120101928710938,89228.1011352539,SPY,1322
2009-05-20,88656.84410095215,26.120101928710938,88630.72399902344,SPY,1322
2009-05-21,87383.8522644043,26.120101928710938,87357.73216247559,SPY,1322
2009-05-22,87197.78463745117,26.120101928710938,87171.66453552246,SPY,1322
2009-05-26,89430.51547241211,26.120101928710938,89404.3953704834,SPY,1322
2009-05-27,87834.28559875488,26.120101928710938,87808.16549682617,SPY,1322
2009-05-28,89058.34996032715,26.120101928710938,89032.22985839844,SPY,1322
2009-05-29,90634.95236206055,26.120101928710938,90608.83226013184,SPY,1322
2009-06-01,92828.40808105469,26.120101928710938,92802.28797912598,SPY,1322
2009-06-02,92906.7465057373,26.120101928710938,92880.6264038086,SPY,1322
2009-06-03,91731.6499633789,26.120101928710938,91705.5298614502,SPY,1322
2009-06-04,92593.39280700684,26.120101928710938,92567.27270507812,SPY,1322
2009-06-05,92612.96984863281,26.120101928710938,92586.8497467041,SPY,1322
2009-06-08,92231.08137512207,26.120101928710938,92204.96127319336,SPY,1322
2009-06-09,92701.09175109863,26.120101928710938,92674.97164916992,SPY,1322
2009-06-10,92466.11682128906,26.120101928710938,92439.99671936035,SPY,1322
2009-06-11,92877.35572814941,26.120101928710938,92851.2356262207,SPY,1322
2009-06-12,93132.01864624023,26.120101928710938,93105.89854431152,SPY,1322
2009-06-15,90997.22344970703,26.120101928710938,90971.10334777832,SPY,1322
2009-06-16,89763.40586853027,26.120101928710938,89737.28576660156,SPY,1322
2009-06-17,89675.29405212402,26.120101928710938,89649.17395019531,SPY,1322
2009-06-18,90331.36196899414,26.120101928710938,90305.24186706543,SPY,1322
2009-06-19,90664.2523651123,26.120101928710938,90638.1322631836,SPY,1322
2009-06-22,87946.26103210449,26.120101928710938,87920.14093017578,SPY,1322
2009-06-23,88015.17907714844,26.120101928710938,87989.05897521973,SPY,1322
2009-06-24,88773.44903564453,26.120101928710938,88747.32893371582,SPY,1322
2009-06-25,90703.58799743652,26.120101928710938,90677.46789550781,SPY,1322
2009-06-26,90467.26153564453,26.120101928710938,90441.14143371582,SPY,1322
2009-06-29,91314.14761352539,26.120101928710938,91288.02751159668,SPY,1322
2009-06-30,90575.58581542969,26.120101928710938,90549.46571350098,SPY,1322
2009-07-01,90949.79879760742,26.120101928710938,90923.67869567871,SPY,1322
2009-07-02,88468.16418457031,26.120101928710938,88442.0440826416,SPY,1322
2009-07-06,88458.3504486084,26.120101928710938,88432.23034667969,SPY,1322
2009-07-07,86744.82978820801,26.120101928710938,86718.7096862793,SPY,1322
2009-07-08,86685.7859954834,26.120101928710938,86659.66589355469,SPY,1322
2009-07-09,86853.1439819336,26.120101928710938,86827.02388000488,SPY,1322
2009-07-10,86646.37976074219,26.120101928710938,86620.25965881348,SPY,1322
2009-07-13,88753.77113342285,26.120101928710938,88727.65103149414,SPY,1322
2009-07-14,89256.01655578613,26.120101928710938,89229.89645385742,SPY,1322
2009-07-15,91865.6130065918,26.120101928710938,91839.49290466309,SPY,1322
2009-07-16,91717.94300842285,26.120101928710938,91691.82290649414,SPY,1322
2009-07-17,92722.37333679199,26.120101928710938,92696.25323486328,SPY,1322
2009-07-20,93707.1459350586,26.120101928710938,93681.02583312988,SPY,1322
2009-07-21,94140.46322631836,26.120101928710938,94114.34312438965,SPY,1322
2009-07-22,94120.77523803711,26.120101928710938,94094.6551361084,SPY,1322
2009-07-23,96198.6346282959,26.120101928710938,96172.51452636719,SPY,1322
2009-07-24,96592.52551269531,26.120101928710938,96566.4054107666,SPY,1322
2009-07-27,96878.08203125,26.120101928710938,96851.96192932129,SPY,1322
2009-07-28,96425.1070098877,26.120101928710938,96398.98690795898,SPY,1322
2009-07-29,96188.75028991699,26.120101928710938,96162.63018798828,SPY,1322
2009-07-30,97193.24113464355,26.120101928710938,97167.12103271484,SPY,1322
2009-07-31,97331.11756896973,26.120101928710938,97304.99746704102,SPY,1322
2009-08-03,98936.28369140625,26.120101928710938,98910.16358947754,SPY,1322
2009-08-04,99192.31831359863,26.120101928710938,99166.19821166992,SPY,1322
2009-08-05,98906.7416229248,26.120101928710938,98880.6215209961,SPY,1322
2009-08-06,98394.61186218262,26.120101928710938,98368.4917602539,SPY,1322
2009-08-07,99684.69956970215,26.120101928710938,99658.57946777344,SPY,1322
2009-08-10,99477.9151763916,26.120101928710938,99451.79507446289,SPY,1322
2009-08-11,98237.09786987305,26.120101928710938,98210.97776794434,SPY,1322
2009-08-12,99290.7885131836,26.120101928710938,99264.66841125488,SPY,1322
2009-08-13,100049.10890197754,26.120101928710938,100022.98880004883,SPY,1322
2009-08-14,99280.91426086426,26.120101928710938,99254.79415893555,SPY,1322
2009-08-17,96838.72622680664,26.120101928710938,96812.60612487793,SPY,1322
2009-08-18,97606.78974914551,26.120101928710938,97580.6696472168,SPY,1322
2009-08-19,98463.61059570312,26.120101928710938,98437.49049377441,SPY,1322
2009-08-20,99477.9151763916,26.120101928710938,99451.79507446289,SPY,1322
2009-08-21,101427.7219543457,26.120101928710938,101401.60185241699,SPY,1322
2009-08-24,101417.90821838379,26.120101928710938,101391.78811645508,SPY,1322
2009-08-25,101614.85870361328,26.120101928710938,101588.73860168457,SPY,1322
2009-08-26,101624.66235351562,26.120101928710938,101598.54225158691,SPY,1322
2009-08-27,101851.20533752441,26.120101928710938,101825.0852355957,SPY,1322
2009-08-28,101831.46691894531,26.120101928710938,101805.3468170166,SPY,1322
2009-08-31,100925.48661804199,26.120101928710938,100899.36651611328,SPY,1322
2009-09-01,98699.91688537598,26.120101928710938,98673.79678344727,SPY,1322
2009-09-02,98325.69381713867,26.120101928710938,98299.57371520996,SPY,1322
2009-09-03,99143.0680847168,26.120101928710938,99116.94798278809,SPY,1322
2009-09-04,100531.59573364258,26.120101928710938,100505.47563171387,SPY,1322
2009-09-08,101398.22023010254,26.120101928710938,101372.10012817383,SPY,1322
2009-09-09,102176.16809082031,26.120101928710938,102150.0479888916,SPY,1322
2009-09-10,103220.0248260498,26.120101928710938,103193.9047241211,SPY,1322
2009-09-11,103200.3570098877,26.120101928710938,103174.23690795898,SPY,1322
2009-09-14,103702.57217407227,26.120101928710938,103676.45207214355,SPY,1322
2009-09-15,104135.86929321289,26.120101928710938,104109.74919128418,SPY,1322
2009-09-16,105711.44291687012,26.120101928710938,105685.3228149414,SPY,1322
2009-09-17,105553.91883850098,26.120101928710938,105527.79873657227,SPY,1322
2009-09-18,105621.2130279541,26.120101928710938,105595.09292602539,SPY,1322
2009-09-21,105354.05348205566,26.120101928710938,105327.93338012695,SPY,1322
2009-09-22,105967.52796936035,26.120101928710938,105941.40786743164,SPY,1322
2009-09-23,105086.86367797852,26.120101928710938,105060.7435760498,SPY,1322
2009-09-24,103929.24627685547,26.120101928710938,103903.12617492676,SPY,1322
2009-09-25,103375.10807800293,26.120101928710938,103348.98797607422,SPY,1322
2009-09-28,105225.46630859375,26.120101928710938,105199.34620666504,SPY,1322
2009-09-29,104908.82455444336,26.120101928710938,104882.70445251465,SPY,1322
2009-09-30,104503.13298034668,26.120101928710938,104477.01287841797,SPY,1322
2009-10-01,101910.76351928711,26.120101928710938,101884.6434173584,SPY,1322
2009-10-02,101435.78071594238,26.120101928710938,101409.66061401367,SPY,1322
2009-10-05,102949.65791320801,26.120101928710938,102923.5378112793,SPY,1322
2009-10-06,104423.97758483887,26.120101928710938,104397.85748291016,SPY,1322
2009-10-07,104710.88563537598,26.120101928710938,104684.76553344727,SPY,1322
2009-10-08,105512.33401489258,26.120101928710938,105486.21391296387,SPY,1322
2009-10-09,106155.50186157227,26.120101928710938,106129.38175964355,SPY,1322
2009-10-12,106571.08786010742,26.120101928710938,106544.96775817871,SPY,1322
2009-10-13,106353.37017822266,26.120101928710938,106327.25007629395,SPY,1322
2009-10-14,108183.89921569824,26.120101928710938,108157.77911376953,SPY,1322
2009-10-15,108579.68627929688,26.120101928710938,108553.56617736816,SPY,1322
2009-10-16,107768.32330322266,26.120101928710938,107742.20320129395,SPY,1322
2009-10-19,108658.83158874512,26.120101928710938,108632.7114868164,SPY,1322
2009-10-20,108084.9448852539,26.120101928710938,108058.8247833252,SPY,1322
2009-10-21,107115.27111816406,26.120101928710938,107089.15101623535,SPY,1322
2009-10-22,108203.70823669434,26.120101928710938,108177.58813476562,SPY,1322
2009-10-23,106966.84466552734,26.120101928710938,106940.72456359863,SPY,1322
2009-10-26,105809.20709228516,26.120101928710938,105783.08699035645,SPY,1322
2009-10-27,105324.36012268066,26.120101928710938,105298.24002075195,SPY,1322
2009-10-28,103335.53038024902,26.120101928710938,103309.41027832031,SPY,1322
2009-10-29,105551.91171264648,26.120101928710938,105525.79161071777,SPY,1322
2009-10-30,102494.51438903809,26.120101928710938,102468.39428710938,SPY,1322
2009-11-02,103246.52090454102,26.120101928710938,103220.4008026123,SPY,1322
2009-11-03,103573.02682495117,26.120101928710938,103546.90672302246,SPY,1322
2009-11-04,103840.17628479004,26.120101928710938,103814.05618286133,SPY,1322
2009-11-05,105749.82037353516,26.120101928710938,105723.70027160645,SPY,1322
2009-11-06,106026.87434387207,26.120101928710938,106000.75424194336,SPY,1322
2009-11-09,108441.19459533691,26.120101928710938,108415.0744934082,SPY,1322
2009-11-10,108460.96327209473,26.120101928710938,108434.84317016602,SPY,1322
2009-11-11,109015.0207824707,26.120101928710938,108988.90068054199,SPY,1322
2009-11-12,107906.83515930176,26.120101928710938,107880.71505737305,SPY,1322
2009-11-13,108490.61628723145,26.120101928710938,108464.49618530273,SPY,1322
2009-11-16,110063.90037536621,26.120101928710938,110037.7802734375,SPY,1322
2009-11-17,110192.48754882812,26.120101928710938,110166.36744689941,SPY,1322
2009-11-18,110123.20640563965,26.120101928710938,110097.08630371094,SPY,1322
2009-11-19,108688.55520629883,26.120101928710938,108662.43510437012,SPY,1322
2009-11-20,108302.6524810791,26.120101928710938,108276.53237915039,SPY,1322
2009-11-23,109677.96739196777,26.120101928710938,109651.84729003906,SPY,1322
2009-11-24,109846.22303771973,26.120101928710938,109820.10293579102,SPY,1322
2009-11-25,110232.0753326416,26.120101928710938,110205.95523071289,SPY,1322
2009-11-27,108441.19459533691,26.120101928710938,108415.0744934082,SPY,1322
2009-11-30,108807.27821350098,26.120101928710938,108781.15811157227,SPY,1322
2009-12-01,110152.88967895508,26.120101928710938,110126.76957702637,SPY,1322
2009-12-02,110103.4478149414,26.120101928710938,110077.3277130127,SPY,1322
2009-12-03,109242.57237243652,26.120101928710938,109216.45227050781,SPY,1322
2009-12-04,109865.96145629883,26.120101928710938,109839.84135437012,SPY,1322
2009-12-07,109697.75624084473,26.120101928710938,109671.63613891602,SPY,1322
2009-12-08,108480.7117767334,26.120101928710938,108454.59167480469,SPY,1322
2009-12-09,108886.43360900879,26.120101928710938,108860.31350708008,SPY,1322
2009-12-10,109499.87783813477,26.120101928710938,109473.75773620605,SPY,1322
2009-12-11,109964.89561462402,26.120101928710938,109938.77551269531,SPY,1322
2009-12-14,110716.90213012695,26.120101928710938,110690.78202819824,SPY,1322
2009-12-15,110202.39205932617,26.120101928710938,110176.27195739746,SPY,1322
2009-12-16,110370.60736083984,26.120101928710938,110344.48725891113,SPY,1322
2009-12-17,109044.72422790527,26.120101928710938,109018.60412597656,SPY,1322
2009-12-18,109661.47668457031,26.120101928710938,109635.3565826416,SPY,1322
2009-12-21,110775.67359924316,26.120101928710938,110749.55349731445,SPY,1322
2009-12-22,111173.55856323242,26.120101928710938,111147.43846130371,SPY,1322
2009-12-23,111392.38571166992,26.120101928710938,111366.26560974121,SPY,1322
2009-12-24,111919.66473388672,26.120101928710938,111893.54463195801,SPY,1322
2009-12-28,112158.41184997559,26.120101928710938,112132.29174804688,SPY,1322
2009-12-29,111999.21348571777,26.120101928710938,111973.09338378906,SPY,1322
2009-12-30,111959.41389465332,26.120101928710938,111933.29379272461,SPY,1322
2009-12-31,110885.1275177002,26.120101928710938,110859.00741577148,SPY,1322
2010-01-04,112765.22953796387,26.120101928710938,112739.10943603516,SPY,1322
2010-01-05,113063.67604064941,26.120101928710938,113037.5559387207,SPY,1322
2010-01-06,113143.25505065918,26.120101928710938,113117.13494873047,SPY,1322
2010-01-07,113620.74928283691,26.120101928710938,113594.6291809082,SPY,1322
2010-01-08,113998.72436523438,26.120101928710938,113972.60426330566,SPY,1322
2010-01-11,114157.93281555176,26.120101928710938,114131.81271362305,SPY,1322
2010-01-12,113093.5106048584,26.120101928710938,113067.39050292969,SPY,1322
2010-01-13,114048.47889709473,26.120101928710938,114022.35879516602,SPY,1322
2010-01-14,114356.86016845703,26.120101928710938,114330.74006652832,SPY,1322
2010-01-15,113073.6007232666,26.120101928710938,113047.48062133789,SPY,1322
2010-01-19,114486.23405456543,26.120101928710938,114460.11395263672,SPY,1322
2010-01-20,113322.30278015137,26.120101928710938,113296.18267822266,SPY,1322
2010-01-21,111143.69374084473,26.120101928710938,111117.57363891602,SPY,1322
2010-01-22,108666.68862915039,26.120101928710938,108640.56852722168,SPY,1322
2010-01-25,109223.78204345703,26.120101928710938,109197.66194152832,SPY,1322
2010-01-26,108766.15734863281,26.120101928710938,108740.0372467041,SPY,1322
2010-01-27,109283.48143005371,26.120101928710938,109257.361328125,SPY,1322
2010-01-28,108030.0464630127,26.120101928710938,108003.92636108398,SPY,1322
2010-01-29,106856.19050598145,26.120101928710938,106830.07040405273,SPY,1322
2010-02-01,108517.48554992676,26.120101928710938,108491.36544799805,SPY,1322
2010-02-02,109830.58964538574,26.120101928710938,109804.46954345703,SPY,1322
2010-02-03,109283.48143005371,26.120101928710938,109257.361328125,SPY,1322
2010-02-04,105911.17715454102,26.120101928710938,105885.0570526123,SPY,1322
2010-02-05,106130.02447509766,26.120101928710938,106103.90437316895,SPY,1322
2010-02-08,105363.98825073242,26.120101928710938,105337.86814880371,SPY,1322
2010-02-09,106687.08763122559,26.120101928710938,106660.96752929688,SPY,1322
2010-02-10,106478.18516540527,26.120101928710938,106452.06506347656,SPY,1322
2010-02-11,107592.33164978027,26.120101928710938,107566.21154785156,SPY,1322
2010-02-12,107502.82795715332,26.120101928710938,107476.70785522461,SPY,1322
2010-02-16,109193.94747924805,26.120101928710938,109167.82737731934,SPY,1322
2010-02-17,109711.28164672852,26.120101928710938,109685.1615447998,SPY,1322
2010-02-18,110357.87875366211,26.120101928710938,110331.7586517334,SPY,1322
2010-02-19,110586.6305847168,26.120101928710938,110560.51048278809,SPY,1322
2010-02-22,110606.5404663086,26.120101928710938,110580.42036437988,SPY,1322
2010-02-23,109263.58163452148,26.120101928710938,109237.46153259277,SPY,1322
2010-02-24,110268.31454467773,26.120101928710938,110242.19444274902,SPY,1322
2010-02-25,110119.08120727539,26.120101928710938,110092.96110534668,SPY,1322
2010-02-26,110188.74562072754,26.120101928710938,110162.62551879883,SPY,1322
2010-03-01,111332.72666931152,26.120101928710938,111306.60656738281,SPY,1322
2010-03-02,111641.1180267334,26.120101928710938,111614.99792480469,SPY,1322
2010-03-03,111740.60691833496,26.120101928710938,111714.48681640625,SPY,1322
2010-03-04,112078.82275390625,26.120101928710938,112052.70265197754,SPY,1322
2010-03-05,113680.43858337402,26.120101928710938,113654.31848144531,SPY,1322
2010-03-08,113700.2879486084,26.120101928710938,113674.16784667969,SPY,1322
2010-03-09,113889.33096313477,26.120101928710938,113863.21086120605,SPY,1322
2010-03-10,114396.6900177002,26.120101928710938,114370.56991577148,SPY,1322
2010-03-11,114874.16407775879,26.120101928710938,114848.04397583008,SPY,1322
2010-03-12,114884.13919067383,26.120101928710938,114858.01908874512,SPY,1322
2010-03-15,114913.9434967041,26.120101928710938,114887.82339477539,SPY,1322
2010-03-16,115829.18280029297,26.120101928710938,115803.06269836426,SPY,1322
2010-03-17,116515.60975646973,26.120101928710938,116489.48965454102,SPY,1322
2010-03-18,116455.90028381348,26.120101928710938,116429.78018188477,SPY,1322
2010-03-19,115866.5415649414,26.120101928710938,115840.4214630127,SPY,1322
2010-03-22,116485.8558807373,26.120101928710938,116459.7357788086,SPY,1322
2010-03-23,117304.96495056152,26.120101928710938,117278.84484863281,SPY,1322
2010-03-24,116735.57662963867,26.120101928710938,116709.45652770996,SPY,1322
2010-03-25,116545.7872467041,26.120101928710938,116519.66714477539,SPY,1322
2010-03-26,116475.83033752441,26.120101928710938,116449.7102355957,SPY,1322
2010-03-29,117215.05781555176,26.120101928710938,117188.93771362305,SPY,1322
2010-03-30,117294.96966552734,26.120101928710938,117268.84956359863,SPY,1322
2010-03-31,116895.37007141113,26.120101928710938,116869.24996948242,SPY,1322
2010-04-01,117694.50874328613,26.120101928710938,117668.38864135742,SPY,1322
2010-04-05,118653.4408569336,26.120101928710938,118627.32075500488,SPY,1322
2010-04-06,118933.1474609375,26.120101928710938,118907.02735900879,SPY,1322
2010-04-07,118253.8715209961,26.120101928710938,118227.75141906738,SPY,1322
2010-04-08,118663.4260559082,26.120101928710938,118637.30595397949,SPY,1322
2010-04-09,119442.54389953613,26.120101928710938,119416.42379760742,SPY,1322
2010-04-12,119632.31311035156,26.120101928710938,119606.19300842285,SPY,1322
2010-04-13,119722.21015930176,26.120101928710938,119696.09005737305,SPY,1322
2010-04-14,121080.72169494629,26.120101928710938,121054.60159301758,SPY,1322
2010-04-15,121180.6342010498,26.120101928710938,121154.5140991211,SPY,1322
2010-04-16,119252.76460266113,26.120101928710938,119226.64450073242,SPY,1322
2010-04-19,119702.2195892334,26.120101928710938,119676.09948730469,SPY,1322
2010-04-20,120771.06958007812,26.120101928710938,120744.94947814941,SPY,1322
2010-04-21,120551.30442810059,26.120101928710938,120525.18432617188,SPY,1322
2010-04-22,120910.8825378418,26.120101928710938,120884.76243591309,SPY,1322
2010-04-23,121700.01583862305,26.120101928710938,121673.89573669434,SPY,1322
2010-04-26,121240.50505065918,26.120101928710938,121214.38494873047,SPY,1322
2010-04-27,118373.73425292969,26.120101928710938,118347.61415100098,SPY,1322
2010-04-28,119272.74508666992,26.120101928710938,119246.62498474121,SPY,1322
2010-04-29,120751.08909606934,26.120101928710938,120724.96899414062,SPY,1322
2010-04-30,118703.36685180664,26.120101928710938,118677.24674987793,SPY,1322
2010-05-03,120241.64222717285,26.120101928710938,120215.52212524414,SPY,1322
2010-05-04,117414.8122253418,26.120101928710938,117388.69212341309,SPY,1322
2010-05-05,116715.56588745117,26.120101928710938,116689.44578552246,SPY,1322
2010-05-06,112839.96723937988,26.120101928710938,112813.84713745117,SPY,1322
2010-05-07,111161.84864807129,26.120101928710938,111135.72854614258,SPY,1322
2010-05-10,116056.35111999512,26.120101928710938,116030.2310180664,SPY,1322
2010-05-11,115726.69834899902,26.120101928710938,115700.57824707031,SPY,1322
2010-05-12,117344.88557434082,26.120101928710938,117318.76547241211,SPY,1322
2010-05-13,115886.5220489502,26.120101928710938,115860.40194702148,SPY,1322
2010-05-14,113788.85363769531,26.120101928710938,113762.7335357666,SPY,1322
2010-05-17,113848.78500366211,26.120101928710938,113822.6649017334,SPY,1322
2010-05-18,112300.53451538086,26.120101928710938,112274.41441345215,SPY,1322
2010-05-19,111661.23971557617,26.120101928710938,111635.11961364746,SPY,1322
2010-05-20,107445.97283935547,26.120101928710938,107419.85273742676,SPY,1322
2010-05-21,109014.20381164551,26.120101928710938,108988.0837097168,SPY,1322
2010-05-24,107615.7313079834,26.120101928710938,107589.61120605469,SPY,1322
2010-05-25,107725.6693572998,26.120101928710938,107699.5492553711,SPY,1322
2010-05-26,107076.37927246094,26.120101928710938,107050.25917053223,SPY,1322
2010-05-27,110662.37689208984,26.120101928710938,110636.25679016113,SPY,1322
2010-05-28,109273.91984558105,26.120101928710938,109247.79974365234,SPY,1322
2010-06-01,107435.97755432129,26.120101928710938,107409.85745239258,SPY,1322
2010-06-02,110232.87213134766,26.120101928710938,110206.75202941895,SPY,1322
2010-06-03,110612.40046691895,26.120101928710938,110586.28036499023,SPY,1322
2010-06-04,106726.73593139648,26.120101928710938,106700.61582946777,SPY,1322
2010-06-07,105398.26068115234,26.120101928710938,105372.14057922363,SPY,1322
2010-06-08,106526.99160766602,26.120101928710938,106500.8715057373,SPY,1322
2010-06-09,105957.60328674316,26.120101928710938,105931.48318481445,SPY,1322
2010-06-10,109054.15469360352,26.120101928710938,109028.0345916748,SPY,1322
2010-06-11,109583.55178833008,26.120101928710938,109557.43168640137,SPY,1322
2010-06-14,109413.79331970215,26.120101928710938,109387.67321777344,SPY,1322
2010-06-15,111901.00552368164,26.120101928710938,111874.88542175293,SPY,1322
2010-06-16,111861.03446960449,26.120101928710938,111834.91436767578,SPY,1322
2010-06-17,112040.80839538574,26.120101928710938,112014.68829345703,SPY,1322
2010-06-18,112162.2445526123,26.120101928710938,112136.1244506836,SPY,1322
2010-06-21,111841.09432983398,26.120101928710938,111814.97422790527,SPY,1322
2010-06-22,109994.40742492676,26.120101928710938,109968.28732299805,SPY,1322
2010-06-23,109653.19602966309,26.120101928710938,109627.07592773438,SPY,1322
2010-06-24,107836.60592651367,26.120101928710938,107810.48582458496,SPY,1322
2010-06-25,108288.22941589355,26.120101928710938,108262.10931396484,SPY,1322
2010-06-28,107946.96759033203,26.120101928710938,107920.84748840332,SPY,1322
2010-06-29,104614.9369506836,26.120101928710938,104588.81684875488,SPY,1322
2010-06-30,103621.33905029297,26.120101928710938,103595.21894836426,SPY,1322
2010-07-01,103159.62950134277,26.120101928710938,103133.50939941406,SPY,1322
2010-07-02,102597.64434814453,26.120101928710938,102571.52424621582,SPY,1322
2010-07-06,103270.06176757812,26.120101928710938,103243.94166564941,SPY,1322
2010-07-07,106521.77711486816,26.120101928710938,106495.65701293945,SPY,1322
2010-07-08,107575.64930725098,26.120101928710938,107549.52920532227,SPY,1322
2010-07-09,108378.56016540527,26.120101928710938,108352.44006347656,SPY,1322
2010-07-12,108448.77931213379,26.120101928710938,108422.65921020508,SPY,1322
2010-07-13,110084.74826049805,26.120101928710938,110058.62815856934,SPY,1322
2010-07-14,110074.71263122559,26.120101928710938,110048.59252929688,SPY,1322
2010-07-15,110104.79934692383,26.120101928710938,110078.67924499512,SPY,1322
2010-07-16,107073.84767150879,26.120101928710938,107047.72756958008,SPY,1322
2010-07-19,107706.13265991211,26.120101928710938,107680.0125579834,SPY,1322
2010-07-20,108900.4633178711,26.120101928710938,108874.34321594238,SPY,1322
2010-07-21,107485.29838562012,26.120101928710938,107459.1782836914,SPY,1322
2010-07-22,109884.03567504883,26.120101928710938,109857.91557312012,SPY,1322
2010-07-23,110837.47088623047,26.120101928710938,110811.35078430176,SPY,1322
2010-07-26,111991.6287689209,26.120101928710938,111965.50866699219,SPY,1322
2010-07-27,111981.61331176758,26.120101928710938,111955.49320983887,SPY,1322
2010-07-28,111258.9774017334,26.120101928710938,111232.85729980469,SPY,1322
2010-07-29,110717.03324890137,26.120101928710938,110690.91314697266,SPY,1322
2010-07-30,110696.95190429688,26.120101928710938,110670.83180236816,SPY,1322
2010-08-02,113195.9748840332,26.120101928710938,113169.85478210449,SPY,1322
2010-08-03,112654.06098937988,26.120101928710938,112627.94088745117,SPY,1322
2010-08-04,113406.79370117188,26.120101928710938,113380.67359924316,SPY,1322
2010-08-05,113286.33589172363,26.120101928710938,113260.21578979492,SPY,1322
2010-08-06,112824.68685913086,26.120101928710938,112798.56675720215,SPY,1322
2010-08-09,113426.84478759766,26.120101928710938,113400.72468566895,SPY,1322
2010-08-10,112814.63105773926,26.120101928710938,112788.51095581055,SPY,1322
2010-08-11,109723.44543457031,26.120101928710938,109697.3253326416,SPY,1322
2010-08-12,109050.9674987793,26.120101928710938,109024.84739685059,SPY,1322
2010-08-13,108729.83744812012,26.120101928710938,108703.7173461914,SPY,1322
2010-08-16,108679.64921569824,26.120101928710938,108653.52911376953,SPY,1322
2010-08-17,110014.46859741211,26.120101928710938,109988.3484954834,SPY,1322
2010-08-18,110215.25178527832,26.120101928710938,110189.13168334961,SPY,1322
2010-08-19,108298.2045288086,26.120101928710938,108272.08442687988,SPY,1322
2010-08-20,107946.96759033203,26.120101928710938,107920.84748840332,SPY,1322
2010-08-23,107535.49670410156,26.120101928710938,107509.37660217285,SPY,1322
2010-08-24,105939.71061706543,26.120101928710938,105913.59051513672,SPY,1322
2010-08-25,106351.21176147461,26.120101928710938,106325.0916595459,SPY,1322
2010-08-26,105638.63165283203,26.120101928710938,105612.51155090332,SPY,1322
2010-08-27,107274.54008483887,26.120101928710938,107248.41998291016,SPY,1322
2010-08-30,105718.94694519043,26.120101928710938,105692.82684326172,SPY,1322
2010-08-31,105718.94694519043,26.120101928710938,105692.82684326172,SPY,1322
2010-09-01,108880.36180114746,26.120101928710938,108854.24169921875,SPY,1322
2010-09-02,109894.06121826172,26.120101928710938,109867.94111633301,SPY,1322
2010-09-03,111319.1810913086,26.120101928710938,111293.06098937988,SPY,1322
2010-09-07,110064.66691589355,26.120101928710938,110038.54681396484,SPY,1322
2010-09-08,110837.47088623047,26.120101928710938,110811.35078430176,SPY,1322
2010-09-09,111349.30815124512,26.120101928710938,111323.1880493164,SPY,1322
2010-09-10,111911.36390686035,26.120101928710938,111885.24380493164,SPY,1322
2010-09-13,113155.89288330078,26.120101928710938,113129.77278137207,SPY,1322
2010-09-14,113085.61322021484,26.120101928710938,113059.49311828613,SPY,1322
2010-09-15,113517.17553710938,26.120101928710938,113491.05543518066,SPY,1322
2010-09-16,113487.05856323242,26.120101928710938,113460.93846130371,SPY,1322
2010-09-17,113529.42001342773,26.120101928710938,113503.29991149902,SPY,1322
2010-09-20,115264.91819763184,26.120101928710938,115238.79809570312,SPY,1322
2010-09-21,115032.83796691895,26.120101928710938,115006.71786499023,SPY,1322
2010-09-22,114467.85725402832,26.120101928710938,114441.73715209961,SPY,1322
2010-09-23,113539.52624511719,26.120101928710938,113513.40614318848,SPY,1322
2010-09-24,115880.43006896973,26.120101928710938,115854.30996704102,SPY,1322
2010-09-27,115325.48498535156,26.120101928710938,115299.36488342285,SPY,1322
2010-09-28,115729.09883117676,26.120101928710938,115702.97872924805,SPY,1322
2010-09-29,115527.23643493652,26.120101928710938,115501.11633300781,SPY,1322
2010-09-30,115184.17929077148,26.120101928710938,115158.05918884277,SPY,1322
2010-10-01,115668.55221557617,26.120101928710938,115642.43211364746,SPY,1322
2010-10-04,114800.78799438477,26.120101928710938,114774.66789245605,SPY,1322
2010-10-05,117111.41346740723,26.120101928710938,117085.29336547852,SPY,1322
2010-10-06,117101.31732177734,26.120101928710938,117075.19721984863,SPY,1322
2010-10-07,116960.05197143555,26.120101928710938,116933.93186950684,SPY,1322
2010-10-08,117615.92825317383,26.120101928710938,117589.80815124512,SPY,1322
2010-10-11,117726.8950805664,26.120101928710938,117700.7749786377,SPY,1322
2010-10-12,118090.13442993164,26.120101928710938,118064.01432800293,SPY,1322
2010-10-13,119008.35920715332,26.120101928710938,118982.23910522461,SPY,1322
2010-10-14,118544.21891784668,26.120101928710938,118518.09881591797,SPY,1322
2010-10-15,118786.37512207031,26.120101928710938,118760.2550201416,SPY,1322
2010-10-18,119371.59855651855,26.120101928710938,119345.47845458984,SPY,1322
2010-10-19,117807.64407348633,26.120101928710938,117781.52397155762,SPY,1322
2010-10-20,118957.91882324219,26.120101928710938,118931.79872131348,SPY,1322
2010-10-21,119220.25723266602,26.120101928710938,119194.1371307373,SPY,1322
2010-10-22,119442.21105957031,26.120101928710938,119416.0909576416,SPY,1322
2010-10-25,119795.40469360352,26.120101928710938,119769.2845916748,SPY,1322
2010-10-26,119815.56672668457,26.120101928710938,119789.44662475586,SPY,1322
2010-10-27,119472.49949645996,26.120101928710938,119446.37939453125,SPY,1322
2010-10-28,119492.64135742188,26.120101928710938,119466.52125549316,SPY,1322
2010-10-29,119583.48649597168,26.120101928710938,119557.36639404297,SPY,1322
2010-11-01,119623.86099243164,26.120101928710938,119597.74089050293,SPY,1322
2010-11-02,120572.31369018555,26.120101928710938,120546.19358825684,SPY,1322
2010-11-03,121056.60592651367,26.120101928710938,121030.48582458496,SPY,1322
2010-11-04,123387.44386291504,26.120101928710938,123361.32376098633,SPY,1322
2010-11-05,123851.59423828125,26.120101928710938,123825.47413635254,SPY,1322
2010-11-08,123619.50392150879,26.120101928710938,123593.38381958008,SPY,1322
2010-11-09,122731.60792541504,26.120101928710938,122705.48782348633,SPY,1322
2010-11-10,123226.01647949219,26.120101928710938,123199.89637756348,SPY,1322
2010-11-11,122761.88627624512,26.120101928710938,122735.7661743164,SPY,1322
2010-11-12,121308.87844848633,26.120101928710938,121282.75834655762,SPY,1322
2010-11-15,121137.3549194336,26.120101928710938,121111.23481750488,SPY,1322
2010-11-16,119250.51541137695,26.120101928710938,119224.39530944824,SPY,1322
2010-11-17,119311.10237121582,26.120101928710938,119284.98226928711,SPY,1322
2010-11-18,121066.71215820312,26.120101928710938,121040.59205627441,SPY,1322
2010-11-19,121399.70341491699,26.120101928710938,121373.58331298828,SPY,1322
2010-11-22,121298.81256103516,26.120101928710938,121272.69245910645,SPY,1322
2010-11-23,119543.17251586914,26.120101928710938,119517.05241394043,SPY,1322
2010-11-24,121308.87844848633,26.120101928710938,121282.75834655762,SPY,1322
2010-11-26,119896.29554748535,26.120101928710938,119870.17544555664,SPY,1322
2010-11-29,120259.54498291016,26.120101928710938,120233.42488098145,SPY,1322
2010-11-30,119583.48649597168,26.120101928710938,119557.36639404297,SPY,1322
2010-12-01,122126.14176940918,26.120101928710938,122100.02166748047,SPY,1322
2010-12-02,123690.13659667969,26.120101928710938,123664.01649475098,SPY,1322
2010-12-03,124023.05725097656,26.120101928710938,123996.93714904785,SPY,1322
2010-12-06,123891.97882080078,26.120101928710938,123865.85871887207,SPY,1322
2010-12-07,123962.61149597168,26.120101928710938,123936.49139404297,SPY,1322
2010-12-08,124416.64555358887,26.120101928710938,124390.52545166016,SPY,1322
2010-12-09,124900.9680480957,26.120101928710938,124874.84794616699,SPY,1322
2010-12-10,125627.46691894531,26.120101928710938,125601.3468170166,SPY,1322
2010-12-13,125708.15539550781,26.120101928710938,125682.0352935791,SPY,1322
2010-12-14,125819.17265319824,26.120101928710938,125793.05255126953,SPY,1322
2010-12-15,125244.01510620117,26.120101928710938,125217.89500427246,SPY,1322
2010-12-16,125970.50389099121,26.120101928710938,125944.3837890625,SPY,1322
2010-12-17,126105.39485168457,26.120101928710938,126079.27474975586,SPY,1322
2010-12-20,126409.72152709961,26.120101928710938,126383.6014251709,SPY,1322
2010-12-21,127211.01861572266,26.120101928710938,127184.89851379395,SPY,1322
2010-12-22,127606.59387207031,26.120101928710938,127580.4737701416,SPY,1322
2010-12-23,127424.02610778809,26.120101928710938,127397.90600585938,SPY,1322
2010-12-27,127474.75898742676,26.120101928710938,127448.63888549805,SPY,1322
2010-12-28,127657.37718200684,26.120101928710938,127631.25708007812,SPY,1322
2010-12-29,127748.59550476074,26.120101928710938,127722.47540283203,SPY,1322
2010-12-30,127545.75476074219,26.120101928710938,127519.63465881348,SPY,1322
2010-12-31,127576.17431640625,26.120101928710938,127550.05421447754,SPY,1322
2011-01-03,128894.7954864502,26.120101928710938,128868.67538452148,SPY,1322
2011-01-04,128823.75936889648,26.120101928710938,128797.63926696777,SPY,1322
2011-01-05,129493.2114868164,26.120101928710938,129467.0913848877,SPY,1322
2011-01-06,129239.65803527832,26.120101928710938,129213.53793334961,SPY,1322
2011-01-07,128986.05415344238,26.120101928710938,128959.93405151367,SPY,1322
2011-01-10,128823.75936889648,26.120101928710938,128797.63926696777,SPY,1322
2011-01-11,129280.21408081055,26.120101928710938,129254.09397888184,SPY,1322
2011-01-12,130446.6971282959,26.120101928710938,130420.57702636719,SPY,1322
2011-01-13,130233.6795501709,26.120101928710938,130207.55944824219,SPY,1322
2011-01-14,131177.01861572266,26.120101928710938,131150.89851379395,SPY,1322
2011-01-18,131400.16259765625,26.120101928710938,131374.04249572754,SPY,1322
2011-01-19,130111.96098327637,26.120101928710938,130085.84088134766,SPY,1322
2011-01-20,129939.54988098145,26.120101928710938,129913.42977905273,SPY,1322
2011-01-21,130233.6795501709,26.120101928710938,130207.55944824219,SPY,1322
2011-01-24,130974.11735534668,26.120101928710938,130947.99725341797,SPY,1322
2011-01-25,131045.16355895996,26.120101928710938,131019.04345703125,SPY,1322
2011-01-26,131552.3108062744,26.120101928710938,131526.1907043457,SPY,1322
2011-01-27,131876.86003112793,26.120101928710938,131850.73992919922,SPY,1322
2011-01-28,129574.38409423828,26.120101928710938,129548.26399230957,SPY,1322
2011-01-31,130548.10237121582,26.120101928710938,130521.98226928711,SPY,1322
2011-02-01,132637.5809020996,26.120101928710938,132611.4608001709,SPY,1322
2011-02-02,132384.02745056152,26.120101928710938,132357.9073486328,SPY,1322
2011-02-03,132678.1470336914,26.120101928710938,132652.0269317627,SPY,1322
2011-02-04,133053.46948242188,26.120101928710938,133027.34938049316,SPY,1322
2011-02-07,133885.2466430664,26.120101928710938,133859.1265411377,SPY,1322
2011-02-08,134493.80921936035,26.120101928710938,134467.68911743164,SPY,1322
2011-02-09,134189.51280212402,26.120101928710938,134163.3927001953,SPY,1322
2011-02-10,134240.23559570312,26.120101928710938,134214.1154937744,SPY,1322
2011-02-11,135041.5528564453,26.120101928710938,135015.4327545166,SPY,1322
2011-02-14,135366.09199523926,26.120101928710938,135339.97189331055,SPY,1322
2011-02-15,134940.0770111084,26.120101928710938,134913.9569091797,SPY,1322
2011-02-16,135792.1170654297,26.120101928710938,135765.99696350098,SPY,1322
2011-02-17,136197.80863952637,26.120101928710938,136171.68853759766,SPY,1322
2011-02-18,136481.87242126465,26.120101928710938,136455.75231933594,SPY,1322
2011-02-22,133743.21475219727,26.120101928710938,133717.09465026855,SPY,1322
2011-02-23,132921.5740814209,26.120101928710938,132895.4539794922,SPY,1322
2011-02-24,132830.34567260742,26.120101928710938,132804.2255706787,SPY,1322
2011-02-25,134250.3720855713,26.120101928710938,134224.25198364258,SPY,1322
2011-02-28,135082.13916015625,26.120101928710938,135056.01905822754,SPY,1322
2011-03-01,132830.34567260742,26.120101928710938,132804.2255706787,SPY,1322
2011-03-02,133114.32876586914,26.120101928710938,133088.20866394043,SPY,1322
2011-03-03,135406.69847106934,26.120101928710938,135380.57836914062,SPY,1322
2011-03-04,134392.40397644043,26.120101928710938,134366.28387451172,SPY,1322
2011-03-07,133337.4525756836,26.120101928710938,133311.33247375488,SPY,1322
2011-03-08,134503.9860534668,26.120101928710938,134477.8659515381,SPY,1322
2011-03-09,134311.23136901855,26.120101928710938,134285.11126708984,SPY,1322
2011-03-10,131826.15740966797,26.120101928710938,131800.03730773926,SPY,1322
2011-03-11,132739.0264892578,26.120101928710938,132712.9063873291,SPY,1322
2011-03-14,131937.7495727539,26.120101928710938,131911.6294708252,SPY,1322
2011-03-15,130426.40397644043,26.120101928710938,130400.28387451172,SPY,1322
2011-03-16,128012.32579040527,26.120101928710938,127986.20568847656,SPY,1322
2011-03-17,129706.21897888184,26.120101928710938,129680.09887695312,SPY,1322
2011-03-18,130177.8935546875,26.120101928710938,130151.77345275879,SPY,1322
2011-03-21,132194.96426391602,26.120101928710938,132168.8441619873,SPY,1322
2011-03-22,131736.5225982666,26.120101928710938,131710.4024963379,SPY,1322
2011-03-23,132113.43864440918,26.120101928710938,132087.31854248047,SPY,1322
2011-03-24,133376.63691711426,26.120101928710938,133350.51681518555,SPY,1322
2011-03-25,133784.19441223145,26.120101928710938,133758.07431030273,SPY,1322
2011-03-28,133458.18270874023,26.120101928710938,133432.06260681152,SPY,1322
2011-03-29,134354.65185546875,26.120101928710938,134328.53175354004,SPY,1322
2011-03-30,135281.70193481445,26.120101928710938,135255.58183288574,SPY,1322
2011-03-31,135098.33737182617,26.120101928710938,135072.21726989746,SPY,1322
2011-04-01,135668.8250732422,26.120101928710938,135642.70497131348,SPY,1322
2011-04-04,135780.8711090088,26.120101928710938,135754.75100708008,SPY,1322
2011-04-05,135760.50735473633,26.120101928710938,135734.38725280762,SPY,1322
2011-04-06,136188.35800170898,26.120101928710938,136162.23789978027,SPY,1322
2011-04-07,135842.0228881836,26.120101928710938,135815.90278625488,SPY,1322
2011-04-08,135373.36404418945,26.120101928710938,135347.24394226074,SPY,1322
2011-04-11,134965.9275817871,26.120101928710938,134939.8074798584,SPY,1322
2011-04-12,133957.341796875,26.120101928710938,133931.2216949463,SPY,1322
2011-04-13,133947.16496276855,26.120101928710938,133921.04486083984,SPY,1322
2011-04-14,134049.0341644287,26.120101928710938,134022.9140625,SPY,1322
2011-04-15,134538.0265045166,26.120101928710938,134511.9064025879,SPY,1322
2011-04-18,133030.30180358887,26.120101928710938,133004.18170166016,SPY,1322
2011-04-19,133794.35107421875,26.120101928710938,133768.23097229004,SPY,1322
2011-04-20,135617.8904724121,26.120101928710938,135591.7703704834,SPY,1322
2011-04-21,136310.6212158203,26.120101928710938,136284.5011138916,SPY,1322
2011-04-25,136167.94381713867,26.120101928710938,136141.82371520996,SPY,1322
2011-04-26,137339.49006652832,26.120101928710938,137313.3699645996,SPY,1322
2011-04-27,138235.99955749512,26.120101928710938,138209.8794555664,SPY,1322
2011-04-28,138684.2240447998,26.120101928710938,138658.1039428711,SPY,1322
2011-04-29,139010.2054901123,26.120101928710938,138984.0853881836,SPY,1322
2011-05-02,138796.33059692383,26.120101928710938,138770.21049499512,SPY,1322
2011-05-03,138297.08073425293,26.120101928710938,138270.96063232422,SPY,1322
2011-05-04,137380.2276611328,26.120101928710938,137354.1075592041,SPY,1322
2011-05-05,136137.3931427002,26.120101928710938,136111.27304077148,SPY,1322
2011-05-06,136738.44160461426,26.120101928710938,136712.32150268555,SPY,1322
2011-05-09,137268.17153930664,26.120101928710938,137242.05143737793,SPY,1322
2011-05-10,138439.72787475586,26.120101928710938,138413.60777282715,SPY,1322
2011-05-11,136982.98820495605,26.120101928710938,136956.86810302734,SPY,1322
2011-05-12,137634.92083740234,26.120101928710938,137608.80073547363,SPY,1322
2011-05-13,136575.47105407715,26.120101928710938,136549.35095214844,SPY,1322
2011-05-16,135709.56266784668,26.120101928710938,135683.44256591797,SPY,1322
2011-05-17,135689.1686553955,26.120101928710938,135663.0485534668,SPY,1322
2011-05-18,136901.48275756836,26.120101928710938,136875.36265563965,SPY,1322
2011-05-19,137227.4541168213,26.120101928710938,137201.33401489258,SPY,1322
2011-05-20,136137.3931427002,26.120101928710938,136111.27304077148,SPY,1322
2011-05-23,134558.39025878906,26.120101928710938,134532.27015686035,SPY,1322
2011-05-24,134446.35430908203,26.120101928710938,134420.23420715332,SPY,1322
2011-05-25,134894.55862426758,26.120101928710938,134868.43852233887,SPY,1322
2011-05-26,135516.01118469238,26.120101928710938,135489.89108276367,SPY,1322
2011-05-27,136035.51385498047,26.120101928710938,136009.39375305176,SPY,1322
2011-05-31,137451.55627441406,26.120101928710938,137425.43617248535,SPY,1322
2011-06-01,134364.81860351562,26.120101928710938,134338.6985015869,SPY,1322
2011-06-02,134222.2420654297,26.120101928710938,134196.12196350098,SPY,1322
2011-06-03,132887.75552368164,26.120101928710938,132861.63542175293,SPY,1322
2011-06-06,131481.8495941162,26.120101928710938,131455.7294921875,SPY,1322
2011-06-07,131400.39457702637,26.120101928710938,131374.27447509766,SPY,1322
2011-06-08,130850.27062988281,26.120101928710938,130824.1505279541,SPY,1322
2011-06-09,131848.57872009277,26.120101928710938,131822.45861816406,SPY,1322
2011-06-10,130014.91291809082,26.120101928710938,129988.79281616211,SPY,1322
2011-06-13,130116.79220581055,26.120101928710938,130090.67210388184,SPY,1322
2011-06-14,131767.1337890625,26.120101928710938,131741.0136871338,SPY,1322
2011-06-15,129424.03120422363,26.120101928710938,129397.91110229492,SPY,1322
2011-06-16,129709.27505493164,26.120101928710938,129683.15495300293,SPY,1322
2011-06-17,130096.26707458496,26.120101928710938,130070.14697265625,SPY,1322
2011-06-20,130761.75537109375,26.120101928710938,130735.63526916504,SPY,1322
2011-06-21,132553.31187438965,26.120101928710938,132527.19177246094,SPY,1322
2011-06-22,131754.80862426758,26.120101928710938,131728.68852233887,SPY,1322
2011-06-23,131376.0266571045,26.120101928710938,131349.90655517578,SPY,1322
2011-06-24,129850.56057739258,26.120101928710938,129824.44047546387,SPY,1322
2011-06-27,131007.41143798828,26.120101928710938,130981.29133605957,SPY,1322
2011-06-28,132717.12965393066,26.120101928710938,132691.00955200195,SPY,1322
2011-06-29,133853.5158996582,26.120101928710938,133827.3957977295,SPY,1322
2011-06-30,135133.23513793945,26.120101928710938,135107.11503601074,SPY,1322
2011-07-01,137129.62942504883,26.120101928710938,137103.50932312012,SPY,1322
2011-07-05,137016.98831176758,26.120101928710938,136990.86820983887,SPY,1322
2011-07-06,137180.82626342773,26.120101928710938,137154.70616149902,SPY,1322
2011-07-07,138603.81797790527,26.120101928710938,138577.69787597656,SPY,1322
2011-07-08,137621.01216125488,26.120101928710938,137594.89205932617,SPY,1322
2011-07-11,135133.23513793945,26.120101928710938,135107.11503601074,SPY,1322
2011-07-12,134549.6759033203,26.120101928710938,134523.5558013916,SPY,1322
2011-07-13,135000.12940979004,26.120101928710938,134974.00930786133,SPY,1322
2011-07-14,134068.5002593994,26.120101928710938,134042.3801574707,SPY,1322
2011-07-15,134846.55906677246,26.120101928710938,134820.43896484375,SPY,1322
2011-07-18,133740.8949584961,26.120101928710938,133714.77485656738,SPY,1322
2011-07-19,135911.28385925293,26.120101928710938,135885.16375732422,SPY,1322
2011-07-20,135829.33462524414,26.120101928710938,135803.21452331543,SPY,1322
2011-07-21,137713.15840148926,26.120101928710938,137687.03829956055,SPY,1322
2011-07-22,137805.2844696045,26.120101928710938,137779.16436767578,SPY,1322
2011-07-25,137037.41258239746,26.120101928710938,137011.29248046875,SPY,1322
2011-07-26,136525.5450592041,26.120101928710938,136499.4249572754,SPY,1322
2011-07-27,133730.65760803223,26.120101928710938,133704.53750610352,SPY,1322
2011-07-28,133341.6282043457,26.120101928710938,133315.508102417,SPY,1322
2011-07-29,132430.49392700195,26.120101928710938,132404.37382507324,SPY,1322
2011-08-01,131867.3892211914,26.120101928710938,131841.2691192627,SPY,1322
2011-08-02,128499.18997192383,26.120101928710938,128473.06986999512,SPY,1322
2011-08-03,129195.34997558594,26.120101928710938,129169.22987365723,SPY,1322
2011-08-04,123144.90438842773,26.120101928710938,123118.78428649902,SPY,1322
2011-08-05,122960.61190795898,26.120101928710938,122934.49180603027,SPY,1322
2011-08-08,114954.6810913086,26.120101928710938,114928.56098937988,SPY,1322
2011-08-09,120298.81001281738,26.120101928710938,120272.68991088867,SPY,1322
2011-08-10,114985.41331481934,26.120101928710938,114959.29321289062,SPY,1322
2011-08-11,120145.22958374023,26.120101928710938,120119.10948181152,SPY,1322
2011-08-12,120954.04078674316,26.120101928710938,120927.92068481445,SPY,1322
2011-08-15,123513.40866088867,26.120101928710938,123487.28855895996,SPY,1322
2011-08-16,122458.94139099121,26.120101928710938,122432.8212890625,SPY,1322
2011-08-17,122540.84019470215,26.120101928710938,122514.72009277344,SPY,1322
2011-08-18,117258.20597839355,26.120101928710938,117232.08587646484,SPY,1322
2011-08-19,115343.73066711426,26.120101928710938,115317.61056518555,SPY,1322
2011-08-22,115435.86682128906,26.120101928710938,115409.74671936035,SPY,1322
2011-08-23,119234.04487609863,26.120101928710938,119207.92477416992,SPY,1322
2011-08-24,120913.05104064941,26.120101928710938,120886.9309387207,SPY,1322
2011-08-25,119070.2674407959,26.120101928710938,119044.14733886719,SPY,1322
2011-08-26,120800.40992736816,26.120101928710938,120774.28982543945,SPY,1322
2011-08-29,124271.03311157227,26.120101928710938,124244.91300964355,SPY,1322
2011-08-30,124598.60815429688,26.120101928710938,124572.48805236816,SPY,1322
2011-08-31,125151.46542358398,26.120101928710938,125125.34532165527,SPY,1322
2011-09-01,123841.03413391113,26.120101928710938,123814.91403198242,SPY,1322
2011-09-02,120677.5818939209,26.120101928710938,120651.46179199219,SPY,1322
2011-09-06,119797.12940979004,26.120101928710938,119771.00930786133,SPY,1322
2011-09-07,123175.58618164062,26.120101928710938,123149.46607971191,SPY,1322
2011-09-08,121895.86694335938,26.120101928710938,121869.74684143066,SPY,1322
2011-09-09,118701.76316833496,26.120101928710938,118675.64306640625,SPY,1322
2011-09-12,119469.53419494629,26.120101928710938,119443.41409301758,SPY,1322
2011-09-13,120564.93069458008,26.120101928710938,120538.81059265137,SPY,1322
2011-09-14,122233.69950866699,26.120101928710938,122207.57940673828,SPY,1322
2011-09-15,124342.69456481934,26.120101928710938,124316.57446289062,SPY,1322
2011-09-16,125078.46252441406,26.120101928710938,125052.34242248535,SPY,1322
2011-09-19,123833.27795410156,26.120101928710938,123807.15785217285,SPY,1322
2011-09-20,123689.23893737793,26.120101928710938,123663.11883544922,SPY,1322
2011-09-21,120046.32568359375,26.120101928710938,120020.20558166504,SPY,1322
2011-09-22,116166.72286987305,26.120101928710938,116140.60276794434,SPY,1322
2011-09-23,116866.5037689209,26.120101928710938,116840.38366699219,SPY,1322
2011-09-26,119644.99128723145,26.120101928710938,119618.87118530273,SPY,1322
2011-09-27,120982.78605651855,26.120101928710938,120956.66595458984,SPY,1322
2011-09-28,118513.00256347656,26.120101928710938,118486.88246154785,SPY,1322
2011-09-29,119449.44276428223,26.120101928710938,119423.32266235352,SPY,1322
2011-09-30,116465.14920043945,26.120101928710938,116439.02909851074,SPY,1322
2011-10-03,113151.56596374512,26.120101928710938,113125.4458618164,SPY,1322
2011-10-04,115631.63723754883,26.120101928710938,115605.51713562012,SPY,1322
2011-10-05,117772.11088562012,26.120101928710938,117745.9907836914,SPY,1322
2011-10-06,119902.26649475098,26.120101928710938,119876.14639282227,SPY,1322
2011-10-07,119099.55735778809,26.120101928710938,119073.43725585938,SPY,1322
2011-10-10,123082.08840942383,26.120101928710938,123055.96830749512,SPY,1322
2011-10-11,123205.57203674316,26.120101928710938,123179.45193481445,SPY,1322
2011-10-12,124286.06134033203,26.120101928710938,124259.94123840332,SPY,1322
2011-10-13,124039.14451599121,26.120101928710938,124013.0244140625,SPY,1322
2011-10-14,126158.97200012207,26.120101928710938,126132.85189819336,SPY,1322
2011-10-17,123751.0160522461,26.120101928710938,123724.89595031738,SPY,1322
2011-10-18,126169.27995300293,26.120101928710938,126143.15985107422,SPY,1322
2011-10-19,124677.11804199219,26.120101928710938,124650.99794006348,SPY,1322
2011-10-20,125222.5317993164,26.120101928710938,125196.4116973877,SPY,1322
2011-10-21,127599.70509338379,26.120101928710938,127573.58499145508,SPY,1322
2011-10-24,129163.87138366699,26.120101928710938,129137.75128173828,SPY,1322
2011-10-25,126652.9468536377,26.120101928710938,126626.82675170898,SPY,1322
2011-10-26,127939.2724609375,26.120101928710938,127913.15235900879,SPY,1322
2011-10-27,132395.13220214844,26.120101928710938,132369.01210021973,SPY,1322
2011-10-28,132364.24868774414,26.120101928710938,132338.12858581543,SPY,1322
2011-10-31,129174.11882019043,26.120101928710938,129147.99871826172,SPY,1322
2011-11-01,125572.40711975098,26.120101928710938,125546.28701782227,SPY,1322
2011-11-02,127620.24031066895,26.120101928710938,127594.12020874023,SPY,1322
2011-11-03,129945.92427062988,26.120101928710938,129919.80416870117,SPY,1322
2011-11-04,129153.59368896484,26.120101928710938,129127.47358703613,SPY,1322
2011-11-07,129956.25239562988,26.120101928710938,129930.13229370117,SPY,1322
2011-11-08,131623.30657958984,26.120101928710938,131597.18647766113,SPY,1322
2011-11-09,126766.13261413574,26.120101928710938,126740.01251220703,SPY,1322
2011-11-10,127959.8278503418,26.120101928710938,127933.70774841309,SPY,1322
2011-11-11,130367.90483093262,26.120101928710938,130341.7847290039,SPY,1322
2011-11-14,129132.99795532227,26.120101928710938,129106.87785339355,SPY,1322
2011-11-15,129771.00173950195,26.120101928710938,129744.88163757324,SPY,1322
2011-11-16,127712.88076782227,26.120101928710938,127686.76066589355,SPY,1322
2011-11-17,125685.64331054688,26.120101928710938,125659.52320861816,SPY,1322
2011-11-18,125551.85173034668,26.120101928710938,125525.73162841797,SPY,1322
2011-11-21,123164.42091369629,26.120101928710938,123138.30081176758,SPY,1322
2011-11-22,122680.74392700195,26.120101928710938,122654.62382507324,SPY,1322
2011-11-23,119974.29104614258,26.120101928710938,119948.17094421387,SPY,1322
2011-11-25,119747.89935302734,26.120101928710938,119721.77925109863,SPY,1322
2011-11-28,123215.86990356445,26.120101928710938,123189.74980163574,SPY,1322
2011-11-29,123565.76539611816,26.120101928710938,123539.64529418945,SPY,1322
2011-11-30,128649.3310546875,26.120101928710938,128623.21095275879,SPY,1322
2011-12-01,128628.71514892578,26.120101928710938,128602.59504699707,SPY,1322
2011-12-02,128515.54956054688,26.120101928710938,128489.42945861816,SPY,1322
2011-12-05,129915.09118652344,26.120101928710938,129888.97108459473,SPY,1322
2011-12-06,129956.25239562988,26.120101928710938,129930.13229370117,SPY,1322
2011-12-07,130439.91929626465,26.120101928710938,130413.79919433594,SPY,1322
2011-12-08,127579.08918762207,26.120101928710938,127552.96908569336,SPY,1322
2011-12-09,129740.1383972168,26.120101928710938,129714.01829528809,SPY,1322
2011-12-12,127846.64208984375,26.120101928710938,127820.52198791504,SPY,1322
2011-12-13,126652.9468536377,26.120101928710938,126626.82675170898,SPY,1322
2011-12-14,125304.86430358887,26.120101928710938,125278.74420166016,SPY,1322
2011-12-15,125757.6577758789,26.120101928710938,125731.5376739502,SPY,1322
2011-12-16,125944.07841491699,26.120101928710938,125917.95831298828,SPY,1322
2011-12-19,124597.80126953125,26.120101928710938,124571.68116760254,SPY,1322
2011-12-20,128367.33491516113,26.120101928710938,128341.21481323242,SPY,1322
2011-12-21,128615.89576721191,26.120101928710938,128589.7756652832,SPY,1322
2011-12-22,129755.04559326172,26.120101928710938,129728.92549133301,SPY,1322
2011-12-23,130914.95252990723,26.120101928710938,130888.83242797852,SPY,1322
2011-12-27,131018.45567321777,26.120101928710938,130992.33557128906,SPY,1322
2011-12-28,129299.36750793457,26.120101928710938,129273.24740600586,SPY,1322
2011-12-29,130635.33670043945,26.120101928710938,130609.21659851074,SPY,1322
2011-12-30,129993.23797607422,26.120101928710938,129967.11787414551,SPY,1322
2012-01-03,132064.39013671875,26.120101928710938,132038.27003479004,SPY,1322
2012-01-04,132271.5477142334,26.120101928710938,132245.4276123047,SPY,1322
2012-01-05,132623.6217956543,26.120101928710938,132597.5016937256,SPY,1322
2012-01-06,132281.89601135254,26.120101928710938,132255.77590942383,SPY,1322
2012-01-09,132602.94537353516,26.120101928710938,132576.82527160645,SPY,1322
2012-01-10,133752.46366882324,26.120101928710938,133726.34356689453,SPY,1322
2012-01-11,133824.9420928955,26.120101928710938,133798.8219909668,SPY,1322
2012-01-12,134145.94102478027,26.120101928710938,134119.82092285156,SPY,1322
2012-01-13,133452.1512451172,26.120101928710938,133426.03114318848,SPY,1322
2012-01-17,133969.89894104004,26.120101928710938,133943.77883911133,SPY,1322
2012-01-18,135450.82498168945,26.120101928710938,135424.70487976074,SPY,1322
2012-01-19,136165.41221618652,26.120101928710938,136139.2921142578,SPY,1322
2012-01-20,136672.80152893066,26.120101928710938,136646.68142700195,SPY,1322
2012-01-23,136320.7476196289,26.120101928710938,136294.6275177002,SPY,1322
2012-01-24,136165.41221618652,26.120101928710938,136139.2921142578,SPY,1322
2012-01-25,137304.56204223633,26.120101928710938,137278.44194030762,SPY,1322
2012-01-26,136600.36344909668,26.120101928710938,136574.24334716797,SPY,1322
2012-01-27,136538.1828918457,26.120101928710938,136512.062789917,SPY,1322
2012-01-30,136072.1968536377,26.120101928710938,136046.07675170898,SPY,1322
2012-01-31,136020.40493774414,26.120101928710938,135994.28483581543,SPY,1322
2012-02-01,137211.36685180664,26.120101928710938,137185.24674987793,SPY,1322
2012-02-02,137428.76177978516,26.120101928710938,137402.64167785645,SPY,1322
2012-02-03,139355.007522583,26.120101928710938,139328.8874206543,SPY,1322
2012-02-06,139261.81233215332,26.120101928710938,139235.6922302246,SPY,1322
2012-02-07,139613.88641357422,26.120101928710938,139587.7663116455,SPY,1322
2012-02-08,140028.1410522461,26.120101928710938,140002.02095031738,SPY,1322
2012-02-09,140204.1932220459,26.120101928710938,140178.0731201172,SPY,1322
2012-02-10,139168.5969696045,26.120101928710938,139142.47686767578,SPY,1322
2012-02-13,140204.1932220459,26.120101928710938,140178.0731201172,SPY,1322
2012-02-14,140028.1410522461,26.120101928710938,140002.02095031738,SPY,1322
2012-02-15,139375.71420288086,26.120101928710938,139349.59410095215,SPY,1322
2012-02-16,140918.75019836426,26.120101928710938,140892.63009643555,SPY,1322
2012-02-17,141291.58139038086,26.120101928710938,141265.46128845215,SPY,1322
2012-02-21,141353.72160339355,26.120101928710938,141327.60150146484,SPY,1322
2012-02-22,140898.02334594727,26.120101928710938,140871.90324401855,SPY,1322
2012-02-23,141519.41539001465,26.120101928710938,141493.29528808594,SPY,1322
2012-02-24,141830.0559387207,26.120101928710938,141803.935836792,SPY,1322
2012-02-27,142068.2785797119,26.120101928710938,142042.1584777832,SPY,1322
2012-02-28,142482.52313232422,26.120101928710938,142456.4030303955,SPY,1322
2012-02-29,141923.2511291504,26.120101928710938,141897.13102722168,SPY,1322
2012-03-01,142658.50469970703,26.120101928710938,142632.38459777832,SPY,1322
2012-03-02,142223.62406921387,26.120101928710938,142197.50396728516,SPY,1322
2012-03-05,141643.68572998047,26.120101928710938,141617.56562805176,SPY,1322
2012-03-06,139572.46296691895,26.120101928710938,139546.34286499023,SPY,1322
2012-03-07,140545.95935058594,26.120101928710938,140519.83924865723,SPY,1322
2012-03-08,141943.99815368652,26.120101928710938,141917.8780517578,SPY,1322
2012-03-09,142492.8613433838,26.120101928710938,142466.74124145508,SPY,1322
2012-03-12,142503.20964050293,26.120101928710938,142477.08953857422,SPY,1322
2012-03-13,145071.48350524902,26.120101928710938,145045.3634033203,SPY,1322
2012-03-14,144916.07749938965,26.120101928710938,144889.95739746094,SPY,1322
2012-03-15,145754.93507385254,26.120101928710938,145728.81497192383,SPY,1322
2012-03-16,145956.82772827148,26.120101928710938,145930.70762634277,SPY,1322
2012-03-19,146528.8081665039,26.120101928710938,146502.6880645752,SPY,1322
2012-03-20,146102.3695678711,26.120101928710938,146076.24946594238,SPY,1322
2012-03-21,145863.16857910156,26.120101928710938,145837.04847717285,SPY,1322
2012-03-22,144812.61470031738,26.120101928710938,144786.49459838867,SPY,1322
2012-03-23,145280.6683807373,26.120101928710938,145254.5482788086,SPY,1322
2012-03-26,147319.353515625,26.120101928710938,147293.2334136963,SPY,1322
2012-03-27,146861.67839050293,26.120101928710938,146835.55828857422,SPY,1322
2012-03-28,146133.6262664795,26.120101928710938,146107.50616455078,SPY,1322
2012-03-29,145883.9458618164,26.120101928710938,145857.8257598877,SPY,1322
2012-03-30,146487.2233428955,26.120101928710938,146461.1032409668,SPY,1322
2012-04-02,147558.52424621582,26.120101928710938,147532.4041442871,SPY,1322
2012-04-03,146955.29719543457,26.120101928710938,146929.17709350586,SPY,1322
2012-04-04,145499.1223449707,26.120101928710938,145473.002243042,SPY,1322
2012-04-05,145426.31108093262,26.120101928710938,145400.1909790039,SPY,1322
2012-04-09,143793.29734802246,26.120101928710938,143767.17724609375,SPY,1322
2012-04-10,141380.18742370605,26.120101928710938,141354.06732177734,SPY,1322
2012-04-11,142524.37019348145,26.120101928710938,142498.25009155273,SPY,1322
2012-04-12,144386.17610168457,26.120101928710938,144360.05599975586,SPY,1322
2012-04-13,142669.97254943848,26.120101928710938,142643.85244750977,SPY,1322
2012-04-16,142576.30331420898,26.120101928710938,142550.18321228027,SPY,1322
2012-04-17,144687.77954101562,26.120101928710938,144661.6594390869,SPY,1322
2012-04-18,144198.9990081787,26.120101928710938,144172.87890625,SPY,1322
2012-04-19,143273.18951416016,26.120101928710938,143247.06941223145,SPY,1322
2012-04-20,143512.44093322754,26.120101928710938,143486.32083129883,SPY,1322
2012-04-23,142305.87588500977,26.120101928710938,142279.75578308105,SPY,1322
2012-04-24,142846.79125976562,26.120101928710938,142820.6711578369,SPY,1322
2012-04-25,144802.2159729004,26.120101928710938,144776.09587097168,SPY,1322
2012-04-26,145811.1749420166,26.120101928710938,145785.0548400879,SPY,1322
2012-04-27,146050.37593078613,26.120101928710938,146024.25582885742,SPY,1322
2012-04-30,145509.51098632812,26.120101928710938,145483.3908843994,SPY,1322
2012-05-01,146414.47259521484,26.120101928710938,146388.35249328613,SPY,1322
2012-05-02,145977.6150970459,26.120101928710938,145951.4949951172,SPY,1322
2012-05-03,144864.57807922363,26.120101928710938,144838.45797729492,SPY,1322
2012-05-04,142524.37019348145,26.120101928710938,142498.25009155273,SPY,1322
2012-05-07,142628.33729553223,26.120101928710938,142602.21719360352,SPY,1322
2012-05-08,142056.30642700195,26.120101928710938,142030.18632507324,SPY,1322
2012-05-09,141213.7976989746,26.120101928710938,141187.6775970459,SPY,1322
2012-05-10,141504.9620666504,26.120101928710938,141478.84196472168,SPY,1322
2012-05-11,141078.583984375,26.120101928710938,141052.4638824463,SPY,1322
2012-05-14,139518.37142944336,26.120101928710938,139492.25132751465,SPY,1322
2012-05-15,138717.4475250244,26.120101928710938,138691.3274230957,SPY,1322
2012-05-16,138186.99139404297,26.120101928710938,138160.87129211426,SPY,1322
2012-05-17,136137.8974456787,26.120101928710938,136111.77734375,SPY,1322
2012-05-18,134973.00799560547,26.120101928710938,134946.88789367676,SPY,1322
2012-05-21,137292.49911499023,26.120101928710938,137266.37901306152,SPY,1322
2012-05-22,137531.70010375977,26.120101928710938,137505.58000183105,SPY,1322
2012-05-23,137604.531539917,26.120101928710938,137578.41143798828,SPY,1322
2012-05-24,137874.94888305664,26.120101928710938,137848.82878112793,SPY,1322
2012-05-25,137427.662399292,26.120101928710938,137401.54229736328,SPY,1322
2012-05-29,139091.87231445312,26.120101928710938,139065.7522125244,SPY,1322
2012-05-30,137074.0249786377,26.120101928710938,137047.90487670898,SPY,1322
2012-05-31,136772.41145324707,26.120101928710938,136746.29135131836,SPY,1322
2012-06-01,133329.55519104004,26.120101928710938,133303.43508911133,SPY,1322
2012-06-04,133267.14265441895,26.120101928710938,133241.02255249023,SPY,1322
2012-06-05,134276.11170959473,26.120101928710938,134249.99160766602,SPY,1322
2012-06-06,137292.49911499023,26.120101928710938,137266.37901306152,SPY,1322
2012-06-07,137375.65867614746,26.120101928710938,137349.53857421875,SPY,1322
2012-06-08,138467.81755065918,26.120101928710938,138441.69744873047,SPY,1322
2012-06-11,136709.96865844727,26.120101928710938,136683.84855651855,SPY,1322
2012-06-12,138280.60011291504,26.120101928710938,138254.48001098633,SPY,1322
2012-06-13,137396.45613098145,26.120101928710938,137370.33602905273,SPY,1322
2012-06-14,138852.68141174316,26.120101928710938,138826.56130981445,SPY,1322
2012-06-15,140272.5161895752,26.120101928710938,140246.39608764648,SPY,1322
2012-06-18,140544.3052368164,26.120101928710938,140518.1851348877,SPY,1322
2012-06-19,141903.48245239258,26.120101928710938,141877.36235046387,SPY,1322
2012-06-20,141673.47994995117,26.120101928710938,141647.35984802246,SPY,1322
2012-06-21,138495.1305999756,26.120101928710938,138469.01049804688,SPY,1322
2012-06-22,139561.52967834473,26.120101928710938,139535.40957641602,SPY,1322
2012-06-25,137324.11891174316,26.120101928710938,137297.99880981445,SPY,1322
2012-06-26,138014.16676330566,26.120101928710938,137988.04666137695,SPY,1322
2012-06-27,139258.322555542,26.120101928710938,139232.20245361328,SPY,1322
2012-06-28,138861.03266906738,26.120101928710938,138834.91256713867,SPY,1322
2012-06-29,142321.74125671387,26.120101928710938,142295.62115478516,SPY,1322
2012-07-02,142750.3483581543,26.120101928710938,142724.2282562256,SPY,1322
2012-07-03,143691.30711364746,26.120101928710938,143665.18701171875,SPY,1322
2012-07-05,143043.09623718262,26.120101928710938,143016.9761352539,SPY,1322
2012-07-06,141683.94927978516,26.120101928710938,141657.82917785645,SPY,1322
2012-07-09,141506.20265197754,26.120101928710938,141480.08255004883,SPY,1322
2012-07-10,140272.5161895752,26.120101928710938,140246.39608764648,SPY,1322
2012-07-11,140293.39433288574,26.120101928710938,140267.27423095703,SPY,1322
2012-07-12,139613.77546691895,26.120101928710938,139587.65536499023,SPY,1322
2012-07-13,141955.73832702637,26.120101928710938,141929.61822509766,SPY,1322
2012-07-16,141621.2543334961,26.120101928710938,141595.13423156738,SPY,1322
2012-07-17,142593.53030395508,26.120101928710938,142567.41020202637,SPY,1322
2012-07-18,143649.56091308594,26.120101928710938,143623.44081115723,SPY,1322
2012-07-19,144025.88188171387,26.120101928710938,143999.76177978516,SPY,1322
2012-07-20,142708.5920715332,26.120101928710938,142682.4719696045,SPY,1322
2012-07-23,141265.76107788086,26.120101928710938,141239.64097595215,SPY,1322
2012-07-24,140052.95275878906,26.120101928710938,140026.83265686035,SPY,1322
2012-07-25,140084.3002319336,26.120101928710938,140058.18013000488,SPY,1322
2012-07-26,142394.91561889648,26.120101928710938,142368.79551696777,SPY,1322
2012-07-27,145019.14694213867,26.120101928710938,144993.02684020996,SPY,1322
2012-07-30,145019.14694213867,26.120101928710938,144993.02684020996,SPY,1322
2012-07-31,144004.99365234375,26.120101928710938,143978.87355041504,SPY,1322
2012-08-01,143879.50289916992,26.120101928710938,143853.3827972412,SPY,1322
2012-08-02,142886.2781829834,26.120101928710938,142860.1580810547,SPY,1322
2012-08-03,145719.67420959473,26.120101928710938,145693.55410766602,SPY,1322
2012-08-06,146001.98301696777,26.120101928710938,145975.86291503906,SPY,1322
2012-08-07,146733.8476715088,26.120101928710938,146707.72756958008,SPY,1322
2012-08-08,146911.57412719727,26.120101928710938,146885.45402526855,SPY,1322
2012-08-09,147037.07496643066,26.120101928710938,147010.95486450195,SPY,1322
2012-08-10,147277.48628234863,26.120101928710938,147251.36618041992,SPY,1322
2012-08-13,147204.29174804688,26.120101928710938,147178.17164611816,SPY,1322
2012-08-14,147225.22032165527,26.120101928710938,147199.10021972656,SPY,1322
2012-08-15,147392.51779174805,26.120101928710938,147366.39768981934,SPY,1322
2012-08-16,148479.83535766602,26.120101928710938,148453.7152557373,SPY,1322
2012-08-17,148678.47021484375,26.120101928710938,148652.35011291504,SPY,1322
2012-08-20,148688.97988891602,26.120101928710938,148662.8597869873,SPY,1322
2012-08-21,148239.34335327148,26.120101928710938,148213.22325134277,SPY,1322
2012-08-22,148302.10890197754,26.120101928710938,148275.98880004883,SPY,1322
2012-08-23,147089.2804107666,26.120101928710938,147063.1603088379,SPY,1322
2012-08-24,147977.95303344727,26.120101928710938,147951.83293151855,SPY,1322
2012-08-27,148009.36102294922,26.120101928710938,147983.2409210205,SPY,1322
2012-08-28,147863.01229858398,26.120101928710938,147836.89219665527,SPY,1322
2012-08-29,147977.95303344727,26.120101928710938,147951.83293151855,SPY,1322
2012-08-30,146911.57412719727,26.120101928710938,146885.45402526855,SPY,1322
2012-08-31,147612.06105041504,26.120101928710938,147585.94094848633,SPY,1322
2012-09-04,147476.1110534668,26.120101928710938,147449.9909515381,SPY,1322
2012-09-05,147350.6404724121,26.120101928710938,147324.5203704834,SPY,1322
2012-09-06,150340.8747253418,26.120101928710938,150314.7546234131,SPY,1322
2012-09-07,150926.43099975586,26.120101928710938,150900.31089782715,SPY,1322
2012-09-10,150069.0453338623,26.120101928710938,150042.9252319336,SPY,1322
2012-09-11,150487.28396606445,26.120101928710938,150461.16386413574,SPY,1322
2012-09-12,150989.08560180664,26.120101928710938,150962.96549987793,SPY,1322
2012-09-13,153289.2518310547,26.120101928710938,153263.13172912598,SPY,1322
2012-09-14,153968.82026672363,26.120101928710938,153942.70016479492,SPY,1322
2012-09-17,153446.05979919434,26.120101928710938,153419.93969726562,SPY,1322
2012-09-18,153320.58921813965,26.120101928710938,153294.46911621094,SPY,1322
2012-09-19,153404.2127380371,26.120101928710938,153378.0926361084,SPY,1322
2012-09-20,153414.66189575195,26.120101928710938,153388.54179382324,SPY,1322
2012-09-21,153350.6053314209,26.120101928710938,153324.4852294922,SPY,1322
2012-09-24,153119.32189941406,26.120101928710938,153093.20179748535,SPY,1322
2012-09-25,151490.12069702148,26.120101928710938,151464.00059509277,SPY,1322
2012-09-26,150638.77658081055,26.120101928710938,150612.65647888184,SPY,1322
2012-09-27,152057.70361328125,26.120101928710938,152031.58351135254,SPY,1322
2012-09-28,151353.52519226074,26.120101928710938,151327.40509033203,SPY,1322
2012-10-01,151752.92306518555,26.120101928710938,151726.80296325684,SPY,1322
2012-10-02,151910.58834838867,26.120101928710938,151884.46824645996,SPY,1322
2012-10-03,152530.67929077148,26.120101928710938,152504.55918884277,SPY,1322
2012-10-04,153623.90728759766,26.120101928710938,153597.78718566895,SPY,1322
2012-10-05,153634.4270477295,26.120101928710938,153608.30694580078,SPY,1322
2012-10-08,153108.8122253418,26.120101928710938,153082.6921234131,SPY,1322
2012-10-09,151595.23760986328,26.120101928710938,151569.11750793457,SPY,1322
2012-10-10,150628.2568206787,26.120101928710938,150602.13671875,SPY,1322
2012-10-11,150712.36447143555,26.120101928710938,150686.24436950684,SPY,1322
2012-10-12,150218.2584991455,26.120101928710938,150192.1383972168,SPY,1322
2012-10-15,151469.13160705566,26.120101928710938,151443.01150512695,SPY,1322
2012-10-16,153003.7255706787,26.120101928710938,152977.60546875,SPY,1322
2012-10-17,153697.42457580566,26.120101928710938,153671.30447387695,SPY,1322
2012-10-18,153298.03678894043,26.120101928710938,153271.91668701172,SPY,1322
2012-10-19,150743.82289123535,26.120101928710938,150717.70278930664,SPY,1322
2012-10-22,150764.89266967773,26.120101928710938,150738.77256774902,SPY,1322
2012-10-23,148673.1851196289,26.120101928710938,148647.0650177002,SPY,1322
2012-10-24,148252.71746826172,26.120101928710938,148226.597366333,SPY,1322
2012-10-25,148683.62419128418,26.120101928710938,148657.50408935547,SPY,1322
2012-10-26,148599.61740112305,26.120101928710938,148573.49729919434,SPY,1322
2012-10-31,148599.61740112305,26.120101928710938,148573.49729919434,SPY,1322
2012-11-01,150155.2710571289,26.120101928710938,150129.1509552002,SPY,1322
2012-11-02,148820.34072875977,26.120101928710938,148794.22062683105,SPY,1322
2012-11-05,149125.12127685547,26.120101928710938,149099.00117492676,SPY,1322
2012-11-06,150291.85647583008,26.120101928710938,150265.73637390137,SPY,1322
2012-11-07,146886.26820373535,26.120101928710938,146860.14810180664,SPY,1322
2012-11-08,145120.44123840332,26.120101928710938,145094.3211364746,SPY,1322
2012-11-09,145246.58758544922,26.120101928710938,145220.4674835205,SPY,1322
2012-11-12,145362.18391418457,26.120101928710938,145336.06381225586,SPY,1322
2012-11-13,144857.66912841797,26.120101928710938,144831.54902648926,SPY,1322
2012-11-14,142902.63777160645,26.120101928710938,142876.51766967773,SPY,1322
2012-11-15,142660.8547515869,26.120101928710938,142634.7346496582,SPY,1322
2012-11-16,143365.1037750244,26.120101928710938,143338.9836730957,SPY,1322
2012-11-19,146266.1570892334,26.120101928710938,146240.0369873047,SPY,1322
2012-11-20,146329.22521972656,26.120101928710938,146303.10511779785,SPY,1322
2012-11-21,146602.51708984375,26.120101928710938,146576.39698791504,SPY,1322
2012-11-23,148599.61740112305,26.120101928710938,148573.49729919434,SPY,1322
2012-11-26,148284.29692077637,26.120101928710938,148258.17681884766,SPY,1322
2012-11-27,147527.42892456055,26.120101928710938,147501.30882263184,SPY,1322
2012-11-28,148715.17338562012,26.120101928710938,148689.0532836914,SPY,1322
2012-11-29,149408.94299316406,26.120101928710938,149382.82289123535,SPY,1322
2012-11-30,149440.43167114258,26.120101928710938,149414.31156921387,SPY,1322
2012-12-03,148704.7141418457,26.120101928710938,148678.594039917,SPY,1322
2012-12-04,148494.47023010254,26.120101928710938,148468.35012817383,SPY,1322
2012-12-05,148757.29277038574,26.120101928710938,148731.17266845703,SPY,1322
2012-12-06,149261.77729797363,26.120101928710938,149235.65719604492,SPY,1322
2012-12-07,149713.80422973633,26.120101928710938,149687.68412780762,SPY,1322
2012-12-10,149776.89253234863,26.120101928710938,149750.77243041992,SPY,1322
2012-12-11,150796.4015197754,26.120101928710938,150770.28141784668,SPY,1322
2012-12-12,150869.96923828125,26.120101928710938,150843.84913635254,SPY,1322
2012-12-13,149945.01705932617,26.120101928710938,149918.89695739746,SPY,1322
2012-12-14,149387.89338684082,26.120101928710938,149361.7732849121,SPY,1322
2012-12-17,151143.29136657715,26.120101928710938,151117.17126464844,SPY,1322
2012-12-18,152825.01068115234,26.120101928710938,152798.89057922363,SPY,1322
2012-12-19,151689.79441833496,26.120101928710938,151663.67431640625,SPY,1322
2012-12-20,152562.25874328613,26.120101928710938,152536.13864135742,SPY,1322
2012-12-21,151177.67474365234,26.120101928710938,151151.55464172363,SPY,1322
2012-12-24,150711.91059875488,26.120101928710938,150685.79049682617,SPY,1322
2012-12-26,150076.73091125488,26.120101928710938,150050.61080932617,SPY,1322
2012-12-27,149875.6653137207,26.120101928710938,149849.545211792,SPY,1322
2012-12-28,148256.02569580078,26.120101928710938,148229.90559387207,SPY,1322
2012-12-31,150775.45277404785,26.120101928710938,150749.33267211914,SPY,1322
2013-01-02,154639.12969970703,26.120101928710938,154613.00959777832,SPY,1322
2013-01-03,154289.8494567871,26.120101928710938,154263.7293548584,SPY,1322
2013-01-04,154967.28973388672,26.120101928710938,154941.169631958,SPY,1322
2013-01-07,154543.9072113037,26.120101928710938,154517.787109375,SPY,1322
2013-01-08,154099.2935333252,26.120101928710938,154073.17343139648,SPY,1322
2013-01-09,154490.9150543213,26.120101928710938,154464.79495239258,SPY,1322
2013-01-10,155718.85246276855,26.120101928710938,155692.73236083984,SPY,1322
2013-01-11,155708.2721862793,26.120101928710938,155682.1520843506,SPY,1322
2013-01-14,155602.48959350586,26.120101928710938,155576.36949157715,SPY,1322
2013-01-15,155708.2721862793,26.120101928710938,155682.1520843506,SPY,1322
2013-01-16,155687.16206359863,26.120101928710938,155661.04196166992,SPY,1322
2013-01-17,156692.71194458008,26.120101928710938,156666.59184265137,SPY,1322
2013-01-18,157042.08296203613,26.120101928710938,157015.96286010742,SPY,1322
2013-01-22,157889.00938415527,26.120101928710938,157862.88928222656,SPY,1322
2013-01-23,158142.9259338379,26.120101928710938,158116.80583190918,SPY,1322
2013-01-24,158185.32772827148,26.120101928710938,158159.20762634277,SPY,1322
2013-01-25,159074.48448181152,26.120101928710938,159048.3643798828,SPY,1322
2013-01-28,158883.9689025879,26.120101928710938,158857.84880065918,SPY,1322
2013-01-29,159508.56831359863,26.120101928710938,159482.44821166992,SPY,1322
2013-01-30,158883.9689025879,26.120101928710938,158857.84880065918,SPY,1322
2013-01-31,158492.30703735352,26.120101928710938,158466.1869354248,SPY,1322
2013-02-01,160122.5269317627,26.120101928710938,160096.40682983398,SPY,1322
2013-02-04,158322.94192504883,26.120101928710938,158296.82182312012,SPY,1322
2013-02-05,159921.28987121582,26.120101928710938,159895.1697692871,SPY,1322
2013-02-06,160037.84437561035,26.120101928710938,160011.72427368164,SPY,1322
2013-02-07,159826.04721069336,26.120101928710938,159799.92710876465,SPY,1322
2013-02-08,160715.31491088867,26.120101928710938,160689.19480895996,SPY,1322
2013-02-11,160683.5034790039,26.120101928710938,160657.3833770752,SPY,1322
2013-02-12,160948.1616821289,26.120101928710938,160922.0415802002,SPY,1322
2013-02-13,161085.76579284668,26.120101928710938,161059.64569091797,SPY,1322
2013-02-14,161233.990524292,26.120101928710938,161207.87042236328,SPY,1322
2013-02-15,161043.37408447266,26.120101928710938,161017.25398254395,SPY,1322
2013-02-19,162250.13076782227,26.120101928710938,162224.01066589355,SPY,1322
2013-02-20,160228.32969665527,26.120101928710938,160202.20959472656,SPY,1322
2013-02-21,159254.4197845459,26.120101928710938,159228.2996826172,SPY,1322
2013-02-22,160810.54748535156,26.120101928710938,160784.42738342285,SPY,1322
2013-02-25,157751.32458496094,26.120101928710938,157725.20448303223,SPY,1322
2013-02-26,158831.04734802246,26.120101928710938,158804.92724609375,SPY,1322
2013-02-27,160831.7988128662,26.120101928710938,160805.6787109375,SPY,1322
2013-02-28,160514.16862487793,26.120101928710938,160488.04852294922,SPY,1322
2013-03-01,161043.37408447266,26.120101928710938,161017.25398254395,SPY,1322
2013-03-04,161900.94129943848,26.120101928710938,161874.82119750977,SPY,1322
2013-03-05,163351.0544281006,26.120101928710938,163324.93432617188,SPY,1322
2013-03-06,163573.38143920898,26.120101928710938,163547.26133728027,SPY,1322
2013-03-07,163869.71995544434,26.120101928710938,163843.59985351562,SPY,1322
2013-03-08,164568.36112976074,26.120101928710938,164542.24102783203,SPY,1322
2013-03-11,165192.97062683105,26.120101928710938,165166.85052490234,SPY,1322
2013-03-12,164822.50965881348,26.120101928710938,164796.38955688477,SPY,1322
2013-03-13,165055.33625793457,26.120101928710938,165029.21615600586,SPY,1322
2013-03-14,165933.97325134277,26.120101928710938,165907.85314941406,SPY,1322
2013-03-15,165714.89395141602,26.120101928710938,165688.7738494873,SPY,1322
2013-03-18,164800.54222106934,26.120101928710938,164774.42211914062,SPY,1322
2013-03-19,164417.7359161377,26.120101928710938,164391.61581420898,SPY,1322
2013-03-20,165566.10440063477,26.120101928710938,165539.98429870605,SPY,1322
2013-03-21,164151.94807434082,26.120101928710938,164125.8279724121,SPY,1322
2013-03-22,165470.33726501465,26.120101928710938,165444.21716308594,SPY,1322
2013-03-25,164779.23037719727,26.120101928710938,164753.11027526855,SPY,1322
2013-03-26,166097.76077270508,26.120101928710938,166071.64067077637,SPY,1322
2013-03-27,166097.76077270508,26.120101928710938,166071.64067077637,SPY,1322
2013-03-28,166608.09521484375,26.120101928710938,166581.97511291504,SPY,1322
2013-04-01,165948.92079162598,26.120101928710938,165922.80068969727,SPY,1322
2013-04-02,166767.57598876953,26.120101928710938,166741.45588684082,SPY,1322
2013-04-03,165076.96076965332,26.120101928710938,165050.8406677246,SPY,1322
2013-04-04,165746.78607177734,26.120101928710938,165720.66596984863,SPY,1322
2013-04-05,165002.55590820312,26.120101928710938,164976.4358062744,SPY,1322
2013-04-08,166118.9515838623,26.120101928710938,166092.8314819336,SPY,1322
2013-04-09,166693.1812133789,26.120101928710938,166667.0611114502,SPY,1322
2013-04-10,168734.66018676758,26.120101928710938,168708.54008483887,SPY,1322
2013-04-11,169287.56788635254,26.120101928710938,169261.44778442383,SPY,1322
2013-04-12,168872.8896331787,26.120101928710938,168846.76953125,SPY,1322
2013-04-15,164959.9624786377,26.120101928710938,164933.84237670898,SPY,1322
2013-04-16,167394.89863586426,26.120101928710938,167368.77853393555,SPY,1322
2013-04-17,164949.37211608887,26.120101928710938,164923.25201416016,SPY,1322
2013-04-18,163918.03218078613,26.120101928710938,163891.91207885742,SPY,1322
2013-04-19,165342.83938598633,26.120101928710938,165316.71928405762,SPY,1322
2013-04-22,166076.39849853516,26.120101928710938,166050.27839660645,SPY,1322
2013-04-23,167788.35581970215,26.120101928710938,167762.23571777344,SPY,1322
2013-04-24,167894.6124572754,26.120101928710938,167868.49235534668,SPY,1322
2013-04-25,168575.12898254395,26.120101928710938,168549.00888061523,SPY,1322
2013-04-26,168277.40867614746,26.120101928710938,168251.28857421875,SPY,1322
2013-04-29,169404.4854888916,26.120101928710938,169378.3653869629,SPY,1322
2013-04-30,169808.51286315918,26.120101928710938,169782.39276123047,SPY,1322
2013-05-01,168319.97184753418,26.120101928710938,168293.85174560547,SPY,1322
2013-05-02,169882.9479827881,26.120101928710938,169856.82788085938,SPY,1322
2013-05-03,171605.3645477295,26.120101928710938,171579.24444580078,SPY,1322
2013-05-06,172041.40507507324,26.120101928710938,172015.28497314453,SPY,1322
2013-05-07,172913.20372009277,26.120101928710938,172887.08361816406,SPY,1322
2013-05-08,173700.07774353027,26.120101928710938,173673.95764160156,SPY,1322
2013-05-09,173210.92402648926,26.120101928710938,173184.80392456055,SPY,1322
2013-05-10,173774.51286315918,26.120101928710938,173748.39276123047,SPY,1322
2013-05-13,173912.7120513916,26.120101928710938,173886.5919494629,SPY,1322
2013-05-14,175709.64442443848,26.120101928710938,175683.52432250977,SPY,1322
2013-05-15,176655.95887756348,26.120101928710938,176629.83877563477,SPY,1322
2013-05-16,175826.66288757324,26.120101928710938,175800.54278564453,SPY,1322
2013-05-17,177527.7978668213,26.120101928710938,177501.67776489258,SPY,1322
2013-05-20,177517.16716003418,26.120101928710938,177491.04705810547,SPY,1322
2013-05-21,177772.42515563965,26.120101928710938,177746.30505371094,SPY,1322
2013-05-22,176453.89476013184,26.120101928710938,176427.77465820312,SPY,1322
2013-05-23,175943.54014587402,26.120101928710938,175917.4200439453,SPY,1322
2013-05-24,175794.69007873535,26.120101928710938,175768.56997680664,SPY,1322
2013-05-28,176847.31159973145,26.120101928710938,176821.19149780273,SPY,1322
2013-05-29,175698.91285705566,26.120101928710938,175672.79275512695,SPY,1322
2013-05-30,176347.5675201416,26.120101928710938,176321.4474182129,SPY,1322
2013-05-31,173816.95500183105,26.120101928710938,173790.83489990234,SPY,1322
2013-06-03,174773.94050598145,26.120101928710938,174747.82040405273,SPY,1322
2013-06-04,173933.89277648926,26.120101928710938,173907.77267456055,SPY,1322
2013-06-05,171499.07765197754,26.120101928710938,171472.95755004883,SPY,1322
2013-06-06,173051.48359680176,26.120101928710938,173025.36349487305,SPY,1322
2013-06-07,175252.42317199707,26.120101928710938,175226.30307006836,SPY,1322
2013-06-10,175252.42317199707,26.120101928710938,175226.30307006836,SPY,1322
2013-06-11,173444.88026428223,26.120101928710938,173418.76016235352,SPY,1322
2013-06-12,172009.47261047363,26.120101928710938,171983.35250854492,SPY,1322
2013-06-13,174625.13078308105,26.120101928710938,174599.01068115234,SPY,1322
2013-06-14,173529.90574645996,26.120101928710938,173503.78564453125,SPY,1322
2013-06-17,174869.61686706543,26.120101928710938,174843.49676513672,SPY,1322
2013-06-18,176251.91133117676,26.120101928710938,176225.79122924805,SPY,1322
2013-06-19,173816.95500183105,26.120101928710938,173790.83489990234,SPY,1322
2013-06-20,169510.77238464355,26.120101928710938,169484.65228271484,SPY,1322
2013-06-21,170054.8547821045,26.120101928710938,170028.73468017578,SPY,1322
2013-06-24,167906.3627166748,26.120101928710938,167880.2426147461,SPY,1322
2013-06-25,169520.4751739502,26.120101928710938,169494.35507202148,SPY,1322
2013-06-26,171198.57359313965,26.120101928710938,171172.45349121094,SPY,1322
2013-06-27,172203.3065032959,26.120101928710938,172177.1864013672,SPY,1322
2013-06-28,171497.88749694824,26.120101928710938,171471.76739501953,SPY,1322
2013-07-01,172502.66075134277,26.120101928710938,172476.54064941406,SPY,1322
2013-07-02,172342.2924041748,26.120101928710938,172316.1723022461,SPY,1322
2013-07-03,172417.09062194824,26.120101928710938,172390.97052001953,SPY,1322
2013-07-05,174277.0205230713,26.120101928710938,174250.90042114258,SPY,1322
2013-07-08,175271.062210083,26.120101928710938,175244.9421081543,SPY,1322
2013-07-09,176532.36430358887,26.120101928710938,176506.24420166016,SPY,1322
2013-07-10,176596.47129821777,26.120101928710938,176570.35119628906,SPY,1322
2013-07-11,179001.43168640137,26.120101928710938,178975.31158447266,SPY,1322
2013-07-12,179076.29042053223,26.120101928710938,179050.17031860352,SPY,1322
2013-07-15,179760.42784118652,26.120101928710938,179734.3077392578,SPY,1322
2013-07-16,179087.04216003418,26.120101928710938,179060.92205810547,SPY,1322
2013-07-17,179546.6033782959,26.120101928710938,179520.4832763672,SPY,1322
2013-07-18,180529.99418640137,26.120101928710938,180503.87408447266,SPY,1322
2013-07-19,180850.67036437988,26.120101928710938,180824.55026245117,SPY,1322
2013-07-22,181203.35969543457,26.120101928710938,181177.23959350586,SPY,1322
2013-07-23,180818.57652282715,26.120101928710938,180792.45642089844,SPY,1322
2013-07-24,180155.90223693848,26.120101928710938,180129.78213500977,SPY,1322
2013-07-25,180594.1616973877,26.120101928710938,180568.04159545898,SPY,1322
2013-07-26,180786.50285339355,26.120101928710938,180760.38275146484,SPY,1322
2013-07-29,180230.7004547119,26.120101928710938,180204.5803527832,SPY,1322
2013-07-30,180230.7004547119,26.120101928710938,180204.5803527832,SPY,1322
2013-07-31,180359.01530456543,26.120101928710938,180332.89520263672,SPY,1322
2013-08-01,182443.31968688965,26.120101928710938,182417.19958496094,SPY,1322
2013-08-02,182753.36515808105,26.120101928710938,182727.24505615234,SPY,1322
2013-08-05,182486.08457946777,26.120101928710938,182459.96447753906,SPY,1322
2013-08-06,181449.2578277588,26.120101928710938,181423.13772583008,SPY,1322
2013-08-07,180861.32124328613,26.120101928710938,180835.20114135742,SPY,1322
2013-08-08,181524.15690612793,26.120101928710938,181498.03680419922,SPY,1322
2013-08-09,181000.26679992676,26.120101928710938,180974.14669799805,SPY,1322
2013-08-12,180786.50285339355,26.120101928710938,180760.38275146484,SPY,1322
2013-08-13,181320.98332214355,26.120101928710938,181294.86322021484,SPY,1322
2013-08-14,180391.10914611816,26.120101928710938,180364.98904418945,SPY,1322
2013-08-15,177868.46461486816,26.120101928710938,177842.34451293945,SPY,1322
2013-08-16,177280.58854675293,26.120101928710938,177254.46844482422,SPY,1322
2013-08-19,176147.6013031006,26.120101928710938,176121.48120117188,SPY,1322
2013-08-20,177013.36848449707,26.120101928710938,176987.24838256836,SPY,1322
2013-08-21,175923.1259613037,26.120101928710938,175897.005859375,SPY,1322
2013-08-22,177526.42616271973,26.120101928710938,177500.30606079102,SPY,1322
2013-08-23,178124.9934539795,26.120101928710938,178098.87335205078,SPY,1322
2013-08-26,177462.31916809082,26.120101928710938,177436.1990661621,SPY,1322
2013-08-27,174608.3677520752,26.120101928710938,174582.24765014648,SPY,1322
2013-08-28,175228.31748962402,26.120101928710938,175202.1973876953,SPY,1322
2013-08-29,175506.20860290527,26.120101928710938,175480.08850097656,SPY,1322
2013-08-30,174950.42637634277,26.120101928710938,174924.30627441406,SPY,1322
2013-09-03,175741.39533996582,26.120101928710938,175715.2752380371,SPY,1322
2013-09-04,177195.05876159668,26.120101928710938,177168.93865966797,SPY,1322
2013-09-05,177419.49375915527,26.120101928710938,177393.37365722656,SPY,1322
2013-09-06,177505.08406066895,26.120101928710938,177478.96395874023,SPY,1322
2013-09-09,179204.60527038574,26.120101928710938,179178.48516845703,SPY,1322
2013-09-10,180529.99418640137,26.120101928710938,180503.87408447266,SPY,1322
2013-09-11,181096.5684967041,26.120101928710938,181070.4483947754,SPY,1322
2013-09-12,180615.50379943848,26.120101928710938,180589.38369750977,SPY,1322
2013-09-13,181021.6895904541,26.120101928710938,180995.5694885254,SPY,1322
2013-09-16,182069.18739318848,26.120101928710938,182043.06729125977,SPY,1322
2013-09-17,182881.55897521973,26.120101928710938,182855.43887329102,SPY,1322
2013-09-18,184997.95719909668,26.120101928710938,184971.83709716797,SPY,1322
2013-09-19,184687.9319000244,26.120101928710938,184661.8117980957,SPY,1322
2013-09-20,183396.93644714355,26.120101928710938,183370.81634521484,SPY,1322
2013-09-23,182548.37608337402,26.120101928710938,182522.2559814453,SPY,1322
2013-09-24,182118.77046203613,26.120101928710938,182092.65036010742,SPY,1322
2013-09-25,181592.4193572998,26.120101928710938,181566.2992553711,SPY,1322
2013-09-26,182290.6570892334,26.120101928710938,182264.5369873047,SPY,1322
2013-09-27,181452.80812072754,26.120101928710938,181426.68801879883,SPY,1322
2013-09-30,180486.0593109131,26.120101928710938,180459.93920898438,SPY,1322
2013-10-01,181914.60844421387,26.120101928710938,181888.48834228516,SPY,1322
2013-10-02,181742.78233337402,26.120101928710938,181716.6622314453,SPY,1322
2013-10-03,180067.2256011963,26.120101928710938,180041.10549926758,SPY,1322
2013-10-04,181431.3449859619,26.120101928710938,181405.2248840332,SPY,1322
2013-10-07,179863.16444396973,26.120101928710938,179837.04434204102,SPY,1322
2013-10-08,177768.6327972412,26.120101928710938,177742.5126953125,SPY,1322
2013-10-09,177897.49229431152,26.120101928710938,177871.3721923828,SPY,1322
2013-10-10,181732.0507659912,26.120101928710938,181705.9306640625,SPY,1322
2013-10-11,182902.8405609131,26.120101928710938,182876.72045898438,SPY,1322
2013-10-14,183633.19230651855,26.120101928710938,183607.07220458984,SPY,1322
2013-10-15,182301.36848449707,26.120101928710938,182275.24838256836,SPY,1322
2013-10-16,184846.94871520996,26.120101928710938,184820.82861328125,SPY,1322
2013-10-17,186082.168258667,26.120101928710938,186056.04815673828,SPY,1322
2013-10-18,187338.89128112793,26.120101928710938,187312.77117919922,SPY,1322
2013-10-21,187349.6026763916,26.120101928710938,187323.4825744629,SPY,1322
2013-10-22,188434.41889953613,26.120101928710938,188408.29879760742,SPY,1322
2013-10-23,187532.26121520996,26.120101928710938,187506.14111328125,SPY,1322
2013-10-24,188155.23677062988,26.120101928710938,188129.11666870117,SPY,1322
2013-10-25,189014.44801330566,26.120101928710938,188988.32791137695,SPY,1322
2013-10-28,189315.19413757324,26.120101928710938,189289.07403564453,SPY,1322
2013-10-29,190324.86921691895,26.120101928710938,190298.74911499023,SPY,1322
2013-10-30,189379.6238861084,26.120101928710938,189353.5037841797,SPY,1322
2013-10-31,188842.72276306152,26.120101928710938,188816.6026611328,SPY,1322
2013-11-01,189293.71083068848,26.120101928710938,189267.59072875977,SPY,1322
2013-11-04,189959.67317199707,26.120101928710938,189933.55307006836,SPY,1322
2013-11-05,189358.14057922363,26.120101928710938,189332.02047729492,SPY,1322
2013-11-06,190324.86921691895,26.120101928710938,190298.74911499023,SPY,1322
2013-11-07,187918.96073913574,26.120101928710938,187892.84063720703,SPY,1322
2013-11-08,190453.80940246582,26.120101928710938,190427.6893005371,SPY,1322
2013-11-11,190486.0242767334,26.120101928710938,190459.9041748047,SPY,1322
2013-11-12,190099.30458068848,26.120101928710938,190073.18447875977,SPY,1322
2013-11-13,191624.5991973877,26.120101928710938,191598.47909545898,SPY,1322
2013-11-14,192580.4954071045,26.120101928710938,192554.37530517578,SPY,1322
2013-11-15,193418.28385925293,26.120101928710938,193392.16375732422,SPY,1322
2013-11-18,192741.56977844238,26.120101928710938,192715.44967651367,SPY,1322
2013-11-19,192322.75624084473,26.120101928710938,192296.63613891602,SPY,1322
2013-11-20,191721.24382019043,26.120101928710938,191695.12371826172,SPY,1322
2013-11-21,193268.00157165527,26.120101928710938,193241.88146972656,SPY,1322
2013-11-22,194234.62934875488,26.120101928710938,194208.50924682617,SPY,1322
2013-11-25,194041.279586792,26.120101928710938,194015.15948486328,SPY,1322
2013-11-26,194095.01811218262,26.120101928710938,194068.8980102539,SPY,1322
2013-11-27,194567.55000305176,26.120101928710938,194541.42990112305,SPY,1322
2013-11-29,194438.73085021973,26.120101928710938,194412.61074829102,SPY,1322
2013-12-02,193933.86305236816,26.120101928710938,193907.74295043945,SPY,1322
2013-12-03,193096.0544281006,26.120101928710938,193069.93432617188,SPY,1322
2013-12-04,193074.59129333496,26.120101928710938,193048.47119140625,SPY,1322
2013-12-05,192226.13179016113,26.120101928710938,192200.01168823242,SPY,1322
2013-12-06,194374.361618042,26.120101928710938,194348.24151611328,SPY,1322
2013-12-09,194868.31629943848,26.120101928710938,194842.19619750977,SPY,1322
2013-12-10,194170.15925598145,26.120101928710938,194144.03915405273,SPY,1322
2013-12-11,191989.79524230957,26.120101928710938,191963.67514038086,SPY,1322
2013-12-12,191356.04777526855,26.120101928710938,191329.92767333984,SPY,1322
2013-12-13,191334.5644683838,26.120101928710938,191308.44436645508,SPY,1322
2013-12-16,192526.75688171387,26.120101928710938,192500.63677978516,SPY,1322
2013-12-17,191914.59358215332,26.120101928710938,191888.4734802246,SPY,1322
2013-12-18,195190.5860748291,26.120101928710938,195164.4659729004,SPY,1322
2013-12-19,194964.9609222412,26.120101928710938,194938.8408203125,SPY,1322
2013-12-20,196098.9567718506,26.120101928710938,196072.83666992188,SPY,1322
2013-12-23,197146.49491882324,26.120101928710938,197120.37481689453,SPY,1322
2013-12-24,197578.4203338623,26.120101928710938,197552.3002319336,SPY,1322
2013-12-26,198582.76997375488,26.120101928710938,198556.64987182617,SPY,1322
2013-12-27,198571.9980621338,26.120101928710938,198545.87796020508,SPY,1322
2013-12-30,198539.60163879395,26.120101928710938,198513.48153686523,SPY,1322
2013-12-31,199479.0979156494,26.120101928710938,199452.9778137207,SPY,1322
2014-01-02,197567.6887664795,26.120101928710938,197541.56866455078,SPY,1322
2014-01-03,197535.2721710205,26.120101928710938,197509.1520690918,SPY,1322
2014-01-06,196962.92863464355,26.120101928710938,196936.80853271484,SPY,1322
2014-01-07,198172.4287261963,26.120101928710938,198146.30862426758,SPY,1322
2014-01-08,198215.5768890381,26.120101928710938,198189.45678710938,SPY,1322
2014-01-09,198345.16258239746,26.120101928710938,198319.04248046875,SPY,1322
2014-01-10,198885.10969543457,26.120101928710938,198858.98959350586,SPY,1322
2014-01-13,196239.27403259277,26.120101928710938,196213.15393066406,SPY,1322
2014-01-14,198377.61952209473,26.120101928710938,198351.49942016602,SPY,1322
2014-01-15,199446.74183654785,26.120101928710938,199420.62173461914,SPY,1322
2014-01-16,199187.63096618652,26.120101928710938,199161.5108642578,SPY,1322
2014-01-17,198345.16258239746,26.120101928710938,198319.04248046875,SPY,1322
2014-01-21,198928.33854675293,26.120101928710938,198902.21844482422,SPY,1322
2014-01-22,199057.98475646973,26.120101928710938,199031.86465454102,SPY,1322
2014-01-23,197427.2706451416,26.120101928710938,197401.1505432129,SPY,1322
2014-01-24,193215.51371765137,26.120101928710938,193189.39361572266,SPY,1322
2014-01-27,192265.16484069824,26.120101928710938,192239.04473876953,SPY,1322
2014-01-28,193409.91242980957,26.120101928710938,193383.79232788086,SPY,1322
2014-01-29,191552.38301086426,26.120101928710938,191526.26290893555,SPY,1322
2014-01-30,193582.7269744873,26.120101928710938,193556.6068725586,SPY,1322
2014-01-31,192448.73112487793,26.120101928710938,192422.61102294922,SPY,1322
2014-02-03,188118.24110412598,26.120101928710938,188092.12100219727,SPY,1322
2014-02-04,189435.76289367676,26.120101928710938,189409.64279174805,SPY,1322
2014-02-05,189198.19584655762,26.120101928710938,189172.0757446289,SPY,1322
2014-02-06,191692.76078796387,26.120101928710938,191666.64068603516,SPY,1322
2014-02-07,194068.61280822754,26.120101928710938,194042.49270629883,SPY,1322
2014-02-10,194425.1550140381,26.120101928710938,194399.03491210938,SPY,1322
2014-02-11,196552.48652648926,26.120101928710938,196526.36642456055,SPY,1322
2014-02-12,196649.75648498535,26.120101928710938,196623.63638305664,SPY,1322
2014-02-13,197664.8175201416,26.120101928710938,197638.6974182129,SPY,1322
2014-02-14,198755.6248626709,26.120101928710938,198729.5047607422,SPY,1322
2014-02-18,198993.21208190918,26.120101928710938,198967.09197998047,SPY,1322
2014-02-19,197675.5894317627,26.120101928710938,197649.46932983398,SPY,1322
2014-02-20,198841.9817047119,26.120101928710938,198815.8616027832,SPY,1322
2014-02-21,198615.16639709473,26.120101928710938,198589.04629516602,SPY,1322
2014-02-24,199716.7859954834,26.120101928710938,199690.6658935547,SPY,1322
2014-02-25,199641.18089294434,26.120101928710938,199615.06079101562,SPY,1322
2014-02-26,199651.97297668457,26.120101928710938,199625.85287475586,SPY,1322
2014-02-27,200699.53129577637,26.120101928710938,200673.41119384766,SPY,1322
2014-02-28,201207.0214691162,26.120101928710938,201180.9013671875,SPY,1322
2014-03-03,199792.33058166504,26.120101928710938,199766.21047973633,SPY,1322
2014-03-04,202600.14836120605,26.120101928710938,202574.02825927734,SPY,1322
2014-03-05,202783.77516174316,26.120101928710938,202757.65505981445,SPY,1322
2014-03-06,203248.1171722412,26.120101928710938,203221.9970703125,SPY,1322
2014-03-07,203334.49418640137,26.120101928710938,203308.37408447266,SPY,1322
2014-03-10,203226.5128326416,26.120101928710938,203200.3927307129,SPY,1322
2014-03-11,202222.2438812256,26.120101928710938,202196.12377929688,SPY,1322
2014-03-12,202276.16395568848,26.120101928710938,202250.04385375977,SPY,1322
2014-03-13,200008.27311706543,26.120101928710938,199982.15301513672,SPY,1322
2014-03-14,199446.74183654785,26.120101928710938,199420.62173461914,SPY,1322
2014-03-17,201250.14945983887,26.120101928710938,201224.02935791016,SPY,1322
2014-03-18,202686.54554748535,26.120101928710938,202660.42544555664,SPY,1322
2014-03-19,201606.57063293457,26.120101928710938,201580.45053100586,SPY,1322
2014-03-20,202783.77516174316,26.120101928710938,202757.65505981445,SPY,1322
2014-03-21,201997.32475280762,26.120101928710938,201971.2046508789,SPY,1322
2014-03-24,201162.13850402832,26.120101928710938,201136.0184020996,SPY,1322
2014-03-25,202116.6831817627,26.120101928710938,202090.56307983398,SPY,1322
2014-03-26,200663.18113708496,26.120101928710938,200637.06103515625,SPY,1322
2014-03-27,200240.0911102295,26.120101928710938,200213.97100830078,SPY,1322
2014-03-28,201227.15324401855,26.120101928710938,201201.03314208984,SPY,1322
2014-03-31,202875.98191833496,26.120101928710938,202849.86181640625,SPY,1322
2014-04-01,204220.95796203613,26.120101928710938,204194.83786010742,SPY,1322
2014-04-02,204904.2884979248,26.120101928710938,204878.1683959961,SPY,1322
2014-04-03,204633.15504455566,26.120101928710938,204607.03494262695,SPY,1322
2014-04-04,202214.27589416504,26.120101928710938,202188.15579223633,SPY,1322
2014-04-07,199979.810256958,26.120101928710938,199953.6901550293,SPY,1322
2014-04-08,200804.24476623535,26.120101928710938,200778.12466430664,SPY,1322
2014-04-09,202962.68168640137,26.120101928710938,202936.56158447266,SPY,1322
2014-04-10,198699.84895324707,26.120101928710938,198673.72885131836,SPY,1322
2014-04-11,196910.05751037598,26.120101928710938,196883.93740844727,SPY,1322
2014-04-14,198461.23295593262,26.120101928710938,198435.1128540039,SPY,1322
2014-04-15,199827.9141998291,26.120101928710938,199801.7940979004,SPY,1322
2014-04-16,201921.37672424316,26.120101928710938,201895.25662231445,SPY,1322
2014-04-17,202203.44346618652,26.120101928710938,202177.3233642578,SPY,1322
2014-04-21,202908.39851379395,26.120101928710938,202882.27841186523,SPY,1322
2014-04-22,203830.42573547363,26.120101928710938,203804.30563354492,SPY,1322
2014-04-23,203353.21391296387,26.120101928710938,203327.09381103516,SPY,1322
2014-04-24,203765.37065124512,26.120101928710938,203739.2505493164,SPY,1322
2014-04-25,202094.89729309082,26.120101928710938,202068.7771911621,SPY,1322
2014-04-28,202734.89811706543,26.120101928710938,202708.77801513672,SPY,1322
2014-04-29,203678.65071105957,26.120101928710938,203652.53060913086,SPY,1322
2014-04-30,204286.0332183838,26.120101928710938,204259.91311645508,SPY,1322
2014-05-01,204307.71824645996,26.120101928710938,204281.59814453125,SPY,1322
2014-05-02,204014.79890441895,26.120101928710938,203988.67880249023,SPY,1322
2014-05-05,204405.411819458,26.120101928710938,204379.2917175293,SPY,1322
2014-05-06,202626.45280456543,26.120101928710938,202600.33270263672,SPY,1322
2014-05-07,203819.6336517334,26.120101928710938,203793.5135498047,SPY,1322
2014-05-08,203602.68251037598,26.120101928710938,203576.56240844727,SPY,1322
2014-05-09,203906.45445251465,26.120101928710938,203880.33435058594,SPY,1322
2014-05-12,205891.43132019043,26.120101928710938,205865.31121826172,SPY,1322
2014-05-13,206075.80448913574,26.120101928710938,206049.68438720703,SPY,1322
2014-05-14,205099.5747833252,26.120101928710938,205073.45468139648,SPY,1322
2014-05-15,203298.97108459473,26.120101928710938,203272.85098266602,SPY,1322
2014-05-16,204004.0068206787,26.120101928710938,203977.88671875,SPY,1322
2014-05-19,204752.4933013916,26.120101928710938,204726.3731994629,SPY,1322
2014-05-20,203461.76008605957,26.120101928710938,203435.63998413086,SPY,1322
2014-05-21,205175.48246765137,26.120101928710938,205149.36236572266,SPY,1322
2014-05-22,205674.4196624756,26.120101928710938,205648.29956054688,SPY,1322
2014-05-23,206498.85417175293,26.120101928710938,206472.73406982422,SPY,1322
2014-05-27,207767.88218688965,26.120101928710938,207741.76208496094,SPY,1322
2014-05-28,207616.08699035645,26.120101928710938,207589.96688842773,SPY,1322
2014-05-29,208689.90940856934,26.120101928710938,208663.78930664062,SPY,1322
2014-05-30,209026.17863464355,26.120101928710938,209000.05853271484,SPY,1322
2014-06-02,209264.87532043457,26.120101928710938,209238.75521850586,SPY,1322
2014-06-03,209156.3896636963,26.120101928710938,209130.26956176758,SPY,1322
2014-06-04,209579.37882995605,26.120101928710938,209553.25872802734,SPY,1322
2014-06-05,210946.10041809082,26.120101928710938,210919.9803161621,SPY,1322
2014-06-06,211954.92826843262,26.120101928710938,211928.8081665039,SPY,1322
2014-06-09,212171.83906555176,26.120101928710938,212145.71896362305,SPY,1322
2014-06-10,212193.54426574707,26.120101928710938,212167.42416381836,SPY,1322
2014-06-11,211455.93055725098,26.120101928710938,211429.81045532227,SPY,1322
2014-06-12,209959.01811218262,26.120101928710938,209932.8980102539,SPY,1322
2014-06-13,210598.9987640381,26.120101928710938,210572.87866210938,SPY,1322
2014-06-16,210772.51933288574,26.120101928710938,210746.39923095703,SPY,1322
2014-06-17,211358.3176727295,26.120101928710938,211332.19757080078,SPY,1322
2014-06-18,212909.3720855713,26.120101928710938,212883.25198364258,SPY,1322
2014-06-19,213148.08894348145,26.120101928710938,213121.96884155273,SPY,1322
2014-06-20,213580.801071167,26.120101928710938,213554.68096923828,SPY,1322
2014-06-23,213515.3627166748,26.120101928710938,213489.2426147461,SPY,1322
2014-06-24,212229.18840026855,26.120101928710938,212203.06829833984,SPY,1322
2014-06-25,213188.31214904785,26.120101928710938,213162.19204711914,SPY,1322
2014-06-26,213035.7907562256,26.120101928710938,213009.67065429688,SPY,1322
2014-06-27,213449.94453430176,26.120101928710938,213423.82443237305,SPY,1322
2014-06-30,213340.99491882324,26.120101928710938,213314.87481689453,SPY,1322
2014-07-01,214768.71699523926,26.120101928710938,214742.59689331055,SPY,1322
2014-07-02,214986.65657043457,26.120101928710938,214960.53646850586,SPY,1322
2014-07-03,216043.917678833,26.120101928710938,216017.7975769043,SPY,1322
2014-07-07,215291.86073303223,26.120101928710938,215265.74063110352,SPY,1322
2014-07-08,213907.69026184082,26.120101928710938,213881.5701599121,SPY,1322
2014-07-09,214866.83418273926,26.120101928710938,214840.71408081055,SPY,1322
2014-07-10,214016.66004943848,26.120101928710938,213990.53994750977,SPY,1322
2014-07-11,214310.9309234619,26.120101928710938,214284.8108215332,SPY,1322
2014-07-14,215390.03843688965,26.120101928710938,215363.91833496094,SPY,1322
2014-07-15,214986.65657043457,26.120101928710938,214960.53646850586,SPY,1322
2014-07-16,215782.32563781738,26.120101928710938,215756.20553588867,SPY,1322
2014-07-17,213330.08180236816,26.120101928710938,213303.96170043945,SPY,1322
2014-07-18,215509.84065246582,26.120101928710938,215483.7205505371,SPY,1322
2014-07-21,215106.66050720215,26.120101928710938,215080.54040527344,SPY,1322
2014-07-22,216043.917678833,26.120101928710938,216017.7975769043,SPY,1322
2014-07-23,216523.44929504395,26.120101928710938,216497.32919311523,SPY,1322
2014-07-24,216534.3018951416,26.120101928710938,216508.1817932129,SPY,1322
2014-07-25,215520.71342468262,26.120101928710938,215494.5933227539,SPY,1322
2014-07-28,215607.93766784668,26.120101928710938,215581.81756591797,SPY,1322
2014-07-29,214681.53309631348,26.120101928710938,214655.41299438477,SPY,1322
2014-07-30,214714.19175720215,26.120101928710938,214688.07165527344,SPY,1322
2014-07-31,210474.5166168213,26.120101928710938,210448.39651489258,SPY,1322
2014-08-01,209831.4899749756,26.120101928710938,209805.36987304688,SPY,1322
2014-08-04,211346.47663879395,26.120101928710938,211320.35653686523,SPY,1322
2014-08-05,209297.4129486084,26.120101928710938,209271.2928466797,SPY,1322
2014-08-06,209362.83113098145,26.120101928710938,209336.71102905273,SPY,1322
2014-08-07,208229.31941223145,26.120101928710938,208203.19931030273,SPY,1322
2014-08-08,210637.95112609863,26.120101928710938,210611.83102416992,SPY,1322
2014-08-11,211248.4401397705,26.120101928710938,211222.3200378418,SPY,1322
2014-08-12,210954.0885772705,26.120101928710938,210927.9684753418,SPY,1322
2014-08-13,212381.83082580566,26.120101928710938,212355.71072387695,SPY,1322
2014-08-14,213384.54652404785,26.120101928710938,213358.42642211914,SPY,1322
2014-08-15,213340.99491882324,26.120101928710938,213314.87481689453,SPY,1322
2014-08-18,215128.40605163574,26.120101928710938,215102.28594970703,SPY,1322
2014-08-19,216251.00465393066,26.120101928710938,216224.88455200195,SPY,1322
2014-08-20,216828.6534576416,26.120101928710938,216802.5333557129,SPY,1322
2014-08-21,217460.7468109131,26.120101928710938,217434.62670898438,SPY,1322
2014-08-22,217122.86381530762,26.120101928710938,217096.7437133789,SPY,1322
2014-08-25,218223.65635681152,26.120101928710938,218197.5362548828,SPY,1322
2014-08-26,218365.4058380127,26.120101928710938,218339.28573608398,SPY,1322
2014-08-27,218278.18159484863,26.120101928710938,218252.06149291992,SPY,1322
2014-08-28,218158.31886291504,26.120101928710938,218132.19876098633,SPY,1322
2014-08-29,218779.6201324463,26.120101928710938,218753.50003051758,SPY,1322
2014-09-02,218670.56965637207,26.120101928710938,218644.44955444336,SPY,1322
2014-09-03,218550.6262359619,26.120101928710938,218524.5061340332,SPY,1322
2014-09-04,218234.65016174316,26.120101928710938,218208.53005981445,SPY,1322
2014-09-05,219215.60014343262,26.120101928710938,219189.4800415039,SPY,1322
2014-09-08,218648.7434234619,26.120101928710938,218622.6233215332,SPY,1322
2014-09-09,217264.5729522705,26.120101928710938,217238.4528503418,SPY,1322
2014-09-10,218082.06825256348,26.120101928710938,218055.94815063477,SPY,1322
2014-09-11,218332.64631652832,26.120101928710938,218306.5262145996,SPY,1322
2014-09-12,217057.5666656494,26.120101928710938,217031.4465637207,SPY,1322
2014-09-15,216894.0514678955,26.120101928710938,216867.9313659668,SPY,1322
2014-09-16,218528.80000305176,26.120101928710938,218502.67990112305,SPY,1322
2014-09-17,218823.13139343262,26.120101928710938,218797.0112915039,SPY,1322
2014-09-18,219989.34211730957,26.120101928710938,219963.22201538086,SPY,1322
2014-09-19,219791.1308746338,26.120101928710938,219765.01077270508,SPY,1322
2014-09-22,218093.8487701416,26.120101928710938,218067.7286682129,SPY,1322
2014-09-23,216845.638381958,26.120101928710938,216819.5182800293,SPY,1322
2014-09-24,218542.83979797363,26.120101928710938,218516.71969604492,SPY,1322
2014-09-25,215016.9550933838,26.120101928710938,214990.83499145508,SPY,1322
2014-09-26,216725.15031433105,26.120101928710938,216699.03021240234,SPY,1322
2014-09-29,216330.92658996582,26.120101928710938,216304.8064880371,SPY,1322
2014-09-30,215761.6290435791,26.120101928710938,215735.5089416504,SPY,1322
2014-10-01,212837.98295593262,26.120101928710938,212811.8628540039,SPY,1322
2014-10-02,212870.8433380127,26.120101928710938,212844.72323608398,SPY,1322
2014-10-03,215214.09721374512,26.120101928710938,215187.9771118164,SPY,1322
2014-10-06,214962.22813415527,26.120101928710938,214936.10803222656,SPY,1322
2014-10-07,211644.41883850098,26.120101928710938,211618.29873657227,SPY,1322
2014-10-08,215345.39753723145,26.120101928710938,215319.27743530273,SPY,1322
2014-10-09,211075.08094787598,26.120101928710938,211048.96084594727,SPY,1322
2014-10-10,208665.9651031494,26.120101928710938,208639.8450012207,SPY,1322
2014-10-13,205238.7624053955,26.120101928710938,205212.6423034668,SPY,1322
2014-10-14,205556.23121643066,26.120101928710938,205530.11111450195,SPY,1322
2014-10-15,204165.60566711426,26.120101928710938,204139.48556518555,SPY,1322
2014-10-16,203990.3906402588,26.120101928710938,203964.27053833008,SPY,1322
2014-10-17,206399.34510803223,26.120101928710938,206373.22500610352,SPY,1322
2014-10-20,208403.20307922363,26.120101928710938,208377.08297729492,SPY,1322
2014-10-21,212531.36674499512,26.120101928710938,212505.2466430664,SPY,1322
2014-10-22,211020.1724395752,26.120101928710938,210994.05233764648,SPY,1322
2014-10-23,213473.02143859863,26.120101928710938,213446.90133666992,SPY,1322
2014-10-24,215115.5765838623,26.120101928710938,215089.4564819336,SPY,1322
2014-10-27,214819.89366149902,26.120101928710938,214793.7735595703,SPY,1322
2014-10-28,217283.55491638184,26.120101928710938,217257.43481445312,SPY,1322
2014-10-29,216955.13264465332,26.120101928710938,216929.0125427246,SPY,1322
2014-10-30,218345.7380218506,26.120101928710938,218319.61791992188,SPY,1322
2014-10-31,220842.34034729004,26.120101928710938,220816.22024536133,SPY,1322
2014-11-03,220962.7880706787,26.120101928710938,220936.66796875,SPY,1322
2014-11-04,220196.2677154541,26.120101928710938,220170.1476135254,SPY,1322
2014-11-05,221586.91343688965,26.120101928710938,221560.79333496094,SPY,1322
2014-11-06,222473.8613433838,26.120101928710938,222447.74124145508,SPY,1322
2014-11-07,222681.9165802002,26.120101928710938,222655.79647827148,SPY,1322
2014-11-10,223382.6959991455,26.120101928710938,223356.5758972168,SPY,1322
2014-11-11,223601.664352417,26.120101928710938,223575.54425048828,SPY,1322
2014-11-12,223360.80924987793,26.120101928710938,223334.68914794922,SPY,1322
2014-11-13,223612.67832946777,26.120101928710938,223586.55822753906,SPY,1322
2014-11-14,223667.42546081543,26.120101928710938,223641.30535888672,SPY,1322
2014-11-17,223809.80027770996,26.120101928710938,223783.68017578125,SPY,1322
2014-11-18,225101.80433654785,26.120101928710938,225075.68423461914,SPY,1322
2014-11-19,224740.50151062012,26.120101928710938,224714.3814086914,SPY,1322
2014-11-20,225134.72523498535,26.120101928710938,225108.60513305664,SPY,1322
2014-11-21,226339.1621246338,26.120101928710938,226313.04202270508,SPY,1322
2014-11-24,226974.3014678955,26.120101928710938,226948.1813659668,SPY,1322
2014-11-25,226810.10041809082,26.120101928710938,226783.9803161621,SPY,1322
2014-11-26,227390.3514251709,26.120101928710938,227364.2313232422,SPY,1322
2014-11-28,226908.6613922119,26.120101928710938,226882.5412902832,SPY,1322
2014-12-01,225331.78666687012,26.120101928710938,225305.6665649414,SPY,1322
2014-12-02,226788.15315246582,26.120101928710938,226762.0330505371,SPY,1322
2014-12-03,227664.12742614746,26.120101928710938,227638.00732421875,SPY,1322
2014-12-04,227412.31886291504,26.120101928710938,227386.19876098633,SPY,1322
2014-12-05,227784.554977417,26.120101928710938,227758.43487548828,SPY,1322
2014-12-08,226262.5080718994,26.120101928710938,226236.3879699707,SPY,1322
2014-12-09,226109.2604827881,26.120101928710938,226083.14038085938,SPY,1322
2014-12-10,222484.81480407715,26.120101928710938,222458.69470214844,SPY,1322
2014-12-11,223612.67832946777,26.120101928710938,223586.55822753906,SPY,1322
2014-12-12,219999.16593933105,26.120101928710938,219973.04583740234,SPY,1322
2014-12-15,218488.03215026855,26.120101928710938,218461.91204833984,SPY,1322
2014-12-16,216736.18446350098,26.120101928710938,216710.06436157227,SPY,1322
2014-12-17,220984.6748199463,26.120101928710938,220958.55471801758,SPY,1322
2014-12-18,226448.73707580566,26.120101928710938,226422.61697387695,SPY,1322
2014-12-19,227412.13731384277,26.120101928710938,227386.01721191406,SPY,1322
2014-12-22,228458.10203552246,26.120101928710938,228431.98193359375,SPY,1322
2014-12-23,228766.39253234863,26.120101928710938,228740.27243041992,SPY,1322
2014-12-24,228788.4204864502,26.120101928710938,228762.30038452148,SPY,1322
2014-12-26,229526.0947113037,26.120101928710938,229499.974609375,SPY,1322
2014-12-29,229834.40538024902,26.120101928710938,229808.2852783203,SPY,1322
2014-12-30,228601.24339294434,26.120101928710938,228575.12329101562,SPY,1322
2014-12-31,226333.1104888916,26.120101928710938,226306.9903869629,SPY,1322
2015-01-02,226211.93656921387,26.120101928710938,226185.81646728516,SPY,1322
2015-01-05,222127.1227874756,26.120101928710938,222101.00268554688,SPY,1322
2015-01-06,220035.11265563965,26.120101928710938,220008.99255371094,SPY,1322
2015-01-07,222776.78605651855,26.120101928710938,222750.66595458984,SPY,1322
2015-01-08,226729.43211364746,26.120101928710938,226703.31201171875,SPY,1322
2015-01-09,224912.7512359619,26.120101928710938,224886.6311340332,SPY,1322
2015-01-12,223151.099899292,26.120101928710938,223124.97979736328,SPY,1322
2015-01-13,222523.525100708,26.120101928710938,222497.4049987793,SPY,1322
2015-01-14,221180.2636871338,26.120101928710938,221154.14358520508,SPY,1322
2015-01-15,219154.37776184082,26.120101928710938,219128.2576599121,SPY,1322
2015-01-16,222028.05751037598,26.120101928710938,222001.93740844727,SPY,1322
2015-01-20,222501.45680236816,26.120101928710938,222475.33670043945,SPY,1322
2015-01-21,223624.57987976074,26.120101928710938,223598.45977783203,SPY,1322
2015-01-22,226949.7116546631,26.120101928710938,226923.59155273438,SPY,1322
2015-01-23,225705.49534606934,26.120101928710938,225679.37524414062,SPY,1322
2015-01-26,226233.98469543457,26.120101928710938,226207.86459350586,SPY,1322
2015-01-27,223250.1651763916,26.120101928710938,223224.0450744629,SPY,1322
2015-01-28,220387.4792327881,26.120101928710938,220361.35913085938,SPY,1322
2015-01-29,222424.43965148926,26.120101928710938,222398.31954956055,SPY,1322
2015-01-30,219627.79722595215,26.120101928710938,219601.67712402344,SPY,1322
2015-02-02,222347.38215637207,26.120101928710938,222321.26205444336,SPY,1322
2015-02-03,225562.3741607666,26.120101928710938,225536.2540588379,SPY,1322
2015-02-04,224703.5461883545,26.120101928710938,224677.42608642578,SPY,1322
2015-02-05,226971.7194366455,26.120101928710938,226945.5993347168,SPY,1322
2015-02-06,226344.12446594238,26.120101928710938,226318.00436401367,SPY,1322
2015-02-09,225331.10081481934,26.120101928710938,225304.98071289062,SPY,1322
2015-02-10,227731.36109924316,26.120101928710938,227705.24099731445,SPY,1322
2015-02-11,227863.56916809082,26.120101928710938,227837.4490661621,SPY,1322
2015-02-12,230054.54371643066,26.120101928710938,230028.42361450195,SPY,1322
2015-02-13,231001.5238494873,26.120101928710938,230975.4037475586,SPY,1322
2015-02-17,231364.82371520996,26.120101928710938,231338.70361328125,SPY,1322
2015-02-18,231386.8920135498,26.120101928710938,231360.7719116211,SPY,1322
2015-02-19,231221.70252990723,26.120101928710938,231195.58242797852,SPY,1322
2015-02-20,232608.95933532715,26.120101928710938,232582.83923339844,SPY,1322
2015-02-23,232575.99809265137,26.120101928710938,232549.87799072266,SPY,1322
2015-02-24,233236.59465026855,26.120101928710938,233210.47454833984,SPY,1322
2015-02-25,233038.4035797119,26.120101928710938,233012.2834777832,SPY,1322
2015-02-26,232763.1146697998,26.120101928710938,232736.9945678711,SPY,1322
2015-02-27,231970.39073181152,26.120101928710938,231944.2706298828,SPY,1322
2015-03-02,233434.80589294434,26.120101928710938,233408.68579101562,SPY,1322
2015-03-03,232476.91264343262,26.120101928710938,232450.7925415039,SPY,1322
2015-03-04,231496.99143981934,26.120101928710938,231470.87133789062,SPY,1322
2015-03-05,231750.19187927246,26.120101928710938,231724.07177734375,SPY,1322
2015-03-06,228491.1843109131,26.120101928710938,228465.06420898438,SPY,1322
2015-03-09,229438.06358337402,26.120101928710938,229411.9434814453,SPY,1322
2015-03-10,225716.48915100098,26.120101928710938,225690.36904907227,SPY,1322
2015-03-11,225187.9796295166,26.120101928710938,225161.8595275879,SPY,1322
2015-03-12,228050.72608947754,26.120101928710938,228024.60598754883,SPY,1322
2015-03-13,226652.41496276855,26.120101928710938,226626.29486083984,SPY,1322
2015-03-16,229680.25004577637,26.120101928710938,229654.12994384766,SPY,1322
2015-03-17,228997.62553405762,26.120101928710938,228971.5054321289,SPY,1322
2015-03-18,231750.19187927246,26.120101928710938,231724.07177734375,SPY,1322
2015-03-19,230693.19300842285,26.120101928710938,230667.07290649414,SPY,1322
2015-03-20,232729.26585388184,26.120101928710938,232703.14575195312,SPY,1322
2015-03-23,232275.81678771973,26.120101928710938,232249.69668579102,SPY,1322
2015-03-24,230970.80171203613,26.120101928710938,230944.68161010742,SPY,1322
2015-03-25,227586.54545593262,26.120101928710938,227560.4253540039,SPY,1322
2015-03-26,227044.68199157715,26.120101928710938,227018.56188964844,SPY,1322
2015-03-27,227564.45698547363,26.120101928710938,227538.33688354492,SPY,1322
2015-03-30,230340.36247253418,26.120101928710938,230314.24237060547,SPY,1322
2015-03-31,228327.54808044434,26.120101928710938,228301.42797851562,SPY,1322
2015-04-01,227520.21952819824,26.120101928710938,227494.09942626953,SPY,1322
2015-04-02,228338.66291809082,26.120101928710938,228312.5428161621,SPY,1322
2015-04-06,229875.859085083,26.120101928710938,229849.7389831543,SPY,1322
2015-04-07,229267.5890045166,26.120101928710938,229241.4689025879,SPY,1322
2015-04-08,230041.83528137207,26.120101928710938,230015.71517944336,SPY,1322
2015-04-09,231059.25645446777,26.120101928710938,231033.13635253906,SPY,1322
2015-04-10,232320.07441711426,26.120101928710938,232293.95431518555,SPY,1322
2015-04-13,231269.4095916748,26.120101928710938,231243.2894897461,SPY,1322
2015-04-14,231711.7841644287,26.120101928710938,231685.6640625,SPY,1322
2015-04-15,232751.3946685791,26.120101928710938,232725.2745666504,SPY,1322
2015-04-16,232685.0485687256,26.120101928710938,232658.92846679688,SPY,1322
2015-04-17,230008.6319732666,26.120101928710938,229982.5118713379,SPY,1322
2015-04-20,232109.9011077881,26.120101928710938,232083.78100585938,SPY,1322
2015-04-21,231833.44221496582,26.120101928710938,231807.3221130371,SPY,1322
2015-04-22,232972.54161071777,26.120101928710938,232946.42150878906,SPY,1322
2015-04-23,233558.74339294434,26.120101928710938,233532.62329101562,SPY,1322
2015-04-24,234100.62702941895,26.120101928710938,234074.50692749023,SPY,1322
2015-04-27,233127.34245300293,26.120101928710938,233101.22235107422,SPY,1322
2015-04-28,233868.3652496338,26.120101928710938,233842.24514770508,SPY,1322
2015-04-29,232906.15516662598,26.120101928710938,232880.03506469727,SPY,1322
2015-04-30,230572.62425231934,26.120101928710938,230546.50415039062,SPY,1322
2015-05-01,233072.13136291504,26.120101928710938,233046.01126098633,SPY,1322
2015-05-04,233735.65287780762,26.120101928710938,233709.5327758789,SPY,1322
2015-05-05,231059.25645446777,26.120101928710938,231033.13635253906,SPY,1322
2015-05-06,230108.20155334473,26.120101928710938,230082.08145141602,SPY,1322
2015-05-07,231026.0934906006,26.120101928710938,230999.97338867188,SPY,1322
2015-05-08,234067.3833770752,26.120101928710938,234041.26327514648,SPY,1322
2015-05-11,232950.4531402588,26.120101928710938,232924.33303833008,SPY,1322
2015-05-12,232253.7081451416,26.120101928710938,232227.5880432129,SPY,1322
2015-05-13,232297.92543029785,26.120101928710938,232271.80532836914,SPY,1322
2015-05-14,234719.9917755127,26.120101928710938,234693.87167358398,SPY,1322
2015-05-15,234974.36219787598,26.120101928710938,234948.24209594727,SPY,1322
2015-05-18,235704.2903289795,26.120101928710938,235678.17022705078,SPY,1322
2015-05-19,235626.84956359863,26.120101928710938,235600.72946166992,SPY,1322
2015-05-20,235460.97422790527,26.120101928710938,235434.85412597656,SPY,1322
2015-05-21,236146.64472961426,26.120101928710938,236120.52462768555,SPY,1322
2015-05-22,235582.65245056152,26.120101928710938,235556.5323486328,SPY,1322
2015-05-26,233050.0227203369,26.120101928710938,233023.9026184082,SPY,1322
2015-05-27,235261.89558410645,26.120101928710938,235235.77548217773,SPY,1322
2015-05-28,234996.4708404541,26.120101928710938,234970.3507385254,SPY,1322
2015-05-29,233536.61457824707,26.120101928710938,233510.49447631836,SPY,1322
2015-06-01,234012.19245910645,26.120101928710938,233986.07235717773,SPY,1322
2015-06-02,233779.91050720215,26.120101928710938,233753.79040527344,SPY,1322
2015-06-03,234399.23490905762,26.120101928710938,234373.1148071289,SPY,1322
2015-06-04,232419.64399719238,26.120101928710938,232393.52389526367,SPY,1322
2015-06-05,232021.4261932373,26.120101928710938,231995.3060913086,SPY,1322
2015-06-08,230594.81358337402,26.120101928710938,230568.6934814453,SPY,1322
2015-06-09,230561.61027526855,26.120101928710938,230535.49017333984,SPY,1322
2015-06-10,233326.4412689209,26.120101928710938,233300.3211669922,SPY,1322
2015-06-11,234078.51838684082,26.120101928710938,234052.3982849121,SPY,1322
2015-06-12,232286.85093688965,26.120101928710938,232260.73083496094,SPY,1322
2015-06-15,231291.5585784912,26.120101928710938,231265.4384765625,SPY,1322
2015-06-16,232552.29585266113,26.120101928710938,232526.17575073242,SPY,1322
2015-06-17,232928.28398132324,26.120101928710938,232902.16387939453,SPY,1322
2015-06-18,235350.4108428955,26.120101928710938,235324.2907409668,SPY,1322
2015-06-19,234305.6766204834,26.120101928710938,234279.5565185547,SPY,1322
2015-06-22,235505.95805358887,26.120101928710938,235479.83795166016,SPY,1322
2015-06-23,235672.660446167,26.120101928710938,235646.54034423828,SPY,1322
2015-06-24,233961.19734191895,26.120101928710938,233935.07723999023,SPY,1322
2015-06-25,233249.9687652588,26.120101928710938,233223.84866333008,SPY,1322
2015-06-26,233205.50941467285,26.120101928710938,233179.38931274414,SPY,1322
2015-06-29,228315.62635803223,26.120101928710938,228289.50625610352,SPY,1322
2015-06-30,228793.5442047119,26.120101928710938,228767.4241027832,SPY,1322
2015-07-01,230627.18983459473,26.120101928710938,230601.06973266602,SPY,1322
2015-07-02,230416.0886077881,26.120101928710938,230389.96850585938,SPY,1322
2015-07-06,229760.37370300293,26.120101928710938,229734.25360107422,SPY,1322
2015-07-07,231205.14122009277,26.120101928710938,231179.02111816406,SPY,1322
2015-07-08,227326.58735656738,26.120101928710938,227300.46725463867,SPY,1322
2015-07-09,227737.65480041504,26.120101928710938,227711.53469848633,SPY,1322
2015-07-10,230605.02067565918,26.120101928710938,230578.90057373047,SPY,1322
2015-07-13,233149.93522644043,26.120101928710938,233123.81512451172,SPY,1322
2015-07-14,234161.1837310791,26.120101928710938,234135.0636291504,SPY,1322
2015-07-15,234083.44038391113,26.120101928710938,234057.32028198242,SPY,1322
2015-07-16,235961.6462249756,26.120101928710938,235935.52612304688,SPY,1322
2015-07-17,236161.63261413574,26.120101928710938,236135.51251220703,SPY,1322
2015-07-20,236283.87565612793,26.120101928710938,236257.75555419922,SPY,1322
2015-07-21,235350.39067077637,26.120101928710938,235324.27056884766,SPY,1322
2015-07-22,234928.02684020996,26.120101928710938,234901.90673828125,SPY,1322
2015-07-23,233605.603225708,26.120101928710938,233579.4831237793,SPY,1322
2015-07-24,231182.85102844238,26.120101928710938,231156.73092651367,SPY,1322
2015-07-27,229838.1170501709,26.120101928710938,229811.9969482422,SPY,1322
2015-07-28,232660.94288635254,26.120101928710938,232634.82278442383,SPY,1322
2015-07-29,234261.19709777832,26.120101928710938,234235.0769958496,SPY,1322
2015-07-30,234316.81163024902,26.120101928710938,234290.6915283203,SPY,1322
2015-07-31,233961.19734191895,26.120101928710938,233935.07723999023,SPY,1322
2015-08-03,233172.10438537598,26.120101928710938,233145.98428344727,SPY,1322
2015-08-04,232716.51707458496,26.120101928710938,232690.39697265625,SPY,1322
2015-08-05,233483.31983947754,26.120101928710938,233457.19973754883,SPY,1322
2015-08-06,231571.8501739502,26.120101928710938,231545.73007202148,SPY,1322
2015-08-07,231127.2970123291,26.120101928710938,231101.1769104004,SPY,1322
2015-08-10,234039.02137756348,26.120101928710938,234012.90127563477,SPY,1322
2015-08-11,231927.40394592285,26.120101928710938,231901.28384399414,SPY,1322
2015-08-12,232205.2950592041,26.120101928710938,232179.1749572754,SPY,1322
2015-08-13,231916.3496246338,26.120101928710938,231890.22952270508,SPY,1322
2015-08-14,232760.99659729004,26.120101928710938,232734.87649536133,SPY,1322
2015-08-17,234061.15019226074,26.120101928710938,234035.03009033203,SPY,1322
2015-08-18,233383.3468170166,26.120101928710938,233357.2267150879,SPY,1322
2015-08-19,231538.50566101074,26.120101928710938,231512.38555908203,SPY,1322
2015-08-20,226704.25730895996,26.120101928710938,226678.13720703125,SPY,1322
2015-08-21,219880.63456726074,26.120101928710938,219854.51446533203,SPY,1322
2015-08-24,210623.24565124512,26.120101928710938,210597.1255493164,SPY,1322
2015-08-25,208144.95960998535,26.120101928710938,208118.83950805664,SPY,1322
2015-08-26,216135.41841125488,26.120101928710938,216109.29830932617,SPY,1322
2015-08-27,221480.94929504395,26.120101928710938,221454.82919311523,SPY,1322
2015-08-28,221492.08430480957,26.120101928710938,221465.96420288086,SPY,1322
2015-08-31,219702.8576812744,26.120101928710938,219676.7375793457,SPY,1322
2015-09-01,213145.95069885254,26.120101928710938,213119.83059692383,SPY,1322
2015-09-02,217191.20695495605,26.120101928710938,217165.08685302734,SPY,1322
2015-09-03,217346.77433776855,26.120101928710938,217320.65423583984,SPY,1322
2015-09-04,214057.2463531494,26.120101928710938,214031.1262512207,SPY,1322
2015-09-08,219436.1015777588,26.120101928710938,219409.98147583008,SPY,1322
2015-09-09,216502.228225708,26.120101928710938,216476.1081237793,SPY,1322
2015-09-10,217680.1791229248,26.120101928710938,217654.0590209961,SPY,1322
2015-09-11,218669.35932922363,26.120101928710938,218643.23922729492,SPY,1322
2015-09-14,217858.05686950684,26.120101928710938,217831.93676757812,SPY,1322
2015-09-15,220580.76847839355,26.120101928710938,220554.64837646484,SPY,1322
2015-09-16,222492.2381439209,26.120101928710938,222466.1180419922,SPY,1322
2015-09-17,221992.11079406738,26.120101928710938,221965.99069213867,SPY,1322
2015-09-18,218364.92170715332,26.120101928710938,218338.8016052246,SPY,1322
2015-09-21,219493.22901916504,26.120101928710938,219467.10891723633,SPY,1322
2015-09-22,216644.56269836426,26.120101928710938,216618.44259643555,SPY,1322
2015-09-23,216298.30827331543,26.120101928710938,216272.18817138672,SPY,1322
2015-09-24,215516.31590270996,26.120101928710938,215490.19580078125,SPY,1322
2015-09-25,215460.43913269043,26.120101928710938,215434.31903076172,SPY,1322
2015-09-28,210053.605178833,26.120101928710938,210027.4850769043,SPY,1322
2015-09-29,210176.53407287598,26.120101928710938,210150.41397094727,SPY,1322
2015-09-30,214097.59059143066,26.120101928710938,214071.47048950195,SPY,1322
2015-10-01,214656.15657043457,26.120101928710938,214630.03646850586,SPY,1322
2015-10-02,217862.23249816895,26.120101928710938,217836.11239624023,SPY,1322
2015-10-05,221738.54725646973,26.120101928710938,221712.42715454102,SPY,1322
2015-10-06,220978.94593811035,26.120101928710938,220952.82583618164,SPY,1322
2015-10-07,222788.6270904541,26.120101928710938,222762.5069885254,SPY,1322
2015-10-08,224799.40409851074,26.120101928710938,224773.28399658203,SPY,1322
2015-10-09,224933.56886291504,26.120101928710938,224907.44876098633,SPY,1322
2015-10-12,225145.73921203613,26.120101928710938,225119.61911010742,SPY,1322
2015-10-13,223727.01390075684,26.120101928710938,223700.89379882812,SPY,1322
2015-10-14,222654.6035308838,26.120101928710938,222628.48342895508,SPY,1322
2015-10-15,226072.95066833496,26.120101928710938,226046.83056640625,SPY,1322
2015-10-16,227100.67979431152,26.120101928710938,227074.5596923828,SPY,1322
2015-10-19,227212.4333343506,26.120101928710938,227186.31323242188,SPY,1322
2015-10-20,226921.99516296387,26.120101928710938,226895.87506103516,SPY,1322
2015-10-21,225514.46537780762,26.120101928710938,225488.3452758789,SPY,1322
2015-10-22,229323.78852844238,26.120101928710938,229297.66842651367,SPY,1322
2015-10-23,231837.19422912598,26.120101928710938,231811.07412719727,SPY,1322
2015-10-26,231267.55375671387,26.120101928710938,231241.43365478516,SPY,1322
2015-10-27,230820.70097351074,26.120101928710938,230794.58087158203,SPY,1322
2015-10-28,233445.84004211426,26.120101928710938,233419.71994018555,SPY,1322
2015-10-29,233311.85682678223,26.120101928710938,233285.73672485352,SPY,1322
2015-10-30,232306.41789245605,26.120101928710938,232280.29779052734,SPY,1322
2015-11-02,235054.48585510254,26.120101928710938,235028.36575317383,SPY,1322
2015-11-03,235735.94038391113,26.120101928710938,235709.82028198242,SPY,1322
2015-11-04,235020.97996520996,26.120101928710938,234994.85986328125,SPY,1322
2015-11-05,234786.31770324707,26.120101928710938,234760.19760131836,SPY,1322
2015-11-06,234663.5300140381,26.120101928710938,234637.40991210938,SPY,1322
2015-11-09,232473.98768615723,26.120101928710938,232447.86758422852,SPY,1322
2015-11-10,233010.16261291504,26.120101928710938,232984.04251098633,SPY,1322
2015-11-11,232094.1668548584,26.120101928710938,232068.0467529297,SPY,1322
2015-11-12,228854.58503723145,26.120101928710938,228828.46493530273,SPY,1322
2015-11-13,226285.20170593262,26.120101928710938,226259.0816040039,SPY,1322
2015-11-16,229725.83903503418,26.120101928710938,229699.71893310547,SPY,1322
2015-11-17,229558.39027404785,26.120101928710938,229532.27017211914,SPY,1322
2015-11-18,233200.10328674316,26.120101928710938,233173.98318481445,SPY,1322
2015-11-19,232999.04777526855,26.120101928710938,232972.92767333984,SPY,1322
2015-11-20,233848.03175354004,26.120101928710938,233821.91165161133,SPY,1322
2015-11-23,233579.924118042,26.120101928710938,233553.80401611328,SPY,1322
2015-11-24,233892.69282531738,26.120101928710938,233866.57272338867,SPY,1322
2015-11-25,233859.20710754395,26.120101928710938,233833.08700561523,SPY,1322
2015-11-27,234127.3752593994,26.120101928710938,234101.2551574707,SPY,1322
2015-11-30,233155.44221496582,26.120101928710938,233129.3221130371,SPY,1322
2015-12-01,235378.47026062012,26.120101928710938,235352.3501586914,SPY,1322
2015-12-02,232976.71723937988,26.120101928710938,232950.59713745117,SPY,1322
2015-12-03,229714.74436950684,26.120101928710938,229688.62426757812,SPY,1322
2015-12-04,234194.32652282715,26.120101928710938,234168.20642089844,SPY,1322
2015-12-07,232775.56086730957,26.120101928710938,232749.44076538086,SPY,1322
2015-12-08,231211.69715881348,26.120101928710938,231185.57705688477,SPY,1322
2015-12-09,229413.0703277588,26.120101928710938,229386.95022583008,SPY,1322
2015-12-10,230005.1623687744,26.120101928710938,229979.0422668457,SPY,1322
2015-12-11,225547.91075134277,26.120101928710938,225521.79064941406,SPY,1322
2015-12-14,226687.35307312012,26.120101928710938,226661.2329711914,SPY,1322
2015-12-15,229066.77555847168,26.120101928710938,229040.65545654297,SPY,1322
2015-12-16,232418.09074401855,26.120101928710938,232391.97064208984,SPY,1322
2015-12-17,228876.91557312012,26.120101928710938,228850.7954711914,SPY,1322
2015-12-18,224799.9285736084,26.120101928710938,224773.8084716797,SPY,1322
2015-12-21,226654.14976501465,26.120101928710938,226628.02966308594,SPY,1322
2015-12-22,228710.57627868652,26.120101928710938,228684.4561767578,SPY,1322
2015-12-23,231542.4593963623,26.120101928710938,231516.3392944336,SPY,1322
2015-12-24,231160.39945983887,26.120101928710938,231134.27935791016,SPY,1322
2015-12-28,230632.17234802246,26.120101928710938,230606.05224609375,SPY,1322
2015-12-29,233093.1708831787,26.120101928710938,233067.05078125,SPY,1322
2015-12-30,231441.27604675293,26.120101928710938,231415.15594482422,SPY,1322
2015-12-31,229126.34382629395,26.120101928710938,229100.22372436523,SPY,1322
2016-01-04,225923.6568145752,26.120101928710938,225897.53671264648,SPY,1322
2016-01-05,226305.7570953369,26.120101928710938,226279.6369934082,SPY,1322
2016-01-06,223451.4627532959,26.120101928710938,223425.3426513672,SPY,1322
2016-01-07,218091.0650177002,26.120101928710938,218064.94491577148,SPY,1322
2016-01-08,215697.50187683105,26.120101928710938,215671.38177490234,SPY,1322
2016-01-11,215910.9834136963,26.120101928710938,215884.86331176758,SPY,1322
2016-01-12,217652.82572937012,26.120101928710938,217626.7056274414,SPY,1322
2016-01-13,212225.1338043213,26.120101928710938,212199.01370239258,SPY,1322
2016-01-14,215708.73774719238,26.120101928710938,215682.61764526367,SPY,1322
2016-01-15,211078.83296203613,26.120101928710938,211052.71286010742,SPY,1322
2016-01-19,211359.79023742676,26.120101928710938,211333.67013549805,SPY,1322
2016-01-20,208651.5016937256,26.120101928710938,208625.38159179688,SPY,1322
2016-01-21,209820.25410461426,26.120101928710938,209794.13400268555,SPY,1322
2016-01-22,214124.23796081543,26.120101928710938,214098.11785888672,SPY,1322
2016-01-25,210887.76264953613,26.120101928710938,210861.64254760742,SPY,1322
2016-01-26,213764.58924865723,26.120101928710938,213738.46914672852,SPY,1322
2016-01-27,211438.44132995605,26.120101928710938,211412.32122802734,SPY,1322
2016-01-28,212539.71800231934,26.120101928710938,212513.59790039062,SPY,1322
2016-01-29,217720.26112365723,26.120101928710938,217694.14102172852,SPY,1322
2016-02-01,217641.56968688965,26.120101928710938,217615.44958496094,SPY,1322
2016-02-02,213719.62559509277,26.120101928710938,213693.50549316406,SPY,1322
2016-02-03,215000.69636535645,26.120101928710938,214974.57626342773,SPY,1322
2016-02-04,215337.873336792,26.120101928710938,215311.75323486328,SPY,1322
2016-02-05,211236.25617980957,26.120101928710938,211210.13607788086,SPY,1322
2016-02-08,208393.07667541504,26.120101928710938,208366.95657348633,SPY,1322
2016-02-09,208404.29237365723,26.120101928710938,208378.17227172852,SPY,1322
2016-02-10,208224.53861999512,26.120101928710938,208198.4185180664,SPY,1322
2016-02-11,205516.29042053223,26.120101928710938,205490.17031860352,SPY,1322
2016-02-12,209752.81871032715,26.120101928710938,209726.69860839844,SPY,1322
2016-02-16,213292.62217712402,26.120101928710938,213266.5020751953,SPY,1322
2016-02-17,216776.28663635254,26.120101928710938,216750.16653442383,SPY,1322
2016-02-18,215888.53184509277,26.120101928710938,215862.41174316406,SPY,1322
2016-02-19,215787.38883972168,26.120101928710938,215761.26873779297,SPY,1322
2016-02-22,218911.44493103027,26.120101928710938,218885.32482910156,SPY,1322
2016-02-23,216147.01737976074,26.120101928710938,216120.89727783203,SPY,1322
2016-02-24,217135.9151763916,26.120101928710938,217109.7950744629,SPY,1322
2016-02-25,219765.5122833252,26.120101928710938,219739.39218139648,SPY,1322
2016-02-26,219259.837600708,26.120101928710938,219233.7174987793,SPY,1322
2016-02-29,217540.42668151855,26.120101928710938,217514.30657958984,SPY,1322
2016-03-01,222653.55458068848,26.120101928710938,222627.43447875977,SPY,1322
2016-03-02,223653.7084197998,26.120101928710938,223627.5883178711,SPY,1322
2016-03-03,224530.26768493652,26.120101928710938,224504.1475830078,SPY,1322
2016-03-04,225260.65977478027,26.120101928710938,225234.53967285156,SPY,1322
2016-03-07,225440.45387268066,26.120101928710938,225414.33377075195,SPY,1322
2016-03-08,222979.43516540527,26.120101928710938,222953.31506347656,SPY,1322
2016-03-09,224080.71183776855,26.120101928710938,224054.59173583984,SPY,1322
2016-03-10,224260.4857635498,26.120101928710938,224234.3656616211,SPY,1322
2016-03-11,227878.98066711426,26.120101928710938,227852.86056518555,SPY,1322
2016-03-14,227586.80769348145,26.120101928710938,227560.68759155273,SPY,1322
2016-03-15,227215.98362731934,26.120101928710938,227189.86352539062,SPY,1322
2016-03-16,228530.80235290527,26.120101928710938,228504.68225097656,SPY,1322
2016-03-17,229980.45152282715,26.120101928710938,229954.33142089844,SPY,1322
2016-03-18,230884.0414276123,26.120101928710938,230857.9213256836,SPY,1322
2016-03-21,231211.63664245605,26.120101928710938,231185.51654052734,SPY,1322
2016-03-22,231087.3763885498,26.120101928710938,231061.2562866211,SPY,1322
2016-03-23,229562.46504211426,26.120101928710938,229536.34494018555,SPY,1322
2016-03-24,229460.8984222412,26.120101928710938,229434.7783203125,SPY,1322
2016-03-28,229596.3542022705,26.120101928710938,229570.2341003418,SPY,1322
2016-03-29,231719.93370056152,26.120101928710938,231693.8135986328,SPY,1322
2016-03-30,232736.52781677246,26.120101928710938,232710.40771484375,SPY,1322
2016-03-31,232171.7286529541,26.120101928710938,232145.6085510254,SPY,1322
2016-04-01,233753.1219329834,26.120101928710938,233727.0018310547,SPY,1322
2016-04-04,232996.30436706543,26.120101928710938,232970.18426513672,SPY,1322
2016-04-05,230669.4302520752,26.120101928710938,230643.31015014648,SPY,1322
2016-04-06,233188.38328552246,26.120101928710938,233162.26318359375,SPY,1322
2016-04-07,230398.33714294434,26.120101928710938,230372.21704101562,SPY,1322
2016-04-08,231019.5980682373,26.120101928710938,230993.4779663086,SPY,1322
2016-04-11,230477.43202209473,26.120101928710938,230451.31192016602,SPY,1322
2016-04-12,232623.54377746582,26.120101928710938,232597.4236755371,SPY,1322
2016-04-13,234973.09135437012,26.120101928710938,234946.9712524414,SPY,1322
2016-04-14,234984.32722473145,26.120101928710938,234958.20712280273,SPY,1322
2016-04-15,234724.6111907959,26.120101928710938,234698.4910888672,SPY,1322
2016-04-18,236373.72227478027,26.120101928710938,236347.60217285156,SPY,1322
2016-04-19,237119.16276550293,26.120101928710938,237093.04266357422,SPY,1322
2016-04-20,237345.0703277588,26.120101928710938,237318.95022583008,SPY,1322
2016-04-21,236068.71983337402,26.120101928710938,236042.5997314453,SPY,1322
2016-04-22,236068.71983337402,26.120101928710938,236042.5997314453,SPY,1322
2016-04-25,235662.07008361816,26.120101928710938,235635.94998168945,SPY,1322
2016-04-26,236012.23789978027,26.120101928710938,235986.11779785156,SPY,1322
2016-04-27,236497.98252868652,26.120101928710938,236471.8624267578,SPY,1322
2016-04-28,234351.7497406006,26.120101928710938,234325.62963867188,SPY,1322
2016-04-29,233086.77632141113,26.120101928710938,233060.65621948242,SPY,1322
2016-05-02,234939.1618499756,26.120101928710938,234913.04174804688,SPY,1322
2016-05-03,232894.67723083496,26.120101928710938,232868.55712890625,SPY,1322
2016-05-04,231595.633102417,26.120101928710938,231569.51300048828,SPY,1322
2016-05-05,231550.46772766113,26.120101928710938,231524.34762573242,SPY,1322
2016-05-06,232397.59587097168,26.120101928710938,232371.47576904297,SPY,1322
2016-05-09,232589.715133667,26.120101928710938,232563.59503173828,SPY,1322
2016-05-10,235481.36824035645,26.120101928710938,235455.24813842773,SPY,1322
2016-05-11,233278.73420715332,26.120101928710938,233252.6141052246,SPY,1322
2016-05-12,233346.47218322754,26.120101928710938,233320.35208129883,SPY,1322
2016-05-13,231313.32429504395,26.120101928710938,231287.20419311523,SPY,1322
2016-05-16,233595.03303527832,26.120101928710938,233568.9129333496,SPY,1322
2016-05-17,231414.9917755127,26.120101928710938,231388.87167358398,SPY,1322
2016-05-18,231482.7297515869,26.120101928710938,231456.6096496582,SPY,1322
2016-05-19,230680.72663879395,26.120101928710938,230654.60653686523,SPY,1322
2016-05-20,232137.8193206787,26.120101928710938,232111.69921875,SPY,1322
2016-05-23,231821.60118103027,26.120101928710938,231795.48107910156,SPY,1322
2016-05-24,234826.21815490723,26.120101928710938,234800.09805297852,SPY,1322
2016-05-25,236418.88764953613,26.120101928710938,236392.76754760742,SPY,1322
2016-05-26,236486.6457977295,26.120101928710938,236460.52569580078,SPY,1322
2016-05-27,237503.23991394043,26.120101928710938,237477.11981201172,SPY,1322
2016-05-31,237051.4247894287,26.120101928710938,237025.3046875,SPY,1322
2016-06-01,237537.14924621582,26.120101928710938,237511.0291442871,SPY,1322
2016-06-02,238260.07765197754,26.120101928710938,238233.95755004883,SPY,1322
2016-06-03,237548.38511657715,26.120101928710938,237522.26501464844,SPY,1322
2016-06-06,238757.03797912598,26.120101928710938,238730.91787719727,SPY,1322
2016-06-07,239129.83891296387,26.120101928710938,239103.71881103516,SPY,1322
2016-06-08,239909.16856384277,26.120101928710938,239883.04846191406,SPY,1322
2016-06-09,239581.59352111816,26.120101928710938,239555.47341918945,SPY,1322
2016-06-10,237311.28202819824,26.120101928710938,237285.16192626953,SPY,1322
2016-06-13,235481.36824035645,26.120101928710938,235455.24813842773,SPY,1322
2016-06-14,235018.27690124512,26.120101928710938,234992.1567993164,SPY,1322
2016-06-15,234690.7018585205,26.120101928710938,234664.5817565918,SPY,1322
2016-06-16,235390.99714660645,26.120101928710938,235364.87704467773,SPY,1322
2016-06-17,234514.49839782715,26.120101928710938,234488.37829589844,SPY,1322
2016-06-20,236024.5227203369,26.120101928710938,235998.4026184082,SPY,1322
2016-06-21,236694.4589691162,26.120101928710938,236668.3388671875,SPY,1322
2016-06-22,236308.42512512207,26.120101928710938,236282.30502319336,SPY,1322
2016-06-23,239385.39949035645,26.120101928710938,239359.27938842773,SPY,1322
2016-06-24,230790.22090148926,26.120101928710938,230764.10079956055,SPY,1322
2016-06-27,226657.2562713623,26.120101928710938,226631.1361694336,SPY,1322
2016-06-28,230744.77311706543,26.120101928710938,230718.65301513672,SPY,1322
2016-06-29,234673.39418029785,26.120101928710938,234647.27407836914,SPY,1322
2016-06-30,237875.25413513184,26.120101928710938,237849.13403320312,SPY,1322
2016-07-01,238374.91752624512,26.120101928710938,238348.7974243164,SPY,1322
2016-07-05,236660.3882598877,26.120101928710938,236634.26815795898,SPY,1322
2016-07-06,238079.6582183838,26.120101928710938,238053.53811645508,SPY,1322
2016-07-07,237932.07899475098,26.120101928710938,237905.95889282227,SPY,1322
2016-07-08,241474.60569763184,26.120101928710938,241448.48559570312,SPY,1322
2016-07-11,242326.15153503418,26.120101928710938,242300.03143310547,SPY,1322
2016-07-12,244086.04789733887,26.120101928710938,244059.92779541016,SPY,1322
2016-07-13,244052.03770446777,26.120101928710938,244025.91760253906,SPY,1322
2016-07-14,245414.54331970215,26.120101928710938,245388.42321777344,SPY,1322
2016-07-15,245085.27381896973,26.120101928710938,245059.15371704102,SPY,1322
2016-07-18,245743.79264831543,26.120101928710938,245717.67254638672,SPY,1322
2016-07-19,245494.0618133545,26.120101928710938,245467.94171142578,SPY,1322
2016-07-20,246515.92085266113,26.120101928710938,246489.80075073242,SPY,1322
2016-07-21,245584.81617736816,26.120101928710938,245558.69607543945,SPY,1322
2016-07-22,246686.23405456543,26.120101928710938,246660.11395263672,SPY,1322
2016-07-25,246016.25746154785,26.120101928710938,245990.13735961914,SPY,1322
2016-07-26,246129.82649230957,26.120101928710938,246103.70639038086,SPY,1322
2016-07-27,245868.6580657959,26.120101928710938,245842.5379638672,SPY,1322
2016-07-28,246152.56047058105,26.120101928710938,246126.44036865234,SPY,1322
2016-07-29,246549.95121765137,26.120101928710938,246523.83111572266,SPY,1322
2016-08-01,246345.62782287598,26.120101928710938,246319.50772094727,SPY,1322
2016-08-02,244767.36122131348,26.120101928710938,244741.24111938477,SPY,1322
2016-08-03,245482.6443939209,26.120101928710938,245456.5242919922,SPY,1322
2016-08-04,245743.79264831543,26.120101928710938,245717.67254638672,SPY,1322
2016-08-05,247753.52070617676,26.120101928710938,247727.40060424805,SPY,1322
2016-08-08,247605.94148254395,26.120101928710938,247579.82138061523,SPY,1322
2016-08-09,247753.52070617676,26.120101928710938,247727.40060424805,SPY,1322
2016-08-10,247140.34880065918,26.120101928710938,247114.22869873047,SPY,1322
2016-08-11,248287.11360168457,26.120101928710938,248260.99349975586,SPY,1322
2016-08-12,248071.45347595215,26.120101928710938,248045.33337402344,SPY,1322
2016-08-15,248786.77699279785,26.120101928710938,248760.65689086914,SPY,1322
2016-08-16,247503.76969909668,26.120101928710938,247477.64959716797,SPY,1322
2016-08-17,247969.2413482666,26.120101928710938,247943.1212463379,SPY,1322
2016-08-18,248525.60856628418,26.120101928710938,248499.48846435547,SPY,1322
2016-08-19,248162.28852844238,26.120101928710938,248136.16842651367,SPY,1322
2016-08-22,248150.89128112793,26.120101928710938,248124.77117919922,SPY,1322
2016-08-23,248650.51432800293,26.120101928710938,248624.39422607422,SPY,1322
2016-08-24,247378.8034210205,26.120101928710938,247352.6833190918,SPY,1322
2016-08-25,247208.57090759277,26.120101928710938,247182.45080566406,SPY,1322
2016-08-26,246742.99839782715,26.120101928710938,246716.87829589844,SPY,1322
2016-08-29,247957.8642730713,26.120101928710938,247931.74417114258,SPY,1322
2016-08-30,247549.13679504395,26.120101928710938,247523.01669311523,SPY,1322
2016-08-31,246845.109664917,26.120101928710938,246818.98956298828,SPY,1322
2016-09-01,246856.54725646973,26.120101928710938,246830.42715454102,SPY,1322
2016-09-02,247969.2413482666,26.120101928710938,247943.1212463379,SPY,1322
2016-09-06,248718.63557434082,26.120101928710938,248692.5154724121,SPY,1322
2016-09-07,248695.90159606934,26.120101928710938,248669.78149414062,SPY,1322
2016-09-08,248128.1774749756,26.120101928710938,248102.05737304688,SPY,1322
2016-09-09,242189.86869812012,26.120101928710938,242163.7485961914,SPY,1322
2016-09-12,245664.31449890137,26.120101928710938,245638.19439697266,SPY,1322
2016-09-13,242133.18504333496,26.120101928710938,242107.06494140625,SPY,1322
2016-09-14,242042.3298187256,26.120101928710938,242016.20971679688,SPY,1322
2016-09-15,244460.74501037598,26.120101928710938,244434.62490844727,SPY,1322
2016-09-16,243515.86277770996,26.120101928710938,243489.74267578125,SPY,1322
2016-09-19,243561.57279968262,26.120101928710938,243535.4526977539,SPY,1322
2016-09-20,243572.9902191162,26.120101928710938,243546.8701171875,SPY,1322
2016-09-21,246311.779006958,26.120101928710938,246285.6589050293,SPY,1322
2016-09-22,247863.70082092285,26.120101928710938,247837.58071899414,SPY,1322
2016-09-23,246505.7742767334,26.120101928710938,246479.6541748047,SPY,1322
2016-09-26,244508.71430969238,26.120101928710938,244482.59420776367,SPY,1322
2016-09-27,246026.4040374756,26.120101928710938,246000.28393554688,SPY,1322
2016-09-28,247247.48292541504,26.120101928710938,247221.36282348633,SPY,1322
2016-09-29,245010.81852722168,26.120101928710938,244984.69842529297,SPY,1322
2016-09-30,246859.53273010254,26.120101928710938,246833.41262817383,SPY,1322
2016-10-03,246266.06898498535,26.120101928710938,246239.94888305664,SPY,1322
2016-10-04,245010.81852722168,26.120101928710938,244984.69842529297,SPY,1322
2016-10-05,246094.90855407715,26.120101928710938,246068.78845214844,SPY,1322
2016-10-06,246266.06898498535,26.120101928710938,246239.94888305664,SPY,1322
2016-10-07,245421.6640777588,26.120101928710938,245395.54397583008,SPY,1322
2016-10-10,246699.7292022705,26.120101928710938,246673.6091003418,SPY,1322
2016-10-11,243584.36729431152,26.120101928710938,243558.2471923828,SPY,1322
2016-10-12,243903.9340057373,26.120101928710938,243877.8139038086,SPY,1322
2016-10-13,243105.07774353027,26.120101928710938,243078.95764160156,SPY,1322
2016-10-14,243230.62901306152,26.120101928710938,243204.5089111328,SPY,1322
2016-10-17,242386.10307312012,26.120101928710938,242359.9829711914,SPY,1322
2016-10-18,243903.9340057373,26.120101928710938,243877.8139038086,SPY,1322
2016-10-19,244554.38398742676,26.120101928710938,244528.26388549805,SPY,1322
2016-10-20,244097.84858703613,26.120101928710938,244071.72848510742,SPY,1322
2016-10-21,244211.9420928955,26.120101928710938,244185.8219909668,SPY,1322
2016-10-24,245250.48347473145,26.120101928710938,245224.36337280273,SPY,1322
2016-10-25,244428.8327178955,26.120101928710938,244402.7126159668,SPY,1322
2016-10-26,243938.12574768066,26.120101928710938,243912.00564575195,SPY,1322
2016-10-27,243287.63542175293,26.120101928710938,243261.51531982422,SPY,1322
2016-10-28,242568.7212677002,26.120101928710938,242542.60116577148,SPY,1322
2016-10-31,242580.1386871338,26.120101928710938,242554.01858520508,SPY,1322
2016-11-01,240822.74366760254,26.120101928710938,240796.62356567383,SPY,1322
2016-11-02,239373.47776794434,26.120101928710938,239347.35766601562,SPY,1322
2016-11-03,238277.8896331787,26.120101928710938,238251.76953125,SPY,1322
2016-11-04,238015.47053527832,26.120101928710938,237989.3504333496,SPY,1322
2016-11-07,243264.76023864746,26.120101928710938,243238.64013671875,SPY,1322
2016-11-08,244360.36854553223,26.120101928710938,244334.24844360352,SPY,1322
2016-11-09,246950.81156921387,26.120101928710938,246924.69146728516,SPY,1322
2016-11-10,247567.04963684082,26.120101928710938,247540.9295349121,SPY,1322
2016-11-11,246996.38038635254,26.120101928710938,246970.26028442383,SPY,1322
2016-11-14,247190.39582824707,26.120101928710938,247164.27572631836,SPY,1322
2016-11-15,249118.9916229248,26.120101928710938,249092.8715209961,SPY,1322
2016-11-16,248651.1396636963,26.120101928710938,248625.01956176758,SPY,1322
2016-11-17,249929.204788208,26.120101928710938,249903.0846862793,SPY,1322
2016-11-18,249370.0941619873,26.120101928710938,249343.9740600586,SPY,1322
2016-11-21,251252.91941833496,26.120101928710938,251226.79931640625,SPY,1322
2016-11-22,251743.6667327881,26.120101928710938,251717.54663085938,SPY,1322
2016-11-23,251880.63542175293,26.120101928710938,251854.51531982422,SPY,1322
2016-11-25,252816.31916809082,26.120101928710938,252790.1990661621,SPY,1322
2016-11-28,251629.5732269287,26.120101928710938,251603.453125,SPY,1322
2016-11-29,252120.3003692627,26.120101928710938,252094.18026733398,SPY,1322
2016-11-30,251515.47972106934,26.120101928710938,251489.35961914062,SPY,1322
2016-12-01,250591.0923614502,26.120101928710938,250564.97225952148,SPY,1322
2016-12-02,250716.60328674316,26.120101928710938,250690.48318481445,SPY,1322
2016-12-05,252222.87559509277,26.120101928710938,252196.75549316406,SPY,1322
2016-12-06,253021.75202941895,26.120101928710938,252995.63192749023,SPY,1322
2016-12-07,256331.08903503418,26.120101928710938,256304.96893310547,SPY,1322
2016-12-08,256958.76469421387,26.120101928710938,256932.64459228516,SPY,1322
2016-12-09,258510.726852417,26.120101928710938,258484.60675048828,SPY,1322
2016-12-12,258214.01515197754,26.120101928710938,258187.89505004883,SPY,1322
2016-12-13,259937.21842956543,26.120101928710938,259911.09832763672,SPY,1322
2016-12-14,257791.85304260254,26.120101928710938,257765.73294067383,SPY,1322
2016-12-15,258853.08805847168,26.120101928710938,258826.96795654297,SPY,1322
2016-12-16,258346.84855651855,26.120101928710938,258320.72845458984,SPY,1322
2016-12-19,258909.4086151123,26.120101928710938,258883.2885131836,SPY,1322
2016-12-20,259907.94868469238,26.120101928710938,259881.82858276367,SPY,1322
2016-12-21,259184.85890197754,26.120101928710938,259158.73880004883,SPY,1322
2016-12-22,258737.1588897705,26.120101928710938,258711.0387878418,SPY,1322
2016-12-23,259115.99128723145,26.120101928710938,259089.87118530273,SPY,1322
2016-12-27,259758.75569152832,26.120101928710938,259732.6355895996,SPY,1322
2016-12-28,257612.22032165527,26.120101928710938,257586.10021972656,SPY,1322
2016-12-29,257554.89115905762,26.120101928710938,257528.7710571289,SPY,1322
2016-12-30,256613.55921936035,26.120101928710938,256587.43911743164,SPY,1322
2017-01-03,258576.48796081543,26.120101928710938,258550.36785888672,SPY,1322
2017-01-04,260114.69273376465,26.120101928710938,260088.57263183594,SPY,1322
2017-01-05,259907.94868469238,26.120101928710938,259881.82858276367,SPY,1322
2017-01-06,260837.76234436035,26.120101928710938,260811.64224243164,SPY,1322
2017-01-09,259976.89698791504,26.120101928710938,259950.77688598633,SPY,1322
2017-01-10,259976.89698791504,26.120101928710938,259950.77688598633,SPY,1322
2017-01-11,260711.54539489746,26.120101928710938,260685.42529296875,SPY,1322
2017-01-12,260057.2627105713,26.120101928710938,260031.14260864258,SPY,1322
2017-01-13,260654.17588806152,26.120101928710938,260628.0557861328,SPY,1322
2017-01-17,259735.81999206543,26.120101928710938,259709.69989013672,SPY,1322
2017-01-18,260309.7571258545,26.120101928710938,260283.63702392578,SPY,1322
2017-01-19,259345.5701751709,26.120101928710938,259319.4500732422,SPY,1322
2017-01-20,260298.35987854004,26.120101928710938,260272.23977661133,SPY,1322
2017-01-23,259621.04063415527,26.120101928710938,259594.92053222656,SPY,1322
2017-01-24,261285.48252868652,26.120101928710938,261259.3624267578,SPY,1322
2017-01-25,263546.85777282715,26.120101928710938,263520.73767089844,SPY,1322
2017-01-26,263271.36714172363,26.120101928710938,263245.2470397949,SPY,1322
2017-01-27,262858.1211090088,26.120101928710938,262832.0010070801,SPY,1322
2017-01-30,261228.13319396973,26.120101928710938,261202.01309204102,SPY,1322
2017-01-31,261205.15715026855,26.120101928710938,261179.03704833984,SPY,1322
2017-02-01,261308.39805603027,26.120101928710938,261282.27795410156,SPY,1322
2017-02-02,261480.64778137207,26.120101928710938,261454.52767944336,SPY,1322
2017-02-03,263282.7643890381,26.120101928710938,263256.6442871094,SPY,1322
2017-02-06,262812.16902160645,26.120101928710938,262786.04891967773,SPY,1322
2017-02-07,262823.6671295166,26.120101928710938,262797.5470275879,SPY,1322
2017-02-08,263168.0657196045,26.120101928710938,263141.9456176758,SPY,1322
2017-02-09,264729.2061920166,26.120101928710938,264703.0860900879,SPY,1322
2017-02-10,265773.6781768799,26.120101928710938,265747.5580749512,SPY,1322
2017-02-13,267219.99894714355,26.120101928710938,267193.87884521484,SPY,1322
2017-02-14,268287.60835266113,26.120101928710938,268261.4882507324,SPY,1322
2017-02-15,269688.01737976074,26.120101928710938,269661.89727783203,SPY,1322
2017-02-16,269458.45866394043,26.120101928710938,269432.3385620117,SPY,1322
2017-02-17,269883.12211608887,26.120101928710938,269857.00201416016,SPY,1322
2017-02-21,271490.2146759033,26.120101928710938,271464.0945739746,SPY,1322
2017-02-22,271249.1376800537,26.120101928710938,271223.017578125,SPY,1322
2017-02-23,271432.7644805908,26.120101928710938,271406.6443786621,SPY,1322
2017-02-24,271777.2437591553,26.120101928710938,271751.12365722656,SPY,1322
2017-02-27,272201.9072113037,26.120101928710938,272175.787109375,SPY,1322
2017-02-28,271467.27897644043,26.120101928710938,271441.1588745117,SPY,1322
2017-03-01,275266.69761657715,26.120101928710938,275240.57751464844,SPY,1322
2017-03-02,273533.5293121338,26.120101928710938,273507.4092102051,SPY,1322
2017-03-03,273705.65800476074,26.120101928710938,273679.53790283203,SPY,1322
2017-03-06,272890.64387512207,26.120101928710938,272864.52377319336,SPY,1322
2017-03-07,272075.60957336426,26.120101928710938,272049.48947143555,SPY,1322
2017-03-08,271570.58039855957,26.120101928710938,271544.46029663086,SPY,1322
2017-03-09,271914.91847229004,26.120101928710938,271888.7983703613,SPY,1322
2017-03-10,272867.64765930176,26.120101928710938,272841.52755737305,SPY,1322
2017-03-13,273005.3627166748,26.120101928710938,272979.2426147461,SPY,1322
2017-03-14,271960.8302154541,26.120101928710938,271934.7101135254,SPY,1322
2017-03-15,274314.02894592285,26.120101928710938,274287.90884399414,SPY,1322
2017-03-16,273774.4449310303,26.120101928710938,273748.32482910156,SPY,1322
2017-03-17,273293.72315979004,26.120101928710938,273267.6030578613,SPY,1322
2017-03-20,272993.9856414795,26.120101928710938,272967.8655395508,SPY,1322
2017-03-21,269489.241317749,26.120101928710938,269463.1212158203,SPY,1322
2017-03-22,270123.33171081543,26.120101928710938,270097.2116088867,SPY,1322
2017-03-23,269835.0317840576,26.120101928710938,269808.9116821289,SPY,1322
2017-03-24,269639.0798187256,26.120101928710938,269612.9597167969,SPY,1322
2017-03-27,269362.43937683105,26.120101928710938,269336.31927490234,SPY,1322
2017-03-28,271322.2817840576,26.120101928710938,271296.1616821289,SPY,1322
2017-03-29,271575.98652648926,26.120101928710938,271549.86642456055,SPY,1322
2017-03-30,272440.62406921387,26.120101928710938,272414.50396728516,SPY,1322
2017-03-31,271806.53367614746,26.120101928710938,271780.41357421875,SPY,1322
2017-04-03,271333.8404083252,26.120101928710938,271307.7203063965,SPY,1322
2017-04-04,271506.75581359863,26.120101928710938,271480.6357116699,SPY,1322
2017-04-05,270699.77018737793,26.120101928710938,270673.6500854492,SPY,1322
2017-04-06,271460.68269348145,26.120101928710938,271434.56259155273,SPY,1322
2017-04-07,271183.9817352295,26.120101928710938,271157.8616333008,SPY,1322
2017-04-10,271345.3586883545,26.120101928710938,271319.2385864258,SPY,1322
2017-04-11,271022.54426574707,26.120101928710938,270996.42416381836,SPY,1322
2017-04-12,269835.0317840576,26.120101928710938,269808.9116821289,SPY,1322
2017-04-13,268082.7201385498,26.120101928710938,268056.6000366211,SPY,1322
2017-04-17,270457.70475769043,26.120101928710938,270431.5846557617,SPY,1322
2017-04-18,269650.5980987549,26.120101928710938,269624.4779968262,SPY,1322
2017-04-19,269154.868270874,26.120101928710938,269128.7481689453,SPY,1322
2017-04-20,271345.3586883545,26.120101928710938,271319.2385864258,SPY,1322
2017-04-21,270480.741317749,26.120101928710938,270454.6212158203,SPY,1322
2017-04-24,273455.1202850342,26.120101928710938,273429.00018310547,SPY,1322
2017-04-25,275046.1558380127,26.120101928710938,275020.035736084,SPY,1322
2017-04-26,274873.2202606201,26.120101928710938,274847.1001586914,SPY,1322
2017-04-27,275103.7472381592,26.120101928710938,275077.62713623047,SPY,1322
2017-04-28,274504.2923736572,26.120101928710938,274478.1722717285,SPY,1322
2017-05-01,275196.0145111084,26.120101928710938,275169.8944091797,SPY,1322
2017-05-02,275299.75971984863,26.120101928710938,275273.6396179199,SPY,1322
2017-05-03,274965.38667297363,26.120101928710938,274939.2665710449,SPY,1322
2017-05-04,275288.2817840576,26.120101928710938,275262.1616821289,SPY,1322
2017-05-05,276371.94819641113,26.120101928710938,276345.8280944824,SPY,1322
2017-05-08,276325.8549041748,26.120101928710938,276299.7348022461,SPY,1322
2017-05-09,276072.2106781006,26.120101928710938,276046.0905761719,SPY,1322
2017-05-10,276568.021194458,26.120101928710938,276541.9010925293,SPY,1322
2017-05-11,276003.08082580566,26.120101928710938,275976.96072387695,SPY,1322
2017-05-12,275541.8654937744,26.120101928710938,275515.7453918457,SPY,1322
2017-05-15,277063.7308502197,26.120101928710938,277037.610748291,SPY,1322
2017-05-16,276810.06645202637,26.120101928710938,276783.94635009766,SPY,1322
2017-05-17,271898.78077697754,26.120101928710938,271872.6606750488,SPY,1322
2017-05-18,272993.9856414795,26.120101928710938,272967.8655395508,SPY,1322
2017-05-19,274769.495223999,26.120101928710938,274743.3751220703,SPY,1322
2017-05-22,276164.4174346924,26.120101928710938,276138.2973327637,SPY,1322
2017-05-23,276775.4107513428,26.120101928710938,276749.29064941406,SPY,1322
2017-05-24,277421.0395965576,26.120101928710938,277394.9194946289,SPY,1322
2017-05-25,278746.8521270752,26.120101928710938,278720.7320251465,SPY,1322
2017-05-26,278689.22038269043,26.120101928710938,278663.1002807617,SPY,1322
2017-05-30,278447.1347808838,26.120101928710938,278421.0146789551,SPY,1322
2017-05-31,278377.9645843506,26.120101928710938,278351.8444824219,SPY,1322
2017-06-01,280591.53190612793,26.120101928710938,280565.4118041992,SPY,1322
2017-06-02,281525.2589569092,26.120101928710938,281499.13885498047,SPY,1322
2017-06-05,281317.82905578613,26.120101928710938,281291.7089538574,SPY,1322
2017-06-06,280418.55598449707,26.120101928710938,280392.43588256836,SPY,1322
2017-06-07,280937.4030609131,26.120101928710938,280911.2829589844,SPY,1322
2017-06-08,281075.72328186035,26.120101928710938,281049.60317993164,SPY,1322
2017-06-09,280649.1636505127,26.120101928710938,280623.043548584,SPY,1322
2017-06-12,280591.53190612793,26.120101928710938,280565.4118041992,SPY,1322
2017-06-13,281963.3772125244,26.120101928710938,281937.2571105957,SPY,1322
2017-06-14,281606.0079498291,26.120101928710938,281579.8878479004,SPY,1322
2017-06-15,281064.2251739502,26.120101928710938,281038.1050720215,SPY,1322
2017-06-16,281125.588760376,26.120101928710938,281099.46865844727,SPY,1322
2017-06-19,283465.79664611816,26.120101928710938,283439.67654418945,SPY,1322
2017-06-20,281554.24629211426,26.120101928710938,281528.12619018555,SPY,1322
2017-06-21,281484.67265319824,26.120101928710938,281458.55255126953,SPY,1322
2017-06-22,281357.26554870605,26.120101928710938,281331.14544677734,SPY,1322
2017-06-23,281693.23219299316,26.120101928710938,281667.11209106445,SPY,1322
2017-06-26,281878.59379577637,26.120101928710938,281852.47369384766,SPY,1322
2017-06-27,279607.93937683105,26.120101928710938,279581.81927490234,SPY,1322
2017-06-28,282110.351272583,26.120101928710938,282084.2311706543,SPY,1322
2017-06-29,279631.07679748535,26.120101928710938,279604.95669555664,SPY,1322
2017-06-30,280152.4252166748,26.120101928710938,280126.3051147461,SPY,1322
2017-07-03,280627.4181060791,26.120101928710938,280601.2980041504,SPY,1322
2017-07-05,281276.17362976074,26.120101928710938,281250.05352783203,SPY,1322
2017-07-06,278704.3494720459,26.120101928710938,278678.2293701172,SPY,1322
2017-07-07,280511.6301422119,26.120101928710938,280485.5100402832,SPY,1322
2017-07-10,280812.8402252197,26.120101928710938,280786.720123291,SPY,1322
2017-07-11,280604.2403411865,26.120101928710938,280578.1202392578,SPY,1322
2017-07-12,282712.73109436035,26.120101928710938,282686.61099243164,SPY,1322
2017-07-13,283187.72398376465,26.120101928710938,283161.60388183594,SPY,1322
2017-07-14,284508.4127960205,26.120101928710938,284482.2926940918,SPY,1322
2017-07-17,284473.71675109863,26.120101928710938,284447.5966491699,SPY,1322
2017-07-18,284624.241104126,26.120101928710938,284598.12100219727,SPY,1322
2017-07-19,286165.0682525635,26.120101928710938,286138.94815063477,SPY,1322
2017-07-20,286292.5358734131,26.120101928710938,286266.4157714844,SPY,1322
2017-07-21,286037.64097595215,26.120101928710938,286011.52087402344,SPY,1322
2017-07-24,285968.1480255127,26.120101928710938,285942.027923584,SPY,1322
2017-07-25,286663.23890686035,26.120101928710938,286637.11880493164,SPY,1322
2017-07-26,286674.79753112793,26.120101928710938,286648.6774291992,SPY,1322
2017-07-27,286408.3440093994,26.120101928710938,286382.2239074707,SPY,1322
2017-07-28,286072.4177093506,26.120101928710938,286046.2976074219,SPY,1322
2017-07-31,285910.23387145996,26.120101928710938,285884.11376953125,SPY,1322
2017-08-01,286547.4105987549,26.120101928710938,286521.2904968262,SPY,1322
2017-08-02,286686.3964996338,26.120101928710938,286660.2763977051,SPY,1322
2017-08-03,286130.39237976074,26.120101928710938,286104.27227783203,SPY,1322
2017-08-04,286651.61976623535,26.120101928710938,286625.49966430664,SPY,1322
2017-08-07,287184.5268096924,26.120101928710938,287158.4067077637,SPY,1322
2017-08-08,286477.8167877197,26.120101928710938,286451.696685791,SPY,1322
2017-08-09,286466.21781921387,26.120101928710938,286440.09771728516,SPY,1322
2017-08-10,282423.059463501,26.120101928710938,282396.93936157227,SPY,1322
2017-08-11,282840.19871520996,26.120101928710938,282814.07861328125,SPY,1322
2017-08-14,285643.7601776123,26.120101928710938,285617.6400756836,SPY,1322
2017-08-15,285608.9632720947,26.120101928710938,285582.843170166,SPY,1322
2017-08-16,286107.21461486816,26.120101928710938,286081.09451293945,SPY,1322
2017-08-17,281646.93717956543,26.120101928710938,281620.8170776367,SPY,1322
2017-08-18,281206.72102355957,26.120101928710938,281180.60092163086,SPY,1322
2017-08-21,281426.7988433838,26.120101928710938,281400.6787414551,SPY,1322
2017-08-22,284369.44706726074,26.120101928710938,284343.32696533203,SPY,1322
2017-08-23,283349.9279937744,26.120101928710938,283323.8078918457,SPY,1322
2017-08-24,282689.5735015869,26.120101928710938,282663.4533996582,SPY,1322
2017-08-25,283349.9279937744,26.120101928710938,283323.8078918457,SPY,1322
2017-08-28,283361.5471343994,26.120101928710938,283335.4270324707,SPY,1322
2017-08-29,283685.8946380615,26.120101928710938,283659.7745361328,SPY,1322
2017-08-30,285029.76121520996,26.120101928710938,285003.64111328125,SPY,1322
2017-08-31,286744.27030944824,26.120101928710938,286718.15020751953,SPY,1322
2017-09-01,287149.81059265137,26.120101928710938,287123.69049072266,SPY,1322
2017-09-05,285087.6753692627,26.120101928710938,285061.555267334,SPY,1322
2017-09-06,286060.83891296387,26.120101928710938,286034.71881103516,SPY,1322
2017-09-07,286026.08235168457,26.120101928710938,285999.96224975586,SPY,1322
2017-09-08,285690.11570739746,26.120101928710938,285663.99560546875,SPY,1322
2017-09-11,288736.91258239746,26.120101928710938,288710.79248046875,SPY,1322
2017-09-12,289710.0962982178,26.120101928710938,289683.97619628906,SPY,1322
2017-09-13,289849.1023712158,26.120101928710938,289822.9822692871,SPY,1322
2017-09-14,289756.47200012207,26.120101928710938,289730.35189819336,SPY,1322
2017-09-15,290146.4192352295,26.120101928710938,290120.2991333008,SPY,1322
2017-09-18,290763.5247039795,26.120101928710938,290737.4046020508,SPY,1322
2017-09-19,291054.62855529785,26.120101928710938,291028.50845336914,SPY,1322
2017-09-20,291159.4227142334,26.120101928710938,291133.3026123047,SPY,1322
2017-09-21,290379.2660064697,26.120101928710938,290353.145904541,SPY,1322
2017-09-22,290437.62394714355,26.120101928710938,290411.50384521484,SPY,1322
2017-09-25,289843.75675964355,26.120101928710938,289817.63665771484,SPY,1322
2017-09-26,290018.3666229248,26.120101928710938,289992.2465209961,SPY,1322
2017-09-27,291147.72288513184,26.120101928710938,291121.6027832031,SPY,1322
2017-09-28,291497.04347229004,26.120101928710938,291470.9233703613,SPY,1322
2017-09-29,292521.56523132324,26.120101928710938,292495.44512939453,SPY,1322
2017-10-02,293790.5730743408,26.120101928710938,293764.4529724121,SPY,1322
2017-10-03,294419.31785583496,26.120101928710938,294393.19775390625,SPY,1322
2017-10-04,294768.5980987549,26.120101928710938,294742.4779968262,SPY,1322
2017-10-05,296514.9589691162,26.120101928710938,296488.8388671875,SPY,1322
2017-10-06,296177.27769470215,26.120101928710938,296151.15759277344,SPY,1322
2017-10-09,295688.28535461426,26.120101928710938,295662.16525268555,SPY,1322
2017-10-10,296468.3815460205,26.120101928710938,296442.2614440918,SPY,1322
2017-10-11,296934.0952606201,26.120101928710938,296907.9751586914,SPY,1322
2017-10-12,296491.68034362793,26.120101928710938,296465.5602416992,SPY,1322
2017-10-13,296852.5595550537,26.120101928710938,296826.439453125,SPY,1322
2017-10-16,297248.37687683105,26.120101928710938,297222.25677490234,SPY,1322
2017-10-17,297458.00553894043,26.120101928710938,297431.8854370117,SPY,1322
2017-10-18,297749.08921813965,26.120101928710938,297722.96911621094,SPY,1322
2017-10-19,297830.56440734863,26.120101928710938,297804.4443054199,SPY,1322
2017-10-20,299367.3167877197,26.120101928710938,299341.196685791,SPY,1322
2017-10-23,298203.08293151855,26.120101928710938,298176.96282958984,SPY,1322
2017-10-24,298726.9730377197,26.120101928710938,298700.852935791,SPY,1322
2017-10-25,297248.37687683105,26.120101928710938,297222.25677490234,SPY,1322
2017-10-26,297632.59523010254,26.120101928710938,297606.4751281738,SPY,1322
2017-10-27,300065.937789917,26.120101928710938,300039.8176879883,SPY,1322
2017-10-30,298948.2611846924,26.120101928710938,298922.1410827637,SPY,1322
2017-10-31,299413.9345550537,26.120101928710938,299387.814453125,SPY,1322
2017-11-01,299809.7720489502,26.120101928710938,299783.6519470215,SPY,1322
2017-11-02,299926.1651763916,26.120101928710938,299900.0450744629,SPY,1322
2017-11-03,300927.4889984131,26.120101928710938,300901.3688964844,SPY,1322
2017-11-06,301393.2027130127,26.120101928710938,301367.082611084,SPY,1322
2017-11-07,301183.59422302246,26.120101928710938,301157.47412109375,SPY,1322
2017-11-08,301695.86518859863,26.120101928710938,301669.7450866699,SPY,1322
2017-11-09,300601.4672088623,26.120101928710938,300575.3471069336,SPY,1322
2017-11-10,300508.3527069092,26.120101928710938,300482.23260498047,SPY,1322
2017-11-13,300787.756729126,26.120101928710938,300761.63662719727,SPY,1322
2017-11-14,300089.2164154053,26.120101928710938,300063.09631347656,SPY,1322
2017-11-15,298587.30128479004,26.120101928710938,298561.1811828613,SPY,1322
2017-11-16,301125.33714294434,26.120101928710938,301099.2170410156,SPY,1322
2017-11-17,300240.54765319824,26.120101928710938,300214.42755126953,SPY,1322
2017-11-20,300752.8186187744,26.120101928710938,300726.6985168457,SPY,1322
2017-11-21,302720.4272918701,26.120101928710938,302694.3071899414,SPY,1322
2017-11-22,302452.66258239746,26.120101928710938,302426.54248046875,SPY,1322
2017-11-24,303151.0818634033,26.120101928710938,303124.9617614746,SPY,1322
2017-11-27,302999.8313140869,26.120101928710938,302973.7112121582,SPY,1322
2017-11-28,306073.45710754395,26.120101928710938,306047.33700561523,SPY,1322
2017-11-29,305887.2281036377,26.120101928710938,305861.108001709,SPY,1322
2017-11-30,308564.97605895996,26.120101928710938,308538.85595703125,SPY,1322
2017-12-01,307924.6524810791,26.120101928710938,307898.5323791504,SPY,1322
2017-12-04,307552.1339569092,26.120101928710938,307526.01385498047,SPY,1322
2017-12-05,306446.07649230957,26.120101928710938,306419.95639038086,SPY,1322
2017-12-06,306504.21253967285,26.120101928710938,306478.09243774414,SPY,1322
2017-12-07,307470.5982513428,26.120101928710938,307444.47814941406,SPY,1322
2017-12-08,309147.082901001,26.120101928710938,309120.96279907227,SPY,1322
2017-12-11,310078.5506744385,26.120101928710938,310052.43057250977,SPY,1322
2017-12-12,310625.71940612793,26.120101928710938,310599.5993041992,SPY,1322
2017-12-13,310590.7611236572,26.120101928710938,310564.6410217285,SPY,1322
2017-12-14,309321.7734527588,26.120101928710938,309295.6533508301,SPY,1322
2017-12-15,311897.4504852295,26.120101928710938,311871.3303833008,SPY,1322
2017-12-18,313875.02418518066,26.120101928710938,313848.90408325195,SPY,1322
2017-12-19,312669.69972229004,26.120101928710938,312643.5796203613,SPY,1322
2017-12-20,312505.84159851074,26.120101928710938,312479.72149658203,SPY,1322
2017-12-21,313149.47340393066,26.120101928710938,313123.35330200195,SPY,1322
2017-12-22,313067.5746002197,26.120101928710938,313041.454498291,SPY,1322
2017-12-26,312693.079208374,26.120101928710938,312666.9591064453,SPY,1322
2017-12-27,312845.3181915283,26.120101928710938,312819.1980895996,SPY,1322
2017-12-28,313488.8693084717,26.120101928710938,313462.74920654297,SPY,1322
2017-12-29,312306.9646759033,26.120101928710938,312280.8445739746,SPY,1322
2018-01-02,314541.9144439697,26.120101928710938,314515.794342041,SPY,1322
2018-01-03,316531.268661499,26.120101928710938,316505.1485595703,SPY,1322
2018-01-04,317865.35176086426,26.120101928710938,317839.23165893555,SPY,1322
2018-01-05,319983.4242706299,26.120101928710938,319957.3041687012,SPY,1322
2018-01-08,320568.53675842285,26.120101928710938,320542.41665649414,SPY,1322
2018-01-09,321294.107711792,26.120101928710938,321267.9876098633,SPY,1322
2018-01-10,320802.61402893066,26.120101928710938,320776.49392700195,SPY,1322
2018-01-11,323143.0034637451,26.120101928710938,323116.8833618164,SPY,1322
2018-01-12,325249.3358001709,26.120101928710938,325223.2156982422,SPY,1322
2018-01-16,324137.6704864502,26.120101928710938,324111.5503845215,SPY,1322
2018-01-17,327226.94984436035,26.120101928710938,327200.82974243164,SPY,1322
2018-01-18,326677.11839294434,26.120101928710938,326650.9982910156,SPY,1322
2018-01-19,328163.1580657959,26.120101928710938,328137.0379638672,SPY,1322
2018-01-22,330831.1427154541,26.120101928710938,330805.0226135254,SPY,1322
2018-01-23,331533.47538757324,26.120101928710938,331507.35528564453,SPY,1322
2018-01-24,331404.61589050293,26.120101928710938,331378.4957885742,SPY,1322
2018-01-25,331545.05418395996,26.120101928710938,331518.93408203125,SPY,1322
2018-01-26,335383.3041534424,26.120101928710938,335357.1840515137,SPY,1322
2018-01-29,333159.95335388184,26.120101928710938,333133.8332519531,SPY,1322
2018-01-30,329743.0182647705,26.120101928710938,329716.8981628418,SPY,1322
2018-01-31,329906.7755279541,26.120101928710938,329880.6554260254,SPY,1322
2018-02-01,329532.40116882324,26.120101928710938,329506.28106689453,SPY,1322
2018-02-02,322358.93336486816,26.120101928710938,322332.81326293945,SPY,1322
2018-02-05,308878.24906921387,26.120101928710938,308852.12896728516,SPY,1322
2018-02-06,314963.3100128174,26.120101928710938,314937.1899108887,SPY,1322
2018-02-07,313254.83238220215,26.120101928710938,313228.71228027344,SPY,1322
2018-02-08,301505.9648590088,26.120101928710938,301479.8447570801,SPY,1322
2018-02-09,306034.6459503174,26.120101928710938,306008.5258483887,SPY,1322
2018-02-12,310528.24772644043,26.120101928710938,310502.1276245117,SPY,1322
2018-02-13,311300.5574798584,26.120101928710938,311274.4373779297,SPY,1322
2018-02-14,315501.5828399658,26.120101928710938,315475.4627380371,SPY,1322
2018-02-15,319527.0704193115,26.120101928710938,319500.9503173828,SPY,1322
2018-02-16,319620.6488800049,26.120101928710938,319594.5287780762,SPY,1322
2018-02-20,317619.594833374,26.120101928710938,317593.4747314453,SPY,1322
2018-02-21,316039.8758392334,26.120101928710938,316013.7557373047,SPY,1322
2018-02-22,316449.4303741455,26.120101928710938,316423.3102722168,SPY,1322
2018-02-23,321493.14601135254,26.120101928710938,321467.0259094238,SPY,1322
2018-02-26,325226.01683044434,26.120101928710938,325199.8967285156,SPY,1322
2018-02-27,321165.32890319824,26.120101928710938,321139.20880126953,SPY,1322
2018-02-28,317912.1914215088,26.120101928710938,317886.0713195801,SPY,1322
2018-03-01,313289.9722137451,26.120101928710938,313263.8521118164,SPY,1322
2018-03-02,314904.75035095215,26.120101928710938,314878.63024902344,SPY,1322
2018-03-05,318544.0427093506,26.120101928710938,318517.9226074219,SPY,1322
2018-03-06,319351.5729827881,26.120101928710938,319325.4528808594,SPY,1322
2018-03-07,319234.5545196533,26.120101928710938,319208.4344177246,SPY,1322
2018-03-08,320779.27488708496,26.120101928710938,320753.15478515625,SPY,1322
2018-03-09,326361.0011138916,26.120101928710938,326334.8810119629,SPY,1322
2018-03-12,325951.52726745605,26.120101928710938,325925.40716552734,SPY,1322
2018-03-13,323845.154586792,26.120101928710938,323819.0344848633,SPY,1322
2018-03-14,322183.476272583,26.120101928710938,322157.3561706543,SPY,1322
2018-03-15,321832.3603668213,26.120101928710938,321806.2402648926,SPY,1322
2018-03-16,322181.3783721924,26.120101928710938,322155.2582702637,SPY,1322
2018-03-19,317822.40531921387,26.120101928710938,317796.28521728516,SPY,1322
2018-03-20,318362.9575958252,26.120101928710938,318336.8374938965,SPY,1322
2018-03-21,317751.94410705566,26.120101928710938,317725.82400512695,SPY,1322
2018-03-22,309809.75718688965,26.120101928710938,309783.63708496094,SPY,1322
2018-03-23,303206.81742858887,26.120101928710938,303180.69732666016,SPY,1322
2018-03-26,311501.53230285645,26.120101928710938,311475.41220092773,SPY,1322
2018-03-27,306202.8209075928,26.120101928710938,306176.70080566406,SPY,1322
2018-03-28,305298.1215362549,26.120101928710938,305272.0014343262,SPY,1322
2018-03-29,309198.80421447754,26.120101928710938,309172.6841125488,SPY,1322
2018-04-02,302525.40324401855,26.120101928710938,302499.28314208984,SPY,1322
2018-04-03,306402.52488708496,26.120101928710938,306376.40478515625,SPY,1322
2018-04-04,309680.51441955566,26.120101928710938,309654.39431762695,SPY,1322
2018-04-05,312124.30613708496,26.120101928710938,312098.18603515625,SPY,1322
2018-04-06,305168.95945739746,26.120101928710938,305142.83935546875,SPY,1322
2018-04-09,306672.7707672119,26.120101928710938,306646.6506652832,SPY,1322
2018-04-10,311548.4728240967,26.120101928710938,311522.35272216797,SPY,1322
2018-04-11,309915.47926330566,26.120101928710938,309889.35916137695,SPY,1322
2018-04-12,312465.03340148926,26.120101928710938,312438.91329956055,SPY,1322
2018-04-13,311548.4728240967,26.120101928710938,311522.35272216797,SPY,1322
2018-04-16,314109.8074798584,26.120101928710938,314083.6873779297,SPY,1322
2018-04-17,317470.0790863037,26.120101928710938,317443.958984375,SPY,1322
2018-04-18,317705.02375793457,26.120101928710938,317678.90365600586,SPY,1322
2018-04-19,315942.6462249756,26.120101928710938,315916.5261230469,SPY,1322
2018-04-20,313263.849319458,26.120101928710938,313237.7292175293,SPY,1322
2018-04-23,313216.94914245605,26.120101928710938,313190.82904052734,SPY,1322
2018-04-24,308999.0800628662,26.120101928710938,308972.9599609375,SPY,1322
2018-04-25,309762.756149292,26.120101928710938,309736.6360473633,SPY,1322
2018-04-26,312911.5029144287,26.120101928710938,312885.3828125,SPY,1322
2018-04-27,313205.16862487793,26.120101928710938,313179.0485229492,SPY,1322
2018-04-30,310796.6781158447,26.120101928710938,310770.558013916,SPY,1322
2018-05-01,311348.88987731934,26.120101928710938,311322.7697753906,SPY,1322
2018-05-02,309257.5857696533,26.120101928710938,309231.4656677246,SPY,1322
2018-05-03,308576.1110687256,26.120101928710938,308549.9909667969,SPY,1322
2018-05-04,312570.69496154785,26.120101928710938,312544.57485961914,SPY,1322
2018-05-07,313628.17796325684,26.120101928710938,313602.0578613281,SPY,1322
2018-05-08,313628.17796325684,26.120101928710938,313602.0578613281,SPY,1322
2018-05-09,316659.4221343994,26.120101928710938,316633.3020324707,SPY,1322
2018-05-10,319619.98320007324,26.120101928710938,319593.86309814453,SPY,1322
2018-05-11,320595.2849884033,26.120101928710938,320569.1648864746,SPY,1322
2018-05-14,320747.98793029785,26.120101928710938,320721.86782836914,SPY,1322
2018-05-15,318539.20140075684,26.120101928710938,318513.0812988281,SPY,1322
2018-05-16,319878.5695953369,26.120101928710938,319852.4494934082,SPY,1322
2018-05-17,319608.26319885254,26.120101928710938,319582.1430969238,SPY,1322
2018-05-18,318809.3060760498,26.120101928710938,318783.1859741211,SPY,1322
2018-05-21,321206.1371002197,26.120101928710938,321180.016998291,SPY,1322
2018-05-22,320313.21824645996,26.120101928710938,320287.09814453125,SPY,1322
2018-05-23,321194.37675476074,26.120101928710938,321168.25665283203,SPY,1322
2018-05-24,320536.46308898926,26.120101928710938,320510.34298706055,SPY,1322
2018-05-25,319772.8071746826,26.120101928710938,319746.6870727539,SPY,1322
2018-05-29,316095.36933898926,26.120101928710938,316069.24923706055,SPY,1322
2018-05-30,320313.21824645996,26.120101928710938,320287.09814453125,SPY,1322
2018-05-31,318351.1972503662,26.120101928710938,318325.0771484375,SPY,1322
2018-06-01,321476.36280822754,26.120101928710938,321450.2427062988,SPY,1322
2018-06-04,323003.7553253174,26.120101928710938,322977.6352233887,SPY,1322
2018-06-05,323238.80085754395,26.120101928710938,323212.68075561523,SPY,1322
2018-06-06,325940.9772491455,26.120101928710938,325914.8571472168,SPY,1322
2018-06-07,325905.7769012451,26.120101928710938,325879.6567993164,SPY,1322
2018-06-08,326869.0762786865,26.120101928710938,326842.9561767578,SPY,1322
2018-06-11,327303.926651001,26.120101928710938,327277.80654907227,SPY,1322
2018-06-12,327726.7947845459,26.120101928710938,327700.6746826172,SPY,1322
2018-06-13,326681.1729888916,26.120101928710938,326655.0528869629,SPY,1322
2018-06-14,327503.610458374,26.120101928710938,327477.4903564453,SPY,1322
2018-06-15,327085.78535461426,26.120101928710938,327059.66525268555,SPY,1322
2018-06-18,326413.0855255127,26.120101928710938,326386.965423584,SPY,1322
2018-06-19,325162.1519012451,26.120101928710938,325136.0317993164,SPY,1322
2018-06-20,325716.844833374,26.120101928710938,325690.7247314453,SPY,1322
2018-06-21,323675.16413879395,26.120101928710938,323649.04403686523,SPY,1322
2018-06-22,324265.1986236572,26.120101928710938,324239.0785217285,SPY,1322
2018-06-25,319851.33723449707,26.120101928710938,319825.21713256836,SPY,1322
2018-06-26,320559.4794769287,26.120101928710938,320533.359375,SPY,1322
2018-06-27,317904.1427459717,26.120101928710938,317878.02264404297,SPY,1322
2018-06-28,319721.6103363037,26.120101928710938,319695.490234375,SPY,1322
2018-06-29,320181.8574066162,26.120101928710938,320155.7373046875,SPY,1322
2018-07-02,320866.1965484619,26.120101928710938,320840.0764465332,SPY,1322
2018-07-03,319733.45137023926,26.120101928710938,319707.33126831055,SPY,1322
2018-07-05,322341.54499816895,26.120101928710938,322315.42489624023,SPY,1322
2018-07-06,325067.8069000244,26.120101928710938,325041.6867980957,SPY,1322
2018-07-09,327994.478805542,26.120101928710938,327968.3587036133,SPY,1322
2018-07-10,329174.7091522217,26.120101928710938,329148.58905029297,SPY,1322
2018-07-11,326767.20707702637,26.120101928710938,326741.08697509766,SPY,1322
2018-07-12,329729.321395874,26.120101928710938,329703.2012939453,SPY,1322
2018-07-13,329989.1382904053,26.120101928710938,329963.01818847656,SPY,1322
2018-07-16,329694.0000152588,26.120101928710938,329667.8799133301,SPY,1322
2018-07-17,331027.5384674072,26.120101928710938,331001.4183654785,SPY,1322
2018-07-18,331723.9203643799,26.120101928710938,331697.8002624512,SPY,1322
2018-07-19,330472.96656799316,26.120101928710938,330446.84646606445,SPY,1322
2018-07-20,330095.2638092041,26.120101928710938,330069.1437072754,SPY,1322
2018-07-23,330708.91984558105,26.120101928710938,330682.79974365234,SPY,1322
2018-07-24,332372.9582977295,26.120101928710938,332346.8381958008,SPY,1322
2018-07-25,335205.4062347412,26.120101928710938,335179.2861328125,SPY,1322
2018-07-26,334414.61882019043,26.120101928710938,334388.4987182617,SPY,1322
2018-07-27,332148.825881958,26.120101928710938,332122.7057800293,SPY,1322
2018-07-30,330413.983291626,26.120101928710938,330387.86318969727,SPY,1322
2018-07-31,332042.47846984863,26.120101928710938,332016.3583679199,SPY,1322
2018-08-01,331487.84605407715,26.120101928710938,331461.72595214844,SPY,1322
2018-08-02,333293.5129547119,26.120101928710938,333267.3928527832,SPY,1322
2018-08-03,334721.5174407959,26.120101928710938,334695.3973388672,SPY,1322
2018-08-06,335948.8295135498,26.120101928710938,335922.7094116211,SPY,1322
2018-08-07,337058.1548614502,26.120101928710938,337032.0347595215,SPY,1322
2018-08-08,336916.60710144043,26.120101928710938,336890.4869995117,SPY,1322
2018-08-09,336456.46089172363,26.120101928710938,336430.3407897949,SPY,1322
2018-08-10,334202.1862335205,26.120101928710938,334176.0661315918,SPY,1322
2018-08-13,332951.2324371338,26.120101928710938,332925.1123352051,SPY,1322
2018-08-14,335075.5179595947,26.120101928710938,335049.397857666,SPY,1322
2018-08-15,332573.6103668213,26.120101928710938,332547.4902648926,SPY,1322
2018-08-16,335264.3491668701,26.120101928710938,335238.2290649414,SPY,1322
2018-08-17,336444.59968566895,26.120101928710938,336418.47958374023,SPY,1322
2018-08-20,337164.54261779785,26.120101928710938,337138.42251586914,SPY,1322
2018-08-21,337955.1283111572,26.120101928710938,337929.0082092285,SPY,1322
2018-08-22,337754.6174468994,26.120101928710938,337728.4973449707,SPY,1322
2018-08-23,337306.05003356934,26.120101928710938,337279.9299316406,SPY,1322
2018-08-24,339336.0107269287,26.120101928710938,339309.890625,SPY,1322
2018-08-27,342014.908493042,26.120101928710938,341988.7883911133,SPY,1322
2018-08-28,342180.27952575684,26.120101928710938,342154.1594238281,SPY,1322
2018-08-29,344021.22746276855,26.120101928710938,343995.10736083984,SPY,1322
2018-08-30,342628.5847015381,26.120101928710938,342602.4645996094,SPY,1322
2018-08-31,342640.48625183105,26.120101928710938,342614.36614990234,SPY,1322
2018-09-04,342050.33073425293,26.120101928710938,342024.2106323242,SPY,1322
2018-09-05,341129.75590515137,26.120101928710938,341103.63580322266,SPY,1322
2018-09-06,340103.1160736084,26.120101928710938,340076.9959716797,SPY,1322
2018-09-07,339442.23710632324,26.120101928710938,339416.11700439453,SPY,1322
2018-09-10,340032.3522796631,26.120101928710938,340006.2321777344,SPY,1322
2018-09-11,341153.3572845459,26.120101928710938,341127.2371826172,SPY,1322
2018-09-12,341236.10331726074,26.120101928710938,341209.98321533203,SPY,1322
2018-09-13,343254.16246032715,26.120101928710938,343228.04235839844,SPY,1322
2018-09-14,343313.0247039795,26.120101928710938,343286.9046020508,SPY,1322
2018-09-17,341495.75883483887,26.120101928710938,341469.63873291016,SPY,1322
2018-09-18,343348.64866638184,26.120101928710938,343322.5285644531,SPY,1322
2018-09-19,343714.40953063965,26.120101928710938,343688.28942871094,SPY,1322
2018-09-20,346499.4933319092,26.120101928710938,346473.37322998047,SPY,1322
2018-09-21,346182.9524383545,26.120101928710938,346156.8323364258,SPY,1322
2018-09-24,345033.18199157715,26.120101928710938,345007.06188964844,SPY,1322
2018-09-25,344713.05046081543,26.120101928710938,344686.9303588867,SPY,1322
2018-09-26,343681.5693206787,26.120101928710938,343655.44921875,SPY,1322
2018-09-27,344641.7218475342,26.120101928710938,344615.60174560547,SPY,1322
2018-09-28,344677.3458099365,26.120101928710938,344651.2257080078,SPY,1322
2018-10-01,345874.8031463623,26.120101928710938,345848.6830444336,SPY,1322
2018-10-02,345673.4047088623,26.120101928710938,345647.2846069336,SPY,1322
2018-10-03,345862.90159606934,26.120101928710938,345836.7814941406,SPY,1322
2018-10-04,343159.95866394043,26.120101928710938,343133.8385620117,SPY,1322
2018-10-05,341239.3712005615,26.120101928710938,341213.2510986328,SPY,1322
2018-10-08,341239.3712005615,26.120101928710938,341213.2510986328,SPY,1322
2018-10-09,340741.60398864746,26.120101928710938,340715.48388671875,SPY,1322
2018-10-10,329953.37312316895,26.120101928710938,329927.25302124023,SPY,1322
2018-10-11,322686.24617004395,26.120101928710938,322660.12606811523,SPY,1322
2018-10-12,327167.42192077637,26.120101928710938,327141.30181884766,SPY,1322
2018-10-15,325329.90324401855,26.120101928710938,325303.78314208984,SPY,1322
2018-10-16,332442.8345184326,26.120101928710938,332416.7144165039,SPY,1322
2018-10-17,332502.28175354004,26.120101928710938,332476.1616516113,SPY,1322
2018-10-18,327700.89378356934,26.120101928710938,327674.7736816406,SPY,1322
2018-10-19,327523.1572418213,26.120101928710938,327497.0371398926,SPY,1322
2018-10-22,326053.11405944824,26.120101928710938,326026.99395751953,SPY,1322
2018-10-23,324393.3520965576,26.120101928710938,324367.2319946289,SPY,1322
2018-10-24,314565.475479126,26.120101928710938,314539.35537719727,SPY,1322
2018-10-25,320208.48460388184,26.120101928710938,320182.3645019531,SPY,1322
2018-10-26,314577.37702941895,26.120101928710938,314551.25692749023,SPY,1322
2018-10-29,312834.6269683838,26.120101928710938,312808.5068664551,SPY,1322
2018-10-30,317469.978225708,26.120101928710938,317443.8581237793,SPY,1322
2018-10-31,320860.5685272217,26.120101928710938,320834.44842529297,SPY,1322
2018-11-01,324274.84089660645,26.120101928710938,324248.72079467773,SPY,1322
2018-11-02,322354.2937774658,26.120101928710938,322328.1736755371,SPY,1322
2018-11-05,324132.5064239502,26.120101928710938,324106.3863220215,SPY,1322
2018-11-06,326183.56715393066,26.120101928710938,326157.44705200195,SPY,1322
2018-11-07,333166.20671081543,26.120101928710938,333140.0866088867,SPY,1322
2018-11-08,332561.6483001709,26.120101928710938,332535.5281982422,SPY,1322
2018-11-09,329313.2916107178,26.120101928710938,329287.17150878906,SPY,1322
2018-11-12,323160.4725189209,26.120101928710938,323134.3524169922,SPY,1322
2018-11-13,322555.7325592041,26.120101928710938,322529.6124572754,SPY,1322
2018-11-14,320350.8190765381,26.120101928710938,320324.6989746094,SPY,1322
2018-11-15,323693.964553833,26.120101928710938,323667.8444519043,SPY,1322
2018-11-16,324535.58570861816,26.120101928710938,324509.46560668945,SPY,1322
2018-11-19,319046.6915740967,26.120101928710938,319020.57147216797,SPY,1322
2018-11-20,313142.81660461426,26.120101928710938,313116.69650268555,SPY,1322
2018-11-21,314209.88136291504,26.120101928710938,314183.7612609863,SPY,1322
2018-11-23,312111.53718566895,26.120101928710938,312085.41708374023,SPY,1322
2018-11-26,317149.947555542,26.120101928710938,317123.8274536133,SPY,1322
2018-11-27,318216.8711090088,26.120101928710938,318190.7510070801,SPY,1322
2018-11-28,325543.40495300293,26.120101928710938,325517.2848510742,SPY,1322
2018-11-29,324832.0351715088,26.120101928710938,324805.9150695801,SPY,1322
2018-11-30,326811.82780456543,26.120101928710938,326785.7077026367,SPY,1322
2018-12-03,331138.86839294434,26.120101928710938,331112.7482910156,SPY,1322
2018-12-04,320410.0242462158,26.120101928710938,320383.9041442871,SPY,1322
2018-12-06,319923.9568634033,26.120101928710938,319897.8367614746,SPY,1322
2018-12-07,312490.89405822754,26.120101928710938,312464.7739562988,SPY,1322
2018-12-10,313083.6114349365,26.120101928710938,313057.4913330078,SPY,1322
2018-12-11,313154.6979827881,26.120101928710938,313128.5778808594,SPY,1322
2018-12-12,314731.4718475342,26.120101928710938,314705.35174560547,SPY,1322
2018-12-13,314624.74116516113,26.120101928710938,314598.6210632324,SPY,1322
2018-12-14,308815.71549987793,26.120101928710938,308789.5953979492,SPY,1322
2018-12-17,302757.82640075684,26.120101928710938,302731.7062988281,SPY,1322
2018-12-18,302425.89418029785,26.120101928710938,302399.77407836914,SPY,1322
2018-12-19,297897.2332611084,26.120101928710938,297871.1131591797,SPY,1322
2018-12-20,293048.5214996338,26.120101928710938,293022.4013977051,SPY,1322
2018-12-21,287044.59281921387,26.120101928710938,287018.47271728516,SPY,1322
2018-12-24,279460.7434234619,26.120101928710938,279434.6233215332,SPY,1322
2018-12-26,293579.14909362793,26.120101928710938,293553.0289916992,SPY,1322
2018-12-27,295832.838760376,26.120101928710938,295806.71865844727,SPY,1322
2018-12-28,295451.2629547119,26.120101928710938,295425.1428527832,SPY,1322
2018-12-31,298038.8617095947,26.120101928710938,298012.741607666,SPY,1322
2019-01-02,298348.80632019043,26.120101928710938,298322.6862182617,SPY,1322
2019-01-03,291230.10581970215,26.120101928710938,291203.98571777344,SPY,1322
2019-01-04,300984.13230895996,26.120101928710938,300958.01220703125,SPY,1322
2019-01-07,303357.0997161865,26.120101928710938,303330.9796142578,SPY,1322
2019-01-08,306206.97636413574,26.120101928710938,306180.85626220703,SPY,1322
2019-01-09,307637.92597961426,26.120101928710938,307611.80587768555,SPY,1322
2019-01-10,308723.06495666504,26.120101928710938,308696.9448547363,SPY,1322
2019-01-11,308842.28218078613,26.120101928710938,308816.1620788574,SPY,1322
2019-01-14,306958.2264251709,26.120101928710938,306932.1063232422,SPY,1322
2019-01-15,310475.96159362793,26.120101928710938,310449.8414916992,SPY,1322
2019-01-16,311227.15113830566,26.120101928710938,311201.03103637695,SPY,1322
2019-01-17,313588.176651001,26.120101928710938,313562.05654907227,SPY,1322
2019-01-18,317761.5863800049,26.120101928710938,317735.4662780762,SPY,1322
2019-01-22,313468.89891052246,26.120101928710938,313442.77880859375,SPY,1322
2019-01-23,314124.73484802246,26.120101928710938,314098.61474609375,SPY,1322
2019-01-24,314291.61878967285,26.120101928710938,314265.49868774414,SPY,1322
2019-01-25,316950.7882232666,26.120101928710938,316924.6681213379,SPY,1322
2019-01-28,314542.07582092285,26.120101928710938,314515.95571899414,SPY,1322
2019-01-29,314124.73484802246,26.120101928710938,314098.61474609375,SPY,1322
2019-01-30,319097.1622161865,26.120101928710938,319071.0421142578,SPY,1322
2019-01-31,321899.3923187256,26.120101928710938,321873.2722167969,SPY,1322
2019-02-01,322054.45539855957,26.120101928710938,322028.33529663086,SPY,1322
2019-02-04,324319.98609924316,26.120101928710938,324293.86599731445,SPY,1322
2019-02-05,325679.405380249,26.120101928710938,325653.2852783203,SPY,1322
2019-02-06,325250.1426849365,26.120101928710938,325224.0225830078,SPY,1322
2019-02-07,322149.82917785645,26.120101928710938,322123.70907592773,SPY,1322
2019-02-08,322543.3670501709,26.120101928710938,322517.2469482422,SPY,1322
2019-02-11,322722.2130584717,26.120101928710938,322696.09295654297,SPY,1322
2019-02-12,326871.7995147705,26.120101928710938,326845.6794128418,SPY,1322
2019-02-13,327933.1555633545,26.120101928710938,327907.0354614258,SPY,1322
2019-02-14,327205.7287750244,26.120101928710938,327179.6086730957,SPY,1322
2019-02-15,330771.13066101074,26.120101928710938,330745.01055908203,SPY,1322
2019-02-19,331343.39350891113,26.120101928710938,331317.2734069824,SPY,1322
2019-02-20,332011.1713409424,26.120101928710938,331985.0512390137,SPY,1322
2019-02-21,330830.6585845947,26.120101928710938,330804.538482666,SPY,1322
2019-02-22,332881.84034729004,26.120101928710938,332855.7202453613,SPY,1322
2019-02-25,333334.88597106934,26.120101928710938,333308.7658691406,SPY,1322
2019-02-26,333096.24980163574,26.120101928710938,333070.12969970703,SPY,1322
2019-02-27,332953.3303375244,26.120101928710938,332927.2102355957,SPY,1322
2019-02-28,332333.1990509033,26.120101928710938,332307.0789489746,SPY,1322
2019-03-01,334408.0023651123,26.120101928710938,334381.8822631836,SPY,1322
2019-03-04,333191.6235809326,26.120101928710938,333165.5034790039,SPY,1322
2019-03-05,332738.678817749,26.120101928710938,332712.5587158203,SPY,1322
2019-03-06,330723.36308288574,26.120101928710938,330697.24298095703,SPY,1322
2019-03-07,327956.9990081787,26.120101928710938,327930.87890625,SPY,1322
2019-03-08,327301.062210083,26.120101928710938,327274.9421081543,SPY,1322
2019-03-11,332047.0171966553,26.120101928710938,332020.89709472656,SPY,1322
2019-03-12,333299.0602874756,26.120101928710938,333272.9401855469,SPY,1322
2019-03-13,335505.0227203369,26.120101928710938,335478.9026184082,SPY,1322
2019-03-14,335290.39137268066,26.120101928710938,335264.27127075195,SPY,1322
2019-03-15,336946.8249359131,26.120101928710938,336920.7048339844,SPY,1322
2019-03-18,338168.4888153076,26.120101928710938,338142.3687133789,SPY,1322
2019-03-19,338252.18293762207,26.120101928710938,338226.06283569336,SPY,1322
2019-03-20,337234.19694519043,26.120101928710938,337208.0768432617,SPY,1322
2019-03-21,341042.89476013184,26.120101928710938,341016.7746582031,SPY,1322
2019-03-22,334479.5932159424,26.120101928710938,334453.4731140137,SPY,1322
2019-03-25,334228.02671813965,26.120101928710938,334201.90661621094,SPY,1322
2019-03-26,336719.2027435303,26.120101928710938,336693.08264160156,SPY,1322
2019-03-27,334958.7213897705,26.120101928710938,334932.6012878418,SPY,1322
2019-03-28,336228.294052124,26.120101928710938,336202.1739501953,SPY,1322
2019-03-29,338348.1215362549,26.120101928710938,338322.0014343262,SPY,1322
2019-04-01,342360.37620544434,26.120101928710938,342334.2561035156,SPY,1322
2019-04-02,342527.96617126465,26.120101928710938,342501.84606933594,SPY,1322
2019-04-03,343067.086227417,26.120101928710938,343040.9661254883,SPY,1322
2019-04-04,343977.13121032715,26.120101928710938,343951.01110839844,SPY,1322
2019-04-05,345642.0168914795,26.120101928710938,345615.8967895508,SPY,1322
2019-04-08,345905.46476745605,26.120101928710938,345879.34466552734,SPY,1322
2019-04-09,344132.94065856934,26.120101928710938,344106.8205566406,SPY,1322
2019-04-10,345306.63523864746,26.120101928710938,345280.51513671875,SPY,1322
2019-04-11,345210.8580169678,26.120101928710938,345184.73791503906,SPY,1322
2019-04-12,347546.34562683105,26.120101928710938,347520.22552490234,SPY,1322
2019-04-15,347318.7637786865,26.120101928710938,347292.6436767578,SPY,1322
2019-04-16,347546.34562683105,26.120101928710938,347520.22552490234,SPY,1322
2019-04-17,346695.96977233887,26.120101928710938,346669.84967041016,SPY,1322
2019-04-18,347378.6346282959,26.120101928710938,347352.5145263672,SPY,1322
2019-04-22,347678.1099090576,26.120101928710938,347651.9898071289,SPY,1322
2019-04-23,350804.06217956543,26.120101928710938,350777.9420776367,SPY,1322
2019-04-24,350025.6201019287,26.120101928710938,349999.5,SPY,1322
2019-04-25,349809.93980407715,26.120101928710938,349783.81970214844,SPY,1322
2019-04-26,351438.75773620605,26.120101928710938,351412.63763427734,SPY,1322
2019-04-29,351989.7389984131,26.120101928710938,351963.6188964844,SPY,1322
2019-04-30,352169.27085876465,26.120101928710938,352143.15075683594,SPY,1322
2019-05-01,349522.48710632324,26.120101928710938,349496.36700439453,SPY,1322
2019-05-02,348767.84812927246,26.120101928710938,348741.72802734375,SPY,1322
2019-05-03,352181.33378601074,26.120101928710938,352155.21368408203,SPY,1322
2019-05-06,350732.2897796631,26.120101928710938,350706.1696777344,SPY,1322
2019-05-07,344875.3956756592,26.120101928710938,344849.27557373047,SPY,1322
2019-05-08,344396.3885345459,26.120101928710938,344370.2684326172,SPY,1322
2019-05-09,343354.3372039795,26.120101928710938,343328.2171020508,SPY,1322
2019-05-10,345079.1340789795,26.120101928710938,345053.0139770508,SPY,1322
2019-05-13,336407.86625671387,26.120101928710938,336381.74615478516,SPY,1322
2019-05-14,339449.9025115967,26.120101928710938,339423.78240966797,SPY,1322
2019-05-15,341438.1876068115,26.120101928710938,341412.0675048828,SPY,1322
2019-05-16,344599.9655609131,26.120101928710938,344573.8454589844,SPY,1322
2019-05-17,342372.39878845215,26.120101928710938,342346.27868652344,SPY,1322
2019-05-20,340108.84495544434,26.120101928710938,340082.7248535156,SPY,1322
2019-05-21,343174.80534362793,26.120101928710938,343148.6852416992,SPY,1322
2019-05-22,342120.85246276855,26.120101928710938,342094.73236083984,SPY,1322
2019-05-23,337940.9069671631,26.120101928710938,337914.7868652344,SPY,1322
2019-05-24,338707.44749450684,26.120101928710938,338681.3273925781,SPY,1322
2019-05-28,335557.5912628174,26.120101928710938,335531.4711608887,SPY,1322
2019-05-29,333305.79777526855,26.120101928710938,333279.67767333984,SPY,1322
2019-05-30,334216.024307251,26.120101928710938,334189.90420532227,SPY,1322
2019-05-31,329712.7197418213,26.120101928710938,329686.5996398926,SPY,1322
2019-06-03,328874.5076751709,26.120101928710938,328848.3875732422,SPY,1322
2019-06-04,336012.61375427246,26.120101928710938,335986.49365234375,SPY,1322
2019-06-05,338923.0874481201,26.120101928710938,338896.9673461914,SPY,1322
2019-06-06,341126.81077575684,26.120101928710938,341100.6906738281,SPY,1322
2019-06-07,344540.0947113037,26.120101928710938,344513.974609375,SPY,1322
2019-06-10,346121.0240325928,26.120101928710938,346094.90393066406,SPY,1322
2019-06-11,346037.2693939209,26.120101928710938,346011.1492919922,SPY,1322
2019-06-12,345426.4576263428,26.120101928710938,345400.33752441406,SPY,1322
2019-06-13,346851.6581878662,26.120101928710938,346825.5380859375,SPY,1322
2019-06-14,346468.38792419434,26.120101928710938,346442.2678222656,SPY,1322
2019-06-17,346600.1522064209,26.120101928710938,346574.0321044922,SPY,1322
2019-06-18,350229.11643981934,26.120101928710938,350202.9963378906,SPY,1322
2019-06-19,351019.62144470215,26.120101928710938,350993.50134277344,SPY,1322
2019-06-20,354373.1555633545,26.120101928710938,354347.0354614258,SPY,1322
2019-06-21,353857.9999847412,26.120101928710938,353831.8798828125,SPY,1322
2019-06-24,353424.78355407715,26.120101928710938,353398.66345214844,SPY,1322
2019-06-25,349958.64866638184,26.120101928710938,349932.5285644531,SPY,1322
2019-06-26,349609.63066101074,26.120101928710938,349583.51055908203,SPY,1322
2019-06-27,350849.328414917,26.120101928710938,350823.2083129883,SPY,1322
2019-06-28,352654.6120452881,26.120101928710938,352628.4919433594,SPY,1322
2019-07-01,355855.80632019043,26.120101928710938,355829.6862182617,SPY,1322
2019-07-02,356782.5941619873,26.120101928710938,356756.4740600586,SPY,1322
2019-07-03,359634.8511199951,26.120101928710938,359608.7310180664,SPY,1322
2019-07-05,359225.6798553467,26.120101928710938,359199.55975341797,SPY,1322
2019-07-08,357251.9186859131,26.120101928710938,357225.7985839844,SPY,1322
2019-07-09,357697.19804382324,26.120101928710938,357671.07794189453,SPY,1322
2019-07-10,359406.09928894043,26.120101928710938,359379.9791870117,SPY,1322
2019-07-11,360248.7290496826,26.120101928710938,360222.6089477539,SPY,1322
2019-07-12,361861.409286499,26.120101928710938,361835.2891845703,SPY,1322
2019-07-15,361981.7158050537,26.120101928710938,361955.595703125,SPY,1322
2019-07-16,360814.395614624,26.120101928710938,360788.2755126953,SPY,1322
2019-07-17,358359.166305542,26.120101928710938,358333.0462036133,SPY,1322
2019-07-18,359670.9995574951,26.120101928710938,359644.8794555664,SPY,1322
2019-07-19,357673.1528778076,26.120101928710938,357647.0327758789,SPY,1322
2019-07-22,358551.6890106201,26.120101928710938,358525.5689086914,SPY,1322
2019-07-23,361115.202255249,26.120101928710938,361089.0821533203,SPY,1322
2019-07-24,362812.0809173584,26.120101928710938,362785.9608154297,SPY,1322
2019-07-25,361079.1345062256,26.120101928710938,361053.0144042969,SPY,1322
2019-07-26,363498.0943450928,26.120101928710938,363471.97424316406,SPY,1322
2019-07-29,362836.126083374,26.120101928710938,362810.0059814453,SPY,1322
2019-07-30,361945.607711792,26.120101928710938,361919.4876098633,SPY,1322
2019-07-31,357986.0224456787,26.120101928710938,357959.90234375,SPY,1322
2019-08-01,354868.98625183105,26.120101928710938,354842.86614990234,SPY,1322
2019-08-02,352197.22941589355,26.120101928710938,352171.10931396484,SPY,1322
2019-08-05,341606.3423919678,26.120101928710938,341580.22229003906,SPY,1322
2019-08-06,346396.2120819092,26.120101928710938,346370.09197998047,SPY,1322
2019-08-07,346600.9590911865,26.120101928710938,346574.8389892578,SPY,1322
2019-08-08,353400.7383880615,26.120101928710938,353374.6182861328,SPY,1322
2019-08-09,350993.59941101074,26.120101928710938,350967.47930908203,SPY,1322
2019-08-12,346721.14457702637,26.120101928710938,346695.02447509766,SPY,1322
2019-08-13,352112.950302124,26.120101928710938,352086.8302001953,SPY,1322
2019-08-14,341702.482711792,26.120101928710938,341676.3626098633,SPY,1322
2019-08-15,342605.18504333496,26.120101928710938,342579.06494140625,SPY,1322
2019-08-16,347659.95500183105,26.120101928710938,347633.83489990234,SPY,1322
2019-08-19,351848.1710662842,26.120101928710938,351822.05096435547,SPY,1322
2019-08-20,349152.2480316162,26.120101928710938,349126.1279296875,SPY,1322
2019-08-21,351992.5227508545,26.120101928710938,351966.4026489258,SPY,1322
2019-08-22,351884.35984802246,26.120101928710938,351858.23974609375,SPY,1322
2019-08-23,342845.9191131592,26.120101928710938,342819.79901123047,SPY,1322
2019-08-26,346636.9058074951,26.120101928710938,346610.7857055664,SPY,1322
2019-08-27,345277.022567749,26.120101928710938,345250.9024658203,SPY,1322
2019-08-28,347708.12602233887,26.120101928710938,347682.00592041016,SPY,1322
2019-08-29,352149.01805114746,26.120101928710938,352122.89794921875,SPY,1322
2019-08-30,351992.5227508545,26.120101928710938,351966.4026489258,SPY,1322
2019-09-03,349934.56315612793,26.120101928710938,349908.4430541992,SPY,1322
2019-09-04,353906.13066101074,26.120101928710938,353880.01055908203,SPY,1322
2019-09-05,358455.3873138428,26.120101928710938,358429.26721191406,SPY,1322
2019-09-06,358732.14878845215,26.120101928710938,358706.02868652344,SPY,1322
2019-09-09,358912.729598999,26.120101928710938,358886.6094970703,SPY,1322
2019-09-10,358828.53117370605,26.120101928710938,358802.41107177734,SPY,1322
2019-09-11,361379.98149108887,26.120101928710938,361353.86138916016,SPY,1322
2019-09-12,362631.62113952637,26.120101928710938,362605.50103759766,SPY,1322
2019-09-13,362390.92741394043,26.120101928710938,362364.8073120117,SPY,1322
2019-09-16,361271.697555542,26.120101928710938,361245.5774536133,SPY,1322
2019-09-17,362186.3417816162,26.120101928710938,362160.2216796875,SPY,1322
2019-09-18,362402.94999694824,26.120101928710938,362376.82989501953,SPY,1322
2019-09-19,362378.9451751709,26.120101928710938,362352.8250732422,SPY,1322
2019-09-20,360666.8163909912,26.120101928710938,360640.6962890625,SPY,1322
2019-09-23,360582.21452331543,26.120101928710938,360556.0944213867,SPY,1322
2019-09-24,357752.9941253662,26.120101928710938,357726.8740234375,SPY,1322
2019-09-25,359868.8073577881,26.120101928710938,359842.6872558594,SPY,1322
2019-09-26,359119.25175476074,26.120101928710938,359093.13165283203,SPY,1322
2019-09-27,357184.7455291748,26.120101928710938,357158.6254272461,SPY,1322
2019-09-30,358841.1589202881,26.120101928710938,358815.0388183594,SPY,1322
2019-10-01,354573.0612640381,26.120101928710938,354546.9411621094,SPY,1322
2019-10-02,348310.1427459717,26.120101928710938,348284.02264404297,SPY,1322
2019-10-03,351163.56968688965,26.120101928710938,351137.44958496094,SPY,1322
2019-10-04,355915.2333831787,26.120101928710938,355889.11328125,SPY,1322
2019-10-07,354379.6509857178,26.120101928710938,354353.53088378906,SPY,1322
2019-10-08,348878.47203063965,26.120101928710938,348852.35192871094,SPY,1322
2019-10-09,352191.21812438965,26.120101928710938,352165.09802246094,SPY,1322
2019-10-10,354573.0612640381,26.120101928710938,354546.9411621094,SPY,1322
2019-10-11,358248.7441253662,26.120101928710938,358222.6240234375,SPY,1322
2019-10-14,357849.73960876465,26.120101928710938,357823.61950683594,SPY,1322
2019-10-15,361392.28648376465,26.120101928710938,361366.16638183594,SPY,1322
2019-10-16,360811.93461608887,26.120101928710938,360785.81451416016,SPY,1322
2019-10-17,361875.892868042,26.120101928710938,361849.7727661133,SPY,1322
2019-10-18,360291.93772888184,26.120101928710938,360265.8176269531,SPY,1322
2019-10-21,362734.29722595215,26.120101928710938,362708.17712402344,SPY,1322
2019-10-22,361549.38694763184,26.120101928710938,361523.2668457031,SPY,1322
2019-10-23,362601.32261657715,26.120101928710938,362575.20251464844,SPY,1322
2019-10-24,363193.737411499,26.120101928710938,363167.6173095703,SPY,1322
2019-10-25,364680.94706726074,26.120101928710938,364654.82696533203,SPY,1322
2019-10-28,366736.3649749756,26.120101928710938,366710.2448730469,SPY,1322
2019-10-29,366627.55656433105,26.120101928710938,366601.43646240234,SPY,1322
2019-10-30,367751.9908294678,26.120101928710938,367725.87072753906,SPY,1322
2019-10-31,366772.63444519043,26.120101928710938,366746.5143432617,SPY,1322
2019-11-01,370170.10343933105,26.120101928710938,370143.98333740234,SPY,1322
2019-11-04,371657.2324066162,26.120101928710938,371631.1123046875,SPY,1322
2019-11-05,371246.2456512451,26.120101928710938,371220.1255493164,SPY,1322
2019-11-06,371330.8878631592,26.120101928710938,371304.76776123047,SPY,1322
2019-11-07,372636.5484466553,26.120101928710938,372610.42834472656,SPY,1322
2019-11-08,373555.54985046387,26.120101928710938,373529.42974853516,SPY,1322
2019-11-11,372842.1830291748,26.120101928710938,372816.0629272461,SPY,1322
2019-11-12,373628.08879089355,26.120101928710938,373601.96868896484,SPY,1322
2019-11-13,373749.00047302246,26.120101928710938,373722.88037109375,SPY,1322
2019-11-14,374292.96183776855,26.120101928710938,374266.84173583984,SPY,1322
2019-11-15,377001.35124206543,26.120101928710938,376975.2311401367,SPY,1322
2019-11-18,377279.32304382324,26.120101928710938,377253.20294189453,SPY,1322
2019-11-19,377170.5953216553,26.120101928710938,377144.47521972656,SPY,1322
2019-11-20,375768.14891052246,26.120101928710938,375742.02880859375,SPY,1322
2019-11-21,375163.50981140137,26.120101928710938,375137.38970947266,SPY,1322
2019-11-22,375997.78831481934,26.120101928710938,375971.6682128906,SPY,1322
2019-11-25,378911.6509246826,26.120101928710938,378885.5308227539,SPY,1322
2019-11-26,379770.0552825928,26.120101928710938,379743.93518066406,SPY,1322
2019-11-27,381462.81883239746,26.120101928710938,381436.69873046875,SPY,1322
2019-11-29,380048.228805542,26.120101928710938,380022.1087036133,SPY,1322
2019-12-02,376819.92320251465,26.120101928710938,376793.80310058594,SPY,1322
2019-12-03,374292.96183776855,26.120101928710938,374266.84173583984,SPY,1322
2019-12-04,376602.2660369873,26.120101928710938,376576.1459350586,SPY,1322
2019-12-05,377279.32304382324,26.120101928710938,377253.20294189453,SPY,1322
2019-12-06,380725.20512390137,26.120101928710938,380699.08502197266,SPY,1322
2019-12-09,379528.23191833496,26.120101928710938,379502.11181640625,SPY,1322
2019-12-10,379105.1418914795,26.120101928710938,379079.0217895508,SPY,1322
2019-12-11,380181.12272644043,26.120101928710938,380155.0026245117,SPY,1322
2019-12-12,383457.801071167,26.120101928710938,383431.6809692383,SPY,1322
2019-12-13,383687.44047546387,26.120101928710938,383661.32037353516,SPY,1322
2019-12-16,386323.2505950928,26.120101928710938,386297.13049316406,SPY,1322
2019-12-17,386407.89280700684,26.120101928710938,386381.7727050781,SPY,1322
2019-12-18,386432.018661499,26.120101928710938,386405.8985595703,SPY,1322
2019-12-19,388015.9738006592,26.120101928710938,387989.85369873047,SPY,1322
2019-12-20,389716.96757507324,26.120101928710938,389690.84747314453,SPY,1322
2019-12-23,390312.28715515137,26.120101928710938,390286.16705322266,SPY,1322
2019-12-24,390324.430770874,26.120101928710938,390298.3106689453,SPY,1322
2019-12-26,392402.1186981201,26.120101928710938,392375.9985961914,SPY,1322
2019-12-27,392304.848739624,26.120101928710938,392278.7286376953,SPY,1322
2019-12-30,390142.2361907959,26.120101928710938,390116.1160888672,SPY,1322
2019-12-31,391089.8820037842,26.120101928710938,391063.76190185547,SPY,1322
2020-01-02,394747.1275482178,26.120101928710938,394721.00744628906,SPY,1322
2020-01-03,391758.1843109131,26.120101928710938,391732.0642089844,SPY,1322
2020-01-06,393252.65592956543,26.120101928710938,393226.5358276367,SPY,1322
2020-01-07,392146.9817352295,26.120101928710938,392120.8616333008,SPY,1322
2020-01-08,394236.77293395996,26.120101928710938,394210.65283203125,SPY,1322
2020-01-09,396909.7804412842,26.120101928710938,396883.66033935547,SPY,1322
2020-01-10,395767.7964324951,26.120101928710938,395741.6763305664,SPY,1322
2020-01-13,398489.3380584717,26.120101928710938,398463.21795654297,SPY,1322
2020-01-14,397881.8345184326,26.120101928710938,397855.7144165039,SPY,1322
2020-01-15,398780.9058685303,26.120101928710938,398754.78576660156,SPY,1322
2020-01-16,402098.04948425293,26.120101928710938,402071.9293823242,SPY,1322
2020-01-17,403349.44706726074,26.120101928710938,403323.32696533203,SPY,1322
2020-01-21,402559.668258667,26.120101928710938,402533.5481567383,SPY,1322
2020-01-22,402608.20237731934,26.120101928710938,402582.0822753906,SPY,1322
2020-01-23,403069.94218444824,26.120101928710938,403043.82208251953,SPY,1322
2020-01-24,399485.63902282715,26.120101928710938,399459.51892089844,SPY,1322
2020-01-27,393082.5646209717,26.120101928710938,393056.44451904297,SPY,1322
2020-01-28,397201.5096282959,26.120101928710938,397175.3895263672,SPY,1322
2020-01-29,396873.3899383545,26.120101928710938,396847.2698364258,SPY,1322
2020-01-30,398161.29905700684,26.120101928710938,398135.1789550781,SPY,1322
2020-01-31,390931.8939666748,26.120101928710938,390905.7738647461,SPY,1322
2020-02-03,393835.71086120605,26.120101928710938,393809.59075927734,SPY,1322
2020-02-04,399838.04594421387,26.120101928710938,399811.92584228516,SPY,1322
2020-02-05,404454.95988464355,26.120101928710938,404428.83978271484,SPY,1322
2020-02-06,405815.8517303467,26.120101928710938,405789.73162841797,SPY,1322
2020-02-07,403653.158493042,26.120101928710938,403627.0383911133,SPY,1322
2020-02-10,406666.3486175537,26.120101928710938,406640.228515625,SPY,1322
2020-02-11,407371.12211608887,26.120101928710938,407345.00201416016,SPY,1322
2020-02-12,409995.59550476074,26.120101928710938,409969.47540283203,SPY,1322
2020-02-13,409558.0622406006,26.120101928710938,409531.9421386719,SPY,1322
2020-02-14,410214.22093200684,26.120101928710938,410188.1008300781,SPY,1322
2020-02-18,409157.2018890381,26.120101928710938,409131.0817871094,SPY,1322
2020-02-19,411113.2519378662,26.120101928710938,411087.1318359375,SPY,1322
2020-02-20,409424.52281188965,26.120101928710938,409398.40270996094,SPY,1322
2020-02-21,405208.3885345459,26.120101928710938,405182.2684326172,SPY,1322
2020-02-24,391770.32792663574,26.120101928710938,391744.20782470703,SPY,1322
2020-02-25,379899.68132019043,26.120101928710938,379873.5612182617,SPY,1322
2020-02-26,378502.4393157959,26.120101928710938,378476.3192138672,SPY,1322
2020-02-27,361504.40312194824,26.120101928710938,361478.28302001953,SPY,1322
2020-02-28,359985.6039276123,26.120101928710938,359959.4838256836,SPY,1322
2020-03-02,375574.29484558105,26.120101928710938,375548.17474365234,SPY,1322
2020-03-03,364821.5063934326,26.120101928710938,364795.3862915039,SPY,1322
2020-03-04,380154.85862731934,26.120101928710938,380128.7385253906,SPY,1322
2020-03-05,367518.6800994873,26.120101928710938,367492.5599975586,SPY,1322
2020-03-06,361443.52366638184,26.120101928710938,361417.4035644531,SPY,1322
2020-03-09,333218.9164581299,26.120101928710938,333192.7963562012,SPY,1322
2020-03-10,350459.96617126465,26.120101928710938,350433.84606933594,SPY,1322
2020-03-11,333376.8238067627,26.120101928710938,333350.703704834,SPY,1322
2020-03-12,301482.80726623535,26.120101928710938,301456.68716430664,SPY,1322
2020-03-13,327253.2341156006,26.120101928710938,327227.1140136719,SPY,1322
2020-03-16,291446.8148956299,26.120101928710938,291420.6947937012,SPY,1322
2020-03-17,307181.1888580322,26.120101928710938,307155.0687561035,SPY,1322
2020-03-18,291629.009475708,26.120101928710938,291602.8893737793,SPY,1322
2020-03-19,292248.67680358887,26.120101928710938,292222.55670166016,SPY,1322
2020-03-20,279655.56575012207,26.120101928710938,279629.44564819336,SPY,1322
2020-03-23,272505.9413909912,26.120101928710938,272479.8212890625,SPY,1322
2020-03-24,297193.50871276855,26.120101928710938,297167.38861083984,SPY,1322
2020-03-25,301642.18717956543,26.120101928710938,301616.0670776367,SPY,1322
2020-03-26,319253.4154510498,26.120101928710938,319227.2953491211,SPY,1322
2020-03-27,309745.10554504395,26.120101928710938,309718.98544311523,SPY,1322
2020-03-30,319803.4486236572,26.120101928710938,319777.3285217285,SPY,1322
2020-03-31,315036.9584197998,26.120101928710938,315010.8383178711,SPY,1322
2020-04-01,300859.99308776855,26.120101928710938,300833.87298583984,SPY,1322
2020-04-02,307801.8647918701,26.120101928710938,307775.7446899414,SPY,1322
2020-04-03,303353.18632507324,26.120101928710938,303327.06622314453,SPY,1322
2020-04-06,323726.56269836426,26.120101928710938,323700.44259643555,SPY,1322
2020-04-07,324056.51805114746,26.120101928710938,324030.39794921875,SPY,1322
2020-04-08,334933.7281341553,26.120101928710938,334907.60803222656,SPY,1322
2020-04-09,340030.1736907959,26.120101928710938,340004.0535888672,SPY,1322
2020-04-13,336925.90644836426,26.120101928710938,336899.78634643555,SPY,1322
2020-04-14,346861.9863128662,26.120101928710938,346835.8662109375,SPY,1322
2020-04-15,339492.34465026855,26.120101928710938,339466.22454833984,SPY,1322
2020-04-16,341129.99797058105,26.120101928710938,341103.87786865234,SPY,1322
2020-04-17,350345.10612487793,26.120101928710938,350318.9860229492,SPY,1322
2020-04-20,344173.12351989746,26.120101928710938,344147.00341796875,SPY,1322
2020-04-21,333723.78425598145,26.120101928710938,333697.66415405273,SPY,1322
2020-04-22,341129.99797058105,26.120101928710938,341103.87786865234,SPY,1322
2020-04-23,341105.67039489746,26.120101928710938,341079.55029296875,SPY,1322
2020-04-24,345859.7950897217,26.120101928710938,345833.67498779297,SPY,1322
2020-04-27,350846.2622528076,26.120101928710938,350820.1421508789,SPY,1322
2020-04-28,349232.89616394043,26.120101928710938,349206.7760620117,SPY,1322
2020-04-29,358374.658493042,26.120101928710938,358348.5383911133,SPY,1322
2020-04-30,355038.2706756592,26.120101928710938,355012.15057373047,SPY,1322
2020-05-01,345639.8786468506,26.120101928710938,345613.7585449219,SPY,1322
2020-05-04,346593.17265319824,26.120101928710938,346567.05255126953,SPY,1322
2020-05-05,349795.09312438965,26.120101928710938,349768.97302246094,SPY,1322
2020-05-06,347424.14292907715,26.120101928710938,347398.02282714844,SPY,1322
2020-05-07,351616.27238464355,26.120101928710938,351590.15228271484,SPY,1322
2020-05-08,357433.62913513184,26.120101928710938,357407.5090332031,SPY,1322
2020-05-11,357506.8539276123,26.120101928710938,357480.7338256836,SPY,1322
2020-05-12,350381.81938171387,26.120101928710938,350355.69927978516,SPY,1322
2020-05-13,344185.38816833496,26.120101928710938,344159.26806640625,SPY,1322
2020-05-14,348304.2524871826,26.120101928710938,348278.1323852539,SPY,1322
2020-05-15,349905.07151794434,26.120101928710938,349878.9514160156,SPY,1322
2020-05-18,360562.40550231934,26.120101928710938,360536.2854003906,SPY,1322
2020-05-19,356859.2078704834,26.120101928710938,356833.0877685547,SPY,1322
2020-05-20,362921.05070495605,26.120101928710938,362894.93060302734,SPY,1322
2020-05-21,360415.63316345215,26.120101928710938,360389.51306152344,SPY,1322
2020-05-22,361100.07316589355,26.120101928710938,361073.95306396484,SPY,1322
2020-05-26,365548.71128845215,26.120101928710938,365522.59118652344,SPY,1322
2020-05-27,370987.31632995605,26.120101928710938,370961.19622802734,SPY,1322
2020-05-28,370302.9973602295,26.120101928710938,370276.8772583008,SPY,1322
2020-05-29,371952.9153289795,26.120101928710938,371926.7952270508,SPY,1322
2020-06-01,373456.0609588623,26.120101928710938,373429.9408569336,SPY,1322
2020-06-02,376548.16441345215,26.120101928710938,376522.04431152344,SPY,1322
2020-06-03,381559.0801849365,26.120101928710938,381532.9600830078,SPY,1322
2020-06-04,380556.76792907715,26.120101928710938,380530.64782714844,SPY,1322
2020-06-05,390309.6647796631,26.120101928710938,390283.5446777344,SPY,1322
2020-06-08,395027.1972503662,26.120101928710938,395001.0771484375,SPY,1322
2020-06-09,392081.785446167,26.120101928710938,392055.6653442383,SPY,1322
2020-06-10,389894.1594696045,26.120101928710938,389868.0393676758,SPY,1322
2020-06-11,367418.6263885498,26.120101928710938,367392.5062866211,SPY,1322
2020-06-12,371818.4076385498,26.120101928710938,371792.2875366211,SPY,1322
2020-06-15,375289.3434906006,26.120101928710938,375263.2233886719,SPY,1322
2020-06-16,382512.25315856934,26.120101928710938,382486.1330566406,SPY,1322
2020-06-17,380923.41636657715,26.120101928710938,380897.29626464844,SPY,1322
2020-06-18,381070.18870544434,26.120101928710938,381044.0686035156,SPY,1322
2020-06-19,378892.5277557373,26.120101928710938,378866.4076538086,SPY,1322
2020-06-22,381322.98570251465,26.120101928710938,381296.86560058594,SPY,1322
2020-06-23,383078.2828216553,26.120101928710938,383052.16271972656,SPY,1322
2020-06-24,373307.1907196045,26.120101928710938,373281.0706176758,SPY,1322
2020-06-25,377309.0567474365,26.120101928710938,377282.9366455078,SPY,1322
2020-06-26,368347.9155731201,26.120101928710938,368321.7954711914,SPY,1322
2020-06-29,373761.3861541748,26.120101928710938,373735.2660522461,SPY,1322
2020-06-30,378548.7545013428,26.120101928710938,378522.63439941406,SPY,1322
2020-07-01,381200.2585296631,26.120101928710938,381174.1384277344,SPY,1322
2020-07-02,383299.4095916748,26.120101928710938,383273.2894897461,SPY,1322
2020-07-06,389216.0938568115,26.120101928710938,389189.9737548828,SPY,1322
2020-07-07,385202.04386901855,26.120101928710938,385175.92376708984,SPY,1322
2020-07-08,388148.14152526855,26.120101928710938,388122.02142333984,SPY,1322
2020-07-09,385938.56828308105,26.120101928710938,385912.44818115234,SPY,1322
2020-07-10,389878.9093475342,26.120101928710938,389852.78924560547,SPY,1322
2020-07-13,386503.18589782715,26.120101928710938,386477.06579589844,SPY,1322
2020-07-14,391511.47929382324,26.120101928710938,391485.35919189453,SPY,1322
2020-07-15,395108.3698577881,26.120101928710938,395082.2497558594,SPY,1322
2020-07-16,393807.0261077881,26.120101928710938,393780.9060058594,SPY,1322
2020-07-17,394948.6470184326,26.120101928710938,394922.5269165039,SPY,1322
2020-07-20,398140.239364624,26.120101928710938,398114.1192626953,SPY,1322
2020-07-21,398987.26664733887,26.120101928710938,398961.14654541016,SPY,1322
2020-07-22,401258.1227874756,26.120101928710938,401232.0026855469,SPY,1322
2020-07-23,396470.8351287842,26.120101928710938,396444.71502685547,SPY,1322
2020-07-24,393917.48863220215,26.120101928710938,393891.36853027344,SPY,1322
2020-07-27,396789.99839782715,26.120101928710938,396763.87829589844,SPY,1322
2020-07-28,394273.5265350342,26.120101928710938,394247.40643310547,SPY,1322
2020-07-29,399122.21812438965,26.120101928710938,399096.09802246094,SPY,1322
2020-07-30,397698.26823425293,26.120101928710938,397672.1481323242,SPY,1322
2020-07-31,400840.80198669434,26.120101928710938,400814.6818847656,SPY,1322
2020-08-03,403627.41886901855,26.120101928710938,403601.29876708984,SPY,1322
2020-08-04,405186.2395477295,26.120101928710938,405160.1194458008,SPY,1322
2020-08-05,407702.71141052246,26.120101928710938,407676.59130859375,SPY,1322
2020-08-06,410427.84367370605,26.120101928710938,410401.72357177734,SPY,1322
2020-08-07,410722.477645874,26.120101928710938,410696.3575439453,SPY,1322
2020-08-10,411950.0721282959,26.120101928710938,411923.9520263672,SPY,1322
2020-08-11,408549.698348999,26.120101928710938,408523.5782470703,SPY,1322
2020-08-12,414245.4979095459,26.120101928710938,414219.3778076172,SPY,1322
2020-08-13,413496.7088470459,26.120101928710938,413470.5887451172,SPY,1322
2020-08-14,413508.9331512451,26.120101928710938,413482.8130493164,SPY,1322
2020-08-17,414822.50120544434,26.120101928710938,414796.3811035156,SPY,1322
2020-08-18,415718.62742614746,26.120101928710938,415692.50732421875,SPY,1322
2020-08-19,413987.7789154053,26.120101928710938,413961.65881347656,SPY,1322
2020-08-20,415276.65629577637,26.120101928710938,415250.53619384766,SPY,1322
2020-08-21,416749.70512390137,26.120101928710938,416723.58502197266,SPY,1322
2020-08-24,420972.45585632324,26.120101928710938,420946.33575439453,SPY,1322
2020-08-25,422445.46434020996,26.120101928710938,422419.34423828125,SPY,1322
2020-08-26,426680.3990325928,26.120101928710938,426654.27893066406,SPY,1322
2020-08-27,427613.2788543701,26.120101928710938,427587.1587524414,SPY,1322
2020-08-28,430375.36643981934,26.120101928710938,430349.2463378906,SPY,1322
2020-08-31,428816.26335144043,26.120101928710938,428790.1432495117,SPY,1322
2020-09-01,432854.96366882324,26.120101928710938,432828.84356689453,SPY,1322
2020-09-02,439115.4211883545,26.120101928710938,439089.3010864258,SPY,1322
2020-09-03,424004.446395874,26.120101928710938,423978.3262939453,SPY,1322
2020-09-04,420542.70903015137,26.120101928710938,420516.58892822266,SPY,1322
2020-09-08,409052.91203308105,26.120101928710938,409026.79193115234,SPY,1322
2020-09-09,417130.3126678467,26.120101928710938,417104.19256591797,SPY,1322
2020-09-10,409887.75535583496,26.120101928710938,409861.63525390625,SPY,1322
2020-09-11,410096.4157562256,26.120101928710938,410070.2956542969,SPY,1322
2020-09-14,415497.70237731934,26.120101928710938,415471.5822753906,SPY,1322
2020-09-15,417596.69206237793,26.120101928710938,417570.5719604492,SPY,1322
2020-09-16,415939.5121307373,26.120101928710938,415913.3920288086,SPY,1322
2020-09-17,412281.4597015381,26.120101928710938,412255.3395996094,SPY,1322
2020-09-18,407535.16178894043,26.120101928710938,407509.0416870117,SPY,1322
2020-09-21,402999.904586792,26.120101928710938,402973.7844848633,SPY,1322
2020-09-22,407103.92222595215,26.120101928710938,407077.80212402344,SPY,1322
2020-09-23,397663.33012390137,26.120101928710938,397637.21002197266,SPY,1322
2020-09-24,398723.25395202637,26.120101928710938,398697.13385009766,SPY,1322
2020-09-25,405169.0529022217,26.120101928710938,405142.93280029297,SPY,1322
2020-09-28,411898.1894378662,26.120101928710938,411872.0693359375,SPY,1322
2020-09-29,409655.0497894287,26.120101928710938,409628.9296875,SPY,1322
2020-09-30,412760.91062927246,26.120101928710938,412734.79052734375,SPY,1322
2020-10-01,415410.6395111084,26.120101928710938,415384.5194091797,SPY,1322
2020-10-02,411466.86918640137,26.120101928710938,411440.74908447266,SPY,1322
2020-10-05,418762.88261413574,26.120101928710938,418736.76251220703,SPY,1322
2020-10-06,412810.17094421387,26.120101928710938,412784.05084228516,SPY,1322
2020-10-07,419995.4394378662,26.120101928710938,419969.3193359375,SPY,1322
2020-10-08,423717.39714050293,26.120101928710938,423691.2770385742,SPY,1322
2020-10-09,427500.92015075684,26.120101928710938,427474.8000488281,SPY,1322
2020-10-12,434378.039352417,26.120101928710938,434351.9192504883,SPY,1322
2020-10-13,431543.3724822998,26.120101928710938,431517.2523803711,SPY,1322
2020-10-14,428831.9976043701,26.120101928710938,428805.8775024414,SPY,1322
2020-10-15,428302.0760345459,26.120101928710938,428275.9559326172,SPY,1322
2020-10-16,428043.2274017334,26.120101928710938,428017.1072998047,SPY,1322
2020-10-19,421535.9034881592,26.120101928710938,421509.78338623047,SPY,1322
2020-10-20,423224.39054870605,26.120101928710938,423198.27044677734,SPY,1322
2020-10-21,422423.1943206787,26.120101928710938,422397.07421875,SPY,1322
2020-10-22,424740.2042694092,26.120101928710938,424714.08416748047,SPY,1322
2020-10-23,426182.2283782959,26.120101928710938,426156.1082763672,SPY,1322
2020-10-26,418306.8716888428,26.120101928710938,418280.75158691406,SPY,1322
2020-10-27,416865.0089569092,26.120101928710938,416838.88885498047,SPY,1322
2020-10-28,402617.763961792,26.120101928710938,402591.6438598633,SPY,1322
2020-10-29,406709.47660827637,26.120101928710938,406683.35650634766,SPY,1322
2020-10-30,402469.9426727295,26.120101928710938,402443.8225708008,SPY,1322
2020-11-02,406980.7109222412,26.120101928710938,406954.5908203125,SPY,1322
2020-11-03,414165.81803894043,26.120101928710938,414139.6979370117,SPY,1322
2020-11-04,423421.5528411865,26.120101928710938,423395.4327392578,SPY,1322
2020-11-05,431679.00981140137,26.120101928710938,431652.88970947266,SPY,1322
2020-11-06,431580.4488372803,26.120101928710938,431554.32873535156,SPY,1322
2020-11-09,437003.2792816162,26.120101928710938,436977.1591796875,SPY,1322
2020-11-10,436362.24967956543,26.120101928710938,436336.1295776367,SPY,1322
2020-11-11,439603.54612731934,26.120101928710938,439577.4260253906,SPY,1322
2020-11-12,435339.3618621826,26.120101928710938,435313.2417602539,SPY,1322
2020-11-13,441366.024520874,26.120101928710938,441339.9044189453,SPY,1322
2020-11-16,446875.15129089355,26.120101928710938,446849.03118896484,SPY,1322
2020-11-17,444471.6432952881,26.120101928710938,444445.5231933594,SPY,1322
2020-11-18,439122.8848724365,26.120101928710938,439096.7647705078,SPY,1322
2020-11-19,440971.6192474365,26.120101928710938,440945.4991455078,SPY,1322
2020-11-20,437952.09507751465,26.120101928710938,437925.97497558594,SPY,1322
2020-11-23,440577.2543182373,26.120101928710938,440551.1342163086,SPY,1322
2020-11-24,447676.1457977295,26.120101928710938,447650.0256958008,SPY,1322
2020-11-25,446985.97691345215,26.120101928710938,446959.85681152344,SPY,1322
2020-11-27,448230.75804138184,26.120101928710938,448204.6379394531,SPY,1322
2020-11-30,446246.46702575684,26.120101928710938,446220.3469238281,SPY,1322
2020-12-01,451126.90953063965,26.120101928710938,451100.78942871094,SPY,1322
2020-12-02,452076.0884246826,26.120101928710938,452049.9683227539,SPY,1322
2020-12-03,451952.75608825684,26.120101928710938,451926.6359863281,SPY,1322
2020-12-04,455847.346786499,26.120101928710938,455821.2266845703,SPY,1322
2020-12-07,454910.63426208496,26.120101928710938,454884.51416015625,SPY,1322
2020-12-08,456241.67137145996,26.120101928710938,456215.55126953125,SPY,1322
2020-12-09,452149.878036499,26.120101928710938,452123.7579345703,SPY,1322
2020-12-10,452002.01640319824,26.120101928710938,451975.89630126953,SPY,1322
2020-12-11,451472.01414489746,26.120101928710938,451445.89404296875,SPY,1322
2020-12-14,449450.8081512451,26.120101928710938,449424.6880493164,SPY,1322
2020-12-15,455526.8521575928,26.120101928710938,455500.73205566406,SPY,1322
2020-12-16,456241.67137145996,26.120101928710938,456215.55126953125,SPY,1322
2020-12-17,458792.8392791748,26.120101928710938,458766.7191772461,SPY,1322
2020-12-18,456961.1301727295,26.120101928710938,456935.0100708008,SPY,1322
2020-12-21,455327.3095550537,26.120101928710938,455301.189453125,SPY,1322
2020-12-22,454560.0024871826,26.120101928710938,454533.8823852539,SPY,1322
2020-12-23,454968.28617858887,26.120101928710938,454942.16607666016,SPY,1322
2020-12-24,456738.1879119873,26.120101928710938,456712.0678100586,SPY,1322
2020-12-28,460661.74577331543,26.120101928710938,460635.6256713867,SPY,1322
2020-12-29,459782.96757507324,26.120101928710938,459756.84747314453,SPY,1322
2020-12-30,460439.00523376465,26.120101928710938,460412.88513183594,SPY,1322
2020-12-31,462778.2448577881,26.120101928710938,462752.1247558594,SPY,1322
2021-01-04,456478.37101745605,26.120101928710938,456452.25091552734,SPY,1322
2021-01-05,459622.1150970459,26.120101928710938,459595.9949951172,SPY,1322
2021-01-06,462369.75944519043,26.120101928710938,462343.6393432617,SPY,1322
2021-01-07,469239.01152038574,26.120101928710938,469212.89141845703,SPY,1322
2021-01-08,471912.46281433105,26.120101928710938,471886.34271240234,SPY,1322
2021-01-11,468731.5616912842,26.120101928710938,468705.44158935547,SPY,1322
2021-01-12,468830.64714050293,26.120101928710938,468804.5270385742,SPY,1322
2021-01-13,470093.01835632324,26.120101928710938,470066.89825439453,SPY,1322
2021-01-14,468446.8524017334,26.120101928710938,468420.7322998047,SPY,1322
2021-01-15,465030.8654022217,26.120101928710938,465004.74530029297,SPY,1322
2021-01-19,468682.13999938965,26.120101928710938,468656.01989746094,SPY,1322
2021-01-20,475167.678024292,26.120101928710938,475141.5579223633,SPY,1322
2021-01-21,475600.7734222412,26.120101928710938,475574.6533203125,SPY,1322
2021-01-22,473917.61180114746,26.120101928710938,473891.49169921875,SPY,1322
2021-01-25,475786.4376068115,26.120101928710938,475760.3175048828,SPY,1322
2021-01-26,475043.9019012451,26.120101928710938,475017.7817993164,SPY,1322
2021-01-27,463434.16148376465,26.120101928710938,463408.04138183594,SPY,1322
2021-01-28,467419.52671813965,26.120101928710938,467393.40661621094,SPY,1322
2021-01-29,458062.5682220459,26.120101928710938,458036.4481201172,SPY,1322
2021-02-01,465686.8627166748,26.120101928710938,465660.7426147461,SPY,1322
2021-02-02,472271.40550231934,26.120101928710938,472245.2854003906,SPY,1322
2021-02-03,472642.6935272217,26.120101928710938,472616.57342529297,SPY,1322
2021-02-04,478014.367477417,26.120101928710938,477988.2473754883,SPY,1322
2021-02-05,479895.65965270996,26.120101928710938,479869.53955078125,SPY,1322
2021-02-08,483361.22972106934,26.120101928710938,483335.1096191406,SPY,1322
2021-02-09,483039.4037322998,26.120101928710938,483013.2836303711,SPY,1322
2021-02-10,482829.04887390137,26.120101928710938,482802.92877197266,SPY,1322
2021-02-11,483608.7012786865,26.120101928710938,483582.5811767578,SPY,1322
2021-02-12,485997.5643157959,26.120101928710938,485971.4442138672,SPY,1322
2021-02-16,485576.6932220459,26.120101928710938,485550.5731201172,SPY,1322
2021-02-17,485688.1240081787,26.120101928710938,485662.00390625,SPY,1322
2021-02-18,483621.12730407715,26.120101928710938,483595.00720214844,SPY,1322
2021-02-19,482767.12046813965,26.120101928710938,482741.00036621094,SPY,1322
2021-02-22,479053.9981536865,26.120101928710938,479027.8780517578,SPY,1322
2021-02-23,479635.72172546387,26.120101928710938,479609.60162353516,SPY,1322
2021-02-24,484920.6959075928,26.120101928710938,484894.57580566406,SPY,1322
2021-02-25,473236.7220916748,26.120101928710938,473210.6019897461,SPY,1322
2021-02-26,470798.51805114746,26.120101928710938,470772.39794921875,SPY,1322
2021-03-01,482210.08757019043,26.120101928710938,482183.9674682617,SPY,1322
2021-03-02,478447.58390808105,26.120101928710938,478421.46380615234,SPY,1322
2021-03-03,472110.43199157715,26.120101928710938,472084.31188964844,SPY,1322
2021-03-04,466268.58628845215,26.120101928710938,466242.46618652344,SPY,1322
2021-03-05,474845.8116912842,26.120101928710938,474819.69158935547,SPY,1322
2021-03-08,472481.80070495605,26.120101928710938,472455.68060302734,SPY,1322
2021-03-09,479227.35734558105,26.120101928710938,479201.23724365234,SPY,1322
2021-03-10,482210.08757019043,26.120101928710938,482183.9674682617,SPY,1322
2021-03-11,487099.0427093506,26.120101928710938,487072.9226074219,SPY,1322
2021-03-12,487755.0400238037,26.120101928710938,487728.919921875,SPY,1322
2021-03-15,490663.65788269043,26.120101928710938,490637.5377807617,SPY,1322
2021-03-16,490044.77726745605,26.120101928710938,490018.65716552734,SPY,1322
2021-03-17,491715.7145843506,26.120101928710938,491689.5944824219,SPY,1322
2021-03-18,484561.7532196045,26.120101928710938,484535.6331176758,SPY,1322
2021-03-19,483665.3042449951,26.120101928710938,483639.1841430664,SPY,1322
2021-03-22,487527.09507751465,26.120101928710938,487500.97497558594,SPY,1322
2021-03-23,483690.0756072998,26.120101928710938,483663.9555053711,SPY,1322
2021-03-24,481231.41703796387,26.120101928710938,481205.29693603516,SPY,1322
2021-03-25,483938.3540496826,26.120101928710938,483912.2339477539,SPY,1322
2021-03-26,491736.69358825684,26.120101928710938,491710.5734863281,SPY,1322
2021-03-29,491488.33445739746,26.120101928710938,491462.21435546875,SPY,1322
2021-03-30,490184.489364624,26.120101928710938,490158.3692626953,SPY,1322
2021-03-31,492171.2413787842,26.120101928710938,492145.12127685547,SPY,1322
2021-04-01,497485.98960876465,26.120101928710938,497459.86950683594,SPY,1322
2021-04-05,504626.0322113037,26.120101928710938,504599.912109375,SPY,1322
2021-04-06,504327.92863464355,26.120101928710938,504301.80853271484,SPY,1322
2021-04-07,504911.66941833496,26.120101928710938,504885.54931640625,SPY,1322
2021-04-08,507308.23820495605,26.120101928710938,507282.11810302734,SPY,1322
2021-04-09,510996.26640319824,26.120101928710938,510970.14630126953,SPY,1322
2021-04-12,511182.61643981934,26.120101928710938,511156.4963378906,SPY,1322
2021-04-13,512697.502243042,26.120101928710938,512671.3821411133,SPY,1322
2021-04-14,510946.6833343506,26.120101928710938,510920.5632324219,SPY,1322
2021-04-15,516435.1538543701,26.120101928710938,516409.0337524414,SPY,1322
2021-04-16,518161.20140075684,26.120101928710938,518135.0812988281,SPY,1322
2021-04-19,515615.6009979248,26.120101928710938,515589.4808959961,SPY,1322
2021-04-20,511840.7116546631,26.120101928710938,511814.5915527344,SPY,1322
2021-04-21,516683.59367370605,26.120101928710938,516657.47357177734,SPY,1322
2021-04-22,511964.8508758545,26.120101928710938,511938.7307739258,SPY,1322
2021-04-23,517515.6128997803,26.120101928710938,517489.49279785156,SPY,1322
2021-04-26,518595.9105682373,26.120101928710938,518569.7904663086,SPY,1322
2021-04-27,518483.9956512451,26.120101928710938,518457.8755493164,SPY,1322
2021-04-28,518335.1254119873,26.120101928710938,518309.0053100586,SPY,1322
2021-04-29,521638.1485443115,26.120101928710938,521612.0284423828,SPY,1322
2021-04-30,518210.9861907959,26.120101928710938,518184.8660888672,SPY,1322
2021-05-03,519328.48124694824,26.120101928710938,519302.36114501953,SPY,1322
2021-05-04,516124.7049407959,26.120101928710938,516098.5848388672,SPY,1322
2021-05-05,516286.243270874,26.120101928710938,516260.1231689453,SPY,1322
2021-05-06,520408.6982269287,26.120101928710938,520382.578125,SPY,1322
2021-05-07,524196.0942840576,26.120101928710938,524169.9741821289,SPY,1322
2021-05-10,519005.6466522217,26.120101928710938,518979.52655029297,SPY,1322
2021-05-11,514373.96672058105,26.120101928710938,514347.84661865234,SPY,1322
2021-05-12,503446.36668395996,26.120101928710938,503420.24658203125,SPY,1322
2021-05-13,509493.96800231934,26.120101928710938,509467.8479003906,SPY,1322
2021-05-14,517316.87718200684,26.120101928710938,517290.7570800781,SPY,1322
2021-05-17,516000.5657196045,26.120101928710938,515974.4456176758,SPY,1322
2021-05-18,511555.1954803467,26.120101928710938,511529.07537841797,SPY,1322
2021-05-19,510213.9916229248,26.120101928710938,510187.8715209961,SPY,1322
2021-05-20,515702.5428314209,26.120101928710938,515676.4227294922,SPY,1322
2021-05-21,515280.30003356934,26.120101928710938,515254.1799316406,SPY,1322
2021-05-24,520532.99882507324,26.120101928710938,520506.87872314453,SPY,1322
2021-05-25,519378.1046600342,26.120101928710938,519351.98455810547,SPY,1322
2021-05-26,520408.6982269287,26.120101928710938,520382.578125,SPY,1322
2021-05-27,520681.9900970459,26.120101928710938,520655.8699951172,SPY,1322
2021-05-28,521613.33683776855,26.120101928710938,521587.21673583984,SPY,1322
2021-06-01,521153.8966522217,26.120101928710938,521127.77655029297,SPY,1322
2021-06-02,521973.4091644287,26.120101928710938,521947.2890625,SPY,1322
2021-06-03,520036.2805633545,26.120101928710938,520010.1604614258,SPY,1322
2021-06-04,524792.2610931396,26.120101928710938,524766.1409912109,SPY,1322
2021-06-07,524283.1168060303,26.120101928710938,524256.99670410156,SPY,1322
2021-06-08,524394.8703460693,26.120101928710938,524368.7502441406,SPY,1322
2021-06-09,523612.5955657959,26.120101928710938,523586.4754638672,SPY,1322
2021-06-10,526046.3617401123,26.120101928710938,526020.2416381836,SPY,1322
2021-06-11,526915.5380096436,26.120101928710938,526889.4179077148,SPY,1322
2021-06-14,528095.3245697021,26.120101928710938,528069.2044677734,SPY,1322
2021-06-15,527126.7400970459,26.120101928710938,527100.6199951172,SPY,1322
2021-06-16,524183.7086029053,26.120101928710938,524157.58850097656,SPY,1322
2021-06-17,524009.90562438965,26.120101928710938,523983.78552246094,SPY,1322
2021-06-18,516941.15129089355,26.120101928710938,516915.03118896484,SPY,1322
2021-06-21,524341.2931976318,26.120101928710938,524315.1730957031,SPY,1322
2021-06-22,527144.3301849365,26.120101928710938,527118.2100830078,SPY,1322
2021-06-23,526509.0294647217,26.120101928710938,526482.909362793,SPY,1322
2021-06-24,529623.5239715576,26.120101928710938,529597.4038696289,SPY,1322
2021-06-25,531504.6951141357,26.120101928710938,531478.575012207,SPY,1322
2021-06-28,532576.1573944092,26.120101928710938,532550.0372924805,SPY,1322
2021-06-29,532862.6418304443,26.120101928710938,532836.5217285156,SPY,1322
2021-06-30,533311.1890716553,26.120101928710938,533285.0689697266,SPY,1322
2021-07-01,536263.7418060303,26.120101928710938,536237.6217041016,SPY,1322
2021-07-02,540362.5550384521,26.120101928710938,540336.4349365234,SPY,1322
2021-07-06,539378.3170013428,26.120101928710938,539352.1968994141,SPY,1322
2021-07-07,541284.3805389404,26.120101928710938,541258.2604370117,SPY,1322
2021-07-08,536874.2711639404,26.120101928710938,536848.1510620117,SPY,1322
2021-07-09,542604.9684906006,26.120101928710938,542578.8483886719,SPY,1322
2021-07-12,544548.431137085,26.120101928710938,544522.3110351562,SPY,1322
2021-07-13,542692.1927337646,26.120101928710938,542666.0726318359,SPY,1322
2021-07-14,543501.9419403076,26.120101928710938,543475.8218383789,SPY,1322
2021-07-15,541645.8245697021,26.120101928710938,541619.7044677734,SPY,1322
2021-07-16,537397.4552459717,26.120101928710938,537371.335144043,SPY,1322
2021-07-19,529461.6628875732,26.120101928710938,529435.5427856445,SPY,1322
2021-07-20,537048.638961792,26.120101928710938,537022.5188598633,SPY,1322
2021-07-21,541396.5778656006,26.120101928710938,541370.4577636719,SPY,1322
2021-07-22,542530.291305542,26.120101928710938,542504.1712036133,SPY,1322
2021-07-23,548111.5132293701,26.120101928710938,548085.3931274414,SPY,1322
2021-07-26,549456.9935760498,26.120101928710938,549430.8734741211,SPY,1322
2021-07-27,546952.9073944092,26.120101928710938,546926.7872924805,SPY,1322
2021-07-28,546728.5530853271,26.120101928710938,546702.4329833984,SPY,1322
2021-07-29,548996.0203094482,26.120101928710938,548969.9002075195,SPY,1322
2021-07-30,546329.9923553467,26.120101928710938,546303.872253418,SPY,1322
2021-08-02,545183.8125457764,26.120101928710938,545157.6924438477,SPY,1322
2021-08-03,549618.975692749,26.120101928710938,549592.8555908203,SPY,1322
2021-08-04,546915.5486297607,26.120101928710938,546889.428527832,SPY,1322
2021-08-05,550378.8594207764,26.120101928710938,550352.7393188477,SPY,1322
2021-08-06,551288.3799285889,26.120101928710938,551262.2598266602,SPY,1322
2021-08-09,550839.8730316162,26.120101928710938,550813.7529296875,SPY,1322
2021-08-10,551524.9988861084,26.120101928710938,551498.8787841797,SPY,1322
2021-08-11,552895.4926605225,26.120101928710938,552869.3725585938,SPY,1322
2021-08-12,554552.3094940186,26.120101928710938,554526.1893920898,SPY,1322
2021-08-13,555561.5609588623,26.120101928710938,555535.4408569336,SPY,1322
2021-08-16,556869.601852417,26.120101928710938,556843.4817504883,SPY,1322
2021-08-17,553219.4165496826,26.120101928710938,553193.2964477539,SPY,1322
2021-08-18,547164.6339569092,26.120101928710938,547138.5138549805,SPY,1322
2021-08-19,548011.9033050537,26.120101928710938,547985.783203125,SPY,1322
2021-08-20,552372.2278900146,26.120101928710938,552346.1077880859,SPY,1322
2021-08-23,557230.8845062256,26.120101928710938,557204.7644042969,SPY,1322
2021-08-24,558115.3512420654,26.120101928710938,558089.2311401367,SPY,1322
2021-08-25,559286.5041351318,26.120101928710938,559260.3840332031,SPY,1322
2021-08-26,555985.1351165771,26.120101928710938,555959.0150146484,SPY,1322
2021-08-27,560955.9083709717,26.120101928710938,560929.788269043,SPY,1322
2021-08-30,563422.6761322021,26.120101928710938,563396.5560302734,SPY,1322
2021-08-31,562587.9134979248,26.120101928710938,562561.7933959961,SPY,1322
2021-09-01,562886.7836151123,26.120101928710938,562860.6635131836,SPY,1322
2021-09-02,564618.6407318115,26.120101928710938,564592.5206298828,SPY,1322
2021-09-03,564481.5913543701,26.120101928710938,564455.4712524414,SPY,1322
2021-09-07,562463.3304901123,26.120101928710938,562437.2103881836,SPY,1322
2021-09-08,561778.1239471436,26.120101928710938,561752.0038452148,SPY,1322
2021-09-09,559373.7283782959,26.120101928710938,559347.6082763672,SPY,1322
2021-09-10,554963.5383148193,26.120101928710938,554937.4182128906,SPY,1322
2021-09-13,556383.6958465576,26.120101928710938,556357.5757446289,SPY,1322
2021-09-14,553381.3179779053,26.120101928710938,553355.1978759766,SPY,1322
2021-09-15,558003.3152923584,26.120101928710938,557977.1951904297,SPY,1322
2021-09-16,557118.8082122803,26.120101928710938,557092.6881103516,SPY,1322
2021-09-17,551692.064376831,26.120101928710938,551665.9442749023,SPY,1322
2021-09-20,542493.5377044678,26.120101928710938,542467.4176025391,SPY,1322
2021-09-21,541981.1255340576,26.120101928710938,541955.0054321289,SPY,1322
2021-09-22,547267.7941741943,26.120101928710938,547241.6740722656,SPY,1322
2021-09-23,553916.766708374,26.120101928710938,553890.6466064453,SPY,1322
2021-09-24,554829.1516571045,26.120101928710938,554803.0315551758,SPY,1322
2021-09-27,553241.9689788818,26.120101928710938,553215.8488769531,SPY,1322
2021-09-28,542093.5649261475,26.120101928710938,542067.4448242188,SPY,1322
2021-09-29,543005.9498748779,26.120101928710938,542979.8297729492,SPY,1322
2021-09-30,536369.4840545654,26.120101928710938,536343.3639526367,SPY,1322
2021-10-01,542743.4702606201,26.120101928710938,542717.3501586914,SPY,1322
2021-10-04,535744.5921478271,26.120101928710938,535718.4720458984,SPY,1322
2021-10-05,541318.7134857178,26.120101928710938,541292.5933837891,SPY,1322
2021-10-06,543568.3485565186,26.120101928710938,543542.2284545898,SPY,1322
2021-10-07,548267.6050872803,26.120101928710938,548241.4849853516,SPY,1322
2021-10-08,547267.7941741943,26.120101928710938,547241.6740722656,SPY,1322
2021-10-11,543305.909286499,26.120101928710938,543279.7891845703,SPY,1322
2021-10-12,541968.5381317139,26.120101928710938,541942.4180297852,SPY,1322
2021-10-13,543918.2944793701,26.120101928710938,543892.1743774414,SPY,1322
2021-10-14,553066.8749847412,26.120101928710938,553040.7548828125,SPY,1322
2021-10-15,557278.7731170654,26.120101928710938,557252.6530151367,SPY,1322
2021-10-18,558928.5297088623,26.120101928710938,558902.4096069336,SPY,1322
2021-10-19,563240.3201751709,26.120101928710938,563214.2000732422,SPY,1322
2021-10-20,565452.6368255615,26.120101928710938,565426.5167236328,SPY,1322
2021-10-21,566927.1783905029,26.120101928710938,566901.0582885742,SPY,1322
2021-10-22,566339.9680023193,26.120101928710938,566313.8479003906,SPY,1322
2021-10-25,569376.7998504639,26.120101928710938,569350.6797485352,SPY,1322
2021-10-26,569889.4137420654,26.120101928710938,569863.2936401367,SPY,1322
2021-10-27,567364.6713104248,26.120101928710938,567338.5512084961,SPY,1322
2021-10-28,572838.8599700928,26.120101928710938,572812.7398681641,SPY,1322
2021-10-29,574001.2985076904,26.120101928710938,573975.1784057617,SPY,1322
2021-11-01,574988.5623626709,26.120101928710938,574962.4422607422,SPY,1322
2021-11-02,577313.1973724365,26.120101928710938,577287.0772705078,SPY,1322
2021-11-03,580837.6700286865,26.120101928710938,580811.5499267578,SPY,1322
2021-11-04,583574.7441864014,26.120101928710938,583548.6240844727,SPY,1322
2021-11-05,585599.4197845459,26.120101928710938,585573.2996826172,SPY,1322
2021-11-08,586099.4059295654,26.120101928710938,586073.2858276367,SPY,1322
2021-11-09,584162.1966400146,26.120101928710938,584136.0765380859,SPY,1322
2021-11-10,579462.8997650146,26.120101928710938,579436.7796630859,SPY,1322
2021-11-11,579650.298751831,26.120101928710938,579624.1786499023,SPY,1322
2021-11-12,584024.7034759521,26.120101928710938,583998.5833740234,SPY,1322
2021-11-15,584224.7302093506,26.120101928710938,584198.6101074219,SPY,1322
2021-11-16,586536.7778167725,26.120101928710938,586510.6577148438,SPY,1322
2021-11-17,585112.0613861084,26.120101928710938,585085.9412841797,SPY,1322
2021-11-18,587099.2168426514,26.120101928710938,587073.0967407227,SPY,1322
2021-11-19,586049.419418335,26.120101928710938,586023.2993164062,SPY,1322
2021-11-22,584399.6224822998,26.120101928710938,584373.5023803711,SPY,1322
2021-11-23,585174.554611206,26.120101928710938,585148.4345092773,SPY,1322
2021-11-24,586736.7642059326,26.120101928710938,586710.6441040039,SPY,1322
2021-11-26,573651.231552124,26.120101928710938,573625.1114501953,SPY,1322
2021-11-29,580687.6298065186,26.120101928710938,580661.5097045898,SPY,1322
2021-11-30,569389.306564331,26.120101928710938,569363.1864624023,SPY,1322
2021-12-01,563065.3068695068,26.120101928710938,563039.1867675781,SPY,1322
2021-12-02,571689.0088348389,26.120101928710938,571662.8887329102,SPY,1322
2021-12-03,566714.8466644287,26.120101928710938,566688.7265625,SPY,1322
2021-12-06,573426.3527679443,26.120101928710938,573400.2326660156,SPY,1322
2021-12-07,585286.9536590576,26.120101928710938,585260.8335571289,SPY,1322
2021-12-08,586836.7775726318,26.120101928710938,586810.6574707031,SPY,1322
2021-12-09,582874.8523406982,26.120101928710938,582848.7322387695,SPY,1322
2021-12-10,588361.5073699951,26.120101928710938,588335.3872680664,SPY,1322
2021-12-13,583149.8790130615,26.120101928710938,583123.7589111328,SPY,1322
2021-12-14,579137.9269256592,26.120101928710938,579111.8068237305,SPY,1322
2021-12-15,588186.6150970459,26.120101928710938,588160.4949951172,SPY,1322
2021-12-16,582999.8791351318,26.120101928710938,582973.7590332031,SPY,1322
2021-12-17,576795.419418335,26.120101928710938,576769.2993164062,SPY,1322
2021-12-20,570662.247970581,26.120101928710938,570636.1278686523,SPY,1322
2021-12-21,580796.1961517334,26.120101928710938,580770.0760498047,SPY,1322
2021-12-22,586603.1844329834,26.120101928710938,586577.0643310547,SPY,1322
2021-12-23,590252.966293335,26.120101928710938,590226.8461914062,SPY,1322
2021-12-27,598605.9180755615,26.120101928710938,598579.7979736328,SPY,1322
2021-12-28,598116.7845306396,26.120101928710938,598090.6644287109,SPY,1322
2021-12-29,598881.832321167,26.120101928710938,598855.7122192383,SPY,1322
2021-12-30,597226.2661590576,26.120101928710938,597200.1460571289,SPY,1322
2021-12-31,595721.2646942139,26.120101928710938,595695.1445922852,SPY,1322
2022-01-03,599170.1725921631,26.120101928710938,599144.0524902344,SPY,1322
2022-01-04,598969.6617279053,26.120101928710938,598943.5416259766,SPY,1322
2022-01-05,587468.4876556396,26.120101928710938,587442.3675537109,SPY,1322
2022-01-06,586916.7801971436,26.120101928710938,586890.6600952148,SPY,1322
2022-01-07,584596.462020874,26.120101928710938,584570.3419189453,SPY,1322
2022-01-10,583869.0554046631,26.120101928710938,583842.9353027344,SPY,1322
2022-01-11,589186.8294525146,26.120101928710938,589160.7093505859,SPY,1322
2022-01-12,590779.6603240967,26.120101928710938,590753.540222168,SPY,1322
2022-01-13,582639.9278411865,26.120101928710938,582613.8077392578,SPY,1322
2022-01-14,582878.2412567139,26.120101928710938,582852.1211547852,SPY,1322
2022-01-18,572556.167892456,26.120101928710938,572530.0477905273,SPY,1322
2022-01-19,566611.2426605225,26.120101928710938,566585.1225585938,SPY,1322
2022-01-20,560340.2552947998,26.120101928710938,560314.1351928711,SPY,1322
2022-01-21,549340.9635467529,26.120101928710938,549314.8434448242,SPY,1322
2022-01-24,551673.7884368896,26.120101928710938,551647.6683349609,SPY,1322
2022-01-25,544938.6809539795,26.120101928710938,544912.5608520508,SPY,1322
2022-01-26,543571.5357513428,26.120101928710938,543545.4156494141,SPY,1322
2022-01-27,540887.554611206,26.120101928710938,540861.4345092773,SPY,1322
2022-01-28,554320.0477142334,26.120101928710938,554293.9276123047,SPY,1322
2022-01-31,564303.5118865967,26.120101928710938,564277.391784668,SPY,1322
2022-02-01,568116.2441253662,26.120101928710938,568090.1240234375,SPY,1322
2022-02-02,573634.8114471436,26.120101928710938,573608.6913452148,SPY,1322
2022-02-03,560152.089767456,26.120101928710938,560125.9696655273,SPY,1322
2022-02-04,562785.9633636475,26.120101928710938,562759.8432617188,SPY,1322
2022-02-07,560979.913192749,26.120101928710938,560953.7930908203,SPY,1322
2022-02-08,565595.3343963623,26.120101928710938,565569.2142944336,SPY,1322
2022-02-09,573873.003829956,26.120101928710938,573846.8837280273,SPY,1322
2022-02-10,563563.5582122803,26.120101928710938,563537.4381103516,SPY,1322
2022-02-11,552451.3025970459,26.120101928710938,552425.1824951172,SPY,1322
2022-02-14,550645.2120819092,26.120101928710938,550619.0919799805,SPY,1322
2022-02-15,559524.9789276123,26.120101928710938,559498.8588256836,SPY,1322
2022-02-16,560152.089767456,26.120101928710938,560125.9696655273,SPY,1322
2022-02-17,548187.0376434326,26.120101928710938,548160.9175415039,SPY,1322
2022-02-18,544637.5919036865,26.120101928710938,544611.4718017578,SPY,1322
2022-02-22,538793.083480835,26.120101928710938,538766.9633789062,SPY,1322
2022-02-23,529236.0175628662,26.120101928710938,529209.8974609375,SPY,1322
2022-02-24,537200.2526092529,26.120101928710938,537174.1325073242,SPY,1322
2022-02-25,549052.3408660889,26.120101928710938,549026.2207641602,SPY,1322
2022-02-28,547647.7562103271,26.120101928710938,547621.6361083984,SPY,1322
2022-03-01,539307.2707977295,26.120101928710938,539281.1506958008,SPY,1322
2022-03-02,549227.9996795654,26.120101928710938,549201.8795776367,SPY,1322
2022-03-03,546493.7899627686,26.120101928710938,546467.6698608398,SPY,1322
2022-03-04,542053.9872283936,26.120101928710938,542027.8671264648,SPY,1322
2022-03-07,526075.4499359131,26.120101928710938,526049.3298339844,SPY,1322
2022-03-08,522087.13957214355,26.120101928710938,522061.01947021484,SPY,1322
2022-03-09,536084.0082244873,26.120101928710938,536057.8881225586,SPY,1322
2022-03-10,533663.313583374,26.120101928710938,533637.1934814453,SPY,1322
2022-03-11,526878.2195892334,26.120101928710938,526852.0994873047,SPY,1322
2022-03-14,523027.64445495605,26.120101928710938,523001.52435302734,SPY,1322
2022-03-15,534528.85887146,26.120101928710938,534502.7387695312,SPY,1322
2022-03-16,546380.9874725342,26.120101928710938,546354.8673706055,SPY,1322
2022-03-17,553216.3503875732,26.120101928710938,553190.2302856445,SPY,1322
2022-03-18,559275.3287811279,26.120101928710938,559249.2086791992,SPY,1322
2022-03-21,559111.8539276123,26.120101928710938,559085.7338256836,SPY,1322
2022-03-22,565653.8335418701,26.120101928710938,565627.7134399414,SPY,1322
2022-03-23,558369.5199432373,26.120101928710938,558343.3998413086,SPY,1322
2022-03-24,566786.1349334717,26.120101928710938,566760.014831543,SPY,1322
2022-03-25,569554.0724334717,26.120101928710938,569527.952331543,SPY,1322
2022-03-28,573605.0777435303,26.120101928710938,573578.9576416016,SPY,1322
2022-03-29,580700.74168396,26.120101928710938,580674.6215820312,SPY,1322
2022-03-30,577115.1878509521,26.120101928710938,577089.0677490234,SPY,1322
2022-03-31,568233.0003509521,26.120101928710938,568206.8802490234,SPY,1322
2022-04-01,569843.3809661865,26.120101928710938,569817.2608642578,SPY,1322
2022-04-04,574724.7917327881,26.120101928710938,574698.6716308594,SPY,1322
2022-04-05,567465.6125946045,26.120101928710938,567439.4924926758,SPY,1322
2022-04-06,561791.5585784912,26.120101928710938,561765.4384765625,SPY,1322
2022-04-07,564622.2313690186,26.120101928710938,564596.1112670898,SPY,1322
2022-04-08,563112.5499725342,26.120101928710938,563086.4298706055,SPY,1322
2022-04-11,553488.0688323975,26.120101928710938,553461.9487304688,SPY,1322
2022-04-12,551437.4115447998,26.120101928710938,551411.2914428711,SPY,1322
2022-04-13,557753.1003265381,26.120101928710938,557726.9802246094,SPY,1322
2022-04-14,550808.4045257568,26.120101928710938,550782.2844238281,SPY,1322
2022-04-18,551034.8970794678,26.120101928710938,551008.7769775391,SPY,1322
2022-04-19,559929.5106048584,26.120101928710938,559903.3905029297,SPY,1322
2022-04-20,559514.4894256592,26.120101928710938,559488.3693237305,SPY,1322
2022-04-21,551148.0626678467,26.120101928710938,551121.942565918,SPY,1322
2022-04-22,536025.7914886475,26.120101928710938,535999.6713867188,SPY,1322
2022-04-25,539133.2257537842,26.120101928710938,539107.1056518555,SPY,1322
2022-04-26,523520.16691589355,26.120101928710938,523494.04681396484,SPY,1322
2022-04-27,524992.1667938232,26.120101928710938,524966.0466918945,SPY,1322
2022-04-28,538252.6320648193,26.120101928710938,538226.5119628906,SPY,1322
2022-04-29,518362.0753631592,26.120101928710938,518335.95526123047,SPY,1322
2022-05-02,521482.1777191162,26.120101928710938,521456.0576171875,SPY,1322
2022-05-03,523872.45280456543,26.120101928710938,523846.3327026367,SPY,1322
2022-05-04,539825.1697845459,26.120101928710938,539799.0496826172,SPY,1322
2022-05-05,520639.1445159912,26.120101928710938,520613.0244140625,SPY,1322
2022-05-06,517531.6699066162,26.120101928710938,517505.5498046875,SPY,1322
2022-05-09,500962.5333099365,26.120101928710938,500936.4132080078,SPY,1322
2022-05-10,502120.0095062256,26.120101928710938,502093.8894042969,SPY,1322
2022-05-11,494143.6308441162,26.120101928710938,494117.5107421875,SPY,1322
2022-05-12,493627.8701019287,26.120101928710938,493601.75,SPY,1322
2022-05-13,505428.76152038574,26.120101928710938,505402.64141845703,SPY,1322
2022-05-16,503378.0235443115,26.120101928710938,503351.9034423828,SPY,1322
2022-05-17,513732.2109222412,26.120101928710938,513706.0908203125,SPY,1322
2022-05-18,493023.9571990967,26.120101928710938,492997.83709716797,SPY,1322
2022-05-19,490004.4733734131,26.120101928710938,489978.3532714844,SPY,1322
2022-05-20,490218.338180542,26.120101928710938,490192.2180786133,SPY,1322
2022-05-23,499389.9149017334,26.120101928710938,499363.7947998047,SPY,1322
2022-05-24,495577.86851501465,26.120101928710938,495551.74841308594,SPY,1322
2022-05-25,499955.9849090576,26.120101928710938,499929.8648071289,SPY,1322
2022-05-26,509945.37968444824,26.120101928710938,509919.25958251953,SPY,1322
2022-05-27,522463.47062683105,26.120101928710938,522437.35052490234,SPY,1322
2022-05-31,519532.05827331543,26.120101928710938,519505.9381713867,SPY,1322
2022-06-01,515329.96379089355,26.120101928710938,515303.84368896484,SPY,1322
2022-06-02,525143.2559661865,26.120101928710938,525117.1358642578,SPY,1322
2022-06-03,516525.28288269043,26.120101928710938,516499.1627807617,SPY,1322
2022-06-06,518097.90129089355,26.120101928710938,518071.78118896484,SPY,1322
2022-06-07,523067.22215270996,26.120101928710938,523041.10205078125,SPY,1322
2022-06-08,517380.78245544434,26.120101928710938,517354.6623535156,SPY,1322
2022-06-09,505076.55632019043,26.120101928710938,505050.4362182617,SPY,1322
2022-06-10,490432.28367614746,26.120101928710938,490406.16357421875,SPY,1322
2022-06-13,471812.4897918701,26.120101928710938,471786.3696899414,SPY,1322
2022-06-14,470390.79917907715,26.120101928710938,470364.67907714844,SPY,1322
2022-06-15,477096.455368042,26.120101928710938,477070.3352661133,SPY,1322
2022-06-16,461307.25358581543,26.120101928710938,461281.1334838867,SPY,1322
2022-06-17,462301.7794036865,26.120101928710938,462275.6593017578,SPY,1322
2022-06-21,473938.8732147217,26.120101928710938,473912.75311279297,SPY,1322
2022-06-22,473079.6216278076,26.120101928710938,473053.5015258789,SPY,1322
2022-06-23,477716.86906433105,26.120101928710938,477690.74896240234,SPY,1322
2022-06-24,492904.5382537842,26.120101928710938,492878.41815185547,SPY,1322
2022-06-27,491021.87437438965,26.120101928710938,490995.75427246094,SPY,1322
2022-06-28,480989.35160827637,26.120101928710938,480963.23150634766,SPY,1322
2022-06-29,480597.6493988037,26.120101928710938,480571.529296875,SPY,1322
2022-06-30,476693.4567718506,26.120101928710938,476667.3366699219,SPY,1322
2022-07-01,481734.8324432373,26.120101928710938,481708.7123413086,SPY,1322
2022-07-05,482644.6353607178,26.120101928710938,482618.51525878906,SPY,1322
2022-07-06,484274.58293151855,26.120101928710938,484248.46282958984,SPY,1322
2022-07-07,491527.26664733887,26.120101928710938,491501.14654541016,SPY,1322
2022-07-08,491122.9366912842,26.120101928710938,491096.81658935547,SPY,1322
2022-07-11,485512.86863708496,26.120101928710938,485486.74853515625,SPY,1322
2022-07-12,481216.85276794434,26.120101928710938,481190.7326660156,SPY,1322
2022-07-13,478689.7703704834,26.120101928710938,478663.6502685547,SPY,1322
2022-07-14,477527.29148864746,26.120101928710938,477501.17138671875,SPY,1322
2022-07-15,486650.0113372803,26.120101928710938,486623.89123535156,SPY,1322
2022-07-18,482632.00761413574,26.120101928710938,482605.88751220703,SPY,1322
2022-07-19,495671.588180542,26.120101928710938,495645.4680786133,SPY,1322
2022-07-20,498830.421005249,26.120101928710938,498804.3009033203,SPY,1322
2022-07-21,503909.84129333496,26.120101928710938,503883.72119140625,SPY,1322
2022-07-22,499234.791305542,26.120101928710938,499208.6712036133,SPY,1322
2022-07-25,499841.3265838623,26.120101928710938,499815.2064819336,SPY,1322
2022-07-26,493927.91020202637,26.120101928710938,493901.79010009766,SPY,1322
2022-07-27,506752.8190765381,26.120101928710938,506726.6989746094,SPY,1322
2022-07-28,513108.2872772217,26.120101928710938,513082.16717529297,SPY,1322
2022-07-29,520588.47215270996,26.120101928710938,520562.35205078125,SPY,1322
2022-08-01,519046.8784637451,26.120101928710938,519020.7583618164,SPY,1322
2022-08-02,515622.7419281006,26.120101928710938,515596.6218261719,SPY,1322
2022-08-03,523696.7536468506,26.120101928710938,523670.6335449219,SPY,1322
2022-08-04,523342.934677124,26.120101928710938,523316.8145751953,SPY,1322
2022-08-05,522458.4679412842,26.120101928710938,522432.34783935547,SPY,1322
2022-08-08,521851.97300720215,26.120101928710938,521825.85290527344,SPY,1322
2022-08-09,519779.7718963623,26.120101928710938,519753.6517944336,SPY,1322
2022-08-10,530696.6807098389,26.120101928710938,530670.5606079102,SPY,1322
2022-08-11,530696.6807098389,26.120101928710938,530670.5606079102,SPY,1322
2022-08-12,539680.455001831,26.120101928710938,539654.3348999023,SPY,1322
2022-08-15,541904.2294158936,26.120101928710938,541878.1093139648,SPY,1322
2022-08-16,542965.5652923584,26.120101928710938,542939.4451904297,SPY,1322
2022-08-17,539111.8836517334,26.120101928710938,539085.7635498047,SPY,1322
2022-08-18,540678.6118011475,26.120101928710938,540652.4916992188,SPY,1322
2022-08-19,533413.3406829834,26.120101928710938,533387.2205810547,SPY,1322
2022-08-22,522306.85429382324,26.120101928710938,522280.73419189453,SPY,1322
2022-08-23,521043.4341278076,26.120101928710938,521017.3140258789,SPY,1322
2022-08-24,522711.2245941162,26.120101928710938,522685.1044921875,SPY,1322
2022-08-25,530090.1857757568,26.120101928710938,530064.0656738281,SPY,1322
2022-08-26,512148.09440612793,26.120101928710938,512121.9743041992,SPY,1322
2022-08-29,508761.8007659912,26.120101928710938,508735.6806640625,SPY,1322
2022-08-30,503176.9478607178,26.120101928710938,503150.82775878906,SPY,1322
2022-08-31,499348.48136901855,26.120101928710938,499322.36126708984,SPY,1322
2022-09-01,500915.33055114746,26.120101928710938,500889.21044921875,SPY,1322
2022-09-02,495633.6645965576,26.120101928710938,495607.5444946289,SPY,1322
2022-09-06,493763.7091522217,26.120101928710938,493737.58905029297,SPY,1322
2022-09-07,502633.67234802246,26.120101928710938,502607.55224609375,SPY,1322
2022-09-08,505918.86332702637,26.120101928710938,505892.74322509766,SPY,1322
2022-09-09,513778.082321167,26.120101928710938,513751.9622192383,SPY,1322
2022-09-12,519299.67546081543,26.120101928710938,519273.5553588867,SPY,1322
2022-09-13,496720.37699890137,26.120101928710938,496694.25689697266,SPY,1322
2022-09-14,498615.66862487793,26.120101928710938,498589.5485229492,SPY,1322
2022-09-15,492955.0492401123,26.120101928710938,492928.9291381836,SPY,1322
2022-09-16,489194.5224456787,26.120101928710938,489168.40234375,SPY,1322
2022-09-19,492988.05082702637,26.120101928710938,492961.93072509766,SPY,1322
2022-09-20,487329.4889984131,26.120101928710938,487303.3688964844,SPY,1322
2022-09-21,478829.07902526855,26.120101928710938,478802.95892333984,SPY,1322
2022-09-22,474807.202255249,26.120101928710938,474781.0821533203,SPY,1322
2022-09-23,466852.32707214355,26.120101928710938,466826.20697021484,SPY,1322
2022-09-26,462234.0817718506,26.120101928710938,462207.9616699219,SPY,1322
2022-09-27,461054.21452331543,26.120101928710938,461028.0944213867,SPY,1322
2022-09-28,470125.6568450928,26.120101928710938,470099.53674316406,SPY,1322
2022-09-29,460305.6675262451,26.120101928710938,460279.5474243164,SPY,1322
2022-09-30,453188.1773529053,26.120101928710938,453162.05725097656,SPY,1322
2022-10-03,465152.1805267334,26.120101928710938,465126.0604248047,SPY,1322
2022-10-04,479564.95793151855,26.120101928710938,479538.83782958984,SPY,1322
2022-10-05,478448.47148132324,26.120101928710938,478422.35137939453,SPY,1322
2022-10-06,473513.12046813965,26.120101928710938,473487.00036621094,SPY,1322
2022-10-07,460305.6675262451,26.120101928710938,460279.5474243164,SPY,1322
2022-10-10,456791.361618042,26.120101928710938,456765.2415161133,SPY,1322
2022-10-11,453898.6393890381,26.120101928710938,453872.5192871094,SPY,1322
2022-10-12,452401.6664276123,26.120101928710938,452375.5463256836,SPY,1322
2022-10-13,464340.25273132324,26.120101928710938,464314.13262939453,SPY,1322
2022-10-14,453759.08866882324,26.120101928710938,453732.96856689453,SPY,1322
2022-10-17,465418.69456481934,26.120101928710938,465392.5744628906,SPY,1322
2022-10-18,470886.8719329834,26.120101928710938,470860.7518310547,SPY,1322
2022-10-19,467550.12101745605,26.120101928710938,467524.00091552734,SPY,1322
2022-10-20,463629.8310394287,26.120101928710938,463603.7109375,SPY,1322
2022-10-21,474896.0806121826,26.120101928710938,474869.9605102539,SPY,1322
2022-10-24,480706.7402191162,26.120101928710938,480680.6201171875,SPY,1322
2022-10-25,488382.513961792,26.120101928710938,488356.3938598633,SPY,1322
2022-10-26,484703.24046325684,26.120101928710938,484677.1203613281,SPY,1322
2022-10-27,482115.11723327637,26.120101928710938,482088.99713134766,SPY,1322
2022-10-28,493584.29832458496,26.120101928710938,493558.17822265625,SPY,1322
2022-10-31,490019.239364624,26.120101928710938,489993.1192626953,SPY,1322
2022-11-01,487875.02378845215,26.120101928710938,487848.90368652344,SPY,1322
2022-11-02,475631.87882995605,26.120101928710938,475605.75872802734,SPY,1322
2022-11-03,470734.61277770996,26.120101928710938,470708.49267578125,SPY,1322
2022-11-04,477509.66105651855,26.120101928710938,477483.54095458984,SPY,1322
2022-11-07,482077.03227233887,26.120101928710938,482050.91217041016,SPY,1322
2022-11-08,484677.78324890137,26.120101928710938,484651.66314697266,SPY,1322
2022-11-09,474693.0280609131,26.120101928710938,474666.9079589844,SPY,1322
2022-11-10,500777.9584197998,26.120101928710938,500751.8383178711,SPY,1322
2022-11-11,505624.55210876465,26.120101928710938,505598.43200683594,SPY,1322
2022-11-14,501323.57389831543,26.120101928710938,501297.4537963867,SPY,1322
2022-11-15,505599.0545501709,26.120101928710938,505572.9344482422,SPY,1322
2022-11-16,501742.1050262451,26.120101928710938,501715.9849243164,SPY,1322
2022-11-17,500207.00675964355,26.120101928710938,500180.88665771484,SPY,1322
2022-11-18,502478.0242767334,26.120101928710938,502451.9041748047,SPY,1322
2022-11-21,500651.11613464355,26.120101928710938,500624.99603271484,SPY,1322
2022-11-22,507387.9584197998,26.120101928710938,507361.8383178711,SPY,1322
2022-11-23,510585.27964782715,26.120101928710938,510559.15954589844,SPY,1322
2022-11-25,510470.98442077637,26.120101928710938,510444.86431884766,SPY,1322
2022-11-28,502325.80546569824,26.120101928710938,502299.68536376953,SPY,1322
2022-11-29,501463.0439300537,26.120101928710938,501436.923828125,SPY,1322
2022-11-30,517258.53941345215,26.120101928710938,517232.41931152344,SPY,1322
2022-12-01,516878.09324645996,26.120101928710938,516851.97314453125,SPY,1322
2022-12-02,516281.68437194824,26.120101928710938,516255.56427001953,SPY,1322
2022-12-05,506994.6424407959,26.120101928710938,506968.5223388672,SPY,1322
2022-12-06,499686.8888397217,26.120101928710938,499660.76873779297,SPY,1322
2022-12-07,498836.7550506592,26.120101928710938,498810.63494873047,SPY,1322
2022-12-08,502744.49797058105,26.120101928710938,502718.37786865234,SPY,1322
2022-12-09,498989.0948944092,26.120101928710938,498962.97479248047,SPY,1322
2022-12-12,506182.71464538574,26.120101928710938,506156.59454345703,SPY,1322
2022-12-13,510014.24729919434,26.120101928710938,509988.1271972656,SPY,1322
2022-12-14,506753.6259613037,26.120101928710938,506727.505859375,SPY,1322
2022-12-15,494358.2218475342,26.120101928710938,494332.10174560547,SPY,1322
2022-12-16,488522.1453704834,26.120101928710938,488496.0252685547,SPY,1322
2022-12-19,484379.7603607178,26.120101928710938,484353.64025878906,SPY,1322
2022-12-20,485042.57585144043,26.120101928710938,485016.4557495117,SPY,1322
2022-12-21,492294.77543640137,26.120101928710938,492268.65533447266,SPY,1322
2022-12-22,485272.0135345459,26.120101928710938,485245.8934326172,SPY,1322
2022-12-23,488063.1893157959,26.120101928710938,488037.0692138672,SPY,1322
2022-12-27,486138.64811706543,26.120101928710938,486112.5280151367,SPY,1322
2022-12-28,480097.30015563965,26.120101928710938,480071.18005371094,SPY,1322
2022-12-29,488738.71324157715,26.120101928710938,488712.59313964844,SPY,1322
2022-12-30,487451.4899749756,26.120101928710938,487425.3698730469,SPY,1322
2023-01-03,485399.46098327637,26.120101928710938,485373.34088134766,SPY,1322
2023-01-04,489146.5934906006,26.120101928710938,489120.4733886719,SPY,1322
2023-01-05,483564.12089538574,26.120101928710938,483538.00079345703,SPY,1322
2023-01-06,494652.65409851074,26.120101928710938,494626.53399658203,SPY,1322
2023-01-09,494372.2212982178,26.120101928710938,494346.10119628906,SPY,1322
2023-01-10,497839.04203796387,26.120101928710938,497812.92193603516,SPY,1322
2023-01-11,504135.2445526123,26.120101928710938,504109.1244506836,SPY,1322
2023-01-12,505970.58464050293,26.120101928710938,505944.4645385742,SPY,1322
2023-01-13,507933.4125213623,26.120101928710938,507907.2924194336,SPY,1322
2023-01-17,507003.0340423584,26.120101928710938,506976.9139404297,SPY,1322
2023-01-18,498998.85820007324,26.120101928710938,498972.73809814453,SPY,1322
2023-01-19,495366.4243621826,26.120101928710938,495340.3042602539,SPY,1322
2023-01-20,504594.1602630615,26.120101928710938,504568.0401611328,SPY,1322
2023-01-23,510648.2166595459,26.120101928710938,510622.0965576172,SPY,1322
2023-01-24,510100.1401824951,26.120101928710938,510074.0200805664,SPY,1322
2023-01-25,510291.37187194824,26.120101928710938,510265.25177001953,SPY,1322
2023-01-26,515899.34202575684,26.120101928710938,515873.2219238281,SPY,1322
2023-01-27,517084.65574645996,26.120101928710938,517058.53564453125,SPY,1322
2023-01-30,510597.2215423584,26.120101928710938,510571.1014404297,SPY,1322
2023-01-31,518104.3160247803,26.120101928710938,518078.19592285156,SPY,1322
2023-02-01,523610.33628845215,26.120101928710938,523584.21618652344,SPY,1322
2023-02-02,531232.1697845459,26.120101928710938,531206.0496826172,SPY,1322
2023-02-03,525585.9532928467,26.120101928710938,525559.833190918,SPY,1322
2023-02-06,522374.1081390381,26.120101928710938,522347.9880371094,SPY,1322
2023-02-07,529205.6383514404,26.120101928710938,529179.5182495117,SPY,1322
2023-02-08,523419.1852874756,26.120101928710938,523393.0651855469,SPY,1322
2023-02-09,518881.78984069824,26.120101928710938,518855.66973876953,SPY,1322
2023-02-10,520092.6011199951,26.120101928710938,520066.4810180664,SPY,1322
2023-02-13,526197.7736663818,26.120101928710938,526171.6535644531,SPY,1322
2023-02-14,525955.5468597412,26.120101928710938,525929.4267578125,SPY,1322
2023-02-15,527663.4394989014,26.120101928710938,527637.3193969727,SPY,1322
2023-02-16,520398.49113464355,26.120101928710938,520372.37103271484,SPY,1322
2023-02-17,519098.47874450684,26.120101928710938,519072.3586425781,SPY,1322
2023-02-21,508685.4291229248,26.120101928710938,508659.3090209961,SPY,1322
2023-02-22,507984.48832702637,26.120101928710938,507958.36822509766,SPY,1322
2023-02-23,510686.4629974365,26.120101928710938,510660.3428955078,SPY,1322
2023-02-24,505231.3571624756,26.120101928710938,505205.2370605469,SPY,1322
2023-02-27,506952.0389251709,26.120101928710938,506925.9188232422,SPY,1322
2023-02-28,505078.45249938965,26.120101928710938,505052.33239746094,SPY,1322
2023-03-01,503141.1625213623,26.120101928710938,503115.0424194336,SPY,1322
2023-03-02,507053.9888153076,26.120101928710938,507027.8687133789,SPY,1322
2023-03-03,515185.61210632324,26.120101928710938,515159.49200439453,SPY,1322
2023-03-06,515542.53758239746,26.120101928710938,515516.41748046875,SPY,1322
2023-03-07,507640.1905975342,26.120101928710938,507614.07049560547,SPY,1322
2023-03-08,508468.7402191162,26.120101928710938,508442.6201171875,SPY,1322
2023-03-09,499088.09965515137,26.120101928710938,499061.97955322266,SPY,1322
2023-03-10,491886.9355316162,26.120101928710938,491860.8154296875,SPY,1322
2023-03-13,491185.87370300293,26.120101928710938,491159.7536010742,SPY,1322
2023-03-14,499304.78855895996,26.120101928710938,499278.66845703125,SPY,1322
2023-03-15,496182.10417175293,26.120101928710938,496155.9840698242,SPY,1322
2023-03-16,504887.2611541748,26.120101928710938,504861.1410522461,SPY,1322
2023-03-17,498984.0922088623,26.120101928710938,498957.9721069336,SPY,1322
2023-03-20,503781.86936950684,26.120101928710938,503755.7492675781,SPY,1322
2023-03-21,510396.4686126709,26.120101928710938,510370.3485107422,SPY,1322
2023-03-22,501696.39500427246,26.120101928710938,501670.27490234375,SPY,1322
2023-03-23,503052.5665740967,26.120101928710938,503026.44647216797,SPY,1322
2023-03-24,506353.451461792,26.120101928710938,506327.3313598633,SPY,1322
2023-03-27,507300.29039001465,26.120101928710938,507274.17028808594,SPY,1322
2023-03-28,506161.61460876465,26.120101928710938,506135.49450683594,SPY,1322
2023-03-29,513518.26542663574,26.120101928710938,513492.14532470703,SPY,1322
2023-03-30,516524.83909606934,26.120101928710938,516498.7189941406,SPY,1322
2023-03-31,523804.7148284912,26.120101928710938,523778.5947265625,SPY,1322
2023-04-03,525800.5442962646,26.120101928710938,525774.4241943359,SPY,1322
2023-04-04,522883.53483581543,26.120101928710938,522857.4147338867,SPY,1322
2023-04-05,521514.4934539795,26.120101928710938,521488.3733520508,SPY,1322
2023-04-06,523548.77098083496,26.120101928710938,523522.65087890625,SPY,1322
2023-04-10,524086.1562347412,26.120101928710938,524060.0361328125,SPY,1322
2023-04-11,524226.9172821045,26.120101928710938,524200.7971801758,SPY,1322
2023-04-12,522090.2460784912,26.120101928710938,522064.1259765625,SPY,1322
2023-04-13,529024.694442749,26.120101928710938,528998.5743408203,SPY,1322
2023-04-14,527732.4684906006,26.120101928710938,527706.3483886719,SPY,1322
2023-04-17,529626.0656585693,26.120101928710938,529599.9455566406,SPY,1322
2023-04-18,529971.4526824951,26.120101928710938,529945.3325805664,SPY,1322
2023-04-19,529881.928817749,26.120101928710938,529855.8087158203,SPY,1322
2023-04-20,526990.4572601318,26.120101928710938,526964.3371582031,SPY,1322
2023-04-21,527399.87059021,26.120101928710938,527373.7504882812,SPY,1322
2023-04-24,527950.0046234131,26.120101928710938,527923.8845214844,SPY,1322
2023-04-25,519569.8204803467,26.120101928710938,519543.70037841797,SPY,1322
2023-04-26,517369.2036590576,26.120101928710938,517343.0835571289,SPY,1322
2023-04-27,527668.4421844482,26.120101928710938,527642.3220825195,SPY,1322
2023-04-28,532172.0291595459,26.120101928710938,532145.9090576172,SPY,1322
2023-05-01,531634.7245941162,26.120101928710938,531608.6044921875,SPY,1322
2023-05-02,525659.7429046631,26.120101928710938,525633.6228027344,SPY,1322
2023-05-03,522051.919052124,26.120101928710938,522025.7989501953,SPY,1322
2023-05-04,518354.40995788574,26.120101928710938,518328.28985595703,SPY,1322
2023-05-05,527950.0046234131,26.120101928710938,527923.8845214844,SPY,1322
2023-05-08,528090.7656707764,26.120101928710938,528064.6455688477,SPY,1322
2023-05-09,525774.9660491943,26.120101928710938,525748.8459472656,SPY,1322
2023-05-10,528231.4460296631,26.120101928710938,528205.3259277344,SPY,1322
2023-05-11,527310.225692749,26.120101928710938,527284.1055908203,SPY,1322
2023-05-12,526619.3709564209,26.120101928710938,526593.2508544922,SPY,1322
2023-05-15,528436.1930389404,26.120101928710938,528410.0729370117,SPY,1322
2023-05-16,524904.9828948975,26.120101928710938,524878.8627929688,SPY,1322
2023-05-17,531276.4677581787,26.120101928710938,531250.34765625,SPY,1322
2023-05-18,536394.1343841553,26.120101928710938,536368.0142822266,SPY,1322
2023-05-19,535613.6750946045,26.120101928710938,535587.5549926758,SPY,1322
2023-05-22,535831.1708831787,26.120101928710938,535805.05078125,SPY,1322
2023-05-23,529817.8621673584,26.120101928710938,529791.7420654297,SPY,1322
2023-05-24,525979.6727142334,26.120101928710938,525953.5526123047,SPY,1322
2023-05-25,530534.3758392334,26.120101928710938,530508.2557373047,SPY,1322
2023-05-26,537404.8382415771,26.120101928710938,537378.7181396484,SPY,1322
2023-05-30,537609.5045623779,26.120101928710938,537583.3844604492,SPY,1322
2023-05-31,534628.5494842529,26.120101928710938,534602.4293823242,SPY,1322
2023-06-01,539707.7277069092,26.120101928710938,539681.6076049805,SPY,1322
2023-06-02,547512.1995697021,26.120101928710938,547486.0794677734,SPY,1322
2023-06-05,546463.0879974365,26.120101928710938,546436.9678955078,SPY,1322
2023-06-06,547652.9606170654,26.120101928710938,547626.8405151367,SPY,1322
2023-06-07,545759.403793335,26.120101928710938,545733.2836914062,SPY,1322
2023-06-08,549060.3290252686,26.120101928710938,549034.2089233398,SPY,1322
2023-06-09,550045.4546356201,26.120101928710938,550019.3345336914,SPY,1322
2023-06-12,555035.1089935303,26.120101928710938,555008.9888916016,SPY,1322
2023-06-13,558694.2507171631,26.120101928710938,558668.1306152344,SPY,1322
2023-06-14,559359.5272064209,26.120101928710938,559333.4071044922,SPY,1322
2023-06-15,566293.9755706787,26.120101928710938,566267.85546875,SPY,1322
2023-06-16,564365.1175384521,26.120101928710938,564338.9974365234,SPY,1322
2023-06-20,561437.2554779053,26.120101928710938,561411.1353759766,SPY,1322
2023-06-21,558560.7112884521,26.120101928710938,558534.5911865234,SPY,1322
2023-06-22,560576.9145965576,26.120101928710938,560550.7944946289,SPY,1322
2023-06-23,556339.0751190186,26.120101928710938,556312.9550170898,SPY,1322
2023-06-26,554066.1210784912,26.120101928710938,554040.0009765625,SPY,1322
2023-06-27,560140.2285614014,26.120101928710938,560114.1084594727,SPY,1322
2023-06-28,560422.8399505615,26.120101928710938,560396.7198486328,SPY,1322
2023-06-29,562631.5256195068,26.120101928710938,562605.4055175781,SPY,1322
2023-06-30,569270.6541595459,26.120101928710938,569244.5340576172,SPY,1322
2023-07-03,569925.6025238037,26.120101928710938,569899.482421875,SPY,1322
2023-07-05,569078.0104217529,26.120101928710938,569051.8903198242,SPY,1322
2023-07-06,564621.9086151123,26.120101928710938,564595.7885131836,SPY,1322
2023-07-07,563196.5063323975,26.120101928710938,563170.3862304688,SPY,1322
2023-07-10,564621.9086151123,26.120101928710938,564595.7885131836,SPY,1322
2023-07-11,568217.629196167,26.120101928710938,568191.5090942383,SPY,1322
2023-07-12,572789.2769012451,26.120101928710938,572763.1567993164,SPY,1322
2023-07-13,577335.1849822998,26.120101928710938,577309.0648803711,SPY,1322
2023-07-14,576975.6774749756,26.120101928710938,576949.5573730469,SPY,1322
2023-07-17,578978.9302825928,26.120101928710938,578952.8101806641,SPY,1322
2023-07-18,583280.8767547607,26.120101928710938,583254.756652832,SPY,1322
2023-07-19,584577.8633270264,26.120101928710938,584551.7432250977,SPY,1322
2023-07-20,580699.6927337646,26.120101928710938,580673.5726318359,SPY,1322
2023-07-21,580699.6927337646,26.120101928710938,580673.5726318359,SPY,1322
2023-07-24,583293.7465667725,26.120101928710938,583267.6264648438,SPY,1322
2023-07-25,584886.1739959717,26.120101928710938,584860.053894043,SPY,1322
2023-07-26,584976.020614624,26.120101928710938,584949.9005126953,SPY,1322
2023-07-27,581097.809677124,26.120101928710938,581071.6895751953,SPY,1322
2023-07-28,586786.6296844482,26.120101928710938,586760.5095825195,SPY,1322
2023-07-31,587903.8826751709,26.120101928710938,587877.7625732422,SPY,1322
2023-08-01,586221.6489715576,26.120101928710938,586195.5288696289,SPY,1322
2023-08-02,578067.1908416748,26.120101928710938,578041.0707397461,SPY,1322
2023-08-03,576410.5757293701,26.120101928710938,576384.4556274414,SPY,1322
2023-08-04,573803.8134613037,26.120101928710938,573777.693359375,SPY,1322
2023-08-07,578811.985824585,26.120101928710938,578785.8657226562,SPY,1322
2023-08-08,576295.0298309326,26.120101928710938,576268.9097290039,SPY,1322
2023-08-09,572442.5181732178,26.120101928710938,572416.3980712891,SPY,1322
2023-08-10,572648.0317230225,26.120101928710938,572621.9116210938,SPY,1322
2023-08-11,572314.1024627686,26.120101928710938,572287.9823608398,SPY,1322
2023-08-14,575473.137008667,26.120101928710938,575447.0169067383,SPY,1322
2023-08-15,568769.7804412842,26.120101928710938,568743.6603393555,SPY,1322
2023-08-16,564596.2900238037,26.120101928710938,564570.169921875,SPY,1322
2023-08-17,560294.3435516357,26.120101928710938,560268.223449707,SPY,1322
2023-08-18,560564.0447845459,26.120101928710938,560537.9246826172,SPY,1322
2023-08-21,564211.1235809326,26.120101928710938,564185.0034790039,SPY,1322
2023-08-22,562682.8434906006,26.120101928710938,562656.7233886719,SPY,1322
2023-08-23,568949.5947113037,26.120101928710938,568923.474609375,SPY,1322
2023-08-24,561064.837814331,26.120101928710938,561038.7177124023,SPY,1322
2023-08-25,565020.06590271,26.120101928710938,564993.9458007812,SPY,1322
2023-08-28,568602.8763275146,26.120101928710938,568576.7562255859,SPY,1322
2023-08-29,576821.4817962646,26.120101928710938,576795.3616943359,SPY,1322
2023-08-30,579197.2329559326,26.120101928710938,579171.1128540039,SPY,1322
2023-08-31,578349.6811981201,26.120101928710938,578323.5610961914,SPY,1322
2023-09-01,579428.3650970459,26.120101928710938,579402.2449951172,SPY,1322
2023-09-05,576924.2789154053,26.120101928710938,576898.1588134766,SPY,1322
2023-09-06,573046.0679779053,26.120101928710938,573019.9478759766,SPY,1322
2023-09-07,571286.7767791748,26.120101928710938,571260.6566772461,SPY,1322
2023-09-08,572147.1176605225,26.120101928710938,572120.9975585938,SPY,1322
2023-09-11,575909.782699585,26.120101928710938,575883.6625976562,SPY,1322
2023-09-12,572750.7481536865,26.120101928710938,572724.6280517578,SPY,1322
2023-09-13,573418.5259857178,26.120101928710938,573392.4058837891,SPY,1322
2023-09-14,578362.5106658936,26.120101928710938,578336.3905639648,SPY,1322
2023-09-15,571394.536239624,26.120101928710938,571368.4161376953,SPY,1322
2023-09-18,571729.5951385498,26.120101928710938,571703.4750366211,SPY,1322
2023-09-19,570543.9990081787,26.120101928710938,570517.87890625,SPY,1322
2023-09-20,565299.0866546631,26.120101928710938,565272.9665527344,SPY,1322
2023-09-21,555956.0065765381,26.120101928710938,555929.8864746094,SPY,1322
2023-09-22,554705.9403533936,26.120101928710938,554679.8202514648,SPY,1322
2023-09-25,557038.4828338623,26.120101928710938,557012.3627319336,SPY,1322
2023-09-26,548855.259262085,26.120101928710938,548829.1391601562,SPY,1322
2023-09-27,549074.4091644287,26.120101928710938,549048.2890625,SPY,1322
2023-09-28,552257.4081878662,26.120101928710938,552231.2880859375,SPY,1322
2023-09-29,550917.2129364014,26.120101928710938,550891.0928344727,SPY,1322
2023-10-02,550698.1437225342,26.120101928710938,550672.0236206055,SPY,1322
2023-10-03,543326.7672576904,26.120101928710938,543300.6471557617,SPY,1322
2023-10-04,547283.1249847412,26.120101928710938,547257.0048828125,SPY,1322
2023-10-05,547076.8448944092,26.120101928710938,547050.7247924805,SPY,1322
2023-10-06,553571.9445037842,26.120101928710938,553545.8244018555,SPY,1322
2023-10-09,557115.8227386475,26.120101928710938,557089.7026367188,SPY,1322
2023-10-10,560015.4034881592,26.120101928710938,559989.2833862305,SPY,1322
2023-10-11,562309.2558441162,26.120101928710938,562283.1357421875,SPY,1322
2023-10-12,558881.286605835,26.120101928710938,558855.1665039062,SPY,1322
2023-10-13,556097.7358856201,26.120101928710938,556071.6157836914,SPY,1322
2023-10-16,561948.457321167,26.120101928710938,561922.3372192383,SPY,1322
2023-10-17,561922.637008667,26.120101928710938,561896.5169067383,SPY,1322
2023-10-18,554435.3112030029,26.120101928710938,554409.1911010742,SPY,1322
2023-10-19,549564.02684021,26.120101928710938,549537.9067382812,SPY,1322
2023-10-20,542811.3292694092,26.120101928710938,542785.2091674805,SPY,1322
2023-10-23,541870.582321167,26.120101928710938,541844.4622192383,SPY,1322
2023-10-24,545955.7188568115,26.120101928710938,545929.5987548828,SPY,1322
2023-10-25,538120.4239959717,26.120101928710938,538094.303894043,SPY,1322
2023-10-26,531677.005355835,26.120101928710938,531650.8852539062,SPY,1322
2023-10-27,529267.122970581,26.120101928710938,529241.0028686523,SPY,1322
2023-10-30,535594.5922698975,26.120101928710938,535568.4721679688,SPY,1322
2023-10-31,538958.1317596436,26.120101928710938,538932.0116577148,SPY,1322
2023-11-01,544705.7333221436,26.120101928710938,544679.6132202148,SPY,1322
2023-11-02,555144.1191253662,26.120101928710938,555117.9990234375,SPY,1322
2023-11-03,560208.6927337646,26.120101928710938,560182.5726318359,SPY,1322
2023-11-06,561497.328048706,26.120101928710938,561471.2079467773,SPY,1322
2023-11-07,563095.3229827881,26.120101928710938,563069.2028808594,SPY,1322
2023-11-08,563507.721786499,26.120101928710938,563481.6016845703,SPY,1322
2023-11-09,559113.2659759521,26.120101928710938,559087.1458740234,SPY,1322
2023-11-10,567837.7075042725,26.120101928710938,567811.5874023438,SPY,1322
2023-11-13,567296.4492034912,26.120101928710938,567270.3291015625,SPY,1322
2023-11-14,578301.9943084717,26.120101928710938,578275.874206543,SPY,1322
2023-11-15,579526.1595306396,26.120101928710938,579500.0394287109,SPY,1322
2023-11-16,580235.0481414795,26.120101928710938,580208.9280395508,SPY,1322
2023-11-17,580956.6451873779,26.120101928710938,580930.5250854492,SPY,1322
2023-11-20,585428.44090271,26.120101928710938,585402.3208007812,SPY,1322
2023-11-21,584152.5947113037,26.120101928710938,584126.474609375,SPY,1322
2023-11-22,586407.7972869873,26.120101928710938,586381.6771850586,SPY,1322
2023-11-24,586768.7168426514,26.120101928710938,586742.5967407227,SPY,1322
2023-11-27,585711.9802093506,26.120101928710938,585685.8601074219,SPY,1322
2023-11-28,586291.847946167,26.120101928710938,586265.7278442383,SPY,1322
2023-11-29,585879.5298309326,26.120101928710938,585853.4097290039,SPY,1322
2023-11-30,588186.2116546631,26.120101928710938,588160.0915527344,SPY,1322
2023-12-01,591665.781173706,26.120101928710938,591639.6610717773,SPY,1322
2023-12-04,588559.9606781006,26.120101928710938,588533.8405761719,SPY,1322
2023-12-05,588444.0113372803,26.120101928710938,588417.8912353516,SPY,1322
2023-12-06,586072.7787322998,26.120101928710938,586046.6586303711,SPY,1322
2023-12-07,590544.5744476318,26.120101928710938,590518.4543457031,SPY,1322
2023-12-08,593083.316329956,26.120101928710938,593057.1962280273,SPY,1322
2023-12-11,595390.0384979248,26.120101928710938,595363.9183959961,SPY,1322
2023-12-12,598109.240158081,26.120101928710938,598083.1200561523,SPY,1322
2023-12-13,606356.812789917,26.120101928710938,606330.6926879883,SPY,1322
2023-12-14,608302.8171234131,26.120101928710938,608276.6970214844,SPY,1322
2023-12-15,607301.1907196045,26.120101928710938,607275.0706176758,SPY,1322
2023-12-18,610717.2180633545,26.120101928710938,610691.0979614258,SPY,1322
2023-12-19,614430.824508667,26.120101928710938,614404.7044067383,SPY,1322
2023-12-20,605916.6974945068,26.120101928710938,605890.5773925781,SPY,1322
2023-12-21,611661.7573699951,26.120101928710938,611635.6372680664,SPY,1322
2023-12-22,612890.92527771,26.120101928710938,612864.8051757812,SPY,1322
2023-12-26,615478.7660980225,26.120101928710938,615452.6459960938,SPY,1322
2023-12-27,616591.5812225342,26.120101928710938,616565.4611206055,SPY,1322
2023-12-28,616824.4481658936,26.120101928710938,616798.3280639648,SPY,1322
2023-12-29,615038.892868042,26.120101928710938,615012.7727661133,SPY,1322
2024-01-02,611597.045211792,26.120101928710938,611570.9251098633,SPY,1322
2024-01-03,606602.5495452881,26.120101928710938,606576.4294433594,SPY,1322
2024-01-04,604648.6780853271,26.120101928710938,604622.5579833984,SPY,1322
2024-01-05,605476.9049530029,26.120101928710938,605450.7848510742,SPY,1322
2024-01-08,614120.1738739014,26.120101928710938,614094.0537719727,SPY,1322
2024-01-09,613188.6657562256,26.120101928710938,613162.5456542969,SPY,1322
2024-01-10,616656.2933807373,26.120101928710938,616630.1732788086,SPY,1322
2024-01-11,616384.5345916748,26.120101928710938,616358.4144897461,SPY,1322
2024-01-12,616811.5380096436,26.120101928710938,616785.4179077148,SPY,1322
2024-01-16,614547.2176361084,26.120101928710938,614521.0975341797,SPY,1322
2024-01-17,611131.2306365967,26.120101928710938,611105.110534668,SPY,1322
2024-01-18,616565.6802215576,26.120101928710938,616539.5601196289,SPY,1322
2024-01-19,624251.580368042,26.120101928710938,624225.4602661133,SPY,1322
2024-01-22,625571.4421234131,26.120101928710938,625545.3220214844,SPY,1322
2024-01-23,627395.8892669678,26.120101928710938,627369.7691650391,SPY,1322
2024-01-24,628081.5799407959,26.120101928710938,628055.4598388672,SPY,1322
2024-01-25,631497.5669403076,26.120101928710938,631471.4468383789,SPY,1322
2024-01-26,630695.3621063232,26.120101928710938,630669.2420043945,SPY,1322
2024-01-29,635689.8577728271,26.120101928710938,635663.7376708984,SPY,1322
2024-01-30,635198.1825408936,26.120101928710938,635172.0624389648,SPY,1322
2024-01-31,624833.8687591553,26.120101928710938,624807.7486572266,SPY,1322
2024-02-01,633011.4441375732,26.120101928710938,632985.3240356445,SPY,1322
2024-02-02,639675.1019744873,26.120101928710938,639648.9818725586,SPY,1322
2024-02-05,637345.9484100342,26.120101928710938,637319.8283081055,SPY,1322
2024-02-06,639196.4175872803,26.120101928710938,639170.2974853516,SPY,1322
2024-02-07,644527.3035125732,26.120101928710938,644501.1834106445,SPY,1322
2024-02-08,644811.9321136475,26.120101928710938,644785.8120117188,SPY,1322
2024-02-09,648538.4890594482,26.120101928710938,648512.3689575195,SPY,1322
2024-02-12,648253.860458374,26.120101928710938,648227.7403564453,SPY,1322
2024-02-13,639325.76121521,26.120101928710938,639299.6411132812,SPY,1322
2024-02-14,645135.4929046631,26.120101928710938,645109.3728027344,SPY,1322
2024-02-15,649586.5920257568,26.120101928710938,649560.4719238281,SPY,1322
2024-02-16,646351.8313446045,26.120101928710938,646325.7112426758,SPY,1322
2024-02-20,642793.4695281982,26.120101928710938,642767.3494262695,SPY,1322
2024-02-21,643375.7175750732,26.120101928710938,643349.5974731445,SPY,1322
2024-02-22,656690.2037811279,26.120101928710938,656664.0836791992,SPY,1322
2024-02-23,657143.0275115967,26.120101928710938,657116.907409668,SPY,1322
2024-02-26,654736.332321167,26.120101928710938,654710.2122192383,SPY,1322
2024-02-27,655952.6707611084,26.120101928710938,655926.5506591797,SPY,1322
2024-02-28,655085.7537689209,26.120101928710938,655059.6336669922,SPY,1322
2024-02-29,657440.6066131592,26.120101928710938,657414.4865112305,SPY,1322
2024-03-01,663612.6295623779,26.120101928710938,663586.5094604492,SPY,1322
2024-03-04,662900.9571990967,26.120101928710938,662874.837097168,SPY,1322
2024-03-05,656276.0298309326,26.120101928710938,656249.9097290039,SPY,1322
2024-03-06,659601.4843597412,26.120101928710938,659575.3642578125,SPY,1322
2024-03-07,666148.6683807373,26.120101928710938,666122.5482788086,SPY,1322
2024-03-08,662150.5140228271,26.120101928710938,662124.3939208984,SPY,1322
2024-03-11,661581.1761322021,26.120101928710938,661555.0560302734,SPY,1322
2024-03-12,668697.7787322998,26.120101928710938,668671.6586303711,SPY,1322
2024-03-13,667649.6354217529,26.120101928710938,667623.5153198242,SPY,1322
2024-03-14,666329.8543548584,26.120101928710938,666303.7342529297,SPY,1322
2024-03-15,661754.6160125732,26.120101928710938,661728.4959106445,SPY,1322
2024-03-18,665687.3320159912,26.120101928710938,665661.2119140625,SPY,1322
2024-03-19,669386.6162567139,26.120101928710938,669360.4961547852,SPY,1322
2024-03-20,675577.6413421631,26.120101928710938,675551.5212402344,SPY,1322
2024-03-21,677810.2108001709,26.120101928710938,677784.0906982422,SPY,1322
2024-03-22,676525.2871551514,26.120101928710938,676499.1670532227,SPY,1322
2024-03-25,674656.1789398193,26.120101928710938,674630.0588378906,SPY,1322
2024-03-26,673410.1471405029,26.120101928710938,673384.0270385742,SPY,1322
2024-03-27,679069.1930999756,26.120101928710938,679043.0729980469,SPY,1322
2024-03-28,678939.4460296631,26.120101928710938,678913.3259277344,SPY,1322
2024-04-01,677758.2474212646,26.120101928710938,677732.1273193359,SPY,1322
2024-04-02,673449.1196746826,26.120101928710938,673422.9995727539,SPY,1322
2024-04-03,674188.8716278076,26.120101928710938,674162.7515258789,SPY,1322
2024-04-04,665959.9380340576,26.120101928710938,665933.8179321289,SPY,1322
2024-04-05,672916.9388275146,26.120101928710938,672890.8187255859,SPY,1322
2024-04-08,673293.2295379639,26.120101928710938,673267.1094360352,SPY,1322
2024-04-09,674072.0750579834,26.120101928710938,674045.9549560547,SPY,1322
2024-04-10,667322.8067474365,26.120101928710938,667296.6866455078,SPY,1322
2024-04-11,672358.7359466553,26.120101928710938,672332.6158447266,SPY,1322
2024-04-12,663078.5525360107,26.120101928710938,663052.432434082,SPY,1322
2024-04-15,654771.7545623779,26.120101928710938,654745.6344604492,SPY,1322
2024-04-16,653577.5651092529,26.120101928710938,653551.4450073242,SPY,1322
2024-04-17,649709.7226409912,26.120101928710938,649683.6025390625,SPY,1322
2024-04-18,648372.8759613037,26.120101928710938,648346.755859375,SPY,1322
2024-04-19,642713.8703460693,26.120101928710938,642687.7502441406,SPY,1322
2024-04-22,648632.4507904053,26.120101928710938,648606.3306884766,SPY,1322
2024-04-23,656329.2438812256,26.120101928710938,656303.1237792969,SPY,1322
2024-04-24,656017.746017456,26.120101928710938,655991.6259155273,SPY,1322
2024-04-25,653525.6824188232,26.120101928710938,653499.5623168945,SPY,1322
2024-04-26,659716.9495697021,26.120101928710938,659690.8294677734,SPY,1322
2024-04-29,662053.1633758545,26.120101928710938,662027.0432739258,SPY,1322
2024-04-30,651565.7996673584,26.120101928710938,651539.6795654297,SPY,1322
2024-05-01,649450.2285003662,26.120101928710938,649424.1083984375,SPY,1322
2024-05-02,655524.4570159912,26.120101928710938,655498.3369140625,SPY,1322
2024-05-03,663649.6252288818,26.120101928710938,663623.5051269531,SPY,1322
2024-05-06,670502.6589202881,26.120101928710938,670476.5388183594,SPY,1322
2024-05-07,671242.5319061279,26.120101928710938,671216.4118041992,SPY,1322
2024-05-08,671307.526473999,26.120101928710938,671281.4063720703,SPY,1322
2024-05-09,675175.2882537842,26.120101928710938,675149.1681518555,SPY,1322
2024-05-10,676044.9889984131,26.120101928710938,676018.8688964844,SPY,1322
2024-05-13,676135.7231903076,26.120101928710938,676109.6030883789,SPY,1322
2024-05-14,679237.9127044678,26.120101928710938,679211.7926025391,SPY,1322
2024-05-15,687648.47605896,26.120101928710938,687622.3559570312,SPY,1322
2024-05-16,686233.7649993896,26.120101928710938,686207.6448974609,SPY,1322
2024-05-17,687220.2623138428,26.120101928710938,687194.1422119141,SPY,1322
2024-05-20,688011.8969573975,26.120101928710938,687985.7768554688,SPY,1322
2024-05-21,689699.2543792725,26.120101928710938,689673.1342773438,SPY,1322
2024-05-22,687713.5109710693,26.120101928710938,687687.3908691406,SPY,1322
2024-05-23,682690.411239624,26.120101928710938,682664.2911376953,SPY,1322
2024-05-24,687207.1907806396,26.120101928710938,687181.0706787109,SPY,1322
2024-05-28,687687.5292816162,26.120101928710938,687661.4091796875,SPY,1322
2024-05-29,682872.1216888428,26.120101928710938,682846.0015869141,SPY,1322
2024-05-30,678342.3513031006,26.120101928710938,678316.2312011719,SPY,1322
2024-05-31,684520.5065765381,26.120101928710938,684494.3864746094,SPY,1322
2024-06-03,685078.6287689209,26.120101928710938,685052.5086669922,SPY,1322
2024-06-04,685844.4430999756,26.120101928710938,685818.3229980469,SPY,1322
2024-06-05,693995.5123138428,26.120101928710938,693969.3922119141,SPY,1322
2024-06-06,693982.4407806396,26.120101928710938,693956.3206787109,SPY,1322
2024-06-07,693138.8427581787,26.120101928710938,693112.72265625,SPY,1322
2024-06-10,695280.3149261475,26.120101928710938,695254.1948242188,SPY,1322
2024-06-11,696954.7621917725,26.120101928710938,696928.6420898438,SPY,1322
2024-06-12,702678.5606536865,26.120101928710938,702652.4405517578,SPY,1322
2024-06-13,704093.43309021,26.120101928710938,704067.3129882812,SPY,1322
2024-06-14,704521.8889007568,26.120101928710938,704495.7687988281,SPY,1322
2024-06-17,710128.7697601318,26.120101928710938,710102.6496582031,SPY,1322
2024-06-18,711932.9640960693,26.120101928710938,711906.8439941406,SPY,1322
2024-06-20,709999.0226898193,26.120101928710938,709972.9025878906,SPY,1322
2024-06-21,709047.3021087646,26.120101928710938,709021.1820068359,SPY,1322
2024-06-24,706742.3550872803,26.120101928710938,706716.2349853516,SPY,1322
2024-06-25,709463.8967132568,26.120101928710938,709437.7766113281,SPY,1322
2024-06-26,710349.3720550537,26.120101928710938,710323.251953125,SPY,1322
2024-06-27,711469.1667327881,26.120101928710938,711443.0466308594,SPY,1322
2024-06-28,708669.5993499756,26.120101928710938,708643.4792480469,SPY,1322
2024-07-01,710127.9628753662,26.120101928710938,710101.8427734375,SPY,1322
2024-07-02,714906.8185882568,26.120101928710938,714880.6984863281,SPY,1322
2024-07-03,718096.9988861084,26.120101928710938,718070.8787841797,SPY,1322
2024-07-05,722237.6894378662,26.120101928710938,722211.5693359375,SPY,1322
2024-07-08,723071.0400238037,26.120101928710938,723044.919921875,SPY,1322
2024-07-09,723774.2400970459,26.120101928710938,723748.1199951172,SPY,1322
2024-07-10,730935.9072113037,26.120101928710938,730909.787109375,SPY,1322
2024-07-11,724633.5723724365,26.120101928710938,724607.4522705078,SPY,1322
2024-07-12,729204.1711273193,26.120101928710938,729178.0510253906,SPY,1322
2024-07-15,731209.4411468506,26.120101928710938,731183.3210449219,SPY,1322
2024-07-16,735545.4785003662,26.120101928710938,735519.3583984375,SPY,1322
2024-07-17,725232.6843109131,26.120101928710938,725206.5642089844,SPY,1322
2024-07-18,719659.5312347412,26.120101928710938,719633.4111328125,SPY,1322
2024-07-19,714880.7562103271,26.120101928710938,714854.6361083984,SPY,1322
2024-07-22,722250.8416595459,26.120101928710938,722224.7215576172,SPY,1322
2024-07-23,721117.8947601318,26.120101928710938,721091.7746582031,SPY,1322
2024-07-24,704776.2189788818,26.120101928710938,704750.0988769531,SPY,1322
2024-07-25,701104.167098999,26.120101928710938,701078.0469970703,SPY,1322
2024-07-26,708956.0434417725,26.120101928710938,708929.9233398438,SPY,1322
2024-07-29,709372.7187347412,26.120101928710938,709346.5986328125,SPY,1322
2024-07-30,705778.8539886475,26.120101928710938,705752.7338867188,SPY,1322
2024-07-31,717250.5767669678,26.120101928710938,717224.4566650391,SPY,1322
2024-08-01,707093.9954681396,26.120101928710938,707067.8753662109,SPY,1322
2024-08-02,693929.5091400146,26.120101928710938,693903.3890380859,SPY,1322
2024-08-05,673720.5153656006,26.120101928710938,673694.3952636719,SPY,1322
2024-08-06,679931.6722259521,26.120101928710938,679905.5521240234,SPY,1322
2024-08-07,675387.135848999,26.120101928710938,675361.0157470703,SPY,1322
2024-08-08,690999.7912445068,26.120101928710938,690973.6711425781,SPY,1322
2024-08-09,694046.74949646,26.120101928710938,694020.6293945312,SPY,1322
2024-08-12,694411.3000335693,26.120101928710938,694385.1799316406,SPY,1322
2024-08-13,705830.9787445068,26.120101928710938,705804.8586425781,SPY,1322
2024-08-14,708057.577255249,26.120101928710938,708031.4571533203,SPY,1322
2024-08-15,720193.3661956787,26.120101928710938,720167.24609375,SPY,1322
2024-08-16,721808.0233001709,26.120101928710938,721781.9031982422,SPY,1322
2024-08-19,728709.3087005615,26.120101928710938,728683.1885986328,SPY,1322
2024-08-20,727524.3984222412,26.120101928710938,727498.2783203125,SPY,1322
2024-08-21,730024.3694915771,26.120101928710938,729998.2493896484,SPY,1322
2024-08-22,724295.0035247803,26.120101928710938,724268.8834228516,SPY,1322
2024-08-23,731990.6669769287,26.120101928710938,731964.546875,SPY,1322
2024-08-26,730245.8593597412,26.120101928710938,730219.7392578125,SPY,1322
2024-08-27,731248.4136810303,26.120101928710938,731222.2935791016,SPY,1322
2024-08-28,727003.5543060303,26.120101928710938,726977.4342041016,SPY,1322
2024-08-29,727068.5085296631,26.120101928710938,727042.3884277344,SPY,1322
2024-08-30,734009.0085296631,26.120101928710938,733982.8884277344,SPY,1322
2024-09-03,718904.4484710693,26.120101928710938,718878.3283691406,SPY,1322
2024-09-04,717432.8520355225,26.120101928710938,717406.7319335938,SPY,1322
2024-09-05,715688.044418335,26.120101928710938,715661.9243164062,SPY,1322
2024-09-06,703643.2720794678,26.120101928710938,703617.1519775391,SPY,1322
2024-09-09,711521.2108001709,26.120101928710938,711495.0906982422,SPY,1322
2024-09-10,714620.37449646,26.120101928710938,714594.2543945312,SPY,1322
2024-09-11,721951.2453460693,26.120101928710938,721925.1252441406,SPY,1322
2024-09-12,728032.171005249,26.120101928710938,728006.0509033203,SPY,1322
2024-09-13,731834.5347747803,26.120101928710938,731808.4146728516,SPY,1322
2024-09-16,732915.2762298584,26.120101928710938,732889.1561279297,SPY,1322
2024-09-17,733214.6304779053,26.120101928710938,733188.5103759766,SPY,1322
2024-09-18,731040.1567230225,26.120101928710938,731014.0366210938,SPY,1322
2024-09-19,743514.4338226318,26.120101928710938,743488.3137207031,SPY,1322
2024-09-20,742229.3084564209,26.120101928710938,742203.1883544922,SPY,1322
2024-09-23,744083.93309021,26.120101928710938,744057.8129882812,SPY,1322
2024-09-24,746212.8985443115,26.120101928710938,746186.7784423828,SPY,1322
2024-09-25,744567.1763763428,26.120101928710938,744541.0562744141,SPY,1322
2024-09-26,747519.0836029053,26.120101928710938,747492.9635009766,SPY,1322
2024-09-27,746434.9532318115,26.120101928710938,746408.8331298828,SPY,1322
2024-09-30,749425.9943695068,26.120101928710938,749399.8742675781,SPY,1322
2024-10-01,742712.5517425537,26.120101928710938,742686.431640625,SPY,1322
2024-10-02,743026.026473999,26.120101928710938,742999.9063720703,SPY,1322
2024-10-03,741667.6359710693,26.120101928710938,741641.5158691406,SPY,1322
2024-10-04,748407.2216644287,26.120101928710938,748381.1015625,SPY,1322
2024-10-07,741641.4929046631,26.120101928710938,741615.3728027344,SPY,1322
2024-10-08,748655.419418335,26.120101928710938,748629.2993164062,SPY,1322
2024-10-09,753840.7029876709,26.120101928710938,753814.5828857422,SPY,1322
2024-10-10,752521.5270843506,26.120101928710938,752495.4069824219,SPY,1322
2024-10-11,757027.65574646,26.120101928710938,757001.5356445312,SPY,1322
2024-10-14,763218.6404876709,26.120101928710938,763192.5203857422,SPY,1322
2024-10-15,757288.8443450928,26.120101928710938,757262.7242431641,SPY,1322
2024-10-16,760580.2886810303,26.120101928710938,760554.1685791016,SPY,1322
2024-10-17,760645.4849700928,26.120101928710938,760619.3648681641,SPY,1322
2024-10-18,763571.3298187256,26.120101928710938,763545.2097167969,SPY,1322
2024-10-21,762317.3502044678,26.120101928710938,762291.2301025391,SPY,1322
2024-10-22,761912.4554290771,26.120101928710938,761886.3353271484,SPY,1322
2024-10-23,754950.8957366943,26.120101928710938,754924.7756347656,SPY,1322
2024-10-24,756583.4656829834,26.120101928710938,756557.3455810547,SPY,1322
2024-10-25,756322.2770843506,26.120101928710938,756296.1569824219,SPY,1322
2024-10-28,758660.3063812256,26.120101928710938,758634.1862792969,SPY,1322
2024-10-29,759888.0622406006,26.120101928710938,759861.9421386719,SPY,1322
2024-10-30,757589.247543335,26.120101928710938,757563.1274414062,SPY,1322
2024-10-31,742738.69480896,26.120101928710938,742712.5747070312,SPY,1322
2024-11-01,745873.28074646,26.120101928710938,745847.1606445312,SPY,1322
2024-11-04,744266.7731781006,26.120101928710938,744240.6530761719,SPY,1322
2024-11-05,753266.0396575928,26.120101928710938,753239.9195556641,SPY,1322
2024-11-06,771995.69090271,26.120101928710938,771969.5708007812,SPY,1322
2024-11-07,777964.782333374,26.120101928710938,777938.6622314453,SPY,1322
2024-11-08,781334.5751800537,26.120101928710938,781308.455078125,SPY,1322
2024-11-11,782079.0877532959,26.120101928710938,782052.9676513672,SPY,1322
2024-11-12,779649.6384124756,26.120101928710938,779623.5183105469,SPY,1322
2024-11-13,780028.4708099365,26.120101928710938,780002.3507080078,SPY,1322
2024-11-14,775012.8751068115,26.120101928710938,774986.7550048828,SPY,1322
2024-11-15,765086.4173431396,26.120101928710938,765060.2972412109,SPY,1322
2024-11-18,768221.0839691162,26.120101928710938,768194.9638671875,SPY,1322
2024-11-19,771029.2043304443,26.120101928710938,771003.0842285156,SPY,1322
2024-11-20,771290.4736175537,26.120101928710938,771264.353515625,SPY,1322
2024-11-21,775430.9221038818,26.120101928710938,775404.8020019531,SPY,1322
2024-11-22,777834.0670013428,26.120101928710938,777807.9468994141,SPY,1322
2024-11-25,780472.49949646,26.120101928710938,780446.3793945312,SPY,1322
2024-11-26,784547.5903167725,26.120101928710938,784521.4702148438,SPY,1322
2024-11-27,782170.5077972412,26.120101928710938,782144.3876953125,SPY,1322
2024-11-29,787029.2451019287,26.120101928710938,787003.125,SPY,1322
2024-12-02,788439.8410491943,26.120101928710938,788413.7209472656,SPY,1322
2024-12-03,788805.5212249756,26.120101928710938,788779.4011230469,SPY,1322
2024-12-04,793703.3924407959,26.120101928710938,793677.2723388672,SPY,1322
2024-12-05,792397.3687591553,26.120101928710938,792371.2486572266,SPY,1322
2024-12-06,793899.3847503662,26.120101928710938,793873.2646484375,SPY,1322
2024-12-09,789811.2223968506,26.120101928710938,789785.1022949219,SPY,1322
2024-12-10,787355.7106781006,26.120101928710938,787329.5905761719,SPY,1322
2024-12-11,793442.2845306396,26.120101928710938,793416.1644287109,SPY,1322
2024-12-12,789354.0414886475,26.120101928710938,789327.9213867188,SPY,1322
2024-12-13,789197.4251556396,26.120101928710938,789171.3050537109,SPY,1322
2024-12-16,792567.1373138428,26.120101928710938,792541.0172119141,SPY,1322
2024-12-17,789301.8360443115,26.120101928710938,789275.7159423828,SPY,1322
2024-12-18,765778.6437835693,26.120101928710938,765752.5236816406,SPY,1322
2024-12-19,765543.5982513428,26.120101928710938,765517.4781494141,SPY,1322
2024-12-20,774738.1308441162,26.120101928710938,774712.0107421875,SPY,1322
2024-12-23,779377.3954925537,26.120101928710938,779351.275390625,SPY,1322
2024-12-24,788039.868270874,26.120101928710938,788013.7481689453,SPY,1322
2024-12-26,788092.3157806396,26.120101928710938,788066.1956787109,SPY,1322
2024-12-27,779796.733505249,26.120101928710938,779770.6134033203,SPY,1322
2024-12-30,770898.32762146,26.120101928710938,770872.2075195312,SPY,1322
