date,equity,cash,position_value,position,shares
2005-01-03,100000.0,100000.0,0.0,,0
2005-01-04,100000.0,100000.0,0.0,,0
2005-01-05,100000.0,100000.0,0.0,,0
2005-01-06,100000.0,100000.0,0.0,,0
2005-01-07,100000.0,100000.0,0.0,,0
2005-01-10,100000.0,100000.0,0.0,,0
2005-01-11,100000.0,100000.0,0.0,,0
2005-01-12,100000.0,100000.0,0.0,,0
2005-01-13,100000.0,100000.0,0.0,,0
2005-01-14,100000.0,100000.0,0.0,,0
2005-01-18,100000.0,100000.0,0.0,,0
2005-01-19,100000.0,100000.0,0.0,,0
2005-01-20,100000.0,100000.0,0.0,,0
2005-01-21,100000.0,100000.0,0.0,,0
2005-01-24,100000.0,100000.0,0.0,,0
2005-01-25,100000.0,100000.0,0.0,,0
2005-01-26,100000.0,100000.0,0.0,,0
2005-01-27,100000.0,100000.0,0.0,,0
2005-01-28,100000.0,100000.0,0.0,,0
2005-01-31,100000.0,100000.0,0.0,,0
2005-02-01,100000.0,100000.0,0.0,,0
2005-02-02,100000.0,100000.0,0.0,,0
2005-02-03,100000.0,100000.0,0.0,,0
2005-02-04,100000.0,100000.0,0.0,,0
2005-02-07,100000.0,100000.0,0.0,,0
2005-02-08,100000.0,100000.0,0.0,,0
2005-02-09,100000.0,100000.0,0.0,,0
2005-02-10,100000.0,100000.0,0.0,,0
2005-02-11,100000.0,100000.0,0.0,,0
2005-02-14,100000.0,100000.0,0.0,,0
2005-02-15,100000.0,100000.0,0.0,,0
2005-02-16,100000.0,100000.0,0.0,,0
2005-02-17,100000.0,100000.0,0.0,,0
2005-02-18,100000.0,100000.0,0.0,,0
2005-02-22,100000.0,100000.0,0.0,,0
2005-02-23,100000.0,100000.0,0.0,,0
2005-02-24,100000.0,100000.0,0.0,,0
2005-02-25,100000.0,100000.0,0.0,,0
2005-02-28,100000.0,100000.0,0.0,,0
2005-03-01,100000.0,100000.0,0.0,,0
2005-03-02,100000.0,100000.0,0.0,,0
2005-03-03,100000.0,100000.0,0.0,,0
2005-03-04,100000.0,100000.0,0.0,,0
2005-03-07,100000.0,100000.0,0.0,,0
2005-03-08,100000.0,100000.0,0.0,,0
2005-03-09,100000.0,100000.0,0.0,,0
2005-03-10,100000.0,100000.0,0.0,,0
2005-03-11,100000.0,100000.0,0.0,,0
2005-03-14,100000.0,100000.0,0.0,,0
2005-03-15,100000.0,100000.0,0.0,,0
2005-03-16,100000.0,100000.0,0.0,,0
2005-03-17,100000.0,100000.0,0.0,,0
2005-03-18,100000.0,100000.0,0.0,,0
2005-03-21,100000.0,100000.0,0.0,,0
2005-03-22,100000.0,100000.0,0.0,,0
2005-03-23,100000.0,100000.0,0.0,,0
2005-03-24,100000.0,100000.0,0.0,,0
2005-03-28,100000.0,100000.0,0.0,,0
2005-03-29,100000.0,100000.0,0.0,,0
2005-03-30,100000.0,100000.0,0.0,,0
2005-03-31,100000.0,100000.0,0.0,,0
2005-04-01,100000.0,100000.0,0.0,,0
2005-04-04,100000.0,100000.0,0.0,,0
2005-04-05,100000.0,100000.0,0.0,,0
2005-04-06,100000.0,100000.0,0.0,,0
2005-04-07,100000.0,100000.0,0.0,,0
2005-04-08,100000.0,100000.0,0.0,,0
2005-04-11,100000.0,100000.0,0.0,,0
2005-04-12,100000.0,100000.0,0.0,,0
2005-04-13,100000.0,100000.0,0.0,,0
2005-04-14,100000.0,100000.0,0.0,,0
2005-04-15,100000.0,100000.0,0.0,,0
2005-04-18,100000.0,100000.0,0.0,,0
2005-04-19,100000.0,100000.0,0.0,,0
2005-04-20,100000.0,100000.0,0.0,,0
2005-04-21,100000.0,100000.0,0.0,,0
2005-04-22,100000.0,100000.0,0.0,,0
2005-04-25,100000.0,100000.0,0.0,,0
2005-04-26,100000.0,100000.0,0.0,,0
2005-04-27,100000.0,100000.0,0.0,,0
2005-04-28,100000.0,100000.0,0.0,,0
2005-04-29,100000.0,100000.0,0.0,,0
2005-05-02,100000.0,100000.0,0.0,,0
2005-05-03,100000.0,100000.0,0.0,,0
2005-05-04,100000.0,100000.0,0.0,,0
2005-05-05,100000.0,100000.0,0.0,,0
2005-05-06,100000.0,100000.0,0.0,,0
2005-05-09,100000.0,100000.0,0.0,,0
2005-05-10,100000.0,100000.0,0.0,,0
2005-05-11,100000.0,100000.0,0.0,,0
2005-05-12,100000.0,100000.0,0.0,,0
2005-05-13,100000.0,100000.0,0.0,,0
2005-05-16,100000.0,100000.0,0.0,,0
2005-05-17,100000.0,100000.0,0.0,,0
2005-05-18,100000.0,100000.0,0.0,,0
2005-05-19,100000.0,100000.0,0.0,,0
2005-05-20,100000.0,100000.0,0.0,,0
2005-05-23,100000.0,100000.0,0.0,,0
2005-05-24,100000.0,100000.0,0.0,,0
2005-05-25,100000.0,100000.0,0.0,,0
2005-05-26,100000.0,100000.0,0.0,,0
2005-05-27,100000.0,100000.0,0.0,,0
2005-05-31,100000.0,100000.0,0.0,,0
2005-06-01,100000.0,100000.0,0.0,,0
2005-06-02,100000.0,100000.0,0.0,,0
2005-06-03,100000.0,100000.0,0.0,,0
2005-06-06,100000.0,100000.0,0.0,,0
2005-06-07,100000.0,100000.0,0.0,,0
2005-06-08,100000.0,100000.0,0.0,,0
2005-06-09,100000.0,100000.0,0.0,,0
2005-06-10,100000.0,100000.0,0.0,,0
2005-06-13,100000.0,100000.0,0.0,,0
2005-06-14,100000.0,100000.0,0.0,,0
2005-06-15,100000.0,100000.0,0.0,,0
2005-06-16,100000.0,100000.0,0.0,,0
2005-06-17,100000.0,100000.0,0.0,,0
2005-06-20,100000.0,100000.0,0.0,,0
2005-06-21,100000.0,100000.0,0.0,,0
2005-06-22,100000.0,100000.0,0.0,,0
2005-06-23,100000.0,100000.0,0.0,,0
2005-06-24,100000.0,100000.0,0.0,,0
2005-06-27,100000.0,100000.0,0.0,,0
2005-06-28,100000.0,100000.0,0.0,,0
2005-06-29,100000.0,100000.0,0.0,,0
2005-06-30,100000.0,100000.0,0.0,,0
2005-07-01,100000.0,100000.0,0.0,,0
2005-07-05,99850.39222431945,111.87510395812569,99738.51712036133,GLD,2359
2005-07-06,99779.62510395813,111.87510395812569,99667.75,GLD,2359
2005-07-07,100039.11654377746,111.87510395812569,99927.24143981934,GLD,2359
2005-07-08,99803.21114445495,111.87510395812569,99691.33604049683,GLD,2359
2005-07-11,100463.73726368713,111.87510395812569,100351.862159729,GLD,2359
2005-07-12,100699.63366413879,111.87510395812569,100587.75856018066,GLD,2359
2005-07-13,100015.52150440979,111.87510395812569,99903.64640045166,GLD,2359
2005-07-14,98953.97870350647,111.87510395812569,98842.10359954834,GLD,2359
2005-07-15,99307.82330418396,111.87510395812569,99195.94820022583,GLD,2359
2005-07-18,99213.46114445495,111.87510395812569,99101.58604049683,GLD,2359
2005-07-19,98930.38366413879,111.87510395812569,98818.50856018066,GLD,2359
2005-07-20,99661.6769037323,111.87510395812569,99549.80179977417,GLD,2359
2005-07-21,100275.01294422912,111.87510395812569,100163.137840271,GLD,2359
2005-07-22,100251.4269037323,111.87510395812569,100139.55179977417,GLD,2359
2005-07-25,100392.96114445495,111.87510395812569,100281.08604049683,GLD,2359
2005-07-26,99779.62510395813,111.87510395812569,99667.75,GLD,2359
2005-07-27,100227.83186436462,111.87510395812569,100115.9567604065,GLD,2359
2005-07-28,100959.12510395813,111.87510395812569,100847.25,GLD,2359
2005-07-29,101124.25438404846,111.87510395812569,101012.37928009033,GLD,2359
2005-08-01,101855.54762364196,111.87510395812569,101743.67251968384,GLD,2359
2005-08-02,101879.13366413879,111.87510395812569,101767.25856018066,GLD,2359
2005-08-03,102799.14222431945,111.87510395812569,102687.26712036133,GLD,2359
2005-08-04,103152.9958238678,111.87510395812569,103041.12071990967,GLD,2359
2005-08-05,102964.27150440979,111.87510395812569,102852.39640045166,GLD,2359
2005-08-08,102374.52150440979,111.87510395812569,102262.64640045166,GLD,2359
2005-08-09,102350.93546391296,111.87510395812569,102239.06035995483,GLD,2359
2005-08-10,103082.22870350647,111.87510395812569,102970.35359954834,GLD,2359
2005-08-11,104969.4269037323,111.87510395812569,104857.55179977417,GLD,2359
2005-08-12,105063.7890634613,111.87510395812569,104951.91395950317,GLD,2359
2005-08-15,104214.54762364196,111.87510395812569,104102.67251968384,GLD,2359
2005-08-16,105205.32330418396,111.87510395812569,105093.44820022583,GLD,2359
2005-08-17,103695.56474400329,111.87510395812569,103583.68964004517,GLD,2359
2005-08-18,103506.84942341613,111.87510395812569,103394.97431945801,GLD,2359
2005-08-19,102964.27150440979,111.87510395812569,102852.39640045166,GLD,2359
2005-08-22,103200.1769037323,111.87510395812569,103088.30179977417,GLD,2359
2005-08-23,103341.71114445495,111.87510395812569,103229.83604049683,GLD,2359
2005-08-24,102940.68546391296,111.87510395812569,102828.81035995483,GLD,2359
2005-08-25,103270.94402409362,111.87510395812569,103159.0689201355,GLD,2359
2005-08-26,102987.86654377746,111.87510395812569,102875.99143981934,GLD,2359
2005-08-29,102893.50438404846,111.87510395812569,102781.62928009033,GLD,2359
2005-08-30,101572.46114445495,111.87510395812569,101460.58604049683,GLD,2359
2005-08-31,102492.47870350647,111.87510395812569,102380.60359954834,GLD,2359
2005-09-01,104426.8579835968,111.87510395812569,104314.98287963867,GLD,2359
2005-09-02,104497.62510395813,111.87510395812569,104385.75,GLD,2359
2005-09-06,104544.80618382263,111.87510395812569,104432.9310798645,GLD,2359
2005-09-07,104686.34942341613,111.87510395812569,104574.47431945801,GLD,2359
2005-09-08,105323.27150440979,111.87510395812569,105211.39640045166,GLD,2359
2005-09-09,105889.43546391296,111.87510395812569,105777.56035995483,GLD,2359
2005-09-12,105848.54040129852,105848.54040129852,0.0,SHY,0
2005-09-13,105848.54040129852,105848.54040129852,0.0,SHY,0
2005-09-14,105848.54040129852,105848.54040129852,0.0,SHY,0
2005-09-15,105848.54040129852,105848.54040129852,0.0,SHY,0
2005-09-16,105848.54040129852,105848.54040129852,0.0,SHY,0
2005-09-19,105848.54040129852,105848.54040129852,0.0,SHY,0
2005-09-20,105848.54040129852,105848.54040129852,0.0,SHY,0
2005-09-21,105848.54040129852,105848.54040129852,0.0,SHY,0
2005-09-22,105848.54040129852,105848.54040129852,0.0,SHY,0
2005-09-23,105848.54040129852,105848.54040129852,0.0,SHY,0
2005-09-26,105848.54040129852,105848.54040129852,0.0,SHY,0
2005-09-27,105848.54040129852,105848.54040129852,0.0,SHY,0
2005-09-28,105848.54040129852,105848.54040129852,0.0,SHY,0
2005-09-29,105848.54040129852,105848.54040129852,0.0,SHY,0
2005-09-30,105848.54040129852,105848.54040129852,0.0,SHY,0
2005-10-03,105690.20178754425,131.1259513626137,105559.07583618164,GLD,2274
2005-10-04,105758.42768628693,131.1259513626137,105627.30173492432,GLD,2274
2005-10-05,105553.76733930207,131.1259513626137,105422.64138793945,GLD,2274
2005-10-06,107486.66386945343,131.1259513626137,107355.53791809082,GLD,2274
2005-10-07,107827.76733930207,131.1259513626137,107696.64138793945,GLD,2274
2005-10-10,107688.92445611191,107688.92445611191,0.0,SHY,0
2005-10-11,107688.92445611191,107688.92445611191,0.0,SHY,0
2005-10-12,107688.92445611191,107688.92445611191,0.0,SHY,0
2005-10-13,107688.92445611191,107688.92445611191,0.0,SHY,0
2005-10-14,107688.92445611191,107688.92445611191,0.0,SHY,0
2005-10-17,107688.92445611191,107688.92445611191,0.0,SHY,0
2005-10-18,107688.92445611191,107688.92445611191,0.0,SHY,0
2005-10-19,107688.92445611191,107688.92445611191,0.0,SHY,0
2005-10-20,107688.92445611191,107688.92445611191,0.0,SHY,0
2005-10-21,107688.92445611191,107688.92445611191,0.0,SHY,0
2005-10-24,107688.92445611191,107688.92445611191,0.0,SHY,0
2005-10-25,107688.92445611191,107688.92445611191,0.0,SHY,0
2005-10-26,107688.92445611191,107688.92445611191,0.0,SHY,0
2005-10-27,107688.92445611191,107688.92445611191,0.0,SHY,0
2005-10-28,107688.92445611191,107688.92445611191,0.0,SHY,0
2005-10-31,107688.92445611191,107688.92445611191,0.0,SHY,0
2005-11-01,107688.92445611191,107688.92445611191,0.0,SHY,0
2005-11-02,107688.92445611191,107688.92445611191,0.0,SHY,0
2005-11-03,107688.92445611191,107688.92445611191,0.0,SHY,0
2005-11-04,107688.92445611191,107688.92445611191,0.0,SHY,0
2005-11-07,107688.92445611191,107688.92445611191,0.0,SHY,0
2005-11-08,107688.92445611191,107688.92445611191,0.0,SHY,0
2005-11-09,107688.92445611191,107688.92445611191,0.0,SHY,0
2005-11-10,107688.92445611191,107688.92445611191,0.0,SHY,0
2005-11-11,107688.92445611191,107688.92445611191,0.0,SHY,0
2005-11-14,107688.92445611191,107688.92445611191,0.0,SHY,0
2005-11-15,107688.92445611191,107688.92445611191,0.0,SHY,0
2005-11-16,107688.92445611191,107688.92445611191,0.0,SHY,0
2005-11-17,107688.92445611191,107688.92445611191,0.0,SHY,0
2005-11-18,107688.92445611191,107688.92445611191,0.0,SHY,0
2005-11-21,107527.84533059312,141.76165139389923,107386.08367919922,GLD,2192
2005-11-22,108251.20098244859,141.76165139389923,108109.43933105469,GLD,2192
2005-11-23,107878.56499612046,141.76165139389923,107736.80334472656,GLD,2192
2005-11-25,108470.39763772202,141.76165139389923,108328.63598632812,GLD,2192
2005-11-28,109171.84533059312,141.76165139389923,109030.08367919922,GLD,2192
2005-11-29,109303.35997903062,141.76165139389923,109161.59832763672,GLD,2192
2005-11-30,107768.95830666734,141.76165139389923,107627.19665527344,GLD,2192
2005-12-01,110114.39763772202,141.76165139389923,109972.63598632812,GLD,2192
2005-12-02,110443.20098244859,141.76165139389923,110301.43933105469,GLD,2192
2005-12-05,111451.51897561265,141.76165139389923,111309.75732421875,GLD,2192
2005-12-06,111692.64031350327,141.76165139389923,111550.87866210938,GLD,2192
2005-12-07,112635.20098244859,141.76165139389923,112493.43933105469,GLD,2192
2005-12-08,113906.56499612046,141.76165139389923,113764.80334472656,GLD,2192
2005-12-09,115002.56499612046,141.76165139389923,114860.80334472656,GLD,2192
2005-12-12,115353.2846616478,141.76165139389923,115211.5230102539,GLD,2192
2005-12-13,113358.56499612046,141.76165139389923,113216.80334472656,GLD,2192
2005-12-14,110508.95830666734,141.76165139389923,110367.19665527344,GLD,2192
2005-12-15,110267.84533059312,141.76165139389923,110126.08367919922,GLD,2192
2005-12-16,109939.04198586656,141.76165139389923,109797.28033447266,GLD,2192
2005-12-19,110224.00432717515,141.76165139389923,110082.24267578125,GLD,2192
2005-12-20,107637.44365822984,141.76165139389923,107495.68200683594,GLD,2192
2005-12-21,108360.7993100853,141.76165139389923,108219.0376586914,GLD,2192
2005-12-22,110048.64031350327,141.76165139389923,109906.87866210938,GLD,2192
2005-12-23,110004.7993100853,141.76165139389923,109863.0376586914,GLD,2192
2005-12-27,111144.64031350327,141.76165139389923,111002.87866210938,GLD,2192
2005-12-28,112964.00432717515,141.76165139389923,112822.24267578125,GLD,2192
2005-12-29,112964.00432717515,141.76165139389923,112822.24267578125,GLD,2192
2005-12-30,113205.12566506577,141.76165139389923,113063.36401367188,GLD,2192
2006-01-03,116580.7993100853,141.76165139389923,116439.0376586914,GLD,2192
2006-01-04,116975.35997903062,141.76165139389923,116833.59832763672,GLD,2192
2006-01-05,114871.04198586656,141.76165139389923,114729.28033447266,GLD,2192
2006-01-06,117896.00432717515,141.76165139389923,117754.24267578125,GLD,2192
2006-01-09,119824.95830666734,141.76165139389923,119683.19665527344,GLD,2192
2006-01-10,118641.2846616478,141.76165139389923,118499.5230102539,GLD,2192
2006-01-11,119671.51897561265,141.76165139389923,119529.75732421875,GLD,2192
2006-01-12,119452.32232033921,141.76165139389923,119310.56066894531,GLD,2192
2006-01-13,121666.23864114,141.76165139389923,121524.4769897461,GLD,2192
2006-01-17,121271.67797219468,141.76165139389923,121129.91632080078,GLD,2192
2006-01-18,118663.20098244859,141.76165139389923,118521.43933105469,GLD,2192
2006-01-19,121995.04198586656,141.76165139389923,121853.28033447266,GLD,2192
2006-01-20,121140.16332375718,141.76165139389923,120998.40167236328,GLD,2192
2006-01-23,122389.60265481187,141.76165139389923,122247.84100341797,GLD,2192
2006-01-24,122301.92064797593,141.76165139389923,122160.15899658203,GLD,2192
2006-01-25,123200.64031350327,141.76165139389923,123058.87866210938,GLD,2192
2006-01-26,122630.7239927025,141.76165139389923,122488.9623413086,GLD,2192
2006-01-27,122082.7239927025,141.76165139389923,121940.9623413086,GLD,2192
2006-01-30,124384.32232033921,141.76165139389923,124242.56066894531,GLD,2192
2006-01-31,124428.16332375718,141.76165139389923,124286.40167236328,GLD,2192
2006-02-01,124428.16332375718,141.76165139389923,124286.40167236328,GLD,2192
2006-02-02,125041.92064797593,141.76165139389923,124900.15899658203,GLD,2192
2006-02-03,123989.7616513939,141.76165139389923,123848.0,GLD,2192
2006-02-06,124472.00432717515,141.76165139389923,124330.24267578125,GLD,2192
2006-02-07,119824.95830666734,141.76165139389923,119683.19665527344,GLD,2192
2006-02-08,120329.12566506577,141.76165139389923,120187.36401367188,GLD,2192
2006-02-09,123288.32232033921,141.76165139389923,123146.56066894531,GLD,2192
2006-02-10,120241.44365822984,141.76165139389923,120099.68200683594,GLD,2192
2006-02-13,117896.00432717515,141.76165139389923,117754.24267578125,GLD,2192
2006-02-14,119583.84533059312,141.76165139389923,119442.08367919922,GLD,2192
2006-02-15,117983.67797219468,141.76165139389923,117841.91632080078,GLD,2192
2006-02-16,119649.60265481187,141.76165139389923,119507.84100341797,GLD,2192
2006-02-17,120614.07964455796,141.76165139389923,120472.31799316406,GLD,2192
2006-02-21,120964.7993100853,141.76165139389923,120823.0376586914,GLD,2192
2006-02-22,121447.04198586656,141.76165139389923,121305.28033447266,GLD,2192
2006-02-23,119912.64031350327,141.76165139389923,119770.87866210938,GLD,2192
2006-02-24,122104.64031350327,141.76165139389923,121962.87866210938,GLD,2192
2006-02-27,121184.00432717515,141.76165139389923,121042.24267578125,GLD,2192
2006-02-28,123047.20098244859,141.76165139389923,122905.43933105469,GLD,2192
2006-03-01,123112.95830666734,141.76165139389923,122971.19665527344,GLD,2192
2006-03-02,124515.84533059312,141.76165139389923,124374.08367919922,GLD,2192
2006-03-03,123507.51897561265,141.76165139389923,123365.75732421875,GLD,2192
2006-03-06,121205.92064797593,141.76165139389923,121064.15899658203,GLD,2192
2006-03-07,120592.16332375718,141.76165139389923,120450.40167236328,GLD,2192
2006-03-08,118444.00432717515,141.76165139389923,118302.24267578125,GLD,2192
2006-03-09,119035.84533059312,141.76165139389923,118894.08367919922,GLD,2192
2006-03-10,118137.12566506577,141.76165139389923,117995.36401367188,GLD,2192
2006-03-13,119189.2846616478,141.76165139389923,119047.5230102539,GLD,2192
2006-03-14,120416.7993100853,141.76165139389923,120275.0376586914,GLD,2192
2006-03-15,120964.7993100853,141.76165139389923,120823.0376586914,GLD,2192
2006-03-16,121447.04198586656,141.76165139389923,121305.28033447266,GLD,2192
2006-03-17,120964.7993100853,141.76165139389923,120823.0376586914,GLD,2192
2006-03-20,121074.39763772202,141.76165139389923,120932.63598632812,GLD,2192
2006-03-21,120329.12566506577,141.76165139389923,120187.36401367188,GLD,2192
2006-03-22,120153.7616513939,141.76165139389923,120012.0,GLD,2192
2006-03-23,120044.16332375718,141.76165139389923,119902.40167236328,GLD,2192
2006-03-24,122258.07964455796,141.76165139389923,122116.31799316406,GLD,2192
2006-03-27,123748.64031350327,141.76165139389923,123606.87866210938,GLD,2192
2006-03-28,123025.2846616478,141.76165139389923,122883.5230102539,GLD,2192
2006-03-29,125239.20098244859,141.76165139389923,125097.43933105469,GLD,2192
2006-03-30,128592.95830666734,141.76165139389923,128451.19665527344,GLD,2192
2006-03-31,127496.95830666734,141.76165139389923,127355.19665527344,GLD,2192
2006-04-03,128308.00432717515,141.76165139389923,128166.24267578125,GLD,2192
2006-04-04,128001.12566506577,141.76165139389923,127859.36401367188,GLD,2192
2006-04-05,128724.48131692124,141.76165139389923,128582.71966552734,GLD,2192
2006-04-06,130083.51897561265,141.76165139389923,129941.75732421875,GLD,2192
2006-04-07,128571.04198586656,141.76165139389923,128429.28033447266,GLD,2192
2006-04-10,130784.95830666734,141.76165139389923,130643.19665527344,GLD,2192
2006-04-11,129491.67797219468,141.76165139389923,129349.91632080078,GLD,2192
2006-04-12,130412.32232033921,141.76165139389923,130270.56066894531,GLD,2192
2006-04-13,130565.7616513939,141.76165139389923,130424.0,GLD,2192
2006-04-17,134051.04198586656,141.76165139389923,133909.28033447266,GLD,2192
2006-04-18,135716.95830666734,141.76165139389923,135575.19665527344,GLD,2192
2006-04-19,139881.7616513939,141.76165139389923,139740.0,GLD,2192
2006-04-20,133766.07964455796,141.76165139389923,133624.31799316406,GLD,2192
2006-04-21,138676.16332375718,141.76165139389923,138534.40167236328,GLD,2192
2006-04-24,135278.56499612046,141.76165139389923,135136.80334472656,GLD,2192
2006-04-25,137755.51897561265,141.76165139389923,137613.75732421875,GLD,2192
2006-04-26,139662.56499612046,141.76165139389923,139520.80334472656,GLD,2192
2006-04-27,138150.07964455796,141.76165139389923,138008.31799316406,GLD,2192
2006-04-28,142819.03362405015,141.76165139389923,142677.27197265625,GLD,2192
2006-05-01,142972.48967873765,141.76165139389923,142830.72802734375,GLD,2192
2006-05-02,146019.36834084702,141.76165139389923,145877.60668945312,GLD,2192
2006-05-03,145822.07964455796,141.76165139389923,145680.31799316406,GLD,2192
2006-05-04,148057.92900979234,141.76165139389923,147916.16735839844,GLD,2192
2006-05-05,149175.8369687767,141.76165139389923,149034.0753173828,GLD,2192
2006-05-08,148233.2762998314,141.76165139389923,148091.5146484375,GLD,2192
2006-05-09,152880.3223203392,141.76165139389923,152738.5606689453,GLD,2192
2006-05-10,154414.7156308861,141.76165139389923,154272.9539794922,GLD,2192
2006-05-11,155839.51897561265,141.76165139389923,155697.75732421875,GLD,2192
2006-05-12,156036.8076719017,141.76165139389923,155895.0460205078,GLD,2192
2006-05-15,147904.48967873765,141.76165139389923,147762.72802734375,GLD,2192
2006-05-16,150534.88298928452,141.76165139389923,150393.12133789062,GLD,2192
2006-05-17,149526.56499612046,141.76165139389923,149384.80334472656,GLD,2192
2006-05-18,148014.07964455796,141.76165139389923,147872.31799316406,GLD,2192
2006-05-19,143893.12566506577,141.76165139389923,143751.36401367188,GLD,2192
2006-05-22,143279.36834084702,141.76165139389923,143137.60668945312,GLD,2192
2006-05-23,145646.7156308861,141.76165139389923,145504.9539794922,GLD,2192
2006-05-24,140561.2762998314,141.76165139389923,140419.5146484375,GLD,2192
2006-05-25,141964.15496194077,141.76165139389923,141822.39331054688,GLD,2192
2006-05-26,142840.95830666734,141.76165139389923,142699.19665527344,GLD,2192
2006-05-30,142862.88298928452,141.76165139389923,142721.12133789062,GLD,2192
2006-05-31,140933.92900979234,141.76165139389923,140792.16735839844,GLD,2192
2006-06-01,137273.2846616478,141.76165139389923,137131.5230102539,GLD,2192
2006-06-02,139333.7616513939,141.76165139389923,139192.0,GLD,2192
2006-06-05,138873.44365822984,141.76165139389923,138731.68200683594,GLD,2192
2006-06-06,137251.35997903062,141.76165139389923,137109.59832763672,GLD,2192
2006-06-07,136659.51897561265,141.76165139389923,136517.75732421875,GLD,2192
2006-06-08,133656.48131692124,141.76165139389923,133514.71966552734,GLD,2192
2006-06-09,132648.16332375718,141.76165139389923,132506.40167236328,GLD,2192
2006-06-12,131727.51897561265,141.76165139389923,131585.75732421875,GLD,2192
2006-06-13,122718.39763772202,141.76165139389923,122576.63598632812,GLD,2192
2006-06-14,122060.7993100853,141.76165139389923,121919.0376586914,GLD,2192
2006-06-15,125787.20098244859,141.76165139389923,125645.43933105469,GLD,2192
2006-06-16,126576.32232033921,141.76165139389923,126434.56066894531,GLD,2192
2006-06-19,123682.88298928452,141.76165139389923,123541.12133789062,GLD,2192
2006-06-20,125743.35997903062,141.76165139389923,125601.59832763672,GLD,2192
2006-06-21,128001.12566506577,141.76165139389923,127859.36401367188,GLD,2192
2006-06-22,126685.92064797593,141.76165139389923,126544.15899658203,GLD,2192
2006-06-23,127255.84533059312,141.76165139389923,127114.08367919922,GLD,2192
2006-06-26,127891.51897561265,141.76165139389923,127749.75732421875,GLD,2192
2006-06-27,126576.32232033921,141.76165139389923,126434.56066894531,GLD,2192
2006-06-28,126269.44365822984,141.76165139389923,126127.68200683594,GLD,2192
2006-06-29,130609.60265481187,141.76165139389923,130467.84100341797,GLD,2192
2006-06-30,134357.92064797593,141.76165139389923,134216.15899658203,GLD,2192
2006-07-03,136440.3223203392,141.76165139389923,136298.5606689453,GLD,2192
2006-07-05,137141.7616513939,141.76165139389923,137000.0,GLD,2192
2006-07-06,138281.60265481187,141.76165139389923,138139.84100341797,GLD,2192
2006-07-07,137426.7239927025,141.76165139389923,137284.9623413086,GLD,2192
2006-07-10,136089.60265481187,141.76165139389923,135947.84100341797,GLD,2192
2006-07-11,140013.2846616478,141.76165139389923,139871.5230102539,GLD,2192
2006-07-12,142446.39763772202,141.76165139389923,142304.63598632812,GLD,2192
2006-07-13,143827.36834084702,141.76165139389923,143685.60668945312,GLD,2192
2006-07-14,144484.95830666734,141.76165139389923,144343.19665527344,GLD,2192
2006-07-17,140320.16332375718,141.76165139389923,140178.40167236328,GLD,2192
2006-07-18,138018.56499612046,141.76165139389923,137876.80334472656,GLD,2192
2006-07-19,140495.51897561265,141.76165139389923,140353.75732421875,GLD,2192
2006-07-20,137229.44365822984,141.76165139389923,137087.68200683594,GLD,2192
2006-07-21,135410.07964455796,141.76165139389923,135268.31799316406,GLD,2192
2006-07-24,134160.64031350327,141.76165139389923,134018.87866210938,GLD,2192
2006-07-25,135059.35997903062,141.76165139389923,134917.59832763672,GLD,2192
2006-07-26,136045.7616513939,141.76165139389923,135904.0,GLD,2192
2006-07-27,138018.56499612046,141.76165139389923,137876.80334472656,GLD,2192
2006-07-28,138478.88298928452,141.76165139389923,138337.12133789062,GLD,2192
2006-07-31,138588.48131692124,141.76165139389923,138446.71966552734,GLD,2192
2006-08-01,141131.2009824486,141.76165139389923,140989.4393310547,GLD,2192
2006-08-02,142073.7616513939,141.76165139389923,141932.0,GLD,2192
2006-08-03,140692.8076719017,141.76165139389923,140551.0460205078,GLD,2192
2006-08-04,141043.51897561265,141.76165139389923,140901.75732421875,GLD,2192
2006-08-07,141525.7616513939,141.76165139389923,141384.0,GLD,2192
2006-08-08,140364.00432717515,141.76165139389923,140222.24267578125,GLD,2192
2006-08-09,141810.7156308861,141.76165139389923,141668.9539794922,GLD,2192
2006-08-10,138785.7616513939,141.76165139389923,138644.0,GLD,2192
2006-08-11,137602.07964455796,141.76165139389923,137460.31799316406,GLD,2192
2006-08-14,136593.7616513939,141.76165139389923,136452.0,GLD,2192
2006-08-15,136067.67797219468,141.76165139389923,135925.91632080078,GLD,2192
2006-08-16,137119.84533059312,141.76165139389923,136978.08367919922,GLD,2192
2006-08-17,133919.51897561265,141.76165139389923,133777.75732421875,GLD,2192
2006-08-18,133941.44365822984,141.76165139389923,133799.68200683594,GLD,2192
2006-08-21,137010.23864114,141.76165139389923,136868.4769897461,GLD,2192
2006-08-22,136155.35997903062,141.76165139389923,136013.59832763672,GLD,2192
2006-08-23,135673.12566506577,141.76165139389923,135531.36401367188,GLD,2192
2006-08-24,135497.7616513939,141.76165139389923,135356.0,GLD,2192
2006-08-25,135541.60265481187,141.76165139389923,135399.84100341797,GLD,2192
2006-08-28,133853.7616513939,141.76165139389923,133712.0,GLD,2192
2006-08-29,133722.23864114,141.76165139389923,133580.4769897461,GLD,2192
2006-08-30,134774.39763772202,141.76165139389923,134632.63598632812,GLD,2192
2006-08-31,136681.44365822984,141.76165139389923,136539.68200683594,GLD,2192
2006-09-01,136352.64031350327,141.76165139389923,136210.87866210938,GLD,2192
2006-09-05,139026.88298928452,141.76165139389923,138885.12133789062,GLD,2192
2006-09-06,137930.88298928452,141.76165139389923,137789.12133789062,GLD,2192
2006-09-07,134401.7616513939,141.76165139389923,134260.0,GLD,2192
2006-09-08,133064.64031350327,141.76165139389923,132922.87866210938,GLD,2192
2006-09-11,128373.7616513939,141.76165139389923,128232.0,GLD,2192
2006-09-12,127979.20098244859,141.76165139389923,127837.43933105469,GLD,2192
2006-09-13,128636.7993100853,141.76165139389923,128495.0376586914,GLD,2192
2006-09-14,125502.23864114,141.76165139389923,125360.4769897461,GLD,2192
2006-09-15,125962.56499612046,141.76165139389923,125820.80334472656,GLD,2192
2006-09-18,127781.92064797593,141.76165139389923,127640.15899658203,GLD,2192
2006-09-19,124910.39763772202,141.76165139389923,124768.63598632812,GLD,2192
2006-09-20,125655.67797219468,141.76165139389923,125513.91632080078,GLD,2192
2006-09-21,127168.16332375718,141.76165139389923,127026.40167236328,GLD,2192
2006-09-22,128373.7616513939,141.76165139389923,128232.0,GLD,2192
2006-09-25,128373.7616513939,141.76165139389923,128232.0,GLD,2192
2006-09-26,128899.84533059312,141.76165139389923,128758.08367919922,GLD,2192
2006-09-27,131245.2846616478,141.76165139389923,131103.5230102539,GLD,2192
2006-09-28,131201.44365822984,141.76165139389923,131059.68200683594,GLD,2192
2006-09-29,130500.00432717515,141.76165139389923,130358.24267578125,GLD,2192
2006-10-02,129798.56499612046,141.76165139389923,129656.80334472656,GLD,2192
2006-10-03,125326.88298928452,141.76165139389923,125185.12133789062,GLD,2192
2006-10-04,123704.7993100853,141.76165139389923,123563.0376586914,GLD,2192
2006-10-05,124910.39763772202,141.76165139389923,124768.63598632812,GLD,2192
2006-10-06,125063.84533059312,141.76165139389923,124922.08367919922,GLD,2192
2006-10-09,125524.16332375718,141.76165139389923,125382.40167236328,GLD,2192
2006-10-10,125085.7616513939,141.76165139389923,124944.0,GLD,2192
2006-10-11,124822.7239927025,141.76165139389923,124680.9623413086,GLD,2192
2006-10-12,126159.84533059312,141.76165139389923,126018.08367919922,GLD,2192
2006-10-13,128527.20098244859,141.76165139389923,128385.43933105469,GLD,2192
2006-10-16,129842.39763772202,141.76165139389923,129700.63598632812,GLD,2192
2006-10-17,128702.56499612046,141.76165139389923,128560.80334472656,GLD,2192
2006-10-18,128571.04198586656,141.76165139389923,128429.28033447266,GLD,2192
2006-10-19,130368.48131692124,141.76165139389923,130226.71966552734,GLD,2192
2006-10-20,128987.51897561265,141.76165139389923,128845.75732421875,GLD,2192
2006-10-23,126751.67797219468,141.76165139389923,126609.91632080078,GLD,2192
2006-10-24,127650.39763772202,141.76165139389923,127508.63598632812,GLD,2192
2006-10-25,128943.67797219468,141.76165139389923,128801.91632080078,GLD,2192
2006-10-26,130105.44365822984,141.76165139389923,129963.68200683594,GLD,2192
2006-10-27,130346.56499612046,141.76165139389923,130204.80334472656,GLD,2192
2006-10-30,131442.56499612046,141.76165139389923,131300.80334472656,GLD,2192
2006-10-31,132187.84533059312,141.76165139389923,132046.08367919922,GLD,2192
2006-11-01,134642.88298928452,141.76165139389923,134501.12133789062,GLD,2192
2006-11-02,135870.39763772202,141.76165139389923,135728.63598632812,GLD,2192
2006-11-03,136703.35997903062,141.76165139389923,136561.59832763672,GLD,2192
2006-11-06,135804.64031350327,141.76165139389923,135662.87866210938,GLD,2192
2006-11-07,136133.44365822984,141.76165139389923,135991.68200683594,GLD,2192
2006-11-08,134094.88298928452,141.76165139389923,133953.12133789062,GLD,2192
2006-11-09,138128.16332375718,141.76165139389923,137986.40167236328,GLD,2192
2006-11-10,137119.84533059312,141.76165139389923,136978.08367919922,GLD,2192
2006-11-13,136462.23864114,141.76165139389923,136320.4769897461,GLD,2192
2006-11-14,135234.7239927025,141.76165139389923,135092.9623413086,GLD,2192
2006-11-15,135695.04198586656,141.76165139389923,135553.28033447266,GLD,2192
2006-11-16,134533.2846616478,141.76165139389923,134391.5230102539,GLD,2192
2006-11-17,135563.51897561265,141.76165139389923,135421.75732421875,GLD,2192
2006-11-20,135541.60265481187,141.76165139389923,135399.84100341797,GLD,2192
2006-11-21,136637.60265481187,141.76165139389923,136495.84100341797,GLD,2192
2006-11-22,137141.7616513939,141.76165139389923,137000.0,GLD,2192
2006-11-24,139333.7616513939,141.76165139389923,139192.0,GLD,2192
2006-11-27,139772.16332375718,141.76165139389923,139630.40167236328,GLD,2192
2006-11-28,139487.2009824486,141.76165139389923,139345.4393310547,GLD,2192
2006-11-29,138588.48131692124,141.76165139389923,138446.71966552734,GLD,2192
2006-11-30,141284.64031350327,141.76165139389923,141142.87866210938,GLD,2192
2006-12-01,140692.8076719017,141.76165139389923,140551.0460205078,GLD,2192
2006-12-04,140692.8076719017,141.76165139389923,140551.0460205078,GLD,2192
2006-12-05,140013.2846616478,141.76165139389923,139871.5230102539,GLD,2192
2006-12-06,137558.23864114,141.76165139389923,137416.4769897461,GLD,2192
2006-12-07,137645.92064797593,141.76165139389923,137504.15899658203,GLD,2192
2006-12-08,136155.35997903062,141.76165139389923,136013.59832763672,GLD,2192
2006-12-11,137295.2009824486,141.76165139389923,137153.4393310547,GLD,2192
2006-12-12,137185.60265481187,141.76165139389923,137043.84100341797,GLD,2192
2006-12-13,137097.92064797593,141.76165139389923,136956.15899658203,GLD,2192
2006-12-14,136308.7993100853,141.76165139389923,136167.0376586914,GLD,2192
2006-12-15,133853.7616513939,141.76165139389923,133712.0,GLD,2192
2006-12-18,133941.44365822984,141.76165139389923,133799.68200683594,GLD,2192
2006-12-19,135607.35997903062,141.76165139389923,135465.59832763672,GLD,2192
2006-12-20,135212.7993100853,141.76165139389923,135071.0376586914,GLD,2192
2006-12-21,134686.7239927025,141.76165139389923,134544.9623413086,GLD,2192
2006-12-22,135278.56499612046,141.76165139389923,135136.80334472656,GLD,2192
2006-12-26,136001.92064797593,141.76165139389923,135860.15899658203,GLD,2192
2006-12-27,136528.00432717515,141.76165139389923,136386.24267578125,GLD,2192
2006-12-28,138018.56499612046,141.76165139389923,137876.80334472656,GLD,2192
2006-12-29,138698.07964455796,141.76165139389923,138556.31799316406,GLD,2192
2007-01-03,136659.51897561265,141.76165139389923,136517.75732421875,GLD,2192
2007-01-04,135278.56499612046,141.76165139389923,135136.80334472656,GLD,2192
2007-01-05,132034.39763772202,141.76165139389923,131892.63598632812,GLD,2192
2007-01-08,132713.92064797593,141.76165139389923,132572.15899658203,GLD,2192
2007-01-09,133524.95830666734,141.76165139389923,133383.19665527344,GLD,2192
2007-01-10,132955.04198586656,141.76165139389923,132813.28033447266,GLD,2192
2007-01-11,133042.7239927025,141.76165139389923,132900.9623413086,GLD,2192
2007-01-12,136418.39763772202,141.76165139389923,136276.63598632812,GLD,2192
2007-01-16,135980.00432717515,141.76165139389923,135838.24267578125,GLD,2192
2007-01-17,137448.64031350327,141.76165139389923,137306.87866210938,GLD,2192
2007-01-18,136615.67797219468,141.76165139389923,136473.91632080078,GLD,2192
2007-01-19,138237.7616513939,141.76165139389923,138096.0,GLD,2192
2007-01-22,137624.00432717515,141.76165139389923,137482.24267578125,GLD,2192
2007-01-23,140933.92900979234,141.76165139389923,140792.16735839844,GLD,2192
2007-01-24,141153.12566506577,141.76165139389923,141011.36401367188,GLD,2192
2007-01-25,140561.2762998314,141.76165139389923,140419.5146484375,GLD,2192
2007-01-26,140802.39763772202,141.76165139389923,140660.63598632812,GLD,2192
2007-01-29,139925.60265481187,141.76165139389923,139783.84100341797,GLD,2192
2007-01-30,140912.00432717515,141.76165139389923,140770.24267578125,GLD,2192
2007-01-31,142249.12566506577,141.76165139389923,142107.36401367188,GLD,2192
2007-02-01,143104.00432717515,141.76165139389923,142962.24267578125,GLD,2192
2007-02-02,141043.51897561265,141.76165139389923,140901.75732421875,GLD,2192
2007-02-05,141109.2762998314,141.76165139389923,140967.5146484375,GLD,2192
2007-02-06,142161.44365822984,141.76165139389923,142019.68200683594,GLD,2192
2007-02-07,141810.7156308861,141.76165139389923,141668.9539794922,GLD,2192
2007-02-08,143761.59429299546,141.76165139389923,143619.83264160156,GLD,2192
2007-02-09,145076.8076719017,141.76165139389923,144935.0460205078,GLD,2192
2007-02-12,144090.39763772202,141.76165139389923,143948.63598632812,GLD,2192
2007-02-13,144463.03362405015,141.76165139389923,144321.27197265625,GLD,2192
2007-02-14,145624.8076719017,141.76165139389923,145483.0460205078,GLD,2192
2007-02-15,145712.48967873765,141.76165139389923,145570.72802734375,GLD,2192
2007-02-16,145602.88298928452,141.76165139389923,145461.12133789062,GLD,2192
2007-02-20,143301.2762998314,141.76165139389923,143159.5146484375,GLD,2192
2007-02-21,147772.95830666734,141.76165139389923,147631.19665527344,GLD,2192
2007-02-22,147334.56499612046,141.76165139389923,147192.80334472656,GLD,2192
2007-02-23,148584.00432717515,141.76165139389923,148442.24267578125,GLD,2192
2007-02-26,149416.95830666734,141.76165139389923,149275.19665527344,GLD,2192
2007-02-27,143520.48967873765,141.76165139389923,143378.72802734375,GLD,2192
2007-02-28,145865.92900979234,141.76165139389923,145724.16735839844,GLD,2192
2007-03-01,144419.2009824486,141.76165139389923,144277.4393310547,GLD,2192
2007-03-02,139794.07964455796,141.76165139389923,139652.31799316406,GLD,2192
2007-03-05,138084.3223203392,141.76165139389923,137942.5606689453,GLD,2192
2007-03-06,140758.56499612046,141.76165139389923,140616.80334472656,GLD,2192
2007-03-07,141087.36834084702,141.76165139389923,140945.60668945312,GLD,2192
2007-03-08,141481.92900979234,141.76165139389923,141340.16735839844,GLD,2192
2007-03-09,140977.7616513939,141.76165139389923,140836.0,GLD,2192
2007-03-12,141240.8076719017,141.76165139389923,141099.0460205078,GLD,2192
2007-03-13,139816.00432717515,141.76165139389923,139674.24267578125,GLD,2192
2007-03-14,140298.23864114,141.76165139389923,140156.4769897461,GLD,2192
2007-03-15,140385.92064797593,141.76165139389923,140244.15899658203,GLD,2192
2007-03-16,141788.8076719017,141.76165139389923,141647.0460205078,GLD,2192
2007-03-19,142051.8369687767,141.76165139389923,141910.0753173828,GLD,2192
2007-03-20,143213.59429299546,141.76165139389923,143071.83264160156,GLD,2192
2007-03-21,144419.2009824486,141.76165139389923,144277.4393310547,GLD,2192
2007-03-22,144287.6863340111,141.76165139389923,144145.9246826172,GLD,2192
2007-03-23,142950.56499612046,141.76165139389923,142808.80334472656,GLD,2192
2007-03-26,144463.03362405015,141.76165139389923,144321.27197265625,GLD,2192
2007-03-27,144156.15496194077,141.76165139389923,144014.39331054688,GLD,2192
2007-03-28,144923.36834084702,141.76165139389923,144781.60668945312,GLD,2192
2007-03-29,144046.56499612046,141.76165139389923,143904.80334472656,GLD,2192
2007-03-30,144243.8369687767,141.76165139389923,144102.0753173828,GLD,2192
2007-04-02,144484.95830666734,141.76165139389923,144343.19665527344,GLD,2192
2007-04-03,144441.12566506577,141.76165139389923,144299.36401367188,GLD,2192
2007-04-04,146589.2762998314,141.76165139389923,146447.5146484375,GLD,2192
2007-04-05,146698.88298928452,141.76165139389923,146557.12133789062,GLD,2192
2007-04-09,145975.51897561265,141.76165139389923,145833.75732421875,GLD,2192
2007-04-10,147356.48967873765,141.76165139389923,147214.72802734375,GLD,2192
2007-04-11,147181.12566506577,141.76165139389923,147039.36401367188,GLD,2192
2007-04-12,146983.8369687767,141.76165139389923,146842.0753173828,GLD,2192
2007-04-13,148847.03362405015,141.76165139389923,148705.27197265625,GLD,2192
2007-04-16,150074.56499612046,141.76165139389923,149932.80334472656,GLD,2192
2007-04-17,149197.7616513939,141.76165139389923,149056.0,GLD,2192
2007-04-18,150030.7156308861,141.76165139389923,149888.9539794922,GLD,2192
2007-04-19,148167.51897561265,141.76165139389923,148025.75732421875,GLD,2192
2007-04-20,150732.15496194077,141.76165139389923,150590.39331054688,GLD,2192
2007-04-23,149767.6863340111,141.76165139389923,149625.9246826172,GLD,2192
2007-04-24,148605.92900979234,141.76165139389923,148464.16735839844,GLD,2192
2007-04-25,148956.64031350327,141.76165139389923,148814.87866210938,GLD,2192
2007-04-26,146720.8076719017,141.76165139389923,146579.0460205078,GLD,2192
2007-04-27,148233.2762998314,141.76165139389923,148091.5146484375,GLD,2192
2007-04-30,147203.03362405015,141.76165139389923,147061.27197265625,GLD,2192
2007-05-01,146326.2470029564,141.76165139389923,146184.4853515625,GLD,2192
2007-05-02,146260.48967873765,141.76165139389923,146118.72802734375,GLD,2192
2007-05-03,148079.8369687767,141.76165139389923,147938.0753173828,GLD,2192
2007-05-04,149614.2470029564,141.76165139389923,149472.4853515625,GLD,2192
2007-05-07,149745.7616513939,141.76165139389923,149604.0,GLD,2192
2007-05-08,148934.7156308861,141.76165139389923,148792.9539794922,GLD,2192
2007-05-09,147992.15496194077,141.76165139389923,147850.39331054688,GLD,2192
2007-05-10,144813.7616513939,141.76165139389923,144672.0,GLD,2192
2007-05-11,145800.15496194077,141.76165139389923,145658.39331054688,GLD,2192
2007-05-14,145427.51897561265,141.76165139389923,145285.75732421875,GLD,2192
2007-05-15,145997.44365822984,141.76165139389923,145855.68200683594,GLD,2192
2007-05-16,143936.95830666734,141.76165139389923,143795.19665527344,GLD,2192
2007-05-17,142753.2762998314,141.76165139389923,142611.5146484375,GLD,2192
2007-05-18,143761.59429299546,141.76165139389923,143619.83264160156,GLD,2192
2007-05-21,144090.39763772202,141.76165139389923,143948.63598632812,GLD,2192
2007-05-22,143060.15496194077,141.76165139389923,142918.39331054688,GLD,2192
2007-05-23,143805.44365822984,141.76165139389923,143663.68200683594,GLD,2192
2007-05-24,142073.7616513939,141.76165139389923,141932.0,GLD,2192
2007-05-25,142490.2470029564,141.76165139389923,142348.4853515625,GLD,2192
2007-05-29,142775.2009824486,141.76165139389923,142633.4393310547,GLD,2192
2007-05-30,142008.00432717515,141.76165139389923,141866.24267578125,GLD,2192
2007-05-31,143805.44365822984,141.76165139389923,143663.68200683594,GLD,2192
2007-06-01,145778.2470029564,141.76165139389923,145636.4853515625,GLD,2192
2007-06-04,145997.44365822984,141.76165139389923,145855.68200683594,GLD,2192
2007-06-05,145624.8076719017,141.76165139389923,145483.0460205078,GLD,2192
2007-06-06,145712.48967873765,141.76165139389923,145570.72802734375,GLD,2192
2007-06-07,143191.6863340111,141.76165139389923,143049.9246826172,GLD,2192
2007-06-08,140912.00432717515,141.76165139389923,140770.24267578125,GLD,2192
2007-06-11,141964.15496194077,141.76165139389923,141822.39331054688,GLD,2192
2007-06-12,140648.95830666734,141.76165139389923,140507.19665527344,GLD,2192
2007-06-13,141591.51897561265,141.76165139389923,141449.75732421875,GLD,2192
2007-06-14,141744.95830666734,141.76165139389923,141603.19665527344,GLD,2192
2007-06-15,142292.95830666734,141.76165139389923,142151.19665527344,GLD,2192
2007-06-18,142512.15496194077,141.76165139389923,142370.39331054688,GLD,2192
2007-06-19,143673.92900979234,141.76165139389923,143532.16735839844,GLD,2192
2007-06-20,141986.07964455796,141.76165139389923,141844.31799316406,GLD,2192
2007-06-21,141657.2762998314,141.76165139389923,141515.5146484375,GLD,2192
2007-06-22,142139.51897561265,141.76165139389923,141997.75732421875,GLD,2192
2007-06-25,141372.3223203392,141.76165139389923,141230.5606689453,GLD,2192
2007-06-26,139596.7993100853,141.76165139389923,139455.0376586914,GLD,2192
2007-06-27,139706.39763772202,141.76165139389923,139564.63598632812,GLD,2192
2007-06-28,140999.6863340111,141.76165139389923,140857.9246826172,GLD,2192
2007-06-29,141021.59429299546,141.76165139389923,140879.83264160156,GLD,2192
2007-07-02,142665.59429299546,141.76165139389923,142523.83264160156,GLD,2192
2007-07-03,142051.8369687767,141.76165139389923,141910.0753173828,GLD,2192
2007-07-05,141350.39763772202,141.76165139389923,141208.63598632812,GLD,2192
2007-07-06,142534.07964455796,141.76165139389923,142392.31799316406,GLD,2192
2007-07-09,143454.7156308861,141.76165139389923,143312.9539794922,GLD,2192
2007-07-10,143958.88298928452,141.76165139389923,143817.12133789062,GLD,2192
2007-07-11,143586.2470029564,141.76165139389923,143444.4853515625,GLD,2192
2007-07-12,144857.59429299546,141.76165139389923,144715.83264160156,GLD,2192
2007-07-13,144879.51897561265,141.76165139389923,144737.75732421875,GLD,2192
2007-07-16,144419.2009824486,141.76165139389923,144277.4393310547,GLD,2192
2007-07-17,144265.7616513939,141.76165139389923,144124.0,GLD,2192
2007-07-18,146172.8076719017,141.76165139389923,146031.0460205078,GLD,2192
2007-07-19,147027.6863340111,141.76165139389923,146885.9246826172,GLD,2192
2007-07-20,148277.12566506577,141.76165139389923,148135.36401367188,GLD,2192
2007-07-23,148036.00432717515,141.76165139389923,147894.24267578125,GLD,2192
2007-07-24,148036.00432717515,141.76165139389923,147894.24267578125,GLD,2192
2007-07-25,146786.56499612046,141.76165139389923,146644.80334472656,GLD,2192
2007-07-26,144046.56499612046,141.76165139389923,143904.80334472656,GLD,2192
2007-07-27,143520.48967873765,141.76165139389923,143378.72802734375,GLD,2192
2007-07-30,144309.59429299546,141.76165139389923,144167.83264160156,GLD,2192
2007-07-31,144353.44365822984,141.76165139389923,144211.68200683594,GLD,2192
2007-08-01,144660.3223203392,141.76165139389923,144518.5606689453,GLD,2192
2007-08-02,144572.64031350327,141.76165139389923,144430.87866210938,GLD,2192
2007-08-03,146326.2470029564,141.76165139389923,146184.4853515625,GLD,2192
2007-08-06,145734.87654403306,145734.87654403306,0.0,IEI,0
2007-08-07,145734.87654403306,145734.87654403306,0.0,IEI,0
2007-08-08,145734.87654403306,145734.87654403306,0.0,IEI,0
2007-08-09,145734.87654403306,145734.87654403306,0.0,IEI,0
2007-08-10,145734.87654403306,145734.87654403306,0.0,IEI,0
2007-08-13,145734.87654403306,145734.87654403306,0.0,IEI,0
2007-08-14,145734.87654403306,145734.87654403306,0.0,IEI,0
2007-08-15,145734.87654403306,145734.87654403306,0.0,IEI,0
2007-08-16,145734.87654403306,145734.87654403306,0.0,IEI,0
2007-08-17,145734.87654403306,145734.87654403306,0.0,IEI,0
2007-08-20,145734.87654403306,145734.87654403306,0.0,IEI,0
2007-08-21,145734.87654403306,145734.87654403306,0.0,IEI,0
2007-08-22,145734.87654403306,145734.87654403306,0.0,IEI,0
2007-08-23,145734.87654403306,145734.87654403306,0.0,IEI,0
2007-08-24,145734.87654403306,145734.87654403306,0.0,IEI,0
2007-08-27,145734.87654403306,145734.87654403306,0.0,IEI,0
2007-08-28,145734.87654403306,145734.87654403306,0.0,IEI,0
2007-08-29,145734.87654403306,145734.87654403306,0.0,IEI,0
2007-08-30,145734.87654403306,145734.87654403306,0.0,IEI,0
2007-08-31,145734.87654403306,145734.87654403306,0.0,IEI,0
2007-09-04,145734.87654403306,145734.87654403306,0.0,IEI,0
2007-09-05,145734.87654403306,145734.87654403306,0.0,IEI,0
2007-09-06,145734.87654403306,145734.87654403306,0.0,IEI,0
2007-09-07,145734.87654403306,145734.87654403306,0.0,IEI,0
2007-09-10,145734.87654403306,145734.87654403306,0.0,IEI,0
2007-09-11,145734.87654403306,145734.87654403306,0.0,IEI,0
2007-09-12,145734.87654403306,145734.87654403306,0.0,IEI,0
2007-09-13,145734.87654403306,145734.87654403306,0.0,IEI,0
2007-09-14,145734.87654403306,145734.87654403306,0.0,IEI,0
2007-09-17,145734.87654403306,145734.87654403306,0.0,IEI,0
2007-09-18,145734.87654403306,145734.87654403306,0.0,IEI,0
2007-09-19,145734.87654403306,145734.87654403306,0.0,IEI,0
2007-09-20,145734.87654403306,145734.87654403306,0.0,IEI,0
2007-09-21,145734.87654403306,145734.87654403306,0.0,IEI,0
2007-09-24,145516.84392771532,161.7663825493073,145355.07754516602,GLD,2011
2007-09-25,145617.40006480028,161.7663825493073,145455.63368225098,GLD,2011
2007-09-26,144953.7663825493,161.7663825493073,144792.0,GLD,2011
2007-09-27,146361.46024546435,161.7663825493073,146199.69386291504,GLD,2011
2007-09-28,147990.38067850878,161.7663825493073,147828.61429595947,GLD,2011
2007-10-01,148774.6694510918,161.7663825493073,148612.90306854248,GLD,2011
2007-10-02,145657.61331400683,161.7663825493073,145495.84693145752,GLD,2011
2007-10-03,144752.6694510918,161.7663825493073,144590.90306854248,GLD,2011
2007-10-04,146703.34190592577,161.7663825493073,146541.57552337646,GLD,2011
2007-10-05,147769.1694510918,161.7663825493073,147607.40306854248,GLD,2011
2007-10-08,146019.59392771532,161.7663825493073,145857.82754516602,GLD,2011
2007-10-09,147145.74901804735,161.7663825493073,146983.98263549805,GLD,2011
2007-10-10,147688.7276099663,161.7663825493073,147526.961227417,GLD,2011
2007-10-11,148794.78374705126,161.7663825493073,148633.01736450195,GLD,2011
2007-10-12,150162.24901804735,161.7663825493073,150000.48263549805,GLD,2011
2007-10-15,151268.30515513232,161.7663825493073,151106.538772583,GLD,2011
2007-10-16,151228.09190592577,161.7663825493073,151066.32552337646,GLD,2011
2007-10-17,149981.2663825493,161.7663825493073,149819.5,GLD,2011
2007-10-18,152997.7663825493,161.7663825493073,152836.0,GLD,2011
2007-10-19,152394.46024546435,161.7663825493073,152232.69386291504,GLD,2011
2007-10-22,150182.36331400683,161.7663825493073,150020.59693145752,GLD,2011
2007-10-23,151449.30313334276,161.7663825493073,151287.53675079346,GLD,2011
2007-10-24,152032.47963175585,161.7663825493073,151870.71324920654,GLD,2011
2007-10-25,153058.09392771532,161.7663825493073,152896.32754516602,GLD,2011
2007-10-26,156396.36129221728,161.7663825493073,156234.59490966797,GLD,2011
2007-10-29,157261.09190592577,161.7663825493073,157099.32552337646,GLD,2011
2007-10-30,155712.61331400683,161.7663825493073,155550.84693145752,GLD,2011
2007-10-31,158266.59190592577,161.7663825493073,158104.82552337646,GLD,2011
2007-11-01,156878.9969962578,161.7663825493073,156717.2306137085,GLD,2011
2007-11-02,160699.90006480028,161.7663825493073,160538.13368225098,GLD,2011
2007-11-05,160539.0163825493,161.7663825493073,160377.25,GLD,2011
2007-11-06,163917.4969962578,161.7663825493073,163755.7306137085,GLD,2011
2007-11-07,165546.40208658983,161.7663825493073,165384.63570404053,GLD,2011
2007-11-08,165526.30313334276,161.7663825493073,165364.53675079346,GLD,2011
2007-11-09,165425.7469962578,161.7663825493073,165263.9806137085,GLD,2011
2007-11-12,157623.07251963427,161.7663825493073,157461.30613708496,GLD,2011
2007-11-13,159272.09190592577,161.7663825493073,159110.32552337646,GLD,2011
2007-11-14,161604.84392771532,161.7663825493073,161443.07754516602,GLD,2011
2007-11-15,156919.21024546435,161.7663825493073,156757.44386291504,GLD,2011
2007-11-16,156517.0163825493,161.7663825493073,156355.25,GLD,2011
2007-11-19,155258.40763303378,155258.40763303378,0.0,IEI,0
2007-11-20,155258.40763303378,155258.40763303378,0.0,IEI,0
2007-11-21,155258.40763303378,155258.40763303378,0.0,IEI,0
2007-11-23,155258.40763303378,155258.40763303378,0.0,IEI,0
2007-11-26,155258.40763303378,155258.40763303378,0.0,IEI,0
2007-11-27,155258.40763303378,155258.40763303378,0.0,IEI,0
2007-11-28,155258.40763303378,155258.40763303378,0.0,IEI,0
2007-11-29,155258.40763303378,155258.40763303378,0.0,IEI,0
2007-11-30,155258.40763303378,155258.40763303378,0.0,IEI,0
2007-12-03,155258.40763303378,155258.40763303378,0.0,IEI,0
2007-12-04,155258.40763303378,155258.40763303378,0.0,IEI,0
2007-12-05,155258.40763303378,155258.40763303378,0.0,IEI,0
2007-12-06,155258.40763303378,155258.40763303378,0.0,IEI,0
2007-12-07,155258.40763303378,155258.40763303378,0.0,IEI,0
2007-12-10,155258.40763303378,155258.40763303378,0.0,IEI,0
2007-12-11,155258.40763303378,155258.40763303378,0.0,IEI,0
2007-12-12,155258.40763303378,155258.40763303378,0.0,IEI,0
2007-12-13,155258.40763303378,155258.40763303378,0.0,IEI,0
2007-12-14,155258.40763303378,155258.40763303378,0.0,IEI,0
2007-12-17,155258.40763303378,155258.40763303378,0.0,IEI,0
2007-12-18,155258.40763303378,155258.40763303378,0.0,IEI,0
2007-12-19,155258.40763303378,155258.40763303378,0.0,IEI,0
2007-12-20,155258.40763303378,155258.40763303378,0.0,IEI,0
2007-12-21,155258.40763303378,155258.40763303378,0.0,IEI,0
2007-12-24,155258.40763303378,155258.40763303378,0.0,IEI,0
2007-12-26,155258.40763303378,155258.40763303378,0.0,IEI,0
2007-12-27,155258.40763303378,155258.40763303378,0.0,IEI,0
2007-12-28,155258.40763303378,155258.40763303378,0.0,IEI,0
2007-12-31,155026.11781561282,166.23953497316688,154859.87828063965,GLD,1878
2008-01-02,159533.3206812134,166.23953497316688,159367.08114624023,GLD,1878
2008-01-03,160866.69896185305,166.23953497316688,160700.45942687988,GLD,1878
2008-01-04,160040.3743768921,166.23953497316688,159874.13484191895,GLD,1878
2008-01-07,159364.29323065188,166.23953497316688,159198.0536956787,GLD,1878
2008-01-08,163139.0772424927,166.23953497316688,162972.83770751953,GLD,1878
2008-01-09,162707.14526617434,166.23953497316688,162540.90573120117,GLD,1878
2008-01-10,165899.73953497317,166.23953497316688,165733.5,GLD,1878
2008-01-11,166519.48297369387,166.23953497316688,166353.2434387207,GLD,1878
2008-01-14,168322.36125433352,166.23953497316688,168156.12171936035,GLD,1878
2008-01-15,165411.45552313235,166.23953497316688,165245.21598815918,GLD,1878
2008-01-16,162988.833803772,166.23953497316688,162822.59426879883,GLD,1878
2008-01-17,162613.23953497317,166.23953497316688,162447.0,GLD,1878
2008-01-18,164340.99609625246,166.23953497316688,164174.7565612793,GLD,1878
2008-01-22,165749.49609625246,166.23953497316688,165583.2565612793,GLD,1878
2008-01-23,165223.65838873293,166.23953497316688,165057.41885375977,GLD,1878
2008-01-24,169336.48297369387,166.23953497316688,169170.2434387207,GLD,1878
2008-01-25,169749.64526617434,166.23953497316688,169583.40573120117,GLD,1878
2008-01-28,172472.73953497317,166.23953497316688,172306.5,GLD,1878
2008-01-29,171345.94240057375,166.23953497316688,171179.7028656006,GLD,1878
2008-01-30,173054.91495001223,166.23953497316688,172888.67541503906,GLD,1878
2008-01-31,171815.44240057375,166.23953497316688,171649.2028656006,GLD,1878
2008-02-01,167965.53666937258,166.23953497316688,167799.2971343994,GLD,1878
2008-02-04,167496.03666937258,166.23953497316688,167329.7971343994,GLD,1878
2008-02-05,164829.28010809328,166.23953497316688,164663.04057312012,GLD,1878
2008-02-06,167214.333803772,166.23953497316688,167048.09426879883,GLD,1878
2008-02-07,168904.53666937258,166.23953497316688,168738.2971343994,GLD,1878
2008-02-08,171064.23953497317,166.23953497316688,170898.0,GLD,1878
2008-02-11,171683.98297369387,166.23953497316688,171517.7434387207,GLD,1878
2008-02-12,167927.98297369387,166.23953497316688,167761.7434387207,GLD,1878
2008-02-13,168134.5641199341,166.23953497316688,167968.32458496094,GLD,1878
2008-02-14,168641.61781561282,166.23953497316688,168475.37828063965,GLD,1878
2008-02-15,167589.94240057375,166.23953497316688,167423.7028656006,GLD,1878
2008-02-19,172153.48297369387,166.23953497316688,171987.2434387207,GLD,1878
2008-02-20,175270.95552313235,166.23953497316688,175104.71598815918,GLD,1878
2008-02-21,175289.73953497317,166.23953497316688,175123.5,GLD,1878
2008-02-22,175552.65838873293,166.23953497316688,175386.41885375977,GLD,1878
2008-02-25,174331.95552313235,166.23953497316688,174165.71598815918,GLD,1878
2008-02-26,176153.61781561282,166.23953497316688,175987.37828063965,GLD,1878
2008-02-27,178163.0772424927,166.23953497316688,177996.83770751953,GLD,1878
2008-02-28,180435.45552313235,166.23953497316688,180269.21598815918,GLD,1878
2008-02-29,180792.28010809328,166.23953497316688,180626.04057312012,GLD,1878
2008-03-03,182782.95552313235,166.23953497316688,182616.71598815918,GLD,1878
2008-03-04,178914.28010809328,166.23953497316688,178748.04057312012,GLD,1878
2008-03-05,183684.40182745364,166.23953497316688,183518.16229248047,GLD,1878
2008-03-06,181393.23953497317,166.23953497316688,181227.0,GLD,1878
2008-03-07,180623.25265753176,166.23953497316688,180457.0131225586,GLD,1878
2008-03-10,180210.10469305422,166.23953497316688,180043.86515808105,GLD,1878
2008-03-11,180435.45552313235,166.23953497316688,180269.21598815918,GLD,1878
2008-03-12,182351.023546814,166.23953497316688,182184.78401184082,GLD,1878
2008-03-13,184848.75265753176,166.23953497316688,184682.5131225586,GLD,1878
2008-03-14,185543.61781561282,166.23953497316688,185377.37828063965,GLD,1878
2008-03-17,186407.49609625246,166.23953497316688,186241.2565612793,GLD,1878
2008-03-18,181393.23953497317,166.23953497316688,181227.0,GLD,1878
2008-03-19,174895.36125433352,166.23953497316688,174729.12171936035,GLD,1878
2008-03-20,169017.22641241457,166.23953497316688,168850.9868774414,GLD,1878
2008-03-24,169374.03666937258,166.23953497316688,169207.7971343994,GLD,1878
2008-03-25,174313.18583929446,166.23953497316688,174146.9463043213,GLD,1878
2008-03-26,176322.64526617434,166.23953497316688,176156.40573120117,GLD,1878
2008-03-27,175684.11781561282,166.23953497316688,175517.87828063965,GLD,1878
2008-03-28,172716.8743768921,166.23953497316688,172550.63484191895,GLD,1878
2008-03-31,169956.22641241457,166.23953497316688,169789.9868774414,GLD,1878
2008-04-01,163289.3206812134,166.23953497316688,163123.08114624023,GLD,1878
2008-04-02,167815.29323065188,166.23953497316688,167649.0536956787,GLD,1878
2008-04-03,168096.99609625246,166.23953497316688,167930.7565612793,GLD,1878
2008-04-04,169655.73953497317,166.23953497316688,169489.5,GLD,1878
2008-04-07,171383.49609625246,166.23953497316688,171217.2565612793,GLD,1878
2008-04-08,169843.53666937258,166.23953497316688,169677.2971343994,GLD,1878
2008-04-09,173486.86125433352,166.23953497316688,173320.62171936035,GLD,1878
2008-04-10,172510.29323065188,166.23953497316688,172344.0536956787,GLD,1878
2008-04-11,171627.64526617434,166.23953497316688,171461.40573120117,GLD,1878
2008-04-14,171270.8206812134,166.23953497316688,171104.58114624023,GLD,1878
2008-04-15,172303.72641241457,166.23953497316688,172137.4868774414,GLD,1878
2008-04-16,175327.29323065188,166.23953497316688,175161.0536956787,GLD,1878
2008-04-17,173993.91495001223,166.23953497316688,173827.67541503906,GLD,1878
2008-04-18,170350.60469305422,166.23953497316688,170184.36515808105,GLD,1878
2008-04-21,169655.73953497317,166.23953497316688,169489.5,GLD,1878
2008-04-22,169693.29323065188,166.23953497316688,169527.0536956787,GLD,1878
2008-04-23,167721.40182745364,166.23953497316688,167555.16229248047,GLD,1878
2008-04-24,163965.40182745364,166.23953497316688,163799.16229248047,GLD,1878
2008-04-25,164059.29323065188,166.23953497316688,163893.0536956787,GLD,1878
2008-04-28,164848.0641199341,166.23953497316688,164681.82458496094,GLD,1878
2008-04-29,161317.41495001223,166.23953497316688,161151.17541503906,GLD,1878
2008-04-30,162894.94240057375,166.23953497316688,162728.7028656006,GLD,1878
2008-05-01,157899.45552313235,166.23953497316688,157733.21598815918,GLD,1878
2008-05-02,159007.48297369387,166.23953497316688,158841.2434387207,GLD,1878
2008-05-05,162181.29323065188,166.23953497316688,162015.0536956787,GLD,1878
2008-05-06,162857.3743768921,166.23953497316688,162691.13484191895,GLD,1878
2008-05-07,161336.19896185305,166.23953497316688,161169.95942687988,GLD,1878
2008-05-08,164002.95552313235,166.23953497316688,163836.71598815918,GLD,1878
2008-05-09,164340.99609625246,166.23953497316688,164174.7565612793,GLD,1878
2008-05-12,163533.45552313235,166.23953497316688,163367.21598815918,GLD,1878
2008-05-13,160528.65838873293,166.23953497316688,160362.41885375977,GLD,1878
2008-05-14,160171.833803772,166.23953497316688,160005.59426879883,GLD,1878
2008-05-15,163552.23953497317,166.23953497316688,163386.0,GLD,1878
2008-05-16,167496.03666937258,166.23953497316688,167329.7971343994,GLD,1878
2008-05-19,168040.65838873293,166.23953497316688,167874.41885375977,GLD,1878
2008-05-20,170876.44240057375,166.23953497316688,170710.2028656006,GLD,1878
2008-05-21,172867.11781561282,166.23953497316688,172700.87828063965,GLD,1878
2008-05-22,171026.68583929446,166.23953497316688,170860.4463043213,GLD,1878
2008-05-23,171496.18583929446,166.23953497316688,171329.9463043213,GLD,1878
2008-05-27,167984.3206812134,166.23953497316688,167818.08114624023,GLD,1878
2008-05-28,167571.15838873293,166.23953497316688,167404.91885375977,GLD,1878
2008-05-29,162632.023546814,166.23953497316688,162465.78401184082,GLD,1878
2008-05-30,164397.333803772,166.23953497316688,164231.09426879883,GLD,1878
2008-06-02,165355.11781561282,166.23953497316688,165188.87828063965,GLD,1878
2008-06-03,163326.8743768921,166.23953497316688,163160.63484191895,GLD,1878
2008-06-04,162894.94240057375,166.23953497316688,162728.7028656006,GLD,1878
2008-06-05,162519.333803772,166.23953497316688,162353.09426879883,GLD,1878
2008-06-06,167420.91495001223,166.23953497316688,167254.67541503906,GLD,1878
2008-06-09,165411.45552313235,166.23953497316688,165245.21598815918,GLD,1878
2008-06-10,160829.14526617434,166.23953497316688,160662.90573120117,GLD,1878
2008-06-11,163589.79323065188,166.23953497316688,163423.5536956787,GLD,1878
2008-06-12,160923.03666937258,166.23953497316688,160756.7971343994,GLD,1878
2008-06-13,161354.98297369387,166.23953497316688,161188.7434387207,GLD,1878
2008-06-16,163571.023546814,166.23953497316688,163404.78401184082,GLD,1878
2008-06-17,164021.73953497317,166.23953497316688,163855.5,GLD,1878
2008-06-18,165956.0772424927,166.23953497316688,165789.83770751953,GLD,1878
2008-06-19,166218.99609625246,166.23953497316688,166052.7565612793,GLD,1878
2008-06-20,167214.333803772,166.23953497316688,167048.09426879883,GLD,1878
2008-06-23,163721.25265753176,166.23953497316688,163555.0131225586,GLD,1878
2008-06-24,164434.90182745364,166.23953497316688,164268.66229248047,GLD,1878
2008-06-25,164340.99609625246,166.23953497316688,164174.7565612793,GLD,1878
2008-06-26,170331.8206812134,166.23953497316688,170165.58114624023,GLD,1878
2008-06-27,171946.90182745364,166.23953497316688,171780.66229248047,GLD,1878
2008-06-30,171815.44240057375,166.23953497316688,171649.2028656006,GLD,1878
2008-07-01,174181.72641241457,166.23953497316688,174015.4868774414,GLD,1878
2008-07-02,175139.49609625246,166.23953497316688,174973.2565612793,GLD,1878
2008-07-03,173054.91495001223,166.23953497316688,172888.67541503906,GLD,1878
2008-07-07,171496.18583929446,166.23953497316688,171329.9463043213,GLD,1878
2008-07-08,170801.3206812134,166.23953497316688,170635.08114624023,GLD,1878
2008-07-09,172003.23953497317,166.23953497316688,171837.0,GLD,1878
2008-07-10,175815.5772424927,166.23953497316688,175649.33770751953,GLD,1878
2008-07-11,178876.72641241457,166.23953497316688,178710.4868774414,GLD,1878
2008-07-14,180285.22641241457,166.23953497316688,180118.9868774414,GLD,1878
2008-07-15,180773.49609625246,166.23953497316688,180607.2565612793,GLD,1878
2008-07-16,177524.5641199341,166.23953497316688,177358.32458496094,GLD,1878
2008-07-17,177111.40182745364,166.23953497316688,176945.16229248047,GLD,1878
2008-07-18,177017.49609625246,166.23953497316688,176851.2565612793,GLD,1878
2008-07-21,178801.60469305422,166.23953497316688,178635.36515808105,GLD,1878
2008-07-22,174932.91495001223,166.23953497316688,174766.67541503906,GLD,1878
2008-07-23,170256.69896185305,166.23953497316688,170090.45942687988,GLD,1878
2008-07-24,171683.98297369387,166.23953497316688,171517.7434387207,GLD,1878
2008-07-25,172360.0641199341,166.23953497316688,172193.82458496094,GLD,1878
2008-07-28,172435.18583929446,166.23953497316688,172268.9463043213,GLD,1878
2008-07-29,170294.25265753176,166.23953497316688,170128.0131225586,GLD,1878
2008-07-30,168284.79323065188,166.23953497316688,168118.5536956787,GLD,1878
2008-07-31,169336.48297369387,166.23953497316688,169170.2434387207,GLD,1878
2008-08-01,168378.69896185305,166.23953497316688,168212.45942687988,GLD,1878
2008-08-04,165693.15838873293,166.23953497316688,165526.91885375977,GLD,1878
2008-08-05,161824.48297369387,166.23953497316688,161658.2434387207,GLD,1878
2008-08-06,162876.15838873293,166.23953497316688,162709.91885375977,GLD,1878
2008-08-07,161843.25265753176,166.23953497316688,161677.0131225586,GLD,1878
2008-08-08,158725.78010809328,166.23953497316688,158559.54057312012,GLD,1878
2008-08-11,152528.3743768921,166.23953497316688,152362.13484191895,GLD,1878
2008-08-12,151382.79323065188,166.23953497316688,151216.5536956787,GLD,1878
2008-08-13,153335.91495001223,166.23953497316688,153169.67541503906,GLD,1878
2008-08-14,149185.53666937258,166.23953497316688,149019.2971343994,GLD,1878
2008-08-15,145955.3743768921,166.23953497316688,145789.13484191895,GLD,1878
2008-08-18,148152.64526617434,166.23953497316688,147986.40573120117,GLD,1878
2008-08-19,151213.78010809328,166.23953497316688,151047.54057312012,GLD,1878
2008-08-20,150518.91495001223,166.23953497316688,150352.67541503906,GLD,1878
2008-08-21,154725.64526617434,166.23953497316688,154559.40573120117,GLD,1878
2008-08-22,152434.48297369387,166.23953497316688,152268.2434387207,GLD,1878
2008-08-25,152152.78010809328,166.23953497316688,151986.54057312012,GLD,1878
2008-08-26,152716.18583929446,166.23953497316688,152549.9463043213,GLD,1878
2008-08-27,152960.3206812134,166.23953497316688,152794.08114624023,GLD,1878
2008-08-28,154500.28010809328,166.23953497316688,154334.04057312012,GLD,1878
2008-08-29,153617.61781561282,166.23953497316688,153451.37828063965,GLD,1878
2008-09-02,148903.833803772,166.23953497316688,148737.59426879883,GLD,1878
2008-09-03,148321.65838873293,166.23953497316688,148155.41885375977,GLD,1878
2008-09-04,147382.65838873293,166.23953497316688,147216.41885375977,GLD,1878
2008-09-05,148490.68583929446,166.23953497316688,148324.4463043213,GLD,1878
2008-09-08,148265.3206812134,166.23953497316688,148099.08114624023,GLD,1878
2008-09-09,143814.45552313235,166.23953497316688,143648.21598815918,GLD,1878
2008-09-10,139551.40182745364,166.23953497316688,139385.16229248047,GLD,1878
2008-09-11,137410.48297369387,166.23953497316688,137244.2434387207,GLD,1878
2008-09-12,142049.14526617434,166.23953497316688,141882.90573120117,GLD,1878
2008-09-15,145823.91495001223,166.23953497316688,145657.67541503906,GLD,1878
2008-09-16,144377.86125433352,166.23953497316688,144211.62171936035,GLD,1878
2008-09-17,160660.11781561282,166.23953497316688,160493.87828063965,GLD,1878
2008-09-18,155664.64526617434,166.23953497316688,155498.40573120117,GLD,1878
2008-09-19,161636.68583929446,166.23953497316688,161470.4463043213,GLD,1878
2008-09-22,167646.28010809328,166.23953497316688,167480.04057312012,GLD,1878
2008-09-23,166031.19896185305,166.23953497316688,165864.95942687988,GLD,1878
2008-09-24,163007.61781561282,166.23953497316688,162841.37828063965,GLD,1878
2008-09-25,162519.333803772,166.23953497316688,162353.09426879883,GLD,1878
2008-09-26,162876.15838873293,166.23953497316688,162709.91885375977,GLD,1878
2008-09-29,168378.69896185305,166.23953497316688,168212.45942687988,GLD,1878
2008-09-30,159927.69896185305,166.23953497316688,159761.45942687988,GLD,1878
2008-10-01,161617.90182745364,166.23953497316688,161451.66229248047,GLD,1878
2008-10-02,154781.98297369387,166.23953497316688,154615.7434387207,GLD,1878
2008-10-03,155270.25265753176,166.23953497316688,155104.0131225586,GLD,1878
2008-10-06,158444.0772424927,166.23953497316688,158277.83770751953,GLD,1878
2008-10-07,164059.29323065188,166.23953497316688,163893.0536956787,GLD,1878
2008-10-08,168096.99609625246,166.23953497316688,167930.7565612793,GLD,1878
2008-10-09,168998.44240057375,166.23953497316688,168832.2028656006,GLD,1878
2008-10-10,156453.40182745364,166.23953497316688,156287.16229248047,GLD,1878
2008-10-13,154143.45552313235,166.23953497316688,153977.21598815918,GLD,1878
2008-10-14,154537.833803772,166.23953497316688,154371.59426879883,GLD,1878
2008-10-15,156622.41495001223,166.23953497316688,156456.17541503906,GLD,1878
2008-10-16,149072.86125433352,166.23953497316688,148906.62171936035,GLD,1878
2008-10-17,145166.61781561282,166.23953497316688,145000.37828063965,GLD,1878
2008-10-20,147589.23953497317,166.23953497316688,147423.0,GLD,1878
2008-10-21,142950.5772424927,166.23953497316688,142784.33770751953,GLD,1878
2008-10-22,134837.61781561282,166.23953497316688,134671.37828063965,GLD,1878
2008-10-23,132846.94240057375,166.23953497316688,132680.7028656006,GLD,1878
2008-10-24,135776.61781561282,166.23953497316688,135610.37828063965,GLD,1878
2008-10-27,135720.28010809328,166.23953497316688,135554.04057312012,GLD,1878
2008-10-28,138743.86125433352,166.23953497316688,138577.62171936035,GLD,1878
2008-10-29,139138.23953497317,166.23953497316688,138972.0,GLD,1878
2008-10-30,136715.61781561282,166.23953497316688,136549.37828063965,GLD,1878
2008-10-31,134142.75265753176,166.23953497316688,133976.5131225586,GLD,1878
2008-11-03,133692.03666937258,166.23953497316688,133525.7971343994,GLD,1878
2008-11-04,141917.68583929446,166.23953497316688,141751.4463043213,GLD,1878
2008-11-05,136884.64526617434,166.23953497316688,136718.40573120117,GLD,1878
2008-11-06,135795.40182745364,166.23953497316688,135629.16229248047,GLD,1878
2008-11-07,136321.23953497317,166.23953497316688,136155.0,GLD,1878
2008-11-10,138349.48297369387,166.23953497316688,138183.2434387207,GLD,1878
2008-11-11,135476.14526617434,166.23953497316688,135309.90573120117,GLD,1878
2008-11-12,131626.23953497317,166.23953497316688,131460.0,GLD,1878
2008-11-13,135663.94240057375,166.23953497316688,135497.7028656006,GLD,1878
2008-11-14,137823.64526617434,166.23953497316688,137657.40573120117,GLD,1878
2008-11-17,136602.94240057375,166.23953497316688,136436.7028656006,GLD,1878
2008-11-18,136340.023546814,166.23953497316688,136173.78401184082,GLD,1878
2008-11-19,135870.523546814,166.23953497316688,135704.28401184082,GLD,1878
2008-11-20,138105.333803772,166.23953497316688,137939.09426879883,GLD,1878
2008-11-21,148246.53666937258,166.23953497316688,148080.2971343994,GLD,1878
2008-11-24,152115.22641241457,166.23953497316688,151948.9868774414,GLD,1878
2008-11-25,152040.10469305422,166.23953497316688,151873.86515808105,GLD,1878
2008-11-26,151119.8743768921,166.23953497316688,150953.63484191895,GLD,1878
2008-11-28,150988.41495001223,166.23953497316688,150822.17541503906,GLD,1878
2008-12-01,142236.94240057375,166.23953497316688,142070.7028656006,GLD,1878
2008-12-02,144678.333803772,166.23953497316688,144512.09426879883,GLD,1878
2008-12-03,143232.28010809328,166.23953497316688,143066.04057312012,GLD,1878
2008-12-04,141955.23953497317,166.23953497316688,141789.0,GLD,1878
2008-12-05,140114.79323065188,166.23953497316688,139948.5536956787,GLD,1878
2008-12-08,143269.833803772,166.23953497316688,143103.59426879883,GLD,1878
2008-12-09,143513.98297369387,166.23953497316688,143347.7434387207,GLD,1878
2008-12-10,149936.73953497317,166.23953497316688,149770.5,GLD,1878
2008-12-11,151626.94240057375,166.23953497316688,151460.7028656006,GLD,1878
2008-12-12,151927.41495001223,166.23953497316688,151761.17541503906,GLD,1878
2008-12-15,155289.03666937258,166.23953497316688,155122.7971343994,GLD,1878
2008-12-16,158782.11781561282,166.23953497316688,158615.87828063965,GLD,1878
2008-12-17,160603.78010809328,166.23953497316688,160437.54057312012,GLD,1878
2008-12-18,157674.10469305422,166.23953497316688,157507.86515808105,GLD,1878
2008-12-19,155345.3743768921,166.23953497316688,155179.13484191895,GLD,1878
2008-12-22,156669.01099819186,156669.01099819186,0.0,IEI,0
2008-12-23,156669.01099819186,156669.01099819186,0.0,IEI,0
2008-12-24,156669.01099819186,156669.01099819186,0.0,IEI,0
2008-12-26,156669.01099819186,156669.01099819186,0.0,IEI,0
2008-12-29,156669.01099819186,156669.01099819186,0.0,IEI,0
2008-12-30,156669.01099819186,156669.01099819186,0.0,IEI,0
2008-12-31,156669.01099819186,156669.01099819186,0.0,IEI,0
2009-01-02,156669.01099819186,156669.01099819186,0.0,IEI,0
2009-01-05,156434.7057088814,231.1795019111887,156203.52620697021,GLD,1849
2009-01-06,157636.544423481,231.1795019111887,157405.36492156982,GLD,1849
2009-01-07,153235.9295019112,231.1795019111887,153004.75,GLD,1849
2009-01-08,156397.71780910113,231.1795019111887,156166.53830718994,GLD,1849
2009-01-09,155399.25611629107,231.1795019111887,155168.07661437988,GLD,1849
2009-01-12,149556.42345180133,231.1795019111887,149325.24394989014,GLD,1849
2009-01-13,149778.294423481,231.1795019111887,149547.11492156982,GLD,1849
2009-01-14,147762.89119472125,231.1795019111887,147531.71169281006,GLD,1849
2009-01-15,148872.28837337115,231.1795019111887,148641.10887145996,GLD,1849
2009-01-16,153161.96780910113,231.1795019111887,152930.78830718994,GLD,1849
2009-01-20,156508.65329494097,231.1795019111887,156277.47379302979,GLD,1849
2009-01-21,155824.5323232613,231.1795019111887,155593.3528213501,GLD,1849
2009-01-22,156619.6028875313,231.1795019111887,156388.42338562012,GLD,1849
2009-01-23,163923.1472448311,231.1795019111887,163691.96774291992,GLD,1849
2009-01-26,164699.723859211,231.1795019111887,164468.5443572998,GLD,1849
2009-01-27,163645.794423481,231.1795019111887,163414.61492156982,GLD,1849
2009-01-28,161870.75611629107,231.1795019111887,161639.57661437988,GLD,1849
2009-01-29,165716.6795019112,231.1795019111887,165485.5,GLD,1849
2009-01-30,169063.36498775103,231.1795019111887,168832.18548583984,GLD,1849
2009-02-02,164496.33273067095,231.1795019111887,164265.15322875977,GLD,1849
2009-02-03,163812.21175899127,231.1795019111887,163581.03225708008,GLD,1849
2009-02-04,165125.0000661812,231.1795019111887,164893.82056427002,GLD,1849
2009-02-05,166863.06458034136,231.1795019111887,166631.88507843018,GLD,1849
2009-02-06,165883.08273067095,231.1795019111887,165651.90322875977,GLD,1849
2009-02-09,163289.90341848758,163289.90341848758,0.0,IEI,0
2009-02-10,163289.90341848758,163289.90341848758,0.0,IEI,0
2009-02-11,163289.90341848758,163289.90341848758,0.0,IEI,0
2009-02-12,163289.90341848758,163289.90341848758,0.0,IEI,0
2009-02-13,163289.90341848758,163289.90341848758,0.0,IEI,0
2009-02-17,163289.90341848758,163289.90341848758,0.0,IEI,0
2009-02-18,163289.90341848758,163289.90341848758,0.0,IEI,0
2009-02-19,163289.90341848758,163289.90341848758,0.0,IEI,0
2009-02-20,163289.90341848758,163289.90341848758,0.0,IEI,0
2009-02-23,163289.90341848758,163289.90341848758,0.0,IEI,0
2009-02-24,163289.90341848758,163289.90341848758,0.0,IEI,0
2009-02-25,163289.90341848758,163289.90341848758,0.0,IEI,0
2009-02-26,163289.90341848758,163289.90341848758,0.0,IEI,0
2009-02-27,163289.90341848758,163289.90341848758,0.0,IEI,0
2009-03-02,163289.90341848758,163289.90341848758,0.0,IEI,0
2009-03-03,163289.90341848758,163289.90341848758,0.0,IEI,0
2009-03-04,163289.90341848758,163289.90341848758,0.0,IEI,0
2009-03-05,163289.90341848758,163289.90341848758,0.0,IEI,0
2009-03-06,163289.90341848758,163289.90341848758,0.0,IEI,0
2009-03-09,163289.90341848758,163289.90341848758,0.0,IEI,0
2009-03-10,163289.90341848758,163289.90341848758,0.0,IEI,0
2009-03-11,163289.90341848758,163289.90341848758,0.0,IEI,0
2009-03-12,163289.90341848758,163289.90341848758,0.0,IEI,0
2009-03-13,163289.90341848758,163289.90341848758,0.0,IEI,0
2009-03-16,163289.90341848758,163289.90341848758,0.0,IEI,0
2009-03-17,163289.90341848758,163289.90341848758,0.0,IEI,0
2009-03-18,163289.90341848758,163289.90341848758,0.0,IEI,0
2009-03-19,163289.90341848758,163289.90341848758,0.0,IEI,0
2009-03-20,163289.90341848758,163289.90341848758,0.0,IEI,0
2009-03-23,163045.7072536316,248.26401632692432,162797.4432373047,GLD,1768
2009-03-24,161047.8586208191,248.26401632692432,160799.5946044922,GLD,1768
2009-03-25,162868.90995138552,248.26401632692432,162620.6459350586,GLD,1768
2009-03-26,162780.5045558777,248.26401632692432,162532.24053955078,GLD,1768
2009-03-27,160588.18833273317,248.26401632692432,160339.92431640625,GLD,1768
2009-03-30,159332.90995138552,248.26401632692432,159084.6459350586,GLD,1768
2009-03-31,159863.3018581238,248.26401632692432,159615.03784179688,GLD,1768
2009-04-01,161189.3018581238,248.26401632692432,160941.03784179688,GLD,1768
2009-04-02,157246.66941183474,248.26401632692432,156998.4053955078,GLD,1768
2009-04-03,155107.37754171755,248.26401632692432,154859.11352539062,GLD,1768
2009-04-06,151005.61808126833,248.26401632692432,150757.3540649414,GLD,1768
2009-04-07,153604.58023947146,248.26401632692432,153356.31622314453,GLD,1768
2009-04-08,153374.7450954285,248.26401632692432,153126.48107910156,GLD,1768
2009-04-09,152844.33969992067,248.26401632692432,152596.07568359375,GLD,1768
2009-04-13,155620.0991603699,248.26401632692432,155371.83514404297,GLD,1768
2009-04-14,154718.42887228396,248.26401632692432,154470.16485595703,GLD,1768
2009-04-15,154948.26401632692,248.26401632692432,154700.0,GLD,1768
2009-04-16,151960.33969992067,248.26401632692432,151712.07568359375,GLD,1768
2009-04-17,150917.22617453005,248.26401632692432,150668.96215820312,GLD,1768
2009-04-20,153975.8586208191,248.26401632692432,153727.5946044922,GLD,1768
2009-04-21,153869.78293722536,248.26401632692432,153621.51892089844,GLD,1768
2009-04-22,154736.0991603699,248.26401632692432,154487.83514404297,GLD,1768
2009-04-23,157246.66941183474,248.26401632692432,156998.4053955078,GLD,1768
2009-04-24,158873.22617453005,248.26401632692432,158624.96215820312,GLD,1768
2009-04-27,157617.9477931824,248.26401632692432,157369.68377685547,GLD,1768
2009-04-28,155390.26401632692,248.26401632692432,155142.0,GLD,1768
2009-04-29,156415.7072536316,248.26401632692432,156167.4432373047,GLD,1768
2009-04-30,154541.61808126833,248.26401632692432,154293.3540649414,GLD,1768
2009-05-01,153975.8586208191,248.26401632692432,153727.5946044922,GLD,1768
2009-05-04,156963.78293722536,248.26401632692432,156715.51892089844,GLD,1768
2009-05-05,156274.26401632692,248.26401632692432,156026.0,GLD,1768
2009-05-06,158554.98563497927,248.26401632692432,158306.72161865234,GLD,1768
2009-05-07,158378.18833273317,248.26401632692432,158129.92431640625,GLD,1768
2009-05-08,159332.90995138552,248.26401632692432,159084.6459350586,GLD,1768
2009-05-11,158820.18833273317,248.26401632692432,158571.92431640625,GLD,1768
2009-05-12,160605.8586208191,248.26401632692432,160357.5946044922,GLD,1768
2009-05-13,161295.37754171755,248.26401632692432,161047.11352539062,GLD,1768
2009-05-14,161189.3018581238,248.26401632692432,160941.03784179688,GLD,1768
2009-05-15,162108.66941183474,248.26401632692432,161860.4053955078,GLD,1768
2009-05-18,160004.7450954285,248.26401632692432,159756.48107910156,GLD,1768
2009-05-19,161065.54239767458,248.26401632692432,160817.27838134766,GLD,1768
2009-05-20,163346.26401632692,248.26401632692432,163098.0,GLD,1768
2009-05-21,166175.06131857302,248.26401632692432,165926.7973022461,GLD,1768
2009-05-22,166705.46671408083,248.26401632692432,166457.2026977539,GLD,1768
2009-05-26,166015.9477931824,248.26401632692432,165767.68377685547,GLD,1768
2009-05-27,165467.8586208191,248.26401632692432,165219.5946044922,GLD,1768
2009-05-28,166864.58023947146,248.26401632692432,166616.31622314453,GLD,1768
2009-05-29,170329.8586208191,248.26401632692432,170081.5946044922,GLD,1768
2009-06-01,169498.90995138552,248.26401632692432,169250.6459350586,GLD,1768
2009-06-02,170612.7450954285,248.26401632692432,170364.48107910156,GLD,1768
2009-06-03,167165.1504909363,248.26401632692432,166916.88647460938,GLD,1768
2009-06-04,170382.90995138552,248.26401632692432,170134.6459350586,GLD,1768
2009-06-05,165927.54239767458,248.26401632692432,165679.27838134766,GLD,1768
2009-06-08,165662.33969992067,248.26401632692432,165414.07568359375,GLD,1768
2009-06-09,166139.7072536316,248.26401632692432,165891.4432373047,GLD,1768
2009-06-10,166192.7450954285,248.26401632692432,165944.48107910156,GLD,1768
2009-06-11,165909.8586208191,248.26401632692432,165661.5946044922,GLD,1768
2009-06-12,163204.82077902224,248.26401632692432,162956.5567626953,GLD,1768
2009-06-15,161313.06131857302,248.26401632692432,161064.7973022461,GLD,1768
2009-06-16,162780.5045558777,248.26401632692432,162532.24053955078,GLD,1768
2009-06-17,163523.06131857302,248.26401632692432,163274.7973022461,GLD,1768
2009-06-18,162214.7450954285,248.26401632692432,161966.48107910156,GLD,1768
2009-06-19,162727.46671408083,248.26401632692432,162479.2026977539,GLD,1768
2009-06-22,160322.98563497927,248.26401632692432,160074.72161865234,GLD,1768
2009-06-23,160994.82077902224,248.26401632692432,160746.5567626953,GLD,1768
2009-06-24,161931.8586208191,248.26401632692432,161683.5946044922,GLD,1768
2009-06-25,163452.33969992067,248.26401632692432,163204.07568359375,GLD,1768
2009-06-26,163416.98563497927,248.26401632692432,163168.72161865234,GLD,1768
2009-06-29,162974.98563497927,248.26401632692432,162726.72161865234,GLD,1768
2009-06-30,161454.5045558777,248.26401632692432,161206.24053955078,GLD,1768
2009-07-01,163593.78293722536,248.26401632692432,163345.51892089844,GLD,1768
2009-07-02,161578.26401632692,248.26401632692432,161330.0,GLD,1768
2009-07-06,160711.9477931824,248.26401632692432,160463.68377685547,GLD,1768
2009-07-07,160623.54239767458,248.26401632692432,160375.27838134766,GLD,1768
2009-07-08,158077.61808126833,248.26401632692432,157829.3540649414,GLD,1768
2009-07-09,158501.9477931824,248.26401632692432,158253.68377685547,GLD,1768
2009-07-10,158625.7072536316,248.26401632692432,158377.4432373047,GLD,1768
2009-07-13,159704.18833273317,248.26401632692432,159455.92431640625,GLD,1768
2009-07-14,160800.33969992067,248.26401632692432,160552.07568359375,GLD,1768
2009-07-15,163328.58023947146,248.26401632692432,163080.31622314453,GLD,1768
2009-07-16,162868.90995138552,248.26401632692432,162620.6459350586,GLD,1768
2009-07-17,162780.5045558777,248.26401632692432,162532.24053955078,GLD,1768
2009-07-20,165167.3018581238,248.26401632692432,164919.03784179688,GLD,1768
2009-07-21,164902.0991603699,248.26401632692432,164653.83514404297,GLD,1768
2009-07-22,165450.18833273317,248.26401632692432,165201.92431640625,GLD,1768
2009-07-23,165131.9477931824,248.26401632692432,164883.68377685547,GLD,1768
2009-07-24,165397.1504909363,248.26401632692432,165148.88647460938,GLD,1768
2009-07-27,165927.54239767458,248.26401632692432,165679.27838134766,GLD,1768
2009-07-28,163098.7450954285,248.26401632692432,162850.48107910156,GLD,1768
2009-07-29,161489.8586208191,248.26401632692432,161241.5946044922,GLD,1768
2009-07-30,162232.42887228396,248.26401632692432,161984.16485595703,GLD,1768
2009-07-31,165291.06131857302,248.26401632692432,165042.7973022461,GLD,1768
2009-08-03,166210.42887228396,248.26401632692432,165962.16485595703,GLD,1768
2009-08-04,167642.5045558777,248.26401632692432,167394.24053955078,GLD,1768
2009-08-05,167819.3018581238,248.26401632692432,167571.03784179688,GLD,1768
2009-08-06,167501.06131857302,248.26401632692432,167252.7973022461,GLD,1768
2009-08-07,165998.26401632692,248.26401632692432,165750.0,GLD,1768
2009-08-10,164548.5045558777,248.26401632692432,164300.24053955078,GLD,1768
2009-08-11,164300.98563497927,248.26401632692432,164052.72161865234,GLD,1768
2009-08-12,164583.8586208191,248.26401632692432,164335.5946044922,GLD,1768
2009-08-13,165945.22617453005,248.26401632692432,165696.96215820312,GLD,1768
2009-08-14,164672.26401632692,248.26401632692432,164424.0,GLD,1768
2009-08-17,162214.7450954285,248.26401632692432,161966.48107910156,GLD,1768
2009-08-18,163010.33969992067,248.26401632692432,162762.07568359375,GLD,1768
2009-08-19,163841.3018581238,248.26401632692432,163593.03784179688,GLD,1768
2009-08-20,163381.61808126833,248.26401632692432,163133.3540649414,GLD,1768
2009-08-21,165821.46671408083,248.26401632692432,165573.2026977539,GLD,1768
2009-08-24,163505.37754171755,248.26401632692432,163257.11352539062,GLD,1768
2009-08-25,164247.9477931824,248.26401632692432,163999.68377685547,GLD,1768
2009-08-26,164300.98563497927,248.26401632692432,164052.72161865234,GLD,1768
2009-08-27,165008.18833273317,248.26401632692432,164759.92431640625,GLD,1768
2009-08-28,166210.42887228396,248.26401632692432,165962.16485595703,GLD,1768
2009-08-31,165379.46671408083,248.26401632692432,165131.2026977539,GLD,1768
2009-09-01,166263.46671408083,248.26401632692432,166015.2026977539,GLD,1768
2009-09-02,170312.18833273317,248.26401632692432,170063.92431640625,GLD,1768
2009-09-03,172557.54239767458,248.26401632692432,172309.27838134766,GLD,1768
2009-09-04,172681.3018581238,248.26401632692432,172433.03784179688,GLD,1768
2009-09-08,172504.5045558777,248.26401632692432,172256.24053955078,GLD,1768
2009-09-09,171885.7072536316,248.26401632692432,171637.4432373047,GLD,1768
2009-09-10,172981.8586208191,248.26401632692432,172733.5946044922,GLD,1768
2009-09-11,174891.3018581238,248.26401632692432,174643.03784179688,GLD,1768
2009-09-14,173441.54239767458,248.26401632692432,173193.27838134766,GLD,1768
2009-09-15,175103.46671408083,248.26401632692432,174855.2026977539,GLD,1768
2009-09-16,176889.1504909363,248.26401632692432,176640.88647460938,GLD,1768
2009-09-17,175881.37754171755,248.26401632692432,175633.11352539062,GLD,1768
2009-09-18,174696.82077902224,248.26401632692432,174448.5567626953,GLD,1768
2009-09-21,174148.7450954285,248.26401632692432,173900.48107910156,GLD,1768
2009-09-22,176464.82077902224,248.26401632692432,176216.5567626953,GLD,1768
2009-09-23,174979.7072536316,248.26401632692432,174731.4432373047,GLD,1768
2009-09-24,172716.66941183474,248.26401632692432,172468.4053955078,GLD,1768
2009-09-25,171744.26401632692,248.26401632692432,171496.0,GLD,1768
2009-09-28,171832.66941183474,248.26401632692432,171584.4053955078,GLD,1768
2009-09-29,172504.5045558777,248.26401632692432,172256.24053955078,GLD,1768
2009-09-30,175015.06131857302,248.26401632692432,174766.7973022461,GLD,1768
2009-10-01,173317.78293722536,248.26401632692432,173069.51892089844,GLD,1768
2009-10-02,174166.42887228396,248.26401632692432,173918.16485595703,GLD,1768
2009-10-05,176730.02347677614,248.26401632692432,176481.75946044922,GLD,1768
2009-10-06,181079.3018581238,248.26401632692432,180831.03784179688,GLD,1768
2009-10-07,181220.7450954285,248.26401632692432,180972.48107910156,GLD,1768
2009-10-08,183483.78293722536,248.26401632692432,183235.51892089844,GLD,1768
2009-10-09,182069.37754171755,248.26401632692432,181821.11352539062,GLD,1768
2009-10-12,183342.33969992067,248.26401632692432,183094.07568359375,GLD,1768
2009-10-13,184579.9477931824,248.26401632692432,184331.68377685547,GLD,1768
2009-10-14,184438.5045558777,248.26401632692432,184190.24053955078,GLD,1768
2009-10-15,182104.7450954285,248.26401632692432,181856.48107910156,GLD,1768
2009-10-16,182670.5045558777,248.26401632692432,182422.24053955078,GLD,1768
2009-10-19,184526.90995138552,248.26401632692432,184278.6459350586,GLD,1768
2009-10-20,183094.82077902224,248.26401632692432,182846.5567626953,GLD,1768
2009-10-21,183678.26401632692,248.26401632692432,183430.0,GLD,1768
2009-10-22,183978.82077902224,248.26401632692432,183730.5567626953,GLD,1768
2009-10-23,183218.58023947146,248.26401632692432,182970.31622314453,GLD,1768
2009-10-26,180336.7450954285,248.26401632692432,180088.48107910156,GLD,1768
2009-10-27,180319.06131857302,248.26401632692432,180070.7973022461,GLD,1768
2009-10-28,178338.90995138552,248.26401632692432,178090.6459350586,GLD,1768
2009-10-29,181804.18833273317,248.26401632692432,181555.92431640625,GLD,1768
2009-10-30,181521.3018581238,248.26401632692432,181273.03784179688,GLD,1768
2009-11-02,184031.8586208191,248.26401632692432,183783.5946044922,GLD,1768
2009-11-03,188469.54239767458,248.26401632692432,188221.27838134766,GLD,1768
2009-11-04,189601.06131857302,248.26401632692432,189352.7973022461,GLD,1768
2009-11-05,189388.90995138552,248.26401632692432,189140.6459350586,GLD,1768
2009-11-06,190184.5045558777,248.26401632692432,189936.24053955078,GLD,1768
2009-11-09,191528.18833273317,248.26401632692432,191279.92431640625,GLD,1768
2009-11-10,191881.78293722536,248.26401632692432,191633.51892089844,GLD,1768
2009-11-11,194021.06131857302,248.26401632692432,193772.7973022461,GLD,1768
2009-11-12,191563.54239767458,248.26401632692432,191315.27838134766,GLD,1768
2009-11-13,194268.58023947146,248.26401632692432,194020.31622314453,GLD,1768
2009-11-16,197610.0991603699,248.26401632692432,197361.83514404297,GLD,1768
2009-11-17,198211.22617453005,248.26401632692432,197962.96215820312,GLD,1768
2009-11-18,198706.26401632692,248.26401632692432,198458.0,GLD,1768
2009-11-19,198794.66941183474,248.26401632692432,198546.4053955078,GLD,1768
2009-11-20,199926.18833273317,248.26401632692432,199677.92431640625,GLD,1768
2009-11-23,202312.98563497927,248.26401632692432,202064.72161865234,GLD,1768
2009-11-24,203090.90995138552,248.26401632692432,202842.6459350586,GLD,1768
2009-11-25,206432.42887228396,248.26401632692432,206184.16485595703,GLD,1768
2009-11-27,203674.33969992067,248.26401632692432,203426.07568359375,GLD,1768
2009-11-30,204699.78293722536,248.26401632692432,204451.51892089844,GLD,1768
2009-12-01,207776.0991603699,248.26401632692432,207527.83514404297,GLD,1768
2009-12-02,210958.5045558777,248.26401632692432,210710.24053955078,GLD,1768
2009-12-03,210109.8586208191,248.26401632692432,209861.5946044922,GLD,1768
2009-12-04,201358.26401632692,248.26401632692432,201110.0,GLD,1768
2009-12-07,200226.7450954285,248.26401632692432,199978.48107910156,GLD,1768
2009-12-08,196407.8586208191,248.26401632692432,196159.5946044922,GLD,1768
2009-12-09,196213.37754171755,248.26401632692432,195965.11352539062,GLD,1768
2009-12-10,196178.02347677614,248.26401632692432,195929.75946044922,GLD,1768
2009-12-11,193526.02347677614,248.26401632692432,193277.75946044922,GLD,1768
2009-12-14,195152.58023947146,248.26401632692432,194904.31622314453,GLD,1768
2009-12-15,195099.54239767458,248.26401632692432,194851.27838134766,GLD,1768
2009-12-16,197539.37754171755,248.26401632692432,197291.11352539062,GLD,1768
2009-12-17,190025.37754171755,248.26401632692432,189777.11352539062,GLD,1768
2009-12-18,192871.8586208191,248.26401632692432,192623.5946044922,GLD,1768
2009-12-21,189335.8586208191,248.26401632692432,189087.5946044922,GLD,1768
2009-12-22,187956.82077902224,248.26401632692432,187708.5567626953,GLD,1768
2009-12-23,188628.66941183474,248.26401632692432,188380.4053955078,GLD,1768
2009-12-24,191828.7450954285,248.26401632692432,191580.48107910156,GLD,1768
2009-12-28,192164.66941183474,248.26401632692432,191916.4053955078,GLD,1768
2009-12-29,190255.22617453005,248.26401632692432,190006.96215820312,GLD,1768
2009-12-30,189300.5045558777,248.26401632692432,189052.24053955078,GLD,1768
2009-12-31,189972.33969992067,248.26401632692432,189724.07568359375,GLD,1768
2010-01-04,194374.66941183474,248.26401632692432,194126.4053955078,GLD,1768
2010-01-05,194197.8586208191,248.26401632692432,193949.5946044922,GLD,1768
2010-01-06,197397.9477931824,248.26401632692432,197149.68377685547,GLD,1768
2010-01-07,196178.02347677614,248.26401632692432,195929.75946044922,GLD,1768
2010-01-08,197150.42887228396,248.26401632692432,196902.16485595703,GLD,1768
2010-01-11,199767.06131857302,248.26401632692432,199518.7973022461,GLD,1768
2010-01-12,195594.58023947146,248.26401632692432,195346.31622314453,GLD,1768
2010-01-13,197450.98563497927,248.26401632692432,197202.72161865234,GLD,1768
2010-01-14,198317.3018581238,248.26401632692432,198069.03784179688,GLD,1768
2010-01-15,196248.7450954285,248.26401632692432,196000.48107910156,GLD,1768
2010-01-19,197415.61808126833,248.26401632692432,197167.3540649414,GLD,1768
2010-01-20,192854.18833273317,248.26401632692432,192605.92431640625,GLD,1768
2010-01-21,190078.42887228396,248.26401632692432,189830.16485595703,GLD,1768
2010-01-22,189724.82077902224,248.26401632692432,189476.5567626953,GLD,1768
2010-01-25,190272.90995138552,248.26401632692432,190024.6459350586,GLD,1768
2010-01-26,190414.33969992067,248.26401632692432,190166.07568359375,GLD,1768
2010-01-27,188593.3018581238,248.26401632692432,188345.03784179688,GLD,1768
2010-01-28,188504.90995138552,248.26401632692432,188256.6459350586,GLD,1768
2010-01-29,187585.54239767458,248.26401632692432,187337.27838134766,GLD,1768
2010-02-01,191811.06131857302,248.26401632692432,191562.7973022461,GLD,1768
2010-02-02,193190.0991603699,248.26401632692432,192941.83514404297,GLD,1768
2010-02-03,192429.8586208191,248.26401632692432,192181.5946044922,GLD,1768
2010-02-04,184774.42887228396,248.26401632692432,184526.16485595703,GLD,1768
2010-02-05,185322.5045558777,248.26401632692432,185074.24053955078,GLD,1768
2010-02-08,184190.98563497927,248.26401632692432,183942.72161865234,GLD,1768
2010-02-09,186613.1504909363,248.26401632692432,186364.88647460938,GLD,1768
2010-02-10,186100.42887228396,248.26401632692432,185852.16485595703,GLD,1768
2010-02-11,189654.0991603699,248.26401632692432,189405.83514404297,GLD,1768
2010-02-12,189494.98563497927,248.26401632692432,189246.72161865234,GLD,1768
2010-02-16,194056.42887228396,248.26401632692432,193808.16485595703,GLD,1768
2010-02-17,193402.26401632692,248.26401632692432,193154.0,GLD,1768
2010-02-18,194692.90995138552,248.26401632692432,194444.6459350586,GLD,1768
2010-02-19,193791.22617453005,248.26401632692432,193542.96215820312,GLD,1768
2010-02-22,193084.02347677614,248.26401632692432,192835.75946044922,GLD,1768
2010-02-23,190997.78293722536,248.26401632692432,190749.51892089844,GLD,1768
2010-02-24,190060.7450954285,248.26401632692432,189812.48107910156,GLD,1768
2010-02-25,191740.33969992067,248.26401632692432,191492.07568359375,GLD,1768
2010-02-26,193720.5045558777,248.26401632692432,193472.24053955078,GLD,1768
2010-03-01,193720.5045558777,248.26401632692432,193472.24053955078,GLD,1768
2010-03-02,196531.61808126833,248.26401632692432,196283.3540649414,GLD,1768
2010-03-03,197610.0991603699,248.26401632692432,197361.83514404297,GLD,1768
2010-03-04,196195.7072536316,248.26401632692432,195947.4432373047,GLD,1768
2010-03-05,196160.33969992067,248.26401632692432,195912.07568359375,GLD,1768
2010-03-08,194516.0991603699,248.26401632692432,194267.83514404297,GLD,1768
2010-03-09,194233.22617453005,248.26401632692432,193984.96215820312,GLD,1768
2010-03-10,192023.22617453005,248.26401632692432,191774.96215820312,GLD,1768
2010-03-11,192253.06131857302,248.26401632692432,192004.7973022461,GLD,1768
2010-03-12,191103.8586208191,248.26401632692432,190855.5946044922,GLD,1768
2010-03-15,191828.7450954285,248.26401632692432,191580.48107910156,GLD,1768
2010-03-16,195435.46671408083,248.26401632692432,195187.2026977539,GLD,1768
2010-03-17,194003.37754171755,248.26401632692432,193755.11352539062,GLD,1768
2010-03-18,195329.37754171755,248.26401632692432,195081.11352539062,GLD,1768
2010-03-19,191687.3018581238,248.26401632692432,191439.03784179688,GLD,1768
2010-03-22,190750.26401632692,248.26401632692432,190502.0,GLD,1768
2010-03-23,191758.02347677614,248.26401632692432,191509.75946044922,GLD,1768
2010-03-24,188186.66941183474,248.26401632692432,187938.4053955078,GLD,1768
2010-03-25,189035.3018581238,248.26401632692432,188787.03784179688,GLD,1768
2010-03-26,192235.37754171755,248.26401632692432,191987.11352539062,GLD,1768
2010-03-29,192518.26401632692,248.26401632692432,192270.0,GLD,1768
2010-03-30,191139.22617453005,248.26401632692432,190890.96215820312,GLD,1768
2010-03-31,192871.8586208191,248.26401632692432,192623.5946044922,GLD,1768
2010-04-01,195187.9477931824,248.26401632692432,194939.68377685547,GLD,1768
2010-04-05,196301.78293722536,248.26401632692432,196053.51892089844,GLD,1768
2010-04-06,196549.3018581238,248.26401632692432,196301.03784179688,GLD,1768
2010-04-07,199130.58023947146,248.26401632692432,198882.31622314453,GLD,1768
2010-04-08,199413.46671408083,248.26401632692432,199165.2026977539,GLD,1768
2010-04-09,201163.78293722536,248.26401632692432,200915.51892089844,GLD,1768
2010-04-12,200049.9477931824,248.26401632692432,199801.68377685547,GLD,1768
2010-04-13,199484.18833273317,248.26401632692432,199235.92431640625,GLD,1768
2010-04-14,200085.3018581238,248.26401632692432,199837.03784179688,GLD,1768
2010-04-15,201181.46671408083,248.26401632692432,200933.2026977539,GLD,1768
2010-04-16,196920.58023947146,248.26401632692432,196672.31622314453,GLD,1768
2010-04-19,196761.46671408083,248.26401632692432,196513.2026977539,GLD,1768
2010-04-20,197309.54239767458,248.26401632692432,197061.27838134766,GLD,1768
2010-04-21,198812.33969992067,248.26401632692432,198564.07568359375,GLD,1768
2010-04-22,197981.37754171755,248.26401632692432,197733.11352539062,GLD,1768
2010-04-23,200368.18833273317,248.26401632692432,200119.92431640625,GLD,1768
2010-04-26,199590.26401632692,248.26401632692432,199342.0,GLD,1768
2010-04-27,202914.0991603699,248.26401632692432,202665.83514404297,GLD,1768
2010-04-28,202348.33969992067,248.26401632692432,202100.07568359375,GLD,1768
2010-04-29,202295.3018581238,248.26401632692432,202047.03784179688,GLD,1768
2010-04-30,204204.7450954285,248.26401632692432,203956.48107910156,GLD,1768
2010-05-03,204858.90995138552,248.26401632692432,204610.6459350586,GLD,1768
2010-05-04,203338.42887228396,248.26401632692432,203090.16485595703,GLD,1768
2010-05-05,203727.37754171755,248.26401632692432,203479.11352539062,GLD,1768
2010-05-06,209738.58023947146,248.26401632692432,209490.31622314453,GLD,1768
2010-05-07,209349.61808126833,248.26401632692432,209101.3540649414,GLD,1768
2010-05-10,208112.02347677614,248.26401632692432,207863.75946044922,GLD,1768
2010-05-11,213575.1504909363,248.26401632692432,213326.88647460938,GLD,1768
2010-05-12,214883.46671408083,248.26401632692432,214635.2026977539,GLD,1768
2010-05-13,213398.33969992067,248.26401632692432,213150.07568359375,GLD,1768
2010-05-14,213062.42887228396,248.26401632692432,212814.16485595703,GLD,1768
2010-05-17,211276.7450954285,248.26401632692432,211028.48107910156,GLD,1768
2010-05-18,211506.58023947146,248.26401632692432,211258.31622314453,GLD,1768
2010-05-19,206450.0991603699,248.26401632692432,206201.83514404297,GLD,1768
2010-05-20,205053.37754171755,248.26401632692432,204805.11352539062,GLD,1768
2010-05-21,203957.22617453005,248.26401632692432,203708.96215820312,GLD,1768
2010-05-24,206821.37754171755,248.26401632692432,206573.11352539062,GLD,1768
2010-05-25,207740.7450954285,248.26401632692432,207492.48107910156,GLD,1768
2010-05-26,209703.22617453005,248.26401632692432,209454.96215820312,GLD,1768
2010-05-27,210092.18833273317,248.26401632692432,209843.92431640625,GLD,1768
2010-05-28,210428.0991603699,248.26401632692432,210179.83514404297,GLD,1768
2010-06-01,212249.1504909363,248.26401632692432,212000.88647460938,GLD,1768
2010-06-02,212019.3018581238,248.26401632692432,211771.03784179688,GLD,1768
2010-06-03,208801.54239767458,248.26401632692432,208553.27838134766,GLD,1768
2010-06-04,210976.18833273317,248.26401632692432,210727.92431640625,GLD,1768
2010-06-07,215042.58023947146,248.26401632692432,214794.31622314453,GLD,1768
2010-06-08,214176.26401632692,248.26401632692432,213928.0,GLD,1768
2010-06-09,213398.33969992067,248.26401632692432,213150.07568359375,GLD,1768
2010-06-10,210587.22617453005,248.26401632692432,210338.96215820312,GLD,1768
2010-06-11,212425.9477931824,248.26401632692432,212177.68377685547,GLD,1768
2010-06-14,211701.06131857302,248.26401632692432,211452.7973022461,GLD,1768
2010-06-15,214158.58023947146,248.26401632692432,213910.31622314453,GLD,1768
2010-06-16,212991.7072536316,248.26401632692432,212743.4432373047,GLD,1768
2010-06-17,215767.46671408083,248.26401632692432,215519.2026977539,GLD,1768
2010-06-18,217411.7072536316,248.26401632692432,217163.4432373047,GLD,1768
2010-06-21,213097.78293722536,248.26401632692432,212849.51892089844,GLD,1768
2010-06-22,214971.8586208191,248.26401632692432,214723.5946044922,GLD,1768
2010-06-23,214087.8586208191,248.26401632692432,213839.5946044922,GLD,1768
2010-06-24,214706.66941183474,248.26401632692432,214458.4053955078,GLD,1768
2010-06-25,217287.9477931824,248.26401632692432,217039.68377685547,GLD,1768
2010-06-28,214335.37754171755,248.26401632692432,214087.11352539062,GLD,1768
2010-06-29,214653.61808126833,248.26401632692432,214405.3540649414,GLD,1768
2010-06-30,215378.5045558777,248.26401632692432,215130.24053955078,GLD,1768
2010-07-01,207174.98563497927,248.26401632692432,206926.72161865234,GLD,1768
2010-07-02,209738.58023947146,248.26401632692432,209490.31622314453,GLD,1768
2010-07-06,206237.9477931824,248.26401632692432,205989.68377685547,GLD,1768
2010-07-07,208394.90995138552,248.26401632692432,208146.6459350586,GLD,1768
2010-07-08,207475.54239767458,248.26401632692432,207227.27838134766,GLD,1768
2010-07-09,209508.7450954285,248.26401632692432,209260.48107910156,GLD,1768
2010-07-12,207705.37754171755,248.26401632692432,207457.11352539062,GLD,1768
2010-07-13,209508.7450954285,248.26401632692432,209260.48107910156,GLD,1768
2010-07-14,209402.66941183474,248.26401632692432,209154.4053955078,GLD,1768
2010-07-15,209278.90995138552,248.26401632692432,209030.6459350586,GLD,1768
2010-07-16,206520.82077902224,248.26401632692432,206272.5567626953,GLD,1768
2010-07-19,204858.90995138552,248.26401632692432,204610.6459350586,GLD,1768
2010-07-20,206485.46671408083,248.26401632692432,206237.2026977539,GLD,1768
2010-07-21,205071.06131857302,248.26401632692432,204822.7973022461,GLD,1768
2010-07-22,206856.7450954285,248.26401632692432,206608.48107910156,GLD,1768
2010-07-23,205495.37754171755,248.26401632692432,205247.11352539062,GLD,1768
2010-07-26,204487.61808126833,248.26401632692432,204239.3540649414,GLD,1768
2010-07-27,200933.9477931824,248.26401632692432,200685.68377685547,GLD,1768
2010-07-28,201411.3018581238,248.26401632692432,201163.03784179688,GLD,1768
2010-07-29,202312.98563497927,248.26401632692432,202064.72161865234,GLD,1768
2010-07-30,204434.58023947146,248.26401632692432,204186.31622314453,GLD,1768
2010-08-02,204522.98563497927,248.26401632692432,204274.72161865234,GLD,1768
2010-08-03,205318.58023947146,248.26401632692432,205070.31622314453,GLD,1768
2010-08-04,206609.22617453005,248.26401632692432,206360.96215820312,GLD,1768
2010-08-05,207068.90995138552,248.26401632692432,206820.6459350586,GLD,1768
2010-08-06,208589.37754171755,248.26401632692432,208341.11352539062,GLD,1768
2010-08-09,207811.46671408083,248.26401632692432,207563.2026977539,GLD,1768
2010-08-10,208394.90995138552,248.26401632692432,208146.6459350586,GLD,1768
2010-08-11,207705.37754171755,248.26401632692432,207457.11352539062,GLD,1768
2010-08-12,210233.61808126833,248.26401632692432,209985.3540649414,GLD,1768
2010-08-13,210180.58023947146,248.26401632692432,209932.31622314453,GLD,1768
2010-08-16,211930.90995138552,248.26401632692432,211682.6459350586,GLD,1768
2010-08-17,211966.26401632692,248.26401632692432,211718.0,GLD,1768
2010-08-18,212797.22617453005,248.26401632692432,212548.96215820312,GLD,1768
2010-08-19,213097.78293722536,248.26401632692432,212849.51892089844,GLD,1768
2010-08-20,212355.22617453005,248.26401632692432,212106.96215820312,GLD,1768
2010-08-23,212019.3018581238,248.26401632692432,211771.03784179688,GLD,1768
2010-08-24,213044.7450954285,248.26401632692432,212796.48107910156,GLD,1768
2010-08-25,214812.7450954285,248.26401632692432,214564.48107910156,GLD,1768
2010-08-26,214105.54239767458,248.26401632692432,213857.27838134766,GLD,1768
2010-08-27,214193.9477931824,248.26401632692432,213945.68377685547,GLD,1768
2010-08-30,214017.1504909363,248.26401632692432,213768.88647460938,GLD,1768
2010-08-31,216085.7072536316,248.26401632692432,215837.4432373047,GLD,1768
2010-09-01,215396.18833273317,248.26401632692432,215147.92431640625,GLD,1768
2010-09-02,216456.98563497927,248.26401632692432,216208.72161865234,GLD,1768
2010-09-03,215696.7450954285,248.26401632692432,215448.48107910156,GLD,1768
2010-09-07,217181.8586208191,248.26401632692432,216933.5946044922,GLD,1768
2010-09-08,217199.54239767458,248.26401632692432,216951.27838134766,GLD,1768
2010-09-09,215166.33969992067,248.26401632692432,214918.07568359375,GLD,1768
2010-09-10,215466.90995138552,248.26401632692432,215218.6459350586,GLD,1768
2010-09-13,215272.42887228396,248.26401632692432,215024.16485595703,GLD,1768
2010-09-14,219515.61808126833,248.26401632692432,219267.3540649414,GLD,1768
2010-09-15,219374.18833273317,248.26401632692432,219125.92431640625,GLD,1768
2010-09-16,220594.0991603699,248.26401632692432,220345.83514404297,GLD,1768
2010-09-17,220434.98563497927,248.26401632692432,220186.72161865234,GLD,1768
2010-09-20,221018.42887228396,248.26401632692432,220770.16485595703,GLD,1768
2010-09-21,223033.9477931824,248.26401632692432,222785.68377685547,GLD,1768
2010-09-22,223369.8586208191,248.26401632692432,223121.5946044922,GLD,1768
2010-09-23,223546.66941183474,248.26401632692432,223298.4053955078,GLD,1768
2010-09-24,224236.18833273317,248.26401632692432,223987.92431640625,GLD,1768
2010-09-27,224289.22617453005,248.26401632692432,224040.96215820312,GLD,1768
2010-09-28,226287.06131857302,248.26401632692432,226038.7973022461,GLD,1768
2010-09-29,226463.8586208191,248.26401632692432,226215.5946044922,GLD,1768
2010-09-30,226393.1504909363,248.26401632692432,226144.88647460938,GLD,1768
2010-10-01,228161.1504909363,248.26401632692432,227912.88647460938,GLD,1768
2010-10-04,227365.5558864441,248.26401632692432,227117.2918701172,GLD,1768
2010-10-05,231838.593728241,248.26401632692432,231590.32971191406,GLD,1768
2010-10-06,233288.33969992067,248.26401632692432,233040.07568359375,GLD,1768
2010-10-07,230742.41538351442,248.26401632692432,230494.1513671875,GLD,1768
2010-10-08,233023.1504909363,248.26401632692432,232774.88647460938,GLD,1768
2010-10-11,234136.97214620974,248.26401632692432,233888.7081298828,GLD,1768
2010-10-12,233553.5558864441,248.26401632692432,233305.2918701172,GLD,1768
2010-10-13,237284.03696554567,248.26401632692432,237035.77294921875,GLD,1768
2010-10-14,238486.26401632692,248.26401632692432,238238.0,GLD,1768
2010-10-15,236594.49106710817,248.26401632692432,236346.22705078125,GLD,1768
2010-10-18,237655.3018581238,248.26401632692432,237407.03784179688,GLD,1768
2010-10-19,230282.7450954285,248.26401632692432,230034.48107910156,GLD,1768
2010-10-20,232422.03696554567,248.26401632692432,232173.77294921875,GLD,1768
2010-10-21,229151.22617453005,248.26401632692432,228902.96215820312,GLD,1768
2010-10-22,229610.896462616,248.26401632692432,229362.63244628906,GLD,1768
2010-10-25,231591.07480734255,248.26401632692432,231342.81079101562,GLD,1768
2010-10-26,231644.11264913942,248.26401632692432,231395.8486328125,GLD,1768
2010-10-27,229239.63157003786,248.26401632692432,228991.36755371094,GLD,1768
2010-10-28,232280.593728241,248.26401632692432,232032.32971191406,GLD,1768
2010-10-29,234720.41538351442,248.26401632692432,234472.1513671875,GLD,1768
2010-11-01,233482.82077902224,248.26401632692432,233234.5567626953,GLD,1768
2010-11-02,234490.593728241,248.26401632692432,234242.32971191406,GLD,1768
2010-11-03,232864.03696554567,248.26401632692432,232615.77294921875,GLD,1768
2010-11-04,240749.3018581238,248.26401632692432,240501.03784179688,GLD,1768
2010-11-05,241368.11264913942,248.26401632692432,241119.8486328125,GLD,1768
2010-11-08,243843.3018581238,248.26401632692432,243595.03784179688,GLD,1768
2010-11-09,239971.37754171755,248.26401632692432,239723.11352539062,GLD,1768
2010-11-10,242888.593728241,248.26401632692432,242640.32971191406,GLD,1768
2010-11-11,243631.1504909363,248.26401632692432,243382.88647460938,GLD,1768
2010-11-12,236612.18833273317,248.26401632692432,236363.92431640625,GLD,1768
2010-11-15,234366.82077902224,248.26401632692432,234118.5567626953,GLD,1768
2010-11-16,231803.22617453005,248.26401632692432,231554.96215820312,GLD,1768
2010-11-17,230760.11264913942,248.26401632692432,230511.8486328125,GLD,1768
2010-11-18,233783.37754171755,248.26401632692432,233535.11352539062,GLD,1768
2010-11-19,233977.8586208191,248.26401632692432,233729.5946044922,GLD,1768
2010-11-22,236240.896462616,248.26401632692432,235992.63244628906,GLD,1768
2010-11-23,237885.1504909363,248.26401632692432,237636.88647460938,GLD,1768
2010-11-24,237478.49106710817,248.26401632692432,237230.22705078125,GLD,1768
2010-11-26,235586.7450954285,248.26401632692432,235338.48107910156,GLD,1768
2010-11-29,236293.93430441286,248.26401632692432,236045.67028808594,GLD,1768
2010-11-30,239670.82077902224,248.26401632692432,239422.5567626953,GLD,1768
2010-12-01,239600.11264913942,248.26401632692432,239351.8486328125,GLD,1768
2010-12-02,239281.8586208191,248.26401632692432,239033.5946044922,GLD,1768
2010-12-03,244356.03696554567,248.26401632692432,244107.77294921875,GLD,1768
2010-12-06,246194.7450954285,248.26401632692432,245946.48107910156,GLD,1768
2010-12-07,241580.26401632692,248.26401632692432,241332.0,GLD,1768
2010-12-08,238556.97214620974,248.26401632692432,238308.7081298828,GLD,1768
2010-12-09,239582.41538351442,248.26401632692432,239334.1513671875,GLD,1768
2010-12-10,239653.1504909363,248.26401632692432,239404.88647460938,GLD,1768
2010-12-13,240784.66941183474,248.26401632692432,240536.4053955078,GLD,1768
2010-12-14,241014.49106710817,248.26401632692432,240766.22705078125,GLD,1768
2010-12-15,238397.8586208191,248.26401632692432,238149.5946044922,GLD,1768
2010-12-16,236824.33969992067,248.26401632692432,236576.07568359375,GLD,1768
2010-12-17,237513.8586208191,248.26401632692432,237265.5946044922,GLD,1768
2010-12-20,239122.7450954285,248.26401632692432,238874.48107910156,GLD,1768
2010-12-21,239494.03696554567,248.26401632692432,239245.77294921875,GLD,1768
2010-12-22,239016.66941183474,248.26401632692432,238768.4053955078,GLD,1768
2010-12-23,238327.1504909363,248.26401632692432,238078.88647460938,GLD,1768
2010-12-27,238963.63157003786,248.26401632692432,238715.36755371094,GLD,1768
2010-12-28,242853.22617453005,248.26401632692432,242604.96215820312,GLD,1768
2010-12-29,243719.5558864441,248.26401632692432,243471.2918701172,GLD,1768
2010-12-30,242517.3018581238,248.26401632692432,242269.03784179688,GLD,1768
2010-12-31,245505.22617453005,248.26401632692432,245256.96215820312,GLD,1768
2011-01-03,244232.26401632692,248.26401632692432,243984.0,GLD,1768
2011-01-04,238486.26401632692,248.26401632692432,238238.0,GLD,1768
2011-01-05,237814.41538351442,248.26401632692432,237566.1513671875,GLD,1768
2011-01-06,236859.7072536316,248.26401632692432,236611.4432373047,GLD,1768
2011-01-07,236417.7072536316,248.26401632692432,236169.4432373047,GLD,1768
2011-01-10,237372.41538351442,248.26401632692432,237124.1513671875,GLD,1768
2011-01-11,238769.1504909363,248.26401632692432,238520.88647460938,GLD,1768
2011-01-12,239741.5558864441,248.26401632692432,239493.2918701172,GLD,1768
2011-01-13,237248.66941183474,248.26401632692432,237000.4053955078,GLD,1768
2011-01-14,234844.18833273317,248.26401632692432,234595.92431640625,GLD,1768
2011-01-18,236152.49106710817,248.26401632692432,235904.22705078125,GLD,1768
2011-01-19,236665.22617453005,248.26401632692432,236416.96215820312,GLD,1768
2011-01-20,232209.8586208191,248.26401632692432,231961.5946044922,GLD,1768
2011-01-21,231909.3018581238,248.26401632692432,231661.03784179688,GLD,1768
2011-01-24,230724.7450954285,248.26401632692432,230476.48107910156,GLD,1768
2011-01-25,230265.07480734255,248.26401632692432,230016.81079101562,GLD,1768
2011-01-26,232139.1504909363,248.26401632692432,231890.88647460938,GLD,1768
2011-01-27,226428.5045558777,248.26401632692432,226180.24053955078,GLD,1768
2011-01-28,230583.3018581238,248.26401632692432,230335.03784179688,GLD,1768
2011-01-31,229858.41538351442,248.26401632692432,229610.1513671875,GLD,1768
2011-02-01,231502.66941183474,248.26401632692432,231254.4053955078,GLD,1768
2011-02-02,230883.8586208191,248.26401632692432,230635.5946044922,GLD,1768
2011-02-03,233977.8586208191,248.26401632692432,233729.5946044922,GLD,1768
2011-02-04,233023.1504909363,248.26401632692432,232774.88647460938,GLD,1768
2011-02-07,233058.49106710817,248.26401632692432,232810.22705078125,GLD,1768
2011-02-08,235639.78293722536,248.26401632692432,235391.51892089844,GLD,1768
2011-02-09,235516.03696554567,248.26401632692432,235267.77294921875,GLD,1768
2011-02-10,235127.07480734255,248.26401632692432,234878.81079101562,GLD,1768
2011-02-11,234190.03696554567,248.26401632692432,233941.77294921875,GLD,1768
2011-02-14,235303.8586208191,248.26401632692432,235055.5946044922,GLD,1768
2011-02-15,237107.22617453005,248.26401632692432,236858.96215820312,GLD,1768
2011-02-16,237337.07480734255,248.26401632692432,237088.81079101562,GLD,1768
2011-02-17,238998.97214620974,248.26401632692432,238750.7081298828,GLD,1768
2011-02-18,239653.1504909363,248.26401632692432,239404.88647460938,GLD,1768
2011-02-22,241208.97214620974,248.26401632692432,240960.7081298828,GLD,1768
2011-02-23,243365.93430441286,248.26401632692432,243117.67028808594,GLD,1768
2011-02-24,241544.896462616,248.26401632692432,241296.63244628906,GLD,1768
2011-02-25,243136.11264913942,248.26401632692432,242887.8486328125,GLD,1768
2011-02-28,243631.1504909363,248.26401632692432,243382.88647460938,GLD,1768
2011-03-01,247821.3018581238,248.26401632692432,247573.03784179688,GLD,1768
2011-03-02,247626.82077902224,248.26401632692432,247378.5567626953,GLD,1768
2011-03-03,244391.37754171755,248.26401632692432,244143.11352539062,GLD,1768
2011-03-04,246619.07480734255,248.26401632692432,246370.81079101562,GLD,1768
2011-03-07,247273.22617453005,248.26401632692432,247024.96215820312,GLD,1768
2011-03-08,246636.7450954285,248.26401632692432,246388.48107910156,GLD,1768
2011-03-09,246725.1504909363,248.26401632692432,246476.88647460938,GLD,1768
2011-03-10,243825.63157003786,248.26401632692432,243577.36755371094,GLD,1768
2011-03-11,244621.22617453005,248.26401632692432,244372.96215820312,GLD,1768
2011-03-14,245752.7450954285,248.26401632692432,245504.48107910156,GLD,1768
2011-03-15,241173.63157003786,248.26401632692432,240925.36755371094,GLD,1768
2011-03-16,241120.593728241,248.26401632692432,240872.32971191406,GLD,1768
2011-03-17,242411.22617453005,248.26401632692432,242162.96215820312,GLD,1768
2011-03-18,244886.41538351442,248.26401632692432,244638.1513671875,GLD,1768
2011-03-21,246247.78293722536,248.26401632692432,245999.51892089844,GLD,1768
2011-03-22,246088.66941183474,248.26401632692432,245840.4053955078,GLD,1768
2011-03-23,248369.37754171755,248.26401632692432,248121.11352539062,GLD,1768
2011-03-24,246389.22617453005,248.26401632692432,246140.96215820312,GLD,1768
2011-03-25,246459.93430441286,248.26401632692432,246211.67028808594,GLD,1768
2011-03-28,245186.97214620974,248.26401632692432,244938.7081298828,GLD,1768
2011-03-29,244603.5558864441,248.26401632692432,244355.2918701172,GLD,1768
2011-03-30,245416.82077902224,248.26401632692432,245168.5567626953,GLD,1768
2011-03-31,247520.7450954285,248.26401632692432,247272.48107910156,GLD,1768
2011-04-01,246353.8586208191,248.26401632692432,246105.5946044922,GLD,1768
2011-04-04,247485.37754171755,248.26401632692432,247237.11352539062,GLD,1768
2011-04-05,251392.66941183474,248.26401632692432,251144.4053955078,GLD,1768
2011-04-06,251976.11264913942,248.26401632692432,251727.8486328125,GLD,1768
2011-04-07,252205.93430441286,248.26401632692432,251957.67028808594,GLD,1768
2011-04-08,254239.1504909363,248.26401632692432,253990.88647460938,GLD,1768
2011-04-11,252435.78293722536,248.26401632692432,252187.51892089844,GLD,1768
2011-04-12,250614.7450954285,248.26401632692432,250366.48107910156,GLD,1768
2011-04-13,251127.4532253113,248.26401632692432,250879.18920898438,GLD,1768
2011-04-14,254504.33969992067,248.26401632692432,254256.07568359375,GLD,1768
2011-04-15,256696.66941183474,248.26401632692432,256448.4053955078,GLD,1768
2011-04-18,258252.49106710817,248.26401632692432,258004.22705078125,GLD,1768
2011-04-19,258252.49106710817,248.26401632692432,258004.22705078125,GLD,1768
2011-04-20,259260.26401632692,248.26401632692432,259012.0,GLD,1768
2011-04-21,259684.593728241,248.26401632692432,259436.32971191406,GLD,1768
2011-04-25,259914.41538351442,248.26401632692432,259666.1513671875,GLD,1768
2011-04-26,259048.11264913942,248.26401632692432,258799.8486328125,GLD,1768
2011-04-27,264033.8586208191,248.26401632692432,263785.5946044922,GLD,1768
2011-04-28,265130.0369655457,248.26401632692432,264881.77294921875,GLD,1768
2011-04-29,269638.4153835144,248.26401632692432,269390.1513671875,GLD,1768
2011-05-02,266173.1504909363,248.26401632692432,265924.8864746094,GLD,1768
2011-05-03,265236.1126491394,248.26401632692432,264987.8486328125,GLD,1768
2011-05-04,261434.896462616,248.26401632692432,261186.63244628906,GLD,1768
2011-05-05,253903.22617453005,248.26401632692432,253654.96215820312,GLD,1768
2011-05-06,257138.66941183474,248.26401632692432,256890.4053955078,GLD,1768
2011-05-09,260816.11264913942,248.26401632692432,260567.8486328125,GLD,1768
2011-05-10,261735.4532253113,248.26401632692432,261487.18920898438,GLD,1768
2011-05-11,259330.97214620974,248.26401632692432,259082.7081298828,GLD,1768
2011-05-12,259419.37754171755,248.26401632692432,259171.11352539062,GLD,1768
2011-05-13,257722.11264913942,248.26401632692432,257473.8486328125,GLD,1768
2011-05-16,257262.41538351442,248.26401632692432,257014.1513671875,GLD,1768
2011-05-17,256148.593728241,248.26401632692432,255900.32971191406,GLD,1768
2011-05-18,257669.07480734255,248.26401632692432,257420.81079101562,GLD,1768
2011-05-19,257757.4532253113,248.26401632692432,257509.18920898438,GLD,1768
2011-05-20,261010.593728241,248.26401632692432,260762.32971191406,GLD,1768
2011-05-23,261611.7072536316,248.26401632692432,261363.4432373047,GLD,1768
2011-05-24,262955.37754171755,248.26401632692432,262707.1135253906,GLD,1768
2011-05-25,262937.7072536316,248.26401632692432,262689.4432373047,GLD,1768
2011-05-26,262301.22617453005,248.26401632692432,262052.96215820312,GLD,1768
2011-05-27,264917.8586208191,248.26401632692432,264669.5946044922,GLD,1768
2011-05-31,264811.78293722536,248.26401632692432,264563.51892089844,GLD,1768
2011-06-01,265289.1504909363,248.26401632692432,265040.8864746094,GLD,1768
2011-06-02,264564.2640163269,248.26401632692432,264316.0,GLD,1768
2011-06-03,265837.22617453005,248.26401632692432,265588.9621582031,GLD,1768
2011-06-06,266296.896462616,248.26401632692432,266048.63244628906,GLD,1768
2011-06-07,266190.82077902224,248.26401632692432,265942.5567626953,GLD,1768
2011-06-08,265112.3396999207,248.26401632692432,264864.07568359375,GLD,1768
2011-06-09,266438.3396999207,248.26401632692432,266190.07568359375,GLD,1768
2011-06-10,264104.593728241,248.26401632692432,263856.32971191406,GLD,1768
2011-06-13,261505.63157003786,248.26401632692432,261257.36755371094,GLD,1768
2011-06-14,263096.82077902224,248.26401632692432,262848.5567626953,GLD,1768
2011-06-15,263892.4153835144,248.26401632692432,263644.1513671875,GLD,1768
2011-06-16,263627.22617453005,248.26401632692432,263378.9621582031,GLD,1768
2011-06-17,265342.1883327332,248.26401632692432,265093.92431640625,GLD,1768
2011-06-20,265501.3018581238,248.26401632692432,265253.0378417969,GLD,1768
2011-06-21,266791.93430441286,248.26401632692432,266543.67028808594,GLD,1768
2011-06-22,267198.593728241,248.26401632692432,266950.32971191406,GLD,1768
2011-06-23,262513.37754171755,248.26401632692432,262265.1135253906,GLD,1768
2011-06-24,258835.93430441286,248.26401632692432,258587.67028808594,GLD,1768
2011-06-27,257898.896462616,248.26401632692432,257650.63244628906,GLD,1768
2011-06-28,258800.593728241,248.26401632692432,258552.32971191406,GLD,1768
2011-06-29,260462.49106710817,248.26401632692432,260214.22705078125,GLD,1768
2011-06-30,258376.26401632692,248.26401632692432,258128.0,GLD,1768
2011-07-01,256484.49106710817,248.26401632692432,256236.22705078125,GLD,1768
2011-07-05,261258.11264913942,248.26401632692432,261009.8486328125,GLD,1768
2011-07-06,263521.1504909363,248.26401632692432,263272.8864746094,GLD,1768
2011-07-07,263945.4532253113,248.26401632692432,263697.1892089844,GLD,1768
2011-07-08,265890.2640163269,248.26401632692432,265642.0,GLD,1768
2011-07-11,268259.37754171755,248.26401632692432,268011.1135253906,GLD,1768
2011-07-12,270345.63157003786,248.26401632692432,270097.36755371094,GLD,1768
2011-07-13,272767.78293722536,248.26401632692432,272519.51892089844,GLD,1768
2011-07-14,273474.97214620974,248.26401632692432,273226.7081298828,GLD,1768
2011-07-15,274641.8586208191,248.26401632692432,274393.5946044922,GLD,1768
2011-07-18,277064.0369655457,248.26401632692432,276815.77294921875,GLD,1768
2011-07-19,273687.1504909363,248.26401632692432,273438.8864746094,GLD,1768
2011-07-20,276091.63157003786,248.26401632692432,275843.36755371094,GLD,1768
2011-07-21,273987.7072536316,248.26401632692432,273739.4432373047,GLD,1768
2011-07-22,276268.4153835144,248.26401632692432,276020.1513671875,GLD,1768
2011-07-25,278425.37754171755,248.26401632692432,278177.1135253906,GLD,1768
2011-07-26,279185.63157003786,248.26401632692432,278937.36755371094,GLD,1768
2011-07-27,278160.1883327332,248.26401632692432,277911.92431640625,GLD,1768
2011-07-28,278390.0369655457,248.26401632692432,278141.77294921875,GLD,1768
2011-07-29,280104.97214620974,248.26401632692432,279856.7081298828,GLD,1768
2011-08-01,279097.22617453005,248.26401632692432,278848.9621582031,GLD,1768
2011-08-02,285815.63157003786,248.26401632692432,285567.36755371094,GLD,1768
2011-08-03,285762.593728241,248.26401632692432,285514.32971191406,GLD,1768
2011-08-04,284259.78293722536,248.26401632692432,284011.51892089844,GLD,1768
2011-08-05,286222.2640163269,248.26401632692432,285974.0,GLD,1768
2011-08-08,295716.4153835144,248.26401632692432,295468.1513671875,GLD,1768
2011-08-09,298350.7450954285,248.26401632692432,298102.48107910156,GLD,1768
2011-08-10,308905.7072536316,248.26401632692432,308657.4432373047,GLD,1768
2011-08-11,302134.2640163269,248.26401632692432,301886.0,GLD,1768
2011-08-12,300755.22617453005,248.26401632692432,300506.9621582031,GLD,1768
2011-08-15,303990.66941183474,248.26401632692432,303742.4053955078,GLD,1768
2011-08-16,307738.82077902224,248.26401632692432,307490.5567626953,GLD,1768
2011-08-17,308622.82077902224,248.26401632692432,308374.5567626953,GLD,1768
2011-08-18,314457.22617453005,248.26401632692432,314208.9621582031,GLD,1768
2011-08-19,318399.8586208191,248.26401632692432,318151.5946044922,GLD,1768
2011-08-22,326603.37754171755,248.26401632692432,326355.1135253906,GLD,1768
2011-08-23,314368.82077902224,248.26401632692432,314120.5567626953,GLD,1768
2011-08-24,303725.4532253113,248.26401632692432,303477.1892089844,GLD,1768
2011-08-25,304980.7450954285,248.26401632692432,304732.48107910156,GLD,1768
2011-08-26,314015.22617453005,248.26401632692432,313766.9621582031,GLD,1768
2011-08-29,307685.78293722536,248.26401632692432,307437.51892089844,GLD,1768
2011-08-30,316897.07480734255,248.26401632692432,316648.8107910156,GLD,1768
2011-08-31,314457.22617453005,248.26401632692432,314208.9621582031,GLD,1768
2011-09-01,314722.4153835144,248.26401632692432,314474.1513671875,GLD,1768
2011-09-02,324216.593728241,248.26401632692432,323968.32971191406,GLD,1768
2011-09-06,323615.4532253113,248.26401632692432,323367.1892089844,GLD,1768
2011-09-07,313325.7072536316,248.26401632692432,313077.4432373047,GLD,1768
2011-09-08,321688.3396999207,248.26401632692432,321440.07568359375,GLD,1768
2011-09-09,319725.8586208191,248.26401632692432,319477.5946044922,GLD,1768
2011-09-12,312600.82077902224,248.26401632692432,312352.5567626953,GLD,1768
2011-09-13,315906.97214620974,248.26401632692432,315658.7081298828,GLD,1768
2011-09-14,313555.5558864441,248.26401632692432,313307.2918701172,GLD,1768
2011-09-15,308587.4532253113,248.26401632692432,308339.1892089844,GLD,1768
2011-09-16,311469.3018581238,248.26401632692432,311221.0378417969,GLD,1768
2011-09-19,306660.3396999207,248.26401632692432,306412.07568359375,GLD,1768
2011-09-20,311027.3018581238,248.26401632692432,310779.0378417969,GLD,1768
2011-09-21,307155.37754171755,248.26401632692432,306907.1135253906,GLD,1768
2011-09-22,299128.66941183474,248.26401632692432,298880.4053955078,GLD,1768
2011-09-23,282774.66941183474,248.26401632692432,282526.4053955078,GLD,1768
2011-09-26,278849.7072536316,248.26401632692432,278601.4432373047,GLD,1768
2011-09-27,284242.1126491394,248.26401632692432,283993.8486328125,GLD,1768
2011-09-28,276445.22617453005,248.26401632692432,276196.9621582031,GLD,1768
2011-09-29,279061.8586208191,248.26401632692432,278813.5946044922,GLD,1768
2011-09-30,279698.3396999207,248.26401632692432,279450.07568359375,GLD,1768
2011-10-03,284825.5558864441,248.26401632692432,284577.2918701172,GLD,1768
2011-10-04,278955.78293722536,248.26401632692432,278707.51892089844,GLD,1768
2011-10-05,282173.5558864441,248.26401632692432,281925.2918701172,GLD,1768
2011-10-06,283994.593728241,248.26401632692432,283746.32971191406,GLD,1768
2011-10-07,281678.4910671082,248.26401632692432,281430.22705078125,GLD,1768
2011-10-10,288909.63157003786,248.26401632692432,288661.36755371094,GLD,1768
2011-10-11,286841.07480734255,248.26401632692432,286592.8107910156,GLD,1768
2011-10-12,288891.93430441286,248.26401632692432,288643.67028808594,GLD,1768
2011-10-13,287194.66941183474,248.26401632692432,286946.4053955078,GLD,1768
2011-10-14,289139.4532253113,248.26401632692432,288891.1892089844,GLD,1768
2011-10-17,287760.4153835144,248.26401632692432,287512.1513671875,GLD,1768
2011-10-18,286381.37754171755,248.26401632692432,286133.1135253906,GLD,1768
2011-10-19,282898.4153835144,248.26401632692432,282650.1513671875,GLD,1768
2011-10-20,279185.63157003786,248.26401632692432,278937.36755371094,GLD,1768
2011-10-21,282279.63157003786,248.26401632692432,282031.36755371094,GLD,1768
2011-10-24,284931.63157003786,248.26401632692432,284683.36755371094,GLD,1768
2011-10-25,293011.37754171755,248.26401632692432,292763.1135253906,GLD,1768
2011-10-26,296211.4532253113,248.26401632692432,295963.1892089844,GLD,1768
2011-10-27,300012.66941183474,248.26401632692432,299764.4053955078,GLD,1768
2011-10-28,300136.4153835144,248.26401632692432,299888.1513671875,GLD,1768
2011-10-31,296105.37754171755,248.26401632692432,295857.1135253906,GLD,1768
2011-11-01,296176.1126491394,248.26401632692432,295927.8486328125,GLD,1768
2011-11-02,299146.3396999207,248.26401632692432,298898.07568359375,GLD,1768
2011-11-03,303849.22617453005,248.26401632692432,303600.9621582031,GLD,1768
2011-11-04,302311.07480734255,248.26401632692432,302062.8107910156,GLD,1768
2011-11-07,309612.896462616,248.26401632692432,309364.63244628906,GLD,1768
2011-11-08,307049.3018581238,248.26401632692432,306801.0378417969,GLD,1768
2011-11-09,304468.0369655457,248.26401632692432,304219.77294921875,GLD,1768
2011-11-10,302823.78293722536,248.26401632692432,302575.51892089844,GLD,1768
2011-11-11,307809.5558864441,248.26401632692432,307561.2918701172,GLD,1768
2011-11-14,306465.8586208191,248.26401632692432,306217.5946044922,GLD,1768
2011-11-15,306748.7450954285,248.26401632692432,306500.48107910156,GLD,1768
2011-11-16,303477.93430441286,248.26401632692432,303229.67028808594,GLD,1768
2011-11-17,295681.07480734255,248.26401632692432,295432.8107910156,GLD,1768
2011-11-18,296600.4153835144,248.26401632692432,296352.1513671875,GLD,1768
2011-11-21,289316.2640163269,248.26401632692432,289068.0,GLD,1768
2011-11-22,292516.3396999207,248.26401632692432,292268.07568359375,GLD,1768
2011-11-23,291667.7072536316,248.26401632692432,291419.4432373047,GLD,1768
2011-11-25,289139.4532253113,248.26401632692432,288891.1892089844,GLD,1768
2011-11-28,294850.1126491394,248.26401632692432,294601.8486328125,GLD,1768
2011-11-29,295292.1126491394,248.26401632692432,295043.8486328125,GLD,1768
2011-11-30,301038.1126491394,248.26401632692432,300789.8486328125,GLD,1768
2011-12-01,300154.1126491394,248.26401632692432,299905.8486328125,GLD,1768
2011-12-02,300490.0369655457,248.26401632692432,300241.77294921875,GLD,1768
2011-12-05,296070.0369655457,248.26401632692432,295821.77294921875,GLD,1768
2011-12-06,297590.4910671082,248.26401632692432,297342.22705078125,GLD,1768
2011-12-07,299747.4532253113,248.26401632692432,299499.1892089844,GLD,1768
2011-12-08,293700.896462616,248.26401632692432,293452.63244628906,GLD,1768
2011-12-09,294443.4532253113,248.26401632692432,294195.1892089844,GLD,1768
2011-12-12,286646.593728241,248.26401632692432,286398.32971191406,GLD,1768
2011-12-13,280387.8586208191,248.26401632692432,280139.5946044922,GLD,1768
2011-12-14,270557.78293722536,248.26401632692432,270309.51892089844,GLD,1768
2011-12-15,269567.7072536316,248.26401632692432,269319.4432373047,GLD,1768
2011-12-16,274694.896462616,248.26401632692432,274446.63244628906,GLD,1768
2011-12-19,274058.4153835144,248.26401632692432,273810.1513671875,GLD,1768
2011-12-20,277788.896462616,248.26401632692432,277540.63244628906,GLD,1768
2011-12-21,278107.1504909363,248.26401632692432,277858.8864746094,GLD,1768
2011-12-22,276126.97214620974,248.26401632692432,275878.7081298828,GLD,1768
2011-12-23,276604.3396999207,248.26401632692432,276356.07568359375,GLD,1768
2011-12-27,274129.1504909363,248.26401632692432,273880.8864746094,GLD,1768
2011-12-28,267269.3018581238,248.26401632692432,267021.0378417969,GLD,1768
2011-12-29,266049.37754171755,248.26401632692432,265801.1135253906,GLD,1768
2011-12-30,268966.593728241,248.26401632692432,268718.32971191406,GLD,1768
2012-01-03,275914.82077902224,248.26401632692432,275666.5567626953,GLD,1768
2012-01-04,277311.5558864441,248.26401632692432,277063.2918701172,GLD,1768
2012-01-05,279203.3018581238,248.26401632692432,278955.0378417969,GLD,1768
2012-01-06,278177.8586208191,248.26401632692432,277929.5946044922,GLD,1768
2012-01-09,276940.2640163269,248.26401632692432,276692.0,GLD,1768
2012-01-10,280723.78293722536,248.26401632692432,280475.51892089844,GLD,1768
2012-01-11,282544.82077902224,248.26401632692432,282296.5567626953,GLD,1768
2012-01-12,283800.1126491394,248.26401632692432,283551.8486328125,GLD,1768
2012-01-13,281819.93430441286,248.26401632692432,281571.67028808594,GLD,1768
2012-01-17,284012.2640163269,248.26401632692432,283764.0,GLD,1768
2012-01-18,285957.07480734255,248.26401632692432,285708.8107910156,GLD,1768
2012-01-19,285285.22617453005,248.26401632692432,285036.9621582031,GLD,1768
2012-01-20,286788.0369655457,248.26401632692432,286539.77294921875,GLD,1768
2012-01-23,288715.1504909363,248.26401632692432,288466.8864746094,GLD,1768
2012-01-24,286681.93430441286,248.26401632692432,286433.67028808594,GLD,1768
2012-01-25,294478.82077902224,248.26401632692432,294230.5567626953,GLD,1768
2012-01-26,295981.63157003786,248.26401632692432,295733.36755371094,GLD,1768
2012-01-27,298987.22617453005,248.26401632692432,298738.9621582031,GLD,1768
2012-01-30,297325.3018581238,248.26401632692432,297077.0378417969,GLD,1768
2012-01-31,299588.3396999207,248.26401632692432,299340.07568359375,GLD,1768
2012-02-01,300030.3396999207,248.26401632692432,299782.07568359375,GLD,1768
2012-02-02,302664.66941183474,248.26401632692432,302416.4053955078,GLD,1768
2012-02-03,296635.78293722536,248.26401632692432,296387.51892089844,GLD,1768
2012-02-06,295822.4910671082,248.26401632692432,295574.22705078125,GLD,1768
2012-02-07,300277.8586208191,248.26401632692432,300029.5946044922,GLD,1768
2012-02-08,298156.2640163269,248.26401632692432,297908.0,GLD,1768
2012-02-09,297307.63157003786,248.26401632692432,297059.36755371094,GLD,1768
2012-02-10,295751.78293722536,248.26401632692432,295503.51892089844,GLD,1768
2012-02-13,296405.93430441286,248.26401632692432,296157.67028808594,GLD,1768
2012-02-14,295716.4153835144,248.26401632692432,295468.1513671875,GLD,1768
2012-02-15,297466.7450954285,248.26401632692432,297218.48107910156,GLD,1768
2012-02-16,297272.2640163269,248.26401632692432,297024.0,GLD,1768
2012-02-17,296123.07480734255,248.26401632692432,295874.8107910156,GLD,1768
2012-02-21,302611.63157003786,248.26401632692432,302363.36755371094,GLD,1768
2012-02-22,306006.1883327332,248.26401632692432,305757.92431640625,GLD,1768
2012-02-23,306147.63157003786,248.26401632692432,305899.36755371094,GLD,1768
2012-02-24,304750.896462616,248.26401632692432,304502.63244628906,GLD,1768
2012-02-27,303813.8586208191,248.26401632692432,303565.5946044922,GLD,1768
2012-02-28,306978.593728241,248.26401632692432,306730.32971191406,GLD,1768
2012-02-29,290712.97214620974,248.26401632692432,290464.7081298828,GLD,1768
2012-03-01,294814.7450954285,248.26401632692432,294566.48107910156,GLD,1768
2012-03-02,294337.37754171755,248.26401632692432,294089.1135253906,GLD,1768
2012-03-05,293117.4532253113,248.26401632692432,292869.1892089844,GLD,1768
2012-03-06,287901.8586208191,248.26401632692432,287653.5946044922,GLD,1768
2012-03-07,289546.1126491394,248.26401632692432,289297.8486328125,GLD,1768
2012-03-08,292463.3018581238,248.26401632692432,292215.0378417969,GLD,1768
2012-03-09,294408.1126491394,248.26401632692432,294159.8486328125,GLD,1768
2012-03-12,292092.0369655457,248.26401632692432,291843.77294921875,GLD,1768
2012-03-13,287194.66941183474,248.26401632692432,286946.4053955078,GLD,1768
2012-03-14,282368.0369655457,248.26401632692432,282119.77294921875,GLD,1768
2012-03-15,285037.7072536316,248.26401632692432,284789.4432373047,GLD,1768
2012-03-16,285426.66941183474,248.26401632692432,285178.4053955078,GLD,1768
2012-03-19,285939.37754171755,248.26401632692432,285691.1135253906,GLD,1768
2012-03-20,283358.1126491394,248.26401632692432,283109.8486328125,GLD,1768
2012-03-21,283499.5558864441,248.26401632692432,283251.2918701172,GLD,1768
2012-03-22,282368.0369655457,248.26401632692432,282119.77294921875,GLD,1768
2012-03-23,285833.3018581238,248.26401632692432,285585.0378417969,GLD,1768
2012-03-26,290907.4532253113,248.26401632692432,290659.1892089844,GLD,1768
2012-03-27,288856.593728241,248.26401632692432,288608.32971191406,GLD,1768
2012-03-28,285797.93430441286,248.26401632692432,285549.67028808594,GLD,1768
2012-03-29,285391.3018581238,248.26401632692432,285143.0378417969,GLD,1768
2012-03-30,286876.4153835144,248.26401632692432,286628.1513671875,GLD,1768
2012-04-02,288326.1883327332,248.26401632692432,288077.92431640625,GLD,1768
2012-04-03,282933.78293722536,248.26401632692432,282685.51892089844,GLD,1768
2012-04-04,278195.5558864441,248.26401632692432,277947.2918701172,GLD,1768
2012-04-05,280140.3396999207,248.26401632692432,279892.07568359375,GLD,1768
2012-04-09,282014.4153835144,248.26401632692432,281766.1513671875,GLD,1768
2012-04-10,285073.07480734255,248.26401632692432,284824.8107910156,GLD,1768
2012-04-11,285020.0369655457,248.26401632692432,284771.77294921875,GLD,1768
2012-04-12,287901.8586208191,248.26401632692432,287653.5946044922,GLD,1768
2012-04-13,284631.07480734255,248.26401632692432,284382.8107910156,GLD,1768
2012-04-16,283941.5558864441,248.26401632692432,283693.2918701172,GLD,1768
2012-04-17,283570.2640163269,248.26401632692432,283322.0,GLD,1768
2012-04-18,281908.3396999207,248.26401632692432,281660.07568359375,GLD,1768
2012-04-19,282120.4910671082,248.26401632692432,281872.22705078125,GLD,1768
2012-04-20,282314.97214620974,248.26401632692432,282066.7081298828,GLD,1768
2012-04-23,281484.0369655457,248.26401632692432,281235.77294921875,GLD,1768
2012-04-24,281890.66941183474,248.26401632692432,281642.4053955078,GLD,1768
2012-04-25,282456.4153835144,248.26401632692432,282208.1513671875,GLD,1768
2012-04-26,284949.3018581238,248.26401632692432,284701.0378417969,GLD,1768
2012-04-27,285568.1126491394,248.26401632692432,285319.8486328125,GLD,1768
2012-04-30,286452.1126491394,248.26401632692432,286203.8486328125,GLD,1768
2012-05-01,285462.0369655457,248.26401632692432,285213.77294921875,GLD,1768
2012-05-02,284171.37754171755,248.26401632692432,283923.1135253906,GLD,1768
2012-05-03,281307.22617453005,248.26401632692432,281058.9621582031,GLD,1768
2012-05-04,282191.22617453005,248.26401632692432,281942.9621582031,GLD,1768
2012-05-07,281501.7072536316,248.26401632692432,281253.4432373047,GLD,1768
2012-05-08,276056.2640163269,248.26401632692432,275808.0,GLD,1768
2012-05-09,273351.22617453005,248.26401632692432,273102.9621582031,GLD,1768
2012-05-10,273881.63157003786,248.26401632692432,273633.36755371094,GLD,1768
2012-05-11,271742.3396999207,248.26401632692432,271494.07568359375,GLD,1768
2012-05-14,267799.7072536316,248.26401632692432,267551.4432373047,GLD,1768
2012-05-15,264988.593728241,248.26401632692432,264740.32971191406,GLD,1768
2012-05-16,264493.5558864441,248.26401632692432,264245.2918701172,GLD,1768
2012-05-17,270398.66941183474,248.26401632692432,270150.4053955078,GLD,1768
2012-05-18,273492.66941183474,248.26401632692432,273244.4053955078,GLD,1768
2012-05-21,273669.4532253113,248.26401632692432,273421.1892089844,GLD,1768
2012-05-22,269125.7072536316,248.26401632692432,268877.4432373047,GLD,1768
2012-05-23,268312.4153835144,248.26401632692432,268064.1513671875,GLD,1768
2012-05-24,267941.1504909363,248.26401632692432,267692.8864746094,GLD,1768
2012-05-25,270186.4910671082,248.26401632692432,269938.22705078125,GLD,1768
2012-05-29,267251.63157003786,248.26401632692432,267003.36755371094,GLD,1768
2012-05-30,268825.1504909363,248.26401632692432,268576.8864746094,GLD,1768
2012-05-31,268312.4153835144,248.26401632692432,268064.1513671875,GLD,1768
2012-06-01,278708.2640163269,248.26401632692432,278460.0,GLD,1768
2012-06-04,278390.0369655457,248.26401632692432,278141.77294921875,GLD,1768
2012-06-05,278071.78293722536,248.26401632692432,277823.51892089844,GLD,1768
2012-06-06,278195.5558864441,248.26401632692432,277947.2918701172,GLD,1768
2012-06-07,273404.2640163269,248.26401632692432,273156.0,GLD,1768
2012-06-08,273810.896462616,248.26401632692432,273562.63244628906,GLD,1768
2012-06-11,274924.7450954285,248.26401632692432,274676.48107910156,GLD,1768
2012-06-12,276869.5558864441,248.26401632692432,276621.2918701172,GLD,1768
2012-06-13,278036.4153835144,248.26401632692432,277788.1513671875,GLD,1768
2012-06-14,279150.2640163269,248.26401632692432,278902.0,GLD,1768
2012-06-15,279309.37754171755,248.26401632692432,279061.1135253906,GLD,1768
2012-06-18,279468.4910671082,248.26401632692432,279220.22705078125,GLD,1768
2012-06-19,278107.1504909363,248.26401632692432,277858.8864746094,GLD,1768
2012-06-20,276003.22617453005,248.26401632692432,275754.9621582031,GLD,1768
2012-06-21,269019.63157003786,248.26401632692432,268771.36755371094,GLD,1768
2012-06-22,270115.78293722536,248.26401632692432,269867.51892089844,GLD,1768
2012-06-25,272095.93430441286,248.26401632692432,271847.67028808594,GLD,1768
2012-06-26,270080.4153835144,248.26401632692432,269832.1513671875,GLD,1768
2012-06-27,270451.7072536316,248.26401632692432,270203.4432373047,GLD,1768
2012-06-28,267304.66941183474,248.26401632692432,267056.4053955078,GLD,1768
2012-06-29,274624.1883327332,248.26401632692432,274375.92431640625,GLD,1768
2012-07-02,274447.37754171755,248.26401632692432,274199.1135253906,GLD,1768
2012-07-03,278637.5558864441,248.26401632692432,278389.2918701172,GLD,1768
2012-07-05,275490.4910671082,248.26401632692432,275242.22705078125,GLD,1768
2012-07-06,272007.5558864441,248.26401632692432,271759.2918701172,GLD,1768
2012-07-09,272590.97214620974,248.26401632692432,272342.7081298828,GLD,1768
2012-07-10,269249.4532253113,248.26401632692432,269001.1892089844,GLD,1768
2012-07-11,270734.593728241,248.26401632692432,270486.32971191406,GLD,1768
2012-07-12,270027.37754171755,248.26401632692432,269779.1135253906,GLD,1768
2012-07-13,272767.78293722536,248.26401632692432,272519.51892089844,GLD,1768
2012-07-16,272891.5558864441,248.26401632692432,272643.2918701172,GLD,1768
2012-07-17,271583.22617453005,248.26401632692432,271334.9621582031,GLD,1768
2012-07-18,270840.66941183474,248.26401632692432,270592.4053955078,GLD,1768
2012-07-19,271424.1126491394,248.26401632692432,271175.8486328125,GLD,1768
2012-07-20,271936.82077902224,248.26401632692432,271688.5567626953,GLD,1768
2012-07-23,270805.3018581238,248.26401632692432,270557.0378417969,GLD,1768
2012-07-24,271671.63157003786,248.26401632692432,271423.36755371094,GLD,1768
2012-07-25,275472.82077902224,248.26401632692432,275224.5567626953,GLD,1768
2012-07-26,277417.63157003786,248.26401632692432,277169.36755371094,GLD,1768
2012-07-27,278778.97214620974,248.26401632692432,278530.7081298828,GLD,1768
2012-07-30,278584.4910671082,248.26401632692432,278336.22705078125,GLD,1768
2012-07-31,276922.593728241,248.26401632692432,276674.32971191406,GLD,1768
2012-08-01,274535.78293722536,248.26401632692432,274287.51892089844,GLD,1768
2012-08-02,272750.1126491394,248.26401632692432,272501.8486328125,GLD,1768
2012-08-03,275260.66941183474,248.26401632692432,275012.4053955078,GLD,1768
2012-08-06,276586.66941183474,248.26401632692432,276338.4053955078,GLD,1768
2012-08-07,276551.3018581238,248.26401632692432,276303.0378417969,GLD,1768
2012-08-08,276904.896462616,248.26401632692432,276656.63244628906,GLD,1768
2012-08-09,277806.593728241,248.26401632692432,277558.32971191406,GLD,1768
2012-08-10,278142.4910671082,248.26401632692432,277894.22705078125,GLD,1768
2012-08-13,276038.593728241,248.26401632692432,275790.32971191406,GLD,1768
2012-08-14,274518.1126491394,248.26401632692432,274269.8486328125,GLD,1768
2012-08-15,275402.1126491394,248.26401632692432,275153.8486328125,GLD,1768
2012-08-16,277046.3396999207,248.26401632692432,276798.07568359375,GLD,1768
2012-08-17,277329.22617453005,248.26401632692432,277080.9621582031,GLD,1768
2012-08-20,278283.93430441286,248.26401632692432,278035.67028808594,GLD,1768
2012-08-21,281059.7072536316,248.26401632692432,280811.4432373047,GLD,1768
2012-08-22,284082.97214620974,248.26401632692432,283834.7081298828,GLD,1768
2012-08-23,286469.78293722536,248.26401632692432,286221.51892089844,GLD,1768
2012-08-24,286611.22617453005,248.26401632692432,286362.9621582031,GLD,1768
2012-08-27,285532.7450954285,248.26401632692432,285284.48107910156,GLD,1768
2012-08-28,286027.78293722536,248.26401632692432,285779.51892089844,GLD,1768
2012-08-29,284171.37754171755,248.26401632692432,283923.1135253906,GLD,1768
2012-08-30,284047.63157003786,248.26401632692432,283799.36755371094,GLD,1768
2012-08-31,290589.22617453005,248.26401632692432,290340.9621582031,GLD,1768
2012-09-04,291048.896462616,248.26401632692432,290800.63244628906,GLD,1768
2012-09-05,290748.3396999207,248.26401632692432,290500.07568359375,GLD,1768
2012-09-06,291773.78293722536,248.26401632692432,291525.51892089844,GLD,1768
2012-09-07,298050.1883327332,248.26401632692432,297801.92431640625,GLD,1768
2012-09-10,296016.97214620974,248.26401632692432,295768.7081298828,GLD,1768
2012-09-11,297095.4532253113,248.26401632692432,296847.1892089844,GLD,1768
2012-09-12,297130.82077902224,248.26401632692432,296882.5567626953,GLD,1768
2012-09-13,303124.3396999207,248.26401632692432,302876.07568359375,GLD,1768
2012-09-14,303990.66941183474,248.26401632692432,303742.4053955078,GLD,1768
2012-09-17,301515.4532253113,248.26401632692432,301267.1892089844,GLD,1768
2012-09-18,303849.22617453005,248.26401632692432,303600.9621582031,GLD,1768
2012-09-19,303884.593728241,248.26401632692432,303636.32971191406,GLD,1768
2012-09-20,303407.22617453005,248.26401632692432,303158.9621582031,GLD,1768
2012-09-21,304273.5558864441,248.26401632692432,304025.2918701172,GLD,1768
2012-09-24,302664.66941183474,248.26401632692432,302416.4053955078,GLD,1768
2012-09-25,302169.63157003786,248.26401632692432,301921.36755371094,GLD,1768
2012-09-26,300472.3396999207,248.26401632692432,300224.07568359375,GLD,1768
2012-09-27,304945.37754171755,248.26401632692432,304697.1135253906,GLD,1768
2012-09-28,304149.78293722536,248.26401632692432,303901.51892089844,GLD,1768
2012-10-01,304856.97214620974,248.26401632692432,304608.7081298828,GLD,1768
2012-10-02,304521.07480734255,248.26401632692432,304272.8107910156,GLD,1768
2012-10-03,305069.1504909363,248.26401632692432,304820.8864746094,GLD,1768
2012-10-04,307190.7450954285,248.26401632692432,306942.48107910156,GLD,1768
2012-10-05,305440.4153835144,248.26401632692432,305192.1513671875,GLD,1768
2012-10-08,304432.66941183474,248.26401632692432,304184.4053955078,GLD,1768
2012-10-09,302558.593728241,248.26401632692432,302310.32971191406,GLD,1768
2012-10-10,302293.37754171755,248.26401632692432,302045.1135253906,GLD,1768
2012-10-11,303142.0369655457,248.26401632692432,302893.77294921875,GLD,1768
2012-10-12,300914.3396999207,248.26401632692432,300666.07568359375,GLD,1768
2012-10-15,297891.07480734255,248.26401632692432,297642.8107910156,GLD,1768
2012-10-16,299782.82077902224,248.26401632692432,299534.5567626953,GLD,1768
2012-10-17,299994.97214620974,248.26401632692432,299746.7081298828,GLD,1768
2012-10-18,298668.97214620974,248.26401632692432,298420.7081298828,GLD,1768
2012-10-19,295451.22617453005,248.26401632692432,295202.9621582031,GLD,1768
2012-10-22,296529.7072536316,248.26401632692432,296281.4432373047,GLD,1768
2012-10-23,292728.4910671082,248.26401632692432,292480.22705078125,GLD,1768
2012-10-24,291720.7450954285,248.26401632692432,291472.48107910156,GLD,1768
2012-10-25,293771.63157003786,248.26401632692432,293523.36755371094,GLD,1768
2012-10-26,293612.4910671082,248.26401632692432,293364.22705078125,GLD,1768
2012-10-31,295203.7072536316,248.26401632692432,294955.4432373047,GLD,1768
2012-11-01,293860.0369655457,248.26401632692432,293611.77294921875,GLD,1768
2012-11-02,287725.07480734255,248.26401632692432,287476.8107910156,GLD,1768
2012-11-05,288838.896462616,248.26401632692432,288590.63244628906,GLD,1768
2012-11-06,294266.66941183474,248.26401632692432,294018.4053955078,GLD,1768
2012-11-07,294602.593728241,248.26401632692432,294354.32971191406,GLD,1768
2012-11-08,297254.593728241,248.26401632692432,297006.32971191406,GLD,1768
2012-11-09,296954.0369655457,248.26401632692432,296705.77294921875,GLD,1768
2012-11-12,296299.8586208191,248.26401632692432,296051.5946044922,GLD,1768
2012-11-13,295681.07480734255,248.26401632692432,295432.8107910156,GLD,1768
2012-11-14,295751.78293722536,248.26401632692432,295503.51892089844,GLD,1768
2012-11-15,293895.37754171755,248.26401632692432,293647.1135253906,GLD,1768
2012-11-16,293524.1126491394,248.26401632692432,293275.8486328125,GLD,1768
2012-11-19,297042.4153835144,248.26401632692432,296794.1513671875,GLD,1768
2012-11-20,296193.78293722536,248.26401632692432,295945.51892089844,GLD,1768
2012-11-21,296494.3396999207,248.26401632692432,296246.07568359375,GLD,1768
2012-11-23,300118.7450954285,248.26401632692432,299870.48107910156,GLD,1768
2012-11-26,299800.4910671082,248.26401632692432,299552.22705078125,GLD,1768
2012-11-27,298527.5558864441,248.26401632692432,298279.2918701172,GLD,1768
2012-11-28,294708.66941183474,248.26401632692432,294460.4053955078,GLD,1768
2012-11-29,295822.4910671082,248.26401632692432,295574.22705078125,GLD,1768
2012-11-30,293824.66941183474,248.26401632692432,293576.4053955078,GLD,1768
2012-12-03,293966.1126491394,248.26401632692432,293717.8486328125,GLD,1768
2012-12-04,290942.82077902224,248.26401632692432,290694.5567626953,GLD,1768
2012-12-05,290412.4153835144,248.26401632692432,290164.1513671875,GLD,1768
2012-12-06,291084.2640163269,248.26401632692432,290836.0,GLD,1768
2012-12-07,292251.1504909363,248.26401632692432,292002.8864746094,GLD,1768
2012-12-10,293382.66941183474,248.26401632692432,293134.4053955078,GLD,1768
2012-12-11,293117.4532253113,248.26401632692432,292869.1892089844,GLD,1768
2012-12-12,293329.63157003786,248.26401632692432,293081.36755371094,GLD,1768
2012-12-13,290854.4153835144,248.26401632692432,290606.1513671875,GLD,1768
2012-12-14,290430.1126491394,248.26401632692432,290181.8486328125,GLD,1768
2012-12-17,290978.1883327332,248.26401632692432,290729.92431640625,GLD,1768
2012-12-18,286805.7072536316,248.26401632692432,286557.4432373047,GLD,1768
2012-12-19,286116.1883327332,248.26401632692432,285867.92431640625,GLD,1768
2012-12-20,282650.896462616,248.26401632692432,282402.63244628906,GLD,1768
2012-12-21,283711.7072536316,248.26401632692432,283463.4432373047,GLD,1768
2012-12-24,284224.4153835144,248.26401632692432,283976.1513671875,GLD,1768
2012-12-26,284507.3018581238,248.26401632692432,284259.0378417969,GLD,1768
2012-12-27,285179.1504909363,248.26401632692432,284930.8864746094,GLD,1768
2012-12-28,284082.97214620974,248.26401632692432,283834.7081298828,GLD,1768
2012-12-31,286699.63157003786,248.26401632692432,286451.36755371094,GLD,1768
2013-01-02,288732.82077902224,248.26401632692432,288484.5567626953,GLD,1768
2013-01-03,285249.8586208191,248.26401632692432,285001.5946044922,GLD,1768
2013-01-04,283906.1883327332,248.26401632692432,283657.92431640625,GLD,1768
2013-01-07,282120.4910671082,248.26401632692432,281872.22705078125,GLD,1768
2013-01-08,284118.3396999207,248.26401632692432,283870.07568359375,GLD,1768
2013-01-09,283994.593728241,248.26401632692432,283746.32971191406,GLD,1768
2013-01-10,286628.896462616,248.26401632692432,286380.63244628906,GLD,1768
2013-01-11,285002.3396999207,248.26401632692432,284754.07568359375,GLD,1768
2013-01-14,285850.97214620974,248.26401632692432,285602.7081298828,GLD,1768
2013-01-15,287654.3396999207,248.26401632692432,287406.07568359375,GLD,1768
2013-01-16,287813.4532253113,248.26401632692432,287565.1892089844,GLD,1768
2013-01-17,289051.07480734255,248.26401632692432,288802.8107910156,GLD,1768
2013-01-18,288591.37754171755,248.26401632692432,288343.1135253906,GLD,1768
2013-01-22,289616.82077902224,248.26401632692432,289368.5567626953,GLD,1768
2013-01-23,288803.5558864441,248.26401632692432,288555.2918701172,GLD,1768
2013-01-24,285638.82077902224,248.26401632692432,285390.5567626953,GLD,1768
2013-01-25,284277.4532253113,248.26401632692432,284029.1892089844,GLD,1768
2013-01-28,283640.97214620974,248.26401632692432,283392.7081298828,GLD,1768
2013-01-29,284878.593728241,248.26401632692432,284630.32971191406,GLD,1768
2013-01-30,287000.1883327332,248.26401632692432,286751.92431640625,GLD,1768
2013-01-31,285249.8586208191,248.26401632692432,285001.5946044922,GLD,1768
2013-02-01,285691.8586208191,248.26401632692432,285443.5946044922,GLD,1768
2013-02-04,286664.2640163269,248.26401632692432,286416.0,GLD,1768
2013-02-05,286593.5558864441,248.26401632692432,286345.2918701172,GLD,1768
2013-02-06,287353.78293722536,248.26401632692432,287105.51892089844,GLD,1768
2013-02-07,286381.37754171755,248.26401632692432,286133.1135253906,GLD,1768
2013-02-08,285904.0369655457,248.26401632692432,285655.77294921875,GLD,1768
2013-02-11,282597.8586208191,248.26401632692432,282349.5946044922,GLD,1768
2013-02-12,282933.78293722536,248.26401632692432,282685.51892089844,GLD,1768
2013-02-13,281448.66941183474,248.26401632692432,281200.4053955078,GLD,1768
2013-02-14,280211.07480734255,248.26401632692432,279962.8107910156,GLD,1768
2013-02-15,275631.93430441286,248.26401632692432,275383.67028808594,GLD,1768
2013-02-19,274871.7072536316,248.26401632692432,274623.4432373047,GLD,1768
2013-02-20,267994.1883327332,248.26401632692432,267745.92431640625,GLD,1768
2013-02-21,270080.4153835144,248.26401632692432,269832.1513671875,GLD,1768
2013-02-22,270699.22617453005,248.26401632692432,270450.9621582031,GLD,1768
2013-02-25,273121.37754171755,248.26401632692432,272873.1135253906,GLD,1768
2013-02-26,276445.22617453005,248.26401632692432,276196.9621582031,GLD,1768
2013-02-27,273528.0369655457,248.26401632692432,273279.77294921875,GLD,1768
2013-02-28,270752.2640163269,248.26401632692432,270504.0,GLD,1768
2013-03-01,269762.1883327332,248.26401632692432,269513.92431640625,GLD,1768
2013-03-04,269514.66941183474,248.26401632692432,269266.4053955078,GLD,1768
2013-03-05,269656.1126491394,248.26401632692432,269407.8486328125,GLD,1768
2013-03-06,271158.896462616,248.26401632692432,270910.63244628906,GLD,1768
2013-03-07,270204.1883327332,248.26401632692432,269955.92431640625,GLD,1768
2013-03-08,270239.5558864441,248.26401632692432,269991.2918701172,GLD,1768
2013-03-11,270734.593728241,248.26401632692432,270486.32971191406,GLD,1768
2013-03-12,272856.1883327332,248.26401632692432,272607.92431640625,GLD,1768
2013-03-13,271919.1504909363,248.26401632692432,271670.8864746094,GLD,1768
2013-03-14,271954.4910671082,248.26401632692432,271706.22705078125,GLD,1768
2013-03-15,272520.2640163269,248.26401632692432,272272.0,GLD,1768
2013-03-18,274960.1126491394,248.26401632692432,274711.8486328125,GLD,1768
2013-03-19,276197.7072536316,248.26401632692432,275949.4432373047,GLD,1768
2013-03-20,274942.4153835144,248.26401632692432,274694.1513671875,GLD,1768
2013-03-21,276498.2640163269,248.26401632692432,276250.0,GLD,1768
2013-03-22,275260.66941183474,248.26401632692432,275012.4053955078,GLD,1768
2013-03-25,274712.593728241,248.26401632692432,274464.32971191406,GLD,1768
2013-03-26,273793.22617453005,248.26401632692432,273544.9621582031,GLD,1768
2013-03-27,274924.7450954285,248.26401632692432,274676.48107910156,GLD,1768
2013-03-28,273315.8586208191,248.26401632692432,273067.5946044922,GLD,1768
2013-04-01,273704.82077902224,248.26401632692432,273456.5567626953,GLD,1768
2013-04-02,269744.4910671082,248.26401632692432,269496.22705078125,GLD,1768
2013-04-03,266738.896462616,248.26401632692432,266490.63244628906,GLD,1768
2013-04-04,265960.97214620974,248.26401632692432,265712.7081298828,GLD,1768
2013-04-05,270416.3396999207,248.26401632692432,270168.07568359375,GLD,1768
2013-04-08,269267.1504909363,248.26401632692432,269018.8864746094,GLD,1768
2013-04-09,271353.37754171755,248.26401632692432,271105.1135253906,GLD,1768
2013-04-10,266774.2640163269,248.26401632692432,266526.0,GLD,1768
2013-04-11,267304.66941183474,248.26401632692432,267056.4053955078,GLD,1768
2013-04-12,254751.8586208191,248.26401632692432,254503.5946044922,GLD,1768
2013-04-15,232404.33969992067,248.26401632692432,232156.07568359375,GLD,1768
2013-04-16,235038.66941183474,248.26401632692432,234790.4053955078,GLD,1768
2013-04-17,235162.41538351442,248.26401632692432,234914.1513671875,GLD,1768
2013-04-18,237690.66941183474,248.26401632692432,237442.4053955078,GLD,1768
2013-04-19,239759.22617453005,248.26401632692432,239510.96215820312,GLD,1768
2013-04-22,244055.4532253113,248.26401632692432,243807.18920898438,GLD,1768
2013-04-23,242252.11264913942,248.26401632692432,242003.8486328125,GLD,1768
2013-04-24,244886.41538351442,248.26401632692432,244638.1513671875,GLD,1768
2013-04-25,250650.11264913942,248.26401632692432,250401.8486328125,GLD,1768
2013-04-26,249377.1504909363,248.26401632692432,249128.88647460938,GLD,1768
2013-04-29,251834.66941183474,248.26401632692432,251586.4053955078,GLD,1768
2013-04-30,252665.63157003786,248.26401632692432,252417.36755371094,GLD,1768
2013-05-01,249730.7450954285,248.26401632692432,249482.48107910156,GLD,1768
2013-05-02,251162.82077902224,248.26401632692432,250914.5567626953,GLD,1768
2013-05-03,251463.37754171755,248.26401632692432,251215.11352539062,GLD,1768
2013-05-06,251569.4532253113,248.26401632692432,251321.18920898438,GLD,1768
2013-05-07,248440.11264913942,248.26401632692432,248191.8486328125,GLD,1768
2013-05-08,252117.5558864441,248.26401632692432,251869.2918701172,GLD,1768
2013-05-09,249200.33969992067,248.26401632692432,248952.07568359375,GLD,1768
2013-05-10,247061.07480734255,248.26401632692432,246812.81079101562,GLD,1768
2013-05-13,244992.49106710817,248.26401632692432,244744.22705078125,GLD,1768
2013-05-14,243896.33969992067,248.26401632692432,243648.07568359375,GLD,1768
2013-05-15,238274.11264913942,248.26401632692432,238025.8486328125,GLD,1768
2013-05-16,237319.37754171755,248.26401632692432,237071.11352539062,GLD,1768
2013-05-17,231980.03696554567,248.26401632692432,231731.77294921875,GLD,1768
2013-05-20,239140.41538351442,248.26401632692432,238892.1513671875,GLD,1768
2013-05-21,235180.11264913942,248.26401632692432,234931.8486328125,GLD,1768
2013-05-22,233518.18833273317,248.26401632692432,233269.92431640625,GLD,1768
2013-05-23,238238.7450954285,248.26401632692432,237990.48107910156,GLD,1768
2013-05-24,236735.93430441286,248.26401632692432,236487.67028808594,GLD,1768
2013-05-28,236258.593728241,248.26401632692432,236010.32971191406,GLD,1768
2013-05-29,238627.7072536316,248.26401632692432,238379.4432373047,GLD,1768
2013-05-30,241933.8586208191,248.26401632692432,241685.5946044922,GLD,1768
2013-05-31,237018.82077902224,248.26401632692432,236770.5567626953,GLD,1768
2013-06-03,241597.93430441286,248.26401632692432,241349.67028808594,GLD,1768
2013-06-04,239334.896462616,248.26401632692432,239086.63244628906,GLD,1768
2013-06-05,239847.63157003786,248.26401632692432,239599.36755371094,GLD,1768
2013-06-06,241633.3018581238,248.26401632692432,241385.03784179688,GLD,1768
2013-06-07,235887.3018581238,248.26401632692432,235639.03784179688,GLD,1768
2013-06-10,237054.18833273317,248.26401632692432,236805.92431640625,GLD,1768
2013-06-11,235834.26401632692,248.26401632692432,235586.0,GLD,1768
2013-06-12,237602.26401632692,248.26401632692432,237354.0,GLD,1768
2013-06-13,236700.593728241,248.26401632692432,236452.32971191406,GLD,1768
2013-06-14,237920.49106710817,248.26401632692432,237672.22705078125,GLD,1768
2013-06-17,236753.63157003786,248.26401632692432,236505.36755371094,GLD,1768
2013-06-18,233854.11264913942,248.26401632692432,233605.8486328125,GLD,1768
2013-06-19,231131.37754171755,248.26401632692432,230883.11352539062,GLD,1768
2013-06-20,218773.06131857302,248.26401632692432,218524.7973022461,GLD,1768
2013-06-21,221336.66941183474,248.26401632692432,221088.4053955078,GLD,1768
2013-06-24,219356.5045558777,248.26401632692432,219108.24053955078,GLD,1768
2013-06-25,218543.22617453005,248.26401632692432,218294.96215820312,GLD,1768
2013-06-26,209367.3018581238,248.26401632692432,209119.03784179688,GLD,1768
2013-06-27,205230.18833273317,248.26401632692432,204981.92431640625,GLD,1768
2013-06-28,210834.7450954285,248.26401632692432,210586.48107910156,GLD,1768
2013-07-01,214406.0991603699,248.26401632692432,214157.83514404297,GLD,1768
2013-07-02,212496.66941183474,248.26401632692432,212248.4053955078,GLD,1768
2013-07-03,213716.58023947146,248.26401632692432,213468.31622314453,GLD,1768
2013-07-05,209031.37754171755,248.26401632692432,208783.11352539062,GLD,1768
2013-07-08,211541.9477931824,248.26401632692432,211293.68377685547,GLD,1768
2013-07-09,213504.42887228396,248.26401632692432,213256.16485595703,GLD,1768
2013-07-10,214087.8586208191,248.26401632692432,213839.5946044922,GLD,1768
2013-07-11,219904.58023947146,248.26401632692432,219656.31622314453,GLD,1768
2013-07-12,219710.0991603699,248.26401632692432,219461.83514404297,GLD,1768
2013-07-15,219798.5045558777,248.26401632692432,219550.24053955078,GLD,1768
2013-07-16,221053.78293722536,248.26401632692432,220805.51892089844,GLD,1768
2013-07-17,218278.02347677614,248.26401632692432,218029.75946044922,GLD,1768
2013-07-18,219497.9477931824,248.26401632692432,219249.68377685547,GLD,1768
2013-07-19,221442.7450954285,248.26401632692432,221194.48107910156,GLD,1768
2013-07-22,228037.37754171755,248.26401632692432,227789.11352539062,GLD,1768
2013-07-23,229575.5558864441,248.26401632692432,229327.2918701172,GLD,1768
2013-07-24,225632.90995138552,248.26401632692432,225384.6459350586,GLD,1768
2013-07-25,227736.82077902224,248.26401632692432,227488.5567626953,GLD,1768
2013-07-26,227931.3018581238,248.26401632692432,227683.03784179688,GLD,1768
2013-07-29,227383.22617453005,248.26401632692432,227134.96215820312,GLD,1768
2013-07-30,226764.41538351442,248.26401632692432,226516.1513671875,GLD,1768
2013-07-31,226481.54239767458,248.26401632692432,226233.27838134766,GLD,1768
2013-08-01,224094.7450954285,248.26401632692432,223846.48107910156,GLD,1768
2013-08-02,223652.7450954285,248.26401632692432,223404.48107910156,GLD,1768
2013-08-05,222485.8586208191,248.26401632692432,222237.5946044922,GLD,1768
2013-08-06,219427.22617453005,248.26401632692432,219178.96215820312,GLD,1768
2013-08-07,219745.46671408083,248.26401632692432,219497.2026977539,GLD,1768
2013-08-08,224536.7450954285,248.26401632692432,224288.48107910156,GLD,1768
2013-08-09,224536.7450954285,248.26401632692432,224288.48107910156,GLD,1768
2013-08-12,228550.11264913942,248.26401632692432,228301.8486328125,GLD,1768
2013-08-13,226092.58023947146,248.26401632692432,225844.31622314453,GLD,1768
2013-08-14,228320.26401632692,248.26401632692432,228072.0,GLD,1768
2013-08-15,233076.18833273317,248.26401632692432,232827.92431640625,GLD,1768
2013-08-16,234649.7072536316,248.26401632692432,234401.4432373047,GLD,1768
2013-08-19,233641.93430441286,248.26401632692432,233393.67028808594,GLD,1768
2013-08-20,234419.8586208191,248.26401632692432,234171.5946044922,GLD,1768
2013-08-21,233748.03696554567,248.26401632692432,233499.77294921875,GLD,1768
2013-08-22,235056.33969992067,248.26401632692432,234808.07568359375,GLD,1768
2013-08-23,238751.4532253113,248.26401632692432,238503.18920898438,GLD,1768
2013-08-26,239723.8586208191,248.26401632692432,239475.5946044922,GLD,1768
2013-08-27,242022.26401632692,248.26401632692432,241774.0,GLD,1768
2013-08-28,241951.5558864441,248.26401632692432,241703.2918701172,GLD,1768
2013-08-29,240466.41538351442,248.26401632692432,240218.1513671875,GLD,1768
2013-08-30,238256.41538351442,248.26401632692432,238008.1513671875,GLD,1768
2013-09-03,241438.82077902224,248.26401632692432,241190.5567626953,GLD,1768
2013-09-04,238327.1504909363,248.26401632692432,238078.88647460938,GLD,1768
2013-09-05,233977.8586208191,248.26401632692432,233729.5946044922,GLD,1768
2013-09-06,237425.4532253113,248.26401632692432,237177.18920898438,GLD,1768
2013-09-09,237001.1504909363,248.26401632692432,236752.88647460938,GLD,1768
2013-09-10,233164.593728241,248.26401632692432,232916.32971191406,GLD,1768
2013-09-11,233093.8586208191,248.26401632692432,232845.5946044922,GLD,1768
2013-09-12,225968.82077902224,248.26401632692432,225720.5567626953,GLD,1768
2013-09-13,226234.02347677614,248.26401632692432,225985.75946044922,GLD,1768
2013-09-16,223811.8586208191,248.26401632692432,223563.5946044922,GLD,1768
2013-09-17,223900.26401632692,248.26401632692432,223652.0,GLD,1768
2013-09-18,233641.93430441286,248.26401632692432,233393.67028808594,GLD,1768
2013-09-19,233182.26401632692,248.26401632692432,232934.0,GLD,1768
2013-09-20,226481.54239767458,248.26401632692432,226233.27838134766,GLD,1768
2013-09-23,225756.66941183474,248.26401632692432,225508.4053955078,GLD,1768
2013-09-24,225951.1504909363,248.26401632692432,225702.88647460938,GLD,1768
2013-09-25,227948.97214620974,248.26401632692432,227700.7081298828,GLD,1768
2013-09-26,226180.98563497927,248.26401632692432,225932.72161865234,GLD,1768
2013-09-27,228267.22617453005,248.26401632692432,228018.96215820312,GLD,1768
2013-09-30,226870.49106710817,248.26401632692432,226622.22705078125,GLD,1768
2013-10-01,220523.37754171755,248.26401632692432,220275.11352539062,GLD,1768
2013-10-02,224890.33969992067,248.26401632692432,224642.07568359375,GLD,1768
2013-10-03,225102.5045558777,248.26401632692432,224854.24053955078,GLD,1768
2013-10-04,223953.3018581238,248.26401632692432,223705.03784179688,GLD,1768
2013-10-07,225915.78293722536,248.26401632692432,225667.51892089844,GLD,1768
2013-10-08,225491.46671408083,248.26401632692432,225243.2026977539,GLD,1768
2013-10-09,223210.7450954285,248.26401632692432,222962.48107910156,GLD,1768
2013-10-10,219957.61808126833,248.26401632692432,219709.3540649414,GLD,1768
2013-10-11,217005.06131857302,248.26401632692432,216756.7973022461,GLD,1768
2013-10-14,217411.7072536316,248.26401632692432,217163.4432373047,GLD,1768
2013-10-15,219002.90995138552,248.26401632692432,218754.6459350586,GLD,1768
2013-10-16,218666.98563497927,248.26401632692432,218418.72161865234,GLD,1768
2013-10-17,225526.82077902224,248.26401632692432,225278.5567626953,GLD,1768
2013-10-18,224519.06131857302,248.26401632692432,224270.7973022461,GLD,1768
2013-10-21,224748.90995138552,248.26401632692432,224500.6459350586,GLD,1768
2013-10-22,228921.37754171755,248.26401632692432,228673.11352539062,GLD,1768
2013-10-23,227772.18833273317,248.26401632692432,227523.92431640625,GLD,1768
2013-10-24,229911.4532253113,248.26401632692432,229663.18920898438,GLD,1768
2013-10-25,230901.5558864441,248.26401632692432,230653.2918701172,GLD,1768
2013-10-28,231078.33969992067,248.26401632692432,230830.07568359375,GLD,1768
2013-10-29,229681.63157003786,248.26401632692432,229433.36755371094,GLD,1768
2013-10-30,229381.07480734255,248.26401632692432,229132.81079101562,GLD,1768
2013-10-31,226092.58023947146,248.26401632692432,225844.31622314453,GLD,1768
2013-11-01,224695.8586208191,248.26401632692432,224447.5946044922,GLD,1768
2013-11-04,224448.33969992067,248.26401632692432,224200.07568359375,GLD,1768
2013-11-05,224006.33969992067,248.26401632692432,223758.07568359375,GLD,1768
2013-11-06,225137.8586208191,248.26401632692432,224889.5946044922,GLD,1768
2013-11-07,223299.1504909363,248.26401632692432,223050.88647460938,GLD,1768
2013-11-08,219975.3018581238,248.26401632692432,219727.03784179688,GLD,1768
2013-11-11,219250.42887228396,248.26401632692432,219002.16485595703,GLD,1768
2013-11-12,216739.8586208191,248.26401632692432,216491.5946044922,GLD,1768
2013-11-13,217447.06131857302,248.26401632692432,217198.7973022461,GLD,1768
2013-11-14,219957.61808126833,248.26401632692432,219709.3540649414,GLD,1768
2013-11-15,220046.02347677614,248.26401632692432,219797.75946044922,GLD,1768
2013-11-18,217535.46671408083,248.26401632692432,217287.2026977539,GLD,1768
2013-11-19,217623.8586208191,248.26401632692432,217375.5946044922,GLD,1768
2013-11-20,212620.42887228396,248.26401632692432,212372.16485595703,GLD,1768
2013-11-21,212302.18833273317,248.26401632692432,212053.92431640625,GLD,1768
2013-11-22,212266.82077902224,248.26401632692432,212018.5567626953,GLD,1768
2013-11-25,213221.54239767458,248.26401632692432,212973.27838134766,GLD,1768
2013-11-26,212090.02347677614,248.26401632692432,211841.75946044922,GLD,1768
2013-11-27,211453.54239767458,248.26401632692432,211205.27838134766,GLD,1768
2013-11-29,213645.8586208191,248.26401632692432,213397.5946044922,GLD,1768
2013-12-02,208129.7072536316,248.26401632692432,207881.4432373047,GLD,1768
2013-12-03,208801.54239767458,248.26401632692432,208553.27838134766,GLD,1768
2013-12-04,212337.54239767458,248.26401632692432,212089.27838134766,GLD,1768
2013-12-05,209402.66941183474,248.26401632692432,209154.4053955078,GLD,1768
2013-12-06,209844.66941183474,248.26401632692432,209596.4053955078,GLD,1768
2013-12-09,211913.22617453005,248.26401632692432,211664.96215820312,GLD,1768
2013-12-10,215626.02347677614,248.26401632692432,215377.75946044922,GLD,1768
2013-12-11,213928.7450954285,248.26401632692432,213680.48107910156,GLD,1768
2013-12-12,209384.98563497927,248.26401632692432,209136.72161865234,GLD,1768
2013-12-13,211312.0991603699,248.26401632692432,211063.83514404297,GLD,1768
2013-12-16,211860.18833273317,248.26401632692432,211611.92431640625,GLD,1768
2013-12-17,210021.46671408083,248.26401632692432,209773.2026977539,GLD,1768
2013-12-18,208182.7450954285,248.26401632692432,207934.48107910156,GLD,1768
2013-12-19,203250.02347677614,248.26401632692432,203001.75946044922,GLD,1768
2013-12-20,205230.18833273317,248.26401632692432,204981.92431640625,GLD,1768
2013-12-23,204576.02347677614,248.26401632692432,204327.75946044922,GLD,1768
2013-12-24,205513.06131857302,248.26401632692432,205264.7973022461,GLD,1768
2013-12-26,206644.58023947146,248.26401632692432,206396.31622314453,GLD,1768
2013-12-27,207316.42887228396,248.26401632692432,207068.16485595703,GLD,1768
2013-12-30,204257.78293722536,248.26401632692432,204009.51892089844,GLD,1768
2013-12-31,205548.42887228396,248.26401632692432,205300.16485595703,GLD,1768
2014-01-02,208872.26401632692,248.26401632692432,208624.0,GLD,1768
2014-01-03,211152.98563497927,248.26401632692432,210904.72161865234,GLD,1768
2014-01-06,211524.26401632692,248.26401632692432,211276.0,GLD,1768
2014-01-07,210322.02347677614,248.26401632692432,210073.75946044922,GLD,1768
2014-01-08,209084.42887228396,248.26401632692432,208836.16485595703,GLD,1768
2014-01-09,209685.54239767458,248.26401632692432,209437.27838134766,GLD,1768
2014-01-10,212867.9477931824,248.26401632692432,212619.68377685547,GLD,1768
2014-01-13,214211.61808126833,248.26401632692432,213963.3540649414,GLD,1768
2014-01-14,212213.78293722536,248.26401632692432,211965.51892089844,GLD,1768
2014-01-15,211807.1504909363,248.26401632692432,211558.88647460938,GLD,1768
2014-01-16,212036.98563497927,248.26401632692432,211788.72161865234,GLD,1768
2014-01-17,214052.5045558777,248.26401632692432,213804.24053955078,GLD,1768
2014-01-21,211877.8586208191,248.26401632692432,211629.5946044922,GLD,1768
2014-01-22,210976.18833273317,248.26401632692432,210727.92431640625,GLD,1768
2014-01-23,215572.98563497927,248.26401632692432,215324.72161865234,GLD,1768
2014-01-24,216456.98563497927,248.26401632692432,216208.72161865234,GLD,1768
2014-01-27,214105.54239767458,248.26401632692432,213857.27838134766,GLD,1768
2014-01-28,214087.8586208191,248.26401632692432,213839.5946044922,GLD,1768
2014-01-29,216775.22617453005,248.26401632692432,216526.96215820312,GLD,1768
2014-01-30,212001.61808126833,248.26401632692432,211753.3540649414,GLD,1768
2014-01-31,212567.37754171755,248.26401632692432,212319.11352539062,GLD,1768
2014-02-03,214742.02347677614,248.26401632692432,214493.75946044922,GLD,1768
2014-02-04,214158.58023947146,248.26401632692432,213910.31622314453,GLD,1768
2014-02-05,214688.98563497927,248.26401632692432,214440.72161865234,GLD,1768
2014-02-06,214600.58023947146,248.26401632692432,214352.31622314453,GLD,1768
2014-02-07,216244.82077902224,248.26401632692432,215996.5567626953,GLD,1768
2014-02-10,217570.82077902224,248.26401632692432,217322.5567626953,GLD,1768
2014-02-11,220116.7450954285,248.26401632692432,219868.48107910156,GLD,1768
2014-02-12,220240.5045558777,248.26401632692432,219992.24053955078,GLD,1768
2014-02-13,222114.58023947146,248.26401632692432,221866.31622314453,GLD,1768
2014-02-14,225049.46671408083,248.26401632692432,224801.2026977539,GLD,1768
2014-02-18,225491.46671408083,248.26401632692432,225243.2026977539,GLD,1768
2014-02-19,223493.61808126833,248.26401632692432,223245.3540649414,GLD,1768
2014-02-20,225845.06131857302,248.26401632692432,225596.7973022461,GLD,1768
2014-02-21,225809.7072536316,248.26401632692432,225561.4432373047,GLD,1768
2014-02-24,228302.593728241,248.26401632692432,228054.32971191406,GLD,1768
2014-02-25,228691.5558864441,248.26401632692432,228443.2918701172,GLD,1768
2014-02-26,226746.7450954285,248.26401632692432,226498.48107910156,GLD,1768
2014-02-27,226905.8586208191,248.26401632692432,226657.5946044922,GLD,1768
2014-02-28,225880.42887228396,248.26401632692432,225632.16485595703,GLD,1768
2014-03-03,230600.97214620974,248.26401632692432,230352.7081298828,GLD,1768
2014-03-04,227754.49106710817,248.26401632692432,227506.22705078125,GLD,1768
2014-03-05,228125.78293722536,248.26401632692432,227877.51892089844,GLD,1768
2014-03-06,230388.82077902224,248.26401632692432,230140.5567626953,GLD,1768
2014-03-07,228479.37754171755,248.26401632692432,228231.11352539062,GLD,1768
2014-03-10,228550.11264913942,248.26401632692432,228301.8486328125,GLD,1768
2014-03-11,229840.7450954285,248.26401632692432,229592.48107910156,GLD,1768
2014-03-12,233199.93430441286,248.26401632692432,232951.67028808594,GLD,1768
2014-03-13,233995.5558864441,248.26401632692432,233747.2918701172,GLD,1768
2014-03-14,235569.07480734255,248.26401632692432,235320.81079101562,GLD,1768
2014-03-17,232987.78293722536,248.26401632692432,232739.51892089844,GLD,1768
2014-03-18,231184.41538351442,248.26401632692432,230936.1513671875,GLD,1768
2014-03-19,226711.37754171755,248.26401632692432,226463.11352539062,GLD,1768
2014-03-20,226304.7450954285,248.26401632692432,226056.48107910156,GLD,1768
2014-03-21,227383.22617453005,248.26401632692432,227134.96215820312,GLD,1768
2014-03-24,223334.5045558777,248.26401632692432,223086.24053955078,GLD,1768
2014-03-25,223741.1504909363,248.26401632692432,223492.88647460938,GLD,1768
2014-03-26,221973.1504909363,248.26401632692432,221724.88647460938,GLD,1768
2014-03-27,220523.37754171755,248.26401632692432,220275.11352539062,GLD,1768
2014-03-28,220470.33969992067,248.26401632692432,220222.07568359375,GLD,1768
2014-03-31,218790.7450954285,248.26401632692432,218542.48107910156,GLD,1768
2014-04-01,218401.78293722536,248.26401632692432,218153.51892089844,GLD,1768
2014-04-02,220046.02347677614,248.26401632692432,219797.75946044922,GLD,1768
2014-04-03,219338.82077902224,248.26401632692432,219090.5567626953,GLD,1768
2014-04-04,222256.02347677614,248.26401632692432,222007.75946044922,GLD,1768
2014-04-07,221089.1504909363,248.26401632692432,220840.88647460938,GLD,1768
2014-04-08,223175.37754171755,248.26401632692432,222927.11352539062,GLD,1768
2014-04-09,223582.02347677614,248.26401632692432,223333.75946044922,GLD,1768
2014-04-10,224801.9477931824,248.26401632692432,224553.68377685547,GLD,1768
2014-04-11,224660.5045558777,248.26401632692432,224412.24053955078,GLD,1768
2014-04-14,226287.06131857302,248.26401632692432,226038.7973022461,GLD,1768
2014-04-15,222114.58023947146,248.26401632692432,221866.31622314453,GLD,1768
2014-04-16,222202.98563497927,248.26401632692432,221954.72161865234,GLD,1768
2014-04-17,220806.26401632692,248.26401632692432,220558.0,GLD,1768
2014-04-21,219904.58023947146,248.26401632692432,219656.31622314453,GLD,1768
2014-04-22,219091.3018581238,248.26401632692432,218843.03784179688,GLD,1768
2014-04-23,219055.9477931824,248.26401632692432,218807.68377685547,GLD,1768
2014-04-24,220470.33969992067,248.26401632692432,220222.07568359375,GLD,1768
2014-04-25,222008.5045558777,248.26401632692432,221760.24053955078,GLD,1768
2014-04-28,221036.0991603699,248.26401632692432,220787.83514404297,GLD,1768
2014-04-29,221000.7450954285,248.26401632692432,220752.48107910156,GLD,1768
2014-04-30,219869.22617453005,248.26401632692432,219620.96215820312,GLD,1768
2014-05-01,219126.66941183474,248.26401632692432,218878.4053955078,GLD,1768
2014-05-02,221354.33969992067,248.26401632692432,221106.07568359375,GLD,1768
2014-05-05,223405.22617453005,248.26401632692432,223156.96215820312,GLD,1768
2014-05-06,222980.90995138552,248.26401632692432,222732.6459350586,GLD,1768
2014-05-07,219780.82077902224,248.26401632692432,219532.5567626953,GLD,1768
2014-05-08,219780.82077902224,248.26401632692432,219532.5567626953,GLD,1768
2014-05-09,219657.06131857302,248.26401632692432,219408.7973022461,GLD,1768
2014-05-12,221142.18833273317,248.26401632692432,220893.92431640625,GLD,1768
2014-05-13,220541.06131857302,248.26401632692432,220292.7973022461,GLD,1768
2014-05-14,222680.33969992067,248.26401632692432,222432.07568359375,GLD,1768
2014-05-15,220841.61808126833,248.26401632692432,220593.3540649414,GLD,1768
2014-05-16,220364.26401632692,248.26401632692432,220116.0,GLD,1768
2014-05-19,220505.7072536316,248.26401632692432,220257.4432373047,GLD,1768
2014-05-20,220700.18833273317,248.26401632692432,220451.92431640625,GLD,1768
2014-05-21,220169.78293722536,248.26401632692432,219921.51892089844,GLD,1768
2014-05-22,220664.82077902224,248.26401632692432,220416.5567626953,GLD,1768
2014-05-23,220381.9477931824,248.26401632692432,220133.68377685547,GLD,1768
2014-05-27,215679.06131857302,248.26401632692432,215430.7973022461,GLD,1768
2014-05-28,214529.8586208191,248.26401632692432,214281.5946044922,GLD,1768
2014-05-29,214070.18833273317,248.26401632692432,213821.92431640625,GLD,1768
2014-05-30,213168.5045558777,248.26401632692432,212920.24053955078,GLD,1768
2014-06-02,211877.8586208191,248.26401632692432,211629.5946044922,GLD,1768
2014-06-03,212425.9477931824,248.26401632692432,212177.68377685547,GLD,1768
2014-06-04,211983.9477931824,248.26401632692432,211735.68377685547,GLD,1768
2014-06-05,213575.1504909363,248.26401632692432,213326.88647460938,GLD,1768
2014-06-06,213486.7450954285,248.26401632692432,213238.48107910156,GLD,1768
2014-06-09,213557.46671408083,248.26401632692432,213309.2026977539,GLD,1768
2014-06-10,214865.78293722536,248.26401632692432,214617.51892089844,GLD,1768
2014-06-11,214901.1504909363,248.26401632692432,214652.88647460938,GLD,1768
2014-06-12,217075.78293722536,248.26401632692432,216827.51892089844,GLD,1768
2014-06-13,217641.54239767458,248.26401632692432,217393.27838134766,GLD,1768
2014-06-16,216686.82077902224,248.26401632692432,216438.5567626953,GLD,1768
2014-06-17,216439.3018581238,248.26401632692432,216191.03784179688,GLD,1768
2014-06-18,217128.82077902224,248.26401632692432,216880.5567626953,GLD,1768
2014-06-19,224678.18833273317,248.26401632692432,224429.92431640625,GLD,1768
2014-06-20,223900.26401632692,248.26401632692432,223652.0,GLD,1768
2014-06-23,224519.06131857302,248.26401632692432,224270.7973022461,GLD,1768
2014-06-24,224748.90995138552,248.26401632692432,224500.6459350586,GLD,1768
2014-06-25,224766.58023947146,248.26401632692432,224518.31622314453,GLD,1768
2014-06-26,224306.90995138552,248.26401632692432,224058.6459350586,GLD,1768
2014-06-27,224183.1504909363,248.26401632692432,223934.88647460938,GLD,1768
2014-06-30,226622.97214620974,248.26401632692432,226374.7081298828,GLD,1768
2014-07-01,226021.8586208191,248.26401632692432,225773.5946044922,GLD,1768
2014-07-02,226021.8586208191,248.26401632692432,225773.5946044922,GLD,1768
2014-07-03,225067.1504909363,248.26401632692432,224818.88647460938,GLD,1768
2014-07-07,224819.61808126833,248.26401632692432,224571.3540649414,GLD,1768
2014-07-08,224908.02347677614,248.26401632692432,224659.75946044922,GLD,1768
2014-07-09,226269.37754171755,248.26401632692432,226021.11352539062,GLD,1768
2014-07-10,227506.97214620974,248.26401632692432,227258.7081298828,GLD,1768
2014-07-11,227931.3018581238,248.26401632692432,227683.03784179688,GLD,1768
2014-07-14,222521.22617453005,248.26401632692432,222272.96215820312,GLD,1768
2014-07-15,220417.3018581238,248.26401632692432,220169.03784179688,GLD,1768
2014-07-16,221195.22617453005,248.26401632692432,220946.96215820312,GLD,1768
2014-07-17,224943.37754171755,248.26401632692432,224695.11352539062,GLD,1768
2014-07-18,223246.0991603699,248.26401632692432,222997.83514404297,GLD,1768
2014-07-21,223617.37754171755,248.26401632692432,223369.11352539062,GLD,1768
2014-07-22,222556.58023947146,248.26401632692432,222308.31622314453,GLD,1768
2014-07-23,222344.42887228396,248.26401632692432,222096.16485595703,GLD,1768
2014-07-24,220099.06131857302,248.26401632692432,219850.7973022461,GLD,1768
2014-07-25,222644.98563497927,248.26401632692432,222396.72161865234,GLD,1768
2014-07-28,222273.7072536316,248.26401632692432,222025.4432373047,GLD,1768
2014-07-29,221601.8586208191,248.26401632692432,221353.5946044922,GLD,1768
2014-07-30,220947.7072536316,248.26401632692432,220699.4432373047,GLD,1768
2014-07-31,218401.78293722536,248.26401632692432,218153.51892089844,GLD,1768
2014-08-01,220152.0991603699,248.26401632692432,219903.83514404297,GLD,1768
2014-08-04,219462.58023947146,248.26401632692432,219214.31622314453,GLD,1768
2014-08-05,219250.42887228396,248.26401632692432,219002.16485595703,GLD,1768
2014-08-06,222432.82077902224,248.26401632692432,222184.5567626953,GLD,1768
2014-08-07,223334.5045558777,248.26401632692432,223086.24053955078,GLD,1768
2014-08-08,223352.18833273317,248.26401632692432,223103.92431640625,GLD,1768
2014-08-11,222945.54239767458,248.26401632692432,222697.27838134766,GLD,1768
2014-08-12,222998.58023947146,248.26401632692432,222750.31622314453,GLD,1768
2014-08-13,223369.8586208191,248.26401632692432,223121.5946044922,GLD,1768
2014-08-14,223564.33969992067,248.26401632692432,223316.07568359375,GLD,1768
2014-08-15,222096.90995138552,248.26401632692432,221848.6459350586,GLD,1768
2014-08-18,221177.54239767458,248.26401632692432,220929.27838134766,GLD,1768
2014-08-19,220682.5045558777,248.26401632692432,220434.24053955078,GLD,1768
2014-08-20,219869.22617453005,248.26401632692432,219620.96215820312,GLD,1768
2014-08-21,217500.0991603699,248.26401632692432,217251.83514404297,GLD,1768
2014-08-22,218048.18833273317,248.26401632692432,217799.92431640625,GLD,1768
2014-08-25,217252.58023947146,248.26401632692432,217004.31622314453,GLD,1768
2014-08-26,218331.06131857302,248.26401632692432,218082.7973022461,GLD,1768
2014-08-27,218278.02347677614,248.26401632692432,218029.75946044922,GLD,1768
2014-08-28,219480.26401632692,248.26401632692432,219232.0,GLD,1768
2014-08-29,219232.7450954285,248.26401632692432,218984.48107910156,GLD,1768
2014-09-02,215325.46671408083,248.26401632692432,215077.2026977539,GLD,1768
2014-09-03,216209.46671408083,248.26401632692432,215961.2026977539,GLD,1768
2014-09-04,215024.90995138552,248.26401632692432,214776.6459350586,GLD,1768
2014-09-05,216050.33969992067,248.26401632692432,215802.07568359375,GLD,1768
2014-09-08,213698.90995138552,248.26401632692432,213450.6459350586,GLD,1768
2014-09-09,213946.42887228396,248.26401632692432,213698.16485595703,GLD,1768
2014-09-10,212867.9477931824,248.26401632692432,212619.68377685547,GLD,1768
2014-09-11,211471.22617453005,248.26401632692432,211222.96215820312,GLD,1768
2014-09-12,209544.0991603699,248.26401632692432,209295.83514404297,GLD,1768
2014-09-15,210003.78293722536,248.26401632692432,209755.51892089844,GLD,1768
2014-09-16,210339.7072536316,248.26401632692432,210091.4432373047,GLD,1768
2014-09-17,208058.98563497927,248.26401632692432,207810.72161865234,GLD,1768
2014-09-18,208483.3018581238,248.26401632692432,208235.03784179688,GLD,1768
2014-09-19,207263.37754171755,248.26401632692432,207015.11352539062,GLD,1768
2014-09-22,206839.06131857302,248.26401632692432,206590.7973022461,GLD,1768
2014-09-23,208165.06131857302,248.26401632692432,207916.7973022461,GLD,1768
2014-09-24,207192.66941183474,248.26401632692432,206944.4053955078,GLD,1768
2014-09-25,207793.78293722536,248.26401632692432,207545.51892089844,GLD,1768
2014-09-26,207210.33969992067,248.26401632692432,206962.07568359375,GLD,1768
2014-09-29,207157.3018581238,248.26401632692432,206909.03784179688,GLD,1768
2014-09-30,205707.54239767458,248.26401632692432,205459.27838134766,GLD,1768
2014-10-01,206697.61808126833,248.26401632692432,206449.3540649414,GLD,1768
2014-10-02,206644.58023947146,248.26401632692432,206396.31622314453,GLD,1768
2014-10-03,202878.7450954285,248.26401632692432,202630.48107910156,GLD,1768
2014-10-06,205389.3018581238,248.26401632692432,205141.03784179688,GLD,1768
2014-10-07,205972.7450954285,248.26401632692432,205724.48107910156,GLD,1768
2014-10-08,207935.22617453005,248.26401632692432,207686.96215820312,GLD,1768
2014-10-09,208235.78293722536,248.26401632692432,207987.51892089844,GLD,1768
2014-10-10,208147.37754171755,248.26401632692432,207899.11352539062,GLD,1768
2014-10-13,209791.61808126833,248.26401632692432,209543.3540649414,GLD,1768
2014-10-14,209915.37754171755,248.26401632692432,209667.11352539062,GLD,1768
2014-10-15,210622.58023947146,248.26401632692432,210374.31622314453,GLD,1768
2014-10-16,211029.22617453005,248.26401632692432,210780.96215820312,GLD,1768
2014-10-17,210622.58023947146,248.26401632692432,210374.31622314453,GLD,1768
2014-10-20,212054.66941183474,248.26401632692432,211806.4053955078,GLD,1768
2014-10-21,212443.61808126833,248.26401632692432,212195.3540649414,GLD,1768
2014-10-22,211241.37754171755,248.26401632692432,210993.11352539062,GLD,1768
2014-10-23,209791.61808126833,248.26401632692432,209543.3540649414,GLD,1768
2014-10-24,209491.06131857302,248.26401632692432,209242.7973022461,GLD,1768
2014-10-27,208978.33969992067,248.26401632692432,208730.07568359375,GLD,1768
2014-10-28,209049.06131857302,248.26401632692432,208800.7973022461,GLD,1768
2014-10-29,206061.1504909363,248.26401632692432,205812.88647460938,GLD,1768
2014-10-30,203904.18833273317,248.26401632692432,203655.92431640625,GLD,1768
2014-10-31,199431.1504909363,248.26401632692432,199182.88647460938,GLD,1768
2014-11-03,198529.46671408083,248.26401632692432,198281.2026977539,GLD,1768
2014-11-04,198653.22617453005,248.26401632692432,198404.96215820312,GLD,1768
2014-11-05,194356.98563497927,248.26401632692432,194108.72161865234,GLD,1768
2014-11-06,194516.0991603699,248.26401632692432,194267.83514404297,GLD,1768
2014-11-07,199979.22617453005,248.26401632692432,199730.96215820312,GLD,1768
2014-11-10,195541.54239767458,248.26401632692432,195293.27838134766,GLD,1768
2014-11-11,198334.98563497927,248.26401632692432,198086.72161865234,GLD,1768
2014-11-12,197380.26401632692,248.26401632692432,197132.0,GLD,1768
2014-11-13,197680.82077902224,248.26401632692432,197432.5567626953,GLD,1768
2014-11-14,202631.22617453005,248.26401632692432,202382.96215820312,GLD,1768
2014-11-17,201888.66941183474,248.26401632692432,201640.4053955078,GLD,1768
2014-11-18,203656.66941183474,248.26401632692432,203408.4053955078,GLD,1768
2014-11-19,201234.5045558777,248.26401632692432,200986.24053955078,GLD,1768
2014-11-20,203320.7450954285,248.26401632692432,203072.48107910156,GLD,1768
2014-11-21,204257.78293722536,248.26401632692432,204009.51892089844,GLD,1768
2014-11-24,203762.7450954285,248.26401632692432,203514.48107910156,GLD,1768
2014-11-25,204240.0991603699,248.26401632692432,203991.83514404297,GLD,1768
2014-11-26,203851.1504909363,248.26401632692432,203602.88647460938,GLD,1768
2014-11-28,198458.7450954285,248.26401632692432,198210.48107910156,GLD,1768
2014-12-01,206361.7072536316,248.26401632692432,206113.4432373047,GLD,1768
2014-12-02,203815.78293722536,248.26401632692432,203567.51892089844,GLD,1768
2014-12-03,205919.7072536316,248.26401632692432,205671.4432373047,GLD,1768
2014-12-04,205124.0991603699,248.26401632692432,204875.83514404297,GLD,1768
2014-12-05,202560.5045558777,248.26401632692432,202312.24053955078,GLD,1768
2014-12-08,204947.3018581238,248.26401632692432,204699.03784179688,GLD,1768
2014-12-09,209208.18833273317,248.26401632692432,208959.92431640625,GLD,1768
2014-12-10,208801.54239767458,248.26401632692432,208553.27838134766,GLD,1768
2014-12-11,208324.18833273317,248.26401632692432,208075.92431640625,GLD,1768
2014-12-12,207829.1504909363,248.26401632692432,207580.88647460938,GLD,1768
2014-12-15,202489.78293722536,248.26401632692432,202241.51892089844,GLD,1768
2014-12-16,203479.8586208191,248.26401632692432,203231.5946044922,GLD,1768
2014-12-17,202277.61808126833,248.26401632692432,202029.3540649414,GLD,1768
2014-12-18,203833.46671408083,248.26401632692432,203585.2026977539,GLD,1768
2014-12-19,203161.61808126833,248.26401632692432,202913.3540649414,GLD,1768
2014-12-22,199236.66941183474,248.26401632692432,198988.4053955078,GLD,1768
2014-12-23,199572.58023947146,248.26401632692432,199324.31622314453,GLD,1768
2014-12-24,199625.61808126833,248.26401632692432,199377.3540649414,GLD,1768
2014-12-26,203267.7072536316,248.26401632692432,203019.4432373047,GLD,1768
2014-12-29,201216.82077902224,248.26401632692432,200968.5567626953,GLD,1768
2014-12-30,203921.8586208191,248.26401632692432,203673.5946044922,GLD,1768
2014-12-31,201057.7072536316,248.26401632692432,200809.4432373047,GLD,1768
2015-01-02,201941.7072536316,248.26401632692432,201693.4432373047,GLD,1768
2015-01-05,204982.66941183474,248.26401632692432,204734.4053955078,GLD,1768
2015-01-06,207316.42887228396,248.26401632692432,207068.16485595703,GLD,1768
2015-01-07,206096.5045558777,248.26401632692432,205848.24053955078,GLD,1768
2015-01-08,205230.18833273317,248.26401632692432,204981.92431640625,GLD,1768
2015-01-09,207563.9477931824,248.26401632692432,207315.68377685547,GLD,1768
2015-01-12,209862.33969992067,248.26401632692432,209614.07568359375,GLD,1768
2015-01-13,209155.1504909363,248.26401632692432,208906.88647460938,GLD,1768
2015-01-14,208819.22617453005,248.26401632692432,208570.96215820312,GLD,1768
2015-01-15,214070.18833273317,248.26401632692432,213821.92431640625,GLD,1768
2015-01-16,216863.61808126833,248.26401632692432,216615.3540649414,GLD,1768
2015-01-20,219833.8586208191,248.26401632692432,219585.5946044922,GLD,1768
2015-01-21,219886.90995138552,248.26401632692432,219638.6459350586,GLD,1768
2015-01-22,221654.90995138552,248.26401632692432,221406.6459350586,GLD,1768
2015-01-23,219886.90995138552,248.26401632692432,219638.6459350586,GLD,1768
2015-01-26,217694.58023947146,248.26401632692432,217446.31622314453,GLD,1768
2015-01-27,220187.46671408083,248.26401632692432,219939.2026977539,GLD,1768
2015-01-28,218454.82077902224,248.26401632692432,218206.5567626953,GLD,1768
2015-01-29,213751.9477931824,248.26401632692432,213503.68377685547,GLD,1768
2015-01-30,218507.8586208191,248.26401632692432,218259.5946044922,GLD,1768
2015-02-02,216686.82077902224,248.26401632692432,216438.5567626953,GLD,1768
2015-02-03,214264.66941183474,248.26401632692432,214016.4053955078,GLD,1768
2015-02-04,215201.7072536316,248.26401632692432,214953.4432373047,GLD,1768
2015-02-05,215572.98563497927,248.26401632692432,215324.72161865234,GLD,1768
2015-02-06,210003.78293722536,248.26401632692432,209755.51892089844,GLD,1768
2015-02-09,210940.82077902224,248.26401632692432,210692.5567626953,GLD,1768
2015-02-10,209703.22617453005,248.26401632692432,209454.96215820312,GLD,1768
2015-02-11,207228.02347677614,248.26401632692432,206979.75946044922,GLD,1768
2015-02-12,207705.37754171755,248.26401632692432,207457.11352539062,GLD,1768
2015-02-13,208836.90995138552,248.26401632692432,208588.6459350586,GLD,1768
2015-02-17,205353.9477931824,248.26401632692432,205105.68377685547,GLD,1768
2015-02-18,205937.37754171755,248.26401632692432,205689.11352539062,GLD,1768
2015-02-19,205230.18833273317,248.26401632692432,204981.92431640625,GLD,1768
2015-02-20,204063.3018581238,248.26401632692432,203815.03784179688,GLD,1768
2015-02-23,204328.5045558777,248.26401632692432,204080.24053955078,GLD,1768
2015-02-24,204027.9477931824,248.26401632692432,203779.68377685547,GLD,1768
2015-02-25,204805.8586208191,248.26401632692432,204557.5946044922,GLD,1768
2015-02-26,205460.02347677614,248.26401632692432,205211.75946044922,GLD,1768
2015-02-27,205619.1504909363,248.26401632692432,205370.88647460938,GLD,1768
2015-03-02,204770.5045558777,248.26401632692432,204522.24053955078,GLD,1768
2015-03-03,204399.22617453005,248.26401632692432,204150.96215820312,GLD,1768
2015-03-04,203762.7450954285,248.26401632692432,203514.48107910156,GLD,1768
2015-03-05,203568.26401632692,248.26401632692432,203320.0,GLD,1768
2015-03-06,198016.7450954285,248.26401632692432,197768.48107910156,GLD,1768
2015-03-09,198211.22617453005,248.26401632692432,197962.96215820312,GLD,1768
2015-03-10,197238.82077902224,248.26401632692432,196990.5567626953,GLD,1768
2015-03-11,196054.26401632692,248.26401632692432,195806.0,GLD,1768
2015-03-12,196001.22617453005,248.26401632692432,195752.96215820312,GLD,1768
2015-03-13,196284.0991603699,248.26401632692432,196035.83514404297,GLD,1768
2015-03-16,196160.33969992067,248.26401632692432,195912.07568359375,GLD,1768
2015-03-17,195099.54239767458,248.26401632692432,194851.27838134766,GLD,1768
2015-03-18,198918.42887228396,248.26401632692432,198670.16485595703,GLD,1768
2015-03-19,198776.98563497927,248.26401632692432,198528.72161865234,GLD,1768
2015-03-20,201040.02347677614,248.26401632692432,200791.75946044922,GLD,1768
2015-03-23,202312.98563497927,248.26401632692432,202064.72161865234,GLD,1768
2015-03-24,202808.02347677614,248.26401632692432,202559.75946044922,GLD,1768
2015-03-25,203090.90995138552,248.26401632692432,202842.6459350586,GLD,1768
2015-03-26,204416.90995138552,248.26401632692432,204168.6459350586,GLD,1768
2015-03-27,203674.33969992067,248.26401632692432,203426.07568359375,GLD,1768
2015-03-30,201358.26401632692,248.26401632692432,201110.0,GLD,1768
2015-03-31,201199.1504909363,248.26401632692432,200950.88647460938,GLD,1768
2015-04-01,204629.06131857302,248.26401632692432,204380.7973022461,GLD,1768
2015-04-02,204063.3018581238,248.26401632692432,203815.03784179688,GLD,1768
2015-04-06,206556.18833273317,248.26401632692432,206307.92431640625,GLD,1768
2015-04-07,205530.7450954285,248.26401632692432,205282.48107910156,GLD,1768
2015-04-08,204399.22617453005,248.26401632692432,204150.96215820312,GLD,1768
2015-04-09,202984.82077902224,248.26401632692432,202736.5567626953,GLD,1768
2015-04-10,205283.22617453005,248.26401632692432,205034.96215820312,GLD,1768
2015-04-13,203815.78293722536,248.26401632692432,203567.51892089844,GLD,1768
2015-04-14,202578.18833273317,248.26401632692432,202329.92431640625,GLD,1768
2015-04-15,204328.5045558777,248.26401632692432,204080.24053955078,GLD,1768
2015-04-16,203621.3018581238,248.26401632692432,203373.03784179688,GLD,1768
2015-04-17,204629.06131857302,248.26401632692432,204380.7973022461,GLD,1768
2015-04-20,203073.22617453005,248.26401632692432,202824.96215820312,GLD,1768
2015-04-21,204240.0991603699,248.26401632692432,203991.83514404297,GLD,1768
2015-04-22,201499.7072536316,248.26401632692432,201251.4432373047,GLD,1768
2015-04-23,202967.1504909363,248.26401632692432,202718.88647460938,GLD,1768
2015-04-24,200120.66941183474,248.26401632692432,199872.4053955078,GLD,1768
2015-04-27,204151.7072536316,248.26401632692432,203903.4432373047,GLD,1768
2015-04-28,205919.7072536316,248.26401632692432,205671.4432373047,GLD,1768
2015-04-29,204469.9477931824,248.26401632692432,204221.68377685547,GLD,1768
2015-04-30,200863.22617453005,248.26401632692432,200614.96215820312,GLD,1768
2015-05-01,200173.7072536316,248.26401632692432,199925.4432373047,GLD,1768
2015-05-04,201977.06131857302,248.26401632692432,201728.7973022461,GLD,1768
2015-05-05,202542.82077902224,248.26401632692432,202294.5567626953,GLD,1768
2015-05-06,202436.7450954285,248.26401632692432,202188.48107910156,GLD,1768
2015-05-07,200774.82077902224,248.26401632692432,200526.5567626953,GLD,1768
2015-05-08,201747.22617453005,248.26401632692432,201498.96215820312,GLD,1768
2015-05-11,200969.3018581238,248.26401632692432,200721.03784179688,GLD,1768
2015-05-12,202684.26401632692,248.26401632692432,202436.0,GLD,1768
2015-05-13,206308.66941183474,248.26401632692432,206060.4053955078,GLD,1768
2015-05-14,207422.5045558777,248.26401632692432,207174.24053955078,GLD,1768
2015-05-15,208041.3018581238,248.26401632692432,207793.03784179688,GLD,1768
2015-05-18,208023.61808126833,248.26401632692432,207775.3540649414,GLD,1768
2015-05-19,205141.78293722536,248.26401632692432,204893.51892089844,GLD,1768
2015-05-20,205477.7072536316,248.26401632692432,205229.4432373047,GLD,1768
2015-05-21,204788.18833273317,248.26401632692432,204539.92431640625,GLD,1768
2015-05-22,204629.06131857302,248.26401632692432,204380.7973022461,GLD,1768
2015-05-26,201641.1504909363,248.26401632692432,201392.88647460938,GLD,1768
2015-05-27,201605.78293722536,248.26401632692432,201357.51892089844,GLD,1768
2015-05-28,201835.61808126833,248.26401632692432,201587.3540649414,GLD,1768
2015-05-29,201977.06131857302,248.26401632692432,201728.7973022461,GLD,1768
2015-06-01,201800.26401632692,248.26401632692432,201552.0,GLD,1768
2015-06-02,202613.54239767458,248.26401632692432,202365.27838134766,GLD,1768
2015-06-03,201163.78293722536,248.26401632692432,200915.51892089844,GLD,1768
2015-06-04,199749.37754171755,248.26401632692432,199501.11352539062,GLD,1768
2015-06-05,198688.58023947146,248.26401632692432,198440.31622314453,GLD,1768
2015-06-08,199272.02347677614,248.26401632692432,199023.75946044922,GLD,1768
2015-06-09,199714.02347677614,248.26401632692432,199465.75946044922,GLD,1768
2015-06-10,201411.3018581238,248.26401632692432,201163.03784179688,GLD,1768
2015-06-11,200491.9477931824,248.26401632692432,200243.68377685547,GLD,1768
2015-06-12,200438.90995138552,248.26401632692432,200190.6459350586,GLD,1768
2015-06-15,201322.90995138552,248.26401632692432,201074.6459350586,GLD,1768
2015-06-16,200598.02347677614,248.26401632692432,200349.75946044922,GLD,1768
2015-06-17,201535.06131857302,248.26401632692432,201286.7973022461,GLD,1768
2015-06-18,204134.02347677614,248.26401632692432,203885.75946044922,GLD,1768
2015-06-19,203780.42887228396,248.26401632692432,203532.16485595703,GLD,1768
2015-06-22,201163.78293722536,248.26401632692432,200915.51892089844,GLD,1768
2015-06-23,199837.78293722536,248.26401632692432,199589.51892089844,GLD,1768
2015-06-24,199307.37754171755,248.26401632692432,199059.11352539062,GLD,1768
2015-06-25,199042.18833273317,248.26401632692432,198793.92431640625,GLD,1768
2015-06-26,199254.33969992067,248.26401632692432,199006.07568359375,GLD,1768
2015-06-29,200156.02347677614,248.26401632692432,199907.75946044922,GLD,1768
2015-06-30,198918.42887228396,248.26401632692432,198670.16485595703,GLD,1768
2015-07-01,198228.90995138552,248.26401632692432,197980.6459350586,GLD,1768
2015-07-02,197839.9477931824,248.26401632692432,197591.68377685547,GLD,1768
2015-07-06,198370.33969992067,248.26401632692432,198122.07568359375,GLD,1768
2015-07-07,196071.9477931824,248.26401632692432,195823.68377685547,GLD,1768
2015-07-08,196655.37754171755,248.26401632692432,196407.11352539062,GLD,1768
2015-07-09,197132.7450954285,248.26401632692432,196884.48107910156,GLD,1768
2015-07-10,197362.58023947146,248.26401632692432,197114.31622314453,GLD,1768
2015-07-13,196478.58023947146,248.26401632692432,196230.31622314453,GLD,1768
2015-07-14,196036.58023947146,248.26401632692432,195788.31622314453,GLD,1768
2015-07-15,195011.1504909363,248.26401632692432,194762.88647460938,GLD,1768
2015-07-16,194303.9477931824,248.26401632692432,194055.68377685547,GLD,1768
2015-07-17,192341.46671408083,248.26401632692432,192093.2026977539,GLD,1768
2015-07-20,187125.8586208191,248.26401632692432,186877.5946044922,GLD,1768
2015-07-21,186542.42887228396,248.26401632692432,186294.16485595703,GLD,1768
2015-07-22,185534.66941183474,248.26401632692432,185286.4053955078,GLD,1768
2015-07-23,184703.7072536316,248.26401632692432,184455.4432373047,GLD,1768
2015-07-24,186507.06131857302,248.26401632692432,186258.7973022461,GLD,1768
2015-07-27,185640.7450954285,248.26401632692432,185392.48107910156,GLD,1768
2015-07-28,185923.61808126833,248.26401632692432,185675.3540649414,GLD,1768
2015-07-29,186188.82077902224,248.26401632692432,185940.5567626953,GLD,1768
2015-07-30,184597.61808126833,248.26401632692432,184349.3540649414,GLD,1768
2015-07-31,185764.5045558777,248.26401632692432,185516.24053955078,GLD,1768
2015-08-03,184297.06131857302,248.26401632692432,184048.7973022461,GLD,1768
2015-08-04,184668.33969992067,248.26401632692432,184420.07568359375,GLD,1768
2015-08-05,183996.5045558777,248.26401632692432,183748.24053955078,GLD,1768
2015-08-06,184809.78293722536,248.26401632692432,184561.51892089844,GLD,1768
2015-08-07,185269.46671408083,248.26401632692432,185021.2026977539,GLD,1768
2015-08-10,187161.22617453005,248.26401632692432,186912.96215820312,GLD,1768
2015-08-11,188115.9477931824,248.26401632692432,187867.68377685547,GLD,1768
2015-08-12,190750.26401632692,248.26401632692432,190502.0,GLD,1768
2015-08-13,189176.7450954285,248.26401632692432,188928.48107910156,GLD,1768
2015-08-14,189159.06131857302,248.26401632692432,188910.7973022461,GLD,1768
2015-08-17,189654.0991603699,248.26401632692432,189405.83514404297,GLD,1768
2015-08-18,189618.7450954285,248.26401632692432,189370.48107910156,GLD,1768
2015-08-19,192164.66941183474,248.26401632692432,191916.4053955078,GLD,1768
2015-08-20,195506.18833273317,248.26401632692432,195257.92431640625,GLD,1768
2015-08-21,196726.0991603699,248.26401632692432,196477.83514404297,GLD,1768
2015-08-24,195665.3018581238,248.26401632692432,195417.03784179688,GLD,1768
2015-08-25,193243.1504909363,248.26401632692432,192994.88647460938,GLD,1768
2015-08-26,190608.82077902224,248.26401632692432,190360.5567626953,GLD,1768
2015-08-27,190714.90995138552,248.26401632692432,190466.6459350586,GLD,1768
2015-08-28,192429.8586208191,248.26401632692432,192181.5946044922,GLD,1768
2015-08-31,192642.02347677614,248.26401632692432,192393.75946044922,GLD,1768
2015-09-01,193313.8586208191,248.26401632692432,193065.5946044922,GLD,1768
2015-09-02,192288.42887228396,248.26401632692432,192040.16485595703,GLD,1768
2015-09-03,190909.37754171755,248.26401632692432,190661.11352539062,GLD,1768
2015-09-04,190290.58023947146,248.26401632692432,190042.31622314453,GLD,1768
2015-09-08,190343.61808126833,248.26401632692432,190095.3540649414,GLD,1768
2015-09-09,187886.0991603699,248.26401632692432,187637.83514404297,GLD,1768
2015-09-10,188328.0991603699,248.26401632692432,188079.83514404297,GLD,1768
2015-09-11,187939.1504909363,248.26401632692432,187690.88647460938,GLD,1768
2015-09-14,188045.22617453005,248.26401632692432,187796.96215820312,GLD,1768
2015-09-15,187479.46671408083,248.26401632692432,187231.2026977539,GLD,1768
2015-09-16,189972.33969992067,248.26401632692432,189724.07568359375,GLD,1768
2015-09-17,191917.1504909363,248.26401632692432,191668.88647460938,GLD,1768
2015-09-18,193331.54239767458,248.26401632692432,193083.27838134766,GLD,1768
2015-09-21,192129.3018581238,248.26401632692432,191881.03784179688,GLD,1768
2015-09-22,190820.98563497927,248.26401632692432,190572.72161865234,GLD,1768
2015-09-23,191581.22617453005,248.26401632692432,191332.96215820312,GLD,1768
2015-09-24,195594.58023947146,248.26401632692432,195346.31622314453,GLD,1768
2015-09-25,194392.33969992067,248.26401632692432,194144.07568359375,GLD,1768
2015-09-28,191934.82077902224,248.26401632692432,191686.5567626953,GLD,1768
2015-09-29,191156.90995138552,248.26401632692432,190908.6459350586,GLD,1768
2015-09-30,189176.7450954285,248.26401632692432,188928.48107910156,GLD,1768
2015-10-01,188946.90995138552,248.26401632692432,188698.6459350586,GLD,1768
2015-10-02,192942.58023947146,248.26401632692432,192694.31622314453,GLD,1768
2015-10-05,192553.61808126833,248.26401632692432,192305.3540649414,GLD,1768
2015-10-06,194480.7450954285,248.26401632692432,194232.48107910156,GLD,1768
2015-10-07,194197.8586208191,248.26401632692432,193949.5946044922,GLD,1768
2015-10-08,193207.78293722536,248.26401632692432,192959.51892089844,GLD,1768
2015-10-09,196266.42887228396,248.26401632692432,196018.16485595703,GLD,1768
2015-10-12,197044.33969992067,248.26401632692432,196796.07568359375,GLD,1768
2015-10-13,198016.7450954285,248.26401632692432,197768.48107910156,GLD,1768
2015-10-14,201464.33969992067,248.26401632692432,201216.07568359375,GLD,1768
2015-10-15,200544.98563497927,248.26401632692432,200296.72161865234,GLD,1768
2015-10-16,199130.58023947146,248.26401632692432,198882.31622314453,GLD,1768
2015-10-19,198299.61808126833,248.26401632692432,198051.3540649414,GLD,1768
2015-10-20,199554.90995138552,248.26401632692432,199306.6459350586,GLD,1768
2015-10-21,197786.90995138552,248.26401632692432,197538.6459350586,GLD,1768
2015-10-22,197716.18833273317,248.26401632692432,197467.92431640625,GLD,1768
2015-10-23,197380.26401632692,248.26401632692432,197132.0,GLD,1768
2015-10-26,197256.5045558777,248.26401632692432,197008.24053955078,GLD,1768
2015-10-27,197698.5045558777,248.26401632692432,197450.24053955078,GLD,1768
2015-10-28,196107.3018581238,248.26401632692432,195859.03784179688,GLD,1768
2015-10-29,194233.22617453005,248.26401632692432,193984.96215820312,GLD,1768
2015-10-30,193490.66941183474,248.26401632692432,193242.4053955078,GLD,1768
2015-11-02,192235.37754171755,248.26401632692432,191987.11352539062,GLD,1768
2015-11-03,189388.90995138552,248.26401632692432,189140.6459350586,GLD,1768
2015-11-04,187603.22617453005,248.26401632692432,187354.96215820312,GLD,1768
2015-11-05,187019.78293722536,248.26401632692432,186771.51892089844,GLD,1768
2015-11-06,184297.06131857302,248.26401632692432,184048.7973022461,GLD,1768
2015-11-09,184827.46671408083,248.26401632692432,184579.2026977539,GLD,1768
2015-11-10,184438.5045558777,248.26401632692432,184190.24053955078,GLD,1768
2015-11-11,183819.7072536316,248.26401632692432,183571.4432373047,GLD,1768
2015-11-12,183855.06131857302,248.26401632692432,183606.7973022461,GLD,1768
2015-11-13,183342.33969992067,248.26401632692432,183094.07568359375,GLD,1768
2015-11-16,183607.54239767458,248.26401632692432,183359.27838134766,GLD,1768
2015-11-17,181185.37754171755,248.26401632692432,180937.11352539062,GLD,1768
2015-11-18,181344.5045558777,248.26401632692432,181096.24053955078,GLD,1768
2015-11-19,183342.33969992067,248.26401632692432,183094.07568359375,GLD,1768
2015-11-20,182511.37754171755,248.26401632692432,182263.11352539062,GLD,1768
2015-11-23,181043.9477931824,248.26401632692432,180795.68377685547,GLD,1768
2015-11-24,182246.18833273317,248.26401632692432,181997.92431640625,GLD,1768
2015-11-25,181397.54239767458,248.26401632692432,181149.27838134766,GLD,1768
2015-11-27,179258.26401632692,248.26401632692432,179010.0,GLD,1768
2015-11-30,180442.82077902224,248.26401632692432,180194.5567626953,GLD,1768
2015-12-01,181079.3018581238,248.26401632692432,180831.03784179688,GLD,1768
2015-12-02,178268.18833273317,248.26401632692432,178019.92431640625,GLD,1768
2015-12-03,180159.9477931824,248.26401632692432,179911.68377685547,GLD,1768
2015-12-04,184155.61808126833,248.26401632692432,183907.3540649414,GLD,1768
2015-12-07,181768.82077902224,248.26401632692432,181520.5567626953,GLD,1768
2015-12-08,182069.37754171755,248.26401632692432,181821.11352539062,GLD,1768
2015-12-09,181715.78293722536,248.26401632692432,181467.51892089844,GLD,1768
2015-12-10,181556.66941183474,248.26401632692432,181308.4053955078,GLD,1768
2015-12-11,182546.7450954285,248.26401632692432,182298.48107910156,GLD,1768
2015-12-14,180212.98563497927,248.26401632692432,179964.72161865234,GLD,1768
2015-12-15,179735.61808126833,248.26401632692432,179487.3540649414,GLD,1768
2015-12-16,181910.26401632692,248.26401632692432,181662.0,GLD,1768
2015-12-17,177932.26401632692,248.26401632692432,177684.0,GLD,1768
2015-12-18,180654.98563497927,248.26401632692432,180406.72161865234,GLD,1768
2015-12-21,182617.46671408083,248.26401632692432,182369.2026977539,GLD,1768
2015-12-22,181662.7450954285,248.26401632692432,181414.48107910156,GLD,1768
2015-12-23,181132.33969992067,248.26401632692432,180884.07568359375,GLD,1768
2015-12-24,182440.66941183474,248.26401632692432,182192.4053955078,GLD,1768
2015-12-28,181061.61808126833,248.26401632692432,180813.3540649414,GLD,1768
2015-12-29,180937.8586208191,248.26401632692432,180689.5946044922,GLD,1768
2015-12-30,179558.82077902224,248.26401632692432,179310.5567626953,GLD,1768
2015-12-31,179629.54239767458,248.26401632692432,179381.27838134766,GLD,1768
2016-01-04,182157.78293722536,248.26401632692432,181909.51892089844,GLD,1768
2016-01-05,182670.5045558777,248.26401632692432,182422.24053955078,GLD,1768
2016-01-06,185304.82077902224,248.26401632692432,185056.5567626953,GLD,1768
2016-01-07,187921.46671408083,248.26401632692432,187673.2026977539,GLD,1768
2016-01-08,187090.5045558777,248.26401632692432,186842.24053955078,GLD,1768
2016-01-11,185428.58023947146,248.26401632692432,185180.31622314453,GLD,1768
2016-01-12,184491.54239767458,248.26401632692432,184243.27838134766,GLD,1768
2016-01-13,185393.22617453005,248.26401632692432,185144.96215820312,GLD,1768
2016-01-14,182387.61808126833,248.26401632692432,182139.3540649414,GLD,1768
2016-01-15,184261.7072536316,248.26401632692432,184013.4432373047,GLD,1768
2016-01-19,184084.90995138552,248.26401632692432,183836.6459350586,GLD,1768
2016-01-20,186542.42887228396,248.26401632692432,186294.16485595703,GLD,1768
2016-01-21,186754.58023947146,248.26401632692432,186506.31622314453,GLD,1768
2016-01-22,185888.26401632692,248.26401632692432,185640.0,GLD,1768
2016-01-25,187797.7072536316,248.26401632692432,187549.4432373047,GLD,1768
2016-01-26,189936.98563497927,248.26401632692432,189688.72161865234,GLD,1768
2016-01-27,190644.18833273317,248.26401632692432,190395.92431640625,GLD,1768
2016-01-28,188610.98563497927,248.26401632692432,188362.72161865234,GLD,1768
2016-01-29,189335.8586208191,248.26401632692432,189087.5946044922,GLD,1768
2016-02-01,191280.66941183474,248.26401632692432,191032.4053955078,GLD,1768
2016-02-02,191351.37754171755,248.26401632692432,191103.11352539062,GLD,1768
2016-02-03,193402.26401632692,248.26401632692432,193154.0,GLD,1768
2016-02-04,195736.02347677614,248.26401632692432,195487.75946044922,GLD,1768
2016-02-05,198830.02347677614,248.26401632692432,198581.75946044922,GLD,1768
2016-02-08,201499.7072536316,248.26401632692432,201251.4432373047,GLD,1768
2016-02-09,201057.7072536316,248.26401632692432,200809.4432373047,GLD,1768
2016-02-10,202613.54239767458,248.26401632692432,202365.27838134766,GLD,1768
2016-02-11,210746.33969992067,248.26401632692432,210498.07568359375,GLD,1768
2016-02-12,209508.7450954285,248.26401632692432,209260.48107910156,GLD,1768
2016-02-16,203161.61808126833,248.26401632692432,202913.3540649414,GLD,1768
2016-02-17,204416.90995138552,248.26401632692432,204168.6459350586,GLD,1768
2016-02-18,209384.98563497927,248.26401632692432,209136.72161865234,GLD,1768
2016-02-19,208129.7072536316,248.26401632692432,207881.4432373047,GLD,1768
2016-02-22,204434.58023947146,248.26401632692432,204186.31622314453,GLD,1768
2016-02-23,207493.22617453005,248.26401632692432,207244.96215820312,GLD,1768
2016-02-24,208182.7450954285,248.26401632692432,207934.48107910156,GLD,1768
2016-02-25,208730.82077902224,248.26401632692432,208482.5567626953,GLD,1768
2016-02-26,207298.7450954285,248.26401632692432,207050.48107910156,GLD,1768
2016-02-29,210003.78293722536,248.26401632692432,209755.51892089844,GLD,1768
2016-03-01,208465.61808126833,248.26401632692432,208217.3540649414,GLD,1768
2016-03-02,210074.5045558777,248.26401632692432,209826.24053955078,GLD,1768
2016-03-03,213698.90995138552,248.26401632692432,213450.6459350586,GLD,1768
2016-03-04,213362.98563497927,248.26401632692432,213114.72161865234,GLD,1768
2016-03-07,214423.78293722536,248.26401632692432,214175.51892089844,GLD,1768
2016-03-08,213433.7072536316,248.26401632692432,213185.4432373047,GLD,1768
2016-03-09,211665.7072536316,248.26401632692432,211417.4432373047,GLD,1768
2016-03-10,215060.26401632692,248.26401632692432,214812.0,GLD,1768
2016-03-11,211365.1504909363,248.26401632692432,211116.88647460938,GLD,1768
2016-03-14,208642.42887228396,248.26401632692432,208394.16485595703,GLD,1768
2016-03-15,208801.54239767458,248.26401632692432,208553.27838134766,GLD,1768
2016-03-16,213451.37754171755,248.26401632692432,213203.11352539062,GLD,1768
2016-03-17,212638.0991603699,248.26401632692432,212389.83514404297,GLD,1768
2016-03-18,212054.66941183474,248.26401632692432,211806.4053955078,GLD,1768
2016-03-21,210569.54239767458,248.26401632692432,210321.27838134766,GLD,1768
2016-03-22,211188.33969992067,248.26401632692432,210940.07568359375,GLD,1768
2016-03-23,206414.7450954285,248.26401632692432,206166.48107910156,GLD,1768
2016-03-24,205919.7072536316,248.26401632692432,205671.4432373047,GLD,1768
2016-03-28,206397.06131857302,248.26401632692432,206148.7973022461,GLD,1768
2016-03-29,210215.9477931824,248.26401632692432,209967.68377685547,GLD,1768
2016-03-30,207281.06131857302,248.26401632692432,207032.7973022461,GLD,1768
2016-03-31,208235.78293722536,248.26401632692432,207987.51892089844,GLD,1768
2016-04-01,206980.5045558777,248.26401632692432,206732.24053955078,GLD,1768
2016-04-04,205601.46671408083,248.26401632692432,205353.2026977539,GLD,1768
2016-04-05,208271.1504909363,248.26401632692432,208022.88647460938,GLD,1768
2016-04-06,206998.18833273317,248.26401632692432,206749.92431640625,GLD,1768
2016-04-07,209950.7450954285,248.26401632692432,209702.48107910156,GLD,1768
2016-04-08,209632.5045558777,248.26401632692432,209384.24053955078,GLD,1768
2016-04-11,212461.3018581238,248.26401632692432,212213.03784179688,GLD,1768
2016-04-12,212496.66941183474,248.26401632692432,212248.4053955078,GLD,1768
2016-04-13,210233.61808126833,248.26401632692432,209985.3540649414,GLD,1768
2016-04-14,207298.7450954285,248.26401632692432,207050.48107910156,GLD,1768
2016-04-15,208730.82077902224,248.26401632692432,208482.5567626953,GLD,1768
2016-04-18,208412.58023947146,248.26401632692432,208164.31622314453,GLD,1768
2016-04-19,211665.7072536316,248.26401632692432,211417.4432373047,GLD,1768
2016-04-20,210587.22617453005,248.26401632692432,210338.96215820312,GLD,1768
2016-04-21,211382.82077902224,248.26401632692432,211134.5567626953,GLD,1768
2016-04-22,208677.78293722536,248.26401632692432,208429.51892089844,GLD,1768
2016-04-25,209278.90995138552,248.26401632692432,209030.6459350586,GLD,1768
2016-04-26,210109.8586208191,248.26401632692432,209861.5946044922,GLD,1768
2016-04-27,210710.98563497927,248.26401632692432,210462.72161865234,GLD,1768
2016-04-28,214688.98563497927,248.26401632692432,214440.72161865234,GLD,1768
2016-04-29,218861.46671408083,248.26401632692432,218613.2026977539,GLD,1768
2016-05-02,218136.58023947146,248.26401632692432,217888.31622314453,GLD,1768
2016-05-03,217641.54239767458,248.26401632692432,217393.27838134766,GLD,1768
2016-05-04,216315.54239767458,248.26401632692432,216067.27838134766,GLD,1768
2016-05-05,216068.02347677614,248.26401632692432,215819.75946044922,GLD,1768
2016-05-06,218030.5045558777,248.26401632692432,217782.24053955078,GLD,1768
2016-05-09,213557.46671408083,248.26401632692432,213309.2026977539,GLD,1768
2016-05-10,214140.90995138552,248.26401632692432,213892.6459350586,GLD,1768
2016-05-11,216156.42887228396,248.26401632692432,215908.16485595703,GLD,1768
2016-05-12,214459.1504909363,248.26401632692432,214210.88647460938,GLD,1768
2016-05-13,215431.54239767458,248.26401632692432,215183.27838134766,GLD,1768
2016-05-16,215590.66941183474,248.26401632692432,215342.4053955078,GLD,1768
2016-05-17,216333.22617453005,248.26401632692432,216084.96215820312,GLD,1768
2016-05-18,212585.06131857302,248.26401632692432,212336.7973022461,GLD,1768
2016-05-19,212178.42887228396,248.26401632692432,211930.16485595703,GLD,1768
2016-05-20,211895.54239767458,248.26401632692432,211647.27838134766,GLD,1768
2016-05-23,211294.42887228396,248.26401632692432,211046.16485595703,GLD,1768
2016-05-24,207634.66941183474,248.26401632692432,207386.4053955078,GLD,1768
2016-05-25,207068.90995138552,248.26401632692432,206820.6459350586,GLD,1768
2016-05-26,206361.7072536316,248.26401632692432,206113.4432373047,GLD,1768
2016-05-27,204664.42887228396,248.26401632692432,204416.16485595703,GLD,1768
2016-05-31,205442.33969992067,248.26401632692432,205194.07568359375,GLD,1768
2016-06-01,205230.18833273317,248.26401632692432,204981.92431640625,GLD,1768
2016-06-02,204752.82077902224,248.26401632692432,204504.5567626953,GLD,1768
2016-06-03,210428.0991603699,248.26401632692432,210179.83514404297,GLD,1768
2016-06-06,210498.82077902224,248.26401632692432,210250.5567626953,GLD,1768
2016-06-07,210322.02347677614,248.26401632692432,210073.75946044922,GLD,1768
2016-06-08,213433.7072536316,248.26401632692432,213185.4432373047,GLD,1768
2016-06-09,214618.26401632692,248.26401632692432,214370.0,GLD,1768
2016-06-10,215484.58023947146,248.26401632692432,215236.31622314453,GLD,1768
2016-06-13,217075.78293722536,248.26401632692432,216827.51892089844,GLD,1768
2016-06-14,217305.61808126833,248.26401632692432,217057.3540649414,GLD,1768
2016-06-15,218914.5045558777,248.26401632692432,218666.24053955078,GLD,1768
2016-06-16,216616.0991603699,248.26401632692432,216367.83514404297,GLD,1768
2016-06-17,219391.8586208191,248.26401632692432,219143.5946044922,GLD,1768
2016-06-20,218083.54239767458,248.26401632692432,217835.27838134766,GLD,1768
2016-06-21,213893.37754171755,248.26401632692432,213645.11352539062,GLD,1768
2016-06-22,213999.46671408083,248.26401632692432,213751.2026977539,GLD,1768
2016-06-23,212602.7450954285,248.26401632692432,212354.48107910156,GLD,1768
2016-06-24,223016.26401632692,248.26401632692432,222768.0,GLD,1768
2016-06-27,224218.5045558777,248.26401632692432,223970.24053955078,GLD,1768
2016-06-28,221814.02347677614,248.26401632692432,221565.75946044922,GLD,1768
2016-06-29,222733.37754171755,248.26401632692432,222485.11352539062,GLD,1768
2016-06-30,223847.22617453005,248.26401632692432,223598.96215820312,GLD,1768
2016-07-01,227277.1504909363,248.26401632692432,227028.88647460938,GLD,1768
2016-07-05,229151.22617453005,248.26401632692432,228902.96215820312,GLD,1768
2016-07-06,230494.896462616,248.26401632692432,230246.63244628906,GLD,1768
2016-07-07,229628.593728241,248.26401632692432,229380.32971191406,GLD,1768
2016-07-08,231007.63157003786,248.26401632692432,230759.36755371094,GLD,1768
2016-07-11,228832.97214620974,248.26401632692432,228584.7081298828,GLD,1768
2016-07-12,225049.46671408083,248.26401632692432,224801.2026977539,GLD,1768
2016-07-13,227118.03696554567,248.26401632692432,226869.77294921875,GLD,1768
2016-07-14,225367.7072536316,248.26401632692432,225119.4432373047,GLD,1768
2016-07-15,224501.37754171755,248.26401632692432,224253.11352539062,GLD,1768
2016-07-18,224854.98563497927,248.26401632692432,224606.72161865234,GLD,1768
2016-07-19,225155.54239767458,248.26401632692432,224907.27838134766,GLD,1768
2016-07-20,221937.78293722536,248.26401632692432,221689.51892089844,GLD,1768
2016-07-21,225314.66941183474,248.26401632692432,225066.4053955078,GLD,1768
2016-07-22,223635.06131857302,248.26401632692432,223386.7973022461,GLD,1768
2016-07-25,222079.22617453005,248.26401632692432,221830.96215820312,GLD,1768
2016-07-26,223016.26401632692,248.26401632692432,222768.0,GLD,1768
2016-07-27,226605.3018581238,248.26401632692432,226357.03784179688,GLD,1768
2016-07-28,225951.1504909363,248.26401632692432,225702.88647460938,GLD,1768
2016-07-29,228284.896462616,248.26401632692432,228036.63244628906,GLD,1768
2016-08-01,228709.22617453005,248.26401632692432,228460.96215820312,GLD,1768
2016-08-02,230565.63157003786,248.26401632692432,230317.36755371094,GLD,1768
2016-08-03,229469.4532253113,248.26401632692432,229221.18920898438,GLD,1768
2016-08-04,229858.41538351442,248.26401632692432,229610.1513671875,GLD,1768
2016-08-05,225756.66941183474,248.26401632692432,225508.4053955078,GLD,1768
2016-08-08,225562.18833273317,248.26401632692432,225313.92431640625,GLD,1768
2016-08-09,226481.54239767458,248.26401632692432,226233.27838134766,GLD,1768
2016-08-10,227542.33969992067,248.26401632692432,227294.07568359375,GLD,1768
2016-08-11,225968.82077902224,248.26401632692432,225720.5567626953,GLD,1768
2016-08-12,225491.46671408083,248.26401632692432,225243.2026977539,GLD,1768
2016-08-15,226269.37754171755,248.26401632692432,226021.11352539062,GLD,1768
2016-08-16,227383.22617453005,248.26401632692432,227134.96215820312,GLD,1768
2016-08-17,227436.26401632692,248.26401632692432,227188.0,GLD,1768
2016-08-18,228514.7450954285,248.26401632692432,228266.48107910156,GLD,1768
2016-08-19,226499.22617453005,248.26401632692432,226250.96215820312,GLD,1768
2016-08-22,226163.3018581238,248.26401632692432,225915.03784179688,GLD,1768
2016-08-23,226127.9477931824,248.26401632692432,225879.68377685547,GLD,1768
2016-08-24,223617.37754171755,248.26401632692432,223369.11352539062,GLD,1768
2016-08-25,223422.90995138552,248.26401632692432,223174.6459350586,GLD,1768
2016-08-26,223104.66941183474,248.26401632692432,222856.4053955078,GLD,1768
2016-08-29,223546.66941183474,248.26401632692432,223298.4053955078,GLD,1768
2016-08-30,221301.3018581238,248.26401632692432,221053.03784179688,GLD,1768
2016-08-31,220859.3018581238,248.26401632692432,220611.03784179688,GLD,1768
2016-09-01,221760.98563497927,248.26401632692432,221512.72161865234,GLD,1768
2016-09-02,224024.02347677614,248.26401632692432,223775.75946044922,GLD,1768
2016-09-06,227807.5558864441,248.26401632692432,227559.2918701172,GLD,1768
2016-09-07,227029.63157003786,248.26401632692432,226781.36755371094,GLD,1768
2016-09-08,225827.37754171755,248.26401632692432,225579.11352539062,GLD,1768
2016-09-09,224342.26401632692,248.26401632692432,224094.0,GLD,1768
2016-09-12,224059.37754171755,248.26401632692432,223811.11352539062,GLD,1768
2016-09-13,222574.26401632692,248.26401632692432,222326.0,GLD,1768
2016-09-14,223334.5045558777,248.26401632692432,223086.24053955078,GLD,1768
2016-09-15,221902.42887228396,248.26401632692432,221654.16485595703,GLD,1768
2016-09-16,221354.33969992067,248.26401632692432,221106.07568359375,GLD,1768
2016-09-19,221814.02347677614,248.26401632692432,221565.75946044922,GLD,1768
2016-09-20,222026.18833273317,248.26401632692432,221777.92431640625,GLD,1768
2016-09-21,225261.61808126833,248.26401632692432,225013.3540649414,GLD,1768
2016-09-22,225792.02347677614,248.26401632692432,225543.75946044922,GLD,1768
2016-09-23,225933.46671408083,248.26401632692432,225685.2026977539,GLD,1768
2016-09-26,225756.66941183474,248.26401632692432,225508.4053955078,GLD,1768
2016-09-27,224112.42887228396,248.26401632692432,223864.16485595703,GLD,1768
2016-09-28,223405.22617453005,248.26401632692432,223156.96215820312,GLD,1768
2016-09-29,223140.02347677614,248.26401632692432,222891.75946044922,GLD,1768
2016-09-30,222379.78293722536,248.26401632692432,222131.51892089844,GLD,1768
2016-10-03,221814.02347677614,248.26401632692432,221565.75946044922,GLD,1768
2016-10-04,214123.22617453005,248.26401632692432,213874.96215820312,GLD,1768
2016-10-05,213787.3018581238,248.26401632692432,213539.03784179688,GLD,1768
2016-10-06,211807.1504909363,248.26401632692432,211558.88647460938,GLD,1768
2016-10-07,211948.58023947146,248.26401632692432,211700.31622314453,GLD,1768
2016-10-10,212691.1504909363,248.26401632692432,212442.88647460938,GLD,1768
2016-10-11,211612.66941183474,248.26401632692432,211364.4053955078,GLD,1768
2016-10-12,211948.58023947146,248.26401632692432,211700.31622314453,GLD,1768
2016-10-13,212461.3018581238,248.26401632692432,212213.03784179688,GLD,1768
2016-10-14,211276.7450954285,248.26401632692432,211028.48107910156,GLD,1768
2016-10-17,211842.5045558777,248.26401632692432,211594.24053955078,GLD,1768
2016-10-18,213150.82077902224,248.26401632692432,212902.5567626953,GLD,1768
2016-10-19,214370.7450954285,248.26401632692432,214122.48107910156,GLD,1768
2016-10-20,213716.58023947146,248.26401632692432,213468.31622314453,GLD,1768
2016-10-21,213875.7072536316,248.26401632692432,213627.4432373047,GLD,1768
2016-10-24,213398.33969992067,248.26401632692432,213150.07568359375,GLD,1768
2016-10-25,215007.22617453005,248.26401632692432,214758.96215820312,GLD,1768
2016-10-26,213804.98563497927,248.26401632692432,213556.72161865234,GLD,1768
2016-10-27,214193.9477931824,248.26401632692432,213945.68377685547,GLD,1768
2016-10-28,215201.7072536316,248.26401632692432,214953.4432373047,GLD,1768
2016-10-31,215838.18833273317,248.26401632692432,215589.92431640625,GLD,1768
2016-11-01,217234.90995138552,248.26401632692432,216986.6459350586,GLD,1768
2016-11-02,218843.78293722536,248.26401632692432,218595.51892089844,GLD,1768
2016-11-03,220010.66941183474,248.26401632692432,219762.4053955078,GLD,1768
2016-11-04,220169.78293722536,248.26401632692432,219921.51892089844,GLD,1768
2016-11-07,216209.46671408083,248.26401632692432,215961.2026977539,GLD,1768
2016-11-08,215307.78293722536,248.26401632692432,215059.51892089844,GLD,1768
2016-11-09,215166.33969992067,248.26401632692432,214918.07568359375,GLD,1768
2016-11-10,211966.26401632692,248.26401632692432,211718.0,GLD,1768
2016-11-11,207281.06131857302,248.26401632692432,207032.7973022461,GLD,1768
2016-11-14,205530.7450954285,248.26401632692432,205282.48107910156,GLD,1768
2016-11-15,207316.42887228396,248.26401632692432,207068.16485595703,GLD,1768
2016-11-16,206697.61808126833,248.26401632692432,206449.3540649414,GLD,1768
2016-11-17,205636.82077902224,248.26401632692432,205388.5567626953,GLD,1768
2016-11-18,203833.46671408083,248.26401632692432,203585.2026977539,GLD,1768
2016-11-21,204593.7072536316,248.26401632692432,204345.4432373047,GLD,1768
2016-11-22,204522.98563497927,248.26401632692432,204274.72161865234,GLD,1768
2016-11-23,200474.26401632692,248.26401632692432,200226.0,GLD,1768
2016-11-25,199342.7450954285,248.26401632692432,199094.48107910156,GLD,1768
2016-11-28,201446.66941183474,248.26401632692432,201198.4053955078,GLD,1768
2016-11-29,200509.61808126833,248.26401632692432,200261.3540649414,GLD,1768
2016-11-30,197822.26401632692,248.26401632692432,197574.0,GLD,1768
2016-12-01,197450.98563497927,248.26401632692432,197202.72161865234,GLD,1768
2016-12-02,198511.78293722536,248.26401632692432,198263.51892089844,GLD,1768
2016-12-05,197450.98563497927,248.26401632692432,197202.72161865234,GLD,1768
2016-12-06,197256.5045558777,248.26401632692432,197008.24053955078,GLD,1768
2016-12-07,197963.7072536316,248.26401632692432,197715.4432373047,GLD,1768
2016-12-08,197504.02347677614,248.26401632692432,197255.75946044922,GLD,1768
2016-12-09,195435.46671408083,248.26401632692432,195187.2026977539,GLD,1768
2016-12-12,196178.02347677614,248.26401632692432,195929.75946044922,GLD,1768
2016-12-13,195523.8586208191,248.26401632692432,195275.5946044922,GLD,1768
2016-12-14,192659.7072536316,248.26401632692432,192411.4432373047,GLD,1768
2016-12-15,190025.37754171755,248.26401632692432,189777.11352539062,GLD,1768
2016-12-16,191280.66941183474,248.26401632692432,191032.4053955078,GLD,1768
2016-12-19,192235.37754171755,248.26401632692432,191987.11352539062,GLD,1768
2016-12-20,190820.98563497927,248.26401632692432,190572.72161865234,GLD,1768
2016-12-21,190927.06131857302,248.26401632692432,190678.7973022461,GLD,1768
2016-12-22,190467.37754171755,248.26401632692432,190219.11352539062,GLD,1768
2016-12-23,191068.5045558777,248.26401632692432,190820.24053955078,GLD,1768
2016-12-27,192182.33969992067,248.26401632692432,191934.07568359375,GLD,1768
2016-12-28,192712.7450954285,248.26401632692432,192464.48107910156,GLD,1768
2016-12-29,195240.98563497927,248.26401632692432,194992.72161865234,GLD,1768
2016-12-30,194038.7450954285,248.26401632692432,193790.48107910156,GLD,1768
2017-01-03,195559.22617453005,248.26401632692432,195310.96215820312,GLD,1768
2017-01-04,196248.7450954285,248.26401632692432,196000.48107910156,GLD,1768
2017-01-05,199289.7072536316,248.26401632692432,199041.4432373047,GLD,1768
2017-01-06,197822.26401632692,248.26401632692432,197574.0,GLD,1768
2017-01-09,199448.82077902224,248.26401632692432,199200.5567626953,GLD,1768
2017-01-10,200297.46671408083,248.26401632692432,200049.2026977539,GLD,1768
2017-01-11,200916.26401632692,248.26401632692432,200668.0,GLD,1768
2017-01-12,201641.1504909363,248.26401632692432,201392.88647460938,GLD,1768
2017-01-13,202171.54239767458,248.26401632692432,201923.27838134766,GLD,1768
2017-01-17,205071.06131857302,248.26401632692432,204822.7973022461,GLD,1768
2017-01-18,203338.42887228396,248.26401632692432,203090.16485595703,GLD,1768
2017-01-19,203161.61808126833,248.26401632692432,202913.3540649414,GLD,1768
2017-01-20,203656.66941183474,248.26401632692432,203408.4053955078,GLD,1768
2017-01-23,204964.98563497927,248.26401632692432,204716.72161865234,GLD,1768
2017-01-24,204045.61808126833,248.26401632692432,203797.3540649414,GLD,1768
2017-01-25,202366.02347677614,248.26401632692432,202117.75946044922,GLD,1768
2017-01-26,200491.9477931824,248.26401632692432,200243.68377685547,GLD,1768
2017-01-27,200898.58023947146,248.26401632692432,200650.31622314453,GLD,1768
2017-01-30,201747.22617453005,248.26401632692432,201498.96215820312,GLD,1768
2017-01-31,204540.66941183474,248.26401632692432,204292.4053955078,GLD,1768
2017-02-01,203921.8586208191,248.26401632692432,203673.5946044922,GLD,1768
2017-02-02,205053.37754171755,248.26401632692432,204805.11352539062,GLD,1768
2017-02-03,205566.0991603699,248.26401632692432,205317.83514404297,GLD,1768
2017-02-06,208341.8586208191,248.26401632692432,208093.5946044922,GLD,1768
2017-02-07,207917.54239767458,248.26401632692432,207669.27838134766,GLD,1768
2017-02-08,209208.18833273317,248.26401632692432,208959.92431640625,GLD,1768
2017-02-09,207616.98563497927,248.26401632692432,207368.72161865234,GLD,1768
2017-02-10,208165.06131857302,248.26401632692432,207916.7973022461,GLD,1768
2017-02-13,206750.66941183474,248.26401632692432,206502.4053955078,GLD,1768
2017-02-14,206980.5045558777,248.26401632692432,206732.24053955078,GLD,1768
2017-02-15,207899.8586208191,248.26401632692432,207651.5946044922,GLD,1768
2017-02-16,209013.7072536316,248.26401632692432,208765.4432373047,GLD,1768
2017-02-17,208306.5045558777,248.26401632692432,208058.24053955078,GLD,1768
2017-02-21,208430.26401632692,248.26401632692432,208182.0,GLD,1768
2017-02-22,208713.1504909363,248.26401632692432,208464.88647460938,GLD,1768
2017-02-23,210534.18833273317,248.26401632692432,210285.92431640625,GLD,1768
2017-02-24,211877.8586208191,248.26401632692432,211629.5946044922,GLD,1768
2017-02-27,210852.42887228396,248.26401632692432,210604.16485595703,GLD,1768
2017-02-28,211046.90995138552,248.26401632692432,210798.6459350586,GLD,1768
2017-03-01,210746.33969992067,248.26401632692432,210498.07568359375,GLD,1768
2017-03-02,208129.7072536316,248.26401632692432,207881.4432373047,GLD,1768
2017-03-03,208005.9477931824,248.26401632692432,207757.68377685547,GLD,1768
2017-03-06,206609.22617453005,248.26401632692432,206360.96215820312,GLD,1768
2017-03-07,204947.3018581238,248.26401632692432,204699.03784179688,GLD,1768
2017-03-08,203674.33969992067,248.26401632692432,203426.07568359375,GLD,1768
2017-03-09,202631.22617453005,248.26401632692432,202382.96215820312,GLD,1768
2017-03-10,203073.22617453005,248.26401632692432,202824.96215820312,GLD,1768
2017-03-13,203108.58023947146,248.26401632692432,202860.31622314453,GLD,1768
2017-03-14,202012.42887228396,248.26401632692432,201764.16485595703,GLD,1768
2017-03-15,205778.26401632692,248.26401632692432,205530.0,GLD,1768
2017-03-16,206626.90995138552,248.26401632692432,206378.6459350586,GLD,1768
2017-03-17,207086.58023947146,248.26401632692432,206838.31622314453,GLD,1768
2017-03-20,208005.9477931824,248.26401632692432,207757.68377685547,GLD,1768
2017-03-21,209826.98563497927,248.26401632692432,209578.72161865234,GLD,1768
2017-03-22,210339.7072536316,248.26401632692432,210091.4432373047,GLD,1768
2017-03-23,210056.82077902224,248.26401632692432,209808.5567626953,GLD,1768
2017-03-24,210392.7450954285,248.26401632692432,210144.48107910156,GLD,1768
2017-03-27,211577.3018581238,248.26401632692432,211329.03784179688,GLD,1768
2017-03-28,210710.98563497927,248.26401632692432,210462.72161865234,GLD,1768
2017-03-29,211223.7072536316,248.26401632692432,210975.4432373047,GLD,1768
2017-03-30,209703.22617453005,248.26401632692432,209454.96215820312,GLD,1768
2017-03-31,210145.22617453005,248.26401632692432,209896.96215820312,GLD,1768
2017-04-03,211259.06131857302,248.26401632692432,211010.7973022461,GLD,1768
2017-04-04,211736.42887228396,248.26401632692432,211488.16485595703,GLD,1768
2017-04-05,211736.42887228396,248.26401632692432,211488.16485595703,GLD,1768
2017-04-06,210958.5045558777,248.26401632692432,210710.24053955078,GLD,1768
2017-04-07,211453.54239767458,248.26401632692432,211205.27838134766,GLD,1768
2017-04-10,211453.54239767458,248.26401632692432,211205.27838134766,GLD,1768
2017-04-11,214512.18833273317,248.26401632692432,214263.92431640625,GLD,1768
2017-04-12,215979.61808126833,248.26401632692432,215731.3540649414,GLD,1768
2017-04-13,217005.06131857302,248.26401632692432,216756.7973022461,GLD,1768
2017-04-17,216368.58023947146,248.26401632692432,216120.31622314453,GLD,1768
2017-04-18,217394.02347677614,248.26401632692432,217145.75946044922,GLD,1768
2017-04-19,215466.90995138552,248.26401632692432,215218.6459350586,GLD,1768
2017-04-20,215873.54239767458,248.26401632692432,215625.27838134766,GLD,1768
2017-04-21,216492.33969992067,248.26401632692432,216244.07568359375,GLD,1768
2017-04-24,215024.90995138552,248.26401632692432,214776.6459350586,GLD,1768
2017-04-25,212850.26401632692,248.26401632692432,212602.0,GLD,1768
2017-04-26,213893.37754171755,248.26401632692432,213645.11352539062,GLD,1768
2017-04-27,213097.78293722536,248.26401632692432,212849.51892089844,GLD,1768
2017-04-28,213769.61808126833,248.26401632692432,213521.3540649414,GLD,1768
2017-05-01,211824.82077902224,248.26401632692432,211576.5567626953,GLD,1768
2017-05-02,211789.46671408083,248.26401632692432,211541.2026977539,GLD,1768
2017-05-03,208836.90995138552,248.26401632692432,208588.6459350586,GLD,1768
2017-05-04,206732.98563497927,248.26401632692432,206484.72161865234,GLD,1768
2017-05-05,207121.9477931824,248.26401632692432,206873.68377685547,GLD,1768
2017-05-08,206662.26401632692,248.26401632692432,206414.0,GLD,1768
2017-05-09,205424.66941183474,248.26401632692432,205176.4053955078,GLD,1768
2017-05-10,205406.98563497927,248.26401632692432,205158.72161865234,GLD,1768
2017-05-11,206220.26401632692,248.26401632692432,205972.0,GLD,1768
2017-05-12,206803.7072536316,248.26401632692432,206555.4432373047,GLD,1768
2017-05-15,207351.78293722536,248.26401632692432,207103.51892089844,GLD,1768
2017-05-16,208253.46671408083,248.26401632692432,208005.2026977539,GLD,1768
2017-05-17,212036.98563497927,248.26401632692432,211788.72161865234,GLD,1768
2017-05-18,210304.33969992067,248.26401632692432,210056.07568359375,GLD,1768
2017-05-19,211347.46671408083,248.26401632692432,211099.2026977539,GLD,1768
2017-05-22,212231.46671408083,248.26401632692432,211983.2026977539,GLD,1768
2017-05-23,210887.78293722536,248.26401632692432,210639.51892089844,GLD,1768
2017-05-24,211718.7450954285,248.26401632692432,211470.48107910156,GLD,1768
2017-05-25,211488.90995138552,248.26401632692432,211240.6459350586,GLD,1768
2017-05-26,213362.98563497927,248.26401632692432,213114.72161865234,GLD,1768
2017-05-30,212655.78293722536,248.26401632692432,212407.51892089844,GLD,1768
2017-05-31,213504.42887228396,248.26401632692432,213256.16485595703,GLD,1768
2017-06-01,213681.22617453005,248.26401632692432,213432.96215820312,GLD,1768
2017-06-02,215254.7450954285,248.26401632692432,215006.48107910156,GLD,1768
2017-06-05,215466.90995138552,248.26401632692432,215218.6459350586,GLD,1768
2017-06-06,217889.06131857302,248.26401632692432,217640.7973022461,GLD,1768
2017-06-07,216739.8586208191,248.26401632692432,216491.5946044922,GLD,1768
2017-06-08,215325.46671408083,248.26401632692432,215077.2026977539,GLD,1768
2017-06-09,213362.98563497927,248.26401632692432,213114.72161865234,GLD,1768
2017-06-12,213044.7450954285,248.26401632692432,212796.48107910156,GLD,1768
2017-06-13,213256.90995138552,248.26401632692432,213008.6459350586,GLD,1768
2017-06-14,212090.02347677614,248.26401632692432,211841.75946044922,GLD,1768
2017-06-15,211206.02347677614,248.26401632692432,210957.75946044922,GLD,1768
2017-06-16,211241.37754171755,248.26401632692432,210993.11352539062,GLD,1768
2017-06-19,209632.5045558777,248.26401632692432,209384.24053955078,GLD,1768
2017-06-20,209190.5045558777,248.26401632692432,208942.24053955078,GLD,1768
2017-06-21,209791.61808126833,248.26401632692432,209543.3540649414,GLD,1768
2017-06-22,210498.82077902224,248.26401632692432,210250.5567626953,GLD,1768
2017-06-23,211400.5045558777,248.26401632692432,211152.24053955078,GLD,1768
2017-06-26,209508.7450954285,248.26401632692432,209260.48107910156,GLD,1768
2017-06-27,210304.33969992067,248.26401632692432,210056.07568359375,GLD,1768
2017-06-28,210463.46671408083,248.26401632692432,210215.2026977539,GLD,1768
2017-06-29,209438.02347677614,248.26401632692432,209189.75946044922,GLD,1768
2017-06-30,208907.61808126833,248.26401632692432,208659.3540649414,GLD,1768
2017-07-03,205495.37754171755,248.26401632692432,205247.11352539062,GLD,1768
2017-07-05,206255.61808126833,248.26401632692432,206007.3540649414,GLD,1768
2017-07-06,206167.22617453005,248.26401632692432,205918.96215820312,GLD,1768
2017-07-07,204063.3018581238,248.26401632692432,203815.03784179688,GLD,1768
2017-07-10,204399.22617453005,248.26401632692432,204150.96215820312,GLD,1768
2017-07-11,204664.42887228396,248.26401632692432,204416.16485595703,GLD,1768
2017-07-12,205389.3018581238,248.26401632692432,205141.03784179688,GLD,1768
2017-07-13,205018.02347677614,248.26401632692432,204769.75946044922,GLD,1768
2017-07-14,206697.61808126833,248.26401632692432,206449.3540649414,GLD,1768
2017-07-17,207616.98563497927,248.26401632692432,207368.72161865234,GLD,1768
2017-07-18,209066.7450954285,248.26401632692432,208818.48107910156,GLD,1768
2017-07-19,209013.7072536316,248.26401632692432,208765.4432373047,GLD,1768
2017-07-20,209296.58023947146,248.26401632692432,209048.31622314453,GLD,1768
2017-07-21,211099.9477931824,248.26401632692432,210851.68377685547,GLD,1768
2017-07-24,211188.33969992067,248.26401632692432,210940.07568359375,GLD,1768
2017-07-25,210498.82077902224,248.26401632692432,210250.5567626953,GLD,1768
2017-07-26,212196.0991603699,248.26401632692432,211947.83514404297,GLD,1768
2017-07-27,212036.98563497927,248.26401632692432,211788.72161865234,GLD,1768
2017-07-28,213628.18833273317,248.26401632692432,213379.92431640625,GLD,1768
2017-07-31,213734.26401632692,248.26401632692432,213486.0,GLD,1768
2017-08-01,213557.46671408083,248.26401632692432,213309.2026977539,GLD,1768
2017-08-02,213115.46671408083,248.26401632692432,212867.2026977539,GLD,1768
2017-08-03,213451.37754171755,248.26401632692432,213203.11352539062,GLD,1768
2017-08-04,211789.46671408083,248.26401632692432,211541.2026977539,GLD,1768
2017-08-07,211541.9477931824,248.26401632692432,211293.68377685547,GLD,1768
2017-08-08,212160.7450954285,248.26401632692432,211912.48107910156,GLD,1768
2017-08-09,214724.33969992067,248.26401632692432,214476.07568359375,GLD,1768
2017-08-10,216315.54239767458,248.26401632692432,216067.27838134766,GLD,1768
2017-08-11,217340.98563497927,248.26401632692432,217092.72161865234,GLD,1768
2017-08-14,215802.82077902224,248.26401632692432,215554.5567626953,GLD,1768
2017-08-15,214140.90995138552,248.26401632692432,213892.6459350586,GLD,1768
2017-08-16,215714.42887228396,248.26401632692432,215466.16485595703,GLD,1768
2017-08-17,216810.58023947146,248.26401632692432,216562.31622314453,GLD,1768
2017-08-18,216474.66941183474,248.26401632692432,216226.4053955078,GLD,1768
2017-08-21,217287.9477931824,248.26401632692432,217039.68377685547,GLD,1768
2017-08-22,216315.54239767458,248.26401632692432,216067.27838134766,GLD,1768
2017-08-23,217128.82077902224,248.26401632692432,216880.5567626953,GLD,1768
2017-08-24,216456.98563497927,248.26401632692432,216208.72161865234,GLD,1768
2017-08-25,217252.58023947146,248.26401632692432,217004.31622314453,GLD,1768
2017-08-28,220700.18833273317,248.26401632692432,220451.92431640625,GLD,1768
2017-08-29,220222.82077902224,248.26401632692432,219974.5567626953,GLD,1768
2017-08-30,220116.7450954285,248.26401632692432,219868.48107910156,GLD,1768
2017-08-31,222698.02347677614,248.26401632692432,222449.75946044922,GLD,1768
2017-09-01,223122.33969992067,248.26401632692432,222874.07568359375,GLD,1768
2017-09-05,225597.54239767458,248.26401632692432,225349.27838134766,GLD,1768
2017-09-06,224448.33969992067,248.26401632692432,224200.07568359375,GLD,1768
2017-09-07,226782.11264913942,248.26401632692432,226533.8486328125,GLD,1768
2017-09-08,226499.22617453005,248.26401632692432,226250.96215820312,GLD,1768
2017-09-11,223352.18833273317,248.26401632692432,223103.92431640625,GLD,1768
2017-09-12,224006.33969992067,248.26401632692432,223758.07568359375,GLD,1768
2017-09-13,222326.7450954285,248.26401632692432,222078.48107910156,GLD,1768
2017-09-14,223299.1504909363,248.26401632692432,223050.88647460938,GLD,1768
2017-09-15,222185.3018581238,248.26401632692432,221937.03784179688,GLD,1768
2017-09-18,220116.7450954285,248.26401632692432,219868.48107910156,GLD,1768
2017-09-19,220576.42887228396,248.26401632692432,220328.16485595703,GLD,1768
2017-09-20,218808.42887228396,248.26401632692432,218560.16485595703,GLD,1768
2017-09-21,217146.5045558777,248.26401632692432,216898.24053955078,GLD,1768
2017-09-22,218136.58023947146,248.26401632692432,217888.31622314453,GLD,1768
2017-09-25,220417.3018581238,248.26401632692432,220169.03784179688,GLD,1768
2017-09-26,217959.78293722536,248.26401632692432,217711.51892089844,GLD,1768
2017-09-27,215908.90995138552,248.26401632692432,215660.6459350586,GLD,1768
2017-09-28,216315.54239767458,248.26401632692432,216067.27838134766,GLD,1768
2017-09-29,215201.7072536316,248.26401632692432,214953.4432373047,GLD,1768
2017-10-02,213769.61808126833,248.26401632692432,213521.3540649414,GLD,1768
2017-10-03,213875.7072536316,248.26401632692432,213627.4432373047,GLD,1768
2017-10-04,214476.82077902224,248.26401632692432,214228.5567626953,GLD,1768
2017-10-05,213327.61808126833,248.26401632692432,213079.3540649414,GLD,1768
2017-10-06,214335.37754171755,248.26401632692432,214087.11352539062,GLD,1768
2017-10-09,216085.7072536316,248.26401632692432,215837.4432373047,GLD,1768
2017-10-10,216651.46671408083,248.26401632692432,216403.2026977539,GLD,1768
2017-10-11,217340.98563497927,248.26401632692432,217092.72161865234,GLD,1768
2017-10-12,217517.78293722536,248.26401632692432,217269.51892089844,GLD,1768
2017-10-13,219162.02347677614,248.26401632692432,218913.75946044922,GLD,1768
2017-10-16,217659.22617453005,248.26401632692432,217410.96215820312,GLD,1768
2017-10-17,216174.0991603699,248.26401632692432,215925.83514404297,GLD,1768
2017-10-18,215360.82077902224,248.26401632692432,215112.5567626953,GLD,1768
2017-10-19,216633.78293722536,248.26401632692432,216385.51892089844,GLD,1768
2017-10-20,215254.7450954285,248.26401632692432,215006.48107910156,GLD,1768
2017-10-23,215590.66941183474,248.26401632692432,215342.4053955078,GLD,1768
2017-10-24,214759.7072536316,248.26401632692432,214511.4432373047,GLD,1768
2017-10-25,214795.06131857302,248.26401632692432,214546.7973022461,GLD,1768
2017-10-26,212991.7072536316,248.26401632692432,212743.4432373047,GLD,1768
2017-10-27,213999.46671408083,248.26401632692432,213751.2026977539,GLD,1768
2017-10-30,214406.0991603699,248.26401632692432,214157.83514404297,GLD,1768
2017-10-31,213592.82077902224,248.26401632692432,213344.5567626953,GLD,1768
2017-11-01,214370.7450954285,248.26401632692432,214122.48107910156,GLD,1768
2017-11-02,214512.18833273317,248.26401632692432,214263.92431640625,GLD,1768
2017-11-03,213504.42887228396,248.26401632692432,213256.16485595703,GLD,1768
2017-11-06,215325.46671408083,248.26401632692432,215077.2026977539,GLD,1768
2017-11-07,214547.54239767458,248.26401632692432,214299.27838134766,GLD,1768
2017-11-08,215290.0991603699,248.26401632692432,215041.83514404297,GLD,1768
2017-11-09,216174.0991603699,248.26401632692432,215925.83514404297,GLD,1768
2017-11-10,214406.0991603699,248.26401632692432,214157.83514404297,GLD,1768
2017-11-13,214724.33969992067,248.26401632692432,214476.07568359375,GLD,1768
2017-11-14,215166.33969992067,248.26401632692432,214918.07568359375,GLD,1768
2017-11-15,214901.1504909363,248.26401632692432,214652.88647460938,GLD,1768
2017-11-16,214883.46671408083,248.26401632692432,214635.2026977539,GLD,1768
2017-11-17,217464.7450954285,248.26401632692432,217216.48107910156,GLD,1768
2017-11-20,214724.33969992067,248.26401632692432,214476.07568359375,GLD,1768
2017-11-21,215077.9477931824,248.26401632692432,214829.68377685547,GLD,1768
2017-11-22,217058.0991603699,248.26401632692432,216809.83514404297,GLD,1768
2017-11-24,216510.02347677614,248.26401632692432,216261.75946044922,GLD,1768
2017-11-27,217411.7072536316,248.26401632692432,217163.4432373047,GLD,1768
2017-11-28,217376.33969992067,248.26401632692432,217128.07568359375,GLD,1768
2017-11-29,216014.98563497927,248.26401632692432,215766.72161865234,GLD,1768
2017-11-30,214353.06131857302,248.26401632692432,214104.7973022461,GLD,1768
2017-12-01,215219.37754171755,248.26401632692432,214971.11352539062,GLD,1768
2017-12-04,214494.5045558777,248.26401632692432,214246.24053955078,GLD,1768
2017-12-05,212974.02347677614,248.26401632692432,212725.75946044922,GLD,1768
2017-12-06,212532.02347677614,248.26401632692432,212283.75946044922,GLD,1768
2017-12-07,209738.58023947146,248.26401632692432,209490.31622314453,GLD,1768
2017-12-08,209720.90995138552,248.26401632692432,209472.6459350586,GLD,1768
2017-12-11,208889.9477931824,248.26401632692432,208641.68377685547,GLD,1768
2017-12-12,209137.46671408083,248.26401632692432,208889.2026977539,GLD,1768
2017-12-13,210940.82077902224,248.26401632692432,210692.5567626953,GLD,1768
2017-12-14,210516.5045558777,248.26401632692432,210268.24053955078,GLD,1768
2017-12-15,210958.5045558777,248.26401632692432,210710.24053955078,GLD,1768
2017-12-18,211930.90995138552,248.26401632692432,211682.6459350586,GLD,1768
2017-12-19,212090.02347677614,248.26401632692432,211841.75946044922,GLD,1768
2017-12-20,212655.78293722536,248.26401632692432,212407.51892089844,GLD,1768
2017-12-21,212956.33969992067,248.26401632692432,212708.07568359375,GLD,1768
2017-12-22,214070.18833273317,248.26401632692432,213821.92431640625,GLD,1768
2017-12-26,215537.61808126833,248.26401632692432,215289.3540649414,GLD,1768
2017-12-27,216350.90995138552,248.26401632692432,216102.6459350586,GLD,1768
2017-12-28,217447.06131857302,248.26401632692432,217198.7973022461,GLD,1768
2017-12-29,218861.46671408083,248.26401632692432,218613.2026977539,GLD,1768
2018-01-02,221513.46671408083,248.26401632692432,221265.2026977539,GLD,1768
2018-01-03,220930.02347677614,248.26401632692432,220681.75946044922,GLD,1768
2018-01-04,222061.54239767458,248.26401632692432,221813.27838134766,GLD,1768
2018-01-05,221831.7072536316,248.26401632692432,221583.4432373047,GLD,1768
2018-01-08,221796.33969992067,248.26401632692432,221548.07568359375,GLD,1768
2018-01-09,220770.90995138552,248.26401632692432,220522.6459350586,GLD,1768
2018-01-10,221301.3018581238,248.26401632692432,221053.03784179688,GLD,1768
2018-01-11,222026.18833273317,248.26401632692432,221777.92431640625,GLD,1768
2018-01-12,224713.54239767458,248.26401632692432,224465.27838134766,GLD,1768
2018-01-16,225084.82077902224,248.26401632692432,224836.5567626953,GLD,1768
2018-01-17,223263.78293722536,248.26401632692432,223015.51892089844,GLD,1768
2018-01-18,222768.7450954285,248.26401632692432,222520.48107910156,GLD,1768
2018-01-19,223758.82077902224,248.26401632692432,223510.5567626953,GLD,1768
2018-01-22,224165.46671408083,248.26401632692432,223917.2026977539,GLD,1768
2018-01-23,225279.3018581238,248.26401632692432,225031.03784179688,GLD,1768
2018-01-24,228019.7072536316,248.26401632692432,227771.4432373047,GLD,1768
2018-01-25,226499.22617453005,248.26401632692432,226250.96215820312,GLD,1768
2018-01-26,226676.03696554567,248.26401632692432,226427.77294921875,GLD,1768
2018-01-29,225403.06131857302,248.26401632692432,225154.7973022461,GLD,1768
2018-01-30,224430.66941183474,248.26401632692432,224182.4053955078,GLD,1768
2018-01-31,225933.46671408083,248.26401632692432,225685.2026977539,GLD,1768
2018-02-01,226676.03696554567,248.26401632692432,226427.77294921875,GLD,1768
2018-02-02,223705.78293722536,248.26401632692432,223457.51892089844,GLD,1768
2018-02-05,224271.54239767458,248.26401632692432,224023.27838134766,GLD,1768
2018-02-06,221920.0991603699,248.26401632692432,221671.83514404297,GLD,1768
2018-02-07,220876.98563497927,248.26401632692432,220628.72161865234,GLD,1768
2018-02-08,221212.90995138552,248.26401632692432,220964.6459350586,GLD,1768
2018-02-09,220841.61808126833,248.26401632692432,220593.3540649414,GLD,1768
2018-02-12,221902.42887228396,248.26401632692432,221654.16485595703,GLD,1768
2018-02-13,223157.7072536316,248.26401632692432,222909.4432373047,GLD,1768
2018-02-14,226958.896462616,248.26401632692432,226710.63244628906,GLD,1768
2018-02-15,227224.11264913942,248.26401632692432,226975.8486328125,GLD,1768
2018-02-16,226481.54239767458,248.26401632692432,226233.27838134766,GLD,1768
2018-02-20,223440.58023947146,248.26401632692432,223192.31622314453,GLD,1768
2018-02-21,222415.1504909363,248.26401632692432,222166.88647460938,GLD,1768
2018-02-22,223546.66941183474,248.26401632692432,223298.4053955078,GLD,1768
2018-02-23,223263.78293722536,248.26401632692432,223015.51892089844,GLD,1768
2018-02-26,223811.8586208191,248.26401632692432,223563.5946044922,GLD,1768
2018-02-27,221478.0991603699,248.26401632692432,221229.83514404297,GLD,1768
2018-02-28,221248.26401632692,248.26401632692432,221000.0,GLD,1768
2018-03-01,220753.22617453005,248.26401632692432,220504.96215820312,GLD,1768
2018-03-02,221937.78293722536,248.26401632692432,221689.51892089844,GLD,1768
2018-03-05,221566.5045558777,248.26401632692432,221318.24053955078,GLD,1768
2018-03-06,223953.3018581238,248.26401632692432,223705.03784179688,GLD,1768
2018-03-07,222521.22617453005,248.26401632692432,222272.96215820312,GLD,1768
2018-03-08,221990.82077902224,248.26401632692432,221742.5567626953,GLD,1768
2018-03-09,222202.98563497927,248.26401632692432,221954.72161865234,GLD,1768
2018-03-12,222202.98563497927,248.26401632692432,221954.72161865234,GLD,1768
2018-03-13,222627.3018581238,248.26401632692432,222379.03784179688,GLD,1768
2018-03-14,222485.8586208191,248.26401632692432,222237.5946044922,GLD,1768
2018-03-15,221071.46671408083,248.26401632692432,220823.2026977539,GLD,1768
2018-03-16,220541.06131857302,248.26401632692432,220292.7973022461,GLD,1768
2018-03-19,221018.42887228396,248.26401632692432,220770.16485595703,GLD,1768
2018-03-20,220028.33969992067,248.26401632692432,219780.07568359375,GLD,1768
2018-03-21,223864.90995138552,248.26401632692432,223616.6459350586,GLD,1768
2018-03-22,222980.90995138552,248.26401632692432,222732.6459350586,GLD,1768
2018-03-23,225862.7450954285,248.26401632692432,225614.48107910156,GLD,1768
2018-03-26,227047.3018581238,248.26401632692432,226799.03784179688,GLD,1768
2018-03-27,225650.58023947146,248.26401632692432,225402.31622314453,GLD,1768
2018-03-28,222538.90995138552,248.26401632692432,222290.6459350586,GLD,1768
2018-03-29,222644.98563497927,248.26401632692432,222396.72161865234,GLD,1768
2018-04-02,225243.9477931824,248.26401632692432,224995.68377685547,GLD,1768
2018-04-03,223546.66941183474,248.26401632692432,223298.4053955078,GLD,1768
2018-04-04,223811.8586208191,248.26401632692432,223563.5946044922,GLD,1768
2018-04-05,222662.66941183474,248.26401632692432,222414.4053955078,GLD,1768
2018-04-06,223705.78293722536,248.26401632692432,223457.51892089844,GLD,1768
2018-04-09,224466.02347677614,248.26401632692432,224217.75946044922,GLD,1768
2018-04-10,224996.42887228396,248.26401632692432,224748.16485595703,GLD,1768
2018-04-11,226746.7450954285,248.26401632692432,226498.48107910156,GLD,1768
2018-04-12,224112.42887228396,248.26401632692432,223864.16485595703,GLD,1768
2018-04-13,225579.8586208191,248.26401632692432,225331.5946044922,GLD,1768
2018-04-16,225898.0991603699,248.26401632692432,225649.83514404297,GLD,1768
2018-04-17,226110.26401632692,248.26401632692432,225862.0,GLD,1768
2018-04-18,226287.06131857302,248.26401632692432,226038.7973022461,GLD,1768
2018-04-19,225845.06131857302,248.26401632692432,225596.7973022461,GLD,1768
2018-04-20,224130.0991603699,248.26401632692432,223881.83514404297,GLD,1768
2018-04-23,222344.42887228396,248.26401632692432,222096.16485595703,GLD,1768
2018-04-24,223422.90995138552,248.26401632692432,223174.6459350586,GLD,1768
2018-04-25,221973.1504909363,248.26401632692432,221724.88647460938,GLD,1768
2018-04-26,221195.22617453005,248.26401632692432,220946.96215820312,GLD,1768
2018-04-27,222132.26401632692,248.26401632692432,221884.0,GLD,1768
2018-04-30,220523.37754171755,248.26401632692432,220275.11352539062,GLD,1768
2018-05-01,218967.54239767458,248.26401632692432,218719.27838134766,GLD,1768
2018-05-02,218861.46671408083,248.26401632692432,218613.2026977539,GLD,1768
2018-05-03,219975.3018581238,248.26401632692432,219727.03784179688,GLD,1768
2018-05-04,220434.98563497927,248.26401632692432,220186.72161865234,GLD,1768
2018-05-07,220488.02347677614,248.26401632692432,220239.75946044922,GLD,1768
2018-05-08,220523.37754171755,248.26401632692432,220275.11352539062,GLD,1768
2018-05-09,220063.7072536316,248.26401632692432,219815.4432373047,GLD,1768
2018-05-10,221566.5045558777,248.26401632692432,221318.24053955078,GLD,1768
2018-05-11,221248.26401632692,248.26401632692432,221000.0,GLD,1768
2018-05-14,220346.58023947146,248.26401632692432,220098.31622314453,GLD,1768
2018-05-15,216792.90995138552,248.26401632692432,216544.6459350586,GLD,1768
2018-05-16,216456.98563497927,248.26401632692432,216208.72161865234,GLD,1768
2018-05-17,216580.7450954285,248.26401632692432,216332.48107910156,GLD,1768
2018-05-18,216669.1504909363,248.26401632692432,216420.88647460938,GLD,1768
2018-05-21,216792.90995138552,248.26401632692432,216544.6459350586,GLD,1768
2018-05-22,216669.1504909363,248.26401632692432,216420.88647460938,GLD,1768
2018-05-23,216898.98563497927,248.26401632692432,216650.72161865234,GLD,1768
2018-05-24,218755.37754171755,248.26401632692432,218507.11352539062,GLD,1768
2018-05-25,218083.54239767458,248.26401632692432,217835.27838134766,GLD,1768
2018-05-29,218048.18833273317,248.26401632692432,217799.92431640625,GLD,1768
2018-05-30,218366.42887228396,248.26401632692432,218118.16485595703,GLD,1768
2018-05-31,217889.06131857302,248.26401632692432,217640.7973022461,GLD,1768
2018-06-01,216810.58023947146,248.26401632692432,216562.31622314453,GLD,1768
2018-06-04,216598.42887228396,248.26401632692432,216350.16485595703,GLD,1768
2018-06-05,217447.06131857302,248.26401632692432,217198.7973022461,GLD,1768
2018-06-06,217570.82077902224,248.26401632692432,217322.5567626953,GLD,1768
2018-06-07,217464.7450954285,248.26401632692432,217216.48107910156,GLD,1768
2018-06-08,217729.9477931824,248.26401632692432,217481.68377685547,GLD,1768
2018-06-11,218118.90995138552,248.26401632692432,217870.6459350586,GLD,1768
2018-06-12,217394.02347677614,248.26401632692432,217145.75946044922,GLD,1768
2018-06-13,218048.18833273317,248.26401632692432,217799.92431640625,GLD,1768
2018-06-14,218384.0991603699,248.26401632692432,218135.83514404297,GLD,1768
2018-06-15,214777.37754171755,248.26401632692432,214529.11352539062,GLD,1768
2018-06-18,214370.7450954285,248.26401632692432,214122.48107910156,GLD,1768
2018-06-19,213822.66941183474,248.26401632692432,213574.4053955078,GLD,1768
2018-06-20,212867.9477931824,248.26401632692432,212619.68377685547,GLD,1768
2018-06-21,212496.66941183474,248.26401632692432,212248.4053955078,GLD,1768
2018-06-22,213009.37754171755,248.26401632692432,212761.11352539062,GLD,1768
2018-06-25,212213.78293722536,248.26401632692432,211965.51892089844,GLD,1768
2018-06-26,211099.9477931824,248.26401632692432,210851.68377685547,GLD,1768
2018-06-27,209897.7072536316,248.26401632692432,209649.4432373047,GLD,1768
2018-06-28,209261.22617453005,248.26401632692432,209012.96215820312,GLD,1768
2018-06-29,210021.46671408083,248.26401632692432,209773.2026977539,GLD,1768
2018-07-02,207917.54239767458,248.26401632692432,207669.27838134766,GLD,1768
2018-07-03,210021.46671408083,248.26401632692432,209773.2026977539,GLD,1768
2018-07-05,210728.66941183474,248.26401632692432,210480.4053955078,GLD,1768
2018-07-06,210392.7450954285,248.26401632692432,210144.48107910156,GLD,1768
2018-07-09,210905.46671408083,248.26401632692432,210657.2026977539,GLD,1768
2018-07-10,210516.5045558777,248.26401632692432,210268.24053955078,GLD,1768
2018-07-11,208235.78293722536,248.26401632692432,207987.51892089844,GLD,1768
2018-07-12,209102.0991603699,248.26401632692432,208853.83514404297,GLD,1768
2018-07-13,208182.7450954285,248.26401632692432,207934.48107910156,GLD,1768
2018-07-16,208076.66941183474,248.26401632692432,207828.4053955078,GLD,1768
2018-07-17,205831.3018581238,248.26401632692432,205583.03784179688,GLD,1768
2018-07-18,205884.33969992067,248.26401632692432,205636.07568359375,GLD,1768
2018-07-19,205000.33969992067,248.26401632692432,204752.07568359375,GLD,1768
2018-07-20,206326.33969992067,248.26401632692432,206078.07568359375,GLD,1768
2018-07-23,205336.26401632692,248.26401632692432,205088.0,GLD,1768
2018-07-24,205406.98563497927,248.26401632692432,205158.72161865234,GLD,1768
2018-07-25,206538.5045558777,248.26401632692432,206290.24053955078,GLD,1768
2018-07-26,204929.61808126833,248.26401632692432,204681.3540649414,GLD,1768
2018-07-27,205035.7072536316,248.26401632692432,204787.4432373047,GLD,1768
2018-07-30,204717.46671408083,248.26401632692432,204469.2026977539,GLD,1768
2018-07-31,205318.58023947146,248.26401632692432,205070.31622314453,GLD,1768
2018-08-01,203815.78293722536,248.26401632692432,203567.51892089844,GLD,1768
2018-08-02,202719.61808126833,248.26401632692432,202471.3540649414,GLD,1768
2018-08-03,203426.82077902224,248.26401632692432,203178.5567626953,GLD,1768
2018-08-06,202383.7072536316,248.26401632692432,202135.4432373047,GLD,1768
2018-08-07,202843.37754171755,248.26401632692432,202595.11352539062,GLD,1768
2018-08-08,203409.1504909363,248.26401632692432,203160.88647460938,GLD,1768
2018-08-09,203108.58023947146,248.26401632692432,202860.31622314453,GLD,1768
2018-08-10,203020.18833273317,248.26401632692432,202771.92431640625,GLD,1768
2018-08-13,199961.54239767458,248.26401632692432,199713.27838134766,GLD,1768
2018-08-14,200156.02347677614,248.26401632692432,199907.75946044922,GLD,1768
2018-08-15,196832.18833273317,248.26401632692432,196583.92431640625,GLD,1768
2018-08-16,196673.06131857302,248.26401632692432,196424.7973022461,GLD,1768
2018-08-17,198494.0991603699,248.26401632692432,198245.83514404297,GLD,1768
2018-08-20,199484.18833273317,248.26401632692432,199235.92431640625,GLD,1768
2018-08-21,200067.61808126833,248.26401632692432,199819.3540649414,GLD,1768
2018-08-22,200509.61808126833,248.26401632692432,200261.3540649414,GLD,1768
2018-08-23,198617.8586208191,248.26401632692432,198369.5946044922,GLD,1768
2018-08-24,202083.1504909363,248.26401632692432,201834.88647460938,GLD,1768
2018-08-27,202843.37754171755,248.26401632692432,202595.11352539062,GLD,1768
2018-08-28,201234.5045558777,248.26401632692432,200986.24053955078,GLD,1768
2018-08-29,202153.8586208191,248.26401632692432,201905.5946044922,GLD,1768
2018-08-30,201163.78293722536,248.26401632692432,200915.51892089844,GLD,1768
2018-08-31,200933.9477931824,248.26401632692432,200685.68377685547,GLD,1768
2018-09-04,199908.5045558777,248.26401632692432,199660.24053955078,GLD,1768
2018-09-05,200598.02347677614,248.26401632692432,200349.75946044922,GLD,1768
2018-09-06,200986.98563497927,248.26401632692432,200738.72161865234,GLD,1768
2018-09-07,200438.90995138552,248.26401632692432,200190.6459350586,GLD,1768
2018-09-10,200297.46671408083,248.26401632692432,200049.2026977539,GLD,1768
2018-09-11,200421.22617453005,248.26401632692432,200172.96215820312,GLD,1768
2018-09-12,202100.82077902224,248.26401632692432,201852.5567626953,GLD,1768
2018-09-13,201375.9477931824,248.26401632692432,201127.68377685547,GLD,1768
2018-09-14,200067.61808126833,248.26401632692432,199819.3540649414,GLD,1768
2018-09-17,201110.7450954285,248.26401632692432,200862.48107910156,GLD,1768
2018-09-18,200810.18833273317,248.26401632692432,200561.92431640625,GLD,1768
2018-09-19,201588.0991603699,248.26401632692432,201339.83514404297,GLD,1768
2018-09-20,202277.61808126833,248.26401632692432,202029.3540649414,GLD,1768
2018-09-21,200898.58023947146,248.26401632692432,200650.31622314453,GLD,1768
2018-09-24,200863.22617453005,248.26401632692432,200614.96215820312,GLD,1768
2018-09-25,201181.46671408083,248.26401632692432,200933.2026977539,GLD,1768
2018-09-26,200120.66941183474,248.26401632692432,199872.4053955078,GLD,1768
2018-09-27,198352.66941183474,248.26401632692432,198104.4053955078,GLD,1768
2018-09-28,199607.9477931824,248.26401632692432,199359.68377685547,GLD,1768
2018-10-01,199272.02347677614,248.26401632692432,199023.75946044922,GLD,1768
2018-10-02,201570.42887228396,248.26401632692432,201322.16485595703,GLD,1768
2018-10-03,200774.82077902224,248.26401632692432,200526.5567626953,GLD,1768
2018-10-04,200880.90995138552,248.26401632692432,200632.6459350586,GLD,1768
2018-10-05,201446.66941183474,248.26401632692432,201198.4053955078,GLD,1768
2018-10-08,199218.98563497927,248.26401632692432,198970.72161865234,GLD,1768
2018-10-09,199325.06131857302,248.26401632692432,199076.7973022461,GLD,1768
2018-10-10,199820.0991603699,248.26401632692432,199571.83514404297,GLD,1768
2018-10-11,204947.3018581238,248.26401632692432,204699.03784179688,GLD,1768
2018-10-12,203974.90995138552,248.26401632692432,203726.6459350586,GLD,1768
2018-10-15,205336.26401632692,248.26401632692432,205088.0,GLD,1768
2018-10-16,204982.66941183474,248.26401632692432,204734.4053955078,GLD,1768
2018-10-17,204964.98563497927,248.26401632692432,204716.72161865234,GLD,1768
2018-10-18,205194.82077902224,248.26401632692432,204946.5567626953,GLD,1768
2018-10-19,205353.9477931824,248.26401632692432,205105.68377685547,GLD,1768
2018-10-22,204823.54239767458,248.26401632692432,204575.27838134766,GLD,1768
2018-10-23,206025.78293722536,248.26401632692432,205777.51892089844,GLD,1768
2018-10-24,206503.1504909363,248.26401632692432,206254.88647460938,GLD,1768
2018-10-25,206043.46671408083,248.26401632692432,205795.2026977539,GLD,1768
2018-10-26,206697.61808126833,248.26401632692432,206449.3540649414,GLD,1768
2018-10-29,205884.33969992067,248.26401632692432,205636.07568359375,GLD,1768
2018-10-30,204982.66941183474,248.26401632692432,204734.4053955078,GLD,1768
2018-10-31,203833.46671408083,248.26401632692432,203585.2026977539,GLD,1768
2018-11-01,206450.0991603699,248.26401632692432,206201.83514404297,GLD,1768
2018-11-02,206485.46671408083,248.26401632692432,206237.2026977539,GLD,1768
2018-11-05,205990.42887228396,248.26401632692432,205742.16485595703,GLD,1768
2018-11-06,205406.98563497927,248.26401632692432,205158.72161865234,GLD,1768
2018-11-07,205389.3018581238,248.26401632692432,205141.03784179688,GLD,1768
2018-11-08,204947.3018581238,248.26401632692432,204699.03784179688,GLD,1768
2018-11-09,202648.90995138552,248.26401632692432,202400.6459350586,GLD,1768
2018-11-12,201199.1504909363,248.26401632692432,200950.88647460938,GLD,1768
2018-11-13,201269.8586208191,248.26401632692432,201021.5946044922,GLD,1768
2018-11-14,202931.78293722536,248.26401632692432,202683.51892089844,GLD,1768
2018-11-15,203161.61808126833,248.26401632692432,202913.3540649414,GLD,1768
2018-11-16,204664.42887228396,248.26401632692432,204416.16485595703,GLD,1768
2018-11-19,204752.82077902224,248.26401632692432,204504.5567626953,GLD,1768
2018-11-20,204752.82077902224,248.26401632692432,204504.5567626953,GLD,1768
2018-11-21,205088.7450954285,248.26401632692432,204840.48107910156,GLD,1768
2018-11-23,204929.61808126833,248.26401632692432,204681.3540649414,GLD,1768
2018-11-26,204699.78293722536,248.26401632692432,204451.51892089844,GLD,1768
2018-11-27,203479.8586208191,248.26401632692432,203231.5946044922,GLD,1768
2018-11-28,204240.0991603699,248.26401632692432,203991.83514404297,GLD,1768
2018-11-29,204876.58023947146,248.26401632692432,204628.31622314453,GLD,1768
2018-11-30,204522.98563497927,248.26401632692432,204274.72161865234,GLD,1768
2018-12-03,206061.1504909363,248.26401632692432,205812.88647460938,GLD,1768
2018-12-04,207316.42887228396,248.26401632692432,207068.16485595703,GLD,1768
2018-12-06,207351.78293722536,248.26401632692432,207103.51892089844,GLD,1768
2018-12-07,209031.37754171755,248.26401632692432,208783.11352539062,GLD,1768
2018-12-10,208306.5045558777,248.26401632692432,208058.24053955078,GLD,1768
2018-12-11,208058.98563497927,248.26401632692432,207810.72161865234,GLD,1768
2018-12-12,208500.98563497927,248.26401632692432,208252.72161865234,GLD,1768
2018-12-13,208041.3018581238,248.26401632692432,207793.03784179688,GLD,1768
2018-12-14,207210.33969992067,248.26401632692432,206962.07568359375,GLD,1768
2018-12-17,208642.42887228396,248.26401632692432,208394.16485595703,GLD,1768
2018-12-18,209137.46671408083,248.26401632692432,208889.2026977539,GLD,1768
2018-12-19,207864.5045558777,248.26401632692432,207616.24053955078,GLD,1768
2018-12-20,211064.58023947146,248.26401632692432,210816.31622314453,GLD,1768
2018-12-21,210145.22617453005,248.26401632692432,209896.96215820312,GLD,1768
2018-12-24,212443.61808126833,248.26401632692432,212195.3540649414,GLD,1768
2018-12-26,211807.1504909363,248.26401632692432,211558.88647460938,GLD,1768
2018-12-27,213416.02347677614,248.26401632692432,213167.75946044922,GLD,1768
2018-12-28,214282.33969992067,248.26401632692432,214034.07568359375,GLD,1768
2018-12-31,214618.26401632692,248.26401632692432,214370.0,GLD,1768
2019-01-02,214759.7072536316,248.26401632692432,214511.4432373047,GLD,1768
2019-01-03,216704.5045558777,248.26401632692432,216456.24053955078,GLD,1768
2019-01-04,214954.18833273317,248.26401632692432,214705.92431640625,GLD,1768
2019-01-07,215696.7450954285,248.26401632692432,215448.48107910156,GLD,1768
2019-01-08,215113.3018581238,248.26401632692432,214865.03784179688,GLD,1768
2019-01-09,216492.33969992067,248.26401632692432,216244.07568359375,GLD,1768
2019-01-10,215219.37754171755,248.26401632692432,214971.11352539062,GLD,1768
2019-01-11,215590.66941183474,248.26401632692432,215342.4053955078,GLD,1768
2019-01-14,216103.37754171755,248.26401632692432,215855.11352539062,GLD,1768
2019-01-15,215732.0991603699,248.26401632692432,215483.83514404297,GLD,1768
2019-01-16,216421.61808126833,248.26401632692432,216173.3540649414,GLD,1768
2019-01-17,216138.7450954285,248.26401632692432,215890.48107910156,GLD,1768
2019-01-18,214211.61808126833,248.26401632692432,213963.3540649414,GLD,1768
2019-01-22,214971.8586208191,248.26401632692432,214723.5946044922,GLD,1768
2019-01-23,214671.3018581238,248.26401632692432,214423.03784179688,GLD,1768
2019-01-24,214335.37754171755,248.26401632692432,214087.11352539062,GLD,1768
2019-01-25,217464.7450954285,248.26401632692432,217216.48107910156,GLD,1768
2019-01-28,218224.98563497927,248.26401632692432,217976.72161865234,GLD,1768
2019-01-29,219444.90995138552,248.26401632692432,219196.6459350586,GLD,1768
2019-01-30,220700.18833273317,248.26401632692432,220451.92431640625,GLD,1768
2019-01-31,220806.26401632692,248.26401632692432,220558.0,GLD,1768
2019-02-01,220364.26401632692,248.26401632692432,220116.0,GLD,1768
2019-02-04,219409.54239767458,248.26401632692432,219161.27838134766,GLD,1768
2019-02-05,219975.3018581238,248.26401632692432,219727.03784179688,GLD,1768
2019-02-06,218490.18833273317,248.26401632692432,218241.92431640625,GLD,1768
2019-02-07,219020.58023947146,248.26401632692432,218772.31622314453,GLD,1768
2019-02-08,219851.54239767458,248.26401632692432,219603.27838134766,GLD,1768
2019-02-11,218773.06131857302,248.26401632692432,218524.7973022461,GLD,1768
2019-02-12,219232.7450954285,248.26401632692432,218984.48107910156,GLD,1768
2019-02-13,218366.42887228396,248.26401632692432,218118.16485595703,GLD,1768
2019-02-14,219586.33969992067,248.26401632692432,219338.07568359375,GLD,1768
2019-02-15,220894.66941183474,248.26401632692432,220646.4053955078,GLD,1768
2019-02-19,224253.8586208191,248.26401632692432,224005.5946044922,GLD,1768
2019-02-20,223864.90995138552,248.26401632692432,223616.6459350586,GLD,1768
2019-02-21,221336.66941183474,248.26401632692432,221088.4053955078,GLD,1768
2019-02-22,222132.26401632692,248.26401632692432,221884.0,GLD,1768
2019-02-25,221902.42887228396,248.26401632692432,221654.16485595703,GLD,1768
2019-02-26,222273.7072536316,248.26401632692432,222025.4432373047,GLD,1768
2019-02-27,220700.18833273317,248.26401632692432,220451.92431640625,GLD,1768
2019-02-28,219462.58023947146,248.26401632692432,219214.31622314453,GLD,1768
2019-03-01,215732.0991603699,248.26401632692432,215483.83514404297,GLD,1768
2019-03-04,215166.33969992067,248.26401632692432,214918.07568359375,GLD,1768
2019-03-05,215449.22617453005,248.26401632692432,215200.96215820312,GLD,1768
2019-03-06,215254.7450954285,248.26401632692432,215006.48107910156,GLD,1768
2019-03-07,215077.9477931824,248.26401632692432,214829.68377685547,GLD,1768
2019-03-08,217429.37754171755,248.26401632692432,217181.11352539062,GLD,1768
2019-03-11,216368.58023947146,248.26401632692432,216120.31622314453,GLD,1768
2019-03-12,217676.90995138552,248.26401632692432,217428.6459350586,GLD,1768
2019-03-13,219197.37754171755,248.26401632692432,218949.11352539062,GLD,1768
2019-03-14,216669.1504909363,248.26401632692432,216420.88647460938,GLD,1768
2019-03-15,217659.22617453005,248.26401632692432,217410.96215820312,GLD,1768
2019-03-18,217782.98563497927,248.26401632692432,217534.72161865234,GLD,1768
2019-03-19,218384.0991603699,248.26401632692432,218135.83514404297,GLD,1768
2019-03-20,219798.5045558777,248.26401632692432,219550.24053955078,GLD,1768
2019-03-21,218914.5045558777,248.26401632692432,218666.24053955078,GLD,1768
2019-03-22,219427.22617453005,248.26401632692432,219178.96215820312,GLD,1768
2019-03-25,221106.82077902224,248.26401632692432,220858.5567626953,GLD,1768
2019-03-26,220010.66941183474,248.26401632692432,219762.4053955078,GLD,1768
2019-03-27,218861.46671408083,248.26401632692432,218613.2026977539,GLD,1768
2019-03-28,215767.46671408083,248.26401632692432,215519.2026977539,GLD,1768
2019-03-29,215961.9477931824,248.26401632692432,215713.68377685547,GLD,1768
2019-04-01,215113.3018581238,248.26401632692432,214865.03784179688,GLD,1768
2019-04-02,215908.90995138552,248.26401632692432,215660.6459350586,GLD,1768
2019-04-03,215590.66941183474,248.26401632692432,215342.4053955078,GLD,1768
2019-04-04,216138.7450954285,248.26401632692432,215890.48107910156,GLD,1768
2019-04-05,215908.90995138552,248.26401632692432,215660.6459350586,GLD,1768
2019-04-08,216845.9477931824,248.26401632692432,216597.68377685547,GLD,1768
2019-04-09,217977.46671408083,248.26401632692432,217729.2026977539,GLD,1768
2019-04-10,218649.3018581238,248.26401632692432,218401.03784179688,GLD,1768
2019-04-11,215855.8586208191,248.26401632692432,215607.5946044922,GLD,1768
2019-04-12,215643.7072536316,248.26401632692432,215395.4432373047,GLD,1768
2019-04-15,215237.06131857302,248.26401632692432,214988.7973022461,GLD,1768
2019-04-16,213309.9477931824,248.26401632692432,213061.68377685547,GLD,1768
2019-04-17,212903.3018581238,248.26401632692432,212655.03784179688,GLD,1768
2019-04-18,213062.42887228396,248.26401632692432,212814.16485595703,GLD,1768
2019-04-22,213062.42887228396,248.26401632692432,212814.16485595703,GLD,1768
2019-04-23,212620.42887228396,248.26401632692432,212372.16485595703,GLD,1768
2019-04-24,213239.22617453005,248.26401632692432,212990.96215820312,GLD,1768
2019-04-25,213416.02347677614,248.26401632692432,213167.75946044922,GLD,1768
2019-04-26,214830.42887228396,248.26401632692432,214582.16485595703,GLD,1768
2019-04-29,213875.7072536316,248.26401632692432,213627.4432373047,GLD,1768
2019-04-30,214529.8586208191,248.26401632692432,214281.5946044922,GLD,1768
2019-05-01,213115.46671408083,248.26401632692432,212867.2026977539,GLD,1768
2019-05-02,212302.18833273317,248.26401632692432,212053.92431640625,GLD,1768
2019-05-03,213557.46671408083,248.26401632692432,213309.2026977539,GLD,1768
2019-05-06,213840.33969992067,248.26401632692432,213592.07568359375,GLD,1768
2019-05-07,214547.54239767458,248.26401632692432,214299.27838134766,GLD,1768
2019-05-08,214017.1504909363,248.26401632692432,213768.88647460938,GLD,1768
2019-05-09,214529.8586208191,248.26401632692432,214281.5946044922,GLD,1768
2019-05-10,214936.5045558777,248.26401632692432,214688.24053955078,GLD,1768
2019-05-13,217128.82077902224,248.26401632692432,216880.5567626953,GLD,1768
2019-05-14,216757.54239767458,248.26401632692432,216509.27838134766,GLD,1768
2019-05-15,216633.78293722536,248.26401632692432,216385.51892089844,GLD,1768
2019-05-16,215077.9477931824,248.26401632692432,214829.68377685547,GLD,1768
2019-05-17,213557.46671408083,248.26401632692432,213309.2026977539,GLD,1768
2019-05-20,213539.78293722536,248.26401632692432,213291.51892089844,GLD,1768
2019-05-21,213044.7450954285,248.26401632692432,212796.48107910156,GLD,1768
2019-05-22,212832.58023947146,248.26401632692432,212584.31622314453,GLD,1768
2019-05-23,214476.82077902224,248.26401632692432,214228.5567626953,GLD,1768
2019-05-24,214706.66941183474,248.26401632692432,214458.4053955078,GLD,1768
2019-05-28,213875.7072536316,248.26401632692432,213627.4432373047,GLD,1768
2019-05-29,213946.42887228396,248.26401632692432,213698.16485595703,GLD,1768
2019-05-30,215396.18833273317,248.26401632692432,215147.92431640625,GLD,1768
2019-05-31,218295.7072536316,248.26401632692432,218047.4432373047,GLD,1768
2019-06-03,221442.7450954285,248.26401632692432,221194.48107910156,GLD,1768
2019-06-04,221513.46671408083,248.26401632692432,221265.2026977539,GLD,1768
2019-06-05,222079.22617453005,248.26401632692432,221830.96215820312,GLD,1768
2019-06-06,222804.0991603699,248.26401632692432,222555.83514404297,GLD,1768
2019-06-07,224059.37754171755,248.26401632692432,223811.11352539062,GLD,1768
2019-06-10,221831.7072536316,248.26401632692432,221583.4432373047,GLD,1768
2019-06-11,221566.5045558777,248.26401632692432,221318.24053955078,GLD,1768
2019-06-12,222715.7072536316,248.26401632692432,222467.4432373047,GLD,1768
2019-06-13,224077.06131857302,248.26401632692432,223828.7973022461,GLD,1768
2019-06-14,224006.33969992067,248.26401632692432,223758.07568359375,GLD,1768
2019-06-17,223864.90995138552,248.26401632692432,223616.6459350586,GLD,1768
2019-06-18,224996.42887228396,248.26401632692432,224748.16485595703,GLD,1768
2019-06-19,226357.78293722536,248.26401632692432,226109.51892089844,GLD,1768
2019-06-20,232050.7450954285,248.26401632692432,231802.48107910156,GLD,1768
2019-06-21,233588.896462616,248.26401632692432,233340.63244628906,GLD,1768
2019-06-24,237054.18833273317,248.26401632692432,236805.92431640625,GLD,1768
2019-06-25,237513.8586208191,248.26401632692432,237265.5946044922,GLD,1768
2019-06-26,235339.22617453005,248.26401632692432,235090.96215820312,GLD,1768
2019-06-27,235109.37754171755,248.26401632692432,234861.11352539062,GLD,1768
2019-06-28,235745.8586208191,248.26401632692432,235497.5946044922,GLD,1768
2019-07-01,231184.41538351442,248.26401632692432,230936.1513671875,GLD,1768
2019-07-02,236117.1504909363,248.26401632692432,235868.88647460938,GLD,1768
2019-07-03,236506.11264913942,248.26401632692432,236257.8486328125,GLD,1768
2019-07-05,233871.78293722536,248.26401632692432,233623.51892089844,GLD,1768
2019-07-08,232368.97214620974,248.26401632692432,232120.7081298828,GLD,1768
2019-07-09,233182.26401632692,248.26401632692432,232934.0,GLD,1768
2019-07-10,236859.7072536316,248.26401632692432,236611.4432373047,GLD,1768
2019-07-11,234861.8586208191,248.26401632692432,234613.5946044922,GLD,1768
2019-07-12,236329.3018581238,248.26401632692432,236081.03784179688,GLD,1768
2019-07-15,236329.3018581238,248.26401632692432,236081.03784179688,GLD,1768
2019-07-16,234331.4532253113,248.26401632692432,234083.18920898438,GLD,1768
2019-07-17,238185.7072536316,248.26401632692432,237937.4432373047,GLD,1768
2019-07-18,241544.896462616,248.26401632692432,241296.63244628906,GLD,1768
2019-07-19,237991.22617453005,248.26401632692432,237742.96215820312,GLD,1768
2019-07-22,237955.8586208191,248.26401632692432,237707.5946044922,GLD,1768
2019-07-23,236612.18833273317,248.26401632692432,236363.92431640625,GLD,1768
2019-07-24,237814.41538351442,248.26401632692432,237566.1513671875,GLD,1768
2019-07-25,236134.82077902224,248.26401632692432,235886.5567626953,GLD,1768
2019-07-26,236523.78293722536,248.26401632692432,236275.51892089844,GLD,1768
2019-07-29,238097.3018581238,248.26401632692432,237849.03784179688,GLD,1768
2019-07-30,238892.896462616,248.26401632692432,238644.63244628906,GLD,1768
2019-07-31,235763.5558864441,248.26401632692432,235515.2918701172,GLD,1768
2019-08-01,241421.1504909363,248.26401632692432,241172.88647460938,GLD,1768
2019-08-02,240501.78293722536,248.26401632692432,240253.51892089844,GLD,1768
2019-08-05,243860.97214620974,248.26401632692432,243612.7081298828,GLD,1768
2019-08-06,245841.1504909363,248.26401632692432,245592.88647460938,GLD,1768
2019-08-07,249571.63157003786,248.26401632692432,249323.36755371094,GLD,1768
2019-08-08,250826.896462616,248.26401632692432,250578.63244628906,GLD,1768
2019-08-09,249995.93430441286,248.26401632692432,249747.67028808594,GLD,1768
2019-08-12,252418.11264913942,248.26401632692432,252169.8486328125,GLD,1768
2019-08-13,250915.3018581238,248.26401632692432,250667.03784179688,GLD,1768
2019-08-14,252630.26401632692,248.26401632692432,252382.0,GLD,1768
2019-08-15,254309.8586208191,248.26401632692432,254061.5946044922,GLD,1768
2019-08-16,252683.3018581238,248.26401632692432,252435.03784179688,GLD,1768
2019-08-19,249730.7450954285,248.26401632692432,249482.48107910156,GLD,1768
2019-08-20,251675.5558864441,248.26401632692432,251427.2918701172,GLD,1768
2019-08-21,250879.93430441286,248.26401632692432,250631.67028808594,GLD,1768
2019-08-22,250243.4532253113,248.26401632692432,249995.18920898438,GLD,1768
2019-08-23,255140.82077902224,248.26401632692432,254892.5567626953,GLD,1768
2019-08-26,255176.18833273317,248.26401632692432,254927.92431640625,GLD,1768
2019-08-27,257616.03696554567,248.26401632692432,257367.77294921875,GLD,1768
2019-08-28,256891.1504909363,248.26401632692432,256642.88647460938,GLD,1768
2019-08-29,255052.41538351442,248.26401632692432,254804.1513671875,GLD,1768
2019-08-30,254398.26401632692,248.26401632692432,254150.0,GLD,1768
2019-09-03,257934.26401632692,248.26401632692432,257686.0,GLD,1768
2019-09-04,259543.1504909363,248.26401632692432,259294.88647460938,GLD,1768
2019-09-05,253319.78293722536,248.26401632692432,253071.51892089844,GLD,1768
2019-09-06,251162.82077902224,248.26401632692432,250914.5567626953,GLD,1768
2019-09-09,250225.78293722536,248.26401632692432,249977.51892089844,GLD,1768
2019-09-10,248086.49106710817,248.26401632692432,247838.22705078125,GLD,1768
2019-09-11,249589.3018581238,248.26401632692432,249341.03784179688,GLD,1768
2019-09-12,250102.03696554567,248.26401632692432,249853.77294921875,GLD,1768
2019-09-13,248033.4532253113,248.26401632692432,247785.18920898438,GLD,1768
2019-09-16,250102.03696554567,248.26401632692432,249853.77294921875,GLD,1768
2019-09-17,250597.07480734255,248.26401632692432,250348.81079101562,GLD,1768
2019-09-18,249023.5558864441,248.26401632692432,248775.2918701172,GLD,1768
2019-09-19,250031.3018581238,248.26401632692432,249783.03784179688,GLD,1768
2019-09-20,252983.8586208191,248.26401632692432,252735.5946044922,GLD,1768
2019-09-23,254398.26401632692,248.26401632692432,254150.0,GLD,1768
2019-09-24,255741.93430441286,248.26401632692432,255493.67028808594,GLD,1768
2019-09-25,251003.7072536316,248.26401632692432,250755.4432373047,GLD,1768
2019-09-26,250932.97214620974,248.26401632692432,250684.7081298828,GLD,1768
2019-09-27,249642.33969992067,248.26401632692432,249394.07568359375,GLD,1768
2019-09-30,245770.41538351442,248.26401632692432,245522.1513671875,GLD,1768
2019-10-01,247114.11264913942,248.26401632692432,246865.8486328125,GLD,1768
2019-10-02,249995.93430441286,248.26401632692432,249747.67028808594,GLD,1768
2019-10-03,251127.4532253113,248.26401632692432,250879.18920898438,GLD,1768
2019-10-04,251127.4532253113,248.26401632692432,250879.18920898438,GLD,1768
2019-10-07,248988.18833273317,248.26401632692432,248739.92431640625,GLD,1768
2019-10-08,251162.82077902224,248.26401632692432,250914.5567626953,GLD,1768
2019-10-09,251392.66941183474,248.26401632692432,251144.4053955078,GLD,1768
2019-10-10,249200.33969992067,248.26401632692432,248952.07568359375,GLD,1768
2019-10-11,247821.3018581238,248.26401632692432,247573.03784179688,GLD,1768
2019-10-14,248811.37754171755,248.26401632692432,248563.11352539062,GLD,1768
2019-10-15,247078.7450954285,248.26401632692432,246830.48107910156,GLD,1768
2019-10-16,248493.1504909363,248.26401632692432,248244.88647460938,GLD,1768
2019-10-17,248846.7450954285,248.26401632692432,248598.48107910156,GLD,1768
2019-10-18,248581.5558864441,248.26401632692432,248333.2918701172,GLD,1768
2019-10-21,247396.97214620974,248.26401632692432,247148.7081298828,GLD,1768
2019-10-22,248121.8586208191,248.26401632692432,247873.5946044922,GLD,1768
2019-10-23,248705.3018581238,248.26401632692432,248457.03784179688,GLD,1768
2019-10-24,250473.3018581238,248.26401632692432,250225.03784179688,GLD,1768
2019-10-25,251056.7450954285,248.26401632692432,250808.48107910156,GLD,1768
2019-10-28,248899.78293722536,248.26401632692432,248651.51892089844,GLD,1768
2019-10-29,248210.26401632692,248.26401632692432,247962.0,GLD,1768
2019-10-30,249571.63157003786,248.26401632692432,249323.36755371094,GLD,1768
2019-10-31,252064.49106710817,248.26401632692432,251816.22705078125,GLD,1768
2019-11-01,252294.33969992067,248.26401632692432,252046.07568359375,GLD,1768
2019-11-04,251569.4532253113,248.26401632692432,251321.18920898438,GLD,1768
2019-11-05,247503.07480734255,248.26401632692432,247254.81079101562,GLD,1768
2019-11-06,248563.8586208191,248.26401632692432,248315.5946044922,GLD,1768
2019-11-07,244709.63157003786,248.26401632692432,244461.36755371094,GLD,1768
2019-11-08,243153.78293722536,248.26401632692432,242905.51892089844,GLD,1768
2019-11-11,242570.33969992067,248.26401632692432,242322.07568359375,GLD,1768
2019-11-12,243224.49106710817,248.26401632692432,242976.22705078125,GLD,1768
2019-11-13,244196.896462616,248.26401632692432,243948.63244628906,GLD,1768
2019-11-14,245222.33969992067,248.26401632692432,244974.07568359375,GLD,1768
2019-11-15,244603.5558864441,248.26401632692432,244355.2918701172,GLD,1768
2019-11-18,245328.41538351442,248.26401632692432,245080.1513671875,GLD,1768
2019-11-19,245452.18833273317,248.26401632692432,245203.92431640625,GLD,1768
2019-11-20,245575.93430441286,248.26401632692432,245327.67028808594,GLD,1768
2019-11-21,244232.26401632692,248.26401632692432,243984.0,GLD,1768
2019-11-22,243772.593728241,248.26401632692432,243524.32971191406,GLD,1768
2019-11-25,242605.7072536316,248.26401632692432,242357.4432373047,GLD,1768
2019-11-26,243772.593728241,248.26401632692432,243524.32971191406,GLD,1768
2019-11-27,242481.93430441286,248.26401632692432,242233.67028808594,GLD,1768
2019-11-29,243984.7450954285,248.26401632692432,243736.48107910156,GLD,1768
2019-12-02,243860.97214620974,248.26401632692432,243612.7081298828,GLD,1768
2019-12-03,246194.7450954285,248.26401632692432,245946.48107910156,GLD,1768
2019-12-04,245858.82077902224,248.26401632692432,245610.5567626953,GLD,1768
2019-12-05,246000.26401632692,248.26401632692432,245752.0,GLD,1768
2019-12-06,243560.41538351442,248.26401632692432,243312.1513671875,GLD,1768
2019-12-09,243489.7072536316,248.26401632692432,243241.4432373047,GLD,1768
2019-12-10,244179.22617453005,248.26401632692432,243930.96215820312,GLD,1768
2019-12-11,245858.82077902224,248.26401632692432,245610.5567626953,GLD,1768
2019-12-12,244992.49106710817,248.26401632692432,244744.22705078125,GLD,1768
2019-12-13,246088.66941183474,248.26401632692432,245840.4053955078,GLD,1768
2019-12-16,246070.97214620974,248.26401632692432,245822.7081298828,GLD,1768
2019-12-17,246017.93430441286,248.26401632692432,245769.67028808594,GLD,1768
2019-12-18,246035.63157003786,248.26401632692432,245787.36755371094,GLD,1768
2019-12-19,246672.11264913942,248.26401632692432,246423.8486328125,GLD,1768
2019-12-20,246919.63157003786,248.26401632692432,246671.36755371094,GLD,1768
2019-12-23,247679.8586208191,248.26401632692432,247431.5946044922,GLD,1768
2019-12-24,250013.63157003786,248.26401632692432,249765.36755371094,GLD,1768
2019-12-26,251976.11264913942,248.26401632692432,251727.8486328125,GLD,1768
2019-12-27,251887.7072536316,248.26401632692432,251639.4432373047,GLD,1768
2019-12-30,252418.11264913942,248.26401632692432,252169.8486328125,GLD,1768
2019-12-31,252895.4532253113,248.26401632692432,252647.18920898438,GLD,1768
2020-01-02,254751.8586208191,248.26401632692432,254503.5946044922,GLD,1768
2020-01-03,258128.7450954285,248.26401632692432,257880.48107910156,GLD,1768
2020-01-06,260833.78293722536,248.26401632692432,260585.51892089844,GLD,1768
2020-01-07,261859.22617453005,248.26401632692432,261610.96215820312,GLD,1768
2020-01-08,259896.7450954285,248.26401632692432,259648.48107910156,GLD,1768
2020-01-09,258429.3018581238,248.26401632692432,258181.03784179688,GLD,1768
2020-01-10,259985.1504909363,248.26401632692432,259736.88647460938,GLD,1768
2020-01-13,258058.03696554567,248.26401632692432,257809.77294921875,GLD,1768
2020-01-14,257828.18833273317,248.26401632692432,257579.92431640625,GLD,1768
2020-01-15,259330.97214620974,248.26401632692432,259082.7081298828,GLD,1768
2020-01-16,258924.33969992067,248.26401632692432,258676.07568359375,GLD,1768
2020-01-17,259401.7072536316,248.26401632692432,259153.4432373047,GLD,1768
2020-01-21,259684.593728241,248.26401632692432,259436.32971191406,GLD,1768
2020-01-22,259772.97214620974,248.26401632692432,259524.7081298828,GLD,1768
2020-01-23,260356.41538351442,248.26401632692432,260108.1513671875,GLD,1768
2020-01-24,261876.896462616,248.26401632692432,261628.63244628906,GLD,1768
2020-01-27,263662.593728241,248.26401632692432,263414.32971191406,GLD,1768
2020-01-28,261311.1504909363,248.26401632692432,261062.88647460938,GLD,1768
2020-01-29,262725.5558864441,248.26401632692432,262477.2918701172,GLD,1768
2020-01-30,262743.22617453005,248.26401632692432,262494.9621582031,GLD,1768
2020-01-31,264263.7072536316,248.26401632692432,264015.4432373047,GLD,1768
2020-02-03,262548.7450954285,248.26401632692432,262300.48107910156,GLD,1768
2020-02-04,259136.49106710817,248.26401632692432,258888.22705078125,GLD,1768
2020-02-05,259454.7450954285,248.26401632692432,259206.48107910156,GLD,1768
2020-02-06,260851.4532253113,248.26401632692432,260603.18920898438,GLD,1768
2020-02-07,261540.97214620974,248.26401632692432,261292.7081298828,GLD,1768
2020-02-10,262212.82077902224,248.26401632692432,261964.5567626953,GLD,1768
2020-02-11,261311.1504909363,248.26401632692432,261062.88647460938,GLD,1768
2020-02-12,261098.97214620974,248.26401632692432,260850.7081298828,GLD,1768
2020-02-13,262584.1126491394,248.26401632692432,262335.8486328125,GLD,1768
2020-02-14,263680.2640163269,248.26401632692432,263432.0,GLD,1768
2020-02-18,267057.1504909363,248.26401632692432,266808.8864746094,GLD,1768
2020-02-19,268612.97214620974,248.26401632692432,268364.7081298828,GLD,1768
2020-02-20,269709.1504909363,248.26401632692432,269460.8864746094,GLD,1768
2020-02-21,273757.8586208191,248.26401632692432,273509.5946044922,GLD,1768
2020-02-24,276215.37754171755,248.26401632692432,275967.1135253906,GLD,1768
2020-02-25,271282.66941183474,248.26401632692432,271034.4053955078,GLD,1768
2020-02-26,272467.22617453005,248.26401632692432,272218.9621582031,GLD,1768
2020-02-27,272520.2640163269,248.26401632692432,272272.0,GLD,1768
2020-02-28,262584.1126491394,248.26401632692432,262335.8486328125,GLD,1768
2020-03-02,264033.8586208191,248.26401632692432,263785.5946044922,GLD,1768
2020-03-03,272325.78293722536,248.26401632692432,272077.51892089844,GLD,1768
2020-03-04,272803.1504909363,248.26401632692432,272554.8864746094,GLD,1768
2020-03-05,278690.593728241,248.26401632692432,278442.32971191406,GLD,1768
2020-03-06,278796.66941183474,248.26401632692432,278548.4053955078,GLD,1768
2020-03-09,279256.3396999207,248.26401632692432,279008.07568359375,GLD,1768
2020-03-10,273368.896462616,248.26401632692432,273120.63244628906,GLD,1768
2020-03-11,272396.4910671082,248.26401632692432,272148.22705078125,GLD,1768
2020-03-12,261540.97214620974,248.26401632692432,261292.7081298828,GLD,1768
2020-03-13,253567.3018581238,248.26401632692432,253319.03784179688,GLD,1768
2020-03-16,250667.78293722536,248.26401632692432,250419.51892089844,GLD,1768
2020-03-17,254062.33969992067,248.26401632692432,253814.07568359375,GLD,1768
2020-03-18,249005.8586208191,248.26401632692432,248757.5946044922,GLD,1768
2020-03-19,244302.97214620974,248.26401632692432,244054.7081298828,GLD,1768
2020-03-20,247962.7450954285,248.26401632692432,247714.48107910156,GLD,1768
2020-03-23,258906.66941183474,248.26401632692432,258658.4053955078,GLD,1768
2020-03-24,271459.4532253113,248.26401632692432,271211.1892089844,GLD,1768
2020-03-25,267746.66941183474,248.26401632692432,267498.4053955078,GLD,1768
2020-03-26,271176.593728241,248.26401632692432,270928.32971191406,GLD,1768
2020-03-27,269426.2640163269,248.26401632692432,269178.0,GLD,1768
2020-03-30,270610.82077902224,248.26401632692432,270362.5567626953,GLD,1768
2020-03-31,262000.66941183474,248.26401632692432,261752.4053955078,GLD,1768
2020-04-01,264475.8586208191,248.26401632692432,264227.5946044922,GLD,1768
2020-04-02,268807.4532253113,248.26401632692432,268559.1892089844,GLD,1768
2020-04-03,270133.4532253113,248.26401632692432,269885.1892089844,GLD,1768
2020-04-06,277612.1126491394,248.26401632692432,277363.8486328125,GLD,1768
2020-04-07,276126.97214620974,248.26401632692432,275878.7081298828,GLD,1768
2020-04-08,273669.4532253113,248.26401632692432,273421.1892089844,GLD,1768
2020-04-09,280812.1883327332,248.26401632692432,280563.92431640625,GLD,1768
2020-04-13,285621.1504909363,248.26401632692432,285372.8864746094,GLD,1768
2020-04-14,287866.4910671082,248.26401632692432,287618.22705078125,GLD,1768
2020-04-15,286399.07480734255,248.26401632692432,286150.8107910156,GLD,1768
2020-04-16,286151.5558864441,248.26401632692432,285903.2918701172,GLD,1768
2020-04-17,280600.0369655457,248.26401632692432,280351.77294921875,GLD,1768
2020-04-20,282597.8586208191,248.26401632692432,282349.5946044922,GLD,1768
2020-04-21,280670.7450954285,248.26401632692432,280422.48107910156,GLD,1768
2020-04-22,286186.896462616,248.26401632692432,285938.63244628906,GLD,1768
2020-04-23,289033.37754171755,248.26401632692432,288785.1135253906,GLD,1768
2020-04-24,287795.78293722536,248.26401632692432,287547.51892089844,GLD,1768
2020-04-27,285886.3396999207,248.26401632692432,285638.07568359375,GLD,1768
2020-04-28,284613.37754171755,248.26401632692432,284365.1135253906,GLD,1768
2020-04-29,286186.896462616,248.26401632692432,285938.63244628906,GLD,1768
2020-04-30,281006.66941183474,248.26401632692432,280758.4053955078,GLD,1768
2020-05-01,282739.3018581238,248.26401632692432,282491.0378417969,GLD,1768
2020-05-04,283729.37754171755,248.26401632692432,283481.1135253906,GLD,1768
2020-05-05,284931.63157003786,248.26401632692432,284683.36755371094,GLD,1768
2020-05-06,281271.8586208191,248.26401632692432,281023.5946044922,GLD,1768
2020-05-07,285585.78293722536,248.26401632692432,285337.51892089844,GLD,1768
2020-05-08,283870.82077902224,248.26401632692432,283622.5567626953,GLD,1768
2020-05-11,282102.82077902224,248.26401632692432,281854.5567626953,GLD,1768
2020-05-12,283198.97214620974,248.26401632692432,282950.7081298828,GLD,1768
2020-05-13,285921.7072536316,248.26401632692432,285673.4432373047,GLD,1768
2020-05-14,288449.93430441286,248.26401632692432,288201.67028808594,GLD,1768
2020-05-15,290076.4910671082,248.26401632692432,289828.22705078125,GLD,1768
2020-05-18,287884.1883327332,248.26401632692432,287635.92431640625,GLD,1768
2020-05-19,290659.93430441286,248.26401632692432,290411.67028808594,GLD,1768
2020-05-20,291349.4532253113,248.26401632692432,291101.1892089844,GLD,1768
2020-05-21,287106.2640163269,248.26401632692432,286858.0,GLD,1768
2020-05-22,288803.5558864441,248.26401632692432,288555.2918701172,GLD,1768
2020-05-26,284701.78293722536,248.26401632692432,284453.51892089844,GLD,1768
2020-05-27,285214.4910671082,248.26401632692432,284966.22705078125,GLD,1768
2020-05-28,286169.22617453005,248.26401632692432,285920.9621582031,GLD,1768
2020-05-29,288273.1504909363,248.26401632692432,288024.8864746094,GLD,1768
2020-06-01,289599.1504909363,248.26401632692432,289350.8864746094,GLD,1768
2020-06-02,287725.07480734255,248.26401632692432,287476.8107910156,GLD,1768
2020-06-03,282421.07480734255,248.26401632692432,282172.8107910156,GLD,1768
2020-06-04,285391.3018581238,248.26401632692432,285143.0378417969,GLD,1768
2020-06-05,279609.93430441286,248.26401632692432,279361.67028808594,GLD,1768
2020-06-08,282633.22617453005,248.26401632692432,282384.9621582031,GLD,1768
2020-06-09,285355.93430441286,248.26401632692432,285107.67028808594,GLD,1768
2020-06-10,289440.0369655457,248.26401632692432,289191.77294921875,GLD,1768
2020-06-11,287353.78293722536,248.26401632692432,287105.51892089844,GLD,1768
2020-06-12,287760.4153835144,248.26401632692432,287512.1513671875,GLD,1768
2020-06-15,287247.7072536316,248.26401632692432,286999.4432373047,GLD,1768
2020-06-16,287106.2640163269,248.26401632692432,286858.0,GLD,1768
2020-06-17,287654.3396999207,248.26401632692432,287406.07568359375,GLD,1768
2020-06-18,287088.593728241,248.26401632692432,286840.32971191406,GLD,1768
2020-06-19,290253.3018581238,248.26401632692432,290005.0378417969,GLD,1768
2020-06-22,292127.37754171755,248.26401632692432,291879.1135253906,GLD,1768
2020-06-23,294584.896462616,248.26401632692432,294336.63244628906,GLD,1768
2020-06-24,293559.4532253113,248.26401632692432,293311.1892089844,GLD,1768
2020-06-25,293382.66941183474,248.26401632692432,293134.4053955078,GLD,1768
2020-06-26,294690.97214620974,248.26401632692432,294442.7081298828,GLD,1768
2020-06-29,294850.1126491394,248.26401632692432,294601.8486328125,GLD,1768
2020-06-30,296158.4153835144,248.26401632692432,295910.1513671875,GLD,1768
2020-07-01,294832.4153835144,248.26401632692432,294584.1513671875,GLD,1768
2020-07-02,295468.896462616,248.26401632692432,295220.63244628906,GLD,1768
2020-07-06,297236.896462616,248.26401632692432,296988.63244628906,GLD,1768
2020-07-07,299110.97214620974,248.26401632692432,298862.7081298828,GLD,1768
2020-07-08,300967.37754171755,248.26401632692432,300719.1135253906,GLD,1768
2020-07-09,300154.1126491394,248.26401632692432,299905.8486328125,GLD,1768
2020-07-10,299376.1883327332,248.26401632692432,299127.92431640625,GLD,1768
2020-07-13,299747.4532253113,248.26401632692432,299499.1892089844,GLD,1768
2020-07-14,301144.1883327332,248.26401632692432,300895.92431640625,GLD,1768
2020-07-15,301409.37754171755,248.26401632692432,301161.1135253906,GLD,1768
2020-07-16,298562.896462616,248.26401632692432,298314.63244628906,GLD,1768
2020-07-17,301020.4153835144,248.26401632692432,300772.1513671875,GLD,1768
2020-07-20,302470.1883327332,248.26401632692432,302221.92431640625,GLD,1768
2020-07-21,306112.2640163269,248.26401632692432,305864.0,GLD,1768
2020-07-22,310762.1126491394,248.26401632692432,310513.8486328125,GLD,1768
2020-07-23,313502.4910671082,248.26401632692432,313254.22705078125,GLD,1768
2020-07-24,316189.8586208191,248.26401632692432,315941.5946044922,GLD,1768
2020-07-27,322430.896462616,248.26401632692432,322182.63244628906,GLD,1768
2020-07-28,325118.2640163269,248.26401632692432,324870.0,GLD,1768
2020-07-29,327558.1126491394,248.26401632692432,327309.8486328125,GLD,1768
2020-07-30,325135.93430441286,248.26401632692432,324887.67028808594,GLD,1768
2020-07-31,328088.4910671082,248.26401632692432,327840.22705078125,GLD,1768
2020-08-03,328459.78293722536,248.26401632692432,328211.51892089844,GLD,1768
2020-08-04,335443.37754171755,248.26401632692432,335195.1135253906,GLD,1768
2020-08-05,338555.07480734255,248.26401632692432,338306.8107910156,GLD,1768
2020-08-06,343045.78293722536,248.26401632692432,342797.51892089844,GLD,1768
2020-08-07,337600.3396999207,248.26401632692432,337352.07568359375,GLD,1768
2020-08-10,336433.4532253113,248.26401632692432,336185.1892089844,GLD,1768
2020-08-11,318382.1883327332,248.26401632692432,318133.92431640625,GLD,1768
2020-08-12,316897.07480734255,248.26401632692432,316648.8107910156,GLD,1768
2020-08-13,324375.7072536316,248.26401632692432,324127.4432373047,GLD,1768
2020-08-14,322978.97214620974,248.26401632692432,322730.7081298828,GLD,1768
2020-08-17,329980.2640163269,248.26401632692432,329732.0,GLD,1768
2020-08-18,332950.4910671082,248.26401632692432,332702.22705078125,GLD,1768
2020-08-19,322448.593728241,248.26401632692432,322200.32971191406,GLD,1768
2020-08-20,324676.2640163269,248.26401632692432,324428.0,GLD,1768
2020-08-21,322077.3018581238,248.26401632692432,321829.0378417969,GLD,1768
2020-08-24,320256.2640163269,248.26401632692432,320008.0,GLD,1768
2020-08-25,320645.22617453005,248.26401632692432,320396.9621582031,GLD,1768
2020-08-26,324428.7450954285,248.26401632692432,324180.48107910156,GLD,1768
2020-08-27,320680.593728241,248.26401632692432,320432.32971191406,GLD,1768
2020-08-28,326249.78293722536,248.26401632692432,326001.51892089844,GLD,1768
2020-08-31,327027.7072536316,248.26401632692432,326779.4432373047,GLD,1768
2020-09-01,327416.66941183474,248.26401632692432,327168.4053955078,GLD,1768
2020-09-02,323120.4153835144,248.26401632692432,322872.1513671875,GLD,1768
2020-09-03,320503.78293722536,248.26401632692432,320255.51892089844,GLD,1768
2020-09-04,321387.78293722536,248.26401632692432,321139.51892089844,GLD,1768
2020-09-08,320768.97214620974,248.26401632692432,320520.7081298828,GLD,1768
2020-09-09,323880.66941183474,248.26401632692432,323632.4053955078,GLD,1768
2020-09-10,322837.5558864441,248.26401632692432,322589.2918701172,GLD,1768
2020-09-11,322819.8586208191,248.26401632692432,322571.5946044922,GLD,1768
2020-09-14,325365.78293722536,248.26401632692432,325117.51892089844,GLD,1768
2020-09-15,324587.8586208191,248.26401632692432,324339.5946044922,GLD,1768
2020-09-16,325507.22617453005,248.26401632692432,325258.9621582031,GLD,1768
2020-09-17,323721.5558864441,248.26401632692432,323473.2918701172,GLD,1768
2020-09-18,324145.8586208191,248.26401632692432,323897.5946044922,GLD,1768
2020-09-21,317639.63157003786,248.26401632692432,317391.36755371094,GLD,1768
2020-09-22,316101.4532253113,248.26401632692432,315853.1892089844,GLD,1768
2020-09-23,309276.97214620974,248.26401632692432,309028.7081298828,GLD,1768
2020-09-24,310426.1883327332,248.26401632692432,310177.92431640625,GLD,1768
2020-09-25,309542.1883327332,248.26401632692432,309293.92431640625,GLD,1768
2020-09-28,312653.8586208191,248.26401632692432,312405.5946044922,GLD,1768
2020-09-29,315288.1883327332,248.26401632692432,315039.92431640625,GLD,1768
2020-09-30,313396.4153835144,248.26401632692432,313148.1513671875,GLD,1768
2020-10-01,316189.8586208191,248.26401632692432,315941.5946044922,GLD,1768
2020-10-02,315906.97214620974,248.26401632692432,315658.7081298828,GLD,1768
2020-10-05,317445.1504909363,248.26401632692432,317196.8864746094,GLD,1768
2020-10-06,313714.66941183474,248.26401632692432,313466.4053955078,GLD,1768
2020-10-07,313573.22617453005,248.26401632692432,313324.9621582031,GLD,1768
2020-10-08,314687.07480734255,248.26401632692432,314438.8107910156,GLD,1768
2020-10-09,320397.7072536316,248.26401632692432,320149.4432373047,GLD,1768
2020-10-12,319478.3396999207,248.26401632692432,319230.07568359375,GLD,1768
2020-10-13,314457.22617453005,248.26401632692432,314208.9621582031,GLD,1768
2020-10-14,315429.63157003786,248.26401632692432,315181.36755371094,GLD,1768
2020-10-15,316578.82077902224,248.26401632692432,316330.5567626953,GLD,1768
2020-10-16,315482.66941183474,248.26401632692432,315234.4053955078,GLD,1768
2020-10-19,315641.78293722536,248.26401632692432,315393.51892089844,GLD,1768
2020-10-20,317162.2640163269,248.26401632692432,316914.0,GLD,1768
2020-10-21,319549.07480734255,248.26401632692432,319300.8107910156,GLD,1768
2020-10-22,316419.7072536316,248.26401632692432,316171.4432373047,GLD,1768
2020-10-23,316083.78293722536,248.26401632692432,315835.51892089844,GLD,1768
2020-10-26,315924.66941183474,248.26401632692432,315676.4053955078,GLD,1768
2020-10-27,316755.63157003786,248.26401632692432,316507.36755371094,GLD,1768
2020-10-28,311646.1126491394,248.26401632692432,311397.8486328125,GLD,1768
2020-10-29,310355.4532253113,248.26401632692432,310107.1892089844,GLD,1768
2020-10-30,311769.8586208191,248.26401632692432,311521.5946044922,GLD,1768
2020-11-02,314793.1504909363,248.26401632692432,314544.8864746094,GLD,1768
2020-11-03,316578.82077902224,248.26401632692432,316330.5567626953,GLD,1768
2020-11-04,316402.0369655457,248.26401632692432,316153.77294921875,GLD,1768
2020-11-05,323668.4910671082,248.26401632692432,323420.22705078125,GLD,1768
2020-11-06,324128.1883327332,248.26401632692432,323879.92431640625,GLD,1768
2020-11-09,309789.7072536316,248.26401632692432,309541.4432373047,GLD,1768
2020-11-10,310815.1504909363,248.26401632692432,310566.8864746094,GLD,1768
2020-11-11,309471.4532253113,248.26401632692432,309223.1892089844,GLD,1768
2020-11-12,311345.5558864441,248.26401632692432,311097.2918701172,GLD,1768
2020-11-13,313467.1504909363,248.26401632692432,313218.8864746094,GLD,1768
2020-11-16,313449.4532253113,248.26401632692432,313201.1892089844,GLD,1768
2020-11-17,312300.2640163269,248.26401632692432,312052.0,GLD,1768
2020-11-18,310514.593728241,248.26401632692432,310266.32971191406,GLD,1768
2020-11-19,309931.1504909363,248.26401632692432,309682.8864746094,GLD,1768
2020-11-20,310868.1883327332,248.26401632692432,310619.92431640625,GLD,1768
2020-11-23,304750.896462616,248.26401632692432,304502.63244628906,GLD,1768
2020-11-24,300083.37754171755,248.26401632692432,299835.1135253906,GLD,1768
2020-11-25,299941.93430441286,248.26401632692432,299693.67028808594,GLD,1768
2020-11-27,296900.97214620974,248.26401632692432,296652.7081298828,GLD,1768
2020-11-30,294920.82077902224,248.26401632692432,294672.5567626953,GLD,1768
2020-12-01,301126.4910671082,248.26401632692432,300878.22705078125,GLD,1768
2020-12-02,303389.5558864441,248.26401632692432,303141.2918701172,GLD,1768
2020-12-03,305776.3396999207,248.26401632692432,305528.07568359375,GLD,1768
2020-12-04,304910.0369655457,248.26401632692432,304661.77294921875,GLD,1768
2020-12-07,309453.78293722536,248.26401632692432,309205.51892089844,GLD,1768
2020-12-08,310532.2640163269,248.26401632692432,310284.0,GLD,1768
2020-12-09,305228.2640163269,248.26401632692432,304980.0,GLD,1768
2020-12-10,304644.82077902224,248.26401632692432,304396.5567626953,GLD,1768
2020-12-11,305210.593728241,248.26401632692432,304962.32971191406,GLD,1768
2020-12-14,303530.97214620974,248.26401632692432,303282.7081298828,GLD,1768
2020-12-15,307774.1883327332,248.26401632692432,307525.92431640625,GLD,1768
2020-12-16,309471.4532253113,248.26401632692432,309223.1892089844,GLD,1768
2020-12-17,312724.593728241,248.26401632692432,312476.32971191406,GLD,1768
2020-12-18,312194.1883327332,248.26401632692432,311945.92431640625,GLD,1768
2020-12-21,311204.1126491394,248.26401632692432,310955.8486328125,GLD,1768
2020-12-22,308746.593728241,248.26401632692432,308498.32971191406,GLD,1768
2020-12-23,310797.4532253113,248.26401632692432,310549.1892089844,GLD,1768
2020-12-24,312035.07480734255,248.26401632692432,311786.8107910156,GLD,1768
2020-12-28,310903.5558864441,248.26401632692432,310655.2918701172,GLD,1768
2020-12-29,312035.07480734255,248.26401632692432,311786.8107910156,GLD,1768
2020-12-30,314421.8586208191,248.26401632692432,314173.5946044922,GLD,1768
2020-12-31,315588.7450954285,248.26401632692432,315340.48107910156,GLD,1768
2021-01-04,322607.7072536316,248.26401632692432,322359.4432373047,GLD,1768
2021-01-05,323562.4153835144,248.26401632692432,323314.1513671875,GLD,1768
2021-01-06,318311.4532253113,248.26401632692432,318063.1892089844,GLD,1768
2021-01-07,317568.896462616,248.26401632692432,317320.63244628906,GLD,1768
2021-01-08,306713.37754171755,248.26401632692432,306465.1135253906,GLD,1768
2021-01-11,306112.2640163269,248.26401632692432,305864.0,GLD,1768
2021-01-12,308092.4153835144,248.26401632692432,307844.1513671875,GLD,1768
2021-01-13,306766.4153835144,248.26401632692432,306518.1513671875,GLD,1768
2021-01-14,306607.3018581238,248.26401632692432,306359.0378417969,GLD,1768
2021-01-15,302806.1126491394,248.26401632692432,302557.8486328125,GLD,1768
2021-01-19,305369.7072536316,248.26401632692432,305121.4432373047,GLD,1768
2021-01-20,310337.78293722536,248.26401632692432,310089.51892089844,GLD,1768
2021-01-21,310143.3018581238,248.26401632692432,309895.0378417969,GLD,1768
2021-01-22,307703.4532253113,248.26401632692432,307455.1892089844,GLD,1768
2021-01-25,307968.66941183474,248.26401632692432,307720.4053955078,GLD,1768
2021-01-26,307208.4153835144,248.26401632692432,306960.1513671875,GLD,1768
2021-01-27,305263.63157003786,248.26401632692432,305015.36755371094,GLD,1768
2021-01-28,305546.4910671082,248.26401632692432,305298.22705078125,GLD,1768
2021-01-29,305422.7450954285,248.26401632692432,305174.48107910156,GLD,1768
2021-02-01,308286.896462616,248.26401632692432,308038.63244628906,GLD,1768
2021-02-02,304538.7450954285,248.26401632692432,304290.48107910156,GLD,1768
2021-02-03,304079.07480734255,248.26401632692432,303830.8107910156,GLD,1768
2021-02-04,297537.4532253113,248.26401632692432,297289.1892089844,GLD,1768
2021-02-05,300472.3396999207,248.26401632692432,300224.07568359375,GLD,1768
2021-02-08,303495.63157003786,248.26401632692432,303247.36755371094,GLD,1768
2021-02-09,304485.7072536316,248.26401632692432,304237.4432373047,GLD,1768
2021-02-10,305599.5558864441,248.26401632692432,305351.2918701172,GLD,1768
2021-02-11,302947.5558864441,248.26401632692432,302699.2918701172,GLD,1768
2021-02-12,302028.1883327332,248.26401632692432,301779.92431640625,GLD,1768
2021-02-16,297696.593728241,248.26401632692432,297448.32971191406,GLD,1768
2021-02-17,294319.7072536316,248.26401632692432,294071.4432373047,GLD,1768
2021-02-18,294302.0369655457,248.26401632692432,294053.77294921875,GLD,1768
2021-02-19,295521.93430441286,248.26401632692432,295273.67028808594,GLD,1768
2021-02-22,299941.93430441286,248.26401632692432,299693.67028808594,GLD,1768
2021-02-23,299252.4153835144,248.26401632692432,299004.1513671875,GLD,1768
2021-02-24,299040.2640163269,248.26401632692432,298792.0,GLD,1768
2021-02-25,293418.0369655457,248.26401632692432,293169.77294921875,GLD,1768
2021-02-26,286328.3396999207,248.26401632692432,286080.07568359375,GLD,1768
2021-03-01,285833.3018581238,248.26401632692432,285585.0378417969,GLD,1768
2021-03-02,287389.1504909363,248.26401632692432,287140.8864746094,GLD,1768
2021-03-03,284224.4153835144,248.26401632692432,283976.1513671875,GLD,1768
2021-03-04,281430.97214620974,248.26401632692432,281182.7081298828,GLD,1768
2021-03-05,281607.78293722536,248.26401632692432,281359.51892089844,GLD,1768
2021-03-08,278690.593728241,248.26401632692432,278442.32971191406,GLD,1768
2021-03-09,284613.37754171755,248.26401632692432,284365.1135253906,GLD,1768
2021-03-10,286063.1504909363,248.26401632692432,285814.8864746094,GLD,1768
2021-03-11,285815.63157003786,248.26401632692432,285567.36755371094,GLD,1768
2021-03-12,285762.593728241,248.26401632692432,285514.32971191406,GLD,1768
2021-03-15,287017.8586208191,248.26401632692432,286769.5946044922,GLD,1768
2021-03-16,287283.07480734255,248.26401632692432,287034.8107910156,GLD,1768
2021-03-17,289333.93430441286,248.26401632692432,289085.67028808594,GLD,1768
2021-03-18,287654.3396999207,248.26401632692432,287406.07568359375,GLD,1768
2021-03-19,288856.593728241,248.26401632692432,288608.32971191406,GLD,1768
2021-03-22,288432.2640163269,248.26401632692432,288184.0,GLD,1768
2021-03-23,286328.3396999207,248.26401632692432,286080.07568359375,GLD,1768
2021-03-24,287318.4153835144,248.26401632692432,287070.1513671875,GLD,1768
2021-03-25,286275.3018581238,248.26401632692432,286027.0378417969,GLD,1768
2021-03-26,287088.593728241,248.26401632692432,286840.32971191406,GLD,1768
2021-03-29,283676.3396999207,248.26401632692432,283428.07568359375,GLD,1768
2021-03-30,278832.0369655457,248.26401632692432,278583.77294921875,GLD,1768
2021-03-31,283057.5558864441,248.26401632692432,282809.2918701172,GLD,1768
2021-04-01,286628.896462616,248.26401632692432,286380.63244628906,GLD,1768
2021-04-05,286522.82077902224,248.26401632692432,286274.5567626953,GLD,1768
2021-04-06,288821.22617453005,248.26401632692432,288572.9621582031,GLD,1768
2021-04-07,288007.93430441286,248.26401632692432,287759.67028808594,GLD,1768
2021-04-08,291101.93430441286,248.26401632692432,290853.67028808594,GLD,1768
2021-04-09,288909.63157003786,248.26401632692432,288661.36755371094,GLD,1768
2021-04-12,287159.3018581238,248.26401632692432,286911.0378417969,GLD,1768
2021-04-13,289192.4910671082,248.26401632692432,288944.22705078125,GLD,1768
2021-04-14,287937.22617453005,248.26401632692432,287688.9621582031,GLD,1768
2021-04-15,292587.07480734255,248.26401632692432,292338.8107910156,GLD,1768
2021-04-16,294355.07480734255,248.26401632692432,294106.8107910156,GLD,1768
2021-04-19,293541.78293722536,248.26401632692432,293293.51892089844,GLD,1768
2021-04-20,294584.896462616,248.26401632692432,294336.63244628906,GLD,1768
2021-04-21,297502.1126491394,248.26401632692432,297253.8486328125,GLD,1768
2021-04-22,295574.97214620974,248.26401632692432,295326.7081298828,GLD,1768
2021-04-23,294443.4532253113,248.26401632692432,294195.1892089844,GLD,1768
2021-04-26,295221.37754171755,248.26401632692432,294973.1135253906,GLD,1768
2021-04-27,294478.82077902224,248.26401632692432,294230.5567626953,GLD,1768
2021-04-28,295345.1504909363,248.26401632692432,295096.8864746094,GLD,1768
2021-04-29,294125.22617453005,248.26401632692432,293876.9621582031,GLD,1768
2021-04-30,293135.1504909363,248.26401632692432,292886.8864746094,GLD,1768
2021-05-03,296936.3396999207,248.26401632692432,296688.07568359375,GLD,1768
2021-05-04,294761.7072536316,248.26401632692432,294513.4432373047,GLD,1768
2021-05-05,295981.63157003786,248.26401632692432,295733.36755371094,GLD,1768
2021-05-06,300914.3396999207,248.26401632692432,300666.07568359375,GLD,1768
2021-05-07,303619.37754171755,248.26401632692432,303371.1135253906,GLD,1768
2021-05-10,304538.7450954285,248.26401632692432,304290.48107910156,GLD,1768
2021-05-11,304591.78293722536,248.26401632692432,304343.51892089844,GLD,1768
2021-05-12,301568.4910671082,248.26401632692432,301320.22705078125,GLD,1768
2021-05-13,302806.1126491394,248.26401632692432,302557.8486328125,GLD,1768
2021-05-14,305564.1883327332,248.26401632692432,305315.92431640625,GLD,1768
2021-05-17,309117.8586208191,248.26401632692432,308869.5946044922,GLD,1768
2021-05-18,309718.97214620974,248.26401632692432,309470.7081298828,GLD,1768
2021-05-19,309931.1504909363,248.26401632692432,309682.8864746094,GLD,1768
2021-05-20,311345.5558864441,248.26401632692432,311097.2918701172,GLD,1768
2021-05-21,311486.97214620974,248.26401632692432,311238.7081298828,GLD,1768
2021-05-24,312035.07480734255,248.26401632692432,311786.8107910156,GLD,1768
2021-05-25,314863.8586208191,248.26401632692432,314615.5946044922,GLD,1768
2021-05-26,314315.78293722536,248.26401632692432,314067.51892089844,GLD,1768
2021-05-27,314439.5558864441,248.26401632692432,314191.2918701172,GLD,1768
2021-05-28,315624.1126491394,248.26401632692432,315375.8486328125,GLD,1768
2021-06-01,314775.4532253113,248.26401632692432,314527.1892089844,GLD,1768
2021-06-02,316313.63157003786,248.26401632692432,316065.36755371094,GLD,1768
2021-06-03,310125.63157003786,248.26401632692432,309877.36755371094,GLD,1768
2021-06-04,313467.1504909363,248.26401632692432,313218.8864746094,GLD,1768
2021-06-07,314722.4153835144,248.26401632692432,314474.1513671875,GLD,1768
2021-06-08,313750.0369655457,248.26401632692432,313501.77294921875,GLD,1768
2021-06-09,313148.896462616,248.26401632692432,312900.63244628906,GLD,1768
2021-06-10,314492.593728241,248.26401632692432,314244.32971191406,GLD,1768
2021-06-11,310956.593728241,248.26401632692432,310708.32971191406,GLD,1768
2021-06-14,309135.5558864441,248.26401632692432,308887.2918701172,GLD,1768
2021-06-15,307968.66941183474,248.26401632692432,307720.4053955078,GLD,1768
2021-06-16,302770.7450954285,248.26401632692432,302522.48107910156,GLD,1768
2021-06-17,293471.07480734255,248.26401632692432,293222.8107910156,GLD,1768
2021-06-18,291844.4910671082,248.26401632692432,291596.22705078125,GLD,1768
2021-06-21,295415.8586208191,248.26401632692432,295167.5946044922,GLD,1768
2021-06-22,294178.2640163269,248.26401632692432,293930.0,GLD,1768
2021-06-23,293983.78293722536,248.26401632692432,293735.51892089844,GLD,1768
2021-06-24,293806.97214620974,248.26401632692432,293558.7081298828,GLD,1768
2021-06-25,294779.37754171755,248.26401632692432,294531.1135253906,GLD,1768
2021-06-28,294761.7072536316,248.26401632692432,294513.4432373047,GLD,1768
2021-06-29,291667.7072536316,248.26401632692432,291419.4432373047,GLD,1768
2021-06-30,293082.1126491394,248.26401632692432,292833.8486328125,GLD,1768
2021-07-01,294089.8586208191,248.26401632692432,293841.5946044922,GLD,1768
2021-07-02,296016.97214620974,248.26401632692432,295768.7081298828,GLD,1768
2021-07-06,297484.4153835144,248.26401632692432,297236.1513671875,GLD,1768
2021-07-07,298615.93430441286,248.26401632692432,298367.67028808594,GLD,1768
2021-07-08,298421.4532253113,248.26401632692432,298173.1892089844,GLD,1768
2021-07-09,299411.5558864441,248.26401632692432,299163.2918701172,GLD,1768
2021-07-12,299040.2640163269,248.26401632692432,298792.0,GLD,1768
2021-07-13,299429.22617453005,248.26401632692432,299180.9621582031,GLD,1768
2021-07-14,302646.97214620974,248.26401632692432,302398.7081298828,GLD,1768
2021-07-15,302700.0369655457,248.26401632692432,302451.77294921875,GLD,1768
2021-07-16,299765.1504909363,248.26401632692432,299516.8864746094,GLD,1768
2021-07-19,300118.7450954285,248.26401632692432,299870.48107910156,GLD,1768
2021-07-20,299729.78293722536,248.26401632692432,299481.51892089844,GLD,1768
2021-07-21,298615.93430441286,248.26401632692432,298367.67028808594,GLD,1768
2021-07-22,299199.37754171755,248.26401632692432,298951.1135253906,GLD,1768
2021-07-23,298262.3396999207,248.26401632692432,298014.07568359375,GLD,1768
2021-07-26,297555.1504909363,248.26401632692432,297306.8864746094,GLD,1768
2021-07-27,298050.1883327332,248.26401632692432,297801.92431640625,GLD,1768
2021-07-28,299552.97214620974,248.26401632692432,299304.7081298828,GLD,1768
2021-07-29,302876.82077902224,248.26401632692432,302628.5567626953,GLD,1768
2021-07-30,300490.0369655457,248.26401632692432,300241.77294921875,GLD,1768
2021-08-02,300118.7450954285,248.26401632692432,299870.48107910156,GLD,1768
2021-08-03,299906.593728241,248.26401632692432,299658.32971191406,GLD,1768
2021-08-04,299977.3018581238,248.26401632692432,299729.0378417969,GLD,1768
2021-08-05,298792.7450954285,248.26401632692432,298544.48107910156,GLD,1768
2021-08-06,291331.78293722536,248.26401632692432,291083.51892089844,GLD,1768
2021-08-09,286169.22617453005,248.26401632692432,285920.9621582031,GLD,1768
2021-08-10,286257.63157003786,248.26401632692432,286009.36755371094,GLD,1768
2021-08-11,290200.2640163269,248.26401632692432,289952.0,GLD,1768
2021-08-12,290270.97214620974,248.26401632692432,290022.7081298828,GLD,1768
2021-08-13,294425.78293722536,248.26401632692432,294177.51892089844,GLD,1768
2021-08-16,295893.22617453005,248.26401632692432,295644.9621582031,GLD,1768
2021-08-17,295451.22617453005,248.26401632692432,295202.9621582031,GLD,1768
2021-08-18,295681.07480734255,248.26401632692432,295432.8107910156,GLD,1768
2021-08-19,294814.7450954285,248.26401632692432,294566.48107910156,GLD,1768
2021-08-20,294973.8586208191,248.26401632692432,294725.5946044922,GLD,1768
2021-08-23,298562.896462616,248.26401632692432,298314.63244628906,GLD,1768
2021-08-24,298421.4532253113,248.26401632692432,298173.1892089844,GLD,1768
2021-08-25,296352.896462616,248.26401632692432,296104.63244628906,GLD,1768
2021-08-26,296688.82077902224,248.26401632692432,296440.5567626953,GLD,1768
2021-08-27,301144.1883327332,248.26401632692432,300895.92431640625,GLD,1768
2021-08-30,299659.07480734255,248.26401632692432,299410.8107910156,GLD,1768
2021-08-31,300260.1883327332,248.26401632692432,300011.92431640625,GLD,1768
2021-09-01,300277.8586208191,248.26401632692432,300029.5946044922,GLD,1768
2021-09-02,299482.2640163269,248.26401632692432,299234.0,GLD,1768
2021-09-03,302682.3396999207,248.26401632692432,302434.07568359375,GLD,1768
2021-09-07,296759.5558864441,248.26401632692432,296511.2918701172,GLD,1768
2021-09-08,296016.97214620974,248.26401632692432,295768.7081298828,GLD,1768
2021-09-09,297325.3018581238,248.26401632692432,297077.0378417969,GLD,1768
2021-09-10,295822.4910671082,248.26401632692432,295574.22705078125,GLD,1768
2021-09-13,296812.593728241,248.26401632692432,296564.32971191406,GLD,1768
2021-09-14,298722.0369655457,248.26401632692432,298473.77294921875,GLD,1768
2021-09-15,296971.7072536316,248.26401632692432,296723.4432373047,GLD,1768
2021-09-16,290253.3018581238,248.26401632692432,290005.0378417969,GLD,1768
2021-09-17,289793.63157003786,248.26401632692432,289545.36755371094,GLD,1768
2021-09-20,291862.1883327332,248.26401632692432,291613.92431640625,GLD,1768
2021-09-21,293806.97214620974,248.26401632692432,293558.7081298828,GLD,1768
2021-09-22,292710.82077902224,248.26401632692432,292462.5567626953,GLD,1768
2021-09-23,289333.93430441286,248.26401632692432,289085.67028808594,GLD,1768
2021-09-24,288962.66941183474,248.26401632692432,288714.4053955078,GLD,1768
2021-09-27,289563.78293722536,248.26401632692432,289315.51892089844,GLD,1768
2021-09-28,286752.66941183474,248.26401632692432,286504.4053955078,GLD,1768
2021-09-29,285462.0369655457,248.26401632692432,285213.77294921875,GLD,1768
2021-09-30,290589.22617453005,248.26401632692432,290340.9621582031,GLD,1768
2021-10-01,291243.37754171755,248.26401632692432,290995.1135253906,GLD,1768
2021-10-04,292604.7450954285,248.26401632692432,292356.48107910156,GLD,1768
2021-10-05,291243.37754171755,248.26401632692432,290995.1135253906,GLD,1768
2021-10-06,292021.3018581238,248.26401632692432,291773.0378417969,GLD,1768
2021-10-07,290483.1504909363,248.26401632692432,290234.8864746094,GLD,1768
2021-10-08,290606.896462616,248.26401632692432,290358.63244628906,GLD,1768
2021-10-11,290058.82077902224,248.26401632692432,289810.5567626953,GLD,1768
2021-10-12,291367.1504909363,248.26401632692432,291118.8864746094,GLD,1768
2021-10-13,296547.37754171755,248.26401632692432,296299.1135253906,GLD,1768
2021-10-14,297272.2640163269,248.26401632692432,297024.0,GLD,1768
2021-10-15,292551.7072536316,248.26401632692432,292303.4432373047,GLD,1768
2021-10-18,291826.82077902224,248.26401632692432,291578.5567626953,GLD,1768
2021-10-19,292763.8586208191,248.26401632692432,292515.5946044922,GLD,1768
2021-10-20,295327.4532253113,248.26401632692432,295079.1892089844,GLD,1768
2021-10-21,295062.2640163269,248.26401632692432,294814.0,GLD,1768
2021-10-22,296865.63157003786,248.26401632692432,296617.36755371094,GLD,1768
2021-10-25,298916.4910671082,248.26401632692432,298668.22705078125,GLD,1768
2021-10-26,296706.4910671082,248.26401632692432,296458.22705078125,GLD,1768
2021-10-27,297484.4153835144,248.26401632692432,297236.1513671875,GLD,1768
2021-10-28,297413.7072536316,248.26401632692432,297165.4432373047,GLD,1768
2021-10-29,294885.4532253113,248.26401632692432,294637.1892089844,GLD,1768
2021-11-01,296423.63157003786,248.26401632692432,296175.36755371094,GLD,1768
2021-11-02,295787.1504909363,248.26401632692432,295538.8864746094,GLD,1768
2021-11-03,293329.63157003786,248.26401632692432,293081.36755371094,GLD,1768
2021-11-04,296653.4532253113,248.26401632692432,296405.1892089844,GLD,1768
2021-11-05,300525.37754171755,248.26401632692432,300277.1135253906,GLD,1768
2021-11-08,301603.8586208191,248.26401632692432,301355.5946044922,GLD,1768
2021-11-09,303088.97214620974,248.26401632692432,302840.7081298828,GLD,1768
2021-11-10,306377.4532253113,248.26401632692432,306129.1892089844,GLD,1768
2021-11-11,308092.4153835144,248.26401632692432,307844.1513671875,GLD,1768
2021-11-12,308675.8586208191,248.26401632692432,308427.5946044922,GLD,1768
2021-11-15,308198.4910671082,248.26401632692432,307950.22705078125,GLD,1768
2021-11-16,305970.82077902224,248.26401632692432,305722.5567626953,GLD,1768
2021-11-17,308764.2640163269,248.26401632692432,308516.0,GLD,1768
2021-11-18,307774.1883327332,248.26401632692432,307525.92431640625,GLD,1768
2021-11-19,305422.7450954285,248.26401632692432,305174.48107910156,GLD,1768
2021-11-22,298580.593728241,248.26401632692432,298332.32971191406,GLD,1768
2021-11-23,295999.3018581238,248.26401632692432,295751.0378417969,GLD,1768
2021-11-24,295716.4153835144,248.26401632692432,295468.1513671875,GLD,1768
2021-11-26,295239.07480734255,248.26401632692432,294990.8107910156,GLD,1768
2021-11-29,294832.4153835144,248.26401632692432,294584.1513671875,GLD,1768
2021-11-30,292852.2640163269,248.26401632692432,292604.0,GLD,1768
2021-12-01,294019.1504909363,248.26401632692432,293770.8864746094,GLD,1768
2021-12-02,292392.593728241,248.26401632692432,292144.32971191406,GLD,1768
2021-12-03,294850.1126491394,248.26401632692432,294601.8486328125,GLD,1768
2021-12-06,294125.22617453005,248.26401632692432,293876.9621582031,GLD,1768
2021-12-07,295168.3396999207,248.26401632692432,294920.07568359375,GLD,1768
2021-12-08,295327.4532253113,248.26401632692432,295079.1892089844,GLD,1768
2021-12-09,293524.1126491394,248.26401632692432,293275.8486328125,GLD,1768
2021-12-10,294761.7072536316,248.26401632692432,294513.4432373047,GLD,1768
2021-12-13,295504.2640163269,248.26401632692432,295256.0,GLD,1768
2021-12-14,292746.1883327332,248.26401632692432,292497.92431640625,GLD,1768
2021-12-15,294001.4532253113,248.26401632692432,293753.1892089844,GLD,1768
2021-12-16,297555.1504909363,248.26401632692432,297306.8864746094,GLD,1768
2021-12-17,296918.66941183474,248.26401632692432,296670.4053955078,GLD,1768
2021-12-20,295663.37754171755,248.26401632692432,295415.1135253906,GLD,1768
2021-12-21,295539.63157003786,248.26401632692432,295291.36755371094,GLD,1768
2021-12-22,298315.37754171755,248.26401632692432,298067.1135253906,GLD,1768
2021-12-23,298987.22617453005,248.26401632692432,298738.9621582031,GLD,1768
2021-12-27,299694.4153835144,248.26401632692432,299446.1513671875,GLD,1768
2021-12-28,298403.78293722536,248.26401632692432,298155.51892089844,GLD,1768
2021-12-29,298315.37754171755,248.26401632692432,298067.1135253906,GLD,1768
2021-12-30,300454.66941183474,248.26401632692432,300206.4053955078,GLD,1768
2021-12-31,302505.5558864441,248.26401632692432,302257.2918701172,GLD,1768
2022-01-03,297855.7072536316,248.26401632692432,297607.4432373047,GLD,1768
2022-01-04,300048.0369655457,248.26401632692432,299799.77294921875,GLD,1768
2022-01-05,299146.3396999207,248.26401632692432,298898.07568359375,GLD,1768
2022-01-06,295486.593728241,248.26401632692432,295238.32971191406,GLD,1768
2022-01-07,296830.2640163269,248.26401632692432,296582.0,GLD,1768
2022-01-10,297731.93430441286,248.26401632692432,297483.67028808594,GLD,1768
2022-01-11,301320.97214620974,248.26401632692432,301072.7081298828,GLD,1768
2022-01-12,302116.593728241,248.26401632692432,301868.32971191406,GLD,1768
2022-01-13,301091.1504909363,248.26401632692432,300842.8864746094,GLD,1768
2022-01-14,300224.82077902224,248.26401632692432,299976.5567626953,GLD,1768
2022-01-18,299729.78293722536,248.26401632692432,299481.51892089844,GLD,1768
2022-01-19,304485.7072536316,248.26401632692432,304237.4432373047,GLD,1768
2022-01-20,303725.4532253113,248.26401632692432,303477.1892089844,GLD,1768
2022-01-21,302735.37754171755,248.26401632692432,302487.1135253906,GLD,1768
2022-01-24,304397.3018581238,248.26401632692432,304149.0378417969,GLD,1768
2022-01-25,305369.7072536316,248.26401632692432,305121.4432373047,GLD,1768
2022-01-26,300436.97214620974,248.26401632692432,300188.7081298828,GLD,1768
2022-01-27,296565.07480734255,248.26401632692432,296316.8107910156,GLD,1768
2022-01-28,295681.07480734255,248.26401632692432,295432.8107910156,GLD,1768
2022-01-31,297431.37754171755,248.26401632692432,297183.1135253906,GLD,1768
2022-02-01,297678.896462616,248.26401632692432,297430.63244628906,GLD,1768
2022-02-02,298757.37754171755,248.26401632692432,298509.1135253906,GLD,1768
2022-02-03,298333.07480734255,248.26401632692432,298084.8107910156,GLD,1768
2022-02-04,298792.7450954285,248.26401632692432,298544.48107910156,GLD,1768
2022-02-07,301002.7450954285,248.26401632692432,300754.48107910156,GLD,1768
2022-02-08,301922.1126491394,248.26401632692432,301673.8486328125,GLD,1768
2022-02-09,302947.5558864441,248.26401632692432,302699.2918701172,GLD,1768
2022-02-10,301798.3396999207,248.26401632692432,301550.07568359375,GLD,1768
2022-02-11,307544.3396999207,248.26401632692432,307296.07568359375,GLD,1768
2022-02-14,309188.593728241,248.26401632692432,308940.32971191406,GLD,1768
2022-02-15,306253.7072536316,248.26401632692432,306005.4432373047,GLD,1768
2022-02-16,309400.7450954285,248.26401632692432,309152.48107910156,GLD,1768
2022-02-17,313626.2640163269,248.26401632692432,313378.0,GLD,1768
2022-02-18,313396.4153835144,248.26401632692432,313148.1513671875,GLD,1768
2022-02-22,314050.593728241,248.26401632692432,313802.32971191406,GLD,1768
2022-02-23,315464.97214620974,248.26401632692432,315216.7081298828,GLD,1768
2022-02-24,313431.78293722536,248.26401632692432,313183.51892089844,GLD,1768
2022-02-25,312388.66941183474,248.26401632692432,312140.4053955078,GLD,1768
2022-02-28,315624.1126491394,248.26401632692432,315375.8486328125,GLD,1768
2022-03-01,321352.4153835144,248.26401632692432,321104.1513671875,GLD,1768
2022-03-02,318010.896462616,248.26401632692432,317762.63244628906,GLD,1768
2022-03-03,319902.66941183474,248.26401632692432,319654.4053955078,GLD,1768
2022-03-04,324994.4910671082,248.26401632692432,324746.22705078125,GLD,1768
2022-03-07,329821.1504909363,248.26401632692432,329572.8864746094,GLD,1768
2022-03-08,338837.93430441286,248.26401632692432,338589.67028808594,GLD,1768
2022-03-09,328778.0369655457,248.26401632692432,328529.77294921875,GLD,1768
2022-03-10,329803.4532253113,248.26401632692432,329555.1892089844,GLD,1768
2022-03-11,327487.37754171755,248.26401632692432,327239.1135253906,GLD,1768
2022-03-14,322554.66941183474,248.26401632692432,322306.4053955078,GLD,1768
2022-03-15,316525.78293722536,248.26401632692432,316277.51892089844,GLD,1768
2022-03-16,318505.93430441286,248.26401632692432,318257.67028808594,GLD,1768
2022-03-17,320061.78293722536,248.26401632692432,319813.51892089844,GLD,1768
2022-03-18,317250.66941183474,248.26401632692432,317002.4053955078,GLD,1768
2022-03-21,319672.82077902224,248.26401632692432,319424.5567626953,GLD,1768
2022-03-22,317356.7450954285,248.26401632692432,317108.48107910156,GLD,1768
2022-03-23,321688.3396999207,248.26401632692432,321440.07568359375,GLD,1768
2022-03-24,324022.1126491394,248.26401632692432,323773.8486328125,GLD,1768
2022-03-25,322696.1126491394,248.26401632692432,322447.8486328125,GLD,1768
2022-03-28,316826.3396999207,248.26401632692432,316578.07568359375,GLD,1768
2022-03-29,316967.78293722536,248.26401632692432,316719.51892089844,GLD,1768
2022-03-30,319513.7072536316,248.26401632692432,319265.4432373047,GLD,1768
2022-03-31,319637.4532253113,248.26401632692432,319389.1892089844,GLD,1768
2022-04-01,317604.2640163269,248.26401632692432,317356.0,GLD,1768
2022-04-04,319142.4153835144,248.26401632692432,318894.1513671875,GLD,1768
2022-04-05,317144.593728241,248.26401632692432,316896.32971191406,GLD,1768
2022-04-06,317887.1504909363,248.26401632692432,317638.8864746094,GLD,1768
2022-04-07,319089.37754171755,248.26401632692432,318841.1135253906,GLD,1768
2022-04-08,321087.22617453005,248.26401632692432,320838.9621582031,GLD,1768
2022-04-11,322678.4153835144,248.26401632692432,322430.1513671875,GLD,1768
2022-04-12,325153.63157003786,248.26401632692432,324905.36755371094,GLD,1768
2022-04-13,326709.4532253113,248.26401632692432,326461.1892089844,GLD,1768
2022-04-14,325630.97214620974,248.26401632692432,325382.7081298828,GLD,1768
2022-04-18,326638.7450954285,248.26401632692432,326390.48107910156,GLD,1768
2022-04-19,321706.0369655457,248.26401632692432,321457.77294921875,GLD,1768
2022-04-20,323279.5558864441,248.26401632692432,323031.2918701172,GLD,1768
2022-04-21,322130.3396999207,248.26401632692432,321882.07568359375,GLD,1768
2022-04-22,319000.97214620974,248.26401632692432,318752.7081298828,GLD,1768
2022-04-25,313272.66941183474,248.26401632692432,313024.4053955078,GLD,1768
2022-04-26,313750.0369655457,248.26401632692432,313501.77294921875,GLD,1768
2022-04-27,311380.896462616,248.26401632692432,311132.63244628906,GLD,1768
2022-04-28,313060.4910671082,248.26401632692432,312812.22705078125,GLD,1768
2022-04-29,313025.1504909363,248.26401632692432,312776.8864746094,GLD,1768
2022-05-02,307226.1126491394,248.26401632692432,306977.8486328125,GLD,1768
2022-05-03,308039.37754171755,248.26401632692432,307791.1135253906,GLD,1768
2022-05-04,311062.66941183474,248.26401632692432,310814.4053955078,GLD,1768
2022-05-05,309878.1126491394,248.26401632692432,309629.8486328125,GLD,1768
2022-05-06,310390.82077902224,248.26401632692432,310142.5567626953,GLD,1768
2022-05-09,305900.1126491394,248.26401632692432,305651.8486328125,GLD,1768
2022-05-10,303318.82077902224,248.26401632692432,303070.5567626953,GLD,1768
2022-05-11,305794.0369655457,248.26401632692432,305545.77294921875,GLD,1768
2022-05-12,301108.82077902224,248.26401632692432,300860.5567626953,GLD,1768
2022-05-13,298668.97214620974,248.26401632692432,298420.7081298828,GLD,1768
2022-05-16,301515.4532253113,248.26401632692432,301267.1892089844,GLD,1768
2022-05-17,299623.7072536316,248.26401632692432,299375.4432373047,GLD,1768
2022-05-18,299782.82077902224,248.26401632692432,299534.5567626953,GLD,1768
2022-05-19,304185.1504909363,248.26401632692432,303936.8864746094,GLD,1768
2022-05-20,304397.3018581238,248.26401632692432,304149.0378417969,GLD,1768
2022-05-23,305811.7072536316,248.26401632692432,305563.4432373047,GLD,1768
2022-05-24,308110.1126491394,248.26401632692432,307861.8486328125,GLD,1768
2022-05-25,306253.7072536316,248.26401632692432,306005.4432373047,GLD,1768
2022-05-26,305687.93430441286,248.26401632692432,305439.67028808594,GLD,1768
2022-05-27,305847.07480734255,248.26401632692432,305598.8107910156,GLD,1768
2022-05-31,302823.78293722536,248.26401632692432,302575.51892089844,GLD,1768
2022-06-01,304750.896462616,248.26401632692432,304502.63244628906,GLD,1768
2022-06-02,308499.07480734255,248.26401632692432,308250.8107910156,GLD,1768
2022-06-03,305369.7072536316,248.26401632692432,305121.4432373047,GLD,1768
2022-06-06,304026.0369655457,248.26401632692432,303777.77294921875,GLD,1768
2022-06-07,306006.1883327332,248.26401632692432,305757.92431640625,GLD,1768
2022-06-08,305723.3018581238,248.26401632692432,305475.0378417969,GLD,1768
2022-06-09,304750.896462616,248.26401632692432,304502.63244628906,GLD,1768
2022-06-10,308834.97214620974,248.26401632692432,308586.7081298828,GLD,1768
2022-06-13,300684.4910671082,248.26401632692432,300436.22705078125,GLD,1768
2022-06-14,298280.0369655457,248.26401632692432,298031.77294921875,GLD,1768
2022-06-15,302169.63157003786,248.26401632692432,301921.36755371094,GLD,1768
2022-06-16,305564.1883327332,248.26401632692432,305315.92431640625,GLD,1768
2022-06-17,303053.63157003786,248.26401632692432,302805.36755371094,GLD,1768
2022-06-21,301922.1126491394,248.26401632692432,301673.8486328125,GLD,1768
2022-06-22,303124.3396999207,248.26401632692432,302876.07568359375,GLD,1768
2022-06-23,301267.93430441286,248.26401632692432,301019.67028808594,GLD,1768
2022-06-24,300967.37754171755,248.26401632692432,300719.1135253906,GLD,1768
2022-06-27,300631.4532253113,248.26401632692432,300383.1892089844,GLD,1768
2022-06-28,300136.4153835144,248.26401632692432,299888.1513671875,GLD,1768
2022-06-29,299906.593728241,248.26401632692432,299658.32971191406,GLD,1768
2022-06-30,298085.5558864441,248.26401632692432,297837.2918701172,GLD,1768
2022-07-01,297838.0369655457,248.26401632692432,297589.77294921875,GLD,1768
2022-07-05,291526.2640163269,248.26401632692432,291278.0,GLD,1768
2022-07-06,286911.78293722536,248.26401632692432,286663.51892089844,GLD,1768
2022-07-07,287070.896462616,248.26401632692432,286822.63244628906,GLD,1768
2022-07-08,287194.66941183474,248.26401632692432,286946.4053955078,GLD,1768
2022-07-11,285656.4910671082,248.26401632692432,285408.22705078125,GLD,1768
2022-07-12,284595.7072536316,248.26401632692432,284347.4432373047,GLD,1768
2022-07-13,285957.07480734255,248.26401632692432,285708.8107910156,GLD,1768
2022-07-14,281943.7072536316,248.26401632692432,281695.4432373047,GLD,1768
2022-07-15,281377.93430441286,248.26401632692432,281129.67028808594,GLD,1768
2022-07-18,281643.1504909363,248.26401632692432,281394.8864746094,GLD,1768
2022-07-19,282314.97214620974,248.26401632692432,282066.7081298828,GLD,1768
2022-07-20,279662.97214620974,248.26401632692432,279414.7081298828,GLD,1768
2022-07-21,283605.63157003786,248.26401632692432,283357.36755371094,GLD,1768
2022-07-22,284312.82077902224,248.26401632692432,284064.5567626953,GLD,1768
2022-07-25,283534.896462616,248.26401632692432,283286.63244628906,GLD,1768
2022-07-26,283198.97214620974,248.26401632692432,282950.7081298828,GLD,1768
2022-07-27,286080.82077902224,248.26401632692432,285832.5567626953,GLD,1768
2022-07-28,289563.78293722536,248.26401632692432,289315.51892089844,GLD,1768
2022-07-29,290377.07480734255,248.26401632692432,290128.8107910156,GLD,1768
2022-08-01,292021.3018581238,248.26401632692432,291773.0378417969,GLD,1768
2022-08-02,290288.66941183474,248.26401632692432,290040.4053955078,GLD,1768
2022-08-03,290995.8586208191,248.26401632692432,290747.5946044922,GLD,1768
2022-08-04,295804.82077902224,248.26401632692432,295556.5567626953,GLD,1768
2022-08-05,292480.97214620974,248.26401632692432,292232.7081298828,GLD,1768
2022-08-08,294956.1883327332,248.26401632692432,294707.92431640625,GLD,1768
2022-08-09,295857.8586208191,248.26401632692432,295609.5946044922,GLD,1768
2022-08-10,295115.3018581238,248.26401632692432,294867.0378417969,GLD,1768
2022-08-11,294337.37754171755,248.26401632692432,294089.1135253906,GLD,1768
2022-08-12,297042.4153835144,248.26401632692432,296794.1513671875,GLD,1768
2022-08-15,293223.5558864441,248.26401632692432,292975.2918701172,GLD,1768
2022-08-16,292710.82077902224,248.26401632692432,292462.5567626953,GLD,1768
2022-08-17,290819.07480734255,248.26401632692432,290570.8107910156,GLD,1768
2022-08-18,290058.82077902224,248.26401632692432,289810.5567626953,GLD,1768
2022-08-19,287937.22617453005,248.26401632692432,287688.9621582031,GLD,1768
2022-08-22,286027.78293722536,248.26401632692432,285779.51892089844,GLD,1768
2022-08-23,288025.63157003786,248.26401632692432,287777.36755371094,GLD,1768
2022-08-24,288874.2640163269,248.26401632692432,288626.0,GLD,1768
2022-08-25,289758.2640163269,248.26401632692432,289510.0,GLD,1768
2022-08-26,286239.93430441286,248.26401632692432,285991.67028808594,GLD,1768
2022-08-29,286416.7450954285,248.26401632692432,286168.48107910156,GLD,1768
2022-08-30,284029.93430441286,248.26401632692432,283781.67028808594,GLD,1768
2022-08-31,281837.63157003786,248.26401632692432,281589.36755371094,GLD,1768
2022-09-01,279362.4153835144,248.26401632692432,279114.1513671875,GLD,1768
2022-09-02,281819.93430441286,248.26401632692432,281571.67028808594,GLD,1768
2022-09-06,280175.7072536316,248.26401632692432,279927.4432373047,GLD,1768
2022-09-07,283022.1883327332,248.26401632692432,282773.92431640625,GLD,1768
2022-09-08,281324.896462616,248.26401632692432,281076.63244628906,GLD,1768
2022-09-09,282810.0369655457,248.26401632692432,282561.77294921875,GLD,1768
2022-09-12,284242.1126491394,248.26401632692432,283993.8486328125,GLD,1768
2022-09-13,280546.97214620974,248.26401632692432,280298.7081298828,GLD,1768
2022-09-14,279468.4910671082,248.26401632692432,279220.22705078125,GLD,1768
2022-09-15,274252.896462616,248.26401632692432,274004.63244628906,GLD,1768
2022-09-16,275773.37754171755,248.26401632692432,275525.1135253906,GLD,1768
2022-09-19,275985.5558864441,248.26401632692432,275737.2918701172,GLD,1768
2022-09-20,274412.0369655457,248.26401632692432,274163.77294921875,GLD,1768
2022-09-21,275684.97214620974,248.26401632692432,275436.7081298828,GLD,1768
2022-09-22,275525.8586208191,248.26401632692432,275277.5946044922,GLD,1768
2022-09-23,270769.93430441286,248.26401632692432,270521.67028808594,GLD,1768
2022-09-26,267622.896462616,248.26401632692432,267374.63244628906,GLD,1768
2022-09-27,268170.97214620974,248.26401632692432,267922.7081298828,GLD,1768
2022-09-28,273740.1883327332,248.26401632692432,273491.92431640625,GLD,1768
2022-09-29,273687.1504909363,248.26401632692432,273438.8864746094,GLD,1768
2022-09-30,273704.82077902224,248.26401632692432,273456.5567626953,GLD,1768
2022-10-03,280352.4910671082,248.26401632692432,280104.22705078125,GLD,1768
2022-10-04,284365.8586208191,248.26401632692432,284117.5946044922,GLD,1768
2022-10-05,282792.3396999207,248.26401632692432,282544.07568359375,GLD,1768
2022-10-06,282474.1126491394,248.26401632692432,282225.8486328125,GLD,1768
2022-10-07,279380.1126491394,248.26401632692432,279131.8486328125,GLD,1768
2022-10-10,275136.896462616,248.26401632692432,274888.63244628906,GLD,1768
2022-10-11,274571.1504909363,248.26401632692432,274322.8864746094,GLD,1768
2022-10-12,276038.593728241,248.26401632692432,275790.32971191406,GLD,1768
2022-10-13,274129.1504909363,248.26401632692432,273880.8864746094,GLD,1768
2022-10-14,270716.896462616,248.26401632692432,270468.63244628906,GLD,1768
2022-10-17,271494.82077902224,248.26401632692432,271246.5567626953,GLD,1768
2022-10-18,272078.2640163269,248.26401632692432,271830.0,GLD,1768
2022-10-19,268436.1883327332,248.26401632692432,268187.92431640625,GLD,1768
2022-10-20,268011.8586208191,248.26401632692432,267763.5946044922,GLD,1768
2022-10-21,272785.4532253113,248.26401632692432,272537.1892089844,GLD,1768
2022-10-24,271901.4532253113,248.26401632692432,271653.1892089844,GLD,1768
2022-10-25,272520.2640163269,248.26401632692432,272272.0,GLD,1768
2022-10-26,274252.896462616,248.26401632692432,274004.63244628906,GLD,1768
2022-10-27,273828.593728241,248.26401632692432,273580.32971191406,GLD,1768
2022-10-28,271035.1504909363,248.26401632692432,270786.8864746094,GLD,1768
2022-10-31,268825.1504909363,248.26401632692432,268576.8864746094,GLD,1768
2022-11-01,271565.5558864441,248.26401632692432,271317.2918701172,GLD,1768
2022-11-02,269673.78293722536,248.26401632692432,269425.51892089844,GLD,1768
2022-11-03,268648.3396999207,248.26401632692432,268400.07568359375,GLD,1768
2022-11-04,276887.22617453005,248.26401632692432,276638.9621582031,GLD,1768
2022-11-07,275791.07480734255,248.26401632692432,275542.8107910156,GLD,1768
2022-11-08,282155.8586208191,248.26401632692432,281907.5946044922,GLD,1768
2022-11-09,280741.4532253113,248.26401632692432,280493.1892089844,GLD,1768
2022-11-10,289280.896462616,248.26401632692432,289032.63244628906,GLD,1768
2022-11-11,291190.3396999207,248.26401632692432,290942.07568359375,GLD,1768
2022-11-14,291826.82077902224,248.26401632692432,291578.5567626953,GLD,1768
2022-11-15,292852.2640163269,248.26401632692432,292604.0,GLD,1768
2022-11-16,292180.4153835144,248.26401632692432,291932.1513671875,GLD,1768
2022-11-17,290058.82077902224,248.26401632692432,289810.5567626953,GLD,1768
2022-11-18,288060.97214620974,248.26401632692432,287812.7081298828,GLD,1768
2022-11-21,286452.1126491394,248.26401632692432,286203.8486328125,GLD,1768
2022-11-22,286788.0369655457,248.26401632692432,286539.77294921875,GLD,1768
2022-11-23,288573.7072536316,248.26401632692432,288325.4432373047,GLD,1768
2022-11-25,288821.22617453005,248.26401632692432,288572.9621582031,GLD,1768
2022-11-28,286540.4910671082,248.26401632692432,286292.22705078125,GLD,1768
2022-11-29,287954.896462616,248.26401632692432,287706.63244628906,GLD,1768
2022-11-30,291632.3396999207,248.26401632692432,291384.07568359375,GLD,1768
2022-12-01,296989.37754171755,248.26401632692432,296741.1135253906,GLD,1768
2022-12-02,295963.93430441286,248.26401632692432,295715.67028808594,GLD,1768
2022-12-05,290889.78293722536,248.26401632692432,290641.51892089844,GLD,1768
2022-12-06,291685.37754171755,248.26401632692432,291437.1135253906,GLD,1768
2022-12-07,294319.7072536316,248.26401632692432,294071.4432373047,GLD,1768
2022-12-08,294567.22617453005,248.26401632692432,294318.9621582031,GLD,1768
2022-12-09,295610.3396999207,248.26401632692432,295362.07568359375,GLD,1768
2022-12-12,293170.4910671082,248.26401632692432,292922.22705078125,GLD,1768
2022-12-13,298173.93430441286,248.26401632692432,297925.67028808594,GLD,1768
2022-12-14,297449.07480734255,248.26401632692432,297200.8107910156,GLD,1768
2022-12-15,292587.07480734255,248.26401632692432,292338.8107910156,GLD,1768
2022-12-16,295132.97214620974,248.26401632692432,294884.7081298828,GLD,1768
2022-12-19,294302.0369655457,248.26401632692432,294053.77294921875,GLD,1768
2022-12-20,299181.7072536316,248.26401632692432,298933.4432373047,GLD,1768
2022-12-21,298686.66941183474,248.26401632692432,298438.4053955078,GLD,1768
2022-12-22,295079.93430441286,248.26401632692432,294831.67028808594,GLD,1768
2022-12-23,295963.93430441286,248.26401632692432,295715.67028808594,GLD,1768
2022-12-27,298456.82077902224,248.26401632692432,298208.5567626953,GLD,1768
2022-12-28,297113.1504909363,248.26401632692432,296864.8864746094,GLD,1768
2022-12-29,298775.07480734255,248.26401632692432,298526.8107910156,GLD,1768
2022-12-30,300171.78293722536,248.26401632692432,299923.51892089844,GLD,1768
2023-01-03,302682.3396999207,248.26401632692432,302434.07568359375,GLD,1768
2023-01-04,305528.82077902224,248.26401632692432,305280.5567626953,GLD,1768
2023-01-05,301727.63157003786,248.26401632692432,301479.36755371094,GLD,1768
2023-01-06,307367.5558864441,248.26401632692432,307119.2918701172,GLD,1768
2023-01-09,308057.07480734255,248.26401632692432,307808.8107910156,GLD,1768
2023-01-10,309188.593728241,248.26401632692432,308940.32971191406,GLD,1768
2023-01-11,308976.4153835144,248.26401632692432,308728.1513671875,GLD,1768
2023-01-12,312547.78293722536,248.26401632692432,312299.51892089844,GLD,1768
2023-01-13,316295.93430441286,248.26401632692432,316047.67028808594,GLD,1768
2023-01-17,314227.37754171755,248.26401632692432,313979.1135253906,GLD,1768
2023-01-18,313325.7072536316,248.26401632692432,313077.4432373047,GLD,1768
2023-01-19,318293.78293722536,248.26401632692432,318045.51892089844,GLD,1768
2023-01-20,317232.97214620974,248.26401632692432,316984.7081298828,GLD,1768
2023-01-23,317834.1126491394,248.26401632692432,317585.8486328125,GLD,1768
2023-01-24,318983.3018581238,248.26401632692432,318735.0378417969,GLD,1768
2023-01-25,320450.7450954285,248.26401632692432,320202.48107910156,GLD,1768
2023-01-26,317551.22617453005,248.26401632692432,317302.9621582031,GLD,1768
2023-01-27,317109.22617453005,248.26401632692432,316860.9621582031,GLD,1768
2023-01-30,316295.93430441286,248.26401632692432,316047.67028808594,GLD,1768
2023-01-31,317445.1504909363,248.26401632692432,317196.8864746094,GLD,1768
2023-02-01,321440.82077902224,248.26401632692432,321192.5567626953,GLD,1768
2023-02-02,314775.4532253113,248.26401632692432,314527.1892089844,GLD,1768
2023-02-03,306925.5558864441,248.26401632692432,306677.2918701172,GLD,1768
2023-02-06,307562.0369655457,248.26401632692432,307313.77294921875,GLD,1768
2023-02-07,307844.896462616,248.26401632692432,307596.63244628906,GLD,1768
2023-02-08,308605.1504909363,248.26401632692432,308356.8864746094,GLD,1768
2023-02-09,306165.3018581238,248.26401632692432,305917.0378417969,GLD,1768
2023-02-10,306748.7450954285,248.26401632692432,306500.48107910156,GLD,1768
2023-02-13,305192.896462616,248.26401632692432,304944.63244628906,GLD,1768
2023-02-14,305422.7450954285,248.26401632692432,305174.48107910156,GLD,1768
2023-02-15,302381.78293722536,248.26401632692432,302133.51892089844,GLD,1768
2023-02-16,302134.2640163269,248.26401632692432,301886.0,GLD,1768
2023-02-17,303035.93430441286,248.26401632692432,302787.67028808594,GLD,1768
2023-02-21,301904.4153835144,248.26401632692432,301656.1513671875,GLD,1768
2023-02-22,300207.1504909363,248.26401632692432,299958.8864746094,GLD,1768
2023-02-23,300048.0369655457,248.26401632692432,299799.77294921875,GLD,1768
2023-02-24,297891.07480734255,248.26401632692432,297642.8107910156,GLD,1768
2023-02-27,299057.93430441286,248.26401632692432,298809.67028808594,GLD,1768
2023-02-28,300419.3018581238,248.26401632692432,300171.0378417969,GLD,1768
2023-03-01,302151.93430441286,248.26401632692432,301903.67028808594,GLD,1768
2023-03-02,301975.1504909363,248.26401632692432,301726.8864746094,GLD,1768
2023-03-03,305210.593728241,248.26401632692432,304962.32971191406,GLD,1768
2023-03-06,303672.4153835144,248.26401632692432,303424.1513671875,GLD,1768
2023-03-07,298368.4153835144,248.26401632692432,298120.1513671875,GLD,1768
2023-03-08,298226.97214620974,248.26401632692432,297978.7081298828,GLD,1768
2023-03-09,301161.8586208191,248.26401632692432,300913.5946044922,GLD,1768
2023-03-10,307650.4153835144,248.26401632692432,307402.1513671875,GLD,1768
2023-03-13,314704.7450954285,248.26401632692432,314456.48107910156,GLD,1768
2023-03-14,312883.7072536316,248.26401632692432,312635.4432373047,GLD,1768
2023-03-15,315323.5558864441,248.26401632692432,315075.2918701172,GLD,1768
2023-03-16,315960.0369655457,248.26401632692432,315711.77294921875,GLD,1768
2023-03-17,325153.63157003786,248.26401632692432,324905.36755371094,GLD,1768
2023-03-20,325277.37754171755,248.26401632692432,325029.1135253906,GLD,1768
2023-03-21,319142.4153835144,248.26401632692432,318894.1513671875,GLD,1768
2023-03-22,324570.1883327332,248.26401632692432,324321.92431640625,GLD,1768
2023-03-23,328636.593728241,248.26401632692432,328388.32971191406,GLD,1768
2023-03-24,324941.4532253113,248.26401632692432,324693.1892089844,GLD,1768
2023-03-27,321935.8586208191,248.26401632692432,321687.5946044922,GLD,1768
2023-03-28,324570.1883327332,248.26401632692432,324321.92431640625,GLD,1768
2023-03-29,322961.3018581238,248.26401632692432,322713.0378417969,GLD,1768
2023-03-30,325878.4910671082,248.26401632692432,325630.22705078125,GLD,1768
2023-03-31,324181.22617453005,248.26401632692432,323932.9621582031,GLD,1768
2023-04-03,326514.97214620974,248.26401632692432,326266.7081298828,GLD,1768
2023-04-04,332596.896462616,248.26401632692432,332348.63244628906,GLD,1768
2023-04-05,332331.7072536316,248.26401632692432,332083.4432373047,GLD,1768
2023-04-06,329962.593728241,248.26401632692432,329714.32971191406,GLD,1768
2023-04-10,327522.7450954285,248.26401632692432,327274.48107910156,GLD,1768
2023-04-11,329591.3018581238,248.26401632692432,329343.0378417969,GLD,1768
2023-04-12,331200.1883327332,248.26401632692432,330951.92431640625,GLD,1768
2023-04-13,335673.22617453005,248.26401632692432,335424.9621582031,GLD,1768
2023-04-14,329732.7450954285,248.26401632692432,329484.48107910156,GLD,1768
2023-04-17,328265.3018581238,248.26401632692432,328017.0378417969,GLD,1768
2023-04-18,329538.2640163269,248.26401632692432,329290.0,GLD,1768
2023-04-19,327964.7450954285,248.26401632692432,327716.48107910156,GLD,1768
2023-04-20,329255.37754171755,248.26401632692432,329007.1135253906,GLD,1768
2023-04-21,326002.2640163269,248.26401632692432,325754.0,GLD,1768
2023-04-24,326992.3396999207,248.26401632692432,326744.07568359375,GLD,1768
2023-04-25,328654.2640163269,248.26401632692432,328406.0,GLD,1768
2023-04-26,326868.593728241,248.26401632692432,326620.32971191406,GLD,1768
2023-04-27,326886.2640163269,248.26401632692432,326638.0,GLD,1768
2023-04-28,326974.66941183474,248.26401632692432,326726.4053955078,GLD,1768
2023-05-01,325507.22617453005,248.26401632692432,325258.9621582031,GLD,1768
2023-05-02,331783.63157003786,248.26401632692432,331535.36755371094,GLD,1768
2023-05-03,334594.7450954285,248.26401632692432,334346.48107910156,GLD,1768
2023-05-04,336946.1883327332,248.26401632692432,336697.92431640625,GLD,1768
2023-05-05,331677.5558864441,248.26401632692432,331429.2918701172,GLD,1768
2023-05-08,332084.1883327332,248.26401632692432,331835.92431640625,GLD,1768
2023-05-09,334435.63157003786,248.26401632692432,334187.36755371094,GLD,1768
2023-05-10,333958.2640163269,248.26401632692432,333710.0,GLD,1768
2023-05-11,331094.1126491394,248.26401632692432,330845.8486328125,GLD,1768
2023-05-12,330528.3396999207,248.26401632692432,330280.07568359375,GLD,1768
2023-05-15,331235.5558864441,248.26401632692432,330987.2918701172,GLD,1768
2023-05-16,327098.4153835144,248.26401632692432,326850.1513671875,GLD,1768
2023-05-17,325966.896462616,248.26401632692432,325718.63244628906,GLD,1768
2023-05-18,321741.37754171755,248.26401632692432,321493.1135253906,GLD,1768
2023-05-19,324923.78293722536,248.26401632692432,324675.51892089844,GLD,1768
2023-05-22,324163.5558864441,248.26401632692432,323915.2918701172,GLD,1768
2023-05-23,324552.4910671082,248.26401632692432,324304.22705078125,GLD,1768
2023-05-24,321935.8586208191,248.26401632692432,321687.5946044922,GLD,1768
2023-05-25,318841.8586208191,248.26401632692432,318593.5946044922,GLD,1768
2023-05-26,320114.82077902224,248.26401632692432,319866.5567626953,GLD,1768
2023-05-30,322094.97214620974,248.26401632692432,321846.7081298828,GLD,1768
2023-05-31,322590.0369655457,248.26401632692432,322341.77294921875,GLD,1768
2023-06-01,325135.93430441286,248.26401632692432,324887.67028808594,GLD,1768
2023-06-02,320344.66941183474,248.26401632692432,320096.4053955078,GLD,1768
2023-06-05,322271.78293722536,248.26401632692432,322023.51892089844,GLD,1768
2023-06-06,322625.37754171755,248.26401632692432,322377.1135253906,GLD,1768
2023-06-07,318753.4532253113,248.26401632692432,318505.1892089844,GLD,1768
2023-06-08,322961.3018581238,248.26401632692432,322713.0378417969,GLD,1768
2023-06-09,322094.97214620974,248.26401632692432,321846.7081298828,GLD,1768
2023-06-12,321812.1126491394,248.26401632692432,321563.8486328125,GLD,1768
2023-06-13,319442.97214620974,248.26401632692432,319194.7081298828,GLD,1768
2023-06-14,319619.78293722536,248.26401632692432,319371.51892089844,GLD,1768
2023-06-15,321865.1504909363,248.26401632692432,321616.8864746094,GLD,1768
2023-06-16,321370.1126491394,248.26401632692432,321121.8486328125,GLD,1768
2023-06-20,318046.2640163269,248.26401632692432,317798.0,GLD,1768
2023-06-21,317586.593728241,248.26401632692432,317338.32971191406,GLD,1768
2023-06-22,314439.5558864441,248.26401632692432,314191.2918701172,GLD,1768
2023-06-23,315305.8586208191,248.26401632692432,315057.5946044922,GLD,1768
2023-06-26,315853.93430441286,248.26401632692432,315605.67028808594,GLD,1768
2023-06-27,314404.1883327332,248.26401632692432,314155.92431640625,GLD,1768
2023-06-28,313679.3018581238,248.26401632692432,313431.0378417969,GLD,1768
2023-06-29,313343.37754171755,248.26401632692432,313095.1135253906,GLD,1768
2023-06-30,315429.63157003786,248.26401632692432,315181.36755371094,GLD,1768
2023-07-03,315783.22617453005,248.26401632692432,315534.9621582031,GLD,1768
2023-07-05,314669.37754171755,248.26401632692432,314421.1135253906,GLD,1768
2023-07-06,313732.3396999207,248.26401632692432,313484.07568359375,GLD,1768
2023-07-07,316083.78293722536,248.26401632692432,315835.51892089844,GLD,1768
2023-07-10,316331.3018581238,248.26401632692432,316083.0378417969,GLD,1768
2023-07-11,317515.8586208191,248.26401632692432,317267.5946044922,GLD,1768
2023-07-12,321812.1126491394,248.26401632692432,321563.8486328125,GLD,1768
2023-07-13,322041.93430441286,248.26401632692432,321793.67028808594,GLD,1768
2023-07-14,321016.4910671082,248.26401632692432,320768.22705078125,GLD,1768
2023-07-17,321246.3396999207,248.26401632692432,320998.07568359375,GLD,1768
2023-07-18,324923.78293722536,248.26401632692432,324675.51892089844,GLD,1768
2023-07-19,324976.82077902224,248.26401632692432,324728.5567626953,GLD,1768
2023-07-20,323332.593728241,248.26401632692432,323084.32971191406,GLD,1768
2023-07-21,322342.4910671082,248.26401632692432,322094.22705078125,GLD,1768
2023-07-24,320963.4532253113,248.26401632692432,320715.1892089844,GLD,1768
2023-07-25,322749.1504909363,248.26401632692432,322500.8864746094,GLD,1768
2023-07-26,324322.66941183474,248.26401632692432,324074.4053955078,GLD,1768
2023-07-27,319230.82077902224,248.26401632692432,318982.5567626953,GLD,1768
2023-07-28,321776.7450954285,248.26401632692432,321528.48107910156,GLD,1768
2023-07-31,322643.07480734255,248.26401632692432,322394.8107910156,GLD,1768
2023-08-01,319301.5558864441,248.26401632692432,319053.2918701172,GLD,1768
2023-08-02,317781.07480734255,248.26401632692432,317532.8107910156,GLD,1768
2023-08-03,317674.97214620974,248.26401632692432,317426.7081298828,GLD,1768
2023-08-04,318824.1883327332,248.26401632692432,318575.92431640625,GLD,1768
2023-08-07,318099.3018581238,248.26401632692432,317851.0378417969,GLD,1768
2023-08-08,316083.78293722536,248.26401632692432,315835.51892089844,GLD,1768
2023-08-09,314580.97214620974,248.26401632692432,314332.7081298828,GLD,1768
2023-08-10,314245.07480734255,248.26401632692432,313996.8107910156,GLD,1768
2023-08-11,314245.07480734255,248.26401632692432,313996.8107910156,GLD,1768
2023-08-14,313290.3396999207,248.26401632692432,313042.07568359375,GLD,1768
2023-08-15,312459.37754171755,248.26401632692432,312211.1135253906,GLD,1768
2023-08-16,310656.0369655457,248.26401632692432,310407.77294921875,GLD,1768
2023-08-17,310178.66941183474,248.26401632692432,309930.4053955078,GLD,1768
2023-08-18,310231.7072536316,248.26401632692432,309983.4432373047,GLD,1768
2023-08-21,311080.3396999207,248.26401632692432,310832.07568359375,GLD,1768
2023-08-22,311593.07480734255,248.26401632692432,311344.8107910156,GLD,1768
2023-08-23,314757.78293722536,248.26401632692432,314509.51892089844,GLD,1768
2023-08-24,314687.07480734255,248.26401632692432,314438.8107910156,GLD,1768
2023-08-25,314280.4153835144,248.26401632692432,314032.1513671875,GLD,1768
2023-08-28,315182.1126491394,248.26401632692432,314933.8486328125,GLD,1768
2023-08-29,318258.4153835144,248.26401632692432,318010.1513671875,GLD,1768
2023-08-30,319054.0369655457,248.26401632692432,318805.77294921875,GLD,1768
2023-08-31,318523.63157003786,248.26401632692432,318275.36755371094,GLD,1768
2023-09-01,318682.7450954285,248.26401632692432,318434.48107910156,GLD,1768
2023-09-05,316083.78293722536,248.26401632692432,315835.51892089844,GLD,1768
2023-09-06,314651.7072536316,248.26401632692432,314403.4432373047,GLD,1768
2023-09-07,314987.63157003786,248.26401632692432,314739.36755371094,GLD,1768
2023-09-08,315093.7072536316,248.26401632692432,314845.4432373047,GLD,1768
2023-09-11,315677.1504909363,248.26401632692432,315428.8864746094,GLD,1768
2023-09-12,314050.593728241,248.26401632692432,313802.32971191406,GLD,1768
2023-09-13,313325.7072536316,248.26401632692432,313077.4432373047,GLD,1768
2023-09-14,313484.82077902224,248.26401632692432,313236.5567626953,GLD,1768
2023-09-15,315553.37754171755,248.26401632692432,315305.1135253906,GLD,1768
2023-09-18,317409.78293722536,248.26401632692432,317161.51892089844,GLD,1768
2023-09-19,317109.22617453005,248.26401632692432,316860.9621582031,GLD,1768
2023-09-20,317339.07480734255,248.26401632692432,317090.8107910156,GLD,1768
2023-09-21,315040.66941183474,248.26401632692432,314792.4053955078,GLD,1768
2023-09-22,316048.4153835144,248.26401632692432,315800.1513671875,GLD,1768
2023-09-25,314421.8586208191,248.26401632692432,314173.5946044922,GLD,1768
2023-09-26,311911.3018581238,248.26401632692432,311663.0378417969,GLD,1768
2023-09-27,308057.07480734255,248.26401632692432,307808.8107910156,GLD,1768
2023-09-28,306518.896462616,248.26401632692432,306270.63244628906,GLD,1768
2023-09-29,303371.8586208191,248.26401632692432,303123.5946044922,GLD,1768
2023-10-02,300189.4532253113,248.26401632692432,299941.1892089844,GLD,1768
2023-10-03,299323.1504909363,248.26401632692432,299074.8864746094,GLD,1768
2023-10-04,299287.78293722536,248.26401632692432,299039.51892089844,GLD,1768
2023-10-05,298739.7072536316,248.26401632692432,298491.4432373047,GLD,1768
2023-10-06,300277.8586208191,248.26401632692432,300029.5946044922,GLD,1768
2023-10-09,305794.0369655457,248.26401632692432,305545.77294921875,GLD,1768
2023-10-10,305281.3018581238,248.26401632692432,305033.0378417969,GLD,1768
2023-10-11,307508.97214620974,248.26401632692432,307260.7081298828,GLD,1768
2023-10-12,306571.93430441286,248.26401632692432,306323.67028808594,GLD,1768
2023-10-13,316419.7072536316,248.26401632692432,316171.4432373047,GLD,1768
2023-10-16,314881.5558864441,248.26401632692432,314633.2918701172,GLD,1768
2023-10-17,315464.97214620974,248.26401632692432,315216.7081298828,GLD,1768
2023-10-18,320026.4153835144,248.26401632692432,319778.1513671875,GLD,1768
2023-10-19,323951.37754171755,248.26401632692432,323703.1135253906,GLD,1768
2023-10-20,324835.37754171755,248.26401632692432,324587.1135253906,GLD,1768
2023-10-23,323739.22617453005,248.26401632692432,323490.9621582031,GLD,1768
2023-10-24,323703.8586208191,248.26401632692432,323455.5946044922,GLD,1768
2023-10-25,325065.22617453005,248.26401632692432,324816.9621582031,GLD,1768
2023-10-26,325577.93430441286,248.26401632692432,325329.67028808594,GLD,1768
2023-10-27,329361.4532253113,248.26401632692432,329113.1892089844,GLD,1768
2023-10-30,327505.07480734255,248.26401632692432,327256.8107910156,GLD,1768
2023-10-31,325719.37754171755,248.26401632692432,325471.1135253906,GLD,1768
2023-11-01,324693.93430441286,248.26401632692432,324445.67028808594,GLD,1768
2023-11-02,325772.4153835144,248.26401632692432,325524.1513671875,GLD,1768
2023-11-03,326956.97214620974,248.26401632692432,326708.7081298828,GLD,1768
2023-11-06,324411.07480734255,248.26401632692432,324162.8107910156,GLD,1768
2023-11-07,323067.37754171755,248.26401632692432,322819.1135253906,GLD,1768
2023-11-08,319849.63157003786,248.26401632692432,319601.36755371094,GLD,1768
2023-11-09,321122.593728241,248.26401632692432,320874.32971191406,GLD,1768
2023-11-10,317621.93430441286,248.26401632692432,317373.67028808594,GLD,1768
2023-11-13,319389.93430441286,248.26401632692432,319141.67028808594,GLD,1768
2023-11-14,322236.4153835144,248.26401632692432,321988.1513671875,GLD,1768
2023-11-15,321387.78293722536,248.26401632692432,321139.51892089844,GLD,1768
2023-11-16,325012.1883327332,248.26401632692432,324763.92431640625,GLD,1768
2023-11-17,324976.82077902224,248.26401632692432,324728.5567626953,GLD,1768
2023-11-20,324446.4153835144,248.26401632692432,324198.1513671875,GLD,1768
2023-11-21,327947.07480734255,248.26401632692432,327698.8107910156,GLD,1768
2023-11-22,326550.3396999207,248.26401632692432,326302.07568359375,GLD,1768
2023-11-24,328247.63157003786,248.26401632692432,327999.36755371094,GLD,1768
2023-11-27,330457.63157003786,248.26401632692432,330209.36755371094,GLD,1768
2023-11-28,334859.93430441286,248.26401632692432,334611.67028808594,GLD,1768
2023-11-29,335354.97214620974,248.26401632692432,335106.7081298828,GLD,1768
2023-11-30,333958.2640163269,248.26401632692432,333710.0,GLD,1768
2023-12-01,339721.93430441286,248.26401632692432,339473.67028808594,GLD,1768
2023-12-04,332384.7450954285,248.26401632692432,332136.48107910156,GLD,1768
2023-12-05,331129.4532253113,248.26401632692432,330881.1892089844,GLD,1768
2023-12-06,332349.37754171755,248.26401632692432,332101.1135253906,GLD,1768
2023-12-07,332897.4532253113,248.26401632692432,332649.1892089844,GLD,1768
2023-12-08,328459.78293722536,248.26401632692432,328211.51892089844,GLD,1768
2023-12-11,324835.37754171755,248.26401632692432,324587.1135253906,GLD,1768
2023-12-12,324658.593728241,248.26401632692432,324410.32971191406,GLD,1768
2023-12-13,331978.1126491394,248.26401632692432,331729.8486328125,GLD,1768
2023-12-14,333922.896462616,248.26401632692432,333674.63244628906,GLD,1768
2023-12-15,330864.2640163269,248.26401632692432,330616.0,GLD,1768
2023-12-18,332367.07480734255,248.26401632692432,332118.8107910156,GLD,1768
2023-12-19,334630.1126491394,248.26401632692432,334381.8486328125,GLD,1768
2023-12-20,332809.07480734255,248.26401632692432,332560.8107910156,GLD,1768
2023-12-21,335160.4910671082,248.26401632692432,334912.22705078125,GLD,1768
2023-12-22,336645.63157003786,248.26401632692432,336397.36755371094,GLD,1768
2023-12-26,339209.22617453005,248.26401632692432,338960.9621582031,GLD,1768
2023-12-27,340747.37754171755,248.26401632692432,340499.1135253906,GLD,1768
2023-12-28,338767.22617453005,248.26401632692432,338518.9621582031,GLD,1768
2023-12-29,338236.82077902224,248.26401632692432,337988.5567626953,GLD,1768
2024-01-02,337441.22617453005,248.26401632692432,337192.9621582031,GLD,1768
2024-01-03,334630.1126491394,248.26401632692432,334381.8486328125,GLD,1768
2024-01-04,334966.0369655457,248.26401632692432,334717.77294921875,GLD,1768
2024-01-05,335019.07480734255,248.26401632692432,334770.8107910156,GLD,1768
2024-01-08,332402.4153835144,248.26401632692432,332154.1513671875,GLD,1768
2024-01-09,332508.4910671082,248.26401632692432,332260.22705078125,GLD,1768
2024-01-10,331748.2640163269,248.26401632692432,331500.0,GLD,1768
2024-01-11,332402.4153835144,248.26401632692432,332154.1513671875,GLD,1768
2024-01-12,335655.5558864441,248.26401632692432,335407.2918701172,GLD,1768
2024-01-16,332473.1504909363,248.26401632692432,332224.8864746094,GLD,1768
2024-01-17,328813.37754171755,248.26401632692432,328565.1135253906,GLD,1768
2024-01-18,331518.4153835144,248.26401632692432,331270.1513671875,GLD,1768
2024-01-19,332508.4910671082,248.26401632692432,332260.22705078125,GLD,1768
2024-01-22,331253.22617453005,248.26401632692432,331004.9621582031,GLD,1768
2024-01-23,332543.8586208191,248.26401632692432,332295.5946044922,GLD,1768
2024-01-24,329803.4532253113,248.26401632692432,329555.1892089844,GLD,1768
2024-01-25,331111.78293722536,248.26401632692432,330863.51892089844,GLD,1768
2024-01-26,330881.93430441286,248.26401632692432,330633.67028808594,GLD,1768
2024-01-29,333215.7072536316,248.26401632692432,332967.4432373047,GLD,1768
2024-01-30,333675.37754171755,248.26401632692432,333427.1135253906,GLD,1768
2024-01-31,333427.8586208191,248.26401632692432,333179.5946044922,GLD,1768
2024-02-01,336893.1504909363,248.26401632692432,336644.8864746094,GLD,1768
2024-02-02,333710.7450954285,248.26401632692432,333462.48107910156,GLD,1768
2024-02-05,331872.0369655457,248.26401632692432,331623.77294921875,GLD,1768
2024-02-06,333604.66941183474,248.26401632692432,333356.4053955078,GLD,1768
2024-02-07,333516.2640163269,248.26401632692432,333268.0,GLD,1768
2024-02-08,333215.7072536316,248.26401632692432,332967.4432373047,GLD,1768
2024-02-09,331925.07480734255,248.26401632692432,331676.8107910156,GLD,1768
2024-02-12,331058.7450954285,248.26401632692432,330810.48107910156,GLD,1768
2024-02-13,326497.3018581238,248.26401632692432,326249.0378417969,GLD,1768
2024-02-14,326302.82077902224,248.26401632692432,326054.5567626953,GLD,1768
2024-02-15,328495.1504909363,248.26401632692432,328246.8864746094,GLD,1768
2024-02-16,329697.37754171755,248.26401632692432,329449.1135253906,GLD,1768
2024-02-20,331695.22617453005,248.26401632692432,331446.9621582031,GLD,1768
2024-02-21,331712.896462616,248.26401632692432,331464.63244628906,GLD,1768
2024-02-22,331854.3396999207,248.26401632692432,331606.07568359375,GLD,1768
2024-02-23,333728.4153835144,248.26401632692432,333480.1513671875,GLD,1768
2024-02-26,332985.8586208191,248.26401632692432,332737.5946044922,GLD,1768
2024-02-27,332632.2640163269,248.26401632692432,332384.0,GLD,1768
2024-02-28,333233.37754171755,248.26401632692432,332985.1135253906,GLD,1768
2024-02-29,334948.3396999207,248.26401632692432,334700.07568359375,GLD,1768
2024-03-01,341277.78293722536,248.26401632692432,341029.51892089844,GLD,1768
2024-03-04,346793.93430441286,248.26401632692432,346545.67028808594,GLD,1768
2024-03-05,348880.1883327332,248.26401632692432,348631.92431640625,GLD,1768
2024-03-06,351744.3396999207,248.26401632692432,351496.07568359375,GLD,1768
2024-03-07,353742.1883327332,248.26401632692432,353493.92431640625,GLD,1768
2024-03-08,356730.1126491394,248.26401632692432,356481.8486328125,GLD,1768
2024-03-11,357384.2640163269,248.26401632692432,357136.0,GLD,1768
2024-03-12,353476.97214620974,248.26401632692432,353228.7081298828,GLD,1768
2024-03-13,355952.1883327332,248.26401632692432,355703.92431640625,GLD,1768
2024-03-14,354467.07480734255,248.26401632692432,354218.8107910156,GLD,1768
2024-03-15,353335.5558864441,248.26401632692432,353087.2918701172,GLD,1768
2024-03-18,353901.3018581238,248.26401632692432,353653.0378417969,GLD,1768
2024-03-19,353494.66941183474,248.26401632692432,353246.4053955078,GLD,1768
2024-03-20,357702.4910671082,248.26401632692432,357454.22705078125,GLD,1768
2024-03-21,357331.22617453005,248.26401632692432,357082.9621582031,GLD,1768
2024-03-22,354467.07480734255,248.26401632692432,354218.8107910156,GLD,1768
2024-03-25,355598.593728241,248.26401632692432,355350.32971191406,GLD,1768
2024-03-26,356747.78293722536,248.26401632692432,356499.51892089844,GLD,1768
2024-03-27,359329.07480734255,248.26401632692432,359080.8107910156,GLD,1768
2024-03-28,363961.22617453005,248.26401632692432,363712.9621582031,GLD,1768
2024-04-01,367674.0369655457,248.26401632692432,367425.77294921875,GLD,1768
2024-04-02,373101.78293722536,248.26401632692432,372853.51892089844,GLD,1768
2024-04-03,376372.593728241,248.26401632692432,376124.32971191406,GLD,1768
2024-04-04,374215.63157003786,248.26401632692432,373967.36755371094,GLD,1768
2024-04-05,380615.78293722536,248.26401632692432,380367.51892089844,GLD,1768
2024-04-08,382984.896462616,248.26401632692432,382736.63244628906,GLD,1768
2024-04-09,385088.82077902224,248.26401632692432,384840.5567626953,GLD,1768
2024-04-10,381446.7450954285,248.26401632692432,381198.48107910156,GLD,1768
2024-04-11,388854.66941183474,248.26401632692432,388606.4053955078,GLD,1768
2024-04-12,383709.78293722536,248.26401632692432,383461.51892089844,GLD,1768
2024-04-15,390887.8586208191,248.26401632692432,390639.5946044922,GLD,1768
2024-04-16,391365.22617453005,248.26401632692432,391116.9621582031,GLD,1768
2024-04-17,388483.37754171755,248.26401632692432,388235.1135253906,GLD,1768
2024-04-18,389809.37754171755,248.26401632692432,389561.1135253906,GLD,1768
2024-04-19,391029.3018581238,248.26401632692432,390781.0378417969,GLD,1768
2024-04-22,381376.0369655457,248.26401632692432,381127.77294921875,GLD,1768
2024-04-23,380438.97214620974,248.26401632692432,380190.7081298828,GLD,1768
2024-04-24,379731.78293722536,248.26401632692432,379483.51892089844,GLD,1768
2024-04-25,381994.82077902224,248.26401632692432,381746.5567626953,GLD,1768
2024-04-26,383232.4153835144,248.26401632692432,382984.1513671875,GLD,1768
2024-04-29,382454.4910671082,248.26401632692432,382206.22705078125,GLD,1768
2024-04-30,374834.4153835144,248.26401632692432,374586.1513671875,GLD,1768
2024-05-01,378228.97214620974,248.26401632692432,377980.7081298828,GLD,1768
2024-05-02,377062.1126491394,248.26401632692432,376813.8486328125,GLD,1768
2024-05-03,376761.5558864441,248.26401632692432,376513.2918701172,GLD,1768
2024-05-06,380721.8586208191,248.26401632692432,380473.5946044922,GLD,1768
2024-05-07,378971.5558864441,248.26401632692432,378723.2918701172,GLD,1768
2024-05-08,377857.7072536316,248.26401632692432,377609.4432373047,GLD,1768
2024-05-09,383815.8586208191,248.26401632692432,383567.5946044922,GLD,1768
2024-05-10,386927.5558864441,248.26401632692432,386679.2918701172,GLD,1768
2024-05-13,382595.93430441286,248.26401632692432,382347.67028808594,GLD,1768
2024-05-14,385831.37754171755,248.26401632692432,385583.1135253906,GLD,1768
2024-05-15,390781.78293722536,248.26401632692432,390533.51892089844,GLD,1768
2024-05-16,389261.3018581238,248.26401632692432,389013.0378417969,GLD,1768
2024-05-17,395679.1504909363,248.26401632692432,395430.8864746094,GLD,1768
2024-05-20,397270.3396999207,248.26401632692432,397022.07568359375,GLD,1768
2024-05-21,396686.896462616,248.26401632692432,396438.63244628906,GLD,1768
2024-05-22,389402.7450954285,248.26401632692432,389154.48107910156,GLD,1768
2024-05-23,381641.22617453005,248.26401632692432,381392.9621582031,GLD,1768
2024-05-24,381994.82077902224,248.26401632692432,381746.5567626953,GLD,1768
2024-05-28,386008.1883327332,248.26401632692432,385759.92431640625,GLD,1768
2024-05-29,382419.1504909363,248.26401632692432,382170.8864746094,GLD,1768
2024-05-30,383144.0369655457,248.26401632692432,382895.77294921875,GLD,1768
2024-05-31,380898.66941183474,248.26401632692432,380650.4053955078,GLD,1768
2024-06-03,384293.22617453005,248.26401632692432,384044.9621582031,GLD,1768
2024-06-04,380845.63157003786,248.26401632692432,380597.36755371094,GLD,1768
2024-06-05,385354.0369655457,248.26401632692432,385105.77294921875,GLD,1768
2024-06-06,388200.4910671082,248.26401632692432,387952.22705078125,GLD,1768
2024-06-07,374357.07480734255,248.26401632692432,374108.8107910156,GLD,1768
2024-06-10,377786.97214620974,248.26401632692432,377538.7081298828,GLD,1768
2024-06-11,378865.4532253113,248.26401632692432,378617.1892089844,GLD,1768
2024-06-12,379873.22617453005,248.26401632692432,379624.9621582031,GLD,1768
2024-06-13,376779.22617453005,248.26401632692432,376530.9621582031,GLD,1768
2024-06-14,381658.896462616,248.26401632692432,381410.63244628906,GLD,1768
2024-06-17,379678.7450954285,248.26401632692432,379430.48107910156,GLD,1768
2024-06-18,381199.22617453005,248.26401632692432,380950.9621582031,GLD,1768
2024-06-20,385955.1504909363,248.26401632692432,385706.8864746094,GLD,1768
2024-06-21,379979.3018581238,248.26401632692432,379731.0378417969,GLD,1768
2024-06-24,381482.1126491394,248.26401632692432,381233.8486328125,GLD,1768
2024-06-25,379590.3396999207,248.26401632692432,379342.07568359375,GLD,1768
2024-06-26,376089.7072536316,248.26401632692432,375841.4432373047,GLD,1768
2024-06-27,380350.593728241,248.26401632692432,380102.32971191406,GLD,1768
2024-06-28,380385.93430441286,248.26401632692432,380137.67028808594,GLD,1768
2024-07-01,381376.0369655457,248.26401632692432,381127.77294921875,GLD,1768
2024-07-02,381358.3396999207,248.26401632692432,381110.07568359375,GLD,1768
2024-07-03,385654.593728241,248.26401632692432,385406.32971191406,GLD,1768
2024-07-05,390852.4910671082,248.26401632692432,390604.22705078125,GLD,1768
2024-07-08,386008.1883327332,248.26401632692432,385759.92431640625,GLD,1768
2024-07-09,386662.3396999207,248.26401632692432,386414.07568359375,GLD,1768
2024-07-10,388076.7450954285,248.26401632692432,387828.48107910156,GLD,1768
2024-07-11,394954.2640163269,248.26401632692432,394706.0,GLD,1768
2024-07-12,394706.7450954285,248.26401632692432,394458.48107910156,GLD,1768
2024-07-15,395979.7072536316,248.26401632692432,395731.4432373047,GLD,1768
2024-07-16,403864.97214620974,248.26401632692432,403616.7081298828,GLD,1768
2024-07-17,401990.896462616,248.26401632692432,401742.63244628906,GLD,1768
2024-07-18,399427.3018581238,248.26401632692432,399179.0378417969,GLD,1768
2024-07-19,392266.896462616,248.26401632692432,392018.63244628906,GLD,1768
2024-07-22,392390.66941183474,248.26401632692432,392142.4053955078,GLD,1768
2024-07-23,393769.7072536316,248.26401632692432,393521.4432373047,GLD,1768
2024-07-24,392390.66941183474,248.26401632692432,392142.4053955078,GLD,1768
2024-07-25,386255.7072536316,248.26401632692432,386007.4432373047,GLD,1768
2024-07-26,390322.1126491394,248.26401632692432,390073.8486328125,GLD,1768
2024-07-29,389774.0369655457,248.26401632692432,389525.77294921875,GLD,1768
2024-07-30,393663.63157003786,248.26401632692432,393415.36755371094,GLD,1768
2024-07-31,400788.66941183474,248.26401632692432,400540.4053955078,GLD,1768
2024-08-01,399409.63157003786,248.26401632692432,399161.36755371094,GLD,1768
2024-08-02,398649.37754171755,248.26401632692432,398401.1135253906,GLD,1768
2024-08-05,393592.896462616,248.26401632692432,393344.63244628906,GLD,1768
2024-08-06,390445.8586208191,248.26401632692432,390197.5946044922,GLD,1768
2024-08-07,390180.66941183474,248.26401632692432,389932.4053955078,GLD,1768
2024-08-08,396297.93430441286,248.26401632692432,396049.67028808594,GLD,1768
2024-08-09,397270.3396999207,248.26401632692432,397022.07568359375,GLD,1768
2024-08-12,404077.1504909363,248.26401632692432,403828.8864746094,GLD,1768
2024-08-13,403458.3396999207,248.26401632692432,403210.07568359375,GLD,1768
2024-08-14,400169.8586208191,248.26401632692432,399921.5946044922,GLD,1768
2024-08-15,401425.1504909363,248.26401632692432,401176.8864746094,GLD,1768
2024-08-16,410406.593728241,248.26401632692432,410158.32971191406,GLD,1768
2024-08-19,409734.7450954285,248.26401632692432,409486.48107910156,GLD,1768
2024-08-20,411237.5558864441,248.26401632692432,410989.2918701172,GLD,1768
2024-08-21,410689.4532253113,248.26401632692432,410441.1892089844,GLD,1768
2024-08-22,405774.4153835144,248.26401632692432,405526.1513671875,GLD,1768
2024-08-23,410459.63157003786,248.26401632692432,410211.36755371094,GLD,1768
2024-08-26,411767.93430441286,248.26401632692432,411519.67028808594,GLD,1768
2024-08-27,412881.78293722536,248.26401632692432,412633.51892089844,GLD,1768
2024-08-28,409982.2640163269,248.26401632692432,409734.0,GLD,1768
2024-08-29,412103.8586208191,248.26401632692432,411855.5946044922,GLD,1768
2024-08-30,409168.97214620974,248.26401632692432,408920.7081298828,GLD,1768
2024-09-03,407400.97214620974,248.26401632692432,407152.7081298828,GLD,1768
2024-09-04,407648.4910671082,248.26401632692432,407400.22705078125,GLD,1768
2024-09-05,411043.07480734255,248.26401632692432,410794.8107910156,GLD,1768
2024-09-06,408002.1126491394,248.26401632692432,407753.8486328125,GLD,1768
2024-09-09,409717.07480734255,248.26401632692432,409468.8107910156,GLD,1768
2024-09-10,411520.4153835144,248.26401632692432,411272.1513671875,GLD,1768
2024-09-11,410866.2640163269,248.26401632692432,410618.0,GLD,1768
2024-09-12,418079.7072536316,248.26401632692432,417831.4432373047,GLD,1768
2024-09-13,422234.4910671082,248.26401632692432,421986.22705078125,GLD,1768
2024-09-16,422199.1504909363,248.26401632692432,421950.8864746094,GLD,1768
2024-09-17,419865.37754171755,248.26401632692432,419617.1135253906,GLD,1768
2024-09-18,416629.93430441286,248.26401632692432,416381.67028808594,GLD,1768
2024-09-19,423100.82077902224,248.26401632692432,422852.5567626953,GLD,1768
2024-09-20,428475.5558864441,248.26401632692432,428227.2918701172,GLD,1768
2024-09-23,429306.4910671082,248.26401632692432,429058.22705078125,GLD,1768
2024-09-24,435300.0369655457,248.26401632692432,435051.77294921875,GLD,1768
2024-09-25,434698.896462616,248.26401632692432,434450.63244628906,GLD,1768
2024-09-26,436908.896462616,248.26401632692432,436660.63244628906,GLD,1768
2024-09-27,433443.63157003786,248.26401632692432,433195.36755371094,GLD,1768
2024-09-30,429978.3396999207,248.26401632692432,429730.07568359375,GLD,1768
2024-10-01,434486.7450954285,248.26401632692432,434238.48107910156,GLD,1768
2024-10-02,434575.1504909363,248.26401632692432,434326.8864746094,GLD,1768
2024-10-03,434274.593728241,248.26401632692432,434026.32971191406,GLD,1768
2024-10-04,433408.2640163269,248.26401632692432,433160.0,GLD,1768
2024-10-07,431940.82077902224,248.26401632692432,431692.5567626953,GLD,1768
2024-10-08,428758.4153835144,248.26401632692432,428510.1513671875,GLD,1768
2024-10-09,426424.66941183474,248.26401632692432,426176.4053955078,GLD,1768
2024-10-10,429554.0369655457,248.26401632692432,429305.77294921875,GLD,1768
2024-10-11,434239.22617453005,248.26401632692432,433990.9621582031,GLD,1768
2024-10-14,433532.0369655457,248.26401632692432,433283.77294921875,GLD,1768
2024-10-15,435034.82077902224,248.26401632692432,434786.5567626953,GLD,1768
2024-10-16,437209.4532253113,248.26401632692432,436961.1892089844,GLD,1768
2024-10-17,439826.1126491394,248.26401632692432,439577.8486328125,GLD,1768
2024-10-18,444493.63157003786,248.26401632692432,444245.36755371094,GLD,1768
2024-10-21,444405.22617453005,248.26401632692432,444156.9621582031,GLD,1768
2024-10-22,449196.4910671082,248.26401632692432,448948.22705078125,GLD,1768
2024-10-23,443786.4153835144,248.26401632692432,443538.1513671875,GLD,1768
2024-10-24,447198.66941183474,248.26401632692432,446950.4053955078,GLD,1768
2024-10-25,448118.0369655457,248.26401632692432,447869.77294921875,GLD,1768
2024-10-28,448135.7072536316,248.26401632692432,447887.4432373047,GLD,1768
2024-10-29,453015.37754171755,248.26401632692432,452767.1135253906,GLD,1768
2024-10-30,455508.2640163269,248.26401632692432,455260.0,GLD,1768
2024-10-31,448453.93430441286,248.26401632692432,448205.67028808594,GLD,1768
2024-11-01,446615.22617453005,248.26401632692432,446366.9621582031,GLD,1768
2024-11-04,447251.7072536316,248.26401632692432,447003.4432373047,GLD,1768
2024-11-05,448259.4532253113,248.26401632692432,448011.1892089844,GLD,1768
2024-11-06,434645.8586208191,248.26401632692432,434397.5946044922,GLD,1768
2024-11-07,441629.4532253113,248.26401632692432,441381.1892089844,GLD,1768
2024-11-08,438641.5558864441,248.26401632692432,438393.2918701172,GLD,1768
2024-11-11,428351.78293722536,248.26401632692432,428103.51892089844,GLD,1768
2024-11-12,424656.66941183474,248.26401632692432,424408.4053955078,GLD,1768
2024-11-13,420378.1126491394,248.26401632692432,420129.8486328125,GLD,1768
2024-11-14,419281.93430441286,248.26401632692432,419033.67028808594,GLD,1768
2024-11-15,418539.37754171755,248.26401632692432,418291.1135253906,GLD,1768
2024-11-18,426495.37754171755,248.26401632692432,426247.1135253906,GLD,1768
2024-11-19,430314.2640163269,248.26401632692432,430066.0,GLD,1768
2024-11-20,432736.4153835144,248.26401632692432,432488.1513671875,GLD,1768
2024-11-21,436343.1504909363,248.26401632692432,436094.8864746094,GLD,1768
2024-11-22,441965.37754171755,248.26401632692432,441717.1135253906,GLD,1768
2024-11-25,428952.896462616,248.26401632692432,428704.63244628906,GLD,1768
2024-11-26,429783.8586208191,248.26401632692432,429535.5946044922,GLD,1768
2024-11-27,430738.593728241,248.26401632692432,430490.32971191406,GLD,1768
2024-11-29,434451.37754171755,248.26401632692432,434203.1135253906,GLD,1768
2024-12-02,430650.1883327332,248.26401632692432,430401.92431640625,GLD,1768
2024-12-03,431516.4910671082,248.26401632692432,431268.22705078125,GLD,1768
2024-12-04,432824.82077902224,248.26401632692432,432576.5567626953,GLD,1768
2024-12-05,429624.7450954285,248.26401632692432,429376.48107910156,GLD,1768
2024-12-06,429783.8586208191,248.26401632692432,429535.5946044922,GLD,1768
2024-12-09,434044.7450954285,248.26401632692432,433796.48107910156,GLD,1768
2024-12-10,439755.37754171755,248.26401632692432,439507.1135253906,GLD,1768
2024-12-11,443945.5558864441,248.26401632692432,443697.2918701172,GLD,1768
2024-12-12,437439.3018581238,248.26401632692432,437191.0378417969,GLD,1768
2024-12-13,432152.97214620974,248.26401632692432,431904.7081298828,GLD,1768
2024-12-16,433196.1126491394,248.26401632692432,432947.8486328125,GLD,1768
2024-12-17,431534.1883327332,248.26401632692432,431285.92431640625,GLD,1768
2024-12-18,423259.93430441286,248.26401632692432,423011.67028808594,GLD,1768
2024-12-19,423861.07480734255,248.26401632692432,423612.8107910156,GLD,1768
2024-12-20,428281.07480734255,248.26401632692432,428032.8107910156,GLD,1768
2024-12-23,426265.5558864441,248.26401632692432,426017.2918701172,GLD,1768
2024-12-24,427114.1883327332,248.26401632692432,426865.92431640625,GLD,1768
2024-12-26,429996.0369655457,248.26401632692432,429747.77294921875,GLD,1768
2024-12-27,427043.4532253113,248.26401632692432,426795.1892089844,GLD,1768
2024-12-30,425682.1126491394,248.26401632692432,425433.8486328125,GLD,1768
