date,equity,cash,position_value,position,shares
2010-01-04,100000.0,100000.0,0.0,,0
2010-01-05,100000.0,100000.0,0.0,,0
2010-01-06,100000.0,100000.0,0.0,,0
2010-01-07,100000.0,100000.0,0.0,,0
2010-01-08,100000.0,100000.0,0.0,,0
2010-01-11,100000.0,100000.0,0.0,,0
2010-01-12,100000.0,100000.0,0.0,,0
2010-01-13,100000.0,100000.0,0.0,,0
2010-01-14,100000.0,100000.0,0.0,,0
2010-01-15,100000.0,100000.0,0.0,,0
2010-01-19,100000.0,100000.0,0.0,,0
2010-01-20,100000.0,100000.0,0.0,,0
2010-01-21,100000.0,100000.0,0.0,,0
2010-01-22,100000.0,100000.0,0.0,,0
2010-01-25,100000.0,100000.0,0.0,,0
2010-01-26,100000.0,100000.0,0.0,,0
2010-01-27,100000.0,100000.0,0.0,,0
2010-01-28,100000.0,100000.0,0.0,,0
2010-01-29,100000.0,100000.0,0.0,,0
2010-02-01,100000.0,100000.0,0.0,,0
2010-02-02,100000.0,100000.0,0.0,,0
2010-02-03,100000.0,100000.0,0.0,,0
2010-02-04,100000.0,100000.0,0.0,,0
2010-02-05,100000.0,100000.0,0.0,,0
2010-02-08,100000.0,100000.0,0.0,,0
2010-02-09,100000.0,100000.0,0.0,,0
2010-02-10,100000.0,100000.0,0.0,,0
2010-02-11,100000.0,100000.0,0.0,,0
2010-02-12,100000.0,100000.0,0.0,,0
2010-02-16,100000.0,100000.0,0.0,,0
2010-02-17,100000.0,100000.0,0.0,,0
2010-02-18,100000.0,100000.0,0.0,,0
2010-02-19,100000.0,100000.0,0.0,,0
2010-02-22,100000.0,100000.0,0.0,,0
2010-02-23,100000.0,100000.0,0.0,,0
2010-02-24,100000.0,100000.0,0.0,,0
2010-02-25,100000.0,100000.0,0.0,,0
2010-02-26,100000.0,100000.0,0.0,,0
2010-03-01,99850.38111492158,104.45772930145904,99745.92338562012,VNQ,4110
2010-03-02,99894.69612880707,104.45772930145904,99790.23839950562,VNQ,4110
2010-03-03,99628.81388469697,104.45772930145904,99524.35615539551,VNQ,4110
2010-03-04,100249.31814952851,104.45772930145904,100144.86042022705,VNQ,4110
2010-03-05,102975.07170482636,104.45772930145904,102870.6139755249,VNQ,4110
2010-03-08,104016.6430739975,104.45772930145904,103912.18534469604,VNQ,4110
2010-03-09,104260.4109267807,104.45772930145904,104155.95319747925,VNQ,4110
2010-03-10,105191.19868083954,104.45772930145904,105086.74095153809,VNQ,4110
2010-03-11,105811.66374965668,104.45772930145904,105707.20602035522,VNQ,4110
2010-03-12,106653.77444072724,104.45772930145904,106549.31671142578,VNQ,4110
2010-03-15,106410.05362316132,104.45772930145904,106305.59589385986,VNQ,4110
2010-03-16,108980.70854946137,104.45772930145904,108876.25082015991,VNQ,4110
2010-03-17,110598.42213436127,104.45772930145904,110493.96440505981,VNQ,4110
2010-03-18,110000.05577846528,104.45772930145904,109895.59804916382,VNQ,4110
2010-03-19,108803.37794109345,104.45772930145904,108698.92021179199,VNQ,4110
2010-03-22,110177.36286922455,104.45772930145904,110072.9051399231,VNQ,4110
2010-03-23,109867.07937999726,104.45772930145904,109762.6216506958,VNQ,4110
2010-03-24,110465.46141429902,104.45772930145904,110361.00368499756,VNQ,4110
2010-03-25,110735.60034557343,104.45772930145904,110631.14261627197,VNQ,4110
2010-03-26,110155.08385463715,104.45772930145904,110050.6261253357,VNQ,4110
2010-03-29,110490.02947612763,104.45772930145904,110385.57174682617,VNQ,4110
2010-03-30,110333.70793148041,104.45772930145904,110229.25020217896,VNQ,4110
2010-03-31,109083.40210720063,104.45772930145904,108978.94437789917,VNQ,4110
2010-04-01,109641.58470912934,104.45772930145904,109537.12697982788,VNQ,4110
2010-04-05,112052.89215847016,104.45772930145904,111948.4344291687,VNQ,4110
2010-04-06,114620.51331325532,104.45772930145904,114516.05558395386,VNQ,4110
2010-04-07,112097.54425807954,104.45772930145904,111993.08652877808,VNQ,4110
2010-04-08,112231.53975292206,104.45772930145904,112127.0820236206,VNQ,4110
2010-04-09,113816.76768108369,104.45772930145904,113712.30995178223,VNQ,4110
2010-04-12,113102.29489131928,104.45772930145904,112997.83716201782,VNQ,4110
2010-04-13,115870.82697673798,104.45772930145904,115766.36924743652,VNQ,4110
2010-04-14,116049.52944561005,104.45772930145904,115945.0717163086,VNQ,4110
2010-04-15,112879.01871486664,104.45772930145904,112774.56098556519,VNQ,4110
2010-04-16,110289.0715102768,104.45772930145904,110184.61378097534,VNQ,4110
2010-04-19,110780.22108837128,104.45772930145904,110675.76335906982,VNQ,4110
2010-04-20,112655.74253841401,104.45772930145904,112551.28480911255,VNQ,4110
2010-04-21,114620.51331325532,104.45772930145904,114516.05558395386,VNQ,4110
2010-04-22,116384.37315746308,104.45772930145904,116279.91542816162,VNQ,4110
2010-04-23,117924.9568252182,104.45772930145904,117820.49909591675,VNQ,4110
2010-04-26,118862.70579143525,104.45772930145904,118758.24806213379,VNQ,4110
2010-04-27,115067.05782695771,104.45772930145904,114962.60009765625,VNQ,4110
2010-04-28,115424.29030223847,104.45772930145904,115319.83257293701,VNQ,4110
2010-04-29,120626.52643962861,104.45772930145904,120522.06871032715,VNQ,4110
2010-04-30,116875.58544918061,104.45772930145904,116771.12771987915,VNQ,4110
2010-05-03,120399.08286200333,132.2934943275468,120266.78936767578,XLY,4102
2010-05-04,116877.81511221695,132.2934943275468,116745.5216178894,XLY,4102
2010-05-05,115218.69299994278,132.2934943275468,115086.39950561523,XLY,4102
2010-05-06,111121.70814810562,132.2934943275468,110989.41465377808,XLY,4102
2010-05-07,109090.25236044693,132.2934943275468,108957.95886611938,XLY,4102
2010-05-10,114778.48660956192,132.2934943275468,114646.19311523438,XLY,4102
2010-05-11,114744.63240347672,132.2934943275468,114612.33890914917,XLY,4102
2010-05-12,116403.7388678627,132.2934943275468,116271.44537353516,XLY,4102
2010-05-13,113796.5972739296,132.2934943275468,113664.30377960205,XLY,4102
2010-05-14,111900.49571905899,132.2934943275468,111768.20222473145,XLY,4102
2010-05-17,112746.94475851822,132.2934943275468,112614.65126419067,XLY,4102
2010-05-18,110647.74926291275,132.2934943275468,110515.4557685852,XLY,4102
2010-05-19,109970.53213415909,132.2934943275468,109838.23863983154,XLY,4102
2010-05-20,105704.34666739273,132.2934943275468,105572.05317306519,XLY,4102
2010-05-21,107566.57054434586,132.2934943275468,107434.27705001831,XLY,4102
2010-05-24,106821.67629919815,132.2934943275468,106689.3828048706,XLY,4102
2010-05-25,107905.15172491837,132.2934943275468,107772.85823059082,XLY,4102
2010-05-26,107566.57054434586,132.2934943275468,107434.27705001831,XLY,4102
2010-05-27,111426.50553808975,132.2934943275468,111294.2120437622,XLY,4102
2010-05-28,109733.53704367447,132.2934943275468,109601.24354934692,XLY,4102
2010-06-01,107751.08966498185,111.78465704727569,107639.30500793457,XLP,6218
2010-06-02,109593.57160620499,111.78465704727569,109481.78694915771,XLP,6218
2010-06-03,109757.30929999161,111.78465704727569,109645.52464294434,XLP,6218
2010-06-04,106850.31887106705,111.78465704727569,106738.53421401978,XLP,6218
2010-06-07,106031.51180319596,111.78465704727569,105919.72714614868,XLP,6218
2010-06-08,107751.08966498185,111.78465704727569,107639.30500793457,XLP,6218
2010-06-09,107546.41161780167,111.78465704727569,107434.6269607544,XLP,6218
2010-06-10,109388.82239966202,111.78465704727569,109277.03774261475,XLP,6218
2010-06-11,108488.13462500382,111.78465704727569,108376.34996795654,XLP,6218
2010-06-14,109102.23992590714,111.78465704727569,108990.45526885986,XLP,6218
2010-06-15,110207.68876700211,111.78465704727569,110095.90410995483,XLP,6218
2010-06-16,109470.71496634293,111.78465704727569,109358.93030929565,XLP,6218
2010-06-17,110453.37832693863,111.78465704727569,110341.59366989136,XLP,6218
2010-06-18,110049.22872595597,111.78465704727569,109937.44406890869,XLP,6218
2010-06-21,109760.55891089249,111.78465704727569,109648.77425384521,XLP,6218
2010-06-22,108564.69023947525,111.78465704727569,108452.90558242798,XLP,6218
2010-06-23,109265.74042181778,111.78465704727569,109153.95576477051,XLP,6218
2010-06-24,107946.18491797257,111.78465704727569,107834.4002609253,XLP,6218
2010-06-25,106832.76622824479,111.78465704727569,106720.98157119751,XLP,6218
2010-06-28,107740.00066427994,111.78465704727569,107628.21600723267,XLP,6218
2010-06-29,106008.02921347428,111.78465704727569,105896.244556427,XLP,6218
2010-06-30,105265.80147986222,111.78465704727569,105154.01682281494,XLP,6218
2010-07-01,105156.37941205503,120.26089131833578,105036.1185207367,XLU,6313
2010-07-02,105268.37360799314,120.26089131833578,105148.1127166748,XLU,6313
2010-07-06,106500.57466733457,120.26089131833578,106380.31377601624,XLU,6313
2010-07-07,109786.4923232794,120.26089131833578,109666.23143196106,XLU,6313
2010-07-08,110645.28708112241,120.26089131833578,110525.02618980408,XLU,6313
2010-07-09,111392.08764302732,120.26089131833578,111271.82675170898,XLU,6313
2010-07-12,111765.4698623419,120.26089131833578,111645.20897102356,XLU,6313
2010-07-13,112138.84004056455,120.26089131833578,112018.57914924622,XLU,6313
2010-07-14,112176.20354878904,120.26089131833578,112055.9426574707,XLU,6313
2010-07-15,112923.01615178587,120.26089131833578,112802.75526046753,XLU,6313
2010-07-16,110981.35395658018,120.26089131833578,110861.09306526184,XLU,6313
2010-07-19,112698.94347226621,120.26089131833578,112578.68258094788,XLU,6313
2010-07-20,113707.16818082334,120.26089131833578,113586.907289505,XLU,6313
2010-07-21,111952.16699254514,120.26089131833578,111831.9061012268,XLU,6313
2010-07-22,113744.45944249631,120.26089131833578,113624.19855117798,XLU,6313
2010-07-23,113931.1806548834,120.26089131833578,113810.91976356506,XLU,6313
2010-07-26,114752.68415105344,120.26089131833578,114632.42325973511,XLU,6313
2010-07-27,116432.87403523923,120.26089131833578,116312.6131439209,XLU,6313
2010-07-28,115872.79468572141,120.26089131833578,115752.53379440308,XLU,6313
2010-07-29,114080.52631795408,120.26089131833578,113960.26542663574,XLU,6313
2010-07-30,113520.4710506201,120.26089131833578,113400.21015930176,XLU,6313
2010-08-02,115526.06729714491,127.00870720960665,115399.0585899353,XLB,4890
2010-08-03,113419.58839623549,127.00870720960665,113292.57968902588,XLB,4890
2010-08-04,114472.80452935316,127.00870720960665,114345.79582214355,XLB,4890
2010-08-05,114718.57858864882,127.00870720960665,114591.56988143921,XLB,4890
2010-08-06,114191.94254128553,127.00870720960665,114064.93383407593,XLB,4890
2010-08-09,114894.11150185682,127.00870720960665,114767.10279464722,XLB,4890
2010-08-10,113665.30649392225,127.00870720960665,113538.29778671265,XLB,4890
2010-08-11,109838.57706276991,127.00870720960665,109711.5683555603,XLB,4890
2010-08-12,110540.77400414564,127.00870720960665,110413.76529693604,XLB,4890
2010-08-13,110014.14728371718,127.00870720960665,109887.13857650757,XLB,4890
2010-08-16,110505.63011376478,127.00870720960665,110378.62140655518,XLB,4890
2010-08-17,113103.61982552626,127.00870720960665,112976.61111831665,XLB,4890
2010-08-18,113524.9174710951,127.00870720960665,113397.9087638855,XLB,4890
2010-08-19,110926.92775933363,127.00870720960665,110799.91905212402,XLB,4890
2010-08-20,110681.18168084242,127.00870720960665,110554.17297363281,XLB,4890
2010-08-23,109452.39532677748,127.00870720960665,109325.38661956787,XLB,4890
2010-08-24,106924.65608803846,127.00870720960665,106797.64738082886,XLB,4890
2010-08-25,107240.62465874769,127.00870720960665,107113.61595153809,XLB,4890
2010-08-26,107100.2076551161,127.00870720960665,106973.1989479065,XLB,4890
2010-08-27,110294.99061791517,127.00870720960665,110167.98191070557,XLB,4890
2010-08-30,108644.93459908583,127.00870720960665,108517.92589187622,XLB,4890
2010-08-31,109101.31084649183,127.00870720960665,108974.30213928223,XLB,4890
2010-09-01,112030.13061396696,127.02062480070163,111903.10998916626,XLU,6010
2010-09-02,112030.13061396696,127.02062480070163,111903.10998916626,XLU,6010
2010-09-03,112527.82686106779,127.02062480070163,112400.80623626709,XLU,6010
2010-09-07,111959.04752604582,127.02062480070163,111832.02690124512,XLU,6010
2010-09-08,111425.91863505461,127.02062480070163,111298.8980102539,XLU,6010
2010-09-09,112527.82686106779,127.02062480070163,112400.80623626709,XLU,6010
2010-09-10,111887.98736445524,127.02062480070163,111760.96673965454,XLU,6010
2010-09-13,112279.00739543058,127.02062480070163,112151.98677062988,XLU,6010
2010-09-14,112136.8412195883,127.02062480070163,112009.8205947876,XLU,6010
2010-09-15,111496.95587031462,127.02062480070163,111369.93524551392,XLU,6010
2010-09-16,111105.88998667814,127.02062480070163,110978.86936187744,XLU,6010
2010-09-17,110915.62436930754,127.02062480070163,110788.60374450684,XLU,6010
2010-09-20,112387.99917094328,127.02062480070163,112260.97854614258,XLU,6010
2010-09-21,111813.45386378386,127.02062480070163,111686.43323898315,XLU,6010
2010-09-22,112603.48375193693,127.02062480070163,112476.46312713623,XLU,6010
2010-09-23,111310.66797129728,127.02062480070163,111183.64734649658,XLU,6010
2010-09-24,113106.24671809294,127.02062480070163,112979.22609329224,XLU,6010
2010-09-27,113321.73129908659,127.02062480070163,113194.71067428589,XLU,6010
2010-09-28,113393.57095591642,127.02062480070163,113266.55033111572,XLU,6010
2010-09-29,113178.09783808806,127.02062480070163,113051.07721328735,XLU,6010
2010-09-30,112818.91101710417,127.02062480070163,112691.89039230347,XLU,6010
2010-10-01,113090.07447469045,126.45084416677128,112963.62363052368,XLK,6006
2010-10-04,112158.05207478811,126.45084416677128,112031.60123062134,XLK,6006
2010-10-05,114365.38491856863,126.45084416677128,114238.93407440186,XLK,6006
2010-10-06,113825.82917821218,126.45084416677128,113699.37833404541,XLK,6006
2010-10-07,113825.82917821218,126.45084416677128,113699.37833404541,XLK,6006
2010-10-08,114463.45576131155,126.45084416677128,114337.00491714478,XLK,6006
2010-10-11,114659.66618001272,126.45084416677128,114533.21533584595,XLK,6006
2010-10-12,115346.37973439504,126.45084416677128,115219.92889022827,XLK,6006
2010-10-13,116278.34485661794,126.45084416677128,116151.89401245117,XLK,6006
2010-10-14,116327.42037236501,126.45084416677128,116200.96952819824,XLK,6006
2010-10-15,118289.42145955373,126.45084416677128,118162.97061538696,XLK,6006
2010-10-18,119074.27458989431,126.45084416677128,118947.82374572754,XLK,6006
2010-10-19,116965.05841100027,126.45084416677128,116838.6075668335,XLK,6006
2010-10-20,117946.0417712908,126.45084416677128,117819.59092712402,XLK,6006
2010-10-21,118044.15843617727,126.45084416677128,117917.7075920105,XLK,6006
2010-10-22,118387.53812444021,126.45084416677128,118261.08728027344,XLK,6006
2010-10-25,118730.84907948782,126.45084416677128,118604.39823532104,XLK,6006
2010-10-26,119025.19907414724,126.45084416677128,118898.74822998047,XLK,6006
2010-10-27,119368.56730687429,126.45084416677128,119242.11646270752,XLK,6006
2010-10-28,119368.56730687429,126.45084416677128,119242.11646270752,XLK,6006
2010-10-29,119564.69753682424,126.45084416677128,119438.24669265747,XLK,6006
2010-11-01,119662.81420171072,126.45084416677128,119536.36335754395,XLK,6006
2010-11-02,120840.04234731008,126.45084416677128,120713.59150314331,XLK,6006
2010-11-03,121526.69862401296,126.45084416677128,121400.24777984619,XLK,6006
2010-11-04,123341.66790807058,126.45084416677128,123215.21706390381,XLK,6006
2010-11-05,123243.57415425588,126.45084416677128,123117.12331008911,XLK,6006
2010-11-08,123341.66790807058,126.45084416677128,123215.21706390381,XLK,6006
2010-11-09,122998.24239766409,126.45084416677128,122871.79155349731,XLK,6006
2010-11-10,123096.35906255056,126.45084416677128,122969.90821838379,XLK,6006
2010-11-11,121232.44027364065,126.45084416677128,121105.98942947388,XLK,6006
2010-11-12,119515.66784322073,126.45084416677128,119389.21699905396,XLK,6006
2010-11-15,119172.31106602956,126.45084416677128,119045.8602218628,XLK,6006
2010-11-16,117014.0766490679,126.45084416677128,116887.62580490112,XLK,6006
2010-11-17,117063.14070927908,126.45084416677128,116936.6898651123,XLK,6006
2010-11-18,119025.19907414724,126.45084416677128,118898.74822998047,XLK,6006
2010-11-19,119368.56730687429,126.45084416677128,119242.11646270752,XLK,6006
2010-11-22,120055.24649464895,126.45084416677128,119928.79565048218,XLK,6006
2010-11-23,118289.42145955373,126.45084416677128,118162.97061538696,XLK,6006
2010-11-24,120251.44545781423,126.45084416677128,120124.99461364746,XLK,6006
2010-11-26,119074.27458989431,126.45084416677128,118947.82374572754,XLK,6006
2010-11-29,118779.89022862722,126.45084416677128,118653.43938446045,XLK,6006
2010-11-30,117602.69644963552,126.45084416677128,117476.24560546875,XLK,6006
2010-12-01,119744.92790860082,149.60791653538763,119595.31999206543,XLE,3068
2010-12-02,121523.01592129613,149.60791653538763,121373.40800476074,XLE,3068
2010-12-03,122060.1359469309,149.60791653538763,121910.52803039551,XLE,3068
2010-12-06,122467.6164004221,149.60791653538763,122318.00848388672,XLE,3068
2010-12-07,122004.61458462621,149.60791653538763,121855.00666809082,XLE,3068
2010-12-08,121430.40619534398,149.60791653538763,121280.7982788086,XLE,3068
2010-12-09,121708.24707669164,149.60791653538763,121558.63916015625,XLE,3068
2010-12-10,122208.31384915258,149.60791653538763,122058.70593261719,XLE,3068
2010-12-13,123245.53575772191,149.60791653538763,123095.92784118652,XLE,3068
2010-12-14,122671.40929287816,149.60791653538763,122521.80137634277,XLE,3068
2010-12-15,122004.61458462621,149.60791653538763,121855.00666809082,XLE,3068
2010-12-16,122689.90080899144,149.60791653538763,122540.29289245605,XLE,3068
2010-12-17,122732.66536587621,149.60791653538763,122583.05744934082,XLE,3068
2010-12-20,123532.66921109105,149.60791653538763,123383.06129455566,XLE,3068
2010-12-21,124779.12613552953,149.60791653538763,124629.51821899414,XLE,3068
2010-12-22,125207.05258816625,149.60791653538763,125057.44467163086,XLE,3068
2010-12-23,125560.52142971898,149.60791653538763,125410.9135131836,XLE,3068
2010-12-27,125114.0215365305,149.60791653538763,124964.41361999512,XLE,3068
2010-12-28,125579.10657376195,149.60791653538763,125429.49865722656,XLE,3068
2010-12-29,126825.62201565648,149.60791653538763,126676.0140991211,XLE,3068
2010-12-30,126937.2499148264,149.60791653538763,126787.64199829102,XLE,3068
2010-12-31,127123.27690762425,149.60791653538763,126973.66899108887,XLE,3068
2011-01-03,127688.90383481694,153.51404905033996,127535.3897857666,XLB,4460
2011-01-04,126832.5182986231,153.51404905033996,126679.00424957275,XLB,4460
2011-01-05,127128.94537687016,153.51404905033996,126975.43132781982,XLB,4460
2011-01-06,126470.17222165776,153.51404905033996,126316.65817260742,XLB,4460
2011-01-07,126338.42779874516,153.51404905033996,126184.91374969482,XLB,4460
2011-01-10,126503.10194730473,153.51404905033996,126349.5878982544,XLB,4460
2011-01-11,127524.17864560796,153.51404905033996,127370.66459655762,XLB,4460
2011-01-12,128775.8144640894,153.51404905033996,128622.30041503906,XLB,4460
2011-01-13,127655.96560239507,153.51404905033996,127502.45155334473,XLB,4460
2011-01-14,127952.38417386723,153.51404905033996,127798.8701248169,XLB,4460
2011-01-18,128644.0785479517,153.51404905033996,128490.56449890137,XLB,4460
2011-01-19,125679.64613675786,153.51404905033996,125526.13208770752,XLB,4460
2011-01-20,123901.03262662602,153.51404905033996,123747.51857757568,XLB,4460
2011-01-21,123604.59704160405,153.51404905033996,123451.08299255371,XLB,4460
2011-01-24,124922.08380460454,153.51404905033996,124768.5697555542,XLB,4460
2011-01-25,125086.79198026372,153.51404905033996,124933.27793121338,XLB,4460
2011-01-26,127721.86758756352,153.51404905033996,127568.35353851318,XLB,4460
2011-01-27,126667.7846026392,153.51404905033996,126514.27055358887,XLB,4460
2011-01-28,124691.51617765141,153.51404905033996,124538.00212860107,XLB,4460
2011-01-31,126766.58228635503,153.51404905033996,126613.06823730469,XLB,4460
2011-02-01,129769.8152354498,166.53183014584647,129603.28340530396,XLE,2875
2011-02-02,129665.23149521543,166.53183014584647,129498.69966506958,XLE,2875
2011-02-03,129734.93936569882,166.53183014584647,129568.40753555298,XLE,2875
2011-02-04,129403.72827561093,166.53183014584647,129237.19644546509,XLE,2875
2011-02-07,130153.37303192807,166.53183014584647,129986.84120178223,XLE,2875
2011-02-08,129717.54529984189,166.53183014584647,129551.01346969604,XLE,2875
2011-02-09,128078.78520996762,166.53183014584647,127912.25337982178,XLE,2875
2011-02-10,129386.30130799008,166.53183014584647,129219.76947784424,XLE,2875
2011-02-11,129368.87434036924,166.53183014584647,129202.34251022339,XLE,2875
2011-02-14,132210.57775528624,166.53183014584647,132044.04592514038,XLE,2875
2011-02-15,130833.26604874326,166.53183014584647,130666.73421859741,XLE,2875
2011-02-16,132576.69761688903,166.53183014584647,132410.16578674316,XLE,2875
2011-02-17,133884.2466166754,166.53183014584647,133717.71478652954,XLE,2875
2011-02-18,134442.15086014464,166.53183014584647,134275.61902999878,XLE,2875
2011-02-22,133134.5579913397,166.53183014584647,132968.02616119385,XLE,2875
2011-02-23,135836.8456652899,166.53183014584647,135670.31383514404,XLE,2875
2011-02-24,133919.14442093566,166.53183014584647,133752.6125907898,XLE,2875
2011-02-25,136046.04604752257,166.53183014584647,135879.5142173767,XLE,2875
2011-02-28,137092.01505692198,166.53183014584647,136925.48322677612,XLE,2875
2011-03-01,134529.3186000128,166.53183014584647,134362.78676986694,XLE,2875
2011-03-02,135296.3354876776,166.53183014584647,135129.80365753174,XLE,2875
2011-03-03,137615.0324633856,166.53183014584647,137448.50063323975,XLE,2875
2011-03-04,136743.32216294005,166.53183014584647,136576.7903327942,XLE,2875
2011-03-07,135784.48799164488,166.53183014584647,135617.95616149902,XLE,2875
2011-03-08,134668.75627548888,166.53183014584647,134502.22444534302,XLE,2875
2011-03-09,133744.78700669005,166.53183014584647,133578.2551765442,XLE,2875
2011-03-10,128880.72183640195,166.53183014584647,128714.1900062561,XLE,2875
2011-03-11,131112.19623596861,166.53183014584647,130945.66440582275,XLE,2875
2011-03-14,131826.98705704405,166.53183014584647,131660.4552268982,XLE,2875
2011-03-15,130833.26604874326,166.53183014584647,130666.73421859741,XLE,2875
2011-03-16,128741.24029190732,166.53183014584647,128574.70846176147,XLE,2875
2011-03-17,132663.88729126647,166.53183014584647,132497.3554611206,XLE,2875
2011-03-18,132042.86649735167,166.53183014584647,131876.3346672058,XLE,2875
2011-03-21,136048.70012314513,166.53183014584647,135882.16829299927,XLE,2875
2011-03-22,135751.2572100897,166.53183014584647,135584.72537994385,XLE,2875
2011-03-23,136101.16746933653,166.53183014584647,135934.63563919067,XLE,2875
2011-03-24,136590.92119248107,166.53183014584647,136424.3893623352,XLE,2875
2011-03-25,137815.4480746527,166.53183014584647,137648.91624450684,XLE,2875
2011-03-28,137483.0744555731,166.53183014584647,137316.54262542725,XLE,2875
2011-03-29,139162.3695185919,166.53183014584647,138995.83768844604,XLE,2875
2011-03-30,140124.42806275084,166.53183014584647,139957.89623260498,XLE,2875
2011-03-31,139669.65988190367,166.53183014584647,139503.1280517578,XLE,2875
2011-04-01,140089.45348770812,166.53183014584647,139922.92165756226,XLE,2875
2011-04-04,140176.8844416876,166.53183014584647,140010.35261154175,XLE,2875
2011-04-05,140596.71094925597,166.53183014584647,140430.1791191101,XLE,2875
2011-04-06,139127.35107453063,166.53183014584647,138960.81924438477,XLE,2875
2011-04-07,139127.35107453063,166.53183014584647,138960.81924438477,XLE,2875
2011-04-08,139617.08286316588,166.53183014584647,139450.55103302002,XLE,2875
2011-04-11,136870.79456360533,166.53183014584647,136704.26273345947,XLE,2875
2011-04-12,132637.6097491522,166.53183014584647,132471.07791900635,XLE,2875
2011-04-13,133179.89662201598,166.53183014584647,133013.36479187012,XLE,2875
2011-04-14,134089.44395096495,166.53183014584647,133922.9121208191,XLE,2875
2011-04-15,135191.55433685973,166.53183014584647,135025.02250671387,XLE,2875
2011-04-18,133179.89662201598,166.53183014584647,133013.36479187012,XLE,2875
2011-04-19,134526.84000046446,166.53183014584647,134360.3081703186,XLE,2875
2011-04-20,137692.97674210265,166.53183014584647,137526.4449119568,XLE,2875
2011-04-21,138322.7494052191,166.53183014584647,138156.21757507324,XLE,2875
2011-04-25,137605.47998459532,166.53183014584647,137438.94815444946,XLE,2875
2011-04-26,138969.92710144713,166.53183014584647,138803.39527130127,XLE,2875
2011-04-27,138899.87924606993,166.53183014584647,138733.34741592407,XLE,2875
2011-04-28,138882.45227844908,166.53183014584647,138715.92044830322,XLE,2875
2011-04-29,140946.61024124816,166.53183014584647,140780.0784111023,XLE,2875
2011-05-02,138658.75994422057,151.25576331236516,138507.5041809082,XLV,4968
2011-05-03,138308.58515479186,151.25576331236516,138157.3293914795,XLV,4968
2011-05-04,138191.8444321356,151.25576331236516,138040.58866882324,XLV,4968
2011-05-05,137297.01542212584,151.25576331236516,137145.75965881348,XLV,4968
2011-05-06,138269.67789771178,151.25576331236516,138118.4221343994,XLV,4968
2011-05-09,139047.80408789733,151.25576331236516,138896.54832458496,XLV,4968
2011-05-10,139903.76374365904,151.25576331236516,139752.50798034668,XLV,4968
2011-05-11,139670.32967688658,151.25576331236516,139519.07391357422,XLV,4968
2011-05-12,140954.25020911315,151.25576331236516,140802.99444580078,XLV,4968
2011-05-13,140526.2703812323,151.25576331236516,140375.01461791992,XLV,4968
2011-05-16,140759.7518265448,151.25576331236516,140608.49606323242,XLV,4968
2011-05-17,140759.7518265448,151.25576331236516,140608.49606323242,XLV,4968
2011-05-18,141849.0602677069,151.25576331236516,141697.80450439453,XLV,4968
2011-05-19,141537.85906531432,151.25576331236516,141386.60330200195,XLV,4968
2011-05-20,140370.61292578795,151.25576331236516,140219.3571624756,XLV,4968
2011-05-23,138931.1012680731,151.25576331236516,138779.84550476074,XLV,4968
2011-05-24,138542.04764868834,151.25576331236516,138390.79188537598,XLV,4968
2011-05-25,138736.5460312567,151.25576331236516,138585.29026794434,XLV,4968
2011-05-26,138931.1012680731,151.25576331236516,138779.84550476074,XLV,4968
2011-05-27,139008.89683081725,151.25576331236516,138857.64106750488,XLV,4968
2011-05-31,140642.9826767645,151.25576331236516,140491.72691345215,XLV,4968
2011-06-01,138697.63877417662,151.25576331236516,138546.38301086426,XLV,4968
2011-06-02,138386.40914466002,151.25576331236516,138235.15338134766,XLV,4968
2011-06-03,137063.57187964537,151.25576331236516,136912.316116333,XLV,4968
2011-06-06,136246.53843237975,151.25576331236516,136095.28266906738,XLV,4968
2011-06-07,136518.85132910826,151.25576331236516,136367.5955657959,XLV,4968
2011-06-08,136674.52773596862,151.25576331236516,136523.27197265625,XLV,4968
2011-06-09,138114.02991797545,151.25576331236516,137962.7741546631,XLV,4968
2011-06-10,135585.14348914244,151.25576331236516,135433.88772583008,XLV,4968
2011-06-13,136246.53843237975,151.25576331236516,136095.28266906738,XLV,4968
2011-06-14,137413.7561447821,151.25576331236516,137262.50038146973,XLV,4968
2011-06-15,135546.21728064635,151.25576331236516,135394.96151733398,XLV,4968
2011-06-16,135779.69872595885,151.25576331236516,135628.44296264648,XLV,4968
2011-06-17,136092.41604163268,151.25576331236516,135941.1602783203,XLV,4968
2011-06-20,137460.8125107489,151.25576331236516,137309.55674743652,XLV,4968
2011-06-21,138320.9983322821,151.25576331236516,138169.74256896973,XLV,4968
2011-06-22,137499.92823340514,151.25576331236516,137348.67247009277,XLV,4968
2011-06-23,137343.56957556822,151.25576331236516,137192.31381225586,XLV,4968
2011-06-24,135740.54510047057,151.25576331236516,135589.2893371582,XLV,4968
2011-06-27,136444.36278845885,151.25576331236516,136293.10702514648,XLV,4968
2011-06-28,138360.09510352233,151.25576331236516,138208.83934020996,XLV,4968
2011-06-29,138633.77250220397,151.25576331236516,138482.5167388916,XLV,4968
2011-06-30,139063.84646155455,151.25576331236516,138912.5906982422,XLV,4968
2011-07-01,140323.8633364573,148.44858349708375,140175.4147529602,XLU,6707
2011-07-05,139496.40041340736,148.44858349708375,139347.95182991028,XLU,6707
2011-07-06,139785.9862116709,148.44858349708375,139637.53762817383,XLU,6707
2011-07-07,140365.2217711344,148.44858349708375,140216.77318763733,XLU,6707
2011-07-08,139827.31906117348,148.44858349708375,139678.8704776764,XLU,6707
2011-07-11,138337.86533154396,148.44858349708375,138189.41674804688,XLU,6707
2011-07-12,138958.48491085914,148.44858349708375,138810.03632736206,XLU,6707
2011-07-13,138586.13107289223,148.44858349708375,138437.68248939514,XLU,6707
2011-07-14,137965.52428616432,148.44858349708375,137817.07570266724,XLU,6707
2011-07-15,138172.35483731178,148.44858349708375,138023.9062538147,XLU,6707
2011-07-18,136848.41160191444,148.44858349708375,136699.96301841736,XLU,6707
2011-07-19,138048.24115551857,148.44858349708375,137899.79257202148,XLU,6707
2011-07-20,138875.71687115578,148.44858349708375,138727.2682876587,XLU,6707
2011-07-21,140944.4573305979,148.44858349708375,140796.00874710083,XLU,6707
2011-07-22,140075.63597287086,148.44858349708375,139927.18738937378,XLU,6707
2011-07-25,140572.103492631,148.44858349708375,140423.6549091339,XLU,6707
2011-07-26,140075.63597287086,148.44858349708375,139927.18738937378,XLU,6707
2011-07-27,139661.84694470314,148.44858349708375,139513.39836120605,XLU,6707
2011-07-28,138793.0127943888,148.44858349708375,138644.56421089172,XLU,6707
2011-07-29,137386.28872670082,148.44858349708375,137237.84014320374,XLU,6707
2011-08-01,137387.72932698063,140.40657307437505,137247.32275390625,XLE,2944
2011-08-02,133558.28547932438,140.40657307437505,133417.87890625,XLE,2944
2011-08-03,132803.17122151188,140.40657307437505,132662.7646484375,XLE,2944
2011-08-04,123706.13215901188,140.40657307437505,123565.7255859375,XLE,2944
2011-08-05,122519.48713948063,140.40657307437505,122379.08056640625,XLE,2944
2011-08-08,112109.98811604313,140.40657307437505,111969.58154296875,XLE,2944
2011-08-09,117809.15901448063,140.40657307437505,117668.75244140625,XLE,2944
2011-08-10,113746.00911213688,140.40657307437505,113605.6025390625,XLE,2944
2011-08-11,119642.94856526188,140.40657307437505,119502.5419921875,XLE,2944
2011-08-12,120523.93391682438,140.40657307437505,120383.52734375,XLE,2944
2011-08-15,124587.03889729313,140.40657307437505,124446.63232421875,XLE,2944
2011-08-16,122519.48713948063,140.40657307437505,122379.08056640625,XLE,2944
2011-08-17,123004.95784260563,140.40657307437505,122864.55126953125,XLE,2944
2011-08-18,115885.50325276188,140.40657307437505,115745.0966796875,XLE,2944
2011-08-19,113835.97639729313,140.40657307437505,113695.56982421875,XLE,2944
2011-08-22,112919.04231526188,140.40657307437505,112778.6357421875,XLE,2944
2011-08-23,118006.92756916813,140.40657307437505,117866.52099609375,XLE,2944
2011-08-24,118708.11311604313,140.40657307437505,118567.70654296875,XLE,2944
2011-08-25,116209.10920979313,140.40657307437505,116068.70263671875,XLE,2944
2011-08-26,118456.39338948063,140.40657307437505,118315.98681640625,XLE,2944
2011-08-29,121908.24641682438,140.40657307437505,121767.83984375,XLE,2944
2011-08-30,122627.37825276188,140.40657307437505,122486.9716796875,XLE,2944
2011-08-31,123544.28987385563,140.40657307437505,123403.88330078125,XLE,2944
2011-09-01,122242.57654762748,133.84880829337635,122108.7277393341,XLU,5879
2011-09-02,120864.46165657524,133.84880829337635,120730.61284828186,XLU,5879
2011-09-06,120284.18445969108,133.84880829337635,120150.3356513977,XLU,5879
2011-09-07,121626.02431679252,133.84880829337635,121492.17550849915,XLU,5879
2011-09-08,121553.51910210136,133.84880829337635,121419.67029380798,XLU,5879
2011-09-09,119087.35503197197,133.84880829337635,118953.50622367859,XLU,5879
2011-09-12,120066.59032249931,133.84880829337635,119932.74151420593,XLU,5879
2011-09-13,120864.46165657524,133.84880829337635,120730.61284828186,XLU,5879
2011-09-14,121698.60802460197,133.84880829337635,121564.7592163086,XLU,5879
2011-09-15,123221.76698494438,133.84880829337635,123087.918176651,XLU,5879
2011-09-16,124624.96603394035,133.84880829337635,124491.11722564697,XLU,5879
2011-09-19,123928.8666343737,133.84880829337635,123795.01782608032,XLU,5879
2011-09-20,125724.02667618278,133.84880829337635,125590.1778678894,XLU,5879
2011-09-21,123415.92531967643,133.84880829337635,123282.07651138306,XLU,5879
2011-09-22,121327.66076088432,133.84880829337635,121193.81195259094,XLU,5879
2011-09-23,122536.62298202995,133.84880829337635,122402.77417373657,XLU,5879
2011-09-26,123525.82689857963,133.84880829337635,123391.97809028625,XLU,5879
2011-09-27,123965.48928070549,133.84880829337635,123831.64047241211,XLU,5879
2011-09-28,122719.8371334124,133.84880829337635,122585.98832511902,XLU,5879
2011-09-29,124698.20011330131,133.84880829337635,124564.35130500793,XLU,5879
2011-09-30,123306.01252747062,133.84880829337635,123172.16371917725,XLU,5879
2011-10-03,120194.75123409084,120194.75123409084,0.0,ZROZ,0
2011-10-04,120194.75123409084,120194.75123409084,0.0,ZROZ,0
2011-10-05,120194.75123409084,120194.75123409084,0.0,ZROZ,0
2011-10-06,120194.75123409084,120194.75123409084,0.0,ZROZ,0
2011-10-07,120194.75123409084,120194.75123409084,0.0,ZROZ,0
2011-10-10,120194.75123409084,120194.75123409084,0.0,ZROZ,0
2011-10-11,120194.75123409084,120194.75123409084,0.0,ZROZ,0
2011-10-12,120194.75123409084,120194.75123409084,0.0,ZROZ,0
2011-10-13,120194.75123409084,120194.75123409084,0.0,ZROZ,0
2011-10-14,120194.75123409084,120194.75123409084,0.0,ZROZ,0
2011-10-17,120194.75123409084,120194.75123409084,0.0,ZROZ,0
2011-10-18,120194.75123409084,120194.75123409084,0.0,ZROZ,0
2011-10-19,120194.75123409084,120194.75123409084,0.0,ZROZ,0
2011-10-20,120194.75123409084,120194.75123409084,0.0,ZROZ,0
2011-10-21,120194.75123409084,120194.75123409084,0.0,ZROZ,0
2011-10-24,120194.75123409084,120194.75123409084,0.0,ZROZ,0
2011-10-25,120194.75123409084,120194.75123409084,0.0,ZROZ,0
2011-10-26,120194.75123409084,120194.75123409084,0.0,ZROZ,0
2011-10-27,120194.75123409084,120194.75123409084,0.0,ZROZ,0
2011-10-28,120194.75123409084,120194.75123409084,0.0,ZROZ,0
2011-10-31,120194.75123409084,120194.75123409084,0.0,ZROZ,0
2011-11-01,120014.93526288323,137.62112447075197,119877.31413841248,XLK,5719
2011-11-02,121484.4017526751,137.62112447075197,121346.78062820435,XLK,5719
2011-11-03,124375.86256429009,137.62112447075197,124238.24143981934,XLK,5719
2011-11-04,123617.3986894732,137.62112447075197,123479.77756500244,XLK,5719
2011-11-07,124375.86256429009,137.62112447075197,124238.24143981934,XLK,5719
2011-11-08,125797.9223348742,137.62112447075197,125660.30121040344,XLK,5719
2011-11-09,121436.99503346733,137.62112447075197,121299.37390899658,XLK,5719
2011-11-10,121816.20515462212,137.62112447075197,121678.58403015137,XLK,5719
2011-11-11,124138.86169263176,137.62112447075197,124001.24056816101,XLK,5719
2011-11-14,123190.81457349114,137.62112447075197,123053.19344902039,XLK,5719
2011-11-15,124849.86430760674,137.62112447075197,124712.24318313599,XLK,5719
2011-11-16,123001.19860478691,137.62112447075197,122863.57748031616,XLK,5719
2011-11-17,120631.14625569634,137.62112447075197,120493.52513122559,XLK,5719
2011-11-18,119635.71423360161,137.62112447075197,119498.09310913086,XLK,5719
2011-11-21,117550.08038350396,137.62112447075197,117412.4592590332,XLK,5719
2011-11-22,117360.44259854607,137.62112447075197,117222.82147407532,XLK,5719
2011-11-23,114563.8279497271,137.62112447075197,114426.20682525635,XLK,5719
2011-11-25,113947.62786504082,137.62112447075197,113810.00674057007,XLK,5719
2011-11-28,117692.30054112725,137.62112447075197,117554.6794166565,XLK,5719
2011-11-29,117076.0786401873,137.62112447075197,116938.45751571655,XLK,5719
2011-11-30,121579.2042829638,137.62112447075197,121441.58315849304,XLK,5719
2011-12-01,121877.07054687504,155.23385406497982,121721.83669281006,XLE,2817
2011-12-02,121773.42535568241,155.23385406497982,121618.19150161743,XLE,2817
2011-12-05,123275.98511291508,155.23385406497982,123120.7512588501,XLE,2817
2011-12-06,123258.68404937748,155.23385406497982,123103.4501953125,XLE,2817
2011-12-07,122084.29645324711,155.23385406497982,121929.06259918213,XLE,2817
2011-12-08,118682.01544357304,155.23385406497982,118526.78158950806,XLE,2817
2011-12-09,121376.18863845829,155.23385406497982,121220.95478439331,XLE,2817
2011-12-12,118543.88633132938,155.23385406497982,118388.6524772644,XLE,2817
2011-12-13,117438.63851333622,155.23385406497982,117283.40465927124,XLE,2817
2011-12-14,114139.905980835,155.23385406497982,113984.67212677002,XLE,2817
2011-12-15,113656.36811996464,155.23385406497982,113501.13426589966,XLE,2817
2011-12-16,114865.14292312626,155.23385406497982,114709.90906906128,XLE,2817
2011-12-19,112853.30862976078,155.23385406497982,112698.0747756958,XLE,2817
2011-12-20,117484.06186462406,155.23385406497982,117328.82801055908,XLE,2817
2011-12-21,118784.82244659428,155.23385406497982,118629.5885925293,XLE,2817
2011-12-22,120172.28177429203,155.23385406497982,120017.04792022705,XLE,2817
2011-12-23,120866.0221841431,155.23385406497982,120710.78833007812,XLE,2817
2011-12-27,121178.24727798466,155.23385406497982,121023.01342391968,XLE,2817
2011-12-28,118871.47820831303,155.23385406497982,118716.24435424805,XLE,2817
2011-12-29,120102.88409210209,155.23385406497982,119947.65023803711,XLE,2817
2011-12-30,120050.92717147831,155.23385406497982,119895.69331741333,XLE,2817
2012-01-03,123011.68676085286,146.37635130695708,122865.3104095459,VNQ,3621
2012-01-04,120911.05811400227,146.37635130695708,120764.68176269531,VNQ,3621
2012-01-05,122045.41084379963,146.37635130695708,121899.03449249268,VNQ,3621
2012-01-06,121646.2974786263,146.37635130695708,121499.92112731934,VNQ,3621
2012-01-09,121226.11925978474,146.37635130695708,121079.74290847778,VNQ,3621
2012-01-10,122570.55419249348,146.37635130695708,122424.17784118652,VNQ,3621
2012-01-11,123431.80972761921,146.37635130695708,123285.43337631226,VNQ,3621
2012-01-12,122528.52117628865,146.37635130695708,122382.14482498169,VNQ,3621
2012-01-13,122801.61837096028,146.37635130695708,122655.24201965332,VNQ,3621
2012-01-17,123809.91349119954,146.37635130695708,123663.53713989258,VNQ,3621
2012-01-18,124671.09996123127,146.37635130695708,124524.72360992432,VNQ,3621
2012-01-19,125154.33461088948,146.37635130695708,125007.95825958252,VNQ,3621
2012-01-20,125931.57936568074,146.37635130695708,125785.20301437378,VNQ,3621
2012-01-23,126540.74730772786,146.37635130695708,126394.3709564209,VNQ,3621
2012-01-24,127507.03703779988,146.37635130695708,127360.66068649292,VNQ,3621
2012-01-25,129145.50970167927,146.37635130695708,128999.13335037231,VNQ,3621
2012-01-26,130048.78443999104,146.37635130695708,129902.40808868408,VNQ,3621
2012-01-27,130090.76220412068,146.37635130695708,129944.38585281372,VNQ,3621
2012-01-30,129124.51391310505,146.37635130695708,128978.1375617981,VNQ,3621
2012-01-31,129754.67764372639,146.37635130695708,129608.30129241943,VNQ,3621
2012-02-01,130643.98087251572,159.34013116745336,130484.64074134827,XLB,4607
2012-02-02,130018.55510461716,159.34013116745336,129859.2149734497,XLB,4607
2012-02-03,131790.72219407943,159.34013116745336,131631.382062912,XLB,4607
2012-02-06,131060.99289453415,159.34013116745336,130901.6527633667,XLB,4607
2012-02-07,130922.02403581528,159.34013116745336,130762.68390464783,XLB,4607
2012-02-08,131060.99289453415,159.34013116745336,130901.6527633667,XLB,4607
2012-02-09,131199.99690187362,159.34013116745336,131040.65677070618,XLB,4607
2012-02-10,128906.53183305649,159.34013116745336,128747.19170188904,XLB,4607
2012-02-13,129254.08139360337,159.34013116745336,129094.74126243591,XLB,4607
2012-02-14,127586.03330552964,159.34013116745336,127426.69317436218,XLB,4607
2012-02-15,127690.31926286606,159.34013116745336,127530.97913169861,XLB,4607
2012-02-16,129949.00477159409,159.34013116745336,129789.66464042664,XLB,4607
2012-02-17,130018.55510461716,159.34013116745336,129859.2149734497,XLB,4607
2012-02-21,130783.02881563095,159.34013116745336,130623.6886844635,XLB,4607
2012-02-22,130574.4744752684,159.34013116745336,130415.13434410095,XLB,4607
2012-02-23,130713.50484407334,159.34013116745336,130554.16471290588,XLB,4607
2012-02-24,130643.98087251572,159.34013116745336,130484.64074134827,XLB,4607
2012-02-27,130678.76043260483,159.34013116745336,130519.42030143738,XLB,4607
2012-02-28,131095.7109445372,159.34013116745336,130936.37081336975,XLB,4607
2012-02-29,128628.52381837754,159.34013116745336,128469.18368721008,XLB,4607
2012-03-01,129664.12413664536,142.92645903305674,129521.1976776123,XLK,5343
2012-03-02,129486.17971869187,142.92645903305674,129343.25325965881,XLK,5343
2012-03-05,128374.23347349839,142.92645903305674,128231.30701446533,XLK,5343
2012-03-06,127128.80598517136,142.92645903305674,126985.8795261383,XLK,5343
2012-03-07,128062.89953108506,142.92645903305674,127919.973072052,XLK,5343
2012-03-08,129352.82076712327,142.92645903305674,129209.89430809021,XLK,5343
2012-03-09,129930.99490423875,142.92645903305674,129788.06844520569,XLK,5343
2012-03-12,130108.87817640977,142.92645903305674,129965.95171737671,XLK,5343
2012-03-13,132688.62892981246,142.92645903305674,132545.70247077942,XLK,5343
2012-03-14,133177.91748114303,142.92645903305674,133034.99102210999,XLK,5343
2012-03-15,133533.77574415877,142.92645903305674,133390.84928512573,XLK,5343
2012-03-16,133471.27456350997,142.92645903305674,133328.34810447693,XLK,5343
2012-03-19,134452.94971914962,142.92645903305674,134310.02326011658,XLK,5343
2012-03-20,134319.05064650252,142.92645903305674,134176.12418746948,XLK,5343
2012-03-21,134274.4142252989,142.92645903305674,134131.48776626587,XLK,5343
2012-03-22,133962.14271422103,142.92645903305674,133819.216255188,XLK,5343
2012-03-23,133962.14271422103,142.92645903305674,133819.216255188,XLK,5343
2012-03-26,135925.47264357284,142.92645903305674,135782.5461845398,XLK,5343
2012-03-27,135880.77507658675,142.92645903305674,135737.8486175537,XLK,5343
2012-03-28,135389.95788069442,142.92645903305674,135247.03142166138,XLK,5343
2012-03-29,135122.26164503768,142.92645903305674,134979.33518600464,XLK,5343
2012-03-30,134720.62557287887,142.92645903305674,134577.69911384583,XLK,5343
2012-04-02,135741.1185362597,137.44335773185594,135603.67517852783,XLF,13464
2012-04-03,134974.4901564379,137.44335773185594,134837.04679870605,XLF,13464
2012-04-04,132845.00825336174,137.44335773185594,132707.56489562988,XLF,13464
2012-04-05,132504.33018329338,137.44335773185594,132366.88682556152,XLF,13464
2012-04-09,130460.0306380053,137.44335773185594,130322.58728027344,XLF,13464
2012-04-10,127649.16691425041,137.44335773185594,127511.72355651855,XLF,13464
2012-04-11,129693.41509845451,137.44335773185594,129555.97174072266,XLF,13464
2012-04-12,132078.41839435295,137.44335773185594,131940.9750366211,XLF,13464
2012-04-13,129011.96907642082,137.44335773185594,128874.52571868896,XLF,13464
2012-04-16,129948.97501208977,137.44335773185594,129811.53165435791,XLF,13464
2012-04-17,131652.5579664965,137.44335773185594,131515.11460876465,XLF,13464
2012-04-18,130800.79858997063,137.44335773185594,130663.35523223877,XLF,13464
2012-04-19,130204.53492572502,137.44335773185594,130067.09156799316,XLF,13464
2012-04-20,129523.11458423332,137.44335773185594,129385.67122650146,XLF,13464
2012-04-23,128586.17284991936,137.44335773185594,128448.7294921875,XLF,13464
2012-04-24,130034.15736987785,137.44335773185594,129896.714012146,XLF,13464
2012-04-25,131141.50234058098,137.44335773185594,131004.05898284912,XLF,13464
2012-04-26,132248.79595020012,137.44335773185594,132111.35259246826,XLF,13464
2012-04-27,132333.9654677172,137.44335773185594,132196.52210998535,XLF,13464
2012-04-30,131567.4141295214,137.44335773185594,131429.97077178955,XLF,13464
2012-05-01,132532.40715107255,136.18101963333902,132396.2261314392,VNQ,3421
2012-05-02,132332.34943470292,136.18101963333902,132196.16841506958,VNQ,3421
2012-05-03,131872.21668705277,136.18101963333902,131736.03566741943,VNQ,3421
2012-05-04,130711.90803226762,136.18101963333902,130575.72701263428,VNQ,3421
2012-05-07,131632.12132725053,136.18101963333902,131495.9403076172,VNQ,3421
2012-05-08,131392.10426792435,136.18101963333902,131255.92324829102,VNQ,3421
2012-05-09,130972.00916370683,136.18101963333902,130835.82814407349,VNQ,3421
2012-05-10,131072.01192173295,136.18101963333902,130935.83090209961,VNQ,3421
2012-05-11,131352.10577472977,136.18101963333902,131215.92475509644,VNQ,3421
2012-05-14,129691.66587909989,136.18101963333902,129555.48485946655,VNQ,3421
2012-05-15,129011.44354328446,136.18101963333902,128875.26252365112,VNQ,3421
2012-05-16,127591.07290729813,136.18101963333902,127454.8918876648,VNQ,3421
2012-05-17,123870.05158314042,136.18101963333902,123733.87056350708,VNQ,3421
2012-05-18,122369.63176044755,136.18101963333902,122233.45074081421,VNQ,3421
2012-05-21,125030.37328800492,136.18101963333902,124894.19226837158,VNQ,3421
2012-05-22,125270.41644748978,136.18101963333902,125134.23542785645,VNQ,3421
2012-05-23,125450.50754246049,136.18101963333902,125314.32652282715,VNQ,3421
2012-05-24,126010.61694797807,136.18101963333902,125874.43592834473,VNQ,3421
2012-05-25,125510.48570713334,136.18101963333902,125374.3046875,VNQ,3421
2012-05-29,127290.97328266434,136.18101963333902,127154.792263031,VNQ,3421
2012-05-30,124270.15396580033,136.18101963333902,124133.97294616699,VNQ,3421
2012-05-31,125210.43828281693,136.18101963333902,125074.2572631836,VNQ,3421
2012-06-01,121784.04847810845,143.6338510332571,121640.4146270752,XLU,5356
2012-06-04,122192.89338014703,143.6338510332571,122049.25952911377,XLU,5356
2012-06-05,122635.67503450494,143.6338510332571,122492.04118347168,XLU,5356
2012-06-06,124338.86685274224,143.6338510332571,124195.23300170898,XLU,5356
2012-06-07,125292.66121767144,143.6338510332571,125149.02736663818,XLU,5356
2012-06-08,125565.09508607964,143.6338510332571,125421.46123504639,XLU,5356
2012-06-11,125462.95792482476,143.6338510332571,125319.3240737915,XLU,5356
2012-06-12,125599.22593782525,143.6338510332571,125455.59208679199,XLU,5356
2012-06-13,125633.30571077447,143.6338510332571,125489.67185974121,XLU,5356
2012-06-14,126484.86075685601,143.6338510332571,126341.22690582275,XLU,5356
2012-06-15,127110.59644411187,143.6338510332571,126966.96259307861,XLU,5356
2012-06-18,127591.94258974175,143.6338510332571,127448.3087387085,XLU,5356
2012-06-19,127316.87305544,143.6338510332571,127173.23920440674,XLU,5356
2012-06-20,126079.12144563775,143.6338510332571,125935.48759460449,XLU,5356
2012-06-21,124772.71993349175,143.6338510332571,124629.0860824585,XLU,5356
2012-06-22,124807.06531618218,143.6338510332571,124663.43146514893,XLU,5356
2012-06-25,124566.47396944146,143.6338510332571,124422.8401184082,XLU,5356
2012-06-26,124738.31325624566,143.6338510332571,124594.6794052124,XLU,5356
2012-06-27,126147.95523164849,143.6338510332571,126004.32138061523,XLU,5356
2012-06-28,126594.8436212359,143.6338510332571,126451.20977020264,XLU,5356
2012-06-29,127316.87305544,143.6338510332571,127173.23920440674,XLU,5356
2012-07-02,127724.28231984048,134.0176866617694,127590.26463317871,XLV,4162
2012-07-03,127690.81408863931,134.0176866617694,127556.79640197754,XLV,4162
2012-07-05,126887.71149235635,134.0176866617694,126753.69380569458,XLV,4162
2012-07-06,126051.2121103373,134.0176866617694,125917.19442367554,XLV,4162
2012-07-09,126720.4576585856,134.0176866617694,126586.43997192383,XLV,4162
2012-07-10,126118.11681919961,134.0176866617694,125984.09913253784,XLV,4162
2012-07-11,126017.7200639811,134.0176866617694,125883.70237731934,XLV,4162
2012-07-12,126318.8865144816,134.0176866617694,126184.86882781982,XLV,4162
2012-07-13,127724.28231984048,134.0176866617694,127590.26463317871,XLV,4162
2012-07-16,127958.53612309365,134.0176866617694,127824.51843643188,XLV,4162
2012-07-17,129598.15397816568,134.0176866617694,129464.1362915039,XLV,4162
2012-07-18,129798.9554269877,134.0176866617694,129664.93774032593,XLV,4162
2012-07-19,129798.9554269877,134.0176866617694,129664.93774032593,XLV,4162
2012-07-20,128125.8614023295,134.0176866617694,127991.84371566772,XLV,4162
2012-07-23,126620.02121144204,134.0176866617694,126486.00352478027,XLV,4162
2012-07-24,125214.6650980082,134.0176866617694,125080.64741134644,XLV,4162
2012-07-25,125816.99006062417,134.0176866617694,125682.9723739624,XLV,4162
2012-07-26,127021.54472523599,134.0176866617694,126887.52703857422,XLV,4162
2012-07-27,130066.62189274697,134.0176866617694,129932.6042060852,XLV,4162
2012-07-30,129397.3842828837,134.0176866617694,129263.36659622192,XLV,4162
2012-07-31,128594.3293169108,134.0176866617694,128460.31163024902,XLV,4162
2012-08-01,128276.2351003199,137.50113730720477,128138.7339630127,XLE,2948
2012-08-02,126134.18265586189,137.50113730720477,125996.68151855469,XLE,2948
2012-08-03,129100.1195912867,137.50113730720477,128962.61845397949,XLE,2948
2012-08-06,129447.97243552498,137.50113730720477,129310.47129821777,XLE,2948
2012-08-07,131388.5914083033,137.50113730720477,131251.0902709961,XLE,2948
2012-08-08,131498.49590354256,137.50113730720477,131360.99476623535,XLE,2948
2012-08-09,132395.53385215095,137.50113730720477,132258.03271484375,XLE,2948
2012-08-10,132633.59465842537,137.50113730720477,132496.09352111816,XLE,2948
2012-08-13,132139.22123008064,137.50113730720477,132001.72009277344,XLE,2948
2012-08-14,131901.1829152613,137.50113730720477,131763.6817779541,XLE,2948
2012-08-15,131882.8973622828,137.50113730720477,131745.3962249756,XLE,2948
2012-08-16,133054.60096030525,137.50113730720477,132917.09982299805,XLE,2948
2012-08-17,132999.72180991463,137.50113730720477,132862.22067260742,XLE,2948
2012-08-20,132542.03194480232,137.50113730720477,132404.53080749512,XLE,2948
2012-08-21,132120.93567710213,137.50113730720477,131983.43453979492,XLE,2948
2012-08-22,132615.21913962654,137.50113730720477,132477.71800231934,XLE,2948
2012-08-23,131150.59807639412,137.50113730720477,131013.09693908691,XLE,2948
2012-08-24,131919.5471883326,137.50113730720477,131782.0460510254,XLE,2948
2012-08-27,131974.47132163338,137.50113730720477,131836.97018432617,XLE,2948
2012-08-28,132066.02278952888,137.50113730720477,131928.52165222168,XLE,2948
2012-08-29,131187.2141652613,137.50113730720477,131049.7130279541,XLE,2948
2012-08-30,129795.82527976326,137.50113730720477,129658.32414245605,XLE,2948
2012-08-31,131095.68518882088,137.50113730720477,130958.18405151367,XLE,2948
2012-09-04,129699.45878242211,150.51640723900346,129548.9423751831,XLK,5068
2012-09-05,129571.95840095238,150.51640723900346,129421.44199371338,XLK,5068
2012-09-06,132461.25817512232,150.51640723900346,132310.7417678833,XLK,5068
2012-09-07,132248.80909370142,150.51640723900346,132098.2926864624,XLK,5068
2012-09-10,130846.6432230349,150.51640723900346,130696.1268157959,XLK,5068
2012-09-11,131186.5733530398,150.51640723900346,131036.05694580078,XLK,5068
2012-09-12,131908.8886301394,150.51640723900346,131758.3722229004,XLK,5068
2012-09-13,133693.39131568628,150.51640723900346,133542.87490844727,XLK,5068
2012-09-14,134330.73855994898,150.51640723900346,134180.22215270996,XLK,5068
2012-09-17,134458.21960853296,150.51640723900346,134307.70320129395,XLK,5068
2012-09-18,134543.16830848414,150.51640723900346,134392.65190124512,XLK,5068
2012-09-19,134670.63002418238,150.51640723900346,134520.11361694336,XLK,5068
2012-09-20,134415.74525855738,150.51640723900346,134265.22885131836,XLK,5068
2012-09-21,134586.39664100367,150.51640723900346,134435.88023376465,XLK,5068
2012-09-24,133733.1107294436,150.51640723900346,133582.5943222046,XLK,5068
2012-09-25,131855.8585245486,150.51640723900346,131705.34211730957,XLK,5068
2012-09-26,130917.24692176537,150.51640723900346,130766.73051452637,XLK,5068
2012-09-27,132623.8187448855,150.51640723900346,132473.30233764648,XLK,5068
2012-09-28,131685.22647498804,150.51640723900346,131534.71006774902,XLK,5068
2012-10-01,130993.40083417897,134.61246023183048,130858.78837394714,XLF,13091
2012-10-02,131244.09060773853,134.61246023183048,131109.4781475067,XLF,13091
2012-10-03,132413.98037920002,134.61246023183048,132279.3679189682,XLF,13091
2012-10-04,134419.46111402515,134.61246023183048,134284.84865379333,XLF,13091
2012-10-05,134335.8895331383,134.61246023183048,134201.2770729065,XLF,13091
2012-10-08,134252.34292135242,134.61246023183048,134117.7304611206,XLF,13091
2012-10-09,133416.75195798877,134.61246023183048,133282.13949775696,XLF,13091
2012-10-10,133333.16789255146,134.61246023183048,133198.55543231964,XLF,13091
2012-10-11,134085.2247286797,134.61246023183048,133950.61226844788,XLF,13091
2012-10-12,132246.82473287586,134.61246023183048,132112.21227264404,XLF,13091
2012-10-15,133750.93840513233,134.61246023183048,133616.3259449005,XLF,13091
2012-10-16,134586.6167603493,134.61246023183048,134452.0043001175,XLF,13091
2012-10-17,136341.43269071582,134.61246023183048,136206.820230484,XLF,13091
2012-10-18,136592.10997972492,134.61246023183048,136457.4975194931,XLF,13091
2012-10-19,134753.6974993706,134.61246023183048,134619.0850391388,XLF,13091
2012-10-22,134753.6974993706,134.61246023183048,134619.0850391388,XLF,13091
2012-10-23,132497.55196008686,134.61246023183048,132362.93949985504,XLF,13091
2012-10-24,132497.55196008686,134.61246023183048,132362.93949985504,XLF,13091
2012-10-25,132831.77586088184,134.61246023183048,132697.16340065002,XLF,13091
2012-10-26,132163.2656365395,134.61246023183048,132028.65317630768,XLF,13091
2012-10-31,132998.8815690041,134.61246023183048,132864.26910877228,XLF,13091
2012-11-01,134670.15088758472,134.61246023183048,134535.5384273529,XLF,13091
2012-11-02,133834.5474396706,134.61246023183048,133699.93497943878,XLF,13091
2012-11-05,133583.8701506615,134.61246023183048,133449.2576904297,XLF,13091
2012-11-06,135087.93388471607,134.61246023183048,134953.32142448425,XLF,13091
2012-11-07,130575.59286794667,134.61246023183048,130440.98040771484,XLF,13091
2012-11-08,129489.27467737203,134.61246023183048,129354.6622171402,XLF,13091
2012-11-09,129656.43032369619,134.61246023183048,129521.81786346436,XLF,13091
2012-11-12,129907.07015905385,134.61246023183048,129772.45769882202,XLF,13091
2012-11-13,128987.90761480336,134.61246023183048,128853.29515457153,XLF,13091
2012-11-14,126731.68716821675,134.61246023183048,126597.07470798492,XLF,13091
2012-11-15,126982.40191087728,134.61246023183048,126847.78945064545,XLF,13091
2012-11-16,127818.0552969933,134.61246023183048,127683.44283676147,XLF,13091
2012-11-19,130241.36896715169,134.61246023183048,130106.75650691986,XLF,13091
2012-11-20,130909.82925329213,134.61246023183048,130775.2167930603,XLF,13091
2012-11-21,130909.82925329213,134.61246023183048,130775.2167930603,XLF,13091
2012-11-23,132497.55196008686,134.61246023183048,132362.93949985504,XLF,13091
2012-11-26,131996.14744386676,134.61246023183048,131861.53498363495,XLF,13091
2012-11-27,130826.29512605672,134.61246023183048,130691.68266582489,XLF,13091
2012-11-28,131327.66218862537,134.61246023183048,131193.04972839355,XLF,13091
2012-11-29,131996.14744386676,134.61246023183048,131861.53498363495,XLF,13091
2012-11-30,131829.054220295,134.61246023183048,131694.44176006317,XLF,13091
2012-12-03,130934.67912686543,139.0210152931686,130795.65811157227,XLY,3225
2012-12-04,130381.46486294942,139.0210152931686,130242.44384765625,XLY,3225
2012-12-05,129994.16074765401,139.0210152931686,129855.13973236084,XLY,3225
2012-12-06,130824.0682603188,139.0210152931686,130685.04724502563,XLY,3225
2012-12-07,131322.03245175557,139.0210152931686,131183.0114364624,XLY,3225
2012-12-10,130575.11692059712,139.0210152931686,130436.09590530396,XLY,3225
2012-12-11,130990.03992093282,139.0210152931686,130851.01890563965,XLY,3225
2012-12-12,131156.08539593892,139.0210152931686,131017.06438064575,XLY,3225
2012-12-13,130298.37446225362,139.0210152931686,130159.35344696045,XLY,3225
2012-12-14,129745.1601983376,139.0210152931686,129606.13918304443,XLY,3225
2012-12-17,132068.93568051534,139.0210152931686,131929.91466522217,XLY,3225
2012-12-18,133618.18904889302,139.0210152931686,133479.16803359985,XLY,3225
2012-12-19,132677.58455289082,139.0210152931686,132538.56353759766,XLY,3225
2012-12-20,132954.17938245015,139.0210152931686,132815.15836715698,XLY,3225
2012-12-21,131773.67811215596,139.0210152931686,131634.6570968628,XLY,3225
2012-12-24,131885.06402981954,139.0210152931686,131746.04301452637,XLY,3225
2012-12-26,130520.8510400124,139.0210152931686,130381.83002471924,XLY,3225
2012-12-27,130687.89300931172,139.0210152931686,130548.87199401855,XLY,3225
2012-12-28,129629.911327488,139.0210152931686,129490.89031219482,XLY,3225
2012-12-31,132219.1848756142,139.0210152931686,132080.16386032104,XLY,3225
2013-01-02,134571.62221449474,139.60396879771724,134432.01824569702,XLV,4069
2013-01-03,134736.931548296,139.60396879771724,134597.3275794983,XLV,4069
2013-01-04,135331.9209739552,139.60396879771724,135192.31700515747,XLV,4069
2013-01-07,135761.57002180675,139.60396879771724,135621.96605300903,XLV,4069
2013-01-08,135794.631888567,139.60396879771724,135655.0279197693,XLV,4069
2013-01-09,137282.12097471813,139.60396879771724,137142.5170059204,XLV,4069
2013-01-10,138240.68228071788,139.60396879771724,138101.07831192017,XLV,4069
2013-01-11,138207.60489195446,139.60396879771724,138068.00092315674,XLV,4069
2013-01-14,138339.82131498912,139.60396879771724,138200.2173461914,XLV,4069
2013-01-15,138174.5430251942,139.60396879771724,138034.93905639648,XLV,4069
2013-01-16,137877.03279036144,139.60396879771724,137737.42882156372,XLV,4069
2013-01-17,139100.12007444957,139.60396879771724,138960.51610565186,XLV,4069
2013-01-18,139562.8309890614,139.60396879771724,139423.22702026367,XLV,4069
2013-01-22,139959.5423461781,139.60396879771724,139819.93837738037,XLV,4069
2013-01-23,139794.24853438,139.60396879771724,139654.64456558228,XLV,4069
2013-01-24,140686.7016288624,139.60396879771724,140547.0976600647,XLV,4069
2013-01-25,141777.46383589366,139.60396879771724,141637.85986709595,XLV,4069
2013-01-28,141281.67553251842,139.60396879771724,141142.0715637207,XLV,4069
2013-01-29,142802.14887541393,139.60396879771724,142662.5449066162,XLV,4069
2013-01-30,142372.45326155284,139.60396879771724,142232.84929275513,XLV,4069
2013-01-31,141975.8350364552,139.60396879771724,141836.23106765747,XLV,4069
2013-02-01,143099.6591102467,139.60396879771724,142960.05514144897,XLV,4069
2013-02-04,141513.0465118275,139.60396879771724,141373.44254302979,XLV,4069
2013-02-05,143066.6127654896,139.60396879771724,142927.0087966919,XLV,4069
2013-02-06,143033.55089872936,139.60396879771724,142893.94692993164,XLV,4069
2013-02-07,142504.65416258434,139.60396879771724,142365.05019378662,XLV,4069
2013-02-08,143562.4321128712,139.60396879771724,143422.8281440735,XLV,4069
2013-02-11,143264.8908340321,139.60396879771724,143125.28686523438,XLV,4069
2013-02-12,143099.6591102467,139.60396879771724,142960.05514144897,XLV,4069
2013-02-13,143000.50455397228,139.60396879771724,142860.90058517456,XLV,4069
2013-02-14,143297.99926680187,139.60396879771724,143158.39529800415,XLV,4069
2013-02-15,143628.49375837902,139.60396879771724,143488.8897895813,XLV,4069
2013-02-19,144520.9778968678,139.60396879771724,144381.37392807007,XLV,4069
2013-02-20,143595.50950163463,139.60396879771724,143455.9055328369,XLV,4069
2013-02-21,142934.38082045177,139.60396879771724,142794.77685165405,XLV,4069
2013-02-22,143562.4321128712,139.60396879771724,143422.8281440735,XLV,4069
2013-02-25,141975.8350364552,139.60396879771724,141836.23106765747,XLV,4069
2013-02-26,142339.4379608021,139.60396879771724,142199.8339920044,XLV,4069
2013-02-27,143892.98869246105,139.60396879771724,143753.38472366333,XLV,4069
2013-02-28,143760.71018141368,139.60396879771724,143621.10621261597,XLV,4069
2013-03-01,144851.51895445446,139.60396879771724,144711.91498565674,XLV,4069
2013-03-04,145644.81749266246,139.60396879771724,145505.21352386475,XLV,4069
2013-03-05,146900.92007750133,139.60396879771724,146761.3161087036,XLV,4069
2013-03-06,147198.41479033092,139.60396879771724,147058.8108215332,XLV,4069
2013-03-07,147099.18262404064,139.60396879771724,146959.57865524292,XLV,4069
2013-03-08,147363.61547010997,139.60396879771724,147224.01150131226,XLV,4069
2013-03-11,148123.91422957042,139.60396879771724,147984.3102607727,XLV,4069
2013-03-12,148785.04291075328,139.60396879771724,148645.43894195557,XLV,4069
2013-03-13,148818.04268950084,139.60396879771724,148678.43872070312,XLV,4069
2013-03-14,148950.29015654186,139.60396879771724,148810.68618774414,XLV,4069
2013-03-15,148631.51477736095,139.60396879771724,148491.91080856323,XLV,4069
2013-03-18,147668.8556625233,139.60396879771724,147529.2516937256,XLV,4069
2013-03-19,147768.46035688976,139.60396879771724,147628.85638809204,XLV,4069
2013-03-20,148996.73199003795,139.60396879771724,148857.12802124023,XLV,4069
2013-03-21,148166.84809034923,139.60396879771724,148027.2441215515,XLV,4069
2013-03-22,149295.53055113414,139.60396879771724,149155.92658233643,XLV,4069
2013-03-25,148863.9722968922,139.60396879771724,148724.36832809448,XLV,4069
2013-03-26,150590.22083586315,139.60396879771724,150450.61686706543,XLV,4069
2013-03-27,151353.7171279774,139.60396879771724,151214.1131591797,XLV,4069
2013-03-28,152681.67106550792,139.60396879771724,152542.0670967102,XLV,4069
2013-04-01,152621.9311254149,164.60188080125954,152457.32924461365,XLF,13055
2013-04-02,153547.46789623552,164.60188080125954,153382.86601543427,XLF,13055
2013-04-03,151023.33555866533,164.60188080125954,150858.73367786407,XLF,13055
2013-04-04,152369.55275226885,164.60188080125954,152204.9508714676,XLF,13055
2013-04-05,151864.72130466753,164.60188080125954,151700.11942386627,XLF,13055
2013-04-08,153379.16584659868,164.60188080125954,153214.56396579742,XLF,13055
2013-04-09,153799.84626938158,164.60188080125954,153635.24438858032,XLF,13055
2013-04-10,155903.28573395067,164.60188080125954,155738.6838531494,XLF,13055
2013-04-11,156239.87738300615,164.60188080125954,156075.2755022049,XLF,13055
2013-04-12,155566.7687862044,164.60188080125954,155402.16690540314,XLF,13055
2013-04-15,152285.38927723223,164.60188080125954,152120.78739643097,XLF,13055
2013-04-16,154641.24446560198,164.60188080125954,154476.64258480072,XLF,13055
2013-04-17,151780.5578296309,164.60188080125954,151615.95594882965,XLF,13055
2013-04-18,150181.99961353594,164.60188080125954,150017.39773273468,XLF,13055
2013-04-19,152285.38927723223,164.60188080125954,152120.78739643097,XLF,13055
2013-04-22,152453.69132686907,164.60188080125954,152289.0894460678,XLF,13055
2013-04-23,155230.18958736712,164.60188080125954,155065.58770656586,XLF,13055
2013-04-24,156155.71390796953,164.60188080125954,155991.11202716827,XLF,13055
2013-04-25,157081.22577835375,164.60188080125954,156916.6238975525,XLF,13055
2013-04-26,156408.0922811156,164.60188080125954,156243.49040031433,XLF,13055
2013-04-29,157081.22577835375,164.60188080125954,156916.6238975525,XLF,13055
2013-04-30,157501.91865135485,164.60188080125954,157337.3167705536,XLF,13055
2013-05-01,155269.0301035958,170.54064741905313,155098.48945617676,XLU,5714
2013-05-02,155079.98315993126,170.54064741905313,154909.4425125122,XLU,5714
2013-05-03,154777.50369063194,170.54064741905313,154606.9630432129,XLU,5714
2013-05-06,152622.29660216148,170.54064741905313,152451.75595474243,XLU,5714
2013-05-07,154096.88673964317,170.54064741905313,153926.34609222412,XLU,5714
2013-05-08,152735.72912779625,170.54064741905313,152565.1884803772,XLU,5714
2013-05-09,150429.33679762657,170.54064741905313,150258.79615020752,XLU,5714
2013-05-10,150769.63437453087,170.54064741905313,150599.09372711182,XLU,5714
2013-05-13,149975.56310072716,170.54064741905313,149805.0224533081,XLU,5714
2013-05-14,150996.45583144005,170.54064741905313,150825.915184021,XLU,5714
2013-05-15,152433.2823542672,170.54064741905313,152262.74170684814,XLU,5714
2013-05-16,151185.5136736947,170.54064741905313,151014.97302627563,XLU,5714
2013-05-17,152622.29660216148,170.54064741905313,152451.75595474243,XLU,5714
2013-05-20,151866.06523314293,170.54064741905313,151695.52458572388,XLU,5714
2013-05-21,152168.5882968026,170.54064741905313,151998.04764938354,XLU,5714
2013-05-22,149597.46921339806,170.54064741905313,149426.928565979,XLU,5714
2013-05-23,148576.60917845543,170.54064741905313,148406.06853103638,XLU,5714
2013-05-24,146988.52112379845,170.54064741905313,146817.9804763794,XLU,5714
2013-05-28,145287.07683363731,170.54064741905313,145116.53618621826,XLU,5714
2013-05-29,143131.86974516686,170.54064741905313,142961.3290977478,XLU,5714
2013-05-30,143509.97453108605,170.54064741905313,143339.433883667,XLU,5714
2013-05-31,142640.38692656334,170.54064741905313,142469.8462791443,XLU,5714
2013-06-03,142515.1703567601,171.31302643782692,142343.85733032227,XLV,3607
2013-06-04,141632.28478623397,171.31302643782692,141460.97175979614,XLV,3607
2013-06-05,139572.34687806136,171.31302643782692,139401.03385162354,XLV,3607
2013-06-06,141602.8942527867,171.31302643782692,141431.58122634888,XLV,3607
2013-06-07,142897.68759919173,171.31302643782692,142726.3745727539,XLV,3607
2013-06-10,143103.6827659703,171.31302643782692,142932.36973953247,XLV,3607
2013-06-11,142515.1703567601,171.31302643782692,142343.85733032227,XLV,3607
2013-06-12,141073.1904296971,171.31302643782692,140901.87740325928,XLV,3607
2013-06-13,143250.85558701522,171.31302643782692,143079.5425605774,XLV,3607
2013-06-14,143015.44236756332,171.31302643782692,142844.1293411255,XLV,3607
2013-06-17,143339.0959854222,171.31302643782692,143167.78295898438,XLV,3607
2013-06-18,144545.6626930333,171.31302643782692,144374.34966659546,XLV,3607
2013-06-19,142250.27028656966,171.31302643782692,142078.95726013184,XLV,3607
2013-06-20,138601.17963028915,171.31302643782692,138429.86660385132,XLV,3607
2013-06-21,139966.93130112655,171.31302643782692,139795.61827468872,XLV,3607
2013-06-24,138784.45767594344,171.31302643782692,138613.14464950562,XLV,3607
2013-06-25,139493.95836258895,171.31302643782692,139322.64533615112,XLV,3607
2013-06-26,141504.07271195418,171.31302643782692,141332.75968551636,XLV,3607
2013-06-27,142006.69761658675,171.31302643782692,141835.38459014893,XLV,3607
2013-06-28,140912.90469742782,171.31302643782692,140741.59167099,XLV,3607
2013-07-01,140874.44599870784,148.05711511714617,140726.3888835907,XLF,11147
2013-07-02,141018.72460512264,148.05711511714617,140870.6674900055,XLF,11147
2013-07-03,140585.88878587825,148.05711511714617,140437.8316707611,XLF,11147
2013-07-05,143110.47737173183,148.05711511714617,142962.42025661469,XLF,11147
2013-07-08,144192.47124437435,148.05711511714617,144044.4141292572,XLF,11147
2013-07-09,145418.67993978603,148.05711511714617,145270.62282466888,XLF,11147
2013-07-10,144553.0933461581,148.05711511714617,144405.03623104095,XLF,11147
2013-07-11,145923.59127859218,148.05711511714617,145775.53416347504,XLF,11147
2013-07-12,146933.38206438167,148.05711511714617,146785.32494926453,XLF,11147
2013-07-15,147582.5507483874,148.05711511714617,147434.49363327026,XLF,11147
2013-07-16,147005.46821455105,148.05711511714617,146857.4110994339,XLF,11147
2013-07-17,147654.6794209872,148.05711511714617,147506.62230587006,XLF,11147
2013-07-18,149602.19610361202,148.05711511714617,149454.13898849487,XLF,11147
2013-07-19,149674.37792924984,148.05711511714617,149526.3208141327,XLF,11147
2013-07-22,150684.18997625454,148.05711511714617,150536.1328611374,XLF,11147
2013-07-23,150107.07555059536,148.05711511714617,149959.0184354782,XLF,11147
2013-07-24,149025.16672281368,148.05711511714617,148877.10960769653,XLF,11147
2013-07-25,149169.46659044368,148.05711511714617,149021.40947532654,XLF,11147
2013-07-26,149025.16672281368,148.05711511714617,148877.10960769653,XLF,11147
2013-07-29,147943.2472644244,148.05711511714617,147795.19014930725,XLF,11147
2013-07-30,147871.1185918246,148.05711511714617,147723.06147670746,XLF,11147
2013-07-31,147943.2472644244,148.05711511714617,147795.19014930725,XLF,11147
2013-08-01,150323.48282960994,148.05711511714617,150175.4257144928,XLF,11147
2013-08-02,150251.36478761776,148.05711511714617,150103.3076725006,XLF,11147
2013-08-05,149962.9032502566,148.05711511714617,149814.84613513947,XLF,11147
2013-08-06,148592.3734259997,148.05711511714617,148444.31631088257,XLF,11147
2013-08-07,147582.5507483874,148.05711511714617,147434.49363327026,XLF,11147
2013-08-08,147943.2472644244,148.05711511714617,147795.19014930725,XLF,11147
2013-08-09,147438.33592561824,148.05711511714617,147290.2788105011,XLF,11147
2013-08-12,146861.2852836047,148.05711511714617,146713.22816848755,XLF,11147
2013-08-13,147582.5507483874,148.05711511714617,147434.49363327026,XLF,11147
2013-08-14,147005.46821455105,148.05711511714617,146857.4110994339,XLF,11147
2013-08-15,144841.60803655727,148.05711511714617,144693.55092144012,XLF,11147
2013-08-16,144553.0933461581,148.05711511714617,144405.03623104095,XLF,11147
2013-08-19,142677.7265973483,148.05711511714617,142529.66948223114,XLF,11147
2013-08-20,144048.17137674434,148.05711511714617,143900.1142616272,XLF,11147
2013-08-21,143038.36996034725,148.05711511714617,142890.3128452301,XLF,11147
2013-08-22,144697.3825831805,148.05711511714617,144549.32546806335,XLF,11147
2013-08-23,144841.60803655727,148.05711511714617,144693.55092144012,XLF,11147
2013-08-26,143903.95655397518,148.05711511714617,143755.89943885803,XLF,11147
2013-08-27,140441.6952243243,148.05711511714617,140293.63810920715,XLF,11147
2013-08-28,140658.04935030086,148.05711511714617,140509.99223518372,XLF,11147
2013-08-29,141018.72460512264,148.05711511714617,140870.6674900055,XLF,11147
2013-08-30,140369.5559211169,148.05711511714617,140221.49880599976,XLF,11147
2013-09-03,141100.15765331517,163.95251415501116,140936.20513916016,XLY,2793
2013-09-04,142580.113955958,163.95251415501116,142416.16144180298,XLY,2793
2013-09-05,142628.64497326146,163.95251415501116,142464.69245910645,XLY,2793
2013-09-06,142458.8343577219,163.95251415501116,142294.8818435669,XLY,2793
2013-09-09,143720.41706417332,163.95251415501116,143556.4645500183,XLY,2793
2013-09-10,145103.32198665867,163.95251415501116,144939.36947250366,XLY,2793
2013-09-11,146170.82324169407,163.95251415501116,146006.87072753906,XLY,2793
2013-09-12,145831.14873836766,163.95251415501116,145667.19622421265,XLY,2793
2013-09-13,146243.59313152562,163.95251415501116,146079.6406173706,XLY,2793
2013-09-16,146898.6926112009,163.95251415501116,146734.7400970459,XLY,2793
2013-09-17,147747.8522333933,163.95251415501116,147583.89971923828,XLY,2793
2013-09-18,149446.15016887913,163.95251415501116,149282.19765472412,XLY,2793
2013-09-19,149397.61915157567,163.95251415501116,149233.66663742065,XLY,2793
2013-09-20,148497.3181719614,163.95251415501116,148333.3656578064,XLY,2793
2013-09-23,147353.66956661473,163.95251415501116,147189.71705245972,XLY,2793
2013-09-24,147743.01511333714,163.95251415501116,147579.06259918213,XLY,2793
2013-09-25,146842.70347927342,163.95251415501116,146678.7509651184,XLY,2793
2013-09-26,148229.63578365574,163.95251415501116,148065.68326950073,XLY,2793
2013-09-27,148253.98120067845,163.95251415501116,148090.02868652344,XLY,2793
2013-09-30,147694.35624264012,163.95251415501116,147530.4037284851,XLY,2793
2013-10-01,148441.179963904,160.53669150409405,148280.6432723999,XLB,4477
2013-10-02,148827.7153833681,160.53669150409405,148667.178691864,XLB,4477
2013-10-03,147562.5133798891,160.53669150409405,147401.976688385,XLB,4477
2013-10-04,149706.41612418232,160.53669150409405,149545.87943267822,XLB,4477
2013-10-07,147878.82241995868,160.53669150409405,147718.2857284546,XLB,4477
2013-10-08,145524.08683188495,160.53669150409405,145363.55014038086,XLB,4477
2013-10-09,145734.93675406513,160.53669150409405,145574.40006256104,XLB,4477
2013-10-10,148827.7153833681,160.53669150409405,148667.178691864,XLB,4477
2013-10-11,149706.41612418232,160.53669150409405,149545.87943267822,XLB,4477
2013-10-14,150233.6092432314,160.53669150409405,150073.0725517273,XLB,4477
2013-10-15,149319.8465479189,160.53669150409405,149159.3098564148,XLB,4477
2013-10-16,150831.13121207294,160.53669150409405,150670.59452056885,XLB,4477
2013-10-17,152799.29722388324,160.53669150409405,152638.76053237915,XLB,4477
2013-10-18,153256.11025794086,160.53669150409405,153095.57356643677,XLB,4477
2013-10-21,153221.04830344257,160.53669150409405,153060.51161193848,XLB,4477
2013-10-22,155435.19450552997,160.53669150409405,155274.65781402588,XLB,4477
2013-10-23,154415.98977072773,160.53669150409405,154255.45307922363,XLB,4477
2013-10-24,155189.11184485492,160.53669150409405,155028.57515335083,XLB,4477
2013-10-25,155646.04442771015,160.53669150409405,155485.50773620605,XLB,4477
2013-10-28,154872.80280478534,160.53669150409405,154712.26611328125,XLB,4477
2013-10-29,155189.11184485492,160.53669150409405,155028.57515335083,XLB,4477
2013-10-30,154240.27011664447,160.53669150409405,154079.73342514038,XLB,4477
2013-10-31,153994.2386911684,160.53669150409405,153833.7019996643,XLB,4477
2013-11-01,153183.00420599422,191.9914992376289,152991.0127067566,VNQ,3565
2013-11-04,153469.23068838558,191.9914992376289,153277.23918914795,VNQ,3565
2013-11-05,150959.36700659237,191.9914992376289,150767.37550735474,VNQ,3565
2013-11-06,150739.1791899725,191.9914992376289,150547.18769073486,VNQ,3565
2013-11-07,148867.83433752498,191.9914992376289,148675.84283828735,VNQ,3565
2013-11-08,146864.3577559515,191.9914992376289,146672.36625671387,VNQ,3565
2013-11-11,147018.46610861263,191.9914992376289,146826.474609375,VNQ,3565
2013-11-12,146357.97065573177,191.9914992376289,146165.97915649414,VNQ,3565
2013-11-13,147304.61099462947,191.9914992376289,147112.61949539185,VNQ,3565
2013-11-14,148339.37541799984,191.9914992376289,148147.3839187622,VNQ,3565
2013-11-15,148889.81096106014,191.9914992376289,148697.8194618225,VNQ,3565
2013-11-18,147965.1472456976,191.9914992376289,147773.15574645996,VNQ,3565
2013-11-19,146930.42362051448,191.9914992376289,146738.43212127686,VNQ,3565
2013-11-20,145147.0396597906,191.9914992376289,144955.04816055298,VNQ,3565
2013-11-21,146269.90096884212,191.9914992376289,146077.9094696045,VNQ,3565
2013-11-22,145697.46160345516,191.9914992376289,145505.47010421753,VNQ,3565
2013-11-25,145014.9487288519,191.9914992376289,144822.95722961426,VNQ,3565
2013-11-26,144508.5752280279,191.9914992376289,144316.58372879028,VNQ,3565
2013-11-27,145741.51004629573,191.9914992376289,145549.5185470581,VNQ,3565
2013-11-29,144398.5289176031,191.9914992376289,144206.53741836548,VNQ,3565
2013-12-02,143132.39104448567,157.87666689167963,142974.514377594,XLI,3547
2013-12-03,141907.46747957479,157.87666689167963,141749.5908126831,XLI,3547
2013-12-04,141337.68838869344,157.87666689167963,141179.81172180176,XLI,3547
2013-12-05,141394.67982851277,157.87666689167963,141236.8031616211,XLI,3547
2013-12-06,143559.62388216268,157.87666689167963,143401.747215271,XLI,3547
2013-12-09,143930.01411806355,157.87666689167963,143772.13745117188,XLI,3547
2013-12-10,143616.6288527132,157.87666689167963,143458.75218582153,XLI,3547
2013-12-11,141366.2517622591,157.87666689167963,141208.37509536743,XLI,3547
2013-12-12,141508.60858522664,157.87666689167963,141350.73191833496,XLI,3547
2013-12-13,141935.92260729085,157.87666689167963,141778.04594039917,XLI,3547
2013-12-16,143274.7749289156,157.87666689167963,143116.89826202393,XLI,3547
2013-12-17,143217.79701982747,157.87666689167963,143059.9203529358,XLI,3547
2013-12-18,145610.72036348592,157.87666689167963,145452.84369659424,XLI,3547
2013-12-19,145753.14484010945,157.87666689167963,145595.26817321777,XLI,3547
2013-12-20,146924.17550264607,157.87666689167963,146766.2988357544,XLI,3547
2013-12-23,147496.76898561727,157.87666689167963,147338.8923187256,XLI,3547
2013-12-24,148183.98129259358,157.87666689167963,148026.1046257019,XLI,3547
2013-12-26,149214.72533403646,157.87666689167963,149056.84866714478,XLI,3547
2013-12-27,149042.91210924397,157.87666689167963,148885.0354423523,XLI,3547
2013-12-30,148899.78403459798,157.87666689167963,148741.9073677063,XLI,3547
2013-12-31,149787.31881700765,157.87666689167963,149629.44215011597,XLI,3547
2014-01-02,147697.25382982503,157.87666689167963,147539.37716293335,XLI,3547
2014-01-03,148098.08821092854,157.87666689167963,147940.21154403687,XLI,3547
2014-01-06,147239.13033281575,157.87666689167963,147081.25366592407,XLI,3547
2014-01-07,148155.3637961031,157.87666689167963,147997.48712921143,XLI,3547
2014-01-08,147897.6710203768,157.87666689167963,147739.7943534851,XLI,3547
2014-01-09,148613.46023164998,157.87666689167963,148455.5835647583,XLI,3547
2014-01-10,148842.54904161702,157.87666689167963,148684.67237472534,XLI,3547
2014-01-13,147038.7266729952,157.87666689167963,146880.85000610352,XLI,3547
2014-01-14,148584.8292044283,157.87666689167963,148426.95253753662,XLI,3547
2014-01-15,149644.23133455525,157.87666689167963,149486.35466766357,XLI,3547
2014-01-16,149272.00091921102,157.87666689167963,149114.12425231934,XLI,3547
2014-01-17,148527.49949632894,157.87666689167963,148369.62282943726,XLI,3547
2014-01-21,148670.73581682454,157.87666689167963,148512.85914993286,XLI,3547
2014-01-22,149128.7916601778,157.87666689167963,148970.91499328613,XLI,3547
2014-01-23,147353.64091097127,157.87666689167963,147195.7642440796,XLI,3547
2014-01-24,142772.5412481905,157.87666689167963,142614.66458129883,XLI,3547
2014-01-27,142915.7369764925,157.87666689167963,142757.86030960083,XLI,3547
2014-01-28,144261.40878664266,157.87666689167963,144103.53211975098,XLI,3547
2014-01-29,142715.27919374715,157.87666689167963,142557.40252685547,XLI,3547
2014-01-30,144118.28071199666,157.87666689167963,143960.40404510498,XLI,3547
2014-01-31,143402.51856218587,157.87666689167963,143244.6418952942,XLI,3547
2014-02-03,139422.65694032918,157.87666689167963,139264.7802734375,XLI,3547
2014-02-04,140310.24584566365,157.87666689167963,140152.36917877197,XLI,3547
2014-02-05,140253.0243834139,157.87666689167963,140095.14771652222,XLI,3547
2014-02-06,142200.00188814412,157.87666689167963,142042.12522125244,XLI,3547
2014-02-07,144662.27022920857,157.87666689167963,144504.3935623169,XLI,3547
2014-02-10,143746.10441957723,157.87666689167963,143588.22775268555,XLI,3547
2014-02-11,145349.4419439913,157.87666689167963,145191.5652770996,XLI,3547
2014-02-12,146179.7958563448,157.87666689167963,146021.91918945312,XLI,3547
2014-02-13,146294.26584230672,157.87666689167963,146136.38917541504,XLI,3547
2014-02-14,147239.13033281575,157.87666689167963,147081.25366592407,XLI,3547
2014-02-18,147124.56563173543,157.87666689167963,146966.68896484375,XLI,3547
2014-02-19,145750.289855826,157.87666689167963,145592.41318893433,XLI,3547
2014-02-20,147124.56563173543,157.87666689167963,146966.68896484375,XLI,3547
2014-02-21,147296.3653257967,157.87666689167963,147138.48865890503,XLI,3547
2014-02-24,148413.04304109822,157.87666689167963,148255.16637420654,XLI,3547
2014-02-25,147926.31557832967,157.87666689167963,147768.438911438,XLI,3547
2014-02-26,148069.48424516927,157.87666689167963,147911.6075782776,XLI,3547
2014-02-27,148928.40153108846,157.87666689167963,148770.52486419678,XLI,3547
2014-02-28,149214.72533403646,157.87666689167963,149056.84866714478,XLI,3547
2014-03-03,147769.11083013593,183.2075670438935,147585.90326309204,VNQ,3325
2014-03-04,149896.23361379682,183.2075670438935,149713.02604675293,VNQ,3325
2014-03-05,149708.56309682905,183.2075670438935,149525.35552978516,VNQ,3325
2014-03-06,148457.2867944914,183.2075670438935,148274.0792274475,VNQ,3325
2014-03-07,146851.5090540129,183.2075670438935,146668.301486969,VNQ,3325
2014-03-10,146079.88591939985,183.2075670438935,145896.67835235596,VNQ,3325
2014-03-11,146997.5003793913,183.2075670438935,146814.2928123474,VNQ,3325
2014-03-12,147435.42362005293,183.2075670438935,147252.21605300903,VNQ,3325
2014-03-13,146747.26033956587,183.2075670438935,146564.05277252197,VNQ,3325
2014-03-14,147122.63942510664,183.2075670438935,146939.43185806274,VNQ,3325
2014-03-17,147435.42362005293,183.2075670438935,147252.21605300903,VNQ,3325
2014-03-18,147873.35954458296,183.2075670438935,147690.15197753906,VNQ,3325
2014-03-19,145078.91307622968,183.2075670438935,144895.7055091858,VNQ,3325
2014-03-20,145329.1277483183,183.2075670438935,145145.9201812744,VNQ,3325
2014-03-21,146663.8004854399,183.2075670438935,146480.592918396,VNQ,3325
2014-03-24,145704.50683385908,183.2075670438935,145521.2992668152,VNQ,3325
2014-03-25,147033.2054689604,183.2075670438935,146849.9979019165,VNQ,3325
2014-03-26,145374.96724874555,183.2075670438935,145191.75968170166,VNQ,3325
2014-03-27,146298.53044302046,183.2075670438935,146115.32287597656,VNQ,3325
2014-03-28,147180.16076833784,183.2075670438935,146996.95320129395,VNQ,3325
2014-03-31,148418.6136797148,183.2075670438935,148235.4061126709,VNQ,3325
2014-04-01,149090.27524740278,183.2075670438935,148907.0676803589,VNQ,3325
2014-04-02,149216.28948003828,183.2075670438935,149033.08191299438,VNQ,3325
2014-04-03,148901.3743951994,183.2075670438935,148718.16682815552,VNQ,3325
2014-04-04,149405.15228063642,183.2075670438935,149221.94471359253,VNQ,3325
2014-04-07,149887.91299612104,183.2075670438935,149704.70542907715,VNQ,3325
2014-04-08,150811.51424200117,183.2075670438935,150628.30667495728,VNQ,3325
2014-04-09,150433.71253759443,183.2075670438935,150250.50497055054,VNQ,3325
2014-04-10,149006.3334062773,183.2075670438935,148823.1258392334,VNQ,3325
2014-04-11,148103.73664648115,183.2075670438935,147920.52907943726,VNQ,3325
2014-04-14,148985.34160406172,183.2075670438935,148802.13403701782,VNQ,3325
2014-04-15,150748.60225469648,183.2075670438935,150565.3946876526,VNQ,3325
2014-04-16,151714.14905340254,183.2075670438935,151530.94148635864,VNQ,3325
2014-04-17,150832.48067647993,183.2075670438935,150649.27310943604,VNQ,3325
2014-04-21,151693.13188345014,183.2075670438935,151509.92431640625,VNQ,3325
2014-04-22,152028.97535116255,183.2075670438935,151845.76778411865,VNQ,3325
2014-04-23,151420.27650625288,183.2075670438935,151237.06893920898,VNQ,3325
2014-04-24,152049.97983724653,183.2075670438935,151866.77227020264,VNQ,3325
2014-04-25,151462.2347429472,183.2075670438935,151279.02717590332,VNQ,3325
2014-04-28,152637.69956380903,183.2075670438935,152454.49199676514,VNQ,3325
2014-04-29,152742.6332071501,183.2075670438935,152559.4256401062,VNQ,3325
2014-04-30,153288.38201314985,183.2075670438935,153105.17444610596,VNQ,3325
2014-05-01,153478.44619432985,163.900877633685,153314.54531669617,XLU,5137
2014-05-02,150333.76207033693,163.900877633685,150169.86119270325,XLU,5137
2014-05-05,151676.44764010012,163.900877633685,151512.54676246643,XLU,5137
2014-05-06,150934.47071329653,163.900877633685,150770.56983566284,XLU,5137
2014-05-07,153372.51947657167,163.900877633685,153208.618598938,XLU,5137
2014-05-08,151711.82839838564,163.900877633685,151547.92752075195,XLU,5137
2014-05-09,149485.75064722597,163.900877633685,149321.84976959229,XLU,5137
2014-05-12,148107.75290552675,163.900877633685,147943.85202789307,XLU,5137
2014-05-13,148461.10977808535,163.900877633685,148297.20890045166,XLU,5137
2014-05-14,149203.076906839,163.900877633685,149039.17602920532,XLU,5137
2014-05-15,148602.37806192934,163.900877633685,148438.47718429565,XLU,5137
2014-05-16,149061.75963274538,163.900877633685,148897.8587551117,XLU,5137
2014-05-19,146765.05753771364,163.900877633685,146601.15666007996,XLU,5137
2014-05-20,146765.05753771364,163.900877633685,146601.15666007996,XLU,5137
2014-05-21,146871.03324572145,163.900877633685,146707.13236808777,XLU,5137
2014-05-22,148072.401541391,163.900877633685,147908.50066375732,XLU,5137
2014-05-23,147719.01527468264,163.900877633685,147555.11439704895,XLU,5137
2014-05-27,148885.0518023163,163.900877633685,148721.15092468262,XLU,5137
2014-05-28,149768.42438761293,163.900877633685,149604.52350997925,XLU,5137
2014-05-29,150192.45459429323,163.900877633685,150028.55371665955,XLU,5137
2014-05-30,151181.79308954775,163.900877633685,151017.89221191406,XLU,5137
2014-06-02,150694.18942196714,207.80581601010635,150486.38360595703,XLE,2463
2014-06-03,151215.86128552305,207.80581601010635,151008.05546951294,XLE,2463
2014-06-04,151136.8818772589,207.80581601010635,150929.07606124878,XLE,2463
2014-06-05,152006.33185131894,207.80581601010635,151798.52603530884,XLE,2463
2014-06-06,153255.27947934018,207.80581601010635,153047.47366333008,XLE,2463
2014-06-09,153492.3680337225,207.80581601010635,153284.5622177124,XLE,2463
2014-06-10,153239.4384988104,207.80581601010635,153031.6326828003,XLE,2463
2014-06-11,153824.436702088,207.80581601010635,153616.63088607788,XLE,2463
2014-06-12,154330.2675851141,207.80581601010635,154122.461769104,XLE,2463
2014-06-13,155800.594325379,207.80581601010635,155592.7885093689,XLE,2463
2014-06-16,156733.23910076963,207.80581601010635,156525.43328475952,XLE,2463
2014-06-17,156622.55894024717,207.80581601010635,156414.75312423706,XLE,2463
2014-06-18,157808.30237133848,207.80581601010635,157600.49655532837,XLE,2463
2014-06-19,158930.7476495062,207.80581601010635,158722.9418334961,XLE,2463
2014-06-20,160509.4150460516,207.80581601010635,160301.6092300415,XLE,2463
2014-06-23,161081.21243222104,207.80581601010635,160873.40661621094,XLE,2463
2014-06-24,157698.25171597349,207.80581601010635,157490.44589996338,XLE,2463
2014-06-25,158889.46338589536,207.80581601010635,158681.65756988525,XLE,2463
2014-06-26,159064.1463692938,207.80581601010635,158856.3405532837,XLE,2463
2014-06-27,159064.1463692938,207.80581601010635,158856.3405532837,XLE,2463
2014-06-30,159191.21245510923,207.80581601010635,158983.40663909912,XLE,2463
2014-07-01,159286.52141507016,207.80581601010635,159078.71559906006,XLE,2463
2014-07-02,159048.26780636655,207.80581601010635,158840.46199035645,XLE,2463
2014-07-03,159651.7659447943,207.80581601010635,159443.96012878418,XLE,2463
2014-07-07,158428.81594021665,207.80581601010635,158221.01012420654,XLE,2463
2014-07-08,158174.72135098325,207.80581601010635,157966.91553497314,XLE,2463
2014-07-09,159222.98837216245,207.80581601010635,159015.18255615234,XLE,2463
2014-07-10,157698.25171597349,207.80581601010635,157490.44589996338,XLE,2463
2014-07-11,156491.152087525,207.80581601010635,156283.3462715149,XLE,2463
2014-07-14,157841.13999111997,207.80581601010635,157633.33417510986,XLE,2463
2014-07-15,157158.21145565854,207.80581601010635,156950.40563964844,XLE,2463
2014-07-16,159540.5784219061,207.80581601010635,159332.772605896,XLE,2463
2014-07-17,156967.6687005316,207.80581601010635,156759.86288452148,XLE,2463
2014-07-18,157428.22219021665,207.80581601010635,157220.41637420654,XLE,2463
2014-07-21,157666.494590119,207.80581601010635,157458.6887741089,XLE,2463
2014-07-22,158794.0792611395,207.80581601010635,158586.2734451294,XLE,2463
2014-07-23,159810.62673886167,207.80581601010635,159602.82092285156,XLE,2463
2014-07-24,159953.57138760434,207.80581601010635,159745.76557159424,XLE,2463
2014-07-25,158778.20069821225,207.80581601010635,158570.39488220215,XLE,2463
2014-07-28,158396.98364956724,207.80581601010635,158189.17783355713,XLE,2463
2014-07-29,157999.98199398862,207.80581601010635,157792.17617797852,XLE,2463
2014-07-30,157062.94947369443,207.80581601010635,156855.14365768433,XLE,2463
2014-07-31,153679.91359265195,207.80581601010635,153472.10777664185,XLE,2463
2014-08-01,152441.11321194516,207.80581601010635,152233.30739593506,XLE,2463
2014-08-04,154998.210139588,207.80581601010635,154790.40432357788,XLE,2463
2014-08-05,151615.2870057379,207.80581601010635,151407.48118972778,XLE,2463
2014-08-06,152059.9619324957,207.80581601010635,151852.1561164856,XLE,2463
2014-08-07,151107.0414536749,207.80581601010635,150899.2356376648,XLE,2463
2014-08-08,153632.3060906683,207.80581601010635,153424.5002746582,XLE,2463
2014-08-11,153648.22223599302,207.80581601010635,153440.4164199829,XLE,2463
2014-08-12,152520.5342133795,207.80581601010635,152312.72839736938,XLE,2463
2014-08-13,153012.89180691587,207.80581601010635,152805.08599090576,XLE,2463
2014-08-14,152139.3923295294,207.80581601010635,151931.5865135193,XLE,2463
2014-08-15,153267.07095654355,207.80581601010635,153059.26514053345,XLE,2463
2014-08-18,153679.91359265195,207.80581601010635,153472.10777664185,XLE,2463
2014-08-19,154855.24669964658,207.80581601010635,154647.44088363647,XLE,2463
2014-08-20,155188.78108151304,207.80581601010635,154980.97526550293,XLE,2463
2014-08-21,155315.8377717291,207.80581601010635,155108.031955719,XLE,2463
2014-08-22,154283.4868958746,207.80581601010635,154075.6810798645,XLE,2463
2014-08-25,155649.3627579962,207.80581601010635,155441.55694198608,XLE,2463
2014-08-26,156443.5070031439,207.80581601010635,156235.7011871338,XLE,2463
2014-08-27,156125.83239300596,207.80581601010635,155918.02657699585,XLE,2463
2014-08-28,156157.69287045347,207.80581601010635,155949.88705444336,XLE,2463
2014-08-29,157031.12657864438,207.80581601010635,156823.32076263428,XLE,2463
2014-09-02,154582.0240788275,155.52969787656912,154426.49438095093,XLK,4403
2014-09-03,153738.8760495001,155.52969787656912,153583.34635162354,XLK,4403
2014-09-04,153662.21859405577,155.52969787656912,153506.6888961792,XLK,4403
2014-09-05,154582.0240788275,155.52969787656912,154426.49438095093,XLK,4403
2014-09-08,154812.06362960875,155.52969787656912,154656.53393173218,XLK,4403
2014-09-09,153700.4801373297,155.52969787656912,153544.95043945312,XLK,4403
2014-09-10,154620.43678710997,155.52969787656912,154464.9070892334,XLK,4403
2014-09-11,154965.3449482733,155.52969787656912,154809.81525039673,XLK,4403
2014-09-12,154313.75657699644,155.52969787656912,154158.22687911987,XLK,4403
2014-09-15,153393.8671116644,155.52969787656912,153238.33741378784,XLK,4403
2014-09-16,154543.81292388975,155.52969787656912,154388.28322601318,XLK,4403
2014-09-17,154850.34196899473,155.52969787656912,154694.81227111816,XLK,4403
2014-09-18,155770.23143432676,155.52969787656912,155614.7017364502,XLK,4403
2014-09-19,155439.23045394957,155.52969787656912,155283.700756073,XLK,4403
2014-09-22,154399.92063186705,155.52969787656912,154244.39093399048,XLK,4403
2014-09-23,154053.43363617003,155.52969787656912,153897.90393829346,XLK,4403
2014-09-24,155054.29715774595,155.52969787656912,154898.76745986938,XLK,4403
2014-09-25,151666.8404812628,155.52969787656912,151511.31078338623,XLK,4403
2014-09-26,153322.0973248297,155.52969787656912,153166.56762695312,XLK,4403
2014-09-29,153283.60063598692,155.52969787656912,153128.07093811035,XLK,4403
2014-09-30,153745.46012542784,155.52969787656912,153589.93042755127,XLK,4403
2014-10-01,150905.89694053328,151.57544547712314,150754.32149505615,XLV,2854
2014-10-02,150595.99432975447,151.57544547712314,150444.41888427734,XLV,2854
2014-10-03,153694.98777610456,151.57544547712314,153543.41233062744,XLV,2854
2014-10-06,152979.81115562117,151.57544547712314,152828.23571014404,XLV,2854
2014-10-07,150548.33040458357,151.57544547712314,150396.75495910645,XLV,2854
2014-10-08,154386.27799827253,151.57544547712314,154234.7025527954,XLV,2854
2014-10-09,151191.95670158064,151.57544547712314,151040.38125610352,XLV,2854
2014-10-10,150262.2488692442,151.57544547712314,150110.6734237671,XLV,2854
2014-10-13,146710.32837516462,151.57544547712314,146558.7529296875,XLV,2854
2014-10-14,145613.76414329206,151.57544547712314,145462.18869781494,XLV,2854
2014-10-15,144421.82851249372,151.57544547712314,144270.2530670166,XLV,2854
2014-10-16,143682.84170371687,151.57544547712314,143531.26625823975,XLV,2854
2014-10-17,145971.35245353376,151.57544547712314,145819.77700805664,XLV,2854
2014-10-20,147735.34228355085,151.57544547712314,147583.76683807373,XLV,2854
2014-10-21,151644.87286216413,151.57544547712314,151493.297416687,XLV,2854
2014-10-22,150882.02142936384,151.57544547712314,150730.44598388672,XLV,2854
2014-10-23,153456.5919402281,151.57544547712314,153305.01649475098,XLV,2854
2014-10-24,155602.04559165632,151.57544547712314,155450.4701461792,XLV,2854
2014-10-27,155768.89110404646,151.57544547712314,155617.31565856934,XLV,2854
2014-10-28,156913.1628096739,151.57544547712314,156761.58736419678,XLV,2854
2014-10-29,156984.70224601423,151.57544547712314,156833.1268005371,XLV,2854
2014-10-30,159869.1318190733,151.57544547712314,159717.5563735962,XLV,2854
2014-10-31,160512.77989036238,151.57544547712314,160361.20444488525,XLV,2854
2014-11-03,160222.58321170864,162.70720462856116,160059.87600708008,XLU,4996
2014-11-04,159383.24934177456,162.70720462856116,159220.542137146,XLU,4996
2014-11-05,162985.26387577114,162.70720462856116,162822.55667114258,XLU,4996
2014-11-06,160222.58321170864,162.70720462856116,160059.87600708008,XLU,4996
2014-11-07,161901.17471866665,162.70720462856116,161738.4675140381,XLU,4996
2014-11-10,162705.52721195278,162.70720462856116,162542.82000732422,XLU,4996
2014-11-11,162111.08203678188,162.70720462856116,161948.37483215332,XLU,4996
2014-11-12,159278.39097385464,162.70720462856116,159115.68376922607,XLU,4996
2014-11-13,157984.52790622768,162.70720462856116,157821.82070159912,XLU,4996
2014-11-14,157319.99609928188,162.70720462856116,157157.28889465332,XLU,4996
2014-11-17,159383.24934177456,162.70720462856116,159220.542137146,XLU,4996
2014-11-18,159837.9405344015,162.70720462856116,159675.23332977295,XLU,4996
2014-11-19,159698.00549869594,162.70720462856116,159535.29829406738,XLU,4996
2014-11-20,159348.35372715053,162.70720462856116,159185.64652252197,XLU,4996
2014-11-21,159977.87557010708,162.70720462856116,159815.16836547852,XLU,4996
2014-11-24,158648.94536380825,162.70720462856116,158486.2381591797,XLU,4996
2014-11-25,158648.94536380825,162.70720462856116,158486.2381591797,XLU,4996
2014-11-26,159348.35372715053,162.70720462856116,159185.64652252197,XLU,4996
2014-11-28,161026.8975885397,162.70720462856116,160864.19038391113,XLU,4996
2014-12-01,161341.66327457485,162.70720462856116,161178.9560699463,XLU,4996
2014-12-02,162425.7333734518,162.70720462856116,162263.02616882324,XLU,4996
2014-12-03,161971.17558841762,162.70720462856116,161808.46838378906,XLU,4996
2014-12-04,161831.25008182583,162.70720462856116,161668.54287719727,XLU,4996
2014-12-05,160572.3779199606,162.70720462856116,160409.67071533203,XLU,4996
2014-12-08,161866.18381290493,162.70720462856116,161703.47660827637,XLU,4996
2014-12-09,162670.5553644186,162.70720462856116,162507.84815979004,XLU,4996
2014-12-10,160642.26444034633,162.70720462856116,160479.55723571777,XLU,4996
2014-12-11,162250.91225223598,162.70720462856116,162088.20504760742,XLU,4996
2014-12-12,160712.17001895962,162.70720462856116,160549.46281433105,XLU,4996
2014-12-15,159348.35372715053,162.70720462856116,159185.64652252197,XLU,4996
2014-12-16,159208.4377496725,162.70720462856116,159045.73054504395,XLU,4996
2014-12-17,162041.10022525844,162.70720462856116,161878.39302062988,XLU,4996
2014-12-18,165223.36682682094,162.70720462856116,165060.65962219238,XLU,4996
2014-12-19,165495.11809330044,162.70720462856116,165332.41088867188,XLU,4996
2014-12-22,165918.47755985317,162.70720462856116,165755.7703552246,XLU,4996
2014-12-23,166341.85608463344,162.70720462856116,166179.14888000488,XLU,4996
2014-12-24,169411.3932703024,162.70720462856116,169248.68606567383,XLU,4996
2014-12-26,171457.73233585415,162.70720462856116,171295.0251312256,XLU,4996
2014-12-29,173433.5750177389,162.70720462856116,173270.86781311035,XLU,4996
2014-12-30,169834.75273685512,162.70720462856116,169672.04553222656,XLU,4996
2014-12-31,166765.23460941372,162.70720462856116,166602.52740478516,XLU,4996
2015-01-02,167040.08679772244,184.6157589040813,166855.47103881836,XLV,2900
2015-01-05,166189.16097069607,184.6157589040813,166004.545211792,XLV,2900
2015-01-06,165629.98967553006,184.6157589040813,165445.37391662598,XLV,2900
2015-01-07,169519.9505367361,184.6157589040813,169335.33477783203,XLV,2900
2015-01-08,172413.14702416287,184.6157589040813,172228.5312652588,XLV,2900
2015-01-09,170881.47168541775,184.6157589040813,170696.85592651367,XLV,2900
2015-01-12,170954.40755272732,184.6157589040813,170769.79179382324,XLV,2900
2015-01-13,170200.73323632107,184.6157589040813,170016.117477417,XLV,2900
2015-01-14,169933.22797203885,184.6157589040813,169748.61221313477,XLV,2900
2015-01-15,168109.82022667752,184.6157589040813,167925.20446777344,XLV,2900
2015-01-16,171270.45560265408,184.6157589040813,171085.83984375,XLV,2900
2015-01-20,171270.45560265408,184.6157589040813,171085.83984375,XLV,2900
2015-01-21,171610.83035851346,184.6157589040813,171426.21459960938,XLV,2900
2015-01-22,173653.06783104764,184.6157589040813,173468.45207214355,XLV,2900
2015-01-23,172656.32558251248,184.6157589040813,172471.7098236084,XLV,2900
2015-01-26,173555.7831325613,184.6157589040813,173371.16737365723,XLV,2900
2015-01-27,172315.8733882986,184.6157589040813,172131.25762939453,XLV,2900
2015-01-28,169835.99858666287,184.6157589040813,169651.3828277588,XLV,2900
2015-01-29,171270.45560265408,184.6157589040813,171085.83984375,XLV,2900
2015-01-30,168596.05565453396,184.6157589040813,168411.43989562988,XLV,2900
2015-02-02,169036.9876447092,174.12774709568475,168862.85989761353,VNQ,3001
2015-02-03,170504.16278890477,174.12774709568475,170330.03504180908,VNQ,3001
2015-02-04,169799.9333730112,174.12774709568475,169625.80562591553,VNQ,3001
2015-02-05,171834.4324193369,174.12774709568475,171660.3046722412,VNQ,3001
2015-02-06,166846.0186124216,174.12774709568475,166671.89086532593,VNQ,3001
2015-02-09,165672.27620748387,174.12774709568475,165498.14846038818,VNQ,3001
2015-02-10,166200.48261312352,174.12774709568475,166026.35486602783,VNQ,3001
2015-02-11,165711.40515188084,174.12774709568475,165537.27740478516,VNQ,3001
2015-02-12,167687.19933370457,174.12774709568475,167513.0715866089,VNQ,3001
2015-02-13,166572.16179326878,174.12774709568475,166398.0340461731,VNQ,3001
2015-02-17,166161.31932500706,174.12774709568475,165987.19157791138,VNQ,3001
2015-02-18,167706.76380590306,174.12774709568475,167532.63605880737,VNQ,3001
2015-02-19,164107.2672543894,174.12774709568475,163933.1395072937,VNQ,3001
2015-02-20,165691.81778386937,174.12774709568475,165517.69003677368,VNQ,3001
2015-02-23,167022.11031011448,174.12774709568475,166847.9825630188,VNQ,3001
2015-02-24,163735.59952215062,174.12774709568475,163561.47177505493,VNQ,3001
2015-02-25,163774.7055707346,174.12774709568475,163600.57782363892,VNQ,3001
2015-02-26,161994.54466298924,174.12774709568475,161820.41691589355,VNQ,3001
2015-02-27,163266.09798101292,174.12774709568475,163091.97023391724,VNQ,3001
2015-03-02,164205.07816747532,174.12774709568475,164030.95042037964,VNQ,3001
2015-03-03,163892.1152997385,174.12774709568475,163717.98755264282,VNQ,3001
2015-03-04,162327.03765920506,174.12774709568475,162152.90991210938,VNQ,3001
2015-03-05,162796.6193356882,174.12774709568475,162622.49158859253,VNQ,3001
2015-03-06,157397.4088521372,174.12774709568475,157223.2811050415,VNQ,3001
2015-03-09,158649.32901052342,174.12774709568475,158475.20126342773,VNQ,3001
2015-03-10,158532.02231267796,174.12774709568475,158357.89456558228,VNQ,3001
2015-03-11,158668.9278264414,174.12774709568475,158494.8000793457,VNQ,3001
2015-03-12,161427.20931295262,174.12774709568475,161253.08156585693,VNQ,3001
2015-03-13,161329.3869519602,174.12774709568475,161155.2592048645,VNQ,3001
2015-03-16,162992.2068181406,174.12774709568475,162818.07907104492,VNQ,3001
2015-03-17,162933.52484945164,174.12774709568475,162759.39710235596,VNQ,3001
2015-03-18,166337.35378316746,174.12774709568475,166163.22603607178,VNQ,3001
2015-03-19,166259.07299856053,174.12774709568475,166084.94525146484,VNQ,3001
2015-03-20,170425.9277959238,174.12774709568475,170251.80004882812,VNQ,3001
2015-03-23,170210.71860174046,174.12774709568475,170036.59085464478,VNQ,3001
2015-03-24,168763.0735860239,174.12774709568475,168588.94583892822,VNQ,3001
2015-03-25,165854.56122259007,174.12774709568475,165680.43347549438,VNQ,3001
2015-03-26,164988.64157537327,174.12774709568475,164814.5138282776,VNQ,3001
2015-03-27,165205.11003927098,174.12774709568475,165030.9822921753,VNQ,3001
2015-03-30,167566.68722204075,174.12774709568475,167392.55947494507,VNQ,3001
2015-03-31,166090.67429403172,174.12774709568475,165916.54654693604,VNQ,3001
2015-04-01,165358.30912523327,204.01102953014197,165154.29809570312,XLY,2474
2015-04-02,166833.3244145399,204.01102953014197,166629.31338500977,XLY,2474
2015-04-06,167625.81528978405,204.01102953014197,167421.8042602539,XLY,2474
2015-04-07,166701.17968492565,204.01102953014197,166497.1686553955,XLY,2474
2015-04-08,168264.26629381237,204.01102953014197,168060.25526428223,XLY,2474
2015-04-09,168418.34391527233,204.01102953014197,168214.3328857422,XLY,2474
2015-04-10,168990.73199205456,204.01102953014197,168786.7209625244,XLY,2474
2015-04-13,168066.17188768444,204.01102953014197,167862.1608581543,XLY,2474
2015-04-14,167978.006192494,204.01102953014197,167773.99516296387,XLY,2474
2015-04-15,167978.006192494,204.01102953014197,167773.99516296387,XLY,2474
2015-04-16,168308.3019536024,204.01102953014197,168104.29092407227,XLY,2474
2015-04-17,165820.56086473522,204.01102953014197,165616.54983520508,XLY,2474
2015-04-20,167647.82368211803,204.01102953014197,167443.8126525879,XLY,2474
2015-04-21,167823.92857103405,204.01102953014197,167619.9175415039,XLY,2474
2015-04-22,167978.006192494,204.01102953014197,167773.99516296387,XLY,2474
2015-04-23,168814.5893528944,204.01102953014197,168610.57832336426,XLY,2474
2015-04-24,171104.1416600233,204.01102953014197,170900.13063049316,XLY,2474
2015-04-27,169607.0991032606,204.01102953014197,169403.08807373047,XLY,2474
2015-04-28,169012.74038438854,204.01102953014197,168808.7293548584,XLY,2474
2015-04-29,167867.98310594616,204.01102953014197,167663.97207641602,XLY,2474
2015-04-30,165996.77900438366,204.01102953014197,165792.76797485352,XLY,2474
2015-05-01,167782.72753795874,179.45694240820012,167603.27059555054,XLV,2743
2015-05-04,168843.43428692114,179.45694240820012,168663.97734451294,XLV,2743
2015-05-05,166721.94754299414,179.45694240820012,166542.49060058594,XLV,2743
2015-05-06,166076.15846905005,179.45694240820012,165896.70152664185,XLV,2743
2015-05-07,166860.27785000097,179.45694240820012,166680.82090759277,XLV,2743
2015-05-08,169558.28387722265,179.45694240820012,169378.82693481445,XLV,2743
2015-05-11,169650.552912562,179.45694240820012,169471.0959701538,XLV,2743
2015-05-12,168566.72135433447,179.45694240820012,168387.26441192627,XLV,2743
2015-05-13,168751.22803386938,179.45694240820012,168571.77109146118,XLV,2743
2015-05-14,171080.22070202124,179.45694240820012,170900.76375961304,XLV,2743
2015-05-15,171426.20342525732,179.45694240820012,171246.74648284912,XLV,2743
2015-05-18,172440.86982998144,179.45694240820012,172261.41288757324,XLV,2743
2015-05-19,173247.9466007639,179.45694240820012,173068.4896583557,XLV,2743
2015-05-20,173478.5668705393,179.45694240820012,173299.1099281311,XLV,2743
2015-05-21,173501.63936123144,179.45694240820012,173322.18241882324,XLV,2743
2015-05-22,173086.56473049414,179.45694240820012,172907.10778808594,XLV,2743
2015-05-26,171333.95531734716,179.45694240820012,171154.49837493896,XLV,2743
2015-05-27,173317.17453655493,179.45694240820012,173137.71759414673,XLV,2743
2015-05-28,173432.45328029883,179.45694240820012,173252.99633789062,XLV,2743
2015-05-29,172994.27476772558,179.45694240820012,172814.81782531738,XLV,2743
2015-06-01,173166.46586028923,198.8052691637422,172967.6605911255,XLE,3369
2015-06-02,174360.9942225634,198.8052691637422,174162.18895339966,XLE,3369
2015-06-03,173166.46586028923,198.8052691637422,172967.6605911255,XLE,3369
2015-06-04,170821.5547770678,198.8052691637422,170622.74950790405,XLE,3369
2015-06-05,172016.1602496325,198.8052691637422,171817.35498046875,XLE,3369
2015-06-08,171042.78420059074,198.8052691637422,170843.978931427,XLE,3369
2015-06-09,171020.62784377922,198.8052691637422,170821.82257461548,XLE,3369
2015-06-10,173122.2431086718,198.8052691637422,172923.43783950806,XLE,3369
2015-06-11,172347.94012634148,198.8052691637422,172149.13485717773,XLE,3369
2015-06-12,170423.30582992424,198.8052691637422,170224.5005607605,XLE,3369
2015-06-15,170025.17254821648,198.8052691637422,169826.36727905273,XLE,3369
2015-06-16,171352.48483077873,198.8052691637422,171153.679561615,XLE,3369
2015-06-17,170932.10523025383,198.8052691637422,170733.2999610901,XLE,3369
2015-06-18,170821.5547770678,198.8052691637422,170622.74950790405,XLE,3369
2015-06-19,169238.24918166985,198.8052691637422,169039.4439125061,XLE,3369
2015-06-22,171309.2259577929,198.8052691637422,171110.42068862915,XLE,3369
2015-06-23,171865.8594416796,198.8052691637422,171667.05417251587,XLE,3369
2015-06-24,170797.09796325554,198.8052691637422,170598.2926940918,XLE,3369
2015-06-25,169060.12441055168,198.8052691637422,168861.31914138794,XLE,3369
2015-06-26,169616.8607081591,198.8052691637422,169418.05543899536,XLE,3369
2015-06-29,166410.17786971916,198.8052691637422,166211.37260055542,XLE,3369
2015-06-30,167568.14310256828,198.8052691637422,167369.33783340454,XLE,3369
2015-07-01,164935.4110491053,207.48230765023618,164727.92874145508,XLV,2597
2015-07-02,164168.55779669443,207.48230765023618,163961.0754890442,XLV,2597
2015-07-06,164102.836292483,207.48230765023618,163895.35398483276,XLV,2597
2015-07-07,164891.5438768641,207.48230765023618,164684.06156921387,XLV,2597
2015-07-08,162065.3904077784,207.48230765023618,161857.90810012817,XLV,2597
2015-07-09,162941.72336218515,207.48230765023618,162734.2410545349,XLV,2597
2015-07-10,165132.4963075892,207.48230765023618,164925.01399993896,XLV,2597
2015-07-13,166534.64092276254,207.48230765023618,166327.1586151123,XLV,2597
2015-07-14,168199.651741244,207.48230765023618,167992.16943359375,XLV,2597
2015-07-15,168418.69039938608,207.48230765023618,168211.20809173584,XLV,2597
2015-07-16,169207.44751761117,207.48230765023618,168999.96520996094,XLV,2597
2015-07-17,168835.03226492563,207.48230765023618,168627.5499572754,XLV,2597
2015-07-20,169382.75769827524,207.48230765023618,169175.275390625,XLV,2597
2015-07-21,168637.82812521615,207.48230765023618,168430.34581756592,XLV,2597
2015-07-22,169010.3226320521,207.48230765023618,168802.84032440186,XLV,2597
2015-07-23,168396.85588095346,207.48230765023618,168189.37357330322,XLV,2597
2015-07-24,164190.46166250863,207.48230765023618,163982.9793548584,XLV,2597
2015-07-27,164037.07516119638,207.48230765023618,163829.59285354614,XLV,2597
2015-07-28,166994.73107931772,207.48230765023618,166787.24877166748,XLV,2597
2015-07-29,167279.59030935922,207.48230765023618,167072.10800170898,XLV,2597
2015-07-30,167038.59825155893,207.48230765023618,166831.1159439087,XLV,2597
2015-07-31,168002.5070421473,207.48230765023618,167795.02473449707,XLV,2597
2015-08-03,167368.82956873954,222.62384974540328,167146.20571899414,XLY,2342
2015-08-04,168079.62027918876,222.62384974540328,167856.99642944336,XLY,2342
2015-08-05,166260.76081263603,222.62384974540328,166038.13696289062,XLY,2342
2015-08-06,164002.88355433525,222.62384974540328,163780.25970458984,XLY,2342
2015-08-07,163877.36055934013,222.62384974540328,163654.73670959473,XLY,2342
2015-08-10,165194.52114283622,222.62384974540328,164971.89729309082,XLY,2342
2015-08-11,163710.16929041923,222.62384974540328,163487.54544067383,XLY,2342
2015-08-12,162999.36071192802,222.62384974540328,162776.73686218262,XLY,2342
2015-08-13,163940.18459498466,222.62384974540328,163717.56074523926,XLY,2342
2015-08-14,164044.74837672294,222.62384974540328,163822.12452697754,XLY,2342
2015-08-17,165612.6333254534,222.62384974540328,165390.009475708,XLY,2342
2015-08-18,165759.0440615374,222.62384974540328,165536.420211792,XLY,2342
2015-08-19,165466.36553370536,222.62384974540328,165243.74168395996,XLY,2342
2015-08-20,160825.12375819267,222.62384974540328,160602.49990844727,XLY,2342
2015-08-21,155682.11162745536,222.62384974540328,155459.48777770996,XLY,2342
2015-08-24,149472.94916712822,222.62384974540328,149250.3253173828,XLY,2342
2015-08-25,148866.71330439628,222.62384974540328,148644.08945465088,XLY,2342
2015-08-26,154511.41538416923,222.62384974540328,154288.79153442383,XLY,2342
2015-08-27,158128.19297205986,222.62384974540328,157905.56912231445,XLY,2342
2015-08-28,158190.94553553642,222.62384974540328,157968.32168579102,XLY,2342
2015-08-31,156978.3666018206,222.62384974540328,156755.7427520752,XLY,2342
2015-09-01,152548.34658280815,160.00326005424722,152388.3433227539,XLU,5136
2015-09-02,152659.0234016558,160.00326005424722,152499.02014160156,XLU,5136
2015-09-03,153359.9178108355,160.00326005424722,153199.91455078125,XLU,5136
2015-09-04,151257.23458329643,160.00326005424722,151097.2313232422,XLU,5136
2015-09-08,154466.58803788628,160.00326005424722,154306.58477783203,XLU,5136
2015-09-09,152548.34658280815,160.00326005424722,152388.3433227539,XLU,5136
2015-09-10,152290.10067216362,160.00326005424722,152130.09741210938,XLU,5136
2015-09-11,153433.7219490191,160.00326005424722,153273.71868896484,XLU,5136
2015-09-14,153802.60549394097,160.00326005424722,153642.60223388672,XLU,5136
2015-09-15,154614.10814897026,160.00326005424722,154454.10488891602,XLU,5136
2015-09-16,156163.5150398394,160.00326005424722,156003.51177978516,XLU,5136
2015-09-17,158303.02196732964,160.00326005424722,158143.0187072754,XLU,5136
2015-09-18,157413.0815986773,160.00326005424722,157253.07833862305,XLU,5136
2015-09-21,158046.1181282183,160.00326005424722,157886.11486816406,XLU,5136
2015-09-22,156072.50887528862,160.00326005424722,155912.50561523438,XLU,5136
2015-09-23,156482.16396562065,160.00326005424722,156322.1607055664,XLU,5136
2015-09-24,157748.1880439898,160.00326005424722,157588.18478393555,XLU,5136
2015-09-25,159274.93645707573,160.00326005424722,159114.93319702148,XLU,5136
2015-09-28,158492.96917191948,160.00326005424722,158332.96591186523,XLU,5136
2015-09-29,158530.14553300347,160.00326005424722,158370.14227294922,XLU,5136
2015-09-30,161360.27071610893,160.00326005424722,161200.2674560547,XLU,5136
2015-10-01,159461.13173905815,160.00326005424722,159301.1284790039,XLU,5136
2015-10-02,161583.67174760308,160.00326005424722,161423.66848754883,XLU,5136
2015-10-05,163668.92763749565,160.00326005424722,163508.9243774414,XLU,5136
2015-10-06,162551.84411088433,160.00326005424722,162391.84085083008,XLU,5136
2015-10-07,161993.2386726519,160.00326005424722,161833.23541259766,XLU,5136
2015-10-08,164004.02428666558,160.00326005424722,163844.02102661133,XLU,5136
2015-10-09,163222.0276130816,160.00326005424722,163062.02435302734,XLU,5136
2015-10-12,164674.30575028862,160.00326005424722,164514.30249023438,XLU,5136
2015-10-13,164301.98375932183,160.00326005424722,164141.98049926758,XLU,5136
2015-10-14,164264.7388252398,160.00326005424722,164104.73556518555,XLU,5136
2015-10-15,166685.14034501518,160.00326005424722,166525.13708496094,XLU,5136
2015-10-16,166908.5511726519,160.00326005424722,166748.54791259766,XLU,5136
2015-10-19,167020.285974898,160.00326005424722,166860.28271484375,XLU,5136
2015-10-20,167578.82284013237,160.00326005424722,167418.81958007812,XLU,5136
2015-10-21,167243.63802567925,160.00326005424722,167083.634765625,XLU,5136
2015-10-22,169180.08071366753,160.00326005424722,169020.07745361328,XLU,5136
2015-10-23,166201.0345710894,160.00326005424722,166041.03131103516,XLU,5136
2015-10-26,165605.2919563433,160.00326005424722,165445.28869628906,XLU,5136
2015-10-27,165009.45138017143,160.00326005424722,164849.4481201172,XLU,5136
2015-10-28,163259.31173173393,160.00326005424722,163099.3084716797,XLU,5136
2015-10-29,162328.3451179644,160.00326005424722,162168.34185791016,XLU,5136
2015-10-30,163073.1164497515,160.00326005424722,162913.11318969727,XLU,5136
2015-11-02,162770.83302653756,217.6713672968326,162553.16165924072,VNQ,2978
2015-11-03,161137.11584056343,217.6713672968326,160919.4444732666,VNQ,2978
2015-11-04,160419.8802448603,217.6713672968326,160202.20887756348,VNQ,2978
2015-11-05,161057.43561900582,217.6713672968326,160839.76425170898,VNQ,2978
2015-11-06,156056.70082438912,217.6713672968326,155839.02945709229,VNQ,2978
2015-11-09,153387.0044361445,217.6713672968326,153169.33306884766,VNQ,2978
2015-11-10,155140.2533146235,217.6713672968326,154922.58194732666,VNQ,2978
2015-11-11,155319.505412707,217.6713672968326,155101.83404541016,VNQ,2978
2015-11-12,154263.62319529976,217.6713672968326,154045.95182800293,VNQ,2978
2015-11-13,152510.3629566523,217.6713672968326,152292.69158935547,VNQ,2978
2015-11-16,154263.62319529976,217.6713672968326,154045.95182800293,VNQ,2978
2015-11-17,154263.62319529976,217.6713672968326,154045.95182800293,VNQ,2978
2015-11-18,155618.40280497994,217.6713672968326,155400.7314376831,VNQ,2978
2015-11-19,156096.5977360102,217.6713672968326,155878.92636871338,VNQ,2978
2015-11-20,158049.00172770943,217.6713672968326,157831.3303604126,VNQ,2978
2015-11-23,158387.75059092965,217.6713672968326,158170.0792236328,VNQ,2978
2015-11-24,157550.96058238472,217.6713672968326,157333.2892150879,VNQ,2978
2015-11-25,158188.50459636177,217.6713672968326,157970.83322906494,VNQ,2978
2015-11-27,159563.16450084175,217.6713672968326,159345.49313354492,VNQ,2978
2015-11-30,158387.75059092965,217.6713672968326,158170.0792236328,VNQ,2978
2015-12-01,160098.7972812983,172.32423594917054,159926.47304534912,XLK,4050
2015-12-02,159089.15544322456,172.32423594917054,158916.8312072754,XLK,4050
2015-12-03,157033.7353306147,172.32423594917054,156861.41109466553,XLK,4050
2015-12-04,160892.14578441108,172.32423594917054,160719.8215484619,XLK,4050
2015-12-07,160098.7972812983,172.32423594917054,159926.47304534912,XLK,4050
2015-12-08,159702.14620402778,172.32423594917054,159529.8219680786,XLK,4050
2015-12-09,157358.2989292475,172.32423594917054,157185.97469329834,XLK,4050
2015-12-10,157790.99374583687,172.32423594917054,157618.6695098877,XLK,4050
2015-12-11,154509.499414477,172.32423594917054,154337.17517852783,XLK,4050
2015-12-14,155699.4989948603,172.32423594917054,155527.17475891113,XLK,4050
2015-12-15,156384.63903239692,172.32423594917054,156212.31479644775,XLK,4050
2015-12-16,158512.23932078804,172.32423594917054,158339.91508483887,XLK,4050
2015-12-17,156024.03169444526,172.32423594917054,155851.7074584961,XLK,4050
2015-12-18,153001.51773265327,172.32423594917054,152829.1934967041,XLK,4050
2015-12-21,154559.91121104683,172.32423594917054,154387.58697509766,XLK,4050
2015-12-22,155683.41604045357,172.32423594917054,155511.0918045044,XLK,4050
2015-12-23,156988.1283359858,172.32423594917054,156815.80410003662,XLK,4050
2015-12-24,156915.60827067817,172.32423594917054,156743.284034729,XLK,4050
2015-12-28,156806.87452128853,172.32423594917054,156634.55028533936,XLK,4050
2015-12-29,158945.08863261665,172.32423594917054,158772.76439666748,XLK,4050
2015-12-30,157604.19355205024,172.32423594917054,157431.86931610107,XLK,4050
2015-12-31,155393.44392589058,172.32423594917054,155221.1196899414,XLK,4050
2016-01-04,153363.88631633247,172.32423594917054,153191.5620803833,XLK,4050
2016-01-05,152965.2731495234,172.32423594917054,152792.94891357422,XLK,4050
2016-01-06,151080.72477153267,172.32423594917054,150908.4005355835,XLK,4050
2016-01-07,146623.04273417915,172.32423594917054,146450.71849822998,XLK,4050
2016-01-08,145463.29332164253,172.32423594917054,145290.96908569336,XLK,4050
2016-01-11,146405.63703349556,172.32423594917054,146233.3127975464,XLK,4050
2016-01-12,148145.19162944282,172.32423594917054,147972.86739349365,XLK,4050
2016-01-13,144158.7046223017,172.32423594917054,143986.38038635254,XLK,4050
2016-01-14,146876.72391704048,172.32423594917054,146704.3996810913,XLK,4050
2016-01-15,142745.21222880806,172.32423594917054,142572.8879928589,XLK,4050
2016-01-19,142890.2060108515,172.32423594917054,142717.88177490234,XLK,4050
2016-01-20,141766.76297954048,172.32423594917054,141594.4387435913,XLK,4050
2016-01-21,142564.05111125435,172.32423594917054,142391.72687530518,XLK,4050
2016-01-22,146514.32443431343,172.32423594917054,146342.00019836426,XLK,4050
2016-01-25,144810.99897197212,172.32423594917054,144638.67473602295,XLK,4050
2016-01-26,146224.3832187983,172.32423594917054,146052.05898284912,XLK,4050
2016-01-27,143216.42270854439,172.32423594917054,143044.09847259521,XLK,4050
2016-01-28,145064.72650340523,172.32423594917054,144892.40226745605,XLK,4050
2016-01-29,149631.11139110054,172.32423594917054,149458.78715515137,XLK,4050
2016-02-01,149725.3458876387,166.67358157789567,149558.6723060608,XLU,4453
2016-02-02,150377.74273059523,166.67358157789567,150211.06914901733,XLU,4453
2016-02-03,152237.07203433668,166.67358157789567,152070.3984527588,XLU,4453
2016-02-04,151584.67519138014,166.67358157789567,151418.00160980225,XLU,4453
2016-02-05,152073.94734332716,166.67358157789567,151907.27376174927,XLU,4453
2016-02-08,151552.04345843947,166.67358157789567,151385.36987686157,XLU,4453
2016-02-09,152073.94734332716,166.67358157789567,151907.27376174927,XLU,4453
2016-02-10,151910.8736128584,166.67358157789567,151744.20003128052,XLU,4453
2016-02-11,149236.0907225386,166.67358157789567,149069.4171409607,XLU,4453
2016-02-12,148779.4163298384,166.67358157789567,148612.7427482605,XLU,4453
2016-02-16,149725.3458876387,166.67358157789567,149558.6723060608,XLU,4453
2016-02-17,149431.7791991011,166.67358157789567,149265.1056175232,XLU,4453
2016-02-18,151878.2758536116,166.67358157789567,151711.6022720337,XLU,4453
2016-02-19,150867.08282992995,166.67358157789567,150700.40924835205,XLU,4453
2016-02-22,152628.4659743086,166.67358157789567,152461.7923927307,XLU,4453
2016-02-23,152758.9249586836,166.67358157789567,152592.2513771057,XLU,4453
2016-02-24,153476.5852675215,166.67358157789567,153309.9116859436,XLU,4453
2016-02-25,155042.27993533766,166.67358157789567,154875.60635375977,XLU,4453
2016-02-26,150769.22160480177,166.67358157789567,150602.54802322388,XLU,4453
2016-02-29,151193.24727771437,166.67358157789567,151026.57369613647,XLU,4453
2016-03-01,150443.0231833235,166.67358157789567,150276.3496017456,XLU,4453
2016-03-02,151225.89599750197,166.67358157789567,151059.22241592407,XLU,4453
2016-03-03,152139.26176974928,166.67358157789567,151972.5881881714,XLU,4453
2016-03-04,153835.41542194044,166.67358157789567,153668.74184036255,XLU,4453
2016-03-07,154683.46676776564,166.67358157789567,154516.79318618774,XLU,4453
2016-03-08,156216.6486105696,166.67358157789567,156049.9750289917,XLU,4453
2016-03-09,156934.22398517287,166.67358157789567,156767.55040359497,XLU,4453
2016-03-10,157064.6999563948,166.67358157789567,156898.0263748169,XLU,4453
2016-03-11,157227.87560794508,166.67358157789567,157061.2020263672,XLU,4453
2016-03-14,157423.47915027296,166.67358157789567,157256.80556869507,XLU,4453
2016-03-15,157717.0628256575,166.67358157789567,157550.3892440796,XLU,4453
2016-03-16,160130.9277472273,166.67358157789567,159964.2541656494,XLU,4453
2016-03-17,161011.5598654524,166.67358157789567,160844.8862838745,XLU,4453
2016-03-18,159986.18282458937,166.67358157789567,159819.50924301147,XLU,4453
2016-03-21,159821.90302798903,166.67358157789567,159655.22944641113,XLU,4453
2016-03-22,159296.1261420027,166.67358157789567,159129.4525604248,XLU,4453
2016-03-23,160479.20906970656,166.67358157789567,160312.53548812866,XLU,4453
2016-03-24,160906.37730930006,166.67358157789567,160739.70372772217,XLU,4453
2016-03-28,160314.87831256544,166.67358157789567,160148.20473098755,XLU,4453
2016-03-29,162681.12910220778,166.67358157789567,162514.45552062988,XLU,4453
2016-03-30,162286.6945166365,166.67358157789567,162120.0209350586,XLU,4453
2016-03-31,163239.8434843794,166.67358157789567,163073.1699028015,XLU,4453
2016-04-01,163373.93233271848,184.41658564817044,163189.5157470703,XLB,4368
2016-04-04,161245.6853844763,184.41658564817044,161061.26879882812,XLB,4368
2016-04-05,160235.63203974973,184.41658564817044,160051.21545410156,XLB,4368
2016-04-06,162075.3827721716,184.41658564817044,161890.96618652344,XLB,4368
2016-04-07,159730.65535517942,184.41658564817044,159546.23876953125,XLB,4368
2016-04-08,160776.78322383176,184.41658564817044,160592.3666381836,XLB,4368
2016-04-11,161498.1903893591,184.41658564817044,161313.77380371094,XLB,4368
2016-04-12,163734.66090937864,184.41658564817044,163550.24432373047,XLB,4368
2016-04-13,165357.8645226599,184.41658564817044,165173.44793701172,XLB,4368
2016-04-14,165466.08809443723,184.41658564817044,165281.67150878906,XLB,4368
2016-04-15,166223.60310908567,184.41658564817044,166039.1865234375,XLB,4368
2016-04-18,166981.10146113645,184.41658564817044,166796.68487548828,XLB,4368
2016-04-19,170552.19606562864,184.41658564817044,170367.77947998047,XLB,4368
2016-04-20,170047.25270625364,184.41658564817044,169862.83612060547,XLB,4368
2016-04-21,169289.72102900755,184.41658564817044,169105.30444335938,XLB,4368
2016-04-22,170480.0803429724,184.41658564817044,170295.66375732422,XLB,4368
2016-04-25,169902.9212853552,184.41658564817044,169718.50469970703,XLB,4368
2016-04-26,171273.68654414426,184.41658564817044,171089.2699584961,XLB,4368
2016-04-27,172716.53420039426,184.41658564817044,172532.1176147461,XLB,4368
2016-04-28,171093.34724971067,184.41658564817044,170908.9306640625,XLB,4368
2016-04-29,170083.27724238645,184.41658564817044,169898.86065673828,XLB,4368
2016-05-02,170185.77340588436,172.98040661678533,170012.79299926758,XLE,3726
2016-05-03,166176.82402691708,172.98040661678533,166003.8436203003,XLE,3726
2016-05-04,163781.6256245123,172.98040661678533,163608.6452178955,XLE,3726
2016-05-05,165117.89944348202,172.98040661678533,164944.91903686523,XLE,3726
2016-05-06,164739.73341259823,172.98040661678533,164566.75300598145,XLE,3726
2016-05-09,162344.4781559454,172.98040661678533,162171.4977493286,XLE,3726
2016-05-10,165193.5582340704,172.98040661678533,165020.5778274536,XLE,3726
2016-05-11,165697.82698712216,172.98040661678533,165524.84658050537,XLE,3726
2016-05-12,166151.6233814703,172.98040661678533,165978.64297485352,XLE,3726
2016-05-13,164033.76000103817,172.98040661678533,163860.7795944214,XLE,3726
2016-05-16,166807.15286145077,172.98040661678533,166634.17245483398,XLE,3726
2016-05-17,167588.82770428524,172.98040661678533,167415.84729766846,XLE,3726
2016-05-18,165975.19043621884,172.98040661678533,165802.21002960205,XLE,3726
2016-05-19,166000.40529522763,172.98040661678533,165827.42488861084,XLE,3726
2016-05-20,166983.68530163632,172.98040661678533,166810.70489501953,XLE,3726
2016-05-23,166555.06112561093,172.98040661678533,166382.08071899414,XLE,3726
2016-05-24,167387.10883221493,172.98040661678533,167214.12842559814,XLE,3726
2016-05-25,170034.48425183163,172.98040661678533,169861.50384521484,XLE,3726
2016-05-26,169328.49662670956,172.98040661678533,169155.51622009277,XLE,3726
2016-05-27,169429.41291699276,172.98040661678533,169256.43251037598,XLE,3726
2016-05-31,168773.7839420782,172.98040661678533,168600.80353546143,XLE,3726
2016-06-01,168824.25630078182,172.98040661678533,168651.27589416504,XLE,3726
2016-06-02,168597.32256970272,172.98040661678533,168424.34216308594,XLE,3726
2016-06-03,167941.76466259823,172.98040661678533,167768.78425598145,XLE,3726
2016-06-06,171648.14994702206,172.98040661678533,171475.16954040527,XLE,3726
2016-06-07,175531.0250309454,172.98040661678533,175358.0446243286,XLE,3726
2016-06-08,175127.57307324276,172.98040661678533,174954.59266662598,XLE,3726
2016-06-09,173791.256613587,172.98040661678533,173618.27620697021,XLE,3726
2016-06-10,170034.48425183163,172.98040661678533,169861.50384521484,XLE,3726
2016-06-13,169530.2439259039,172.98040661678533,169357.2635192871,XLE,3726
2016-06-14,169429.41291699276,172.98040661678533,169256.43251037598,XLE,3726
2016-06-15,169025.98938641415,172.98040661678533,168853.00897979736,XLE,3726
2016-06-16,168219.15653881893,172.98040661678533,168046.17613220215,XLE,3726
2016-06-17,169934.77611431942,172.98040661678533,169761.79570770264,XLE,3726
2016-06-20,171406.74680981503,172.98040661678533,171233.76640319824,XLE,3726
2016-06-21,173437.11150250302,172.98040661678533,173264.13109588623,XLE,3726
2016-06-22,172472.67867932186,172.98040661678533,172299.69827270508,XLE,3726
2016-06-23,175315.20630535946,172.98040661678533,175142.22589874268,XLE,3726
2016-06-24,169655.59332928524,172.98040661678533,169482.61292266846,XLE,3726
2016-06-27,164224.43493542538,172.98040661678533,164051.4545288086,XLE,3726
2016-06-28,168792.73062023983,172.98040661678533,168619.75021362305,XLE,3726
2016-06-29,171990.49780163632,172.98040661678533,171817.51739501953,XLE,3726
2016-06-30,173360.95523724423,172.98040661678533,173187.97483062744,XLE,3726
2016-07-01,173753.09439009152,182.3081428380974,173570.78624725342,XLU,4445
2016-07-05,175042.96236341915,182.3081428380974,174860.65422058105,XLU,4445
2016-07-06,175406.77736586056,182.3081428380974,175224.46922302246,XLU,4445
2016-07-07,172165.55805510006,182.3081428380974,171983.24991226196,XLU,4445
2016-07-08,173951.53431242428,182.3081428380974,173769.22616958618,XLU,4445
2016-07-11,173819.2410308691,182.3081428380974,173636.932888031,XLU,4445
2016-07-12,171437.92805021725,182.3081428380974,171255.61990737915,XLU,4445
2016-07-13,172793.89179533444,182.3081428380974,172611.58365249634,XLU,4445
2016-07-14,171669.4158584448,182.3081428380974,171487.1077156067,XLU,4445
2016-07-15,172165.55805510006,182.3081428380974,171983.24991226196,XLU,4445
2016-07-18,172661.6493827673,182.3081428380974,172479.3412399292,XLU,4445
2016-07-19,172363.99797743282,182.3081428380974,172181.68983459473,XLU,4445
2016-07-20,171371.74749678097,182.3081428380974,171189.43935394287,XLU,4445
2016-07-21,172397.06281965695,182.3081428380974,172214.75467681885,XLU,4445
2016-07-22,174679.14736097775,182.3081428380974,174496.83921813965,XLU,4445
2016-07-25,174381.47899931393,182.3081428380974,174199.17085647583,XLU,4445
2016-07-26,172860.1062614294,182.3081428380974,172677.7981185913,XLU,4445
2016-07-27,170875.65616911373,182.3081428380974,170693.34802627563,XLU,4445
2016-07-28,171537.17344587765,182.3081428380974,171354.86530303955,XLU,4445
2016-07-29,172562.45485609493,182.3081428380974,172380.14671325684,XLU,4445
2016-08-01,172145.05389248335,227.40160976850893,171917.65228271484,VNQ,2681
2016-08-02,169398.8145621916,227.40160976850893,169171.4129524231,VNQ,2681
2016-08-03,168415.40759502852,227.40160976850893,168188.00598526,VNQ,2681
2016-08-04,167728.7940696379,227.40160976850893,167501.39245986938,VNQ,2681
2016-08-05,167840.12740551436,227.40160976850893,167612.72579574585,VNQ,2681
2016-08-08,168137.0231193205,227.40160976850893,167909.621509552,VNQ,2681
2016-08-09,169046.3237708708,227.40160976850893,168818.9221611023,VNQ,2681
2016-08-10,168860.72048412764,227.40160976850893,168633.31887435913,VNQ,2681
2016-08-11,166949.5118545195,227.40160976850893,166722.11024475098,VNQ,2681
2016-08-12,167654.63661800826,227.40160976850893,167427.23500823975,VNQ,2681
2016-08-15,167487.6263869902,227.40160976850893,167260.22477722168,VNQ,2681
2016-08-16,165483.57520519698,227.40160976850893,165256.17359542847,VNQ,2681
2016-08-17,166151.5956748625,227.40160976850893,165924.194065094,VNQ,2681
2016-08-18,165539.30323635542,227.40160976850893,165311.9016265869,VNQ,2681
2016-08-19,164481.64677273238,227.40160976850893,164254.24516296387,VNQ,2681
2016-08-22,165372.25209652388,227.40160976850893,165144.85048675537,VNQ,2681
2016-08-23,165465.08442150557,227.40160976850893,165237.68281173706,VNQ,2681
2016-08-24,164741.35637508833,227.40160976850893,164513.95476531982,VNQ,2681
2016-08-25,165483.57520519698,227.40160976850893,165256.17359542847,VNQ,2681
2016-08-26,163850.7305968901,227.40160976850893,163623.32898712158,VNQ,2681
2016-08-29,165465.08442150557,227.40160976850893,165237.68281173706,VNQ,2681
2016-08-30,165149.54451595747,227.40160976850893,164922.14290618896,VNQ,2681
2016-08-31,165316.62633739912,227.40160976850893,165089.22472763062,VNQ,2681
2016-09-01,164414.97606645263,168.91462693846552,164246.06143951416,XLE,3530
2016-09-02,166266.35969529784,168.91462693846552,166097.44506835938,XLE,3530
2016-09-06,168766.9469297949,168.91462693846552,168598.03230285645,XLE,3530
2016-09-07,169728.7340391699,168.91462693846552,169559.81941223145,XLE,3530
2016-09-08,172902.5345457617,168.91462693846552,172733.61991882324,XLE,3530
2016-09-09,167757.05969224608,168.91462693846552,167588.14506530762,XLE,3530
2016-09-12,169416.17746720946,168.91462693846552,169247.262840271,XLE,3530
2016-09-13,164583.27265153563,168.91462693846552,164414.35802459717,XLE,3530
2016-09-14,162635.68876634276,168.91462693846552,162466.7741394043,XLE,3530
2016-09-15,164655.40937791503,168.91462693846552,164486.49475097656,XLE,3530
2016-09-16,163327.39069352782,168.91462693846552,163158.47606658936,XLE,3530
2016-09-19,163230.65180192626,168.91462693846552,163061.7371749878,XLE,3530
2016-09-20,162045.31759629882,168.91462693846552,161876.40296936035,XLE,3530
2016-09-21,165794.69026933349,168.91462693846552,165625.77564239502,XLE,3530
2016-09-22,165988.3027113501,168.91462693846552,165819.38808441162,XLE,3530
2016-09-23,163786.99468980468,168.91462693846552,163618.0800628662,XLE,3530
2016-09-26,163061.30487809813,168.91462693846552,162892.39025115967,XLE,3530
2016-09-27,161972.8038252417,168.91462693846552,161803.88919830322,XLE,3530
2016-09-28,168963.53533158934,168.91462693846552,168794.62070465088,XLE,3530
2016-09-29,168673.31865678466,168.91462693846552,168504.4040298462,XLE,3530
2016-09-30,170971.31170640624,168.91462693846552,170802.39707946777,XLE,3530
2016-10-03,170339.02639455855,175.4481474882341,170163.5782470703,XLK,3936
2016-10-04,169731.8189970976,175.4481474882341,169556.37084960938,XLK,3936
2016-10-05,170339.02639455855,175.4481474882341,170163.5782470703,XLK,3936
2016-10-06,170731.82461233198,175.4481474882341,170556.37646484375,XLK,3936
2016-10-07,170267.57168264448,175.4481474882341,170092.12353515625,XLK,3936
2016-10-10,171446.22158498823,175.4481474882341,171270.7734375,XLK,3936
2016-10-11,169517.45486135542,175.4481474882341,169342.0067138672,XLK,3936
2016-10-12,169803.18362112105,175.4481474882341,169627.7354736328,XLK,3936
2016-10-13,168731.61819143355,175.4481474882341,168556.1700439453,XLK,3936
2016-10-14,169374.53042287886,175.4481474882341,169199.08227539062,XLK,3936
2016-10-17,169017.39199514448,175.4481474882341,168841.94384765625,XLK,3936
2016-10-18,169946.01797170698,175.4481474882341,169770.56982421875,XLK,3936
2016-10-19,170267.57168264448,175.4481474882341,170092.12353515625,XLK,3936
2016-10-20,169481.6899687773,175.4481474882341,169306.24182128906,XLK,3936
2016-10-21,169946.01797170698,175.4481474882341,169770.56982421875,XLK,3936
2016-10-24,171589.11599416792,175.4481474882341,171413.6678466797,XLK,3936
2016-10-25,170981.92361135542,175.4481474882341,170806.4754638672,XLK,3936
2016-10-26,170017.50271291792,175.4481474882341,169842.0545654297,XLK,3936
2016-10-27,169803.18362112105,175.4481474882341,169627.7354736328,XLK,3936
2016-10-28,169624.6294219023,175.4481474882341,169449.18127441406,XLK,3936
2016-10-31,169553.14468069136,175.4481474882341,169377.69653320312,XLK,3936
2016-11-01,167585.6950712887,178.34991938745952,167407.34515190125,XLF,10075
2016-11-02,166478.72643000758,178.34991938745952,166300.37651062012,XLF,10075
2016-11-03,166649.02338511622,178.34991938745952,166470.67346572876,XLF,10075
2016-11-04,166138.1325197903,178.34991938745952,165959.78260040283,XLF,10075
2016-11-07,170310.56165225184,178.34991938745952,170132.21173286438,XLF,10075
2016-11-08,170395.7485628811,178.34991938745952,170217.39864349365,XLF,10075
2016-11-09,177633.58053691065,178.34991938745952,177455.2306175232,XLF,10075
2016-11-10,184190.22469050562,178.34991938745952,184011.87477111816,XLF,10075
2016-11-11,184701.09633929408,178.34991938745952,184522.74641990662,XLF,10075
2016-11-14,189214.08094889796,178.34991938745952,189035.7310295105,XLF,10075
2016-11-15,189043.82242686427,178.34991938745952,188865.4725074768,XLF,10075
2016-11-16,186318.95584590113,178.34991938745952,186140.60592651367,XLF,10075
2016-11-17,188873.50625521815,178.34991938745952,188695.1563358307,XLF,10075
2016-11-18,188873.50625521815,178.34991938745952,188695.1563358307,XLF,10075
2016-11-21,189554.75172526515,178.34991938745952,189376.4018058777,XLF,10075
2016-11-22,189639.84255320704,178.34991938745952,189461.49263381958,XLF,10075
2016-11-23,190746.84962756312,178.34991938745952,190568.49970817566,XLF,10075
2016-11-25,191002.25662715113,178.34991938745952,190823.90670776367,XLF,10075
2016-11-28,188788.3769942013,178.34991938745952,188610.02707481384,XLF,10075
2016-11-29,189299.2870760647,178.34991938745952,189120.93715667725,XLF,10075
2016-11-30,191853.72218615687,178.34991938745952,191675.3722667694,XLF,10075
2016-12-01,195174.6665430752,178.34991938745952,194996.31662368774,XLF,10075
2016-12-02,193045.91617114222,178.34991938745952,192867.56625175476,XLF,10075
2016-12-05,195345.0019312588,178.34991938745952,195166.65201187134,XLF,10075
2016-12-06,197047.97148234522,178.34991938745952,196869.62156295776,XLF,10075
2016-12-07,200113.45119006312,178.34991938745952,199935.10127067566,XLF,10075
2016-12-08,201986.75612933314,178.34991938745952,201808.40620994568,XLF,10075
2016-12-09,202412.6138163296,178.34991938745952,202234.26389694214,XLF,10075
2016-12-12,200454.02588374293,178.34991938745952,200275.67596435547,XLF,10075
2016-12-13,200964.99361521876,178.34991938745952,200786.6436958313,XLF,10075
2016-12-14,200028.3027125088,178.34991938745952,199849.95279312134,XLF,10075
2016-12-15,201731.3683462826,178.34991938745952,201553.01842689514,XLF,10075
2016-12-16,199994.9235869137,178.34991938745952,199816.57366752625,XLF,10075
2016-12-19,200080.475611755,178.34991938745952,199902.12569236755,XLF,10075
2016-12-20,202561.11921794093,178.34991938745952,202382.76929855347,XLF,10075
2016-12-21,202047.8647185055,178.34991938745952,201869.51479911804,XLF,10075
2016-12-22,201534.68708521998,178.34991938745952,201356.33716583252,XLF,10075
2016-12-23,201876.77988536036,178.34991938745952,201698.4299659729,XLF,10075
2016-12-27,202133.35909373438,178.34991938745952,201955.00917434692,XLF,10075
2016-12-28,200080.475611755,178.34991938745952,199902.12569236755,XLF,10075
2016-12-29,198626.302571365,178.34991938745952,198447.95265197754,XLF,10075
2016-12-30,199053.9473963467,178.34991938745952,198875.59747695923,XLF,10075
2017-01-03,201277.9925776211,178.34991938745952,201099.64265823364,XLF,10075
2017-01-04,202903.19280154383,178.34991938745952,202724.84288215637,XLF,10075
2017-01-05,200850.32853610194,178.34991938745952,200671.97861671448,XLF,10075
2017-01-06,201534.68708521998,178.34991938745952,201356.33716583252,XLF,10075
2017-01-09,200166.02763659632,178.34991938745952,199987.67771720886,XLF,10075
2017-01-10,200593.63402850306,178.34991938745952,200415.2841091156,XLF,10075
2017-01-11,201876.77988536036,178.34991938745952,201698.4299659729,XLF,10075
2017-01-12,200166.02763659632,178.34991938745952,199987.67771720886,XLF,10075
2017-01-13,201277.9925776211,178.34991938745952,201099.64265823364,XLF,10075
2017-01-17,196487.86706454432,178.34991938745952,196309.51714515686,XLF,10075
2017-01-18,198113.06728846705,178.34991938745952,197934.7173690796,XLF,10075
2017-01-19,197257.77763850367,178.34991938745952,197079.4277191162,XLF,10075
2017-01-20,198198.63852984583,178.34991938745952,198020.28861045837,XLF,10075
2017-01-23,196915.5887556759,178.34991938745952,196737.23883628845,XLF,10075
2017-01-24,199396.19392878687,178.34991938745952,199217.8440093994,XLF,10075
2017-01-25,202732.1848345486,178.34991938745952,202553.83491516113,XLF,10075
2017-01-26,203245.3816843716,178.34991938745952,203067.03176498413,XLF,10075
2017-01-27,202475.5095434872,178.34991938745952,202297.15962409973,XLF,10075
2017-01-30,200850.32853610194,178.34991938745952,200671.97861671448,XLF,10075
2017-01-31,199567.2018957821,178.34991938745952,199388.85197639465,XLF,10075
2017-02-01,199225.9136470028,229.08102066002903,198996.83262634277,XLB,4538
2017-02-02,198349.4874690243,229.08102066002903,198120.40644836426,XLB,4538
2017-02-03,198692.42028457604,229.08102066002903,198463.33926391602,XLB,4538
2017-02-06,198158.9096110531,229.08102066002903,197929.82859039307,XLB,4538
2017-02-07,196596.49662429772,229.08102066002903,196367.4156036377,XLB,4538
2017-02-08,197053.7865412899,229.08102066002903,196824.70552062988,XLB,4538
2017-02-09,196977.60040695153,229.08102066002903,196748.5193862915,XLB,4538
2017-02-10,198768.62373001061,229.08102066002903,198539.5427093506,XLB,4538
2017-02-13,200407.24016220056,229.08102066002903,200178.15914154053,XLB,4538
2017-02-14,200369.12112838708,229.08102066002903,200140.04010772705,XLB,4538
2017-02-15,200102.42638046228,229.08102066002903,199873.34535980225,XLB,4538
2017-02-16,200102.42638046228,229.08102066002903,199873.34535980225,XLB,4538
2017-02-17,199530.76205093347,229.08102066002903,199301.68103027344,XLB,4538
2017-02-21,200178.62982589685,229.08102066002903,199949.54880523682,XLB,4538
2017-02-22,200712.1404994198,229.08102066002903,200483.05947875977,XLB,4538
2017-02-23,199607.00011856042,229.08102066002903,199377.9190979004,XLB,4538
2017-02-24,200026.15369064294,229.08102066002903,199797.0726699829,XLB,4538
2017-02-27,199530.76205093347,229.08102066002903,199301.68103027344,XLB,4538
2017-02-28,199340.23612625085,229.08102066002903,199111.15510559082,XLB,4538
2017-03-01,202619.1099607426,258.1596586185624,202360.95030212402,XLV,3093
2017-03-02,201977.84199351846,258.1596586185624,201719.6823348999,XLV,3093
2017-03-03,202779.36205882608,258.1596586185624,202521.20240020752,XLV,3093
2017-03-06,202004.57820720255,258.1596586185624,201746.41854858398,XLV,3093
2017-03-07,200588.57358378946,258.1596586185624,200330.4139251709,XLV,3093
2017-03-08,201390.09364909708,258.1596586185624,201131.93399047852,XLV,3093
2017-03-09,202485.45249003946,258.1596586185624,202227.2928314209,XLV,3093
2017-03-10,203260.33073253214,258.1596586185624,203002.17107391357,XLV,3093
2017-03-13,203100.00784129679,258.1596586185624,202841.84818267822,XLV,3093
2017-03-14,202351.91300792276,258.1596586185624,202093.7533493042,XLV,3093
2017-03-15,204890.10707683145,258.1596586185624,204631.9474182129,XLV,3093
2017-03-16,202912.94873637735,258.1596586185624,202654.7890777588,XLV,3093
2017-03-17,201797.5318357426,258.1596586185624,201539.37217712402,XLV,3093
2017-03-20,201502.53677196085,258.1596586185624,201244.37711334229,XLV,3093
2017-03-21,199920.45141429483,258.1596586185624,199662.29175567627,XLV,3093
2017-03-22,199974.13622111856,258.1596586185624,199715.9765625,XLV,3093
2017-03-23,199357.38628215372,258.1596586185624,199099.22662353516,XLV,3093
2017-03-24,199464.59071178018,258.1596586185624,199206.43105316162,XLV,3093
2017-03-27,200000.91963023721,258.1596586185624,199742.75997161865,XLV,3093
2017-03-28,200134.9546644169,258.1596586185624,199876.79500579834,XLV,3093
2017-03-29,200188.66306895792,258.1596586185624,199930.50341033936,XLV,3093
2017-03-30,200215.44647807657,258.1596586185624,199957.286819458,XLV,3093
2017-03-31,199652.3341505009,258.1596586185624,199394.17449188232,XLV,3093
2017-04-03,199215.33099853672,222.59375869907672,198992.73723983765,XLU,5081
2017-04-04,199835.97728836216,222.59375869907672,199613.3835296631,XLU,5081
2017-04-05,200960.89747726597,222.59375869907672,200738.3037185669,XLU,5081
2017-04-06,200456.6235781876,222.59375869907672,200234.02981948853,XLU,5081
2017-04-07,199603.31003677525,222.59375869907672,199380.71627807617,XLU,5081
2017-04-10,199952.40782653965,222.59375869907672,199729.81406784058,XLU,5081
2017-04-11,199874.81977188267,222.59375869907672,199652.2260131836,XLU,5081
2017-04-12,201348.8571330277,222.59375869907672,201126.2633743286,XLU,5081
2017-04-13,200689.38774215855,222.59375869907672,200466.79398345947,XLU,5081
2017-04-17,201581.56314956822,222.59375869907672,201358.96939086914,XLU,5081
2017-04-18,202047.0527125565,222.59375869907672,201824.45895385742,XLU,5081
2017-04-19,200650.60340606846,222.59375869907672,200428.00964736938,XLU,5081
2017-04-20,199874.81977188267,222.59375869907672,199652.2260131836,XLU,5081
2017-04-21,200883.3675700394,222.59375869907672,200660.77381134033,XLU,5081
2017-04-24,201930.69970428623,222.59375869907672,201708.10594558716,XLU,5081
2017-04-25,201659.1318217484,222.59375869907672,201436.53806304932,XLU,5081
2017-04-26,201038.52429687657,222.59375869907672,200815.9305381775,XLU,5081
2017-04-27,201736.71987640538,222.59375869907672,201514.1261177063,XLU,5081
2017-04-28,200766.95641433873,222.59375869907672,200544.36265563965,XLU,5081
2017-05-01,198967.34619347157,202.5089284569258,198764.83726501465,VNQ,3330
2017-05-02,198633.16990105214,202.5089284569258,198430.66097259521,VNQ,3330
2017-05-03,195983.94596306386,202.5089284569258,195781.43703460693,VNQ,3330
2017-05-04,195029.24366203847,202.5089284569258,194826.73473358154,VNQ,3330
2017-05-05,196867.04178062978,202.5089284569258,196664.53285217285,VNQ,3330
2017-05-08,195482.73868767323,202.5089284569258,195280.2297592163,VNQ,3330
2017-05-09,194432.61188713613,202.5089284569258,194230.1029586792,VNQ,3330
2017-05-10,195960.08983818593,202.5089284569258,195757.580909729,VNQ,3330
2017-05-11,194981.51870934071,202.5089284569258,194779.0097808838,VNQ,3330
2017-05-12,194193.94901482167,202.5089284569258,193991.44008636475,VNQ,3330
2017-05-15,194766.78817955556,202.5089284569258,194564.27925109863,VNQ,3330
2017-05-16,193454.0915700585,202.5089284569258,193251.58264160156,VNQ,3330
2017-05-17,194241.69937340321,202.5089284569258,194039.1904449463,VNQ,3330
2017-05-18,195315.70770470204,202.5089284569258,195113.19877624512,VNQ,3330
2017-05-19,196365.85991112294,202.5089284569258,196163.35098266602,VNQ,3330
2017-05-22,197129.58618370595,202.5089284569258,196927.07725524902,VNQ,3330
2017-05-23,197296.66797844472,202.5089284569258,197094.1590499878,VNQ,3330
2017-05-24,198895.80322472157,202.5089284569258,198693.29429626465,VNQ,3330
2017-05-25,198919.6593495995,202.5089284569258,198717.15042114258,VNQ,3330
2017-05-26,197487.6440068871,202.5089284569258,197285.13507843018,VNQ,3330
2017-05-30,196246.46496025624,202.5089284569258,196043.95603179932,VNQ,3330
2017-05-31,196365.85991112294,202.5089284569258,196163.35098266602,VNQ,3330
2017-06-01,196801.44540710415,226.3150550838909,196575.13035202026,XLK,3791
2017-06-02,198605.15815658536,226.3150550838909,198378.84310150146,XLK,3791
2017-06-05,198778.65298004117,226.3150550838909,198552.33792495728,XLK,3791
2017-06-06,198397.07138366665,226.3150550838909,198170.75632858276,XLK,3791
2017-06-07,199021.44739456143,226.3150550838909,198795.13233947754,XLK,3791
2017-06-08,199472.38642806973,226.3150550838909,199246.07137298584,XLK,3791
2017-06-09,194546.75023956265,226.3150550838909,194320.43518447876,XLK,3791
2017-06-12,193402.04883499112,226.3150550838909,193175.73377990723,XLK,3791
2017-06-13,194789.5446540829,226.3150550838909,194563.22959899902,XLK,3791
2017-06-14,193853.00233001675,226.3150550838909,193626.68727493286,XLK,3791
2017-06-15,192985.75959701504,226.3150550838909,192759.44454193115,XLK,3791
2017-06-16,192647.92409057583,226.3150550838909,192421.60903549194,XLK,3791
2017-06-19,195503.7989952084,226.3150550838909,195277.4839401245,XLK,3791
2017-06-20,193936.58990020718,226.3150550838909,193710.2748451233,XLK,3791
2017-06-21,195016.24339981045,226.3150550838909,194789.92834472656,XLK,3791
2017-06-22,195085.8756057736,226.3150550838909,194859.5605506897,XLK,3791
2017-06-23,196304.7790557858,226.3150550838909,196078.4640007019,XLK,3791
2017-06-26,195259.99227447476,226.3150550838909,195033.67721939087,XLK,3791
2017-06-27,192055.89849395718,226.3150550838909,191829.5834388733,XLK,3791
2017-06-28,194458.99775238003,226.3150550838909,194232.68269729614,XLK,3791
2017-06-29,190976.23053283658,226.3150550838909,190749.9154777527,XLK,3791
2017-06-30,190802.12832565274,226.3150550838909,190575.81327056885,XLK,3791
2017-07-03,188911.78465958373,222.58745499388897,188689.19720458984,XLV,2731
2017-07-05,190029.0876991345,222.58745499388897,189806.50024414062,XLV,2731
2017-07-06,187580.6846916272,222.58745499388897,187358.0972366333,XLV,2731
2017-07-07,188531.44657059447,222.58745499388897,188308.8591156006,XLV,2731
2017-07-10,188174.92388840453,222.58745499388897,187952.33643341064,XLV,2731
2017-07-11,187961.02278061645,222.58745499388897,187738.43532562256,XLV,2731
2017-07-12,189244.61695023315,222.58745499388897,189022.02949523926,XLV,2731
2017-07-13,189411.0122596814,222.58745499388897,189188.4248046875,XLV,2731
2017-07-14,190694.56475754516,222.58745499388897,190471.97730255127,XLV,2731
2017-07-17,190005.29312821166,222.58745499388897,189782.70567321777,XLV,2731
2017-07-18,190147.8730308606,222.58745499388897,189925.2855758667,XLV,2731
2017-07-19,191692.97828598754,222.58745499388897,191470.39083099365,XLV,2731
2017-07-20,192952.75704880492,222.58745499388897,192730.16959381104,XLV,2731
2017-07-21,192738.89761276977,222.58745499388897,192516.31015777588,XLV,2731
2017-07-24,192667.5764076306,222.58745499388897,192444.98895263672,XLV,2731
2017-07-25,191288.8664619519,222.58745499388897,191066.279006958,XLV,2731
2017-07-26,190647.03812332885,222.58745499388897,190424.45066833496,XLV,2731
2017-07-27,189339.6493827893,222.58745499388897,189117.0619277954,XLV,2731
2017-07-28,190290.5154411389,222.58745499388897,190067.92798614502,XLV,2731
2017-07-31,190124.05762406127,222.58745499388897,189901.47016906738,XLV,2731
2017-08-01,189128.5993803889,206.52451504772762,188922.0748653412,XLF,8741
2017-08-02,189427.6474551112,206.52451504772762,189221.12294006348,XLF,8741
2017-08-03,188754.82679928845,206.52451504772762,188548.30228424072,XLF,8741
2017-08-04,190025.72693242138,206.52451504772762,189819.20241737366,XLF,8741
2017-08-07,189726.7288741023,206.52451504772762,189520.20435905457,XLF,8741
2017-08-08,189203.47393597668,206.52451504772762,188996.94942092896,XLF,8741
2017-08-09,189203.47393597668,206.52451504772762,188996.94942092896,XLF,8741
2017-08-10,185839.13724698132,206.52451504772762,185632.6127319336,XLF,8741
2017-08-11,185091.492051974,206.52451504772762,184884.96753692627,XLF,8741
2017-08-14,187633.45903958386,206.52451504772762,187426.93452453613,XLF,8741
2017-08-15,187782.9080523402,206.52451504772762,187576.38353729248,XLF,8741
2017-08-16,187409.18548764294,206.52451504772762,187202.66097259521,XLF,8741
2017-08-17,184194.38117207593,206.52451504772762,183987.8566570282,XLF,8741
2017-08-18,184269.1556948573,206.52451504772762,184062.63117980957,XLF,8741
2017-08-21,183745.7840517909,206.52451504772762,183539.25953674316,XLF,8741
2017-08-22,185764.39606846875,206.52451504772762,185557.87155342102,XLF,8741
2017-08-23,185166.28324688977,206.52451504772762,184959.75873184204,XLF,8741
2017-08-24,185166.28324688977,206.52451504772762,184959.75873184204,XLF,8741
2017-08-25,185689.60487355298,206.52451504772762,185483.08035850525,XLF,8741
2017-08-28,184493.36255826062,206.52451504772762,184286.8380432129,XLF,8741
2017-08-29,183895.34976948804,206.52451504772762,183688.8252544403,XLF,8741
2017-08-30,184642.96162022656,206.52451504772762,184436.43710517883,XLF,8741
2017-08-31,184867.25184430188,206.52451504772762,184660.72732925415,XLF,8741
2017-09-01,184835.8472423579,191.3123760249,184644.534866333,XLU,4378
2017-09-05,185307.50967216748,191.3123760249,185116.19729614258,XLU,4378
2017-09-06,184465.19091606396,191.3123760249,184273.87854003906,XLU,4378
2017-09-07,185846.64311027783,191.3123760249,185655.33073425293,XLU,4378
2017-09-08,186722.71407127636,191.3123760249,186531.40169525146,XLU,4378
2017-09-11,188306.3621807124,191.3123760249,188115.0498046875,XLU,4378
2017-09-12,185172.7847652461,191.3123760249,184981.4723892212,XLU,4378
2017-09-13,184263.01170158642,191.3123760249,184071.69932556152,XLU,4378
2017-09-14,185812.90760612744,191.3123760249,185621.59523010254,XLU,4378
2017-09-15,186074.3744640376,191.3123760249,185883.0620880127,XLU,4378
2017-09-18,184173.0948925044,191.3123760249,183981.7825164795,XLU,4378
2017-09-19,183799.61614036816,191.3123760249,183608.30376434326,XLU,4378
2017-09-20,182441.5616893794,191.3123760249,182250.2493133545,XLU,4378
2017-09-21,182407.67587852734,191.3123760249,182216.36350250244,XLU,4378
2017-09-22,180913.8109722163,191.3123760249,180722.4985961914,XLU,4378
2017-09-25,182577.3387432124,191.3123760249,182386.0263671875,XLU,4378
2017-09-26,182237.86270714062,191.3123760249,182046.55033111572,XLU,4378
2017-09-27,179793.39141655224,191.3123760249,179602.07904052734,XLU,4378
2017-09-28,180438.4242763545,191.3123760249,180247.1119003296,XLU,4378
2017-09-29,180302.64722252148,191.3123760249,180111.33484649658,XLU,4378
2017-10-02,180067.85129489392,216.22400607555755,179851.62728881836,XLE,3716
2017-10-03,179883.91110934704,216.22400607555755,179667.68710327148,XLE,3716
2017-10-04,179752.54753818005,216.22400607555755,179536.3235321045,XLE,3716
2017-10-05,180566.9960092494,216.22400607555755,180350.77200317383,XLE,3716
2017-10-06,179043.2239450404,216.22400607555755,178826.99993896484,XLE,3716
2017-10-09,179411.047614474,216.22400607555755,179194.82360839844,XLE,3716
2017-10-10,179568.6498788783,216.22400607555755,179352.42587280273,XLE,3716
2017-10-11,179988.97928561657,216.22400607555755,179772.75527954102,XLE,3716
2017-10-12,179332.2323068568,216.22400607555755,179116.00830078125,XLE,3716
2017-10-13,179227.17830600232,216.22400607555755,179010.95429992676,XLE,3716
2017-10-16,179621.2406686732,216.22400607555755,179405.01666259766,XLE,3716
2017-10-17,179726.30884494275,216.22400607555755,179510.0848388672,XLE,3716
2017-10-18,178465.29227389782,216.22400607555755,178249.06826782227,XLE,3716
2017-10-19,177913.59929599255,216.22400607555755,177697.375289917,XLE,3716
2017-10-20,178255.12757052868,216.22400607555755,178038.90356445312,XLE,3716
2017-10-23,177335.65344943493,216.22400607555755,177119.42944335938,XLE,3716
2017-10-24,177677.153373141,216.22400607555755,177460.92936706543,XLE,3716
2017-10-25,176442.4605478236,216.22400607555755,176226.23654174805,XLE,3716
2017-10-26,176810.25586642712,216.22400607555755,176594.03186035156,XLE,3716
2017-10-27,177125.4178689906,216.22400607555755,176909.19386291504,XLE,3716
2017-10-30,178044.92034091442,216.22400607555755,177828.69633483887,XLE,3716
2017-10-31,178622.93706454724,216.22400607555755,178406.71305847168,XLE,3716
2017-11-01,180105.33442379447,216.9930198332877,179888.34140396118,XLK,3099
2017-11-02,180191.00662304374,216.9930198332877,179974.01360321045,XLK,3099
2017-11-03,181619.62926174613,216.9930198332877,181402.63624191284,XLK,3099
2017-11-06,182019.6417091033,216.9930198332877,181802.64868927002,XLK,3099
2017-11-07,182105.33755184623,216.9930198332877,181888.34453201294,XLK,3099
2017-11-08,183105.36275936576,216.9930198332877,182888.36973953247,XLK,3099
2017-11-09,181648.1669585845,216.9930198332877,181431.17393875122,XLK,3099
2017-11-10,181648.1669585845,216.9930198332877,181431.17393875122,XLK,3099
2017-11-13,181591.03245617362,216.9930198332877,181374.03943634033,XLK,3099
2017-11-14,181219.5931708953,216.9930198332877,181002.600151062,XLK,3099
2017-11-15,179876.76094891044,216.9930198332877,179659.76792907715,XLK,3099
2017-11-16,182391.03370739432,216.9930198332877,182174.04068756104,XLK,3099
2017-11-17,181219.5931708953,216.9930198332877,181002.600151062,XLK,3099
2017-11-20,181905.32541729423,216.9930198332877,181688.33239746094,XLK,3099
2017-11-21,183819.6445243499,216.9930198332877,183602.6515045166,XLK,3099
2017-11-22,183476.77840115043,216.9930198332877,183259.78538131714,XLK,3099
2017-11-24,184505.35312725516,216.9930198332877,184288.36010742188,XLK,3099
2017-11-27,184505.35312725516,216.9930198332877,184288.36010742188,XLK,3099
2017-11-28,185105.37770916434,216.9930198332877,184888.38468933105,XLK,3099
2017-11-29,181019.59285809012,216.9930198332877,180802.59983825684,XLK,3099
2017-11-30,182619.630825772,216.9930198332877,182402.63780593872,XLK,3099
2017-12-01,181676.74012066337,216.9930198332877,181459.74710083008,XLK,3099
2017-12-04,178762.44309307548,216.9930198332877,178545.4500732422,XLK,3099
2017-12-05,178819.54213024589,216.9930198332877,178602.5491104126,XLK,3099
2017-12-06,179962.49225689383,216.9930198332877,179745.49923706055,XLK,3099
2017-12-07,181076.7155387542,216.9930198332877,180859.7225189209,XLK,3099
2017-12-08,181933.87493587943,216.9930198332877,181716.88191604614,XLK,3099
2017-12-11,183505.35156322928,216.9930198332877,183288.358543396,XLK,3099
2017-12-12,183448.20523907157,216.9930198332877,183231.21221923828,XLK,3099
2017-12-13,183505.35156322928,216.9930198332877,183288.358543396,XLK,3099
2017-12-14,183276.76626659842,216.9930198332877,183059.77324676514,XLK,3099
2017-12-15,185364.51039959403,216.9930198332877,185147.51737976074,XLK,3099
2017-12-18,186999.22155071708,216.9930198332877,186782.2285308838,XLK,3099
2017-12-19,185852.08652569266,216.9930198332877,185635.09350585938,XLK,3099
2017-12-20,185794.75105358573,216.9930198332877,185577.75803375244,XLK,3099
2017-12-21,185421.97591091605,216.9930198332877,185204.98289108276,XLK,3099
2017-12-22,185307.21039272757,216.9930198332877,185090.2173728943,XLK,3099
2017-12-26,184074.03669430228,216.9930198332877,183857.043674469,XLK,3099
2017-12-27,184274.80542065116,216.9930198332877,184057.81240081787,XLK,3099
2017-12-28,184590.26873470756,216.9930198332877,184373.27571487427,XLK,3099
2017-12-29,183615.17559124442,216.9930198332877,183398.18257141113,XLK,3099
2018-01-02,185324.563558706,186.65343106622458,185137.91012763977,XLF,7685
2018-01-03,186319.20971692438,186.65343106622458,186132.55628585815,XLF,7685
2018-01-04,188043.30996335382,186.65343106622458,187856.6565322876,XLF,7685
2018-01-05,188573.7673932397,186.65343106622458,188387.11396217346,XLF,7685
2018-01-08,188308.5899812066,186.65343106622458,188121.93655014038,XLF,7685
2018-01-09,189767.38089383478,186.65343106622458,189580.72746276855,XLF,7685
2018-01-10,191358.84113133783,186.65343106622458,191172.1877002716,XLF,7685
2018-01-11,192287.1599561059,186.65343106622458,192100.50652503967,XLF,7685
2018-01-12,194011.20157063837,186.65343106622458,193824.54813957214,XLF,7685
2018-01-16,193480.72948277826,186.65343106622458,193294.07605171204,XLF,7685
2018-01-17,194939.56436932916,186.65343106622458,194752.91093826294,XLF,7685
2018-01-18,194674.3283253991,186.65343106622458,194487.6748943329,XLF,7685
2018-01-19,196066.87985242243,186.65343106622458,195880.2264213562,XLF,7685
2018-01-22,197658.32543195123,186.65343106622458,197471.672000885,XLF,7685
2018-01-23,197857.19016850824,186.65343106622458,197670.53673744202,XLF,7685
2018-01-24,199183.38504613275,186.65343106622458,198996.73161506653,XLF,7685
2018-01-25,198785.56762517328,186.65343106622458,198598.91419410706,XLF,7685
2018-01-26,200244.3731957757,186.65343106622458,200057.71976470947,XLF,7685
2018-01-29,199448.6504060113,186.65343106622458,199261.99697494507,XLF,7685
2018-01-30,196862.5293523156,186.65343106622458,196675.8759212494,XLF,7685
2018-01-31,197393.0600720727,186.65343106622458,197206.40664100647,XLF,7685
2018-02-01,198653.44201185103,212.67979719038703,198440.76221466064,XLY,2007
2018-02-02,196754.88297559615,212.67979719038703,196542.20317840576,XLY,2007
2018-02-05,190128.42348005172,212.67979719038703,189915.74368286133,XLY,2007
2018-02-06,194986.56946851607,212.67979719038703,194773.88967132568,XLY,2007
2018-02-07,194390.8791532695,212.67979719038703,194178.1993560791,XLY,2007
2018-02-08,186647.64004041548,212.67979719038703,186434.9602432251,XLY,2007
2018-02-09,187894.7570600688,212.67979719038703,187682.07726287842,XLY,2007
2018-02-12,190444.80404950972,212.67979719038703,190232.12425231934,XLY,2007
2018-02-13,191431.3534498393,212.67979719038703,191218.67365264893,XLY,2007
2018-02-14,194484.0232343852,212.67979719038703,194271.34343719482,XLY,2007
2018-02-15,196215.0974836528,212.67979719038703,196002.4176864624,XLY,2007
2018-02-16,195265.74140455123,212.67979719038703,195053.06160736084,XLY,2007
2018-02-20,194670.12765027877,212.67979719038703,194457.44785308838,XLY,2007
2018-02-21,194390.8791532695,212.67979719038703,194178.1993560791,XLY,2007
2018-02-22,194632.88839246627,212.67979719038703,194420.20859527588,XLY,2007
2018-02-23,197350.51204206343,212.67979719038703,197137.83224487305,XLY,2007
2018-02-26,199007.12308790084,212.67979719038703,198794.44329071045,XLY,2007
2018-02-27,194800.43442823287,212.67979719038703,194587.75463104248,XLY,2007
2018-02-28,193925.54155256148,212.67979719038703,193712.8617553711,XLY,2007
2018-03-01,191266.87666916725,247.83977722999407,191019.03689193726,XLK,3079
2018-03-02,193090.4639379966,247.83977722999407,192842.6241607666,XLK,3079
2018-03-05,195056.45307755348,247.83977722999407,194808.6133003235,XLK,3079
2018-03-06,195483.79963517067,247.83977722999407,195235.95985794067,XLK,3079
2018-03-07,196566.64817261574,247.83977722999407,196318.80839538574,XLK,3079
2018-03-08,197421.36477875587,247.83977722999407,197173.52500152588,XLK,3079
2018-03-09,201154.02272248146,247.83977722999407,200906.18294525146,XLK,3079
2018-03-12,201780.85405182716,247.83977722999407,201533.01427459717,XLK,3079
2018-03-13,199472.94303345558,247.83977722999407,199225.1032562256,XLK,3079
2018-03-14,199302.0232031333,247.83977722999407,199054.18342590332,XLK,3079
2018-03-15,199415.90711426613,247.83977722999407,199168.06733703613,XLK,3079
2018-03-16,199210.12677979347,247.83977722999407,198962.28700256348,XLK,3079
2018-03-19,195265.82752060768,247.83977722999407,195017.9877433777,XLK,3079
2018-03-20,195180.05047821876,247.83977722999407,194932.21070098877,XLK,3079
2018-03-21,194008.13617157814,247.83977722999407,193760.29639434814,XLK,3079
2018-03-22,189006.1941168296,247.83977722999407,188758.3543395996,XLK,3079
2018-03-23,183975.72235703346,247.83977722999407,183727.88257980347,XLK,3079
2018-03-26,190949.8316595542,247.83977722999407,190701.99188232422,XLK,3079
2018-03-27,184833.1991446006,247.83977722999407,184585.3593673706,XLK,3079
2018-03-28,183604.16670060036,247.83977722999407,183356.32692337036,XLK,3079
2018-03-29,187234.08716797706,247.83977722999407,186986.24739074707,XLK,3079
2018-04-02,182775.2313635337,247.83977722999407,182527.3915863037,XLK,3079
2018-04-03,184575.95023560402,247.83977722999407,184328.11045837402,XLK,3079
2018-04-04,187148.36885285255,247.83977722999407,186900.52907562256,XLK,3079
2018-04-05,187920.1155798423,247.83977722999407,187672.2758026123,XLK,3079
2018-04-06,183318.305868386,247.83977722999407,183070.466091156,XLK,3079
2018-04-09,184747.45733857033,247.83977722999407,184499.61756134033,XLK,3079
2018-04-10,189292.10193085548,247.83977722999407,189044.2621536255,XLK,3079
2018-04-11,188177.34099793312,247.83977722999407,187929.50122070312,XLK,3079
2018-04-12,190435.38082337257,247.83977722999407,190187.54104614258,XLK,3079
2018-04-13,189806.5057852256,247.83977722999407,189558.6660079956,XLK,3079
2018-04-16,191264.25743317482,247.83977722999407,191016.41765594482,XLK,3079
2018-04-17,194808.45958542702,247.83977722999407,194560.61980819702,XLK,3079
2018-04-18,194293.96176743385,247.83977722999407,194046.12199020386,XLK,3079
2018-04-19,192150.28741669533,247.83977722999407,191902.44763946533,XLK,3079
2018-04-20,189492.15048432228,247.83977722999407,189244.31070709229,XLK,3079
2018-04-23,188806.13381790993,247.83977722999407,188558.29404067993,XLK,3079
2018-04-24,185519.1335928428,247.83977722999407,185271.2938156128,XLK,3079
2018-04-25,185547.7807524192,247.83977722999407,185299.9409751892,XLK,3079
2018-04-26,188920.48754715797,247.83977722999407,188672.64776992798,XLK,3079
2018-04-27,188577.48508667824,247.83977722999407,188329.64530944824,XLK,3079
2018-04-30,187348.48787903663,247.83977722999407,187100.64810180664,XLK,3079
2018-05-01,189124.6290795047,196.8347069461015,188927.7943725586,XLY,1956
2018-05-02,187832.9157616336,196.8347069461015,187636.0810546875,XLY,1956
2018-05-03,186995.95393912384,196.8347069461015,186799.11923217773,XLY,1956
2018-05-04,189452.14626090118,196.8347069461015,189255.31155395508,XLY,1956
2018-05-07,190088.98937003204,196.8347069461015,189892.15466308594,XLY,1956
2018-05-08,189288.4249779422,196.8347069461015,189091.5902709961,XLY,1956
2018-05-09,189943.39964835235,196.8347069461015,189746.56494140625,XLY,1956
2018-05-10,190634.78667227813,196.8347069461015,190437.95196533203,XLY,1956
2018-05-11,191035.03902213165,196.8347069461015,190838.20431518555,XLY,1956
2018-05-14,191398.96855704376,196.8347069461015,191202.13385009766,XLY,1956
2018-05-15,190289.10808341095,196.8347069461015,190092.27337646484,XLY,1956
2018-05-16,191871.97099845,196.8347069461015,191675.1362915039,XLY,1956
2018-05-17,191235.15773551055,196.8347069461015,191038.32302856445,XLY,1956
2018-05-18,190998.67143790313,196.8347069461015,190801.83673095703,XLY,1956
2018-05-21,192053.9133812625,196.8347069461015,191857.0786743164,XLY,1956
2018-05-22,191198.80507437774,196.8347069461015,191001.97036743164,XLY,1956
2018-05-23,192581.5045067508,196.8347069461015,192384.6697998047,XLY,1956
2018-05-24,193000.05257193634,196.8347069461015,192803.21786499023,XLY,1956
2018-05-25,193291.1275536258,196.8347069461015,193094.2928466797,XLY,1956
2018-05-29,191799.20598380157,196.8347069461015,191602.37127685547,XLY,1956
2018-05-30,193545.86479727813,196.8347069461015,193349.03009033203,XLY,1956
2018-05-31,192617.94670645782,196.8347069461015,192421.11199951172,XLY,1956
2018-06-01,193456.46782687254,206.44654086179798,193250.02128601074,XLE,3530
2018-06-04,191786.60427859373,206.44654086179798,191580.15773773193,XLE,3530
2018-06-05,191331.17470553465,206.44654086179798,191124.72816467285,XLE,3530
2018-06-06,192241.93959048338,206.44654086179798,192035.49304962158,XLE,3530
2018-06-07,195151.6337662036,206.44654086179798,194945.1872253418,XLE,3530
2018-06-08,194772.1248321826,206.44654086179798,194565.6782913208,XLE,3530
2018-06-11,195784.126213103,206.44654086179798,195577.6796722412,XLE,3530
2018-06-12,194291.40633395262,206.44654086179798,194084.95979309082,XLE,3530
2018-06-13,193557.63699343748,206.44654086179798,193351.19045257568,XLE,3530
2018-06-14,193279.29722598143,206.44654086179798,193072.85068511963,XLE,3530
2018-06-15,189132.49253085203,206.44654086179798,188926.04598999023,XLE,3530
2018-06-18,191017.4331360156,206.44654086179798,190810.9865951538,XLE,3530
2018-06-19,190584.39732363768,206.44654086179798,190377.95078277588,XLE,3530
2018-06-20,191424.96456912108,206.44654086179798,191218.51802825928,XLE,3530
2018-06-21,187884.35345461912,206.44654086179798,187677.90691375732,XLE,3530
2018-06-22,191628.71681979246,206.44654086179798,191422.27027893066,XLE,3530
2018-06-25,187782.4301986987,206.44654086179798,187575.9836578369,XLE,3530
2018-06-26,190151.4019089038,206.44654086179798,189944.955368042,XLE,3530
2018-06-27,192698.5945587451,206.44654086179798,192492.1480178833,XLE,3530
2018-06-28,192443.87394717283,206.44654086179798,192237.42740631104,XLE,3530
2018-06-29,193640.99079897947,206.44654086179798,193434.54425811768,XLE,3530
2018-07-02,190788.14957430906,206.44654086179798,190581.70303344727,XLE,3530
2018-07-03,191985.33375552244,206.44654086179798,191778.88721466064,XLE,3530
2018-07-05,191781.5680389697,206.44654086179798,191575.1214981079,XLE,3530
2018-07-06,192953.26130679197,206.44654086179798,192746.81476593018,XLE,3530
2018-07-09,195831.67424014158,206.44654086179798,195625.22769927979,XLE,3530
2018-07-10,197283.55210116453,206.44654086179798,197077.10556030273,XLE,3530
2018-07-11,193106.17985537596,206.44654086179798,192899.73331451416,XLE,3530
2018-07-12,193437.2385483081,206.44654086179798,193230.7920074463,XLE,3530
2018-07-13,194456.1075287158,206.44654086179798,194249.660987854,XLE,3530
2018-07-16,192214.54998782225,206.44654086179798,192008.10344696045,XLE,3530
2018-07-17,191450.4285507495,206.44654086179798,191243.9820098877,XLE,3530
2018-07-18,191577.80232241697,206.44654086179798,191371.35578155518,XLE,3530
2018-07-19,191628.71681979246,206.44654086179798,191422.27027893066,XLE,3530
2018-07-20,190966.46477511473,206.44654086179798,190760.01823425293,XLE,3530
2018-07-23,190125.89752963133,206.44654086179798,189919.45098876953,XLE,3530
2018-07-24,192520.27935793943,206.44654086179798,192313.83281707764,XLE,3530
2018-07-25,194125.02190402098,206.44654086179798,193918.57536315918,XLE,3530
2018-07-26,196239.20567324705,206.44654086179798,196032.75913238525,XLE,3530
2018-07-27,195398.5980301196,206.44654086179798,195192.1514892578,XLE,3530
2018-07-30,197003.39443972654,206.44654086179798,196796.94789886475,XLE,3530
2018-07-31,196646.76403811522,206.44654086179798,196440.31749725342,XLE,3530
2018-08-01,193340.9619033725,246.6982162386994,193094.2636871338,XLY,1870
2018-08-02,194666.40601042815,246.6982162386994,194419.70779418945,XLY,1870
2018-08-03,195329.10666350432,246.6982162386994,195082.40844726562,XLY,1870
2018-08-06,196637.11653594085,246.6982162386994,196390.41831970215,XLY,1870
2018-08-07,197544.01060942718,246.6982162386994,197297.31239318848,XLY,1870
2018-08-08,197753.26422576018,246.6982162386994,197506.56600952148,XLY,1870
2018-08-09,198485.74461821624,246.6982162386994,198239.04640197754,XLY,1870
2018-08-10,196828.9501846225,246.6982162386994,196582.2519683838,XLY,1870
2018-08-13,195834.88493804046,246.6982162386994,195588.18672180176,XLY,1870
2018-08-14,197735.81572417327,246.6982162386994,197489.11750793457,XLY,1870
2018-08-15,195329.10666350432,246.6982162386994,195082.40844726562,XLY,1870
2018-08-16,196288.33197478362,246.6982162386994,196041.63375854492,XLY,1870
2018-08-17,196462.73138884612,246.6982162386994,196216.03317260742,XLY,1870
2018-08-20,197857.89816741057,246.6982162386994,197611.19995117188,XLY,1870
2018-08-21,199427.45009306975,246.6982162386994,199180.75187683105,XLY,1870
2018-08-22,199636.7893112094,246.6982162386994,199390.0910949707,XLY,1870
2018-08-23,199444.96992949554,246.6982162386994,199198.27171325684,XLY,1870
2018-08-24,200613.39178923675,246.6982162386994,200366.69357299805,XLY,1870
2018-08-27,201903.9246261508,246.6982162386994,201657.2264099121,XLY,1870
2018-08-28,202305.06895903655,246.6982162386994,202058.37074279785,XLY,1870
2018-08-29,204572.26134184905,246.6982162386994,204325.56312561035,XLY,1870
2018-08-30,203403.78241423675,246.6982162386994,203157.08419799805,XLY,1870
2018-08-31,204205.9854782016,246.6982162386994,203959.2872619629,XLY,1870
2018-09-04,203977.51937068053,212.5432506854122,203764.97611999512,XLV,2506
2018-09-05,204796.72241938658,212.5432506854122,204584.17916870117,XLV,2506
2018-09-06,204796.72241938658,212.5432506854122,204584.17916870117,XLV,2506
2018-09-07,205106.6265484149,212.5432506854122,204894.0832977295,XLV,2506
2018-09-10,204575.34047663756,212.5432506854122,204362.79722595215,XLV,2506
2018-09-11,204398.1813885028,212.5432506854122,204185.63813781738,XLV,2506
2018-09-12,205416.607154494,212.5432506854122,205204.0639038086,XLV,2506
2018-09-13,207962.5472942645,212.5432506854122,207750.0040435791,XLV,2506
2018-09-14,207276.2040020282,212.5432506854122,207063.66075134277,XLV,2506
2018-09-17,206523.5551067645,212.5432506854122,206311.0118560791,XLV,2506
2018-09-18,207719.00612605162,212.5432506854122,207506.4628753662,XLV,2506
2018-09-19,207431.22298396178,212.5432506854122,207218.67973327637,XLV,2506
2018-09-20,209445.80057490416,212.5432506854122,209233.25732421875,XLV,2506
2018-09-21,209728.13472712584,212.5432506854122,209515.59147644043,XLV,2506
2018-09-24,210150.32628596373,212.5432506854122,209937.78303527832,XLV,2506
2018-09-25,209505.85417903014,212.5432506854122,209293.31092834473,XLV,2506
2018-09-26,209972.53626216002,212.5432506854122,209759.9930114746,XLV,2506
2018-09-27,211039.39112055846,212.5432506854122,210826.84786987305,XLV,2506
2018-09-28,211683.92058528014,212.5432506854122,211471.37733459473,XLV,2506
2018-10-01,212728.44414485045,212.5432506854122,212515.90089416504,XLV,2506
2018-10-02,212484.00437129088,212.5432506854122,212271.46112060547,XLV,2506
2018-10-03,212083.97203791686,212.5432506854122,211871.42878723145,XLV,2506
2018-10-04,210017.026786452,212.5432506854122,209804.4835357666,XLV,2506
2018-10-05,209772.54877436705,212.5432506854122,209560.00552368164,XLV,2506
2018-10-08,209683.64420283385,212.5432506854122,209471.10095214844,XLV,2506
2018-10-09,210039.26248896666,212.5432506854122,209826.71923828125,XLV,2506
2018-10-10,205083.05249751158,212.5432506854122,204870.50924682617,XLV,2506
2018-10-11,199549.00102961608,212.5432506854122,199336.45777893066,XLV,2506
2018-10-12,202616.01755488463,212.5432506854122,202403.47430419922,XLV,2506
2018-10-15,201215.8565899188,212.5432506854122,201003.3133392334,XLV,2506
2018-10-16,206727.65323603697,212.5432506854122,206515.10998535156,XLV,2506
2018-10-17,207816.68643916197,212.5432506854122,207604.14318847656,XLV,2506
2018-10-18,205460.86824763365,212.5432506854122,205248.32499694824,XLV,2506
2018-10-19,203593.92960322447,212.5432506854122,203381.38635253906,XLV,2506
2018-10-22,201927.11228144713,212.5432506854122,201714.56903076172,XLV,2506
2018-10-23,200838.05995905944,212.5432506854122,200625.51670837402,XLV,2506
2018-10-24,194214.99440730162,212.5432506854122,194002.4511566162,XLV,2506
2018-10-25,196726.4242779071,212.5432506854122,196513.88102722168,XLV,2506
2018-10-26,194503.94382441588,212.5432506854122,194291.40057373047,XLV,2506
2018-10-29,194992.84249079772,212.5432506854122,194780.2992401123,XLV,2506
2018-10-30,197082.0043255145,212.5432506854122,196869.4610748291,XLV,2506
2018-10-31,197348.71804011412,212.5432506854122,197136.1747894287,XLV,2506
2018-11-01,199837.85485041686,212.5432506854122,199625.31159973145,XLV,2506
2018-11-02,198593.40116084166,212.5432506854122,198380.85791015625,XLV,2506
2018-11-05,200349.1421734149,212.5432506854122,200136.5989227295,XLV,2506
2018-11-06,201371.48738825865,212.5432506854122,201158.94413757324,XLV,2506
2018-11-07,207283.37372553893,212.5432506854122,207070.83047485352,XLV,2506
2018-11-08,207394.4566417987,212.5432506854122,207181.91339111328,XLV,2506
2018-11-09,206794.32210505553,212.5432506854122,206581.77885437012,XLV,2506
2018-11-12,203994.07665217467,212.5432506854122,203781.53340148926,XLV,2506
2018-11-13,202571.6417461688,212.5432506854122,202359.0984954834,XLV,2506
2018-11-14,200949.1046367938,212.5432506854122,200736.5613861084,XLV,2506
2018-11-15,202727.25342524596,212.5432506854122,202514.71017456055,XLV,2506
2018-11-16,204771.84825861998,212.5432506854122,204559.30500793457,XLV,2506
2018-11-19,202171.5902935321,212.5432506854122,201959.04704284668,XLV,2506
2018-11-20,200282.45418513365,212.5432506854122,200069.91093444824,XLV,2506
2018-11-21,199148.96869624205,212.5432506854122,198936.42544555664,XLV,2506
2018-11-23,199437.87987483092,212.5432506854122,199225.3366241455,XLV,2506
2018-11-26,201371.48738825865,212.5432506854122,201158.94413757324,XLV,2506
2018-11-27,203460.66834223815,212.5432506854122,203248.12509155273,XLV,2506
2018-11-28,208350.1329876239,212.5432506854122,208137.58973693848,XLV,2506
2018-11-29,209039.13385737487,212.5432506854122,208826.59060668945,XLV,2506
2018-11-30,213284.08815730162,212.5432506854122,213071.5449066162,XLV,2506
2018-12-03,211626.60028558987,247.36206537502585,211379.23822021484,XLU,4688
2018-12-04,211777.0882616641,247.36206537502585,211529.72619628906,XLU,4688
2018-12-06,212003.0258837344,247.36206537502585,211755.66381835938,XLU,4688
2018-12-07,212793.57507807034,247.36206537502585,212546.2130126953,XLU,4688
2018-12-10,213207.68079096096,247.36206537502585,212960.31872558594,XLU,4688
2018-12-11,214073.53656488674,247.36206537502585,213826.17449951172,XLU,4688
2018-12-12,212718.30426508206,247.36206537502585,212470.94219970703,XLU,4688
2018-12-13,214562.91309076565,247.36206537502585,214315.55102539062,XLU,4688
2018-12-14,214148.8431444766,247.36206537502585,213901.48107910156,XLU,4688
2018-12-17,207259.67706781643,247.36206537502585,207012.3150024414,XLU,4688
2018-12-18,205866.818303168,247.36206537502585,205619.45623779297,XLU,4688
2018-12-19,205528.00128656643,247.36206537502585,205280.6392211914,XLU,4688
2018-12-20,205415.05035883206,247.36206537502585,205167.68829345703,XLU,4688
2018-12-21,204538.05328851956,247.36206537502585,204290.69122314453,XLU,4688
2018-12-24,195995.8979540469,247.36206537502585,195748.53588867188,XLU,4688
2018-12-26,198653.46374994534,247.36206537502585,198406.1016845703,XLU,4688
2018-12-27,200323.90710932034,247.36206537502585,200076.5450439453,XLU,4688
2018-12-28,200817.48621088284,247.36206537502585,200570.1241455078,XLU,4688
2018-12-31,201159.1645556094,247.36206537502585,200911.80249023438,XLU,4688
2019-01-02,197704.34332758206,247.36206537502585,197456.98126220703,XLU,4688
2019-01-03,197666.39496332424,247.36206537502585,197419.03289794922,XLU,4688
2019-01-04,200589.68872553128,247.36206537502585,200342.32666015625,XLU,4688
2019-01-07,199222.95746332424,247.36206537502585,198975.59539794922,XLU,4688
2019-01-08,201690.6920214297,247.36206537502585,201443.3299560547,XLU,4688
2019-01-09,200475.7720995547,247.36206537502585,200228.4100341797,XLU,4688
2019-01-10,203095.40741449612,247.36206537502585,202848.0453491211,XLU,4688
2019-01-11,202336.10034662503,247.36206537502585,202088.73828125,XLU,4688
2019-01-14,197780.29370600003,247.36206537502585,197532.931640625,XLU,4688
2019-01-15,200210.02624994534,247.36206537502585,199962.6641845703,XLU,4688
2019-01-16,200931.38495355862,247.36206537502585,200684.0228881836,XLU,4688
2019-01-17,201766.6245165469,247.36206537502585,201519.26245117188,XLU,4688
2019-01-18,201994.3862352969,247.36206537502585,201747.02416992188,XLU,4688
2019-01-22,202374.03082758206,247.36206537502585,202126.66876220703,XLU,4688
2019-01-23,204424.17242914456,247.36206537502585,204176.81036376953,XLU,4688
2019-01-24,205487.19159418362,247.36206537502585,205239.8295288086,XLU,4688
2019-01-25,202677.7786913516,247.36206537502585,202430.41662597656,XLU,4688
2019-01-28,201728.64038568753,247.36206537502585,201481.2783203125,XLU,4688
2019-01-29,202298.13409906643,247.36206537502585,202050.7720336914,XLU,4688
2019-01-30,203854.6429491641,247.36206537502585,203607.28088378906,XLU,4688
2019-01-31,208144.75739008206,247.36206537502585,207897.39532470703,XLU,4688
2019-02-01,207347.5377245547,247.36206537502585,207100.1756591797,XLU,4688
2019-02-04,207689.25183588284,247.36206537502585,207441.8897705078,XLU,4688
2019-02-05,208106.80902582424,247.36206537502585,207859.44696044922,XLU,4688
2019-02-06,207992.92816644924,247.36206537502585,207745.56610107422,XLU,4688
2019-02-07,210726.4085741641,247.36206537502585,210479.04650878906,XLU,4688
2019-02-08,211637.544865668,247.36206537502585,211390.18280029297,XLU,4688
2019-02-11,211561.6302538516,247.36206537502585,211314.26818847656,XLU,4688
2019-02-12,212055.1914721133,247.36206537502585,211807.82940673828,XLU,4688
2019-02-13,211447.76727777737,247.36206537502585,211200.40521240234,XLU,4688
2019-02-14,211106.07104975003,247.36206537502585,210858.708984375,XLU,4688
2019-02-15,211751.47937494534,247.36206537502585,211504.1173095703,XLU,4688
2019-02-19,213004.32977777737,247.36206537502585,212756.96771240234,XLU,4688
2019-02-20,213953.4144335391,247.36206537502585,213706.05236816406,XLU,4688
2019-02-21,215510.03058344143,247.36206537502585,215262.6685180664,XLU,4688
2019-02-22,216838.7777147891,247.36206537502585,216591.41564941406,XLU,4688
2019-02-25,215434.06232172268,247.36206537502585,215186.70025634766,XLU,4688
2019-02-26,215168.3343554141,247.36206537502585,214920.97229003906,XLU,4688
2019-02-27,215434.06232172268,247.36206537502585,215186.70025634766,XLU,4688
2019-02-28,216686.89484125393,247.36206537502585,216439.5327758789,XLU,4688
2019-03-01,216492.87897700374,278.40380305354483,216214.4751739502,XLI,3170
2019-03-04,215530.816675368,278.40380305354483,215252.41287231445,XLI,3170
2019-03-05,214144.30445307796,278.40380305354483,213865.9006500244,XLI,3170
2019-03-06,212135.14475459163,278.40380305354483,211856.7409515381,XLI,3170
2019-03-07,210861.79499262874,278.40380305354483,210583.3911895752,XLI,3170
2019-03-08,210437.3692571551,278.40380305354483,210158.96545410156,XLI,3170
2019-03-11,212220.13147944515,278.40380305354483,211941.7276763916,XLI,3170
2019-03-12,210465.69010371272,278.40380305354483,210187.28630065918,XLI,3170
2019-03-13,212304.97309321468,278.40380305354483,212026.56929016113,XLI,3170
2019-03-14,211597.5323736102,278.40380305354483,211319.12857055664,XLI,3170
2019-03-15,210851.87906855647,278.40380305354483,210573.47526550293,XLI,3170
2019-03-18,212900.99268549983,278.40380305354483,212622.5888824463,XLI,3170
2019-03-19,212132.6053106219,278.40380305354483,211854.20150756836,XLI,3170
2019-03-20,210681.2526189715,278.40380305354483,210402.84881591797,XLI,3170
2019-03-21,212701.80353755062,278.40380305354483,212423.39973449707,XLI,3170
2019-03-22,207892.0966588885,278.40380305354483,207613.69285583496,XLI,3170
2019-03-25,208375.92119807308,278.40380305354483,208097.51739501953,XLI,3170
2019-03-26,209770.43871516292,278.40380305354483,209492.03491210938,XLI,3170
2019-03-27,209998.1905614764,278.40380305354483,209719.78675842285,XLI,3170
2019-03-28,211534.9411260516,278.40380305354483,211256.53732299805,XLI,3170
2019-03-29,213811.73403376644,278.40380305354483,213533.3302307129,XLI,3170
2019-04-01,217570.17859556453,258.8234319903131,217311.35516357422,XLK,3076
2019-04-02,218323.4550237872,258.8234319903131,218064.63159179688,XLK,3076
2019-04-03,220090.6906194903,258.8234319903131,219831.8671875,XLK,3076
2019-04-04,219163.58658506648,258.8234319903131,218904.76315307617,XLK,3076
2019-04-05,220206.52875425594,258.8234319903131,219947.70532226562,XLK,3076
2019-04-08,221046.75418760555,258.8234319903131,220787.93075561523,XLK,3076
2019-04-09,220003.74161436336,258.8234319903131,219744.91818237305,XLK,3076
2019-04-10,221539.16013242977,258.8234319903131,221280.33670043945,XLK,3076
2019-04-11,221249.51785948055,258.8234319903131,220990.69442749023,XLK,3076
2019-04-12,222784.95984556453,258.8234319903131,222526.13641357422,XLK,3076
2019-04-15,222698.03430845516,258.8234319903131,222439.21087646484,XLK,3076
2019-04-16,223827.94895078914,258.8234319903131,223569.12551879883,XLK,3076
2019-04-17,225073.63132383602,258.8234319903131,224814.8078918457,XLK,3076
2019-04-18,225711.09308531063,258.8234319903131,225452.2696533203,XLK,3076
2019-04-22,226232.52896787898,258.8234319903131,225973.70553588867,XLK,3076
2019-04-23,228695.05152036922,258.8234319903131,228436.2280883789,XLK,3076
2019-04-24,228781.93012144344,258.8234319903131,228523.10668945312,XLK,3076
2019-04-25,228724.0345220782,258.8234319903131,228465.2110900879,XLK,3076
2019-04-26,227854.8495550372,258.8234319903131,227596.02612304688,XLK,3076
2019-04-29,227912.83902647273,258.8234319903131,227654.01559448242,XLK,3076
2019-04-30,228289.45377256648,258.8234319903131,228030.63034057617,XLK,3076
2019-05-01,227710.02841856258,258.8234319903131,227451.20498657227,XLK,3076
2019-05-02,226522.24164488094,258.8234319903131,226263.41821289062,XLK,3076
2019-05-03,228666.06851866023,258.8234319903131,228407.24508666992,XLK,3076
2019-05-06,226898.80945493953,258.8234319903131,226639.98602294922,XLK,3076
2019-05-07,222031.7538213946,258.8234319903131,221772.9303894043,XLK,3076
2019-05-08,221770.97721006648,258.8234319903131,221512.15377807617,XLK,3076
2019-05-09,220264.54169370906,258.8234319903131,220005.71826171875,XLK,3076
2019-05-10,220959.8051824786,258.8234319903131,220700.98175048828,XLK,3076
2019-05-13,212645.13349058406,258.8234319903131,212386.31005859375,XLK,3076
2019-05-14,216063.69614317195,258.8234319903131,215804.87271118164,XLK,3076
2019-05-15,218410.35709287898,258.8234319903131,218151.53366088867,XLK,3076
2019-05-16,220409.3393621661,258.8234319903131,220150.51593017578,XLK,3076
2019-05-17,218642.10376646297,258.8234319903131,218383.28033447266,XLK,3076
2019-05-20,214846.90289976375,258.8234319903131,214588.07946777344,XLK,3076
2019-05-21,217483.3234625079,258.8234319903131,217224.50003051758,XLK,3076
2019-05-22,216353.36188413875,258.8234319903131,216094.53845214844,XLK,3076
2019-05-23,212558.2079534747,258.8234319903131,212299.38452148438,XLK,3076
2019-05-24,212616.17395689266,258.8234319903131,212357.35052490234,XLK,3076
2019-05-28,212007.78906919734,258.8234319903131,211748.96563720703,XLK,3076
2019-05-29,210762.0597601153,258.8234319903131,210503.236328125,XLK,3076
2019-05-30,212065.661200545,258.8234319903131,211806.8377685547,XLK,3076
2019-05-31,208531.21347715633,258.8234319903131,208272.39004516602,XLK,3076
2019-06-03,204880.92761900203,258.8234319903131,204622.10418701172,XLK,3076
2019-06-04,211718.0763921954,258.8234319903131,211459.25296020508,XLK,3076
2019-06-05,214470.33508970516,258.8234319903131,214211.51165771484,XLK,3076
2019-06-06,216961.84064390438,258.8234319903131,216703.01721191406,XLK,3076
2019-06-07,220988.78818418758,258.8234319903131,220729.96475219727,XLK,3076
2019-06-10,223248.5470648028,258.8234319903131,222989.7236328125,XLK,3076
2019-06-11,223248.5470648028,258.8234319903131,222989.7236328125,XLK,3076
2019-06-12,222002.74735166805,258.8234319903131,221743.92391967773,XLK,3076
2019-06-13,222669.07477476375,258.8234319903131,222410.25134277344,XLK,3076
2019-06-14,220727.9646368243,258.8234319903131,220469.14120483398,XLK,3076
2019-06-17,220901.88611509578,258.8234319903131,220643.06268310547,XLK,3076
2019-06-18,224899.82718565242,258.8234319903131,224641.0037536621,XLK,3076
2019-06-19,225711.09308531063,258.8234319903131,225452.2696533203,XLK,3076
2019-06-20,229013.72373106258,258.8234319903131,228754.90029907227,XLK,3076
2019-06-21,227932.24707700984,258.8234319903131,227673.42364501953,XLK,3076
2019-06-24,228368.2828436114,258.8234319903131,228109.4594116211,XLK,3076
2019-06-25,224181.7058477618,258.8234319903131,223922.88241577148,XLK,3076
2019-06-26,226594.8047552325,258.8234319903131,226335.9813232422,XLK,3076
2019-06-27,227176.31876280086,258.8234319903131,226917.49533081055,XLK,3076
2019-06-28,227147.21842100398,258.8234319903131,226888.39498901367,XLK,3076
2019-07-01,230061.87653867976,269.7989019610104,229792.07763671875,XLP,4640
2019-07-02,232067.96357481257,269.7989019610104,231798.16467285156,XLP,4640
2019-07-03,234939.3954595782,269.7989019610104,234669.5965576172,XLP,4640
2019-07-05,233916.69587461726,269.7989019610104,233646.89697265625,XLP,4640
2019-07-08,234231.35224668757,269.7989019610104,233961.55334472656,XLP,4640
2019-07-09,232854.66645567195,269.7989019610104,232584.86755371094,XLP,4640
2019-07-10,234349.39484922664,269.7989019610104,234079.59594726562,XLP,4640
2019-07-11,234939.3954595782,269.7989019610104,234669.5965576172,XLP,4640
2019-07-12,235608.07343809382,269.7989019610104,235338.2745361328,XLP,4640
2019-07-15,236158.76191465632,269.7989019610104,235888.9630126953,XLP,4640
2019-07-16,236237.4569830157,269.7989019610104,235967.6580810547,XLP,4640
2019-07-17,235962.0596441485,269.7989019610104,235692.2607421875,XLP,4640
2019-07-18,237535.48310606257,269.7989019610104,237265.68420410156,XLP,4640
2019-07-19,236040.71931211726,269.7989019610104,235770.92041015625,XLP,4640
2019-07-22,234664.03352110164,269.7989019610104,234394.23461914062,XLP,4640
2019-07-23,236355.44648496882,269.7989019610104,236085.6475830078,XLP,4640
2019-07-24,234782.05842344539,269.7989019610104,234512.25952148438,XLP,4640
2019-07-25,235096.732495711,269.7989019610104,234826.93359375,XLP,4640
2019-07-26,237732.09687559382,269.7989019610104,237462.2979736328,XLP,4640
2019-07-29,238164.83125059382,269.7989019610104,237895.0323486328,XLP,4640
2019-07-30,238872.8213628985,269.7989019610104,238603.0224609375,XLP,4640
2019-07-31,234034.68537657039,269.7989019610104,233764.88647460938,XLP,4640
2019-08-01,232510.89796792477,244.608569731412,232266.28939819336,XLK,3058
2019-08-02,228724.53720437497,244.608569731412,228479.92863464355,XLK,3058
2019-08-05,219186.50847207516,244.608569731412,218941.89990234375,XLK,3058
2019-08-06,222828.2889591357,244.608569731412,222583.6803894043,XLK,3058
2019-08-07,224215.69501077145,244.608569731412,223971.08644104004,XLK,3058
2019-08-08,229707.24913369626,244.608569731412,229462.64056396484,XLK,3058
2019-08-09,227105.97069131344,244.608569731412,226861.36212158203,XLK,3058
2019-08-12,224128.92818032712,244.608569731412,223884.3196105957,XLK,3058
2019-08-13,229736.22584878415,244.608569731412,229491.61727905273,XLK,3058
2019-08-14,222683.73201333493,244.608569731412,222439.12344360352,XLK,3058
2019-08-15,222279.17787515133,244.608569731412,222034.56930541992,XLK,3058
2019-08-16,226498.95283853024,244.608569731412,226254.34426879883,XLK,3058
2019-08-19,229938.52624856442,244.608569731412,229693.917678833,XLK,3058
2019-08-20,228782.3273197314,244.608569731412,228537.71875,XLK,3058
2019-08-21,231470.3259311816,244.608569731412,231225.7173614502,XLK,3058
2019-08-22,230921.21484719723,244.608569731412,230676.60627746582,XLK,3058
2019-08-23,223290.72653542965,244.608569731412,223046.11796569824,XLK,3058
2019-08-26,226383.37260781735,244.608569731412,226138.76403808594,XLK,3058
2019-08-27,226036.53859292477,244.608569731412,225791.93002319336,XLK,3058
2019-08-28,226238.885654082,244.608569731412,225994.2770843506,XLK,3058
2019-08-29,230169.64004861325,244.608569731412,229925.03147888184,XLK,3058
2019-08-30,230111.9432560107,244.608569731412,229867.3346862793,XLK,3058
2019-09-03,227308.24776040524,244.608569731412,227063.63919067383,XLK,3058
2019-09-04,231181.28203164547,244.608569731412,230936.67346191406,XLK,3058
2019-09-05,236008.12150918454,244.608569731412,235763.51293945312,XLK,3058
2019-09-06,235805.7977787158,244.608569731412,235561.18920898438,XLK,3058
2019-09-09,234042.7443119189,244.608569731412,233798.1357421875,XLK,3058
2019-09-10,232857.70865212887,244.608569731412,232613.10008239746,XLK,3058
2019-09-11,235285.59341775387,244.608569731412,235040.98484802246,XLK,3058
2019-09-12,236557.32591592282,244.608569731412,236312.7173461914,XLK,3058
2019-09-13,234823.15584145993,244.608569731412,234578.54727172852,XLK,3058
2019-09-16,234245.06804238766,244.608569731412,234000.45947265625,XLK,3058
2019-09-17,235198.80325662106,244.608569731412,234954.19468688965,XLK,3058
2019-09-18,235169.94319497555,244.608569731412,234925.33462524414,XLK,3058
2019-09-19,235690.17088662594,244.608569731412,235445.56231689453,XLK,3058
2019-09-20,232944.5921360156,244.608569731412,232699.98356628418,XLK,3058
2019-09-23,233669.35997354,244.608569731412,233424.7514038086,XLK,3058
2019-09-24,231407.89300881833,244.608569731412,231163.2844390869,XLK,3058
2019-09-25,234162.29075967282,244.608569731412,233917.6821899414,XLK,3058
2019-09-26,234423.19784890622,244.608569731412,234178.5892791748,XLK,3058
2019-09-27,231291.9394870898,244.608569731412,231047.3309173584,XLK,3058
2019-09-30,233727.36006509274,244.608569731412,233482.75149536133,XLK,3058
2019-10-01,230860.08723180267,266.6403781649715,230593.4468536377,XLU,4308
2019-10-02,227789.77610509368,266.6403781649715,227523.1357269287,XLU,4308
2019-10-03,228325.3016025302,266.6403781649715,228058.66122436523,XLU,4308
2019-10-04,231502.6619540927,266.6403781649715,231236.02157592773,XLU,4308
2019-10-07,230610.196149039,266.6403781649715,230343.55577087402,XLU,4308
2019-10-08,228468.14346044036,266.6403781649715,228201.5030822754,XLU,4308
2019-10-09,229574.83918492767,266.6403781649715,229308.1988067627,XLU,4308
2019-10-10,229324.96453587982,266.6403781649715,229058.32415771484,XLU,4308
2019-10-11,228468.14346044036,266.6403781649715,228201.5030822754,XLU,4308
2019-10-14,227004.3595248935,266.6403781649715,226737.71914672852,XLU,4308
2019-10-15,226290.36387364837,266.6403781649715,226023.7234954834,XLU,4308
2019-10-16,226790.1460391757,266.6403781649715,226523.50566101074,XLU,4308
2019-10-17,227361.38200108978,266.6403781649715,227094.7416229248,XLU,4308
2019-10-18,228111.10455052825,266.6403781649715,227844.46417236328,XLU,4308
2019-10-21,229003.57035558196,266.6403781649715,228736.929977417,XLU,4308
2019-10-22,229967.5721256015,266.6403781649715,229700.93174743652,XLU,4308
2019-10-23,230895.7976962802,266.6403781649715,230629.15731811523,XLU,4308
2019-10-24,231681.23071019622,266.6403781649715,231414.59033203125,XLU,4308
2019-10-25,229324.96453587982,266.6403781649715,229058.32415771484,XLU,4308
2019-10-28,226183.24891393157,266.6403781649715,225916.6085357666,XLU,4308
2019-10-29,226397.4295322177,266.6403781649715,226130.78915405273,XLU,4308
2019-10-30,228396.68966405364,266.6403781649715,228130.04928588867,XLU,4308
2019-10-31,229646.2272464511,266.6403781649715,229379.58686828613,XLU,4308
2019-11-01,229075.00771825286,266.6403781649715,228808.3673400879,XLU,4308
2019-11-04,226147.5220157382,266.6403781649715,225880.88163757324,XLU,4308
2019-11-05,223826.94987218353,266.6403781649715,223560.30949401855,XLU,4308
2019-11-06,224683.83668248626,266.6403781649715,224417.1963043213,XLU,4308
2019-11-07,221649.219586539,266.6403781649715,221382.57920837402,XLU,4308
2019-11-08,220720.99401586028,266.6403781649715,220454.3536376953,XLU,4308
2019-11-11,219364.3086063144,266.6403781649715,219097.6682281494,XLU,4308
2019-11-12,219899.8341037509,266.6403781649715,219633.19372558594,XLU,4308
2019-11-13,223148.6153842685,266.6403781649715,222881.97500610352,XLU,4308
2019-11-14,223934.09769933196,266.6403781649715,223667.457321167,XLU,4308
2019-11-15,224648.09335057708,266.6403781649715,224381.4529724121,XLU,4308
2019-11-18,225112.21435277435,266.6403781649715,224845.57397460938,XLU,4308
2019-11-19,224540.9948245761,266.6403781649715,224274.35444641113,XLU,4308
2019-11-20,225897.64736669036,266.6403781649715,225631.0069885254,XLU,4308
2019-11-21,225112.21435277435,266.6403781649715,224845.57397460938,XLU,4308
2019-11-22,225183.58598058196,266.6403781649715,224916.945602417,XLU,4308
2019-11-25,224433.8798648593,266.6403781649715,224167.23948669434,XLU,4308
2019-11-26,225183.58598058196,266.6403781649715,224916.945602417,XLU,4308
2019-11-27,225576.3353549716,266.6403781649715,225309.69497680664,XLU,4308
2019-11-29,225362.0890018222,266.6403781649715,225095.44862365723,XLU,4308
2019-12-02,223228.49835798523,278.6000120379613,222949.89834594727,XLK,2706
2019-12-03,221252.9647581317,278.6000120379613,220974.36474609375,XLK,2706
2019-12-04,222150.92519209167,278.6000120379613,221872.3251800537,XLK,2706
2019-12-05,222971.920538161,278.6000120379613,222693.32052612305,XLK,2706
2019-12-06,225434.8446409442,278.6000120379613,225156.24462890625,XLK,2706
2019-12-09,224254.7683469989,278.6000120379613,223976.16833496094,XLK,2706
2019-12-10,224434.3191435077,278.6000120379613,224155.71913146973,XLK,2706
2019-12-11,225947.97963545105,278.6000120379613,225669.3796234131,XLK,2706
2019-12-12,228359.66249677917,278.6000120379613,228081.0624847412,XLK,2706
2019-12-13,229873.38492414734,278.6000120379613,229594.78491210938,XLK,2706
2019-12-16,231925.84232160827,278.6000120379613,231647.2423095703,XLK,2706
2019-12-17,231387.1073515155,278.6000120379613,231108.50733947754,XLK,2706
2019-12-18,231361.38350507995,278.6000120379613,231082.783493042,XLK,2706
2019-12-19,233029.01546308777,278.6000120379613,232750.4154510498,XLK,2706
2019-12-20,234380.36385175964,278.6000120379613,234101.76383972168,XLK,2706
2019-12-23,235049.5967619159,278.6000120379613,234770.99674987793,XLK,2706
2019-12-24,235126.85088178894,278.6000120379613,234848.25086975098,XLK,2706
2019-12-26,236877.1459867694,278.6000120379613,236598.54597473145,XLK,2706
2019-12-27,236851.40149519226,278.6000120379613,236572.8014831543,XLK,2706
2019-12-30,235487.2324735858,278.6000120379613,235208.63246154785,XLK,2706
2019-12-31,236233.5956327655,278.6000120379613,235954.99562072754,XLK,2706
2020-01-02,240660.84302351257,278.6000120379613,240382.2430114746,XLK,2706
2020-01-03,237958.16689131042,278.6000120379613,237679.56687927246,XLK,2706
2020-01-06,238524.42183515808,278.6000120379613,238245.82182312012,XLK,2706
2020-01-07,238421.42322370788,278.6000120379613,238142.82321166992,XLK,2706
2020-01-08,240969.63240644714,278.6000120379613,240691.03239440918,XLK,2706
2020-01-09,243698.11496565124,278.6000120379613,243419.51495361328,XLK,2706
2020-01-10,243131.77744123718,278.6000120379613,242853.17742919922,XLK,2706
2020-01-13,246169.09067365906,278.6000120379613,245890.4906616211,XLK,2706
2020-01-14,245010.7950041034,278.6000120379613,244732.19499206543,XLK,2706
2020-01-15,245293.94312116882,278.6000120379613,245015.34310913086,XLK,2706
2020-01-16,248588.61868879577,278.6000120379613,248310.0186767578,XLK,2706
2020-01-17,250261.6390287616,278.6000120379613,249983.03901672363,XLK,2706
2020-01-21,250158.764288161,278.6000120379613,249880.16427612305,XLK,2706
2020-01-22,251059.6150419452,278.6000120379613,250781.01502990723,XLK,2706
2020-01-23,252243.6345579364,278.6000120379613,251965.03454589844,XLK,2706
2020-01-24,251059.6150419452,278.6000120379613,250781.01502990723,XLK,2706
2020-01-27,245088.04912397644,278.6000120379613,244809.44911193848,XLK,2706
2020-01-28,249772.63820478698,278.6000120379613,249494.03819274902,XLK,2706
2020-01-29,250416.1885587909,278.6000120379613,250137.58854675293,XLK,2706
2020-01-30,252578.27165815613,278.6000120379613,252299.67164611816,XLK,2706
2020-01-31,245654.3247129657,278.6000120379613,245375.72470092773,XLK,2706
2020-02-03,248897.44936201355,278.6000120379613,248618.8493499756,XLK,2706
2020-02-04,255409.6083128192,278.6000120379613,255131.00830078125,XLK,2706
2020-02-05,256902.520437453,278.6000120379613,256623.92042541504,XLK,2706
2020-02-06,259244.81497785827,278.6000120379613,258966.2149658203,XLK,2706
2020-02-07,256876.79659101745,278.6000120379613,256598.1965789795,XLK,2706
2020-02-10,260351.60101911804,278.6000120379613,260073.00100708008,XLK,2706
2020-02-11,259476.5360471942,278.6000120379613,259197.93603515625,XLK,2706
2020-02-12,262282.10756513855,278.6000120379613,262003.5075531006,XLK,2706
2020-02-13,261587.15080854675,278.6000120379613,261308.5507965088,XLK,2706
2020-02-14,262719.66069624206,278.6000120379613,262441.0606842041,XLK,2706
2020-02-18,261741.55582258484,278.6000120379613,261462.95581054688,XLK,2706
2020-02-19,264856.10252973816,278.6000120379613,264577.5025177002,XLK,2706
2020-02-20,262101.9374143817,278.6000120379613,261823.33740234375,XLK,2706
2020-02-21,256233.32881757995,278.6000120379613,255954.728805542,XLK,2706
2020-02-24,245654.3247129657,278.6000120379613,245375.72470092773,XLK,2706
2020-02-25,237803.69994184753,278.6000120379613,237525.09992980957,XLK,2706
2020-02-26,238884.82407209656,278.6000120379613,238606.2240600586,XLK,2706
2020-02-27,226014.99376508972,278.6000120379613,225736.39375305176,XLK,2706
2020-02-28,227739.52373335144,278.6000120379613,227460.92372131348,XLK,2706
2020-03-02,240531.56069003174,240531.56069003174,0.0,ZROZ,0
2020-03-03,240531.56069003174,240531.56069003174,0.0,ZROZ,0
2020-03-04,240531.56069003174,240531.56069003174,0.0,ZROZ,0
2020-03-05,240531.56069003174,240531.56069003174,0.0,ZROZ,0
2020-03-06,240531.56069003174,240531.56069003174,0.0,ZROZ,0
2020-03-09,240531.56069003174,240531.56069003174,0.0,ZROZ,0
2020-03-10,240531.56069003174,240531.56069003174,0.0,ZROZ,0
2020-03-11,240531.56069003174,240531.56069003174,0.0,ZROZ,0
2020-03-12,240531.56069003174,240531.56069003174,0.0,ZROZ,0
2020-03-13,240531.56069003174,240531.56069003174,0.0,ZROZ,0
2020-03-16,240531.56069003174,240531.56069003174,0.0,ZROZ,0
2020-03-17,240531.56069003174,240531.56069003174,0.0,ZROZ,0
2020-03-18,240531.56069003174,240531.56069003174,0.0,ZROZ,0
2020-03-19,240531.56069003174,240531.56069003174,0.0,ZROZ,0
2020-03-20,240531.56069003174,240531.56069003174,0.0,ZROZ,0
2020-03-23,240531.56069003174,240531.56069003174,0.0,ZROZ,0
2020-03-24,240531.56069003174,240531.56069003174,0.0,ZROZ,0
2020-03-25,240531.56069003174,240531.56069003174,0.0,ZROZ,0
2020-03-26,240531.56069003174,240531.56069003174,0.0,ZROZ,0
2020-03-27,240531.56069003174,240531.56069003174,0.0,ZROZ,0
2020-03-30,240531.56069003174,240531.56069003174,0.0,ZROZ,0
2020-03-31,240531.56069003174,240531.56069003174,0.0,ZROZ,0
2020-04-01,240531.56069003174,240531.56069003174,0.0,ZROZ,0
2020-04-02,240531.56069003174,240531.56069003174,0.0,ZROZ,0
2020-04-03,240531.56069003174,240531.56069003174,0.0,ZROZ,0
2020-04-06,240531.56069003174,240531.56069003174,0.0,ZROZ,0
2020-04-07,240531.56069003174,240531.56069003174,0.0,ZROZ,0
2020-04-08,240531.56069003174,240531.56069003174,0.0,ZROZ,0
2020-04-09,240531.56069003174,240531.56069003174,0.0,ZROZ,0
2020-04-13,240531.56069003174,240531.56069003174,0.0,ZROZ,0
2020-04-14,240531.56069003174,240531.56069003174,0.0,ZROZ,0
2020-04-15,240531.56069003174,240531.56069003174,0.0,ZROZ,0
2020-04-16,240531.56069003174,240531.56069003174,0.0,ZROZ,0
2020-04-17,240531.56069003174,240531.56069003174,0.0,ZROZ,0
2020-04-20,240531.56069003174,240531.56069003174,0.0,ZROZ,0
2020-04-21,240531.56069003174,240531.56069003174,0.0,ZROZ,0
2020-04-22,240531.56069003174,240531.56069003174,0.0,ZROZ,0
2020-04-23,240531.56069003174,240531.56069003174,0.0,ZROZ,0
2020-04-24,240531.56069003174,240531.56069003174,0.0,ZROZ,0
2020-04-27,240531.56069003174,240531.56069003174,0.0,ZROZ,0
2020-04-28,240531.56069003174,240531.56069003174,0.0,ZROZ,0
2020-04-29,240531.56069003174,240531.56069003174,0.0,ZROZ,0
2020-04-30,240531.56069003174,240531.56069003174,0.0,ZROZ,0
2020-05-01,240171.7401237323,291.36259077332215,239880.37753295898,XLK,2822
2020-05-04,243355.8126792743,291.36259077332215,243064.45008850098,XLK,2822
2020-05-05,246701.7489127948,291.36259077332215,246410.38632202148,XLK,2822
2020-05-06,248617.48025129578,291.36259077332215,248326.11766052246,XLK,2822
2020-05-07,252341.2275810077,291.36259077332215,252049.86499023438,XLK,2822
2020-05-08,256037.91151045106,291.36259077332215,255746.54891967773,XLK,2822
2020-05-11,257737.8461417987,291.36259077332215,257446.4835510254,XLK,2822
2020-05-12,252422.1378898456,291.36259077332215,252130.77529907227,XLK,2822
2020-05-13,248077.87006757996,291.36259077332215,247786.50747680664,XLK,2822
2020-05-14,251234.9438133075,291.36259077332215,250943.58122253418,XLK,2822
2020-05-15,252503.11278913758,291.36259077332215,252211.75019836426,XLK,2822
2020-05-18,258682.2662315204,291.36259077332215,258390.90364074707,XLK,2822
2020-05-19,257737.8461417987,291.36259077332215,257446.4835510254,XLK,2822
2020-05-20,263377.3894004657,291.36259077332215,263086.0268096924,XLK,2822
2020-05-21,259707.61816023133,291.36259077332215,259416.255569458,XLK,2822
2020-05-22,260652.01671980164,291.36259077332215,260360.65412902832,XLK,2822
2020-05-26,260382.17933271668,291.36259077332215,260090.81674194336,XLK,2822
2020-05-27,261866.27419660828,291.36259077332215,261574.91160583496,XLK,2822
2020-05-28,261353.55517195008,291.36259077332215,261062.19258117676,XLK,2822
2020-05-29,264645.51531599305,291.36259077332215,264354.1527252197,XLK,2822
2020-06-01,264564.5619468524,291.36259077332215,264273.1993560791,XLK,2822
2020-06-02,267047.05298994324,291.36259077332215,266755.6903991699,XLK,2822
2020-06-03,269124.69106672547,291.36259077332215,268833.32847595215,XLK,2822
2020-06-04,266912.1235313251,291.36259077332215,266620.76094055176,XLK,2822
2020-06-05,273927.76641462586,291.36259077332215,273636.40382385254,XLK,2822
2020-06-08,275303.93062971375,291.36259077332215,275012.56803894043,XLK,2822
2020-06-09,276599.0984153583,291.36259077332215,276307.73582458496,XLK,2822
2020-06-10,281213.22515486024,291.36259077332215,280921.8625640869,XLK,2822
2020-06-11,265104.2797813251,291.36259077332215,264812.91719055176,XLK,2822
2020-06-12,268531.08326338074,291.36259077332215,268239.7206726074,XLK,2822
2020-06-15,271121.5049552753,291.36259077332215,270830.14236450195,XLK,2822
2020-06-16,276895.8700218036,291.36259077332215,276604.5074310303,XLK,2822
2020-06-17,276841.9369926288,291.36259077332215,276550.57440185547,XLK,2822
2020-06-18,278083.1071586444,291.36259077332215,277791.7445678711,XLK,2822
2020-06-19,276167.4188804462,291.36259077332215,275876.05628967285,XLK,2822
2020-06-22,281365.077312453,291.36259077332215,281073.7147216797,XLK,2822
2020-06-23,283394.42325971863,291.36259077332215,283103.0606689453,XLK,2822
2020-06-24,277008.81719587586,291.36259077332215,276717.45460510254,XLK,2822
2020-06-25,280553.3690757587,291.36259077332215,280262.00648498535,XLK,2822
2020-06-26,275033.6411094501,291.36259077332215,274742.27851867676,XLK,2822
2020-06-29,278036.9895744159,291.36259077332215,277745.6269836426,XLK,2822
2020-06-30,283015.55718611024,291.36259077332215,282724.1945953369,XLK,2822
2020-07-01,283475.6134605243,291.36259077332215,283184.250869751,XLK,2822
2020-07-02,285126.07180403016,291.36259077332215,284834.70921325684,XLK,2822
2020-07-06,290104.6394157245,291.36259077332215,289813.2768249512,XLK,2822
2020-07-07,287074.27061079285,291.36259077332215,286782.90802001953,XLK,2822
2020-07-08,291755.1838798358,291.36259077332215,291463.8212890625,XLK,2822
2020-07-09,292810.4411887958,291.36259077332215,292519.07859802246,XLK,2822
2020-07-10,292729.29404829285,291.36259077332215,292437.93145751953,XLK,2822
2020-07-13,286668.3411369159,291.36259077332215,286376.9785461426,XLK,2822
2020-07-14,289969.4085349872,291.36259077332215,289678.04594421387,XLK,2822
2020-07-15,291538.7197379901,291.36259077332215,291247.3571472168,XLK,2822
2020-07-16,287940.06258772156,291.36259077332215,287648.69999694824,XLK,2822
2020-07-17,289347.10103987,291.36259077332215,289055.7384490967,XLK,2822
2020-07-20,296733.7730216815,291.36259077332215,296442.4104309082,XLK,2822
2020-07-21,293757.42336653016,291.36259077332215,293466.06077575684,XLK,2822
2020-07-22,296111.46552656434,291.36259077332215,295820.102935791,XLK,2822
2020-07-23,288427.0961417987,291.36259077332215,288135.7335510254,XLK,2822
2020-07-24,284936.671062453,291.36259077332215,284645.3084716797,XLK,2822
2020-07-27,289428.24818037293,291.36259077332215,289136.8855895996,XLK,2822
2020-07-28,286046.0551719501,291.36259077332215,285754.69258117676,XLK,2822
2020-07-29,290185.8726768329,291.36259077332215,289894.51008605957,XLK,2822
2020-07-30,291809.28915022156,291.36259077332215,291517.92655944824,XLK,2822
2020-07-31,299087.8151817157,291.36259077332215,298796.4525909424,XLK,2822
2020-08-03,306447.44529341004,291.36259077332215,306156.0827026367,XLK,2822
2020-08-04,307232.0901298358,291.36259077332215,306940.7275390625,XLK,2822
2020-08-05,308368.53763960145,291.36259077332215,308077.1750488281,XLK,2822
2020-08-06,312697.73435591004,291.36259077332215,312406.3717651367,XLK,2822
2020-08-07,308043.8844871356,291.36259077332215,307752.5218963623,XLK,2822
2020-08-10,307177.9633292987,291.36259077332215,306886.6007385254,XLK,2822
2020-08-11,301658.2568931415,291.36259077332215,301366.89430236816,XLK,2822
2020-08-12,308503.83311079285,291.36259077332215,308212.47052001953,XLK,2822
2020-08-13,308639.0855216815,291.36259077332215,308347.7229309082,XLK,2822
2020-08-14,308422.7075004413,291.36259077332215,308131.34490966797,XLK,2822
2020-08-17,310479.00919721863,291.36259077332215,310187.6466064453,XLK,2822
2020-08-18,311642.49857710145,291.36259077332215,311351.1359863281,XLK,2822
2020-08-19,311263.7401542499,291.36259077332215,310972.37756347656,XLK,2822
2020-08-20,315403.4930686786,291.36259077332215,315112.1304779053,XLK,2822
2020-08-21,319408.01510237,291.36259077332215,319116.6525115967,XLK,2822
2020-08-24,322167.8790855243,291.36259077332215,321876.516494751,XLK,2822
2020-08-25,323791.31708906434,291.36259077332215,323499.954498291,XLK,2822
2020-08-26,330366.3023643329,291.36259077332215,330074.93977355957,XLK,2822
2020-08-27,330636.87177656434,291.36259077332215,330345.509185791,XLK,2822
2020-08-28,333532.0742912128,291.36259077332215,333240.71170043945,XLK,2822
2020-08-31,334587.28853987,291.36259077332215,334295.9259490967,XLK,2822
2020-09-01,340972.8300132587,291.36259077332215,340681.46742248535,XLK,2822
2020-09-02,344003.3279990985,291.36259077332215,343711.9654083252,XLK,2822
2020-09-03,324413.6461143329,291.36259077332215,324122.28352355957,XLK,2822
2020-09-04,319895.0701865985,291.36259077332215,319603.7075958252,XLK,2822
2020-09-08,305446.33631513856,291.36259077332215,305154.97372436523,XLK,2822
2020-09-09,315403.4930686786,291.36259077332215,315112.1304779053,XLK,2822
2020-09-10,308287.3259086444,291.36259077332215,307995.9633178711,XLK,2822
2020-09-11,305933.32680891297,291.36259077332215,305641.96421813965,XLK,2822
2020-09-14,312345.9962730243,291.36259077332215,312054.633682251,XLK,2822
2020-09-15,315430.55646894715,291.36259077332215,315139.1938781738,XLK,2822
2020-09-16,310560.15633772156,291.36259077332215,310268.79374694824,XLK,2822
2020-09-17,307989.67156599305,291.36259077332215,307698.3089752197,XLK,2822
2020-09-18,302686.4292716815,291.36259077332215,302395.0666809082,XLK,2822
2020-09-21,305200.22515486024,291.36259077332215,304908.8625640869,XLK,2822
2020-09-22,310027.11285017274,291.36259077332215,309735.7502593994,XLK,2822
2020-09-23,300373.33745954774,291.36259077332215,300081.9748687744,XLK,2822
2020-09-24,302054.6269798114,291.36259077332215,301763.2643890381,XLK,2822
2020-09-25,309267.91665266297,291.36259077332215,308976.55406188965,XLK,2822
2020-09-28,315179.471843703,291.36259077332215,314888.1092529297,XLK,2822
2020-09-29,314121.9538688495,291.36259077332215,313830.5912780762,XLK,2822
2020-09-30,316752.2709312274,291.36259077332215,316460.9083404541,XLK,2822
2020-10-01,320087.76504133485,291.36259077332215,319796.4024505615,XLK,2822
2020-10-02,311979.61768720887,291.36259077332215,311688.25509643555,XLK,2822
2020-10-05,318813.2231407001,291.36259077332215,318521.86054992676,XLK,2822
2020-10-06,313877.7804221942,291.36259077332215,313586.4178314209,XLK,2822
2020-10-07,319626.73991010926,291.36259077332215,319335.37731933594,XLK,2822
2020-10-08,321280.85837934754,291.36259077332215,320989.4957885742,XLK,2822
2020-10-09,326189.130046828,291.36259077332215,325897.7674560547,XLK,2822
2020-10-12,335083.7307700946,291.36259077332215,334792.3681793213,XLK,2822
2020-10-13,332941.41611860535,291.36259077332215,332650.05352783203,XLK,2822
2020-10-14,331178.7426261737,291.36259077332215,330887.3800354004,XLK,2822
2020-10-15,329687.32751081727,291.36259077332215,329395.96492004395,XLK,2822
2020-10-16,328738.1923179462,291.36259077332215,328446.82972717285,XLK,2822
2020-10-19,322718.1251640155,291.36259077332215,322426.7625732422,XLK,2822
2020-10-20,323829.9852409198,291.36259077332215,323538.6226501465,XLK,2822
2020-10-21,323341.83211897156,291.36259077332215,323050.46952819824,XLK,2822
2020-10-22,321823.2674827411,291.36259077332215,321531.9048919678,XLK,2822
2020-10-23,321470.68972395203,291.36259077332215,321179.3271331787,XLK,2822
2020-10-26,314501.5519676044,291.36259077332215,314210.18937683105,XLK,2822
2020-10-27,316074.30799482606,291.36259077332215,315782.94540405273,XLK,2822
2020-10-28,302678.35546491883,291.36259077332215,302386.9928741455,XLK,2822
2020-10-29,307722.15943525574,291.36259077332215,307430.7968444824,XLK,2822
2020-10-30,300915.6604423358,291.36259077332215,300624.2978515625,XLK,2822
2020-11-02,301674.94276045106,291.36259077332215,301383.58016967773,XLK,2822
2020-11-03,306989.9835777118,291.36259077332215,306698.6209869385,XLK,2822
2020-11-04,318921.69204328797,291.36259077332215,318630.32945251465,XLK,2822
2020-11-05,328819.51169966004,291.36259077332215,328528.1491088867,XLK,2822
2020-11-06,329985.62775800965,291.36259077332215,329694.2651672363,XLK,2822
2020-11-09,327599.24731062195,291.36259077332215,327307.88471984863,XLK,2822
2020-11-10,321497.8607749774,291.36259077332215,321206.4981842041,XLK,2822
2020-11-11,329117.8765373065,291.36259077332215,328826.5139465332,XLK,2822
2020-11-12,326189.130046828,291.36259077332215,325897.7674560547,XLK,2822
2020-11-13,328955.1085929706,291.36259077332215,328663.74600219727,XLK,2822
2020-11-16,332127.85628889344,291.36259077332215,331836.4936981201,XLK,2822
2020-11-17,330283.8849448993,291.36259077332215,329992.522354126,XLK,2822
2020-11-18,326758.6025504901,291.36259077332215,326467.2399597168,XLK,2822
2020-11-19,329389.0272636249,291.36259077332215,329097.66467285156,XLK,2822
2020-11-20,325999.3202323749,291.36259077332215,325707.95764160156,XLK,2822
2020-11-23,325918.0654411151,291.36259077332215,325626.7028503418,XLK,2822
2020-11-24,330446.58829878113,291.36259077332215,330155.2257080078,XLK,2822
2020-11-25,331151.6361656024,291.36259077332215,330860.2735748291,XLK,2822
2020-11-27,332914.33118818543,291.36259077332215,332622.9685974121,XLK,2822
2020-11-30,335137.9221610858,291.36259077332215,334846.5595703125,XLK,2822
2020-12-01,339422.4438133075,291.36259077332215,339131.0812225342,XLK,2822
2020-12-02,338907.2272910907,291.36259077332215,338615.8647003174,XLK,2822
2020-12-03,338690.3110160663,291.36259077332215,338398.94842529297,XLK,2822
2020-12-04,342079.97498701356,291.36259077332215,341788.61239624023,XLK,2822
2020-12-07,343056.2381706073,291.36259077332215,342764.875579834,XLK,2822
2020-12-08,344168.07671736024,291.36259077332215,343876.7141265869,XLK,2822
2020-12-09,337578.450939162,291.36259077332215,337287.0883483887,XLK,2822
2020-12-10,338066.60406111024,291.36259077332215,337775.2414703369,XLK,2822
2020-12-11,337361.5777244403,291.36259077332215,337070.215133667,XLK,2822
2020-12-14,338581.8421134784,291.36259077332215,338290.4795227051,XLK,2822
2020-12-15,344222.2250480487,291.36259077332215,343930.8624572754,XLK,2822
2020-12-16,346554.4141044452,291.36259077332215,346263.0515136719,XLK,2822
2020-12-17,349293.200069411,291.36259077332215,349001.8374786377,XLK,2822
2020-12-18,348073.00027082703,291.36259077332215,347781.6376800537,XLK,2822
2020-12-21,348420.88445661805,291.36259077332215,348129.5218658447,XLK,2822
2020-12-22,351437.9260978534,291.36259077332215,351146.5635070801,XLK,2822
2020-12-23,348774.23730085633,291.36259077332215,348482.874710083,XLK,2822
2020-12-24,351084.5732536151,291.36259077332215,350793.2106628418,XLK,2822
2020-12-28,355052.92463300965,291.36259077332215,354761.5620422363,XLK,2822
2020-12-29,353367.7596854999,291.36259077332215,353076.39709472656,XLK,2822
2020-12-30,353177.43314741395,291.36259077332215,352886.0705566406,XLK,2822
2020-12-31,353693.89841841004,291.36259077332215,353402.5358276367,XLK,2822
2021-01-04,347931.6117667987,291.36259077332215,347640.2491760254,XLK,2822
2021-01-05,350187.562557204,291.36259077332215,349896.19996643066,XLK,2822
2021-01-06,344153.4792747333,291.36259077332215,343862.11668395996,XLK,2822
2021-01-07,353422.12331770203,291.36259077332215,353130.7607269287,XLK,2822
2021-01-08,355705.26668928406,291.36259077332215,355413.90409851074,XLK,2822
2021-01-11,352769.6736106708,291.36259077332215,352478.31101989746,XLK,2822
2021-01-12,351084.5732536151,291.36259077332215,350793.2106628418,XLK,2822
2021-01-13,353313.39605329774,291.36259077332215,353022.0334625244,XLK,2822
2021-01-14,350214.8412589862,291.36259077332215,349923.4786682129,XLK,2822
2021-01-15,346626.94918440125,291.36259077332215,346335.58659362793,XLK,2822
2021-01-19,351138.89382551453,291.36259077332215,350847.5312347412,XLK,2822
2021-01-20,358097.09426496766,291.36259077332215,357805.73167419434,XLK,2822
2021-01-21,362717.9168815448,291.36259077332215,362426.5542907715,XLK,2822
2021-01-22,361331.56890486024,291.36259077332215,361040.2063140869,XLK,2822
2021-01-25,364348.69666670106,291.36259077332215,364057.33407592773,XLK,2822
2021-01-26,364593.2791862323,291.36259077332215,364301.916595459,XLK,2822
2021-01-27,357716.59189985535,291.36259077332215,357425.22930908203,XLK,2822
2021-01-28,359184.4530296161,291.36259077332215,358893.0904388428,XLK,2822
2021-01-29,350731.2419395282,291.36259077332215,350439.8793487549,XLK,2822
2021-02-01,359510.634822829,291.36259077332215,359219.27223205566,XLK,2822
2021-02-02,364375.86771772645,291.36259077332215,364084.5051269531,XLK,2822
2021-02-03,363125.56876753113,291.36259077332215,362834.2061767578,XLK,2822
2021-02-04,368915.1125907733,291.36259077332215,368623.75,XLK,2822
2021-02-05,368099.6365775897,291.36259077332215,367808.2739868164,XLK,2822
2021-02-08,371959.3037528827,291.36259077332215,371667.9411621094,XLK,2822
2021-02-09,371524.43775556824,291.36259077332215,371233.0751647949,XLK,2822
2021-02-10,370980.8444938495,291.36259077332215,370689.4819030762,XLK,2822
2021-02-11,375057.8800773456,291.36259077332215,374766.51748657227,XLK,2822
2021-02-12,376987.7136649921,291.36259077332215,376696.35107421875,XLK,2822
2021-02-16,375764.5427055194,291.36259077332215,375473.1801147461,XLK,2822
2021-02-17,372448.51185224793,291.36259077332215,372157.1492614746,XLK,2822
2021-02-18,370627.4916496112,291.36259077332215,370336.1290588379,XLK,2822
2021-02-19,370083.812267287,291.36259077332215,369792.4496765137,XLK,2822
2021-02-22,361929.65497968934,291.36259077332215,361638.292388916,XLK,2822
2021-02-23,360923.981609328,291.36259077332215,360632.6190185547,XLK,2822
2021-02-24,366441.5996208026,291.36259077332215,366150.2370300293,XLK,2822
2021-02-25,353639.5132560565,291.36259077332215,353348.1506652832,XLK,2822
2021-02-26,355515.04780195496,291.36259077332215,355223.68521118164,XLK,2822
2021-03-01,366957.97877119324,291.36259077332215,366666.6161804199,XLK,2822
2021-03-02,361141.32848737977,291.36259077332215,360849.96589660645,XLK,2822
2021-03-03,352063.0540427997,291.36259077332215,351771.69145202637,XLK,2822
2021-03-04,344289.4421806171,291.36259077332215,343998.07958984375,XLK,2822
2021-03-05,350785.584041579,291.36259077332215,350494.22145080566,XLK,2822
2021-03-08,342305.24496076844,291.36259077332215,342013.8823699951,XLK,2822
2021-03-09,353938.50246809266,291.36259077332215,353647.13987731934,XLK,2822
2021-03-10,352525.177211745,291.36259077332215,352233.8146209717,XLK,2822
2021-03-11,360054.16349409363,291.36259077332215,359762.8009033203,XLK,2822
2021-03-12,357471.94478987,291.36259077332215,357180.5821990967,XLK,2822
2021-03-15,361277.29139326356,291.36259077332215,360985.92880249023,XLK,2822
2021-03-16,363995.3438224628,291.36259077332215,363703.98123168945,XLK,2822
2021-03-17,363696.41920088074,291.36259077332215,363405.0566101074,XLK,2822
2021-03-18,353612.32067487977,291.36259077332215,353320.95808410645,XLK,2822
2021-03-19,352552.326732619,291.36259077332215,352260.9641418457,XLK,2822
2021-03-22,359478.9424400165,291.36259077332215,359187.57984924316,XLK,2822
2021-03-23,357245.46912763856,291.36259077332215,356954.10653686523,XLK,2822
2021-03-24,352914.5930595233,291.36259077332215,352623.23046875,XLK,2822
2021-03-25,352696.72945783875,291.36259077332215,352405.36686706543,XLK,2822
2021-03-26,361657.94446943543,291.36259077332215,361366.5818786621,XLK,2822
2021-03-29,359778.599086745,291.36259077332215,359487.2364959717,XLK,2822
2021-03-30,356373.75635908387,291.36259077332215,356082.39376831055,XLK,2822
2021-03-31,362039.28651045106,291.36259077332215,361747.92391967773,XLK,2822
2021-04-01,368206.6683799369,397.2853805167251,367809.38299942017,XLF,11542
2021-04-05,371087.5673247916,397.2853805167251,370690.2819442749,XLF,11542
2021-04-06,370340.6553680045,397.2853805167251,369943.3699874878,XLF,11542
2021-04-07,372154.7039138419,397.2853805167251,371757.4185333252,XLF,11542
2021-04-08,372261.38675228186,397.2853805167251,371864.10137176514,XLF,11542
2021-04-09,375462.48831478186,397.2853805167251,375065.20293426514,XLF,11542
2021-04-12,377063.03909603186,397.2853805167251,376665.75371551514,XLF,11542
2021-04-13,373541.7569305045,397.2853805167251,373144.4715499878,XLF,11542
2021-04-14,375782.49280086585,397.2853805167251,375385.2074203491,XLF,11542
2021-04-15,375462.48831478186,397.2853805167251,375065.20293426514,XLF,11542
2021-04-16,378130.1316558463,397.2853805167251,377732.8462753296,XLF,11542
2021-04-19,377063.03909603186,397.2853805167251,376665.75371551514,XLF,11542
2021-04-20,370020.518794213,397.2853805167251,369623.2334136963,XLF,11542
2021-04-21,375142.2636825187,397.2853805167251,374744.97830200195,XLF,11542
2021-04-22,370980.9285155875,397.2853805167251,370583.6431350708,XLF,11542
2021-04-23,377916.67792049475,397.2853805167251,377519.392539978,XLF,11542
2021-04-26,379410.6339217765,397.2853805167251,379013.34854125977,XLF,11542
2021-04-27,382398.32577816077,397.2853805167251,382001.04039764404,XLF,11542
2021-04-28,383892.10566249915,397.2853805167251,383494.8202819824,XLF,11542
2021-04-29,390721.2162582023,397.2853805167251,390323.93087768555,XLF,11542
2021-04-30,387306.70498958655,397.2853805167251,386909.4196090698,XLF,11542
2021-05-03,388062.5544217822,421.9725393053959,387640.5818824768,XLE,9053
2021-05-04,388291.6559919116,421.9725393053959,387869.6834526062,XLE,9053
2021-05-05,400818.3386167285,421.9725393053959,400396.3660774231,XLE,9053
2021-05-06,402880.7707647082,421.9725393053959,402458.79822540283,XLE,9053
2021-05-07,410060.7255643603,421.9725393053959,409638.75302505493,XLE,9053
2021-05-10,410213.4714559314,421.9725393053959,409791.498916626,XLE,9053
2021-05-11,399672.6580938098,421.9725393053959,399250.6855545044,XLE,9053
2021-05-12,401582.24074685544,421.9725393053959,401160.26820755005,XLE,9053
2021-05-13,396693.78513085813,421.9725393053959,396271.81259155273,XLE,9053
2021-05-14,408991.36618554563,421.9725393053959,408569.39364624023,XLE,9053
2021-05-17,418462.7510999438,421.9725393053959,418040.7785606384,XLE,9053
2021-05-18,408762.2300809619,421.9725393053959,408340.2575416565,XLE,9053
2021-05-19,398603.33324944944,421.9725393053959,398181.36071014404,XLE,9053
2021-05-20,397992.2460798022,421.9725393053959,397570.2735404968,XLE,9053
2021-05-21,398832.4693540332,421.9725393053959,398410.4968147278,XLE,9053
2021-05-24,402804.38055169553,421.9725393053959,402382.40801239014,XLE,9053
2021-05-25,394631.4911206958,421.9725393053959,394209.5185813904,XLE,9053
2021-05-26,398144.99197137327,421.9725393053959,397723.0194320679,XLE,9053
2021-05-27,398450.55282342405,421.9725393053959,398028.58028411865,XLE,9053
2021-05-28,399214.42041909666,421.9725393053959,398792.44787979126,XLE,9053
2021-06-01,414567.3337186572,421.9725393053959,414145.3611793518,XLE,9053
2021-06-02,422281.8818715808,421.9725393053959,421859.9093322754,XLE,9053
2021-06-03,423427.5623944995,421.9725393053959,423005.5898551941,XLE,9053
2021-06-04,426253.72400033445,421.9725393053959,425831.75146102905,XLE,9053
2021-06-07,424420.56609475584,421.9725393053959,423998.59355545044,XLE,9053
2021-06-08,428086.8473714587,421.9725393053959,427664.8748321533,XLE,9053
2021-06-09,425413.5007261035,421.9725393053959,424991.5281867981,XLE,9053
2021-06-10,424878.87283837766,421.9725393053959,424456.90029907227,XLE,9053
2021-06-11,423427.5623944995,421.9725393053959,423005.5898551941,XLE,9053
2021-06-14,421594.4390233752,421.9725393053959,421172.4664840698,XLE,9053
2021-06-15,429614.5480283496,421.9725393053959,429192.5754890442,XLE,9053
2021-06-16,427323.08337914915,421.9725393053959,426901.11083984375,XLE,9053
2021-06-17,412810.4278882739,421.9725393053959,412388.4553489685,XLE,9053
2021-06-18,400589.3061155078,421.9725393053959,400167.3335762024,XLE,9053
2021-06-21,417642.2815335986,421.9725393053959,417220.3089942932,XLE,9053
2021-06-22,420420.1639722583,421.9725393053959,419998.1914329529,XLE,9053
2021-06-23,421577.62074410886,421.9725393053959,421155.64820480347,XLE,9053
2021-06-24,425204.2564672229,421.9725393053959,424782.2839279175,XLE,9053
2021-06-25,427442.02003991575,421.9725393053959,427020.04750061035,XLE,9053
2021-06-28,413012.5580495593,421.9725393053959,412590.5855102539,XLE,9053
2021-06-29,411006.3134588,421.9725393053959,410584.3409194946,XLE,9053
2021-06-30,416099.0058377978,421.9725393053959,415677.03329849243,XLE,9053
2021-07-01,423352.41542184324,421.9725393053959,422930.44288253784,XLE,9053
2021-07-02,422426.40856301755,421.9725393053959,422004.43602371216,XLE,9053
2021-07-06,408691.46898400754,421.9725393053959,408269.49644470215,XLE,9053
2021-07-07,402055.32823693723,421.9725393053959,401633.35569763184,XLE,9053
2021-07-08,399740.48376214475,421.9725393053959,399318.51122283936,XLE,9053
2021-07-09,408228.396485686,421.9725393053959,407806.4239463806,XLE,9053
2021-07-12,407611.16218316526,421.9725393053959,407189.18964385986,XLE,9053
2021-07-13,404524.6107915637,421.9725393053959,404102.6382522583,XLE,9053
2021-07-14,392487.2123159167,421.9725393053959,392065.2397766113,XLE,9053
2021-07-15,387008.528340697,421.9725393053959,386586.5558013916,XLE,9053
2021-07-16,376051.47120034666,421.9725393053959,375629.49866104126,XLE,9053
2021-07-19,362779.43144738645,421.9725393053959,362357.45890808105,XLE,9053
2021-07-20,367640.67391335935,421.9725393053959,367218.70137405396,XLE,9053
2021-07-21,380449.7102369067,421.9725393053959,380027.7376976013,XLE,9053
2021-07-22,376205.77114236326,421.9725393053959,375783.79860305786,XLE,9053
2021-07-23,374816.8989919421,421.9725393053959,374394.9264526367,XLE,9053
2021-07-26,384076.4840978381,421.9725393053959,383654.5115585327,XLE,9053
2021-07-27,380526.9292768237,421.9725393053959,380104.9567375183,XLE,9053
2021-07-28,383999.1959890124,421.9725393053959,383577.22344970703,XLE,9053
2021-07-29,387703.0852864978,421.9725393053959,387281.1127471924,XLE,9053
2021-07-30,381529.98250329465,421.9725393053959,381108.00996398926,XLE,9053
2021-08-02,378675.0191625354,421.9725393053959,378253.04662323,XLE,9053
2021-08-03,385156.7218297717,421.9725393053959,384734.7492904663,XLE,9053
2021-08-04,374739.6454175708,421.9725393053959,374317.6728782654,XLE,9053
2021-08-05,378983.6535810229,421.9725393053959,378561.68104171753,XLE,9053
2021-08-06,382455.954827666,421.9725393053959,382033.9822883606,XLE,9053
2021-08-09,377054.5934957263,421.9725393053959,376632.6209564209,XLE,9053
2021-08-10,383690.63063943357,421.9725393053959,383268.6581001282,XLE,9053
2021-08-11,386699.96299111814,421.9725393053959,386277.99045181274,XLE,9053
2021-08-12,386314.1095327136,421.9725393053959,385892.1369934082,XLE,9053
2021-08-13,381761.50148522825,421.9725393053959,381339.52894592285,XLE,9053
2021-08-16,374739.6454175708,421.9725393053959,374317.6728782654,XLE,9053
2021-08-17,370881.55978143186,421.9725393053959,370459.58724212646,XLE,9053
2021-08-18,363165.2158368823,421.9725393053959,362743.2432975769,XLE,9053
2021-08-19,353751.3998578784,421.9725393053959,353329.427318573,XLE,9053
2021-08-20,354522.9686368701,421.9725393053959,354100.9960975647,XLE,9053
2021-08-23,367795.077458739,421.9725393053959,367373.1049194336,XLE,9053
2021-08-24,373890.8575986621,421.9725393053959,373468.8850593567,XLE,9053
2021-08-25,376745.9245427844,421.9725393053959,376323.952003479,XLE,9053
2021-08-26,371035.85972344846,421.9725393053959,370613.88718414307,XLE,9053
2021-08-27,380912.7482007739,421.9725393053959,380490.7756614685,XLE,9053
2021-08-30,376437.2555898425,421.9725393053959,376015.2830505371,XLE,9053
2021-08-31,373890.8575986621,421.9725393053959,373468.8850593567,XLE,9053
2021-09-01,367310.0718392073,427.81948935380206,366882.2523498535,VNQ,3917
2021-09-02,369238.9564598738,427.81948935380206,368811.13697052,VNQ,3917
2021-09-03,369305.4491127669,427.81948935380206,368877.6296234131,VNQ,3917
2021-09-07,365148.47787558427,427.81948935380206,364720.65838623047,VNQ,3917
2021-09-08,366977.5488060652,427.81948935380206,366549.7293167114,VNQ,3917
2021-09-09,359528.100472325,427.81948935380206,359100.2809829712,VNQ,3917
2021-09-10,354273.62690817704,427.81948935380206,353845.80741882324,VNQ,3917
2021-09-13,356668.1095207869,427.81948935380206,356240.2900314331,VNQ,3917
2021-09-14,356036.2350701033,427.81948935380206,355608.4155807495,VNQ,3917
2021-09-15,357166.87912833085,427.81948935380206,356739.05963897705,VNQ,3917
2021-09-16,357466.2903145491,427.81948935380206,357038.4708251953,VNQ,3917
2021-09-17,354273.62690817704,427.81948935380206,353845.80741882324,VNQ,3917
2021-09-20,352111.94329153886,427.81948935380206,351684.12380218506,VNQ,3917
2021-09-21,352278.30940329423,427.81948935380206,351850.48991394043,VNQ,3917
2021-09-22,355703.68215262285,427.81948935380206,355275.86266326904,VNQ,3917
2021-09-23,355005.34493338456,427.81948935380206,354577.52544403076,VNQ,3917
2021-09-24,351214.00857626786,427.81948935380206,350786.18908691406,VNQ,3917
2021-09-27,346495.71981131425,427.81948935380206,346067.90032196045,VNQ,3917
2021-09-28,344153.44513785234,427.81948935380206,343725.62564849854,VNQ,3917
2021-09-29,346730.0130242049,427.81948935380206,346302.1935348511,VNQ,3917
2021-09-30,341007.96910178056,427.81948935380206,340580.14961242676,VNQ,3917
2021-10-01,344791.75636658916,348.1530951047898,344443.6032714844,XLK,2346
2021-10-04,336815.3348883177,348.1530951047898,336467.1817932129,XLK,2346
2021-10-05,341610.251605847,348.1530951047898,341262.0985107422,XLK,2346
2021-10-06,343837.3335760618,348.1530951047898,343489.18048095703,XLK,2346
2021-10-07,346973.4475897337,348.1530951047898,346625.2944946289,XLK,2346
2021-10-08,345678.0572393919,348.1530951047898,345329.9041442871,XLK,2346
2021-10-11,343769.2116583372,348.1530951047898,343421.0585632324,XLK,2346
2021-10-12,341996.6457098509,348.1530951047898,341648.4926147461,XLK,2346
2021-10-13,344087.3764532591,348.1530951047898,343739.2233581543,XLK,2346
2021-10-14,351836.5578192259,348.1530951047898,351488.4047241211,XLK,2346
2021-10-15,354654.47124085674,348.1530951047898,354306.31814575195,XLK,2346
2021-10-18,357654.12663636456,348.1530951047898,357305.97354125977,XLK,2346
2021-10-19,361199.3301275755,348.1530951047898,360851.1770324707,XLK,2346
2021-10-20,360199.3734015013,348.1530951047898,359851.2203063965,XLK,2346
2021-10-21,361585.58104310284,348.1530951047898,361237.42794799805,XLK,2346
2021-10-22,360335.76042542706,348.1530951047898,359987.60733032227,XLK,2346
2021-10-25,361517.4591253782,348.1530951047898,361169.30603027344,XLK,2346
2021-10-26,362540.07542786846,348.1530951047898,362191.9223327637,XLK,2346
2021-10-27,362221.9106329466,348.1530951047898,361873.7575378418,XLK,2346
2021-10-28,365857.82402405987,348.1530951047898,365509.6709289551,XLK,2346
2021-10-29,367426.02421937237,348.1530951047898,367077.8711242676,XLK,2346
2021-11-01,365782.59257410106,368.7202749067219,365413.87229919434,XLF,9732
2021-11-02,366689.7330007368,368.7202749067219,366321.0127258301,XLF,9732
2021-11-03,368050.5364522749,368.7202749067219,367681.81617736816,XLF,9732
2021-11-04,363242.4880056196,368.7202749067219,362873.7677307129,XLF,9732
2021-11-05,363423.8418416792,368.7202749067219,363055.12156677246,XLF,9732
2021-11-08,365419.73640344676,368.7202749067219,365051.01612854004,XLF,9732
2021-11-09,363423.8418416792,368.7202749067219,363055.12156677246,XLF,9732
2021-11-10,362788.9734792524,368.7202749067219,362420.2532043457,XLF,9732
2021-11-11,363786.77226160106,368.7202749067219,363418.05198669434,XLF,9732
2021-11-12,364603.2543325239,368.7202749067219,364234.5340576172,XLF,9732
2021-11-15,364603.2543325239,368.7202749067219,364234.5340576172,XLF,9732
2021-11-16,364240.3981618696,368.7202749067219,363871.6778869629,XLF,9732
2021-11-17,360067.36657617625,368.7202749067219,359698.64630126953,XLF,9732
2021-11-18,358252.9372243696,368.7202749067219,357884.2169494629,XLF,9732
2021-11-19,354352.10345361766,368.7202749067219,353983.38317871094,XLF,9732
2021-11-22,359341.5799856001,368.7202749067219,358972.85971069336,XLF,9732
2021-11-23,364966.147627812,368.7202749067219,364597.4273529053,XLF,9732
2021-11-24,364149.66555688914,368.7202749067219,363780.9452819824,XLF,9732
2021-11-26,352084.12245081004,368.7202749067219,351715.4021759033,XLF,9732
2021-11-29,353172.7652120405,368.7202749067219,352804.0449371338,XLF,9732
2021-11-30,344735.89518640575,368.7202749067219,344367.174911499,XLF,9732
2021-12-01,339905.6565442759,371.0793843942811,339534.5771598816,XLE,7287
2021-12-02,349775.4797445017,371.0793843942811,349404.4003601074,XLE,7287
2021-12-03,347009.3585172373,371.0793843942811,346638.279132843,XLE,7287
2021-12-06,352164.38619668066,371.0793843942811,351793.3068122864,XLE,7287
2021-12-07,360399.70469719946,371.0793843942811,360028.6253128052,XLE,7287
2021-12-08,360336.7985044199,371.0793843942811,359965.71912002563,XLE,7287
2021-12-09,357570.73287255346,371.0793843942811,357199.6534881592,XLE,7287
2021-12-10,360211.1251073557,371.0793843942811,359840.0457229614,XLE,7287
2021-12-13,350215.54511696874,371.0793843942811,349844.46573257446,XLE,7287
2021-12-14,348769.62000710546,371.0793843942811,348398.5406227112,XLE,7287
2021-12-15,347072.2925077158,371.0793843942811,346701.21312332153,XLE,7287
2021-12-16,349272.5359769541,371.0793843942811,348901.4565925598,XLE,7287
2021-12-17,342168.83400399267,371.0793843942811,341797.7546195984,XLE,7287
2021-12-20,337934.1325422007,371.0793843942811,337563.0531578064,XLE,7287
2021-12-21,347549.7457853037,371.0793843942811,347178.6664009094,XLE,7287
2021-12-22,349778.426300593,371.0793843942811,349407.34691619873,XLE,7287
2021-12-23,349969.5076833445,371.0793843942811,349598.4282989502,XLE,7287
2021-12-27,357611.01173836767,371.0793843942811,357239.9323539734,XLE,7287
2021-12-28,357356.2458272654,371.0793843942811,356985.1664428711,XLE,7287
2021-12-29,355063.88078362524,371.0793843942811,354692.80139923096,XLE,7287
2021-12-30,352898.77360589086,371.0793843942811,352527.6942214966,XLE,7287
2021-12-31,353790.27360970556,371.0793843942811,353419.1942253113,XLE,7287
2022-01-03,363651.6807392565,414.0813663927256,363237.59937286377,XLU,5746
2022-01-04,362524.11065563833,414.0813663927256,362110.0292892456,XLU,5746
2022-01-05,362319.0122288195,414.0813663927256,361904.93086242676,XLU,5746
2022-01-06,358577.44000897085,414.0813663927256,358163.3586425781,XLU,5746
2022-01-07,361293.9803989855,414.0813663927256,360879.8990325928,XLU,5746
2022-01-10,358936.301977965,414.0813663927256,358522.22061157227,XLU,5746
2022-01-11,355707.26759228384,414.0813663927256,355293.1862258911,XLU,5746
2022-01-12,356834.793837401,414.0813663927256,356420.7124710083,XLU,5746
2022-01-13,358577.44000897085,414.0813663927256,358163.3586425781,XLU,5746
2022-01-14,356117.3329304186,414.0813663927256,355703.2515640259,XLU,5746
2022-01-18,351863.2228764025,414.0813663927256,351449.14151000977,XLU,5746
2022-01-19,353452.06166729605,414.0813663927256,353037.9803009033,XLU,5746
2022-01-20,353913.4180515734,414.0813663927256,353499.33668518066,XLU,5746
2022-01-21,353247.05091747915,414.0813663927256,352832.9695510864,XLU,5746
2022-01-24,349864.3187473742,414.0813663927256,349450.23738098145,XLU,5746
2022-01-25,344380.0784367052,414.0813663927256,343965.9970703125,XLU,5746
2022-01-26,341561.1970661608,414.0813663927256,341147.11569976807,XLU,5746
2022-01-27,344585.19878277456,414.0813663927256,344171.11741638184,XLU,5746
2022-01-28,348736.792502257,414.0813663927256,348322.71113586426,XLU,5746
2022-01-31,355348.5590580431,414.0813663927256,354934.4776916504,XLU,5746
2022-02-01,349584.0070824762,398.0692391534685,349185.93784332275,XLE,5853
2022-02-02,350709.26455165347,398.0692391534685,350311.1953125,XLE,5853
2022-02-03,347384.644270434,398.0692391534685,346986.5750312805,XLE,5853
2022-02-04,352806.4347481867,398.0692391534685,352408.3655090332,XLE,5853
2022-02-07,357307.3529877802,398.0692391534685,356909.2837486267,XLE,5853
2022-02-08,349635.22619105777,398.0692391534685,349237.1569519043,XLE,5853
2022-02-09,352550.6071343561,398.0692391534685,352152.53789520264,XLE,5853
2022-02-10,350351.1550126215,398.0692391534685,349953.085773468,XLE,5853
2022-02-11,360529.75832606753,398.0692391534685,360131.68908691406,XLE,5853
2022-02-14,352039.15285350283,398.0692391534685,351641.08361434937,XLE,5853
2022-02-15,348356.51234294375,398.0692391534685,347958.4431037903,XLE,5853
2022-02-16,351169.6336884638,398.0692391534685,350771.5644493103,XLE,5853
2022-02-17,350606.98262645205,398.0692391534685,350208.9133872986,XLE,5853
2022-02-18,348458.86125041445,398.0692391534685,348060.792011261,XLE,5853
2022-02-22,342832.50692225894,398.0692391534685,342434.43768310547,XLE,5853
2022-02-23,346361.73570872744,398.0692391534685,345963.666469574,XLE,5853
2022-02-24,343650.91861583194,398.0692391534685,343252.84937667847,XLE,5853
2022-02-25,352703.9742036005,398.0692391534685,352305.904964447,XLE,5853
2022-02-28,361399.2328362604,398.0692391534685,361001.16359710693,XLE,5853
2022-03-01,365030.63191081485,398.0692391534685,364632.5626716614,XLE,5853
2022-03-02,373367.82565928897,398.0692391534685,372969.7564201355,XLE,5853
2022-03-03,374390.7565484186,398.0692391534685,373992.68730926514,XLE,5853
2022-03-04,385182.93977595767,398.0692391534685,384784.8705368042,XLE,5853
2022-03-07,390860.31226588687,398.0692391534685,390462.2430267334,XLE,5853
2022-03-08,396998.0315652033,398.0692391534685,396599.9623260498,XLE,5853
2022-03-09,384876.0716729303,398.0692391534685,384478.00243377686,XLE,5853
2022-03-10,396640.16762782534,398.0692391534685,396242.0983886719,XLE,5853
2022-03-11,393468.82510615786,398.0692391534685,393070.7558670044,XLE,5853
2022-03-14,381704.9077706476,398.0692391534685,381306.83853149414,XLE,5853
2022-03-15,367741.51598597964,398.0692391534685,367343.4467468262,XLE,5853
2022-03-16,366053.6297822138,398.0692391534685,365655.5605430603,XLE,5853
2022-03-17,378635.958811297,398.0692391534685,378237.88957214355,XLE,5853
2022-03-18,378277.9162545343,398.0692391534685,377879.84701538086,XLE,5853
2022-03-21,393510.88997127017,398.0692391534685,393112.8207321167,XLE,5853
2022-03-22,390619.22075129946,398.0692391534685,390221.151512146,XLE,5853
2022-03-23,397332.0944695612,398.0692391534685,396934.0252304077,XLE,5853
2022-03-24,398313.0274758478,398.0692391534685,397914.95823669434,XLE,5853
2022-03-25,407039.83475734195,398.0692391534685,406641.7655181885,XLE,5853
2022-03-28,396970.56883479556,398.0692391534685,396572.4995956421,XLE,5853
2022-03-29,395937.8362069269,398.0692391534685,395539.76696777344,XLE,5853
2022-03-30,400533.4897027155,398.0692391534685,400135.420463562,XLE,5853
2022-03-31,395111.5875878473,398.0692391534685,394713.51834869385,XLE,5853
2022-04-01,398313.0274758478,398.0692391534685,397914.95823669434,XLE,5853
2022-04-04,398829.4607720514,398.0692391534685,398431.39153289795,XLE,5853
2022-04-05,392581.39934779605,398.0692391534685,392183.3301086426,XLE,5853
2022-04-06,394905.05892421206,398.0692391534685,394506.9896850586,XLE,5853
2022-04-07,400068.8560280939,398.0692391534685,399670.78678894043,XLE,5853
2022-04-08,411067.43395472964,398.0692391534685,410669.3647155762,XLE,5853
2022-04-11,398726.2634225031,398.0692391534685,398328.1941833496,XLE,5853
2022-04-12,405335.7611718317,398.0692391534685,404937.6919326782,XLE,5853
2022-04-13,411377.2046227594,398.0692391534685,410979.13538360596,XLE,5853
2022-04-14,412719.84188319644,398.0692391534685,412321.77264404297,XLE,5853
2022-04-18,418761.37464381655,398.0692391534685,418363.3054046631,XLE,5853
2022-04-19,415353.31678248843,398.0692391534685,414955.24754333496,XLE,5853
2022-04-20,416954.05905391177,398.0692391534685,416555.9898147583,XLE,5853
2022-04-21,403734.97424556216,398.0692391534685,403336.9050064087,XLE,5853
2022-04-22,393872.3709511896,398.0692391534685,393474.30171203613,XLE,5853
2022-04-25,380859.72549678286,398.0692391534685,380461.6562576294,XLE,5853
2022-04-26,381376.20344783267,398.0692391534685,380978.1342086792,XLE,5853
2022-04-27,386953.0132241388,398.0692391534685,386554.94398498535,XLE,5853
2022-04-28,398674.50845576724,398.0692391534685,398276.43921661377,XLE,5853
2022-04-29,388450.42418147525,398.0692391534685,388052.3549423218,XLE,5853
2022-05-02,394646.86460353335,398.0692391534685,394248.7953643799,XLE,5853
2022-05-03,405697.2421517511,398.0692391534685,405299.17291259766,XLE,5853
2022-05-04,422530.9581399103,398.0692391534685,422132.88890075684,XLE,5853
2022-05-05,416179.47609187564,398.0692391534685,415781.40685272217,XLE,5853
2022-05-06,428572.40159083804,398.0692391534685,428174.33235168457,XLE,5853
2022-05-09,393149.40899135073,398.0692391534685,392751.33975219727,XLE,5853
2022-05-10,396712.32985927066,398.0692391534685,396314.2606201172,XLE,5853
2022-05-11,402030.9006600519,398.0692391534685,401632.83142089844,XLE,5853
2022-05-12,403734.97424556216,398.0692391534685,403336.9050064087,XLE,5853
2022-05-13,417522.11335231265,398.0692391534685,417124.0441131592,XLE,5853
2022-05-16,428520.7805886408,398.0692391534685,428122.7113494873,XLE,5853
2022-05-17,433478.00437404116,398.0692391534685,433079.9351348877,XLE,5853
2022-05-18,422376.0058236261,398.0692391534685,421977.93658447266,XLE,5853
2022-05-19,420826.88455440005,398.0692391534685,420428.8153152466,XLE,5853
2022-05-20,422634.11083461245,398.0692391534685,422236.041595459,XLE,5853
2022-05-23,433787.77504207095,398.0692391534685,433389.7058029175,XLE,5853
2022-05-24,435440.13831569155,398.0692391534685,435042.0690765381,XLE,5853
2022-05-25,444425.00595332583,398.0692391534685,444026.93671417236,XLE,5853
2022-05-26,449330.4301171442,398.0692391534685,448932.3608779907,XLE,5853
2022-05-27,457540.8041024347,398.0692391534685,457142.73486328125,XLE,5853
2022-05-31,450673.1120324274,398.0692391534685,450275.0427932739,XLE,5853
2022-06-01,458005.5717415949,398.0692391534685,457607.5025024414,XLE,5853
2022-06-02,456559.69247676333,398.0692391534685,456161.62323760986,XLE,5853
2022-06-03,462601.22523738345,398.0692391534685,462203.15599823,XLE,5853
2022-06-06,462084.8812508722,398.0692391534685,461686.81201171875,XLE,5853
2022-06-07,475871.9757027765,398.0692391534685,475473.90646362305,XLE,5853
2022-06-08,476904.663675799,398.0692391534685,476506.5944366455,XLE,5853
2022-06-09,466370.6747689386,398.0692391534685,465972.60552978516,XLE,5853
2022-06-10,458470.20541621646,398.0692391534685,458072.136177063,XLE,5853
2022-06-13,434562.3580041071,398.0692391534685,434164.2887649536,XLE,5853
2022-06-14,435388.4280038019,398.0692391534685,434990.35876464844,XLE,5853
2022-06-15,425784.01903010806,398.0692391534685,425385.9497909546,XLE,5853
2022-06-16,401824.41665126284,398.0692391534685,401426.3474121094,XLE,5853
2022-06-17,379878.6138711115,398.0692391534685,379480.544631958,XLE,5853
2022-06-21,399538.04387141665,398.0692391534685,399139.9746322632,XLE,5853
2022-06-22,383559.8700814386,398.0692391534685,383161.80084228516,XLE,5853
2022-06-23,369357.0836663385,398.0692391534685,368959.01442718506,XLE,5853
2022-06-24,374213.25353480777,398.0692391534685,373815.1842956543,XLE,5853
2022-06-27,385178.6975655695,398.0692391534685,384780.628326416,XLE,5853
2022-06-28,395569.65700007876,398.0692391534685,395171.5877609253,XLE,5853
2022-06-29,381836.8628411432,398.0692391534685,381438.79360198975,XLE,5853
2022-06-30,373795.46279384097,398.0692391534685,373397.3935546875,XLE,5853
2022-07-01,379382.6324944635,398.0692391534685,378984.56325531006,XLE,5853
2022-07-05,364344.3762345453,398.0692391534685,363946.30699539185,XLE,5853
2022-07-06,358130.6990418573,398.0692391534685,357732.62980270386,XLE,5853
2022-07-07,371028.06801082095,398.0692391534685,370629.9987716675,XLE,5853
2022-07-08,370871.4634652277,398.0692391534685,370473.3942260742,XLE,5853
2022-07-11,367320.6887154718,398.0692391534685,366922.61947631836,XLE,5853
2022-07-12,360167.1163201471,398.0692391534685,359769.04708099365,XLE,5853
2022-07-13,359592.72103358706,398.0692391534685,359194.6517944336,XLE,5853
2022-07-14,352804.6038994928,398.0692391534685,352406.53466033936,XLE,5853
2022-07-15,358548.37814570864,398.0692391534685,358150.3089065552,XLE,5853
2022-07-18,366746.36041118106,398.0692391534685,366348.2911720276,XLE,5853
2022-07-19,378024.94655086,398.0692391534685,377626.87731170654,XLE,5853
2022-07-20,381680.1243310114,398.0692391534685,381282.0550918579,XLE,5853
2022-07-21,374996.41022731265,398.0692391534685,374598.3409881592,XLE,5853
2022-07-22,371915.7393708368,398.0692391534685,371517.67013168335,XLE,5853
2022-07-25,385544.10817195376,398.0692391534685,385146.0389328003,XLE,5853
2022-07-26,382045.7135567804,398.0692391534685,381647.64431762695,XLE,5853
2022-07-27,390661.37492610415,398.0692391534685,390263.3056869507,XLE,5853
2022-07-28,392854.3297677179,398.0692391534685,392456.26052856445,XLE,5853
2022-07-29,409876.84644557437,398.0692391534685,409478.7772064209,XLE,5853
2022-08-01,401417.8342766901,398.0692391534685,401019.7650375366,XLE,5853
2022-08-02,400477.8944192072,398.0692391534685,400079.8251800537,XLE,5853
2022-08-03,388990.39058162173,398.0692391534685,388592.32134246826,XLE,5853
2022-08-04,374578.7534508844,398.0692391534685,374180.68421173096,XLE,5853
2022-08-05,381993.4673867365,398.0692391534685,381595.398147583,XLE,5853
2022-08-08,383977.61616755923,398.0692391534685,383579.54692840576,XLE,5853
2022-08-09,390713.5317864557,398.0692391534685,390315.46254730225,XLE,5853
2022-08-10,393533.26204921206,398.0692391534685,393135.1928100586,XLE,5853
2022-08-11,407057.116182818,398.0692391534685,406659.04694366455,XLE,5853
2022-08-12,410137.9433312555,398.0692391534685,409739.87409210205,XLE,5853
2022-08-15,402148.8787636896,398.0692391534685,401750.80952453613,XLE,5853
2022-08-16,401208.9835610529,398.0692391534685,400810.9143218994,XLE,5853
2022-08-17,404550.90759517153,398.0692391534685,404152.83835601807,XLE,5853
2022-08-18,415411.769976153,398.0692391534685,415013.7007369995,XLE,5853
2022-08-19,415307.3222909113,398.0692391534685,414909.2530517578,XLE,5853
2022-08-22,414524.0316338678,398.0692391534685,414125.96239471436,XLE,5853
2022-08-23,429457.86253596743,398.0692391534685,429059.79329681396,XLE,5853
2022-08-24,434731.6891808649,398.0692391534685,434333.6199417114,XLE,5853
2022-08-25,438073.56856013736,398.0692391534685,437675.4993209839,XLE,5853
2022-08-26,432956.34646083316,398.0692391534685,432558.2772216797,XLE,5853
2022-08-29,439483.41136409243,398.0692391534685,439085.34212493896,XLE,5853
2022-08-30,424601.6926674982,398.0692391534685,424203.6234283447,XLE,5853
2022-08-31,420737.7981362482,398.0692391534685,420339.7288970947,XLE,5853
2022-09-01,409170.8675752054,449.5278840432875,408721.3396911621,XLU,5988
2022-09-02,404780.648275889,449.5278840432875,404331.1203918457,XLU,5988
2022-09-06,405810.4296784769,449.5278840432875,405360.9017944336,XLU,5988
2022-09-07,418493.26512769563,449.5278840432875,418043.73724365234,XLU,5988
2022-09-08,418168.03493360383,449.5278840432875,417718.50704956055,XLU,5988
2022-09-09,419848.1853547464,449.5278840432875,419398.6574707031,XLU,5988
2022-09-12,423858.9922700296,449.5278840432875,423409.4643859863,XLU,5988
2022-09-13,412585.44197706087,449.5278840432875,412135.9140930176,XLU,5988
2022-09-14,415945.7885041605,449.5278840432875,415496.2606201172,XLU,5988
2022-09-15,405593.60954908235,449.5278840432875,405144.08166503906,XLU,5988
2022-09-16,404076.05138257844,449.5278840432875,403626.52349853516,XLU,5988
2022-09-19,409483.5344453226,449.5278840432875,409034.0065612793,XLU,5988
2022-09-20,403535.82845167024,449.5278840432875,403086.30056762695,XLU,5988
2022-09-21,398024.5494904886,449.5278840432875,397575.0216064453,XLU,5988
2022-09-22,396605.8989472757,449.5278840432875,396156.3710632324,XLU,5988
2022-09-23,392022.2501435648,449.5278840432875,391572.7222595215,XLU,5988
2022-09-26,382582.0086121927,449.5278840432875,382132.4807281494,XLU,5988
2022-09-27,376143.1451783548,449.5278840432875,375693.6172943115,XLU,5988
2022-09-28,380181.1117158304,449.5278840432875,379731.5838317871,XLU,5988
2022-09-29,364957.03562024934,449.5278840432875,364507.50773620605,XLU,5988
2022-09-30,357917.82803968294,449.5278840432875,357468.30015563965,XLU,5988
2022-10-03,368394.7265382181,449.5278840432875,367945.1986541748,XLU,5988
2022-10-04,376197.7613740335,449.5278840432875,375748.23348999023,XLU,5988
2022-10-05,367849.0214295755,449.5278840432875,367399.4935455322,XLU,5988
2022-10-06,355735.144659556,449.5278840432875,355285.6167755127,XLU,5988
2022-10-07,348368.60538343294,449.5278840432875,347919.07749938965,XLU,5988
2022-10-10,348968.85816053255,449.5278840432875,348519.33027648926,XLU,5988
2022-10-11,347713.8049378763,449.5278840432875,347264.277053833,XLU,5988
2022-10-12,336145.6104340921,449.5278840432875,335696.0825500488,XLU,5988
2022-10-13,344548.9437318216,449.5278840432875,344099.4158477783,XLU,5988
2022-10-14,339583.3470368753,449.5278840432875,339133.81915283203,XLU,5988
2022-10-17,346677.0337586771,449.5278840432875,346227.5058746338,XLU,5988
2022-10-18,353006.8018556009,449.5278840432875,352557.2739715576,XLU,5988
2022-10-19,348423.1987367044,449.5278840432875,347973.67085266113,XLU,5988
2022-10-20,339637.89470533235,449.5278840432875,339188.36682128906,XLU,5988
2022-10-21,345913.11513379915,449.5278840432875,345463.58724975586,XLU,5988
2022-10-24,348805.1009431253,449.5278840432875,348355.57305908203,XLU,5988
2022-10-25,355789.73801282747,449.5278840432875,355340.2101287842,XLU,5988
2022-10-26,355625.98079542024,449.5278840432875,355176.45291137695,XLU,5988
2022-10-27,358463.5103059183,449.5278840432875,358013.982421875,XLU,5988
2022-10-28,368285.63120130403,449.5278840432875,367836.10331726074,XLU,5988
2022-10-31,364847.8032288919,449.5278840432875,364398.27534484863,XLU,5988
2022-11-01,365170.7171634203,405.33802065905184,364765.37914276123,XLE,4451
2022-11-02,356379.6593707567,405.33802065905184,355974.32135009766,XLE,4451
2022-11-03,362962.9095080858,405.33802065905184,362557.57148742676,XLE,4451
2022-11-04,367378.4908603197,405.33802065905184,366973.15283966064,XLE,4451
2022-11-07,373680.73494753893,405.33802065905184,373275.3969268799,XLE,4451
2022-11-08,374041.9508212572,405.33802065905184,373636.61280059814,XLE,4451
2022-11-09,355777.64423403796,405.33802065905184,355372.3062133789,XLE,4451
2022-11-10,363685.5110476976,405.33802065905184,363280.1730270386,XLE,4451
2022-11-11,374242.67913088854,405.33802065905184,373837.3411102295,XLE,4451
2022-11-14,374122.2285617357,405.33802065905184,373716.89054107666,XLE,4451
2022-11-15,378056.10951266345,405.33802065905184,377650.7714920044,XLE,4451
2022-11-16,370349.0049670702,405.33802065905184,369943.66694641113,XLE,4451
2022-11-17,371151.85028872546,405.33802065905184,370746.5122680664,XLE,4451
2022-11-18,368221.44109377917,405.33802065905184,367816.1030731201,XLE,4451
2022-11-21,363243.94951663073,405.33802065905184,362838.6114959717,XLE,4451
2022-11-22,374603.996879912,405.33802065905184,374198.65885925293,XLE,4451
2022-11-23,370549.63140139636,405.33802065905184,370144.2933807373,XLE,4451
2022-11-25,369184.87585482653,405.33802065905184,368779.5378341675,XLE,4451
2022-11-28,359069.2013858324,405.33802065905184,358663.86336517334,XLE,4451
2022-11-29,364488.2884524828,405.33802065905184,364082.95043182373,XLE,4451
2022-11-30,366294.74136385974,405.33802065905184,365889.4033432007,XLE,4451
2022-12-01,365090.43942294177,405.33802065905184,364685.1014022827,XLE,4451
2022-12-02,362922.77063784655,405.33802065905184,362517.4326171875,XLE,4451
2022-12-05,352164.8402865892,405.33802065905184,351759.5022659302,XLE,4451
2022-12-06,342892.1839679247,405.33802065905184,342486.8459472656,XLE,4451
2022-12-07,342089.37260470446,405.33802065905184,341684.0345840454,XLE,4451
2022-12-08,340563.9936603075,405.33802065905184,340158.65563964844,XLE,4451
2022-12-09,332294.8770144945,405.33802065905184,331889.53899383545,XLE,4451
2022-12-12,341005.5551913744,405.33802065905184,340600.21717071533,XLE,4451
2022-12-13,347468.3887179857,405.33802065905184,347063.05069732666,XLE,4451
2022-12-14,345340.8248446947,405.33802065905184,344935.48682403564,XLE,4451
2022-12-15,343253.5017169481,405.33802065905184,342848.16369628906,XLE,4451
2022-12-16,339038.68263278063,405.33802065905184,338633.3446121216,XLE,4451
2022-12-19,338998.06834445056,405.33802065905184,338592.7303237915,XLE,4451
2022-12-20,344107.9978183275,405.33802065905184,343702.65979766846,XLE,4451
2022-12-21,350637.3559192186,405.33802065905184,350232.01789855957,XLE,4451
2022-12-22,342566.93007693347,405.33802065905184,342161.5920562744,XLE,4451
2022-12-23,353476.1452563768,405.33802065905184,353070.8072357178,XLE,4451
2022-12-27,357247.7728045946,405.33802065905184,356842.43478393555,XLE,4451
2022-12-28,349258.43970522936,405.33802065905184,348853.1016845703,XLE,4451
2022-12-29,352908.36022219714,405.33802065905184,352503.0222015381,XLE,4451
2022-12-30,355138.92002902087,405.33802065905184,354733.5820083618,XLE,4451
2023-01-03,342688.6031497484,405.33802065905184,342283.26512908936,XLE,4451
2023-01-04,342647.98886141833,405.33802065905184,342242.6508407593,XLE,4451
2023-01-05,348893.48840365466,405.33802065905184,348488.1503829956,XLE,4451
2023-01-06,355503.9392474657,405.33802065905184,355098.60122680664,XLE,4451
2023-01-09,354246.6961062914,405.33802065905184,353841.3580856323,XLE,4451
2023-01-10,356761.1144717699,405.33802065905184,356355.77645111084,XLE,4451
2023-01-11,357856.1381686693,405.33802065905184,357450.80014801025,XLE,4451
2023-01-12,364669.2869113451,405.33802065905184,364263.94889068604,XLE,4451
2023-01-13,365196.49161562975,405.33802065905184,364791.1535949707,XLE,4451
2023-01-17,365967.1103824144,405.33802065905184,365561.7723617554,XLE,4451
2023-01-18,359275.56679568347,405.33802065905184,358870.2287750244,XLE,4451
2023-01-19,363736.58453402575,405.33802065905184,363331.2465133667,XLE,4451
2023-01-20,367345.95867953356,405.33802065905184,366940.6206588745,XLE,4451
2023-01-23,367832.61701235827,405.33802065905184,367427.2789916992,XLE,4451
2023-01-24,366413.1883853441,405.33802065905184,366007.85036468506,XLE,4451
2023-01-25,366453.8026736742,405.33802065905184,366048.46465301514,XLE,4451
2023-01-26,378011.89563021716,405.33802065905184,377606.5576095581,XLE,4451
2023-01-27,370387.5477908617,405.33802065905184,369982.20977020264,XLE,4451
2023-01-30,361911.62427554186,405.33802065905184,361506.2862548828,XLE,4451
2023-01-31,365115.4328311449,405.33802065905184,364710.09481048584,XLE,4451
2023-02-01,357937.19695315417,405.33802065905184,357531.8589324951,XLE,4451
2023-02-02,349785.71232638415,405.33802065905184,349380.3743057251,XLE,4451
2023-02-03,349015.1614764696,405.33802065905184,348609.82345581055,XLE,4451
2023-02-06,347433.4794467455,405.33802065905184,347028.1414260864,XLE,4451
2023-02-07,358707.7478030687,405.33802065905184,358302.40978240967,XLE,4451
2023-02-08,355503.9392474657,405.33802065905184,355098.60122680664,XLE,4451
2023-02-09,352462.2482608324,405.33802065905184,352056.91024017334,XLE,4451
2023-02-10,366250.93498263415,405.33802065905184,365845.5969619751,XLE,4451
2023-02-13,365318.2326053148,405.33802065905184,364912.89458465576,XLE,4451
2023-02-14,365439.8717196947,405.33802065905184,365034.53369903564,XLE,4451
2023-02-15,359234.98646578845,405.33802065905184,358829.6484451294,XLE,4451
2023-02-16,355706.70506320056,405.33802065905184,355301.3670425415,XLE,4451
2023-02-17,343053.62236819323,405.33802065905184,342648.2843475342,XLE,4451
2023-02-21,341350.26726565417,405.33802065905184,340944.9292449951,XLE,4451
2023-02-22,339079.19504580554,405.33802065905184,338673.8570251465,XLE,4451
2023-02-23,344189.1245196825,405.33802065905184,343783.78649902344,XLE,4451
2023-02-24,343742.9785998827,405.33802065905184,343337.64057922363,XLE,4451
2023-02-27,344756.8755954271,405.33802065905184,344351.53757476807,XLE,4451
2023-02-28,339809.2334826952,405.33802065905184,339403.89546203613,XLE,4451
2023-03-01,346500.709152556,405.33802065905184,346095.371131897,XLE,4451
2023-03-02,349542.36618075427,405.33802065905184,349137.0281600952,XLE,4451
2023-03-03,354287.24247775134,405.33802065905184,353881.9044570923,XLE,4451
2023-03-06,354449.4958804613,405.33802065905184,354044.15785980225,XLE,4451
2023-03-07,348285.12303957995,405.33802065905184,347879.7850189209,XLE,4451
2023-03-08,344716.32922396716,405.33802065905184,344310.9912033081,XLE,4451
2023-03-09,339849.8138125902,405.33802065905184,339444.47579193115,XLE,4451
2023-03-10,335510.3333133226,405.33802065905184,335104.9952926636,XLE,4451
2023-03-13,328697.08269534167,405.33802065905184,328291.7446746826,XLE,4451
2023-03-14,331941.5055392748,405.33802065905184,331536.1675186157,XLE,4451
2023-03-15,314137.94699893054,405.33802065905184,313732.6089782715,XLE,4451
2023-03-16,317544.5213702684,405.33802065905184,317139.1833496094,XLE,4451
2023-03-17,312556.2989276415,405.33802065905184,312150.9609069824,XLE,4451
2023-03-20,318805.4320224291,405.33802065905184,318400.09400177,XLE,4451
2023-03-21,329828.6117099291,405.33802065905184,329423.27368927,XLE,4451
2023-03-22,322821.28863558825,405.33802065905184,322415.9506149292,XLE,4451
2023-03-23,318354.6677554613,405.33802065905184,317949.32973480225,XLE,4451
2023-03-24,319584.0310214525,405.33802065905184,319178.69300079346,XLE,4451
2023-03-27,326386.4488986498,405.33802065905184,325981.1108779907,XLE,4451
2023-03-28,331426.72962222155,405.33802065905184,331021.3916015625,XLE,4451
2023-03-29,336016.24607882556,405.33802065905184,335610.9080581665,XLE,4451
2023-03-30,337491.468414641,405.33802065905184,337086.13039398193,XLE,4451
2023-03-31,339827.23145327624,405.33802065905184,339421.8934326172,XLE,4451
2023-04-03,354131.2051188418,389.5398127504741,353741.6653060913,XLI,3627
2023-04-04,346209.0138270327,389.5398127504741,345819.4740142822,XLI,3627
2023-04-05,341707.0033976504,389.5398127504741,341317.4635848999,XLI,3627
2023-04-06,341602.2379099795,389.5398127504741,341212.698097229,XLI,3627
2023-04-10,344708.28834027733,389.5398127504741,344318.74852752686,XLI,3627
2023-04-11,346767.34801740135,389.5398127504741,346377.8082046509,XLI,3627
2023-04-12,347919.04891461815,389.5398127504741,347529.5091018677,XLI,3627
2023-04-13,349210.3541132876,389.5398127504741,348820.8143005371,XLI,3627
2023-04-14,348791.62422437157,389.5398127504741,348402.0844116211,XLI,3627
2023-04-17,351548.65006513085,389.5398127504741,351159.1102523804,XLI,3627
2023-04-18,353223.8186671206,389.5398127504741,352834.2788543701,XLI,3627
2023-04-19,352944.58239240135,389.5398127504741,352555.0425796509,XLI,3627
2023-04-20,352316.4322153994,389.5398127504741,351926.8924026489,XLI,3627
2023-04-21,351513.7559077212,389.5398127504741,351124.2160949707,XLI,3627
2023-04-24,352351.2987009951,389.5398127504741,351961.7588882446,XLI,3627
2023-04-25,345859.9892374941,389.5398127504741,345470.44942474365,XLI,3627
2023-04-26,339333.7856165835,389.5398127504741,338944.245803833,XLI,3627
2023-04-27,346034.54303998436,389.5398127504741,345645.0032272339,XLI,3627
2023-04-28,349384.8525721499,389.5398127504741,348995.3127593994,XLI,3627
2023-05-01,350218.37392084755,386.5813183084829,349831.79260253906,XLK,2360
2023-05-02,346949.96693842567,386.5813183084829,346563.3856201172,XLK,2360
2023-05-03,344029.35170405067,386.5813183084829,343642.7703857422,XLK,2360
2023-05-04,342383.55275385536,386.5813183084829,341996.9714355469,XLK,2360
2023-05-05,350960.12318842567,386.5813183084829,350573.5418701172,XLK,2360
2023-05-08,350774.63185541786,386.5813183084829,350388.0505371094,XLK,2360
2023-05-09,348085.7817577616,386.5813183084829,347699.2004394531,XLK,2360
2023-05-10,352327.77516596473,386.5813183084829,351941.19384765625,XLK,2360
2023-05-11,350751.4409374491,386.5813183084829,350364.8596191406,XLK,2360
2023-05-12,350287.9106640116,386.5813183084829,349901.3293457031,XLK,2360
2023-05-15,353185.37099116005,386.5813183084829,352798.78967285156,XLK,2360
2023-05-16,353556.2816356913,386.5813183084829,353169.7003173828,XLK,2360
2023-05-17,358261.8413280741,386.5813183084829,357875.2600097656,XLK,2360
2023-05-18,365586.64235346473,386.5813183084829,365200.06103515625,XLK,2360
2023-05-19,365424.4859813944,386.5813183084829,365037.90466308594,XLK,2360
2023-05-22,366119.81740229286,386.5813183084829,365733.2360839844,XLK,2360
2023-05-23,360718.85426752723,386.5813183084829,360332.27294921875,XLK,2360
2023-05-24,358076.3860058085,386.5813183084829,357689.8046875,XLK,2360
2023-05-25,371798.89149897255,386.5813183084829,371412.31018066406,XLK,2360
2023-05-26,382345.7896923319,386.5813183084829,381959.20837402344,XLK,2360
2023-05-30,384385.61818354286,386.5813183084829,383999.0368652344,XLK,2360
2023-05-31,381186.78395502723,386.5813183084829,380800.20263671875,XLK,2360
2023-06-01,385057.79469721473,386.5813183084829,384671.21337890625,XLK,2360
2023-06-02,387259.88759272255,386.5813183084829,386873.30627441406,XLK,2360
2023-06-05,385034.63978998817,386.5813183084829,384648.0584716797,XLK,2360
2023-06-06,384941.94813959755,386.5813183084829,384555.36682128906,XLK,2360
2023-06-07,379193.2652782694,386.5813183084829,378806.68395996094,XLK,2360
2023-06-08,383296.1852001444,386.5813183084829,382909.60388183594,XLK,2360
2023-06-09,385196.83217280067,386.5813183084829,384810.2508544922,XLK,2360
2023-06-12,393564.90041010536,386.5813183084829,393178.3190917969,XLK,2360
2023-06-13,395952.4126171366,386.5813183084829,395565.8312988281,XLK,2360
2023-06-14,400032.0695995585,386.5813183084829,399645.48828125,XLK,2360
2023-06-15,405178.0406688944,386.5813183084829,404791.45935058594,XLK,2360
2023-06-16,401840.16896479286,386.5813183084829,401453.5876464844,XLK,2360
2023-06-20,399127.01161616005,386.5813183084829,398740.43029785156,XLK,2360
2023-06-21,393227.01161616005,386.5813183084829,392840.43029785156,XLK,2360
2023-06-22,396432.54384272255,386.5813183084829,396045.96252441406,XLK,2360
2023-06-23,392135.2379345194,386.5813183084829,391748.65661621094,XLK,2360
2023-06-26,389324.56349604286,386.5813183084829,388937.9821777344,XLK,2360
2023-06-27,396990.0621532694,386.5813183084829,396603.48083496094,XLK,2360
2023-06-28,397222.2954296366,386.5813183084829,396835.7141113281,XLK,2360
2023-06-29,397919.2113231913,386.5813183084829,397532.6300048828,XLK,2360
2023-06-30,404237.29603998817,386.5813183084829,403850.7147216797,XLK,2360
2023-07-03,403377.8636669413,386.5813183084829,402991.2823486328,XLK,2360
2023-07-05,400892.36623041786,386.5813183084829,400505.7849121094,XLK,2360
2023-07-06,399823.89149897255,386.5813183084829,399437.31018066406,XLK,2360
2023-07-07,398081.79982416786,386.5813183084829,397695.2185058594,XLK,2360
2023-07-10,399127.01161616005,386.5813183084829,398740.43029785156,XLK,2360
2023-07-11,399986.5160106913,386.5813183084829,399599.9346923828,XLK,2360
2023-07-12,404516.0551952616,386.5813183084829,404129.4738769531,XLK,2360
2023-07-13,409788.8560985819,386.5813183084829,409402.27478027344,XLK,2360
2023-07-14,409185.0279735819,386.5813183084829,408798.44665527344,XLK,2360
2023-07-17,414411.37501948036,386.5813183084829,414024.7937011719,XLK,2360
2023-07-18,419103.5747265116,386.5813183084829,418716.9934082031,XLK,2360
2023-07-19,418058.25490229286,386.5813183084829,417671.6735839844,XLK,2360
2023-07-20,409719.2473339335,386.5813183084829,409332.666015625,XLK,2360
2023-07-21,409510.20497553505,386.5813183084829,409123.62365722656,XLK,2360
2023-07-24,410230.2757763163,386.5813183084829,409843.6944580078,XLK,2360
2023-07-25,414922.47548334755,386.5813183084829,414535.89416503906,XLK,2360
2023-07-26,409347.5804638163,386.5813183084829,408960.9991455078,XLK,2360
2023-07-27,408162.9350780741,386.5813183084829,407776.3537597656,XLK,2360
2023-07-28,413714.53114741005,386.5813183084829,413327.94982910156,XLK,2360
2023-07-31,414666.94325678505,386.5813183084829,414280.36193847656,XLK,2360
2023-08-01,415363.78712885536,386.5813183084829,414977.2058105469,XLK,2360
2023-08-02,405096.76442377723,386.5813183084829,404710.18310546875,XLK,2360
2023-08-03,403447.5444530741,386.5813183084829,403060.9631347656,XLK,2360
2023-08-04,397965.5571483866,386.5813183084829,397578.9758300781,XLK,2360
2023-08-07,399080.59376948036,386.5813183084829,398694.0124511719,XLK,2360
2023-08-08,396014.53114741005,386.5813183084829,395627.94982910156,XLK,2360
2023-08-09,390904.13869135536,386.5813183084829,390517.5573730469,XLK,2360
2023-08-10,390950.59254877723,386.5813183084829,390564.01123046875,XLK,2360
2023-08-11,388070.27333491005,386.5813183084829,387683.69201660156,XLK,2360
2023-08-14,394249.06850092567,386.5813183084829,393862.4871826172,XLK,2360
2023-08-15,390369.8473095194,386.5813183084829,389983.26599121094,XLK,2360
2023-08-16,386653.3226513163,386.5813183084829,386266.7413330078,XLK,2360
2023-08-17,382983.25185053505,386.5813183084829,382596.67053222656,XLK,2360
2023-08-18,383563.96107905067,386.5813183084829,383177.3797607422,XLK,2360
2023-08-21,390880.9477733866,386.5813183084829,390494.3664550781,XLK,2360
2023-08-22,390439.6001171366,386.5813183084829,390053.0187988281,XLK,2360
2023-08-23,397477.7916454569,386.5813183084829,397091.21032714844,XLK,2360
2023-08-24,388325.80556147255,386.5813183084829,387939.22424316406,XLK,2360
2023-08-25,392274.6715282694,386.5813183084829,391888.09020996094,XLK,2360
2023-08-28,395480.16774408973,386.5813183084829,395093.58642578125,XLK,2360
2023-08-29,403401.09059565223,386.5813183084829,403014.50927734375,XLK,2360
2023-08-30,406443.998310496,386.5813183084829,406057.4169921875,XLK,2360
2023-08-31,408418.5033153788,386.5813183084829,408031.9219970703,XLK,2360
2023-09-01,409672.7934765116,386.5813183084829,409286.2121582031,XLK,2360
2023-09-05,411136.19801752723,386.5813183084829,410749.61669921875,XLK,2360
2023-09-06,406792.43825190223,386.5813183084829,406405.85693359375,XLK,2360
2023-09-07,400915.629169871,386.5813183084829,400529.0478515625,XLK,2360
2023-09-08,401751.8706249491,386.5813183084829,401365.2893066406,XLK,2360
2023-09-11,403842.43825190223,386.5813183084829,403455.85693359375,XLK,2360
2023-09-12,396525.3795360819,386.5813183084829,396138.79821777344,XLK,2360
2023-09-13,397524.2455028788,386.5813183084829,397137.6641845703,XLK,2360
2023-09-14,400404.67274897255,386.5813183084829,400018.09143066406,XLK,2360
2023-09-15,392715.91115229286,386.5813183084829,392329.3298339844,XLK,2360
2023-09-18,394601.5416454569,386.5813183084829,394214.96032714844,XLK,2360
2023-09-19,394392.03114741005,386.5813183084829,394005.44982910156,XLK,2360
2023-09-20,388200.092060496,386.5813183084829,387813.5107421875,XLK,2360
2023-09-21,382287.3082470194,386.5813183084829,381900.72692871094,XLK,2360
2023-09-22,383102.15932123817,386.5813183084829,382715.5780029297,XLK,2360
2023-09-25,384335.81532709755,386.5813183084829,383949.23400878906,XLK,2360
2023-09-26,377422.25697748817,386.5813183084829,377035.6756591797,XLK,2360
2023-09-27,378004.22658198036,386.5813183084829,377617.6452636719,XLK,2360
2023-09-28,380681.19313471473,386.5813183084829,380294.61181640625,XLK,2360
2023-09-29,381984.78200190223,386.5813183084829,381598.20068359375,XLK,2360
2023-10-02,384926.3835991961,418.46998683037236,384507.9136123657,XLE,4639
2023-10-03,384665.89287653985,418.46998683037236,384247.4228897095,XLE,4639
2023-10-04,372599.89889613213,418.46998683037236,372181.42890930176,XLE,4639
2023-10-05,370299.5109871966,418.46998683037236,369881.0410003662,XLE,4639
2023-10-06,372513.0804528338,418.46998683037236,372094.6104660034,XLE,4639
2023-10-09,384926.3835991961,418.46998683037236,384507.9136123657,XLE,4639
2023-10-10,385403.8319481951,418.46998683037236,384985.36196136475,XLE,4639
2023-10-11,380455.8531426531,418.46998683037236,380037.38315582275,XLE,4639
2023-10-12,380889.9099663836,418.46998683037236,380471.4399795532,XLE,4639
2023-10-13,389266.6333016497,418.46998683037236,388848.16331481934,XLE,4639
2023-10-16,391870.86806574883,418.46998683037236,391452.39807891846,XLE,4639
2023-10-17,395950.69783106865,418.46998683037236,395532.2278442383,XLE,4639
2023-10-18,399553.2208184344,418.46998683037236,399134.750831604,XLE,4639
2023-10-19,398858.77945033135,418.46998683037236,398440.309463501,XLE,4639
2023-10-20,392174.6795281512,418.46998683037236,391756.2095413208,XLE,4639
2023-10-23,385837.85337916436,418.46998683037236,385419.383392334,XLE,4639
2023-10-24,380412.4970101458,418.46998683037236,379994.02702331543,XLE,4639
2023-10-25,379718.02024928154,418.46998683037236,379299.5502624512,XLE,4639
2023-10-26,376766.61789027276,418.46998683037236,376348.1479034424,XLE,4639
2023-10-27,367738.70314112725,418.46998683037236,367320.2331542969,XLE,4639
2023-10-30,368954.0197762591,418.46998683037236,368535.5497894287,XLE,4639
2023-10-31,370169.37180415215,418.46998683037236,369750.9018173218,XLE,4639
2023-11-01,369301.22276393,418.46998683037236,368882.7527770996,XLE,4639
2023-11-02,380455.8531426531,418.46998683037236,380037.38315582275,XLE,4639
2023-11-03,376636.37252894463,418.46998683037236,376217.90254211426,XLE,4639
2023-11-06,372382.8704842669,418.46998683037236,371964.4004974365,XLE,4639
2023-11-07,364136.2863320452,418.46998683037236,363717.81634521484,XLE,4639
2023-11-08,359578.97282496514,418.46998683037236,359160.50283813477,XLE,4639
2023-11-09,358493.93694392266,418.46998683037236,358075.4669570923,XLE,4639
2023-11-10,362443.5567406756,418.46998683037236,362025.0867538452,XLE,4639
2023-11-13,365047.72071925225,418.46998683037236,364629.2507324219,XLE,4639
2023-11-14,368302.9699334246,418.46998683037236,367884.49994659424,XLE,4639
2023-11-15,367608.5639580828,418.46998683037236,367190.09397125244,XLE,4639
2023-11-16,360447.0156869036,418.46998683037236,360028.54570007324,XLE,4639
2023-11-17,367999.12307826104,418.46998683037236,367580.65309143066,XLE,4639
2023-11-20,368519.99834528985,418.46998683037236,368101.5283584595,XLE,4639
2023-11-21,367695.38240138115,418.46998683037236,367276.9124145508,XLE,4639
2023-11-22,367521.71012202324,418.46998683037236,367103.2401351929,XLE,4639
2023-11-24,369040.8028267962,418.46998683037236,368622.3328399658,XLE,4639
2023-11-27,367738.70314112725,418.46998683037236,367320.2331542969,XLE,4639
2023-11-28,367825.59236994805,418.46998683037236,367407.1223831177,XLE,4639
2023-11-29,365091.18303004326,418.46998683037236,364672.7130432129,XLE,4639
2023-11-30,367521.71012202324,418.46998683037236,367103.2401351929,XLE,4639
2023-12-01,368326.0563192431,397.85044766106876,367928.20587158203,XLK,2010
2023-12-04,363845.45176602044,397.85044766106876,363447.6013183594,XLK,2010
2023-12-05,366026.2845907275,397.85044766106876,365628.4341430664,XLK,2010
2023-12-06,362933.4437093798,397.85044766106876,362535.59326171875,XLK,2010
2023-12-07,367334.7965536181,397.85044766106876,366936.94610595703,XLK,2010
2023-12-08,370467.26328945794,397.85044766106876,370069.4128417969,XLK,2010
2023-12-11,373698.9173421923,397.85044766106876,373301.06689453125,XLK,2010
2023-12-12,376177.09742642083,397.85044766106876,375779.24697875977,XLK,2010
2023-12-13,379488.0645284716,397.85044766106876,379090.21408081055,XLK,2010
2023-12-14,378556.2128744189,397.85044766106876,378158.3624267578,XLK,2010
2023-12-15,380459.4806966845,397.85044766106876,380061.63024902344,XLK,2010
2023-12-18,381596.05570889154,397.85044766106876,381198.20526123047,XLK,2010
2023-12-19,383046.5092001025,397.85044766106876,382648.6587524414,XLK,2010
2023-12-20,377264.4468221728,397.85044766106876,376866.5963745117,XLK,2010
2023-12-21,381496.6537008349,397.85044766106876,381098.8032531738,XLK,2010
2023-12-22,381993.449049956,397.85044766106876,381595.5986022949,XLK,2010
2023-12-26,383583.0224142138,397.85044766106876,383185.17196655273,XLK,2010
2023-12-27,383563.08680630365,397.85044766106876,383165.2363586426,XLK,2010
2023-12-28,384020.1642904345,397.85044766106876,383622.31384277344,XLK,2010
2023-12-29,382847.8585348193,397.85044766106876,382450.0080871582,XLK,2010
2024-01-02,371717.9443767916,431.24779781210236,371286.6965789795,VNQ,4461
2024-01-03,362843.9673794161,431.24779781210236,362412.719581604,VNQ,4461
2024-01-04,362177.4652813326,431.24779781210236,361746.2174835205,VNQ,4461
2024-01-05,361260.8759945284,431.24779781210236,360829.6281967163,VNQ,4461
2024-01-08,366426.8713711153,431.24779781210236,365995.6235733032,VNQ,4461
2024-01-09,363968.9513119112,431.24779781210236,363537.7035140991,VNQ,4461
2024-01-10,364385.53639491904,431.24779781210236,363954.28859710693,VNQ,4461
2024-01-11,361010.9589794527,431.24779781210236,360579.7111816406,VNQ,4461
2024-01-12,363177.33755000937,431.24779781210236,362746.08975219727,VNQ,4461
2024-01-16,360510.98881038534,431.24779781210236,360079.74101257324,VNQ,4461
2024-01-17,353928.43397792685,431.24779781210236,353497.18618011475,VNQ,4461
2024-01-18,352012.0064571749,431.24779781210236,351580.7586593628,VNQ,4461
2024-01-19,356219.85614284384,431.24779781210236,355788.60834503174,VNQ,4461
2024-01-22,358344.6102398287,431.24779781210236,357913.3624420166,VNQ,4461
2024-01-23,355886.5540417086,431.24779781210236,355455.3062438965,VNQ,4461
2024-01-24,350803.84164699423,431.24779781210236,350372.5938491821,VNQ,4461
2024-01-25,355303.30089076865,431.24779781210236,354872.05309295654,VNQ,4461
2024-01-26,354303.3945873629,431.24779781210236,353872.1467895508,VNQ,4461
2024-01-29,356636.47526058066,431.24779781210236,356205.22746276855,VNQ,4461
2024-01-30,353303.5223186861,431.24779781210236,352872.274520874,VNQ,4461
2024-01-31,349928.9789379488,431.24779781210236,349497.7311401367,VNQ,4461
2024-02-01,356261.58272060263,431.24779781210236,355830.3349227905,VNQ,4461
2024-02-02,351845.4064587008,431.24779781210236,351414.1586608887,VNQ,4461
2024-02-05,344471.37400325644,431.24779781210236,344040.12620544434,VNQ,4461
2024-02-06,349095.7407024752,431.24779781210236,348664.4929046631,VNQ,4461
2024-02-07,348595.7705334078,431.24779781210236,348164.5227355957,VNQ,4461
2024-02-08,351428.82137569296,431.24779781210236,350997.57357788086,VNQ,4461
2024-02-09,351970.3819836031,431.24779781210236,351539.134185791,VNQ,4461
2024-02-12,352053.7330349337,431.24779781210236,351622.4852371216,VNQ,4461
2024-02-13,344804.6420696627,431.24779781210236,344373.3942718506,VNQ,4461
2024-02-14,347512.6493175875,431.24779781210236,347081.4015197754,VNQ,4461
2024-02-15,355594.9104488741,431.24779781210236,355163.662651062,VNQ,4461
2024-02-16,351928.75751003134,431.24779781210236,351497.50971221924,VNQ,4461
2024-02-20,351303.8458507906,431.24779781210236,350872.5980529785,VNQ,4461
2024-02-21,353261.89784511435,431.24779781210236,352830.65004730225,VNQ,4461
2024-02-22,353928.43397792685,431.24779781210236,353497.18618011475,VNQ,4461
2024-02-23,353761.86801418173,431.24779781210236,353330.6202163696,VNQ,4461
2024-02-26,349887.28639491904,431.24779781210236,349456.03859710693,VNQ,4461
2024-02-27,350303.97358211386,431.24779781210236,349872.72578430176,VNQ,4461
2024-02-28,353845.2190655123,431.24779781210236,353413.9712677002,VNQ,4461
2024-02-29,356844.76780208456,431.24779781210236,356413.52000427246,VNQ,4461
2024-03-01,360014.1787067286,635.0031391016673,359379.17556762695,VUG,1055
2024-03-04,358413.77770575206,635.0031391016673,357778.7745666504,VUG,1055
2024-03-05,352681.62606390635,635.0031391016673,352046.6229248047,VUG,1055
2024-03-06,354302.98669012706,635.0031391016673,353667.9835510254,VUG,1055
2024-03-07,359125.11712225596,635.0031391016673,358490.1139831543,VUG,1055
2024-03-08,355683.71407660167,635.0031391016673,355048.7109375,VUG,1055
2024-03-11,353738.1392780177,635.0031391016673,353103.136138916,VUG,1055
2024-03-12,360035.13833197276,635.0031391016673,359400.1351928711,VUG,1055
2024-03-13,358340.5638995997,635.0031391016673,357705.56076049805,VUG,1055
2024-03-14,358466.0962787501,635.0031391016673,357831.09313964844,VUG,1055
2024-03-15,354271.5633502833,635.0031391016673,353636.56021118164,VUG,1055
2024-03-18,357503.75649603526,635.0031391016673,356868.7533569336,VUG,1055
2024-03-19,359543.50472601573,635.0031391016673,358908.50158691406,VUG,1055
2024-03-20,363194.08547552745,635.0031391016673,362559.0823364258,VUG,1055
2024-03-21,363003.3883014552,635.0031391016673,362368.3851623535,VUG,1055
2024-03-22,363328.14980658214,635.0031391016673,362693.14666748047,VUG,1055
2024-03-25,362155.0225177638,635.0031391016673,361520.0193786621,VUG,1055
2024-03-26,361254.24157293956,635.0031391016673,360619.2384338379,VUG,1055
2024-03-27,362039.8250690333,635.0031391016673,361404.82192993164,VUG,1055
2024-03-28,361159.9715534083,635.0031391016673,360524.96841430664,VUG,1055
2024-04-01,360152.9869889933,533.1948289591237,359619.7921600342,XLK,1739
2024-04-02,356691.9428758341,533.1948289591237,356158.748046875,XLK,1739
2024-04-03,357639.00478074135,533.1948289591237,357105.8099517822,XLK,1739
2024-04-04,351991.15543076576,533.1948289591237,351457.96060180664,XLK,1739
2024-04-05,356020.4207658488,533.1948289591237,355487.22593688965,XLK,1739
2024-04-08,355607.1906785685,533.1948289591237,355073.9958496094,XLK,1739
2024-04-09,357397.96053025307,533.1948289591237,356864.76570129395,XLK,1739
2024-04-10,353024.35005662026,533.1948289591237,352491.15522766113,XLK,1739
2024-04-11,360066.9073381144,533.1948289591237,359533.7125091553,XLK,1739
2024-04-12,354246.8721513468,533.1948289591237,353713.6773223877,XLK,1739
2024-04-15,347531.43877121987,533.1948289591237,346998.24394226074,XLK,1739
2024-04-16,347944.6953935343,533.1948289591237,347411.5005645752,XLK,1739
2024-04-17,342933.9787492472,533.1948289591237,342400.7839202881,XLK,1739
2024-04-18,339025.23553940834,533.1948289591237,338492.0407104492,XLK,1739
2024-04-19,332051.5101365763,533.1948289591237,331518.3153076172,XLK,1739
2024-04-22,335013.21797654213,533.1948289591237,334480.023147583,XLK,1739
2024-04-23,339972.2443742472,533.1948289591237,339439.0495452881,XLK,1739
2024-04-24,341521.9699754435,533.1948289591237,340988.7751464844,XLK,1739
2024-04-25,340781.58945176186,533.1948289591237,340248.39462280273,XLK,1739
2024-04-26,344621.4211778361,533.1948289591237,344088.22634887695,XLK,1739
2024-04-29,346102.2618303019,533.1948289591237,345569.0670013428,XLK,1739
2024-04-30,338491.4037217814,533.1948289591237,337958.20889282227,XLK,1739
2024-05-01,335030.3861436564,533.1948289591237,334497.19131469727,XLK,1739
2024-05-02,339851.74878403725,533.1948289591237,339318.5539550781,XLK,1739
2024-05-03,349304.96085068764,533.1948289591237,348771.7660217285,XLK,1739
2024-05-06,353403.1376695353,533.1948289591237,352869.9428405762,XLK,1739
2024-05-07,352249.42091843666,533.1948289591237,351716.22608947754,XLK,1739
2024-05-08,353248.1730699259,533.1948289591237,352714.9782409668,XLK,1739
2024-05-09,353144.8721818644,533.1948289591237,352611.6773529053,XLK,1739
2024-05-10,354453.47392746987,533.1948289591237,353920.27909851074,XLK,1739
2024-05-13,356123.7216539103,533.1948289591237,355590.5268249512,XLK,1739
2024-05-14,359274.81003281655,533.1948289591237,358741.6152038574,XLK,1739
2024-05-15,367350.5619401652,533.1948289591237,366817.36711120605,XLK,1739
2024-05-16,366076.3495988566,533.1948289591237,365543.15476989746,XLK,1739
2024-05-17,365267.0841264445,533.1948289591237,364733.88929748535,XLK,1739
2024-05-20,369554.6149491984,533.1948289591237,369021.42012023926,XLK,1739
2024-05-21,370157.27864548744,533.1948289591237,369624.0838165283,XLK,1739
2024-05-22,370983.76535508217,533.1948289591237,370450.57052612305,XLK,1739
2024-05-23,367970.4203386027,533.1948289591237,367437.22550964355,XLK,1739
2024-05-24,371069.89807602944,533.1948289591237,370536.7032470703,XLK,1739
2024-05-28,372636.81837937416,533.1948289591237,372103.62355041504,XLK,1739
2024-05-29,370277.82730576576,533.1948289591237,369744.63247680664,XLK,1739
2024-05-30,361840.45595261635,533.1948289591237,361307.2611236572,XLK,1739
2024-05-31,362408.70370957436,533.1948289591237,361875.50888061523,XLK,1739
2024-06-03,362234.5343570658,514.4707889505662,361720.06356811523,VUG,1031
2024-06-04,363780.2163028666,514.4707889505662,363265.745513916,VUG,1031
2024-06-05,370126.5234622904,514.4707889505662,369612.05267333984,VUG,1031
2024-06-06,370546.1852664896,514.4707889505662,370031.71447753906,VUG,1031
2024-06-07,370167.5205631205,514.4707889505662,369653.0497741699,VUG,1031
2024-06-10,371293.4463138529,514.4707889505662,370778.97552490234,VUG,1031
2024-06-11,374998.88573646033,514.4707889505662,374484.41494750977,VUG,1031
2024-06-12,380055.4675235697,514.4707889505662,379540.99673461914,VUG,1031
2024-06-13,380495.61214637244,514.4707889505662,379981.1413574219,VUG,1031
2024-06-14,381805.85180091346,514.4707889505662,381291.3810119629,VUG,1031
2024-06-17,384927.7983341166,514.4707889505662,384413.327545166,VUG,1031
2024-06-18,385644.31942176307,514.4707889505662,385129.8486328125,VUG,1031
2024-06-20,383085.3200321146,514.4707889505662,382570.84924316406,VUG,1031
2024-06-21,382716.8495426127,514.4707889505662,382202.3787536621,VUG,1031
2024-06-24,378980.67016028846,514.4707889505662,378466.1993713379,VUG,1031
2024-06-25,384211.2772464701,514.4707889505662,383696.80645751953,VUG,1031
2024-06-26,385869.5360355326,514.4707889505662,385355.06524658203,VUG,1031
2024-06-27,386992.755914683,514.4707889505662,386478.2851257324,VUG,1031
2024-06-28,383815.74804114783,514.4707889505662,383301.27725219727,VUG,1031
2024-07-01,386572.590692515,514.4707889505662,386058.11990356445,VUG,1031
2024-07-02,389903.29836463416,514.4707889505662,389388.8275756836,VUG,1031
2024-07-03,392793.3579959818,514.4707889505662,392278.88720703125,VUG,1031
2024-07-05,397497.38988685096,514.4707889505662,396982.9190979004,VUG,1031
2024-07-08,397538.355524058,514.4707889505662,397023.8847351074,VUG,1031
2024-07-09,398491.4515933939,514.4707889505662,397976.98080444336,VUG,1031
2024-07-10,402191.1646366068,514.4707889505662,401676.69384765625,VUG,1031
2024-07-11,393797.67684363807,514.4707889505662,393283.2060546875,VUG,1031
2024-07-12,396185.54558753455,514.4707889505662,395671.074798584,VUG,1031
2024-07-15,397169.4445438334,514.4707889505662,396654.9737548828,VUG,1031
2024-07-16,397097.67601966346,514.4707889505662,396583.2052307129,VUG,1031
2024-07-17,386254.8710269877,514.4707889505662,385740.4002380371,VUG,1031
2024-07-18,383170.0830326029,514.4707889505662,382655.61224365234,VUG,1031
2024-07-19,380874.4970951029,514.4707889505662,380360.02630615234,VUG,1031
2024-07-22,386787.7704105326,514.4707889505662,386273.29962158203,VUG,1031
2024-07-23,386746.80477332557,514.4707889505662,386232.333984375,VUG,1031
2024-07-24,372388.6950321146,514.4707889505662,371874.22424316406,VUG,1031
2024-07-25,368104.89129065955,514.4707889505662,367590.420501709,VUG,1031
2024-07-26,371220.4192447611,514.4707889505662,370705.94845581055,VUG,1031
2024-07-29,372276.02379798377,514.4707889505662,371761.5530090332,VUG,1031
2024-07-30,367920.4200687357,514.4707889505662,367405.94927978516,VUG,1031
2024-07-31,376939.0271243998,514.4707889505662,376424.5563354492,VUG,1031
2024-08-01,370759.193994517,514.4707889505662,370244.7232055664,VUG,1031
2024-08-02,362919.15133094275,514.4707889505662,362404.6805419922,VUG,1031
2024-08-05,350067.7086429545,514.4707889505662,349553.2378540039,VUG,1031
2024-08-06,354546.2722110697,514.4707889505662,354031.80142211914,VUG,1031
2024-08-07,351194.9873294779,514.4707889505662,350680.51654052734,VUG,1031
2024-08-08,361720.1041202494,514.4707889505662,361205.6333312988,VUG,1031
2024-08-09,364271.99273108924,514.4707889505662,363757.5219421387,VUG,1031
2024-08-12,365706.7654056498,514.4707889505662,365192.2946166992,VUG,1031
2024-08-13,373844.04491614783,514.4707889505662,373329.57412719727,VUG,1031
2024-08-14,374643.3782596537,514.4707889505662,374128.9074707031,VUG,1031
2024-08-15,382104.221338267,514.4707889505662,381589.7505493164,VUG,1031
2024-08-16,382934.3575687357,514.4707889505662,382419.88677978516,VUG,1031
2024-08-19,387576.90954017127,514.4707889505662,387062.4387512207,VUG,1031
2024-08-20,387187.45281409705,514.4707889505662,386672.9820251465,VUG,1031
2024-08-21,389001.42507361853,514.4707889505662,388486.95428466797,VUG,1031
2024-08-22,383303.26854896033,514.4707889505662,382788.79776000977,VUG,1031
2024-08-23,387689.67516517127,514.4707889505662,387175.2043762207,VUG,1031
2024-08-26,385445.2490787455,514.4707889505662,384930.7782897949,VUG,1031
2024-08-27,386603.3306522318,514.4707889505662,386088.85986328125,VUG,1031
2024-08-28,382524.44948768103,514.4707889505662,382009.97869873047,VUG,1031
2024-08-29,381612.3190555521,514.4707889505662,381097.84826660156,VUG,1031
2024-08-30,385393.9633731791,514.4707889505662,384879.4925842285,VUG,1031
2024-09-03,374008.0018558451,514.4707889505662,373493.53106689453,VUG,1031
2024-09-04,372808.9231815287,514.4707889505662,372294.4523925781,VUG,1031
2024-09-05,373157.3513431498,514.4707889505662,372642.8805541992,VUG,1031
2024-09-06,365594.0627078959,514.4707889505662,365079.5919189453,VUG,1031
2024-09-09,370134.1061954447,514.4707889505662,369619.63540649414,VUG,1031
2024-09-10,372747.41179847205,514.4707889505662,372232.9410095215,VUG,1031
2024-09-11,380310.7948245951,514.4707889505662,379796.32403564453,VUG,1031
2024-09-12,384030.9906864115,514.4707889505662,383516.51989746094,VUG,1031
2024-09-13,385496.4718570658,514.4707889505662,384982.00106811523,VUG,1031
2024-09-16,384051.442041392,514.4707889505662,383536.9712524414,VUG,1031
2024-09-17,384112.9534244486,514.4707889505662,383598.48263549805,VUG,1031
2024-09-18,382667.9236087748,514.4707889505662,382153.4528198242,VUG,1031
2024-09-19,392045.2159671732,514.4707889505662,391530.74517822266,VUG,1031
2024-09-20,390866.6515750834,514.4707889505662,390352.1807861328,VUG,1031
2024-09-23,391840.23046302283,514.4707889505662,391325.75967407227,VUG,1031
2024-09-24,393367.28594397986,514.4707889505662,392852.8151550293,VUG,1031
2024-09-25,394279.3849124857,514.4707889505662,393764.91412353516,VUG,1031
2024-09-26,395002.7336063334,514.4707889505662,394488.2628173828,VUG,1031
2024-09-27,392796.72460364783,514.4707889505662,392282.25381469727,VUG,1031
2024-09-30,394448.6592044779,514.4707889505662,393934.18841552734,VUG,1031
2024-10-01,389174.7267093607,514.4707889505662,388660.25592041016,VUG,1031
2024-10-02,389595.4268131205,514.4707889505662,389080.9560241699,VUG,1031
2024-10-03,389615.94109534705,514.4707889505662,389101.4703063965,VUG,1031
2024-10-04,393874.03905677283,514.4707889505662,393359.56826782227,VUG,1031
2024-10-07,389390.1895999857,514.4707889505662,388875.71881103516,VUG,1031
2024-10-08,395762.01375770057,514.4707889505662,395247.54296875,VUG,1031
2024-10-09,398296.40859412635,514.4707889505662,397781.9378051758,VUG,1031
2024-10-10,397968.05422400916,514.4707889505662,397453.5834350586,VUG,1031
2024-10-11,399435.3288211771,514.4707889505662,398920.85803222656,VUG,1031
2024-10-14,402882.8609256693,514.4707889505662,402368.39013671875,VUG,1031
2024-10-15,399250.6058902689,514.4707889505662,398736.13510131836,VUG,1031
2024-10-16,399876.48027991736,514.4707889505662,399362.0094909668,VUG,1031
2024-10-17,400369.01183509314,514.4707889505662,399854.5410461426,VUG,1031
2024-10-18,402913.63234900916,514.4707889505662,402399.1615600586,VUG,1031
2024-10-21,404627.141260142,514.4707889505662,404112.6704711914,VUG,1031
2024-10-22,404555.30980872596,514.4707889505662,404040.8390197754,VUG,1031
2024-10-23,398686.2743473002,514.4707889505662,398171.8035583496,VUG,1031
2024-10-24,401354.04348182166,514.4707889505662,400839.5726928711,VUG,1031
2024-10-25,403211.18383216346,514.4707889505662,402696.7130432129,VUG,1031
2024-10-28,403878.1497135111,514.4707889505662,403363.67892456055,VUG,1031
2024-10-29,407140.99035071814,514.4707889505662,406626.5195617676,VUG,1031
2024-10-30,405037.58422278846,514.4707889505662,404523.1134338379,VUG,1031
2024-10-31,393412.341852183,514.4707889505662,392897.8710632324,VUG,1031
2024-11-01,395375.8853828379,465.6766120859538,394910.20877075195,XLU,5203
2024-11-04,390675.15557784523,465.6766120859538,390209.4789657593,XLU,5203
2024-11-05,396538.45451278175,465.6766120859538,396072.7779006958,XLU,5203
2024-11-06,392444.31530684914,465.6766120859538,391978.6386947632,XLU,5203
2024-11-07,393151.931563563,465.6766120859538,392686.25495147705,XLU,5203
2024-11-08,400683.1660911509,465.6766120859538,400217.48947906494,XLU,5203
2024-11-11,401795.1628486582,465.6766120859538,401329.48623657227,XLU,5203
2024-11-12,397195.53809279884,465.6766120859538,396729.8614807129,XLU,5203
2024-11-13,396487.88214034523,465.6766120859538,396022.2055282593,XLU,5203
2024-11-14,395123.1823036143,465.6766120859538,394657.5056915283,XLU,5203
2024-11-15,401037.0139152476,465.6766120859538,400571.3373031616,XLU,5203
2024-11-18,404524.6022178599,465.6766120859538,404058.9256057739,XLU,5203
2024-11-19,407102.40386123146,465.6766120859538,406636.7272491455,XLU,5203
2024-11-20,407304.5742637583,465.6766120859538,406838.89765167236,XLU,5203
2024-11-21,414380.9353095957,465.6766120859538,413915.25869750977,XLU,5203
2024-11-22,412156.9417945811,465.6766120859538,411691.2651824951,XLU,5203
2024-11-25,412915.0907279917,465.6766120859538,412449.41411590576,XLU,5203
2024-11-26,419486.0059196421,465.6766120859538,419020.32930755615,XLU,5203
2024-11-27,419486.0059196421,465.6766120859538,419020.32930755615,XLU,5203
2024-11-29,419637.6436454722,465.6766120859538,419171.96703338623,XLU,5203
2024-12-02,410640.60423202004,465.6766120859538,410174.9276199341,XLU,5203
2024-12-03,407102.40386123146,465.6766120859538,406636.7272491455,XLU,5203
2024-12-04,407051.91088027443,465.6766120859538,406586.2342681885,XLU,5203
2024-12-05,408315.5056678721,465.6766120859538,407849.82905578613,XLU,5203
2024-12-06,403260.9677345225,465.6766120859538,402795.2911224365,XLU,5203
2024-12-09,398206.4694969126,465.6766120859538,397740.79288482666,XLU,5203
2024-12-10,395325.35270614113,465.6766120859538,394859.6760940552,XLU,5203
2024-12-11,392848.6164161631,465.6766120859538,392382.93980407715,XLU,5203
2024-12-12,392646.4063178965,465.6766120859538,392180.72970581055,XLU,5203
2024-12-13,392899.1887885996,465.6766120859538,392433.5121765137,XLU,5203
2024-12-16,389765.3689186045,465.6766120859538,389299.69230651855,XLU,5203
2024-12-17,388147.8866111704,465.6766120859538,387682.2099990845,XLU,5203
2024-12-18,378999.24916762795,465.6766120859538,378533.572555542,XLU,5203
2024-12-19,380717.8365241953,465.6766120859538,380252.1599121094,XLU,5203
2024-12-20,386783.18677443947,465.6766120859538,386317.5101623535,XLU,5203
2024-12-23,388098.0684577891,465.6766120859538,387632.3918457031,XLU,5203
2024-12-24,390238.5818321177,465.6766120859538,389772.90522003174,XLU,5203
2024-12-26,389321.21328658547,465.6766120859538,388855.5366744995,XLU,5203
2024-12-27,388200.0468131968,465.6766120859538,387734.37020111084,XLU,5203
2024-12-30,386569.1870414683,465.6766120859538,386103.5104293823,XLU,5203
